Subcarrier_1,Subcarrier_2,Subcarrier_3,Subcarrier_4,Subcarrier_5,Subcarrier_6,Subcarrier_7,Subcarrier_8,Subcarrier_9,Subcarrier_10,Subcarrier_11,Subcarrier_12,Subcarrier_13,Subcarrier_14,Subcarrier_15,Subcarrier_16,Subcarrier_17,Subcarrier_18,Subcarrier_19,Subcarrier_20,Subcarrier_21,Subcarrier_22,Subcarrier_23,Subcarrier_24,Subcarrier_25,Subcarrier_26,Subcarrier_27,Subcarrier_28,Subcarrier_29,Subcarrier_30,Subcarrier_31,Subcarrier_32,Subcarrier_33,Subcarrier_34,Subcarrier_35,Subcarrier_36,Subcarrier_37,Subcarrier_38,Subcarrier_39,Subcarrier_40,Subcarrier_41,Subcarrier_42,Subcarrier_43,Subcarrier_44,Subcarrier_45,Subcarrier_46,Subcarrier_47,Subcarrier_48,Subcarrier_49,Subcarrier_50,Subcarrier_51,Subcarrier_52,Subcarrier_53,Subcarrier_54,Subcarrier_55,Subcarrier_56,Subcarrier_57,Subcarrier_58,Subcarrier_59,Subcarrier_60,Subcarrier_61,Subcarrier_62,Subcarrier_63,Subcarrier_64,Subcarrier_65,Subcarrier_66,Subcarrier_67,Subcarrier_68,Subcarrier_69,Subcarrier_70,Subcarrier_71,Subcarrier_72,Subcarrier_73,Subcarrier_74,Subcarrier_75,Subcarrier_76,Subcarrier_77,Subcarrier_78,Subcarrier_79,Subcarrier_80,Subcarrier_81,Subcarrier_82,Subcarrier_83,Subcarrier_84,Subcarrier_85,Subcarrier_86,Subcarrier_87,Subcarrier_88,Subcarrier_89,Subcarrier_90,Subcarrier_91,Subcarrier_92,Subcarrier_93,Subcarrier_94,Subcarrier_95,Subcarrier_96,Subcarrier_97,Subcarrier_98,Subcarrier_99,Subcarrier_100,Subcarrier_101,Subcarrier_102,Subcarrier_103,Subcarrier_104,Subcarrier_105,Subcarrier_106,Subcarrier_107,Subcarrier_108,Subcarrier_109,Subcarrier_110,Subcarrier_111,Subcarrier_112,Subcarrier_113,Subcarrier_114,Subcarrier_115,Subcarrier_116,Subcarrier_117,Subcarrier_118,Subcarrier_119,Subcarrier_120,Subcarrier_121,Subcarrier_122,Subcarrier_123,Subcarrier_124,Subcarrier_125,Subcarrier_126,Subcarrier_127,Subcarrier_128,Subcarrier_129,Subcarrier_130,Subcarrier_131,Subcarrier_132,Subcarrier_133,Subcarrier_134,Subcarrier_135,Subcarrier_136,Subcarrier_137,Subcarrier_138,Subcarrier_139,Subcarrier_140,Subcarrier_141,Subcarrier_142,Subcarrier_143,Subcarrier_144,Subcarrier_145,Subcarrier_146,Subcarrier_147,Subcarrier_148,Subcarrier_149,Subcarrier_150,Subcarrier_151,Subcarrier_152,Subcarrier_153,Subcarrier_154,Subcarrier_155,Subcarrier_156,Subcarrier_157,Subcarrier_158,Subcarrier_159,Subcarrier_160,Subcarrier_161,Subcarrier_162,Subcarrier_163,Subcarrier_164,Subcarrier_165,Subcarrier_166,Subcarrier_167,Subcarrier_168,Subcarrier_169,Subcarrier_170,Subcarrier_171,Subcarrier_172,Subcarrier_173,Subcarrier_174,Subcarrier_175,Subcarrier_176,Subcarrier_177,Subcarrier_178,Subcarrier_179,Subcarrier_180,Subcarrier_181,Subcarrier_182,Subcarrier_183,Subcarrier_184,Subcarrier_185,Subcarrier_186,Subcarrier_187,Subcarrier_188,Subcarrier_189,Subcarrier_190,Subcarrier_191,Subcarrier_192,Subcarrier_193,Subcarrier_194,Subcarrier_195,Subcarrier_196,Subcarrier_197,Subcarrier_198,Subcarrier_199,Subcarrier_200,Subcarrier_201,Subcarrier_202,Subcarrier_203,Subcarrier_204,Subcarrier_205,Subcarrier_206,Subcarrier_207,Subcarrier_208,Subcarrier_209,Subcarrier_210,Subcarrier_211,Subcarrier_212,Subcarrier_213,Subcarrier_214,Subcarrier_215,Subcarrier_216,Subcarrier_217,Subcarrier_218,Subcarrier_219,Subcarrier_220,Subcarrier_221,Subcarrier_222,Subcarrier_223,Subcarrier_224,Subcarrier_225,Subcarrier_226,Subcarrier_227,Subcarrier_228,Subcarrier_229,Subcarrier_230,Subcarrier_231,Subcarrier_232,Subcarrier_233,Subcarrier_234,Subcarrier_235,Subcarrier_236,Subcarrier_237,Subcarrier_238,Subcarrier_239,Subcarrier_240,Subcarrier_241,Subcarrier_242,Subcarrier_243,Subcarrier_244,Subcarrier_245,Subcarrier_246,Subcarrier_247,Subcarrier_248,Subcarrier_249,Subcarrier_250,Subcarrier_251,Subcarrier_252,Subcarrier_253,Subcarrier_254,Subcarrier_255,Subcarrier_256
242,141,5,649,912,629,3,578,712,331,274,128,627,178,388,724,670,290,187,510,502,199,164,324,137,267,581,520,58,546,942,893,394,295,811,898,544,29,469,171,205,189,398,267,76,400,507,376,90,206,390,409,294,120,21,66,57,76,151,265,341,303,118,184,466,600,473,101,333,589,527,172,257,507,434,421,348,609,524,118,385,698,639,278,170,443,452,264,52,74,75,3,39,8,158,306,315,98,234,465,405,63,336,623,306,158,564,587,168,454,844,680,22,694,944,559,157,661,622,178,244,328,118,22,12,51,4,12,30,2,30,5,48,1,21,131,171,19,219,321,144,208,456,381,24,352,465,252,90,273,177,48,169,563,236,387,231,166,514,549,198,288,585,468,46,384,519,278,134,400,342,36,276,327,99,229,395,258,97,410,463,209,218,465,381,18,356,449,184,243,518,420,3,468,648,405,97,540,630,318,155,452,374,3,345,362,4,461,666,413,188,738,874,492,187,708,741,593,340,640,396,236,772,784,213,600,1116,983,278,565,1021,848,198,462,687,347,263,654,518,70,710,943,584,131,745,466,489,161,617,583,124,440,707,487,93,21
73,20,94,289,428,490,459,345,166,39,236,588,480,496,443,344,208,53,99,241,351,407,408,330,192,21,149,290,346,310,182,8,206,354,389,296,96,142,339,343,382,227,29,145,247,252,184,80,5,43,45,29,15,22,46,77,84,53,9,81,129,123,62,29,111,153,132,62,25,90,107,92,41,12,48,37,54,29,0,33,67,95,104,87,42,32,106,155,171,133,60,26,103,146,142,101,45,15,53,63,52,16,13,49,25,0,36,63,76,77,58,35,3,35,77,120,144,126,63,35,129,180,166,8,3,23,4,9,29,3,5,6,19,15,9,17,25,1,45,82,80,31,46,122,148,114,32,56,106,96,37,38,77,239,11,106,168,156,64,72,196,242,203,88,33,109,95,25,54,77,8,134,292,391,366,208,52,330,535,588,476,392,68,313,423,370,193,27,192,235,149,20,188,290,290,200,86,2,36,28,31,88,217,403,554,597,478,200,170,530,764,800,623,306,49,323,447,703,227,3,192,292,272,153,39,234,384,445,422,324,194,70,47,166,293,436,563,633,600,438,177,135,420,614,677,1066,423,191,40,214,292,262,144,19,165,58
94,98,335,378,417,451,478,496,502,500,491,593,445,416,380,340,299,259,217,182,147,109,80,55,36,24,17,19,26,50,72,110,148,188,233,271,308,341,365,487,384,377,349,325,291,250,204,157,112,79,40,18,0,8,12,5,3,22,42,57,77,97,107,121,128,126,124,117,107,97,82,65,50,36,20,51,7,13,24,29,27,27,24,21,15,13,12,9,10,15,21,31,39,52,60,67,76,82,81,83,75,73,63,99,44,36,32,27,24,29,35,41,48,58,69,77,82,87,83,77,69,58,44,7,1,13,9,31,6,4,8,26,10,1,32,20,7,7,25,44,62,77,93,112,120,129,127,128,113,95,72,41,8,58,66,103,132,162,184,193,196,186,174,148,116,84,47,8,25,51,74,88,94,86,78,57,29,2,36,70,103,61,168,189,211,225,235,238,233,227,215,202,187,173,159,149,140,138,141,156,170,195,224,258,295,331,365,403,424,450,456,459,456,441,423,401,376,1029,320,302,284,271,264,267,276,285,306,323,350,370,391,406,419,433,439,438,433,425,405,384,362,331,301,263,234,82,171,141,119,102,98,103,116,135,163,99
7,15,336,261,166,62,29,131,216,290,340,90,390,369,329,252,163,48,75,207,345,479,601,710,785,846,879,880,863,819,743,636,513,375,231,83,47,170,277,1160,411,439,439,411,355,280,182,66,57,182,308,418,520,602,662,698,705,687,640,569,484,387,282,168,55,53,157,245,319,371,406,412,395,357,297,253,142,56,34,118,195,267,317,349,361,346,314,258,186,96,6,90,173,247,302,334,338,315,264,182,76,34,152,765,346,407,430,419,360,263,127,22,173,302,400,449,447,394,290,153,2,145,272,1,2,4,0,1,1,0,1,0,1,1,68,0,74,132,169,168,136,73,6,101,190,272,335,366,367,339,278,199,100,71,100,191,270,326,362,376,364,338,296,235,169,97,26,32,87,122,147,156,151,131,95,45,14,82,154,227,298,455,409,445,466,466,456,424,380,320,245,164,73,22,113,202,276,337,379,398,402,374,330,266,181,85,23,128,239,338,423,495,544,570,578,552,508,672,357,256,156,47,48,149,227,296,357,392,399,398,369,328,268,199,122,52,21,87,140,186,210,226,216,187,145,417,28,44,123,204,291,358,425,458,477,0
107,113,344,170,702,908,695,129,504,915,957,902,78,505,901,943,617,41,529,861,810,443,57,503,713,614,238,269,640,637,231,341,717,603,43,579,821,499,151,858,762,352,218,573,510,183,152,276,199,56,12,17,33,43,154,193,90,127,277,218,27,276,305,89,205,346,237,33,234,251,107,54,118,71,6,77,36,6,48,73,105,74,12,150,243,212,45,174,314,278,88,141,271,241,84,106,203,161,30,99,117,30,73,85,11,98,145,83,36,124,146,111,54,17,139,236,242,76,192,375,304,9,302,25,11,14,83,68,21,3,35,23,25,4,30,104,135,37,99,174,109,43,182,195,65,118,218,145,30,161,134,20,128,507,119,236,116,184,408,343,14,385,481,236,134,310,204,22,111,72,308,308,56,582,829,526,223,936,1116,599,285,669,1006,418,312,695,511,12,423,381,37,472,553,233,245,545,494,256,61,2,50,273,642,880,654,113,1053,1564,1219,160,1036,1618,1275,280,718,1111,782,998,489,534,131,366,590,350,158,655,829,608,109,417,756,862,701,361,116,642,1064,1164,777,20,911,1437,1305,561,406,1106,1146,664,16,523,633,349,61,326,265,54
5,31,61,272,456,606,713,768,766,708,599,230,257,50,156,350,516,643,726,755,732,649,523,365,179,33,230,409,555,662,723,731,686,581,441,271,83,103,294,39,583,663,687,663,604,488,341,172,12,184,348,481,577,626,632,597,513,399,249,83,79,241,379,494,571,593,576,516,423,294,154,4,161,314,438,921,572,571,532,454,337,190,27,143,305,436,533,589,601,552,451,304,132,55,242,408,544,631,641,588,470,298,85,330,349,517,616,646,598,455,255,18,208,397,518,561,507,371,179,26,215,354,410,0,1,0,1,1,0,0,0,1,0,2,247,311,311,244,127,20,173,299,382,409,367,273,138,20,173,299,392,439,428,545,269,141,1,135,257,350,405,423,406,347,262,146,18,104,218,306,375,413,421,388,327,241,134,16,102,214,314,199,437,449,430,377,299,202,75,57,189,305,411,482,514,508,463,386,281,149,2,158,310,435,530,586,597,561,490,369,223,59,120,289,442,562,631,732,641,567,453,302,128,53,234,403,535,629,683,679,628,530,396,231,55,127,297,451,575,659,700,690,638,528,382,439,16,177,354,514,641,727,760,735,659,12
108,103,671,650,562,382,188,28,242,432,590,1177,783,832,867,861,829,752,629,465,271,58,155,350,497,604,651,655,599,478,296,62,196,445,633,750,729,589,351,519,207,424,545,566,493,356,204,64,32,89,75,39,8,31,34,2,74,130,179,169,102,8,152,271,351,335,258,122,14,122,169,150,81,8,90,36,151,152,138,127,124,123,126,102,52,24,114,197,262,304,305,277,213,138,50,37,102,140,145,109,59,1,43,73,44,2,58,109,139,147,155,168,181,203,214,201,144,41,88,219,312,345,314,9,1,8,0,5,6,22,3,6,28,19,72,61,14,60,137,190,194,151,55,72,191,256,272,214,107,16,116,153,136,203,54,156,203,170,58,108,293,423,481,427,300,124,34,122,112,12,207,417,571,597,475,217,144,525,845,1057,1095,914,697,362,10,282,449,481,373,159,105,354,535,606,555,429,269,133,72,110,225,341,421,386,182,156,588,1031,1393,1599,1593,1401,1050,629,191,196,455,1805,593,458,215,79,378,635,807,853,781,618,417,217,84,10,16,25,62,182,401,674,979,1241,1422,1460,1360,1139,822,1471,164,103,305,411,441,375,258,73,126,134
5,24,206,73,55,183,302,416,524,610,686,1222,771,775,760,721,662,585,494,391,274,152,25,98,220,341,441,534,612,670,712,733,736,706,658,593,518,436,326,704,93,28,141,251,352,444,520,585,629,650,655,637,612,561,499,425,335,241,137,29,74,172,267,353,432,494,540,568,583,577,560,531,482,412,338,85,144,48,58,159,258,351,432,504,558,580,592,584,559,506,432,340,228,105,24,153,281,406,511,589,639,653,631,612,484,358,210,49,111,275,416,516,577,593,555,468,344,191,28,129,263,357,402,3,0,0,1,0,0,0,1,0,0,1,207,284,328,330,297,225,127,22,96,212,306,377,423,431,413,363,291,203,106,111,99,194,279,341,385,416,423,416,395,353,302,233,159,83,4,71,144,215,283,336,378,411,426,432,420,398,368,325,265,202,130,58,17,96,180,255,326,388,447,487,510,520,517,498,464,416,353,277,187,94,11,115,218,316,404,484,544,597,632,639,634,610,562,533,422,330,223,110,2,116,229,336,434,515,588,636,668,681,679,661,615,559,492,403,310,204,92,22,143,253,362,254,547,616,677,718,742,748,732,689,630,9
198,61,1493,1635,1642,1538,1348,1056,709,309,112,1668,894,1213,1447,1581,1620,1552,1398,1150,821,445,44,343,733,1070,1322,1481,1554,1538,1424,1206,930,556,180,202,576,902,1190,884,1479,1474,1363,1187,948,623,273,86,442,756,1028,1218,1340,1359,1302,1167,949,688,372,27,296,608,868,1078,1221,1269,1234,1109,924,684,416,103,221,535,812,1837,1164,1226,1210,1114,931,685,389,54,292,603,885,1102,1260,1305,1246,1072,807,482,96,293,678,1009,1247,1368,1358,1214,941,1201,127,348,758,1093,1317,1354,1230,939,534,79,382,768,1022,1107,1011,763,399,8,389,8,6,2,0,0,3,1,4,2,1,2,534,663,658,524,287,6,325,597,795,881,839,669,427,120,196,492,722,880,940,1228,767,569,309,17,260,490,702,829,908,890,814,664,469,239,8,243,470,656,802,882,898,857,752,604,420,191,49,78,526,715,859,947,979,962,858,707,508,260,5,273,544,778,959,1095,1161,1143,1056,873,641,352,33,299,611,889,1115,1267,1337,1325,1203,992,734,423,65,433,653,947,1188,1346,1415,1403,1305,1102,837,510,160,199,556,884,1153,1347,1442,1449,1387,1218,975,684,347,21,390,741,1059,1033,1473,1535,1525,1411,1212,921,577,193,197,23
34,28,368,519,635,715,763,765,750,677,580,241,302,136,30,199,355,493,604,689,736,756,731,673,584,451,312,156,2,161,312,451,562,645,701,709,695,652,562,829,318,170,15,135,278,404,514,598,643,661,642,589,518,413,299,171,25,107,239,356,454,526,578,597,592,548,479,388,279,156,31,100,232,345,448,925,561,577,567,526,455,352,237,103,39,182,312,428,525,590,617,605,547,458,332,184,17,151,323,461,573,635,651,583,514,367,191,10,208,384,523,596,600,545,421,250,57,131,297,407,455,425,330,0,1,2,2,0,0,0,0,1,0,2,279,310,293,217,109,21,156,272,359,409,405,352,268,146,11,117,237,339,406,578,439,396,325,231,119,9,101,205,293,359,406,420,414,384,327,253,170,71,31,131,221,299,361,407,431,431,414,336,311,230,141,40,62,163,261,348,424,471,508,507,484,433,356,266,162,38,82,207,332,429,515,573,600,599,569,499,409,297,156,18,126,275,394,601,599,649,671,655,608,533,427,296,159,11,144,279,408,520,606,665,692,678,637,564,466,353,218,67,86,239,383,309,613,681,722,731,708,645,562,438,299,14
33,57,315,533,687,761,749,662,515,330,109,119,348,527,680,743,748,687,589,445,293,113,72,257,428,552,608,554,427,216,42,287,476,562,525,357,120,156,397,609,607,524,339,116,99,245,296,265,178,101,55,46,73,102,89,46,48,148,222,236,183,80,61,196,291,309,245,135,8,90,130,87,33,41,79,106,49,26,6,7,11,7,24,97,178,232,243,206,120,18,83,164,208,218,185,140,73,10,58,102,97,68,7,262,132,130,78,14,99,149,161,144,129,106,92,63,19,93,203,294,309,247,116,82,44,0,63,28,12,23,6,61,35,29,32,80,87,38,44,126,166,139,56,46,136,174,165,109,27,43,79,85,42,59,84,124,93,5,140,277,363,352,237,56,117,217,215,107,39,141,140,6,218,470,655,712,597,317,51,425,717,569,788,555,224,104,355,454,366,159,116,361,500,495,376,186,26,58,50,13,52,30,117,366,676,952,1131,1136,950,578,84,447,876,1123,1122,885,495,969,299,488,498,350,106,161,413,600,704,721,651,500,338,176,48,45,147,287,503,761,1011,1186,1215,1066,767,363,47,1,625,728,698,563,349,122,94,252,322,23
163,26,687,607,397,90,246,553,795,933,965,1386,791,618,403,157,102,347,554,726,819,834,765,599,361,58,242,505,662,691,553,304,29,358,621,715,649,393,36,1048,636,769,726,524,244,32,211,295,267,156,58,24,48,115,181,198,134,0,158,285,311,238,74,109,257,326,282,156,5,112,168,131,54,31,92,41,83,33,3,27,56,94,140,191,236,226,155,27,129,270,369,382,316,202,55,77,169,213,194,133,51,23,66,257,33,31,102,145,154,152,135,101,48,22,122,236,334,370,320,175,32,235,375,22,74,15,15,25,46,60,29,52,14,17,30,21,88,142,161,120,23,85,175,201,145,39,82,181,196,127,16,90,130,520,17,171,278,292,192,7,240,428,500,414,222,0,160,186,71,121,284,320,179,128,512,866,1047,984,677,198,338,440,981,951,683,279,136,416,485,341,39,295,549,647,559,362,120,42,91,34,33,49,98,413,817,1211,1455,1425,1092,488,237,918,1377,1511,1311,864,301,1614,545,639,484,185,189,522,733,790,710,517,296,66,123,281,421,581,771,966,1139,1239,1184,963,561,47,498,956,1249,1750,1205,913,533,140,180,402,452,367,142,75
8,24,24,169,302,431,545,646,723,780,818,1145,800,758,690,600,490,370,239,104,41,181,313,431,538,629,698,749,781,780,761,718,652,557,452,334,204,84,56,333,311,425,517,593,658,694,711,711,681,627,559,470,376,272,155,40,78,191,303,396,474,540,588,621,638,627,597,547,480,402,312,214,106,11,119,635,331,420,497,559,600,622,622,598,555,476,389,289,174,39,97,231,352,464,556,622,663,676,652,592,492,365,208,479,131,299,450,566,646,675,656,573,450,294,118,67,239,376,474,509,484,405,278,1,2,4,1,1,0,0,0,2,3,1,61,175,278,347,380,364,310,227,117,9,135,250,350,422,459,463,435,380,300,371,99,10,116,210,295,360,407,439,451,441,415,367,308,235,154,72,11,96,181,258,323,377,417,447,457,454,443,365,365,309,242,168,85,0,91,181,268,348,423,482,520,549,554,551,530,487,428,350,257,160,44,67,186,300,402,492,565,629,668,678,678,655,599,562,443,337,219,92,30,159,281,398,496,580,651,694,719,723,707,670,608,531,443,334,223,99,26,154,276,397,507,426,678,732,768,782,776,744,694,621,526,0
28,4,705,753,772,767,735,673,598,489,372,128,99,42,179,310,433,536,621,687,730,754,744,716,655,576,477,370,248,116,18,151,278,394,497,574,648,690,712,716,670,615,537,444,343,223,103,18,140,258,360,448,523,582,618,632,621,599,546,478,394,297,198,94,16,127,232,326,408,477,533,565,586,575,553,596,435,354,260,155,39,75,192,301,397,481,541,585,605,598,564,503,413,299,166,30,116,257,392,501,586,634,651,567,554,440,296,126,48,224,381,496,567,591,552,468,334,176,7,158,291,379,407,2,0,0,3,1,2,0,1,1,3,1,100,207,292,337,347,312,244,144,29,98,214,312,387,427,433,410,350,275,176,194,38,141,239,316,374,410,424,420,399,352,297,221,145,61,23,106,187,260,325,372,406,425,425,414,386,346,294,292,156,71,7,94,174,255,329,393,450,482,505,508,489,459,400,337,262,169,72,33,145,250,349,438,513,571,608,619,612,584,530,463,372,270,149,13,98,216,338,437,524,594,645,671,678,655,620,557,478,380,273,153,27,94,215,327,430,524,599,660,698,712,706,762,625,552,457,349,225,97,39,176,306,0
31,45,298,341,391,430,462,489,510,519,522,708,508,503,491,471,458,440,421,396,373,345,324,293,280,257,250,244,252,262,276,294,303,318,316,302,283,259,217,161,136,98,57,27,3,14,21,23,19,8,5,17,34,48,61,62,60,52,37,12,5,38,70,103,127,147,163,165,151,136,113,85,56,28,1,110,20,29,24,15,9,6,12,11,2,6,24,46,65,90,104,121,134,142,151,146,141,137,123,108,93,70,47,265,1,19,39,49,61,67,64,58,54,55,53,62,76,100,124,153,177,192,202,24,3,21,11,0,11,5,10,0,0,21,8,26,45,63,72,76,69,59,42,25,0,15,37,48,51,57,49,39,19,99,34,68,102,137,167,191,206,209,198,177,139,97,48,1,41,80,99,106,100,67,27,30,90,156,219,277,318,186,381,389,383,368,339,301,256,204,146,86,38,6,45,70,70,51,10,51,132,228,333,442,542,634,717,772,810,819,811,780,725,654,571,472,370,140,159,55,39,128,208,274,325,367,402,410,409,399,372,341,298,247,192,144,89,35,6,38,68,85,100,110,101,525,88,80,65,48,26,0,36,68,108,46
79,22,686,754,774,749,692,585,458,293,118,582,236,401,542,652,721,757,749,706,617,502,357,196,25,151,316,460,580,667,723,731,709,630,535,399,252,97,75,262,386,506,601,655,682,665,617,533,419,283,137,18,165,304,426,518,583,620,619,581,516,417,303,175,36,106,241,355,453,523,570,584,566,513,432,224,194,59,85,222,350,456,536,581,593,559,495,398,276,125,35,196,345,470,564,617,626,588,501,364,192,6,189,99,519,615,651,622,530,375,180,35,238,404,516,556,521,419,262,70,114,273,367,4,0,0,0,1,2,0,0,3,2,1,100,221,307,340,320,250,138,1,139,271,364,416,422,376,293,179,43,90,214,351,395,432,435,396,330,240,134,18,92,197,288,358,404,421,412,372,322,242,146,44,61,161,254,332,390,426,440,343,395,331,256,161,57,50,162,264,359,430,489,510,508,472,408,326,221,100,31,166,295,408,500,567,599,602,566,496,395,272,128,24,178,326,451,640,635,666,666,621,552,444,323,169,14,144,296,424,541,623,678,690,668,606,515,398,262,107,52,209,360,492,603,589,721,719,691,616,512,376,227,55,118,12
57,21,655,733,771,763,730,652,547,410,253,363,88,251,402,526,633,710,750,759,726,657,560,433,290,118,39,198,341,469,584,666,715,725,701,639,550,448,307,642,1,153,296,420,523,605,653,669,652,596,523,413,295,162,25,109,242,359,464,537,582,600,591,558,495,400,289,166,41,90,211,327,428,509,562,893,569,531,468,382,272,143,8,132,269,384,485,556,604,608,575,503,397,267,112,51,221,375,508,598,639,641,586,627,329,144,43,236,407,538,616,613,552,427,258,62,132,299,417,469,454,375,235,2,0,1,0,0,0,1,0,1,2,0,280,221,119,8,139,256,344,387,386,341,244,123,10,149,270,361,421,440,422,542,289,183,67,52,164,259,338,394,423,422,397,344,275,186,90,9,106,198,280,348,396,423,427,408,373,313,239,245,50,51,145,238,321,394,443,477,486,468,440,371,287,182,65,55,172,287,389,477,542,579,583,562,508,430,330,208,73,67,215,346,463,558,622,734,665,629,563,467,356,221,76,80,229,359,480,570,642,678,683,659,599,512,404,272,131,18,170,314,445,556,644,638,726,713,671,602,499,369,216,56,105,4
319,110,530,731,705,428,6,477,845,1031,992,1060,369,85,521,835,998,940,690,303,117,476,712,767,647,383,31,317,540,557,336,19,362,530,433,75,353,651,677,191,10,441,632,591,328,1,233,277,176,33,35,9,99,156,129,11,101,154,69,67,151,112,47,207,291,208,27,153,249,221,111,19,98,96,46,73,70,95,67,30,31,105,186,248,247,174,1,226,423,491,384,127,181,422,482,352,107,137,266,242,99,60,130,358,33,153,202,145,29,81,145,172,180,176,144,42,131,312,388,285,29,255,414,72,18,8,58,23,16,25,3,31,15,17,32,7,62,107,77,13,117,161,99,34,143,146,39,105,188,141,2,157,214,328,75,257,295,139,135,388,475,316,1,299,417,307,68,115,107,62,267,302,51,375,751,851,552,63,722,1132,1107,654,57,669,936,757,272,250,536,436,44,404,649,560,215,189,449,481,381,310,358,476,515,317,194,851,1395,1532,1123,261,730,1471,1667,1245,432,401,922,1517,545,32,486,595,347,119,580,841,799,516,95,300,574,747,804,816,733,527,139,404,980,1391,1461,1116,448,339,998,1610,1255,849,294,225,547,599,409,100,159,15
13,51,123,477,789,1071,1295,1447,1537,1528,1462,1368,1098,834,524,195,147,480,775,1047,1262,1421,1497,1490,1409,1246,1037,787,501,192,137,461,759,1010,1218,1336,1413,1415,1344,1663,987,734,439,141,156,458,723,956,1138,1246,1301,1272,1196,1062,877,653,380,112,174,437,674,878,1039,1143,1199,1168,1091,949,774,547,309,46,230,478,716,1741,1044,1127,1158,1125,1029,868,668,416,133,160,444,707,938,1115,1213,1240,1173,1041,813,537,212,136,485,799,1056,1223,1303,1095,1116,851,515,131,276,652,964,1146,1204,1121,904,583,203,180,525,769,892,869,696,3,0,0,0,1,1,0,4,4,6,3,245,472,637,674,636,478,253,11,282,539,720,830,852,767,614,400,139,127,375,625,759,847,875,836,726,579,385,173,39,258,457,617,743,814,837,809,743,631,480,300,111,89,287,465,622,745,836,595,887,834,743,610,447,260,47,166,381,583,765,908,995,1035,1016,955,849,684,485,238,25,288,552,786,981,1120,1220,1238,1193,1098,922,709,452,156,143,579,718,954,1149,1266,1340,1337,1272,1126,939,691,407,111,194,485,750,994,1181,1305,1370,1364,1298,1169,991,749,474,173,141,14,739,993,1209,1365,1464,1481,1444,1310,1134,23
9,56,407,705,972,1200,1376,1480,1539,1515,1438,1335,1108,865,584,284,36,343,630,891,1128,1308,1430,1491,1479,1400,1277,1100,897,639,360,52,241,538,795,1006,1200,1333,1399,1362,1346,1241,1068,862,637,362,88,188,458,698,907,1075,1191,1257,1273,1232,1138,1011,822,604,362,113,136,372,608,805,963,1070,1138,1155,1138,1059,944,770,573,86,79,166,409,630,831,994,1113,1180,1178,1117,994,830,621,362,74,212,492,754,977,1136,1239,1270,1214,1060,829,551,202,750,514,827,1082,1234,1294,1216,1029,737,379,3,367,690,912,1018,992,848,593,271,62,8,0,2,1,0,4,3,2,8,5,3,131,119,361,557,692,730,672,533,332,83,180,435,640,794,868,868,784,635,448,506,7,225,438,605,738,816,845,818,763,647,507,325,137,56,242,407,557,684,779,837,849,828,756,659,529,372,203,319,169,348,520,658,779,875,936,957,942,872,773,625,442,235,19,212,429,633,822,970,1096,1158,1174,1134,1033,897,719,494,251,5,288,546,786,997,1154,1433,1339,1321,1261,1136,967,765,525,245,28,305,575,810,1018,1178,1298,1365,1375,1316,1219,1058,856,633,371,90,196,471,740,604,1167,1318,1415,1469,1461,1382,1254,1060,827,18
159,58,116,291,416,460,406,271,82,128,317,475,533,523,447,335,186,27,121,260,369,435,431,356,223,36,157,298,355,291,134,73,245,337,292,129,94,302,405,320,235,19,174,290,298,220,99,0,54,41,1,41,42,6,43,81,83,47,6,51,50,1,66,122,135,82,0,79,114,95,39,30,74,80,42,2,36,57,52,42,33,30,21,16,74,129,178,165,102,14,153,260,299,252,134,11,137,201,178,102,1,72,87,218,9,64,89,78,36,3,39,58,74,86,96,81,38,37,126,197,207,148,38,9,13,25,20,3,2,4,9,63,13,33,33,1,43,56,33,12,62,78,57,5,48,78,64,16,38,67,55,5,62,213,98,25,72,156,180,125,11,115,200,203,128,20,67,85,39,36,69,25,105,276,408,419,277,12,298,536,617,498,237,81,331,432,355,146,88,255,294,184,1,179,277,275,196,98,37,20,38,19,77,256,474,641,662,496,146,282,668,878,851,606,221,148,405,994,353,125,115,279,308,208,15,191,362,449,452,390,283,157,31,107,258,415,560,649,649,525,290,37,358,619,746,1189,530,258,31,249,362,343,217,47,109,13
87,12,710,621,489,314,127,75,266,442,596,1233,760,772,726,631,500,332,149,47,240,410,560,668,733,741,703,621,498,344,170,19,203,378,517,621,692,717,688,836,488,338,165,6,180,342,484,582,645,656,634,558,453,320,170,5,158,306,435,527,583,600,582,525,433,304,162,5,144,286,404,503,564,584,569,605,404,281,135,19,178,317,444,534,591,585,549,467,347,186,11,165,333,472,573,624,620,560,440,280,77,124,323,40,606,653,619,515,354,138,88,299,466,563,576,500,354,164,43,234,369,430,400,0,0,1,0,0,1,1,0,2,2,2,273,313,286,202,73,67,211,324,396,404,354,249,110,43,188,307,394,435,426,560,283,160,26,112,230,327,392,421,420,378,307,209,96,22,138,238,322,384,419,419,391,332,253,152,42,74,187,77,372,425,454,450,415,361,267,162,37,90,217,331,429,489,521,524,484,413,309,181,34,121,272,405,513,585,620,604,551,456,325,170,7,164,325,553,580,644,672,642,579,476,339,171,1,175,337,472,588,656,685,670,604,502,371,212,39,131,302,454,581,666,714,729,672,573,444,281,102,92,277,450,588,11
35,10,276,354,412,449,467,462,443,411,372,549,292,254,215,181,149,122,81,35,2,46,96,143,196,245,288,316,332,325,293,232,142,31,94,216,319,390,425,350,357,270,164,65,21,75,95,92,60,17,25,62,75,70,47,15,21,53,71,76,68,37,12,51,94,124,138,130,99,56,10,30,61,65,59,96,14,12,30,39,41,43,50,70,104,145,189,224,253,256,235,200,150,90,31,28,73,106,119,117,95,51,3,348,93,125,139,132,108,80,56,40,35,35,32,22,8,55,116,175,217,232,212,18,32,18,13,12,5,3,22,23,2,32,13,30,48,49,42,19,11,44,62,76,70,49,20,10,37,56,61,50,28,34,50,92,130,150,147,117,60,12,89,155,194,194,160,101,28,37,72,70,15,76,198,325,445,527,564,546,477,405,220,60,85,204,283,315,285,214,105,20,139,236,297,320,305,270,220,193,195,233,306,414,535,656,751,800,795,736,615,454,258,59,129,279,385,980,424,359,259,131,6,128,238,331,392,438,458,460,455,445,447,451,477,510,549,588,618,627,608,549,466,347,215,419,50,158,239,290,305,296,250,186,106,72
14,7,794,518,9,507,796,745,363,179,642,1158,639,182,356,731,787,498,6,505,781,719,340,179,622,788,603,163,349,708,760,481,4,486,748,673,311,182,602,716,567,141,340,667,702,420,36,467,688,611,267,196,563,680,503,110,324,615,633,373,45,434,630,550,226,194,525,620,444,76,325,590,590,324,81,884,618,505,165,245,554,609,387,17,416,623,540,207,233,576,642,401,32,456,657,542,151,323,642,637,305,187,587,561,409,90,538,690,460,26,487,653,435,20,453,595,370,65,429,501,246,144,407,4,1,1,1,0,4,3,3,1,1,0,51,219,347,237,40,316,399,228,94,375,427,230,106,391,457,271,65,365,466,490,7,307,461,382,109,205,420,427,230,77,348,451,338,73,229,420,420,232,72,339,451,361,107,195,414,452,287,145,307,471,426,196,130,405,503,384,88,255,497,525,313,44,382,564,490,198,192,509,609,435,57,351,609,596,316,114,498,674,543,169,281,625,680,434,3,449,699,631,293,176,574,723,551,142,332,663,704,436,25,474,714,651,304,175,578,737,578,166,327,681,746,682,13,471,756,714,359,161,616,812,645,2
66,34,408,593,721,793,817,783,696,553,375,259,49,267,460,621,730,792,799,756,655,505,325,128,81,288,473,621,725,775,775,715,613,453,274,74,130,318,490,288,706,742,714,640,539,380,205,19,170,340,491,595,661,677,653,582,461,322,145,29,195,352,475,570,626,629,592,507,390,246,88,77,240,389,509,971,612,600,545,451,317,155,19,195,359,485,577,632,631,575,463,307,126,69,267,441,577,662,679,627,505,325,106,349,346,534,648,686,646,507,307,65,175,382,527,587,552,430,244,26,182,343,421,1,2,0,1,0,3,0,1,1,1,1,290,206,74,78,226,342,403,392,321,201,43,122,274,390,457,459,405,308,174,140,134,266,374,436,458,437,372,272,157,26,104,229,335,406,443,442,410,345,257,137,15,107,223,325,401,443,463,362,396,313,207,87,45,171,294,401,480,517,536,505,432,326,190,45,112,259,399,505,586,620,607,552,447,307,150,31,206,373,513,615,677,692,645,599,430,264,81,112,294,457,592,683,724,711,655,546,397,217,30,162,343,491,616,694,731,718,665,554,404,225,29,76,358,522,656,741,784,767,708,591,436,18
1,41,349,617,869,1097,1275,1414,1509,1542,1536,1795,1345,1180,978,749,489,217,69,343,604,848,1062,1239,1367,1434,1470,1453,1404,1296,1143,949,726,465,204,59,328,573,807,189,1163,1287,1348,1365,1354,1276,1167,1023,831,615,392,150,93,321,545,747,906,1048,1146,1199,1213,1182,1124,1029,896,722,523,324,106,121,329,532,721,883,1017,1884,1147,1154,1122,1059,937,782,590,376,152,97,344,575,795,978,1131,1220,1249,1228,1134,983,784,531,244,64,376,668,934,333,1276,1311,1259,1114,889,585,235,128,481,778,986,1093,1078,961,747,460,131,192,464,4,8,0,1,7,6,5,6,3,10,3,398,213,17,252,473,643,749,777,723,601,411,185,62,305,514,695,813,877,877,1178,723,572,392,204,4,194,376,539,666,764,829,846,832,776,691,579,453,302,133,37,203,361,501,632,735,811,864,615,882,837,762,660,538,396,229,54,121,312,493,660,804,920,1004,1064,1085,1064,1015,912,772,607,407,191,39,271,488,696,886,1044,1174,1257,1299,1296,1229,1223,984,799,585,349,109,147,390,629,846,1021,1186,1290,1347,1366,1338,1275,1164,1009,832,620,394,150,101,353,602,829,1041,894,1334,1418,1460,1460,1414,1317,1183,996,777,16
18,28,211,390,540,662,754,803,821,790,726,562,485,333,158,17,194,364,511,637,729,789,802,772,713,604,483,335,180,13,165,330,478,596,686,735,752,743,686,880,475,330,171,8,147,302,433,547,630,675,696,671,620,538,434,309,164,24,127,266,382,484,562,613,637,618,571,495,397,276,153,14,129,262,388,913,556,599,614,599,547,459,357,227,80,76,227,365,492,585,644,658,628,561,448,307,139,43,229,399,540,637,693,571,613,483,312,110,103,309,480,591,636,610,510,352,159,46,236,379,460,466,393,0,0,0,0,0,1,0,0,1,0,2,247,323,344,304,222,99,47,185,311,404,440,433,380,278,155,20,125,251,357,523,468,464,424,351,254,145,27,92,198,293,371,421,448,445,412,357,290,201,101,6,112,209,297,371,423,454,465,359,413,349,274,178,74,36,148,254,354,435,502,539,544,525,472,405,314,200,76,62,200,325,444,539,607,644,649,612,552,465,339,197,47,110,260,491,530,621,685,705,701,660,588,476,346,199,36,117,277,415,538,638,701,729,727,689,617,519,395,247,92,71,235,159,521,631,718,768,789,765,710,613,489,7
97,15,201,32,204,409,486,376,127,165,398,631,459,296,72,148,317,417,416,321,140,97,320,444,414,243,14,254,373,310,108,143,288,253,45,206,355,297,53,537,402,357,140,125,286,270,118,41,113,70,16,67,30,63,125,101,4,106,135,63,49,113,92,3,82,93,43,37,75,54,0,44,47,16,20,43,51,33,1,40,91,114,95,16,100,197,217,136,16,177,254,217,86,79,183,192,100,24,116,123,47,46,103,70,4,78,116,87,9,67,121,126,90,23,67,153,190,150,27,125,219,190,60,35,6,4,10,13,12,1,1,4,23,21,0,37,56,24,37,89,80,14,58,82,40,34,79,59,10,72,71,8,65,193,5,93,153,98,42,185,233,146,22,171,207,129,12,50,26,40,59,29,190,316,281,53,272,513,505,238,163,377,539,316,46,328,380,188,93,271,244,34,204,322,256,74,116,207,208,179,181,197,153,10,285,556,653,469,48,449,778,784,465,28,456,623,491,453,172,322,235,11,253,334,202,76,351,488,427,221,43,265,400,445,428,340,165,114,439,692,740,524,100,369,689,1125,534,174,181,393,414,278,76,82,126,30
82,7,475,315,132,67,255,425,578,679,759,1110,742,669,551,397,222,32,155,337,493,618,703,744,739,685,590,460,304,129,54,232,399,530,638,692,714,691,621,841,366,202,27,140,302,441,553,630,660,651,598,510,394,254,99,59,215,356,467,549,592,596,576,509,418,295,154,5,138,278,394,492,561,586,582,644,436,323,183,39,115,260,393,500,567,593,576,520,425,289,128,45,217,373,502,591,632,616,549,424,253,59,149,144,503,613,649,613,515,341,132,90,296,455,546,558,487,348,164,37,223,352,402,2,1,0,0,2,0,0,0,1,0,0,115,12,150,267,345,359,324,233,111,42,187,313,399,431,415,349,243,115,30,119,285,375,427,441,406,347,253,144,25,93,204,300,371,411,419,399,350,276,189,80,29,138,236,323,382,424,438,335,381,306,215,112,3,116,234,334,422,474,509,502,462,389,286,171,39,99,234,358,468,544,590,592,552,480,374,239,89,73,233,382,501,599,646,743,630,552,441,296,141,28,196,353,489,587,659,678,671,605,513,384,232,64,100,265,411,537,634,693,710,681,615,673,372,206,28,156,331,492,622,714,763,5
79,23,703,772,766,693,572,401,204,18,238,1028,596,708,765,763,693,572,409,213,1,212,407,570,676,734,729,674,572,416,230,20,183,372,530,638,707,714,658,836,400,222,26,171,346,495,601,662,661,609,513,369,205,27,149,319,452,558,608,613,564,470,349,200,33,137,296,424,519,574,582,544,464,335,185,283,156,305,434,531,581,579,529,422,282,109,68,245,403,530,604,621,572,466,304,114,93,295,474,596,652,627,528,613,151,85,311,494,615,635,567,412,197,34,256,432,525,519,422,255,46,154,307,2,1,1,0,0,0,1,0,1,3,0,149,265,328,317,245,117,39,195,319,402,412,358,250,100,62,216,336,417,438,579,333,215,75,75,209,318,391,422,419,365,281,165,40,87,206,304,381,416,421,381,315,218,99,22,146,256,354,239,449,443,398,323,219,103,34,168,299,399,477,511,505,457,363,246,101,52,208,348,472,553,589,577,509,408,262,92,83,259,419,546,622,658,622,584,424,266,79,112,295,456,579,657,683,648,572,443,279,91,103,289,451,578,659,690,667,597,480,325,140,58,254,234,577,681,726,719,656,540,387,192,10,14
162,7,14,249,405,390,203,99,374,523,487,562,25,233,407,467,402,232,3,228,393,445,359,149,111,330,418,331,107,166,333,311,107,153,323,280,48,225,380,114,66,207,355,301,112,83,180,156,67,9,5,32,42,5,77,121,99,16,62,92,59,5,45,39,1,41,43,2,41,60,36,13,51,64,31,54,58,81,58,14,48,111,144,110,23,108,216,231,135,33,201,271,203,39,125,203,159,29,87,125,65,40,109,1,29,64,122,117,55,25,97,130,119,53,45,139,184,140,18,123,208,183,65,16,32,3,10,18,1,2,7,23,37,58,7,20,36,40,23,9,44,54,32,17,54,52,10,37,52,19,23,40,3,93,75,13,98,172,135,0,159,221,155,5,123,151,78,4,15,55,128,96,72,287,396,286,29,384,575,474,127,121,530,477,187,149,332,269,33,186,242,92,150,320,311,138,72,209,229,202,194,220,199,45,267,594,736,533,41,537,891,836,405,171,600,682,434,686,279,349,189,84,282,289,107,170,392,468,348,111,162,376,483,489,378,171,121,436,676,723,508,83,400,741,793,1142,104,319,549,525,291,1,207,236,113,32
28,26,285,465,613,723,797,821,802,734,631,283,312,127,67,256,428,577,690,767,800,789,737,639,509,338,162,20,200,369,521,639,724,758,761,709,625,514,361,675,11,162,326,468,580,663,706,708,668,590,483,345,194,38,124,273,411,523,603,639,638,607,548,459,341,199,51,98,237,366,473,556,612,624,605,632,439,321,180,33,119,273,402,513,591,624,623,582,502,376,224,54,122,289,449,564,645,676,651,567,428,250,44,302,366,534,645,687,661,552,385,171,56,264,437,545,578,524,399,220,22,170,316,3,1,0,1,0,2,0,1,0,2,1,243,137,1,140,273,363,404,386,313,198,53,102,245,363,438,469,442,381,279,291,14,121,244,344,413,444,444,410,353,263,160,39,80,189,286,360,421,447,444,414,360,284,187,81,27,138,244,139,411,461,485,478,447,392,309,210,97,26,154,276,384,473,532,566,570,534,471,370,251,112,42,193,339,465,566,633,667,660,609,524,411,267,107,119,233,385,517,614,683,711,705,647,562,438,289,129,43,214,370,510,620,692,726,722,684,606,502,362,205,27,152,89,470,599,701,764,790,768,705,601,467,14
122,29,817,441,20,423,815,1146,1402,1508,1543,1675,1198,888,497,78,352,732,1080,1314,1465,1509,1396,1227,927,550,148,270,662,993,1250,1406,1468,1376,1219,926,589,218,195,421,901,1171,1318,1369,1321,1148,902,597,230,133,488,804,1056,1207,1274,1252,1094,896,590,262,76,415,707,947,1116,1183,1159,1039,838,579,285,54,384,677,930,1863,1158,1135,1013,822,544,215,132,470,778,1010,1141,1200,1140,956,687,334,52,432,778,1045,1223,1274,1184,944,592,173,284,260,1049,1262,1299,1169,885,462,19,492,860,1103,1146,1019,712,306,143,528,786,878,761,5,4,0,2,3,5,0,2,2,1,1,477,272,19,311,570,712,750,633,410,120,213,510,743,858,851,747,508,240,78,305,628,809,874,856,732,551,308,42,228,465,671,790,841,821,708,561,344,110,149,388,588,750,826,866,809,703,532,502,61,198,437,650,800,924,941,904,808,602,372,85,204,487,721,928,1065,1098,1072,914,705,421,91,244,582,862,1091,1206,1252,1182,1006,765,441,91,287,792,963,1179,1326,1328,1245,1068,806,473,101,269,642,935,1177,1323,1363,1314,1143,884,563,203,179,549,875,1155,1341,1427,1412,1472,1042,730,352,59,460,843,1168,1396,1517,15
214,57,760,655,81,643,1097,1007,441,308,875,1592,828,351,246,737,958,846,411,166,685,932,800,341,243,722,855,548,24,555,702,364,216,589,508,5,564,741,407,874,744,773,330,253,608,542,200,138,249,153,24,4,91,145,47,120,232,174,34,188,169,7,180,167,5,181,207,52,126,181,95,62,151,102,20,282,155,82,33,151,213,197,54,159,324,337,150,153,403,432,216,135,406,425,193,133,334,298,76,144,197,80,100,109,82,94,206,189,61,80,189,225,183,45,157,330,320,108,229,445,371,25,330,21,20,38,16,31,23,31,15,50,36,70,79,121,60,59,151,112,39,187,196,51,132,183,76,73,109,4,140,143,32,224,257,46,250,378,200,163,443,392,51,307,422,224,65,179,61,103,75,225,541,504,8,722,1086,747,153,1010,1234,761,293,962,913,271,432,671,338,244,595,434,102,590,682,361,118,434,473,385,313,298,124,329,918,1244,890,133,1286,1820,1327,82,1174,1675,1191,134,776,1630,576,122,536,431,61,562,694,357,274,822,982,681,119,450,834,974,863,505,89,810,1371,1437,838,221,1223,1650,1307,1431,591,1153,1100,554,113,540,532,177,233,5
183,120,607,669,720,779,819,873,910,934,966,1416,985,988,982,972,962,949,919,922,912,904,896,890,873,850,809,767,714,650,566,485,380,270,169,28,101,224,350,1155,562,628,672,682,669,613,521,416,297,173,52,39,107,132,126,95,45,14,75,132,163,179,174,136,91,28,18,75,111,128,128,113,104,81,56,128,41,47,63,87,111,143,160,174,179,164,142,109,77,31,6,51,92,127,159,195,220,244,254,258,259,231,190,509,65,1,71,125,160,179,179,171,158,147,145,158,195,239,296,353,405,435,440,78,37,41,16,8,65,33,8,18,20,25,7,59,110,150,171,183,179,154,125,83,41,1,43,80,96,102,97,73,32,264,96,165,243,317,380,426,450,440,417,349,267,167,67,11,79,104,94,32,74,216,390,582,766,936,1084,1175,1225,1015,1168,1041,902,728,520,303,99,109,286,443,544,609,637,625,576,496,407,315,250,194,173,182,232,309,408,524,647,773,880,969,1043,1081,1093,1062,1016,1983,820,701,561,416,268,125,8,96,173,209,223,200,146,57,42,168,299,433,564,681,777,866,918,954,964,957,926,2023,799,710,605,493,366,227,89,47,185,27
29,8,607,684,738,766,771,751,709,640,555,248,334,209,78,57,190,315,431,530,616,681,723,742,741,712,664,603,522,419,308,183,52,75,200,316,427,522,595,409,680,692,677,646,603,530,446,349,239,125,5,106,215,317,408,486,545,591,614,611,594,558,511,449,370,279,177,76,30,132,231,324,408,476,528,919,577,572,552,513,453,373,281,179,66,54,170,279,385,474,550,598,621,613,577,517,430,320,187,41,109,258,393,84,594,643,647,604,525,399,239,63,112,270,403,493,534,522,451,336,189,30,116,3,0,0,0,0,0,0,1,2,1,0,253,306,322,297,236,143,31,87,202,303,376,414,423,396,339,263,165,58,49,110,246,324,382,417,430,421,394,348,290,218,136,51,32,114,190,257,316,366,403,422,427,415,390,351,299,242,174,214,20,63,144,221,288,354,410,451,481,495,498,481,445,391,321,245,161,68,32,133,234,330,417,487,546,590,614,612,596,557,496,416,327,227,110,55,125,238,349,448,527,596,646,673,675,659,628,571,497,408,307,194,76,38,155,269,372,468,553,621,674,704,718,751,676,618,545,455,350,237,112,17,146,0
18,18,125,113,101,91,87,95,107,128,151,226,211,242,270,294,307,322,334,338,340,342,340,339,332,321,300,270,234,194,133,65,5,80,159,232,295,348,388,403,424,415,394,360,311,256,193,133,78,32,5,28,38,29,6,16,45,72,94,103,104,95,70,45,15,16,42,65,76,83,78,71,62,54,44,88,39,34,37,32,30,22,8,5,27,44,67,85,104,122,134,153,164,171,176,180,175,167,150,128,96,58,14,359,70,103,131,144,145,140,124,112,97,92,94,108,130,153,178,200,208,202,185,1,8,0,19,18,7,19,34,8,2,18,27,52,72,77,70,58,36,9,18,42,65,72,72,64,50,22,3,32,63,134,110,130,133,127,110,83,50,7,32,71,97,114,112,88,47,15,89,174,265,345,419,472,508,521,510,473,419,370,268,180,91,4,80,152,204,241,265,267,254,232,198,159,129,103,96,109,137,191,262,357,459,565,668,763,836,891,911,911,879,822,738,641,529,217,290,167,53,55,147,233,300,347,392,416,417,407,392,355,320,286,249,221,196,187,181,180,191,199,202,208,209,58,198,187,180,177,168,170,169,168,166,62
82,15,390,297,77,452,536,261,171,477,501,465,71,340,438,334,88,195,387,392,200,93,346,406,228,89,342,356,113,202,337,181,139,335,237,92,372,347,23,592,424,182,187,373,253,28,222,190,22,90,66,20,37,27,84,33,70,113,30,98,123,15,119,127,6,127,135,16,109,115,27,74,91,27,52,88,43,29,89,91,28,85,153,127,8,169,219,118,79,227,219,58,133,214,144,9,121,123,39,45,57,5,48,236,33,82,61,17,81,89,38,25,75,100,67,29,142,171,51,146,251,140,94,23,9,7,9,11,28,2,9,22,12,12,30,51,16,59,95,35,74,116,41,75,103,18,75,77,13,83,51,40,90,229,84,111,6,141,175,42,155,231,110,101,198,116,34,82,6,60,11,174,221,11,312,443,193,278,573,421,71,296,524,141,297,428,186,164,281,83,207,283,61,246,361,192,87,250,231,145,100,56,105,366,514,313,219,722,770,252,476,876,632,36,596,640,218,910,424,194,162,304,127,185,372,263,65,377,456,251,75,339,432,348,142,141,424,588,462,15,527,799,578,8,567,1181,445,58,432,470,224,102,264,169,75,11
31,46,339,398,451,497,534,559,569,568,549,629,475,412,354,281,210,133,62,11,69,121,162,201,221,231,234,224,201,174,139,104,60,17,28,73,113,151,182,634,226,239,244,237,227,210,186,152,120,86,48,15,17,40,67,87,96,104,100,95,83,68,51,28,3,13,31,45,57,69,75,80,81,86,85,144,85,91,96,101,107,122,134,145,164,182,191,205,211,221,220,216,207,199,179,159,132,107,83,55,30,8,8,302,33,41,40,38,30,22,8,1,11,20,27,29,31,24,16,4,6,20,34,49,0,21,6,14,3,20,19,5,21,10,54,47,35,27,15,4,4,16,27,35,47,56,63,66,65,57,48,35,13,96,36,71,104,142,171,193,214,226,229,216,198,163,122,72,4,57,128,197,262,326,381,426,466,490,501,501,489,419,425,375,314,246,174,98,22,55,123,181,229,266,280,275,248,200,137,58,40,147,264,372,486,589,681,752,806,842,851,842,815,768,701,626,547,464,369,284,208,135,78,34,5,9,5,11,42,89,143,207,274,341,402,460,513,548,570,583,576,556,520,475,421,277,302,242,191,148,114,101,103,108,139,60
358,73,489,536,604,660,731,792,853,907,938,1387,983,984,960,912,876,805,737,665,595,524,462,425,387,369,362,378,404,440,489,552,621,690,755,810,857,892,900,597,858,803,725,631,533,424,320,221,124,67,16,11,26,23,9,34,74,108,149,169,196,212,223,220,222,205,177,144,116,92,61,35,16,6,23,48,47,73,78,122,154,184,226,262,311,353,385,414,431,436,442,433,420,392,360,314,280,230,197,160,119,72,44,594,17,31,37,36,32,12,4,8,26,19,11,2,30,71,117,166,214,249,281,37,24,61,45,41,39,57,17,6,75,36,43,23,10,5,37,66,98,138,168,198,218,228,224,195,159,108,48,24,103,175,246,300,336,365,370,352,315,262,202,131,60,11,66,116,147,149,136,97,46,33,117,217,317,417,510,587,659,449,738,745,745,716,674,612,540,457,372,292,214,144,100,76,74,98,148,233,333,455,594,738,884,1027,1153,1276,1362,1441,1472,1473,1453,1399,1327,1220,1106,1868,833,705,590,472,368,299,255,239,247,278,330,411,505,609,712,821,929,1035,1114,1189,1236,1262,1277,1257,1218,1164,1095,860,914,817,727,644,561,503,451,423,418,69
81,30,186,126,416,504,318,50,391,542,432,257,191,418,467,345,95,186,402,459,325,44,262,449,409,165,161,378,352,107,197,345,223,85,345,340,63,294,452,7,84,374,394,150,146,281,205,31,84,82,13,12,34,84,64,36,127,118,1,116,131,17,116,157,61,84,158,110,1,87,83,27,22,30,4,42,36,17,9,46,70,55,3,79,130,96,8,133,185,117,34,167,205,113,34,137,145,61,31,63,28,32,48,230,72,97,58,24,87,102,71,12,55,108,112,45,72,170,150,13,145,192,84,15,0,27,4,3,10,26,7,7,20,5,13,64,31,59,111,60,50,111,71,33,96,62,31,93,67,9,68,46,23,204,12,87,133,56,102,212,164,18,195,220,79,91,149,71,28,20,91,164,59,198,408,355,12,415,609,404,70,294,548,238,178,382,248,60,258,172,94,291,249,6,231,303,192,30,73,118,162,251,295,155,174,540,677,404,178,716,848,467,176,662,684,282,208,1001,295,46,286,241,32,316,396,211,117,393,465,320,49,218,396,460,383,151,197,539,687,528,70,453,768,690,275,65,582,581,286,86,312,283,74,129,156,98
230,84,290,318,328,320,300,265,221,164,103,135,37,109,166,228,279,319,354,377,392,401,402,398,391,387,376,368,361,360,359,362,363,366,370,367,371,368,353,132,322,296,265,234,196,159,118,80,49,17,4,25,37,44,44,34,19,1,23,46,71,92,110,127,133,139,132,126,111,93,76,56,36,18,0,87,14,24,24,21,18,11,4,2,12,18,28,33,43,46,53,56,59,61,63,62,57,53,45,34,25,12,2,138,33,44,57,70,79,89,99,106,111,120,129,142,154,160,170,179,186,186,181,24,28,2,2,13,23,0,18,3,16,20,81,86,85,75,65,45,30,7,16,35,54,68,79,86,89,78,72,55,38,220,21,51,89,124,156,188,214,231,240,237,222,198,156,103,39,36,118,197,282,365,438,507,562,603,625,633,626,522,569,515,451,382,304,228,151,80,14,37,81,114,126,120,101,62,11,58,133,215,305,387,471,548,612,657,700,717,721,708,680,638,590,535,479,1125,374,335,303,288,281,283,299,323,353,384,414,442,460,469,464,451,419,373,318,252,176,95,15,65,137,196,247,791,298,297,280,246,203,142,77,5,71,51
89,48,36,31,38,60,91,135,179,227,280,532,374,405,428,445,451,450,443,429,415,395,379,358,346,340,332,329,331,334,345,356,368,371,380,385,386,385,375,34,337,318,280,246,202,157,114,77,40,5,15,29,38,35,26,8,17,42,76,103,133,154,169,175,175,163,145,127,100,69,44,17,4,21,34,14,48,52,58,53,56,57,64,72,79,84,97,102,110,112,116,116,114,112,108,101,100,94,88,80,76,71,61,187,44,41,36,33,32,36,36,44,53,61,68,76,77,74,66,54,36,20,2,4,3,18,18,4,20,3,18,33,4,13,32,49,60,64,63,57,45,27,11,8,29,47,63,70,79,79,72,58,40,173,12,51,89,129,165,200,227,242,246,239,220,184,134,79,8,63,144,220,294,361,420,467,505,527,538,523,507,513,411,350,276,189,101,15,79,161,235,291,337,360,359,337,295,238,159,69,23,124,227,327,420,501,572,626,668,687,693,682,649,601,543,462,380,29,185,85,10,97,176,245,292,325,332,323,294,239,172,88,9,106,214,315,411,502,570,631,678,705,716,710,692,1086,620,575,523,461,399,342,284,225,169,18
50,32,439,41,348,725,1060,1305,1481,1529,1523,1552,1159,868,515,125,275,639,962,1228,1412,1499,1485,1387,1192,905,570,202,176,532,865,1135,1334,1423,1437,1337,1174,935,627,1285,84,446,768,1024,1223,1328,1350,1289,1119,890,611,296,38,354,660,914,1100,1222,1245,1181,1045,845,601,323,19,294,582,821,996,1117,1166,1135,1034,839,607,131,11,288,584,826,1023,1134,1179,1128,989,768,488,170,163,509,812,1058,1204,1252,1192,1026,768,433,41,354,730,1024,1228,895,1244,1029,700,288,162,599,941,1151,1209,1101,839,465,32,378,699,901,924,784,500,0,0,4,2,1,4,5,1,1,5,1,435,209,69,346,582,713,743,649,463,188,117,412,660,820,878,827,671,460,186,89,376,602,770,863,857,797,652,459,232,12,248,473,647,775,830,831,771,647,489,279,57,167,377,576,717,820,876,655,801,668,495,290,53,178,421,637,820,939,1013,1006,934,789,579,345,65,216,500,745,959,1103,1178,1173,1082,918,678,384,70,261,579,868,1091,1252,1314,1442,1194,998,736,406,75,272,606,899,1142,1278,1366,1336,1250,1054,809,501,160,194,520,829,1077,1271,1384,1411,1351,1192,964,1101,338,34,402,753,1065,1296,1464,1526,1500,6
55,27,331,305,74,245,466,466,231,107,395,664,400,140,146,376,458,359,119,170,386,424,273,6,272,392,299,38,238,364,254,30,304,368,170,166,401,362,66,539,419,281,22,268,308,155,45,148,122,45,4,19,29,18,91,112,52,72,145,103,23,131,132,20,104,144,71,41,111,92,15,53,72,30,18,58,35,6,48,67,51,3,75,117,94,7,102,160,128,11,120,181,133,9,110,149,94,3,72,73,24,26,32,302,48,56,19,42,91,99,51,29,111,147,103,7,128,182,121,25,157,183,80,13,33,14,3,7,3,1,11,14,21,23,60,25,43,78,44,36,91,74,6,85,95,18,69,98,39,41,77,33,46,201,12,106,108,16,172,220,91,124,262,205,15,146,154,42,43,6,133,177,18,265,449,331,59,473,606,341,140,284,512,187,198,362,225,66,247,174,78,288,274,53,203,316,231,74,32,65,103,221,354,336,55,399,732,663,167,482,856,721,172,426,690,494,40,1026,381,130,183,318,166,147,393,398,162,171,404,442,303,78,139,320,432,436,277,47,431,676,615,232,289,666,691,841,108,453,511,293,25,236,242,70,125,17
277,162,690,751,764,754,708,628,533,400,267,196,42,197,339,488,596,691,768,830,875,894,888,888,852,816,782,733,682,646,606,596,586,574,585,598,627,650,665,474,694,674,667,625,569,504,440,333,253,160,85,11,46,101,143,165,184,198,187,181,166,143,116,88,65,43,7,24,51,77,107,127,142,146,159,52,161,152,148,147,151,142,138,142,143,137,140,139,127,113,99,76,46,19,3,21,40,42,49,44,18,0,31,104,90,123,145,164,180,198,204,217,230,240,252,264,286,300,320,334,341,337,331,6,68,24,33,39,9,32,11,45,31,18,97,78,52,10,23,70,114,157,186,214,231,242,241,227,215,183,151,102,55,273,71,137,213,283,358,416,464,507,517,511,482,414,344,233,105,33,186,350,508,655,790,906,998,1064,1092,1098,1082,736,964,878,781,682,583,496,413,344,302,271,266,275,291,323,349,375,384,393,379,346,290,213,120,13,98,214,326,418,492,543,566,559,514,440,342,821,86,42,181,302,408,491,525,535,490,426,313,158,6,200,400,597,778,946,1079,1164,1208,1222,1181,1104,995,861,710,221,432,307,217,152,130,141,178,248,344,40
15,11,236,462,628,746,774,740,663,557,447,511,236,120,17,177,332,475,588,665,698,695,649,562,446,290,103,91,291,448,549,566,494,331,124,122,339,512,586,204,443,262,54,131,269,332,319,261,174,82,30,14,43,93,138,149,111,22,91,203,264,271,206,89,50,159,215,203,131,46,49,127,160,151,107,56,6,45,90,128,153,174,193,191,179,140,79,7,72,137,192,220,223,200,156,95,28,31,74,101,97,55,8,263,123,153,155,135,85,40,10,63,106,149,193,228,238,206,120,7,149,265,323,12,38,3,16,3,19,3,29,21,34,33,102,53,19,84,115,111,60,15,98,158,185,175,124,44,41,99,117,84,20,118,129,136,81,32,170,310,391,384,292,159,8,117,177,148,49,95,215,267,224,65,181,472,739,899,915,768,495,479,195,455,591,578,432,198,59,271,401,416,328,178,0,144,245,248,212,159,150,191,321,521,769,994,1139,1163,1022,731,312,143,566,866,1006,961,760,204,111,212,446,566,574,469,273,27,233,461,616,683,692,671,646,653,702,777,843,840,751,575,315,12,304,579,784,764,868,784,632,436,228,32,143,257,296,26
107,115,101,149,177,183,189,164,128,77,16,272,115,172,242,285,322,353,387,395,401,407,406,394,374,346,300,239,172,89,10,126,231,345,457,561,645,716,750,532,743,700,636,552,458,360,264,172,98,49,8,7,26,63,110,181,222,272,303,310,296,267,216,156,78,2,55,113,148,165,172,163,143,128,102,196,73,63,51,50,55,54,49,54,50,43,39,25,19,3,8,24,46,65,85,102,106,122,121,120,112,93,75,505,23,2,15,42,59,77,97,122,152,187,224,276,318,356,387,392,388,359,305,19,80,52,15,3,3,13,44,1,38,85,22,36,37,12,26,73,130,177,222,246,249,237,197,154,93,30,37,75,111,516,98,53,18,106,191,287,364,432,476,479,441,372,264,148,6,137,273,385,471,537,542,513,448,347,223,81,62,89,323,433,510,551,555,521,456,368,268,146,44,49,117,155,153,102,12,128,291,482,694,892,1080,1238,1369,1454,1488,1470,1393,1280,1134,946,751,540,330,998,72,255,422,552,672,764,825,876,899,891,866,835,805,762,746,730,727,746,779,840,893,950,1002,1023,1062,1052,1031,721,918,829,738,648,545,452,357,270,176,142
42,14,335,194,51,104,255,393,513,613,697,1190,769,764,729,660,567,453,329,190,44,105,249,380,493,586,664,713,738,729,698,634,550,436,313,179,38,98,235,98,471,562,628,664,682,668,630,571,485,383,268,141,17,106,225,339,433,510,568,597,605,591,560,509,429,336,230,116,2,115,225,326,420,491,548,908,578,561,519,460,372,270,156,32,92,219,336,435,520,582,618,620,582,515,413,293,150,4,163,310,447,551,626,442,636,565,453,299,125,63,244,400,513,572,572,513,401,251,81,94,244,353,399,2,2,1,2,1,2,1,0,0,2,0,77,192,286,336,348,310,235,129,8,119,235,334,404,433,425,385,307,211,97,82,132,234,316,378,415,428,417,384,338,267,185,90,6,96,183,258,322,371,406,424,425,404,363,311,246,170,87,149,93,178,258,327,387,436,467,483,483,454,413,347,268,173,69,37,141,248,347,430,506,556,586,591,573,529,464,376,273,160,30,99,223,345,449,626,615,656,673,655,621,560,481,376,259,132,0,133,260,381,486,574,637,672,687,677,643,589,513,413,298,169,35,137,237,365,479,583,666,725,760,761,733,2
268,240,718,820,891,940,955,942,909,868,810,1231,707,661,621,585,546,514,469,425,363,284,203,94,22,157,286,414,524,618,672,693,672,591,483,323,134,69,258,831,574,646,664,618,532,397,255,126,26,26,44,7,70,150,227,274,277,221,131,1,129,241,337,381,372,317,235,133,33,40,84,105,95,71,40,229,24,27,32,37,37,52,75,106,154,195,250,277,306,309,309,286,251,210,163,112,61,13,16,41,51,56,41,415,18,53,91,115,145,163,183,203,221,232,244,246,234,195,141,63,27,125,221,13,74,39,10,45,14,12,17,15,5,49,71,39,7,65,122,168,198,199,172,126,59,21,92,153,186,191,156,94,10,203,117,135,116,53,51,185,316,417,485,493,444,341,213,83,22,79,72,17,167,374,595,812,982,1090,1123,1064,914,890,454,182,73,286,428,505,488,400,241,60,129,302,437,509,509,448,344,226,123,55,62,134,288,489,741,1005,1243,1437,1546,1572,1502,1344,1113,829,516,716,70,314,501,601,659,648,586,488,375,266,177,114,103,122,162,232,292,339,352,317,237,111,53,218,409,569,704,716,857,863,827,757,637,496,334,153,48,45
328,14,515,625,716,785,825,854,863,858,833,1136,799,764,738,728,714,703,690,693,697,716,722,723,727,729,723,703,662,620,562,481,387,274,154,17,120,251,376,958,555,602,606,582,535,466,381,298,216,146,92,80,77,107,144,192,255,283,320,335,334,297,242,178,100,22,45,96,133,137,130,99,64,20,19,89,79,89,95,103,102,113,137,160,191,224,268,296,303,318,320,308,284,266,232,194,160,115,65,14,26,63,89,33,100,92,78,73,75,68,67,64,55,36,2,49,110,185,259,320,361,389,387,28,38,89,46,85,10,20,55,72,7,14,18,51,92,119,136,138,122,73,18,46,113,174,212,228,220,179,122,52,33,221,140,160,145,87,5,109,227,332,421,474,471,424,321,203,50,91,229,326,391,402,363,280,154,7,148,304,456,241,660,691,696,652,555,426,259,81,105,282,415,519,571,578,530,463,368,274,189,141,125,147,222,338,488,658,822,984,1124,1224,1281,1273,1217,1096,923,1018,487,251,18,206,409,565,687,782,830,844,825,791,734,692,636,600,586,587,623,674,753,843,927,1005,1070,1105,1115,909,1032,949,847,723,589,456,319,163,24,4
117,45,719,797,857,894,911,909,891,843,784,987,610,507,404,293,193,87,0,85,152,213,262,298,316,332,325,308,279,244,187,123,54,7,87,164,234,304,363,936,436,448,446,433,394,348,290,232,160,88,28,41,103,144,176,199,209,213,198,171,131,96,56,7,33,79,111,132,154,154,159,140,123,110,79,174,41,27,14,19,33,52,85,118,152,192,223,246,260,283,278,267,253,225,189,155,121,82,55,23,8,31,42,472,78,92,93,120,120,143,151,178,202,221,240,267,286,311,324,337,342,342,332,28,7,45,29,43,57,27,2,10,16,39,24,25,17,4,25,56,94,126,156,179,199,200,196,182,151,121,78,20,20,233,109,136,168,173,173,161,137,104,66,27,5,44,58,65,74,42,13,37,94,169,252,336,423,498,575,623,672,352,696,686,660,614,557,497,415,344,282,227,173,141,122,138,145,183,252,324,414,503,602,706,800,885,956,1018,1048,1067,1065,1035,1000,947,875,800,719,1960,586,530,490,478,451,466,487,525,570,625,686,735,775,800,832,847,835,824,783,745,682,608,544,471,392,326,257,536,162,126,115,124,130,174,224,291,372,139
117,15,778,705,570,387,176,45,258,453,629,1261,811,819,760,652,490,294,87,127,333,517,662,754,794,767,693,570,407,216,7,204,398,558,676,737,758,720,628,845,307,110,92,276,446,579,668,711,697,625,518,363,192,16,163,332,472,584,643,655,614,533,419,275,111,63,229,376,496,578,617,613,565,469,340,36,0,167,324,459,557,611,617,573,482,342,178,1,191,371,520,620,662,644,559,424,245,42,176,381,549,655,693,621,528,337,104,140,368,545,645,648,560,397,176,69,289,447,519,503,392,214,7,3,0,0,0,1,0,0,0,1,1,2,120,28,182,304,372,377,314,191,32,138,285,395,450,443,378,267,113,49,204,358,427,468,456,397,296,178,38,98,226,332,413,446,444,402,325,228,111,16,145,261,355,421,451,451,416,347,256,242,5,123,244,352,433,490,503,485,430,338,226,85,64,210,348,464,547,588,587,536,447,313,157,16,191,357,495,596,656,669,627,535,406,243,50,200,330,482,610,681,711,687,615,491,331,147,44,234,413,559,664,723,724,679,588,450,287,99,96,289,467,611,718,735,769,704,596,440,257,44,165,371,547,18
4,27,72,267,436,583,694,756,776,737,658,418,384,207,14,174,355,506,627,712,751,742,689,592,459,288,109,75,250,414,550,654,715,720,690,611,495,363,195,527,159,323,464,570,642,671,661,610,515,388,243,82,80,233,374,488,569,618,621,579,510,405,283,146,4,154,294,408,498,555,581,570,521,435,318,16,29,116,264,387,490,556,590,578,524,427,304,153,7,183,339,476,566,620,616,563,460,314,132,60,256,426,561,348,652,588,463,286,75,149,349,500,586,586,510,362,169,38,226,371,444,434,338,0,2,0,1,1,0,0,0,0,0,0,87,217,306,342,316,237,113,30,173,304,390,422,404,328,221,83,64,197,313,478,436,436,391,312,201,88,41,157,264,344,399,421,412,370,300,211,106,4,112,219,308,375,415,428,418,373,308,286,118,5,111,216,313,390,449,481,483,446,389,296,183,53,84,215,339,442,522,562,573,544,475,374,244,97,58,214,357,482,575,631,648,623,549,456,306,150,19,191,347,481,591,655,687,663,602,507,380,227,59,111,274,421,537,629,680,690,669,594,489,350,189,263,163,330,481,603,698,745,750,704,612,9
64,26,581,710,788,819,813,756,666,528,368,224,7,192,369,521,647,741,792,804,769,699,584,442,281,92,88,263,422,559,668,737,776,756,707,610,486,348,176,528,175,331,474,584,664,708,711,683,608,500,373,222,66,91,243,372,490,582,635,652,631,577,500,399,271,126,23,165,294,416,509,581,621,619,587,581,409,286,150,7,143,289,419,521,595,626,621,578,498,372,227,60,111,279,431,550,637,675,659,585,458,289,92,354,322,494,617,678,678,590,444,247,22,189,376,509,566,546,450,291,103,93,257,4,0,0,0,1,1,1,0,0,2,0,64,201,307,360,363,305,198,59,91,236,348,426,454,429,360,256,118,25,162,292,382,438,465,448,393,312,211,93,20,139,243,331,399,436,447,424,387,321,230,130,23,87,194,289,366,422,460,340,454,407,344,258,158,45,71,189,298,392,476,524,547,540,494,433,343,229,101,45,188,324,449,545,612,647,643,604,528,426,286,135,24,189,342,569,594,668,711,706,667,590,489,347,198,32,137,292,439,562,658,715,734,714,659,567,448,308,149,21,192,356,505,455,708,758,775,749,684,579,448,286,116,10
162,15,815,433,16,428,820,1158,1399,1526,1540,1637,1184,861,460,43,379,768,1098,1341,1485,1495,1396,1188,884,485,74,339,718,1039,1285,1440,1466,1353,1150,849,504,124,290,274,987,1226,1338,1363,1293,1100,825,489,112,258,605,903,1124,1246,1273,1205,1029,794,476,124,220,545,815,1030,1166,1187,1122,956,730,442,130,211,535,808,1016,1839,1158,1081,917,682,379,40,308,635,914,1093,1181,1168,1053,816,495,118,268,627,936,1163,1262,1236,1057,757,359,74,524,9,1189,1309,1247,1035,676,210,283,719,1030,1169,1111,881,509,61,365,696,875,871,673,4,1,5,2,6,2,6,1,2,1,0,553,398,144,159,449,666,763,724,563,303,19,342,623,813,882,827,659,408,104,58,488,704,836,881,812,679,461,208,58,318,551,727,818,844,779,660,478,262,7,250,475,664,796,855,854,776,640,565,198,62,310,539,732,870,946,943,870,714,499,224,71,360,630,861,1022,1109,1096,990,804,546,225,119,468,768,1017,1175,1248,1226,1088,853,558,200,177,694,874,1126,1287,1335,1288,1139,895,560,193,195,555,878,1138,1308,1367,1337,1178,945,631,268,123,500,840,1123,1329,1425,1420,1499,1066,754,384,25,438,829,1156,1396,1505,7
174,7,1619,1601,1491,1302,1058,756,435,77,278,1785,943,1206,1407,1549,1614,1606,1526,1379,1168,909,601,274,68,417,725,1005,1233,1409,1526,1556,1523,1400,1237,998,732,446,111,806,533,819,1063,1238,1367,1427,1420,1358,1215,1015,783,510,226,64,348,616,851,1051,1190,1270,1285,1241,1154,1020,826,597,334,67,198,455,697,906,1078,1188,1242,1712,1153,1024,841,626,369,84,196,486,740,959,1131,1241,1286,1243,1137,952,706,416,76,265,602,909,1159,1319,1377,1332,1191,1309,621,223,186,582,930,1176,1311,1294,1143,878,517,114,296,644,896,1007,967,796,500,2,2,0,0,1,4,2,0,3,7,1,61,213,467,653,756,751,643,442,191,99,381,622,801,903,914,843,683,478,227,160,297,521,709,842,908,912,852,744,602,414,200,26,237,431,601,735,845,888,899,851,764,641,479,302,110,94,304,99,669,812,904,962,976,961,876,762,613,408,205,35,276,499,716,904,1054,1148,1200,1175,1108,974,789,560,286,13,275,552,800,1022,1205,1324,1385,1369,1280,1204,937,686,398,86,218,525,806,1049,1242,1367,1446,1438,1387,1247,1071,839,560,273,30,336,633,901,1141,1319,1448,1511,1507,1602,1307,1106,857,561,244,109,453,765,1038,14
327,118,448,729,827,658,307,164,589,878,972,1323,589,220,162,516,777,887,832,628,274,138,539,791,852,675,299,150,542,717,613,250,226,616,741,532,63,462,807,580,511,18,425,654,591,318,1,203,228,135,25,26,20,111,127,54,90,191,197,85,92,232,241,120,70,218,253,154,8,161,214,186,89,46,140,63,137,69,34,124,174,177,83,53,193,306,305,199,4,203,365,403,303,95,122,267,283,190,34,84,123,73,25,390,108,51,33,103,125,116,93,45,18,114,214,288,258,98,134,351,429,323,78,97,13,65,10,25,5,34,29,31,9,8,44,150,152,44,91,185,172,61,76,168,162,66,51,131,105,5,120,169,96,1,206,248,121,114,343,414,252,56,366,485,374,88,156,226,76,158,282,144,239,666,878,696,139,570,1091,1197,812,360,561,940,873,449,103,498,559,290,143,503,591,395,13,340,516,483,333,219,219,293,302,79,391,949,1343,1304,771,138,1051,1595,1571,983,123,654,1040,1296,430,179,604,659,355,168,658,923,847,498,42,385,667,783,781,726,648,483,170,305,857,1312,1477,1235,618,171,885,1457,1269,886,327,190,517,540,333,10,263,57
209,31,561,213,285,755,996,963,647,182,301,781,871,879,743,487,147,198,534,774,851,748,444,39,390,711,803,642,246,223,593,683,462,3,479,743,640,217,315,1020,795,526,76,358,574,520,274,3,158,170,81,2,3,69,148,161,56,98,207,197,70,111,241,231,99,86,225,221,118,18,132,148,85,21,109,187,88,9,93,157,175,137,46,67,186,279,305,224,44,187,384,444,334,117,125,281,296,187,38,60,75,24,51,458,61,3,51,89,104,104,92,61,10,130,236,271,175,40,281,404,332,92,184,7,38,124,39,31,7,41,33,82,17,16,52,77,173,157,21,135,203,139,23,177,215,116,41,144,123,26,96,138,54,248,258,265,109,147,367,405,224,93,380,454,301,15,218,255,95,116,176,13,375,684,717,357,272,890,1197,1024,434,259,877,1011,687,107,418,624,424,23,437,608,438,41,356,558,518,331,161,110,131,91,127,541,992,1215,1003,331,591,1395,1741,1459,660,299,1045,1268,971,723,281,617,565,166,346,704,759,485,1,501,831,925,811,567,288,8,312,684,1039,1275,1218,801,91,702,1323,1560,1335,1708,24,601,943,901,589,132,246,400,275,129
269,170,153,123,430,719,935,1047,1029,891,669,717,127,109,296,457,573,677,770,820,823,747,590,362,91,179,432,600,671,628,429,124,226,515,686,673,454,109,287,1205,785,772,599,305,9,238,365,362,272,143,49,2,37,103,167,170,109,14,89,145,129,55,41,146,190,172,99,5,97,158,177,142,86,4,51,80,133,146,151,143,123,56,37,152,257,322,337,282,166,4,183,337,434,445,363,205,23,135,217,208,130,7,101,462,151,83,5,81,136,153,155,152,153,170,159,118,16,141,307,415,406,267,30,40,18,21,14,24,82,2,48,41,1,24,162,76,55,167,211,183,89,26,110,146,121,44,45,120,150,124,51,48,112,411,41,110,267,381,386,250,15,244,442,497,405,190,39,201,221,89,124,342,430,341,72,326,737,1038,1133,978,601,239,394,751,895,779,475,73,281,499,504,336,21,298,520,602,550,402,257,196,236,366,499,545,425,99,388,940,1409,1666,1610,1263,696,43,514,873,971,1249,498,96,263,504,567,462,219,108,443,710,859,893,834,721,598,528,492,446,345,142,182,588,1001,1340,1528,1495,1270,1817,424,28,392,621,701,612,412,149,112,116
11,9,205,105,395,440,174,208,471,454,188,182,424,457,256,75,345,437,303,28,255,400,329,75,218,371,274,6,270,301,74,208,292,82,227,344,133,225,414,131,133,381,310,15,235,249,84,71,95,29,0,38,74,26,67,109,52,42,68,6,51,29,65,106,36,88,135,63,63,109,51,35,61,16,35,139,1,28,37,29,5,16,68,96,50,79,180,162,8,202,248,101,129,254,172,33,181,154,13,95,87,9,72,230,51,90,40,46,95,76,16,43,88,102,52,59,157,140,15,179,184,7,179,15,2,4,1,36,19,5,4,9,2,6,37,36,14,66,48,32,91,42,59,104,38,64,81,7,59,36,40,69,2,179,85,34,147,104,68,204,140,74,229,165,44,180,110,47,87,50,166,61,207,351,155,256,502,323,159,525,459,145,425,474,136,267,374,126,197,260,26,242,261,0,267,308,113,102,184,163,158,172,74,203,504,515,101,495,804,523,164,730,731,188,423,616,305,841,394,208,146,302,126,208,380,233,121,400,416,173,151,371,399,278,49,232,485,547,290,209,661,724,316,297,690,1101,169,308,498,328,2,224,193,5,144,28
44,27,110,108,87,29,59,163,275,387,493,809,664,715,733,744,724,689,631,567,489,414,332,257,186,131,91,71,64,87,118,171,236,302,372,436,497,546,572,874,593,573,548,494,447,384,312,243,188,118,61,12,45,80,114,144,143,154,149,133,93,57,4,39,87,139,164,180,193,185,170,148,117,98,78,196,57,56,69,89,119,147,180,218,254,283,310,321,333,333,330,327,318,298,294,275,266,240,220,196,173,140,110,322,40,18,3,23,24,18,3,28,71,117,166,216,266,309,330,335,321,285,227,38,21,14,16,2,7,2,12,18,3,19,43,58,66,58,44,22,1,30,56,74,93,99,109,107,103,98,83,78,54,163,1,40,93,144,207,262,308,354,375,377,358,307,247,163,60,58,172,293,414,529,633,727,799,859,897,917,914,737,848,785,713,620,518,418,310,203,99,4,72,130,173,176,160,107,24,75,198,335,468,609,717,811,894,935,952,939,913,869,827,765,700,646,606,1575,535,507,499,497,524,546,574,619,649,679,697,699,678,640,563,458,326,173,12,172,348,515,662,776,865,921,943,1874,890,834,768,676,575,478,366,263,157,8
11,28,10,203,380,534,654,731,775,755,701,531,451,282,97,92,276,441,578,680,738,752,718,644,529,369,199,20,158,327,481,598,686,716,715,660,572,453,295,613,53,226,377,501,598,655,674,649,578,477,343,195,34,122,275,405,509,583,616,609,566,483,385,259,112,38,184,314,425,510,567,585,571,512,425,185,161,13,140,276,402,500,567,594,579,515,420,291,140,36,203,360,484,577,622,613,560,451,302,119,81,277,448,198,648,646,576,439,255,35,186,376,515,582,567,471,314,117,83,263,385,435,393,1,0,4,0,0,1,0,1,2,3,1,130,248,321,336,291,193,61,88,223,342,405,418,381,293,173,29,114,243,352,515,442,428,365,279,159,46,82,196,299,369,413,423,403,351,274,178,70,41,148,249,330,391,420,429,408,360,289,270,90,23,135,238,331,403,457,483,482,440,378,280,164,35,101,231,352,452,529,562,573,538,465,363,234,88,67,225,364,483,574,632,646,623,552,460,307,152,13,179,334,472,583,650,683,668,614,521,397,244,82,92,252,402,523,617,675,694,677,615,517,382,223,293,124,294,445,578,680,738,758,722,649,12
22,2,272,108,74,256,407,512,558,546,477,174,229,77,68,181,250,271,231,134,9,190,389,586,742,858,913,909,850,731,567,367,161,32,195,300,360,355,300,189,87,41,167,257,312,318,274,183,47,104,261,402,522,598,621,597,520,400,242,76,82,225,333,396,407,368,287,169,39,100,224,327,395,415,386,189,214,96,26,128,202,240,228,165,53,89,257,422,565,669,718,706,630,504,334,148,32,185,284,315,274,169,23,515,294,407,452,424,326,173,0,152,248,266,190,42,153,352,517,608,601,501,317,3,2,3,1,4,0,0,1,0,0,4,140,148,106,28,67,144,185,172,105,0,125,243,328,363,337,256,124,27,190,413,422,462,448,383,278,156,21,102,200,262,287,266,214,142,58,23,91,138,152,138,87,14,76,172,260,331,374,300,357,293,203,90,34,152,258,335,381,378,341,260,150,23,106,227,324,383,402,373,304,204,81,40,153,230,267,256,192,84,58,220,385,535,646,876,717,667,566,418,247,62,105,247,347,391,389,330,237,114,20,147,255,309,321,279,190,64,90,254,418,553,654,539,691,626,508,342,147,53,239,384,477,5
25,34,75,270,444,587,697,754,776,732,654,387,369,189,1,191,367,521,638,716,749,736,676,575,438,264,81,103,279,437,573,663,720,717,681,590,476,334,159,495,196,358,492,588,655,673,653,591,488,357,201,38,125,275,410,517,584,625,620,569,484,367,240,96,57,206,338,445,524,567,580,553,495,397,273,110,27,172,313,429,515,572,586,563,490,383,248,90,74,249,400,520,594,627,600,524,407,246,61,135,323,481,597,402,636,546,400,206,11,230,417,544,600,573,465,293,89,117,295,417,458,420,299,1,1,2,2,0,2,1,0,1,4,0,48,180,287,341,339,271,158,19,125,267,365,416,418,362,266,137,8,147,274,431,427,442,414,344,243,134,9,111,225,315,383,415,419,387,327,246,144,36,74,184,277,353,398,429,426,390,334,303,155,40,69,182,282,370,437,476,491,461,412,325,215,89,49,184,311,419,505,554,578,556,494,399,275,129,24,186,331,459,558,624,649,629,565,468,330,174,5,167,326,463,576,646,684,666,616,521,396,238,72,98,264,413,531,623,677,692,670,599,494,352,190,272,161,331,477,604,696,740,749,696,613,14
61,15,712,770,739,619,437,203,47,292,514,1204,762,767,685,537,327,86,163,392,580,708,751,719,607,429,212,25,261,466,624,714,730,655,521,322,101,129,351,161,649,695,661,560,408,203,16,233,421,558,636,640,584,461,289,93,119,311,465,568,604,571,487,354,179,17,209,373,497,566,579,528,417,256,63,496,311,452,547,584,548,446,296,107,96,293,451,563,607,573,464,293,78,151,360,522,617,628,549,385,158,92,335,113,639,641,539,342,90,185,418,565,600,524,341,99,152,358,475,476,366,178,41,1,0,0,1,0,2,0,1,0,3,2,278,312,262,137,28,194,327,390,372,278,121,62,235,366,432,424,336,204,38,84,286,391,436,411,330,209,62,93,232,341,409,418,381,295,175,31,113,243,349,409,421,391,309,196,60,86,224,140,417,452,434,367,263,128,26,179,323,430,498,506,455,357,213,43,132,305,446,534,575,553,460,314,128,73,270,442,563,632,624,548,407,217,5,283,413,562,657,667,613,489,317,101,118,327,508,624,682,666,578,428,228,9,211,408,562,667,699,656,545,380,168,177,290,493,639,721,728,662,525,321,83,10
81,5,1529,1515,1432,1303,1116,893,640,351,51,1326,530,799,1021,1223,1373,1452,1509,1499,1435,1346,1171,969,741,464,189,85,368,620,859,1076,1235,1343,1425,1419,1397,1325,1186,1664,797,550,292,26,223,477,704,907,1065,1190,1265,1295,1277,1215,1117,976,785,595,353,122,111,343,558,744,915,1038,1132,1164,1161,1120,1049,930,792,595,388,377,78,305,515,725,894,1030,1142,1177,1176,1122,1007,863,672,440,179,90,369,633,867,1057,1187,1265,1286,1200,1047,827,535,1004,128,470,785,1027,1211,1262,1228,1072,815,510,157,204,529,784,930,962,872,672,396,0,5,1,5,5,4,2,1,2,0,2,56,184,412,584,705,725,672,537,349,106,143,388,603,753,849,886,826,736,579,699,177,45,270,458,617,742,809,844,855,793,717,591,451,288,117,62,228,392,549,665,762,832,851,855,818,758,663,622,398,229,60,115,283,457,615,754,881,958,1007,1020,995,926,808,674,523,325,126,94,326,534,742,922,1057,1170,1231,1230,1202,1115,980,826,616,384,139,221,377,608,853,1030,1174,1289,1341,1349,1322,1216,1099,930,725,487,242,22,279,535,751,956,1121,1261,1355,1409,1410,1363,1274,1433,948,730,477,207,71,349,620,867,1085,3
158,51,696,756,561,182,283,698,959,1048,947,1106,338,59,428,729,879,930,821,601,321,20,356,652,819,852,673,334,107,484,681,605,293,146,523,656,491,82,396,1470,830,626,221,214,505,586,450,224,36,46,4,104,159,113,24,216,353,363,228,38,121,177,125,1,82,87,11,90,157,140,55,40,115,113,52,37,106,149,149,111,33,67,162,252,303,282,197,50,155,341,461,462,319,69,193,372,410,281,72,103,187,134,2,727,200,156,33,108,203,242,215,183,137,64,48,204,348,404,305,66,211,398,400,36,31,4,7,18,15,27,52,6,0,15,61,109,120,91,19,68,135,137,74,40,131,154,92,10,85,94,10,101,162,291,30,223,335,293,87,196,404,437,269,18,255,336,236,32,129,131,39,289,454,406,95,386,816,1009,839,336,318,678,1096,904,382,216,640,702,415,69,500,674,527,144,282,569,634,504,315,203,208,262,221,23,477,1013,1400,1418,983,196,709,1412,1698,1472,855,79,584,1927,872,501,3,437,602,470,84,396,800,979,895,599,212,166,454,663,828,972,1089,1070,851,382,274,956,1469,1653,1453,1942,277,369,813,987,881,542,134,221,362,184
28,12,234,348,131,254,475,324,94,446,479,410,243,476,383,49,298,438,303,25,345,435,217,182,444,341,55,383,340,21,331,272,76,328,197,157,353,163,211,419,156,212,350,147,158,259,104,90,123,24,27,15,58,6,99,97,22,123,82,36,88,26,46,33,42,55,20,86,55,45,90,34,46,58,6,40,22,23,39,19,20,63,81,29,81,160,117,62,215,186,17,208,211,23,161,171,26,107,110,2,81,51,39,6,7,80,81,14,104,93,8,103,116,41,74,151,111,46,190,154,51,209,137,30,13,10,16,3,20,10,7,16,23,0,52,30,74,2,88,74,40,108,50,60,84,11,49,29,21,19,40,57,23,98,62,76,148,41,143,173,7,199,169,49,200,116,64,113,0,67,48,166,64,219,342,82,350,469,97,412,517,200,407,471,48,374,343,58,332,173,194,307,32,293,294,5,263,248,68,54,102,181,271,164,215,569,482,115,722,726,56,683,793,186,519,668,193,1037,436,63,290,230,117,337,165,233,447,243,173,453,381,57,275,435,369,96,295,581,510,17,579,780,361,363,784,1126,75,563,528,104,291,335,88,142,124,33
44,21,295,41,217,454,649,771,816,778,660,272,233,20,276,500,673,775,795,741,612,413,177,72,318,526,677,760,771,699,559,356,119,127,358,549,681,753,737,863,485,281,43,189,392,563,668,709,676,562,408,199,18,229,414,560,641,669,612,497,333,135,67,261,435,554,616,610,551,425,267,75,127,315,472,959,614,588,498,358,174,30,232,416,552,618,619,549,411,215,8,236,435,585,654,648,548,379,150,103,347,546,663,545,602,414,165,115,373,567,660,625,483,255,19,275,465,549,509,364,147,90,286,3,0,2,1,3,1,0,0,3,2,2,162,290,349,317,210,49,133,294,400,434,373,243,65,126,292,412,464,442,352,365,33,140,293,408,454,443,375,266,123,36,187,318,406,445,430,367,263,133,14,166,291,389,444,451,412,327,206,193,92,244,361,447,487,482,423,318,183,16,152,314,441,523,556,529,443,312,141,55,245,418,551,623,626,567,448,272,67,150,358,525,643,693,667,601,418,213,19,244,445,603,696,716,664,543,367,158,74,301,496,642,719,726,660,523,342,125,109,334,530,678,758,794,685,539,337,102,146,385,593,736,806,5
20,43,481,765,1013,1226,1393,1493,1546,1528,1462,1432,1160,947,690,411,111,183,470,737,982,1181,1337,1442,1477,1459,1396,1280,1127,928,683,411,128,163,442,684,925,1113,1265,970,1397,1382,1313,1188,1035,827,597,353,91,165,418,647,841,1006,1137,1228,1250,1249,1177,1062,903,720,520,306,72,162,396,597,779,932,1055,1128,1170,1149,1095,1124,819,640,431,207,39,283,521,736,918,1055,1150,1194,1188,1115,982,800,561,299,2,288,583,846,1069,1211,1287,1275,1181,1258,739,415,58,299,640,920,1124,1210,1187,1050,807,487,131,220,532,759,878,869,736,3,1,2,1,3,5,1,1,3,6,3,535,618,620,521,352,126,127,368,580,745,823,825,753,610,418,194,48,288,497,749,795,862,876,834,728,599,432,250,64,128,311,477,626,727,802,833,840,798,718,613,482,330,161,12,180,342,503,229,766,849,898,912,893,845,756,643,501,325,138,60,262,464,645,817,959,1052,1122,1124,1104,1020,894,738,533,309,70,174,423,658,874,1051,1182,1280,1307,1440,1242,1117,949,741,512,258,9,276,538,759,981,1134,1261,1332,1373,1354,1277,1148,990,783,553,305,45,224,493,738,961,823,1296,1402,1450,1457,1410,1296,1150,941,715,14
30,2,755,438,59,543,808,746,401,108,573,1216,731,365,151,590,800,700,322,175,606,803,673,283,213,627,782,634,247,238,638,778,624,202,278,638,754,579,159,176,656,738,522,114,329,650,698,481,70,357,640,663,430,32,379,635,639,407,2,394,616,596,345,39,412,618,578,306,74,426,612,553,273,121,469,928,523,221,179,498,619,492,157,249,547,626,435,61,346,618,621,354,67,464,656,563,210,243,597,678,444,6,450,425,587,193,291,630,659,334,142,541,631,392,64,451,576,367,33,392,487,294,71,5,1,0,0,2,0,0,0,0,2,0,305,276,54,221,374,303,47,251,423,363,94,229,436,412,179,154,404,462,286,76,314,461,391,141,172,397,448,299,27,259,433,413,225,58,318,441,388,169,121,362,451,361,118,165,388,460,348,211,212,431,478,339,57,244,462,497,340,33,289,511,528,335,6,343,559,545,323,49,407,607,568,298,106,469,649,571,259,158,523,686,567,222,220,665,710,558,183,265,609,712,539,137,313,635,721,515,109,339,663,724,489,79,366,673,716,485,67,393,700,735,492,290,419,721,750,481,22,458,765,775,476,5
5,21,69,208,335,455,557,644,709,750,772,1036,732,678,601,502,387,263,135,1,136,266,386,492,582,653,703,731,741,720,677,617,531,427,313,191,62,62,192,184,418,511,578,628,666,675,664,636,583,505,419,314,212,101,13,123,231,332,420,489,540,576,595,594,580,537,478,406,319,222,125,18,87,192,292,813,455,514,556,580,583,563,527,464,385,279,168,54,69,198,317,422,506,575,610,624,607,562,481,371,235,85,84,253,386,510,599,639,643,590,494,352,187,11,159,314,427,493,504,460,364,229,76,6,1,1,0,1,1,1,1,2,3,0,61,54,169,266,337,368,359,315,239,138,19,102,216,317,386,429,439,423,374,492,223,129,26,70,166,245,316,369,408,422,422,397,363,309,245,173,98,17,67,149,220,289,343,388,415,430,436,336,399,358,305,241,167,89,3,85,170,255,333,403,457,500,520,532,526,500,457,394,313,224,120,11,101,212,314,408,489,561,613,638,647,635,590,573,456,363,255,137,20,103,224,341,442,525,601,647,673,683,669,639,584,514,429,326,215,100,24,146,268,380,485,401,645,689,722,735,727,692,637,558,460,9
35,21,614,738,774,722,593,398,164,90,338,1130,696,770,750,660,495,280,39,203,430,607,720,751,702,570,386,166,71,303,503,646,721,710,631,477,279,55,180,55,560,661,687,644,538,363,155,62,273,450,574,636,632,557,422,249,43,157,342,487,577,595,558,464,317,129,64,249,407,521,579,575,509,382,209,283,178,350,484,566,583,531,415,249,51,157,345,494,589,610,549,414,224,3,224,423,568,637,616,501,308,68,188,38,585,653,611,467,244,28,288,489,587,574,442,229,25,259,423,479,426,269,56,1,0,0,0,0,1,1,1,2,1,1,229,310,310,224,78,93,254,362,398,354,233,65,118,282,396,439,404,309,164,89,178,316,406,432,396,309,183,28,122,259,361,413,417,370,277,150,8,134,263,361,415,424,382,297,177,37,109,46,355,427,454,429,360,251,111,47,202,340,450,505,506,448,337,189,18,163,327,464,556,586,545,444,285,95,108,302,468,586,640,623,534,380,182,81,254,439,584,655,663,599,472,282,70,156,365,531,641,683,657,558,396,197,21,241,440,591,682,698,647,527,348,373,104,330,522,663,738,733,652,493,282,15
29,28,281,445,583,693,774,812,819,781,712,529,477,326,157,14,187,350,494,618,713,777,803,783,734,641,528,390,245,84,81,248,399,530,637,705,746,758,727,864,563,442,299,146,2,163,306,438,544,618,672,684,673,627,555,460,337,209,61,81,215,341,446,533,597,624,628,594,539,454,356,240,110,27,167,705,405,497,569,611,619,594,545,461,348,212,66,82,233,376,499,592,647,663,635,568,459,318,147,36,222,392,540,289,692,677,613,482,314,103,112,309,469,573,610,573,470,315,123,70,246,372,425,2,2,1,0,0,1,0,1,0,2,2,307,262,171,45,93,224,334,401,422,398,319,206,74,76,213,326,410,458,466,609,374,282,172,52,72,183,281,359,418,447,449,419,373,300,214,116,15,88,186,277,351,408,442,458,450,419,368,327,212,114,12,93,192,291,373,446,500,525,535,507,456,382,283,174,54,72,197,320,435,524,590,629,636,610,559,472,367,241,90,59,207,351,471,667,662,700,712,683,628,543,431,293,146,8,163,308,444,554,643,705,733,725,684,613,515,401,264,111,48,204,357,300,607,695,755,782,778,730,658,549,417,14
70,78,121,809,1461,1634,1285,526,401,1197,1617,1723,908,23,875,1476,1600,1204,436,475,1230,1588,1422,827,42,896,1442,1533,1133,369,518,1235,1550,1350,718,129,929,1433,1467,1723,262,584,1209,1451,1227,598,209,945,1359,1330,874,141,619,1176,1354,1103,483,267,936,1279,1201,745,59,640,1139,1260,963,368,340,935,1224,1126,649,48,729,1937,1209,860,222,485,1045,1243,1026,451,277,923,1250,1148,648,110,839,1274,1245,780,3,767,1269,1304,828,34,787,1308,1314,1293,62,900,1359,1240,609,301,1050,1304,973,218,610,1114,1075,522,245,845,974,586,75,4,1,1,0,0,2,0,0,3,7,1,450,665,511,60,462,764,702,277,304,765,866,566,8,576,901,858,451,139,669,1180,816,382,199,697,914,807,390,154,638,888,823,457,58,551,848,856,581,98,425,799,902,705,270,256,690,915,842,613,41,564,904,956,695,208,374,844,1049,909,478,130,700,1061,1060,719,127,535,1035,1206,983,431,287,920,1261,1188,713,7,730,1244,1341,995,325,469,1118,1543,1235,653,157,904,1353,1379,947,200,612,1228,1461,1218,584,231,978,1415,1387,925,165,653,1258,1478,1232,584,258,1029,1484,1642,980,173,692,1354,1581,1313,601,292,1124,47
149,0,1515,1446,1310,1102,852,552,239,99,429,1967,1015,1244,1403,1499,1528,1493,1390,1232,1002,737,438,128,181,501,777,1024,1218,1364,1454,1464,1412,1286,1104,876,613,349,32,775,567,822,1034,1189,1300,1344,1336,1260,1123,935,717,456,179,96,354,594,809,989,1127,1195,1212,1171,1088,966,786,565,320,74,182,427,646,843,1007,1116,1167,1683,1095,986,820,624,387,134,133,405,666,873,1044,1152,1211,1191,1108,946,726,468,160,157,480,782,1033,1204,1290,1277,1172,1263,678,314,53,429,770,1040,1207,1234,1129,914,601,220,171,508,770,919,920,797,549,0,2,2,0,4,4,2,2,1,3,3,171,410,592,687,682,581,391,149,116,384,602,761,842,841,761,609,398,162,89,241,544,702,818,870,852,787,666,511,327,120,89,289,468,618,731,800,844,829,782,685,554,399,222,36,149,340,515,245,783,869,905,908,867,795,672,521,345,136,71,299,508,695,854,986,1070,1103,1092,1011,890,721,499,257,15,275,530,758,960,1125,1240,1293,1288,1206,1063,922,646,381,94,190,466,731,958,1153,1290,1356,1364,1314,1200,1024,816,568,301,19,260,538,799,1021,1212,1336,1415,1423,1372,1472,1098,881,626,337,18,308,622,901,1131,25
250,33,1546,1323,930,406,159,698,1159,1472,1640,2026,1364,983,473,81,614,1078,1411,1586,1575,1381,1017,541,13,525,990,1342,1541,1550,1382,1055,611,76,442,903,1271,1477,1514,1740,1053,624,125,378,821,1173,1377,1432,1296,1007,619,163,315,735,1081,1290,1340,1248,992,628,211,240,648,977,1198,1264,1186,958,632,233,191,605,943,1164,1253,1525,950,622,202,227,641,979,1190,1258,1159,899,525,77,391,826,1146,1309,1286,1086,704,237,280,771,1154,1359,1349,1114,696,992,424,937,1267,1380,1243,842,296,299,817,1145,1219,1034,626,105,419,813,968,873,551,0,1,5,1,4,3,0,1,6,4,1,18,362,620,728,635,389,28,354,670,864,858,674,354,42,428,743,905,921,771,841,136,235,567,806,904,884,727,464,150,188,501,733,869,892,787,590,319,6,319,603,794,900,881,777,569,281,37,36,651,856,961,956,830,625,312,25,379,692,939,1070,1081,947,695,369,24,418,780,1054,1215,1226,1082,798,408,29,475,874,1171,1336,1333,1168,862,449,33,644,938,1246,1418,1390,1218,911,486,13,502,929,1259,1424,1446,1288,984,559,59,432,865,1217,1416,1475,1370,1092,691,212,310,341,1197,1456,1553,1479,1236,833,344,201,721,25
57,76,130,198,246,291,316,327,319,298,265,182,174,118,64,9,41,89,132,172,206,241,269,282,295,294,287,262,228,189,135,62,10,81,169,247,314,371,416,593,445,438,411,369,322,266,209,152,97,53,12,18,41,54,60,55,45,29,7,15,41,53,69,75,70,58,44,26,8,6,18,22,24,21,17,132,9,14,25,40,61,92,114,148,174,198,221,238,249,257,258,247,235,208,178,145,104,62,24,14,43,65,86,307,96,98,88,80,68,63,63,70,82,102,122,153,176,193,197,192,167,132,87,23,3,20,29,6,11,8,32,20,17,12,36,34,25,5,15,38,59,73,80,76,67,50,29,5,14,38,57,70,79,262,73,56,35,3,34,70,111,148,174,190,190,172,142,97,39,28,98,171,236,296,346,375,396,395,386,349,312,321,193,119,46,33,106,177,239,286,322,338,342,329,304,272,235,201,175,161,159,172,204,246,292,353,409,469,524,574,605,630,647,643,624,589,544,842,418,345,275,205,153,99,65,45,32,34,46,72,109,152,206,270,342,417,496,573,641,710,762,793,810,806,788,1170,706,650,586,521,455,378,310,237,161,43
208,59,1574,1642,1581,1406,1141,795,404,17,451,2022,1172,1426,1587,1631,1576,1411,1170,849,466,63,344,733,1068,1333,1494,1564,1537,1406,1195,892,535,129,264,634,970,1224,1420,1305,1479,1354,1136,860,546,170,198,549,868,1122,1292,1367,1360,1263,1089,839,535,212,141,465,749,984,1160,1254,1272,1182,1031,797,524,204,109,423,717,957,1142,1887,1228,1146,988,766,472,147,196,523,822,1041,1195,1271,1242,1110,872,565,200,182,563,900,1161,1329,1370,1271,1032,696,278,733,612,995,1249,1361,1331,1105,750,291,189,629,963,1145,1150,973,654,241,182,543,774,6,1,4,0,0,2,6,0,5,4,0,427,622,695,630,451,187,128,434,693,851,880,791,598,315,7,301,578,791,904,1235,860,700,470,194,92,348,582,755,868,897,870,746,584,375,132,111,350,556,728,849,904,891,808,686,505,288,52,154,440,647,818,926,975,982,893,765,574,328,66,207,489,730,927,1080,1165,1147,1076,899,669,385,61,272,590,881,1108,1263,1338,1323,1194,985,713,389,24,469,685,975,1216,1362,1424,1396,1270,1045,767,426,60,306,662,970,1221,1390,1459,1437,1333,1130,864,542,183,201,573,907,1192,1185,1521,1536,1473,1292,1038,709,340,74,461,42
150,39,208,274,333,388,426,461,483,496,503,652,495,481,467,451,433,419,402,393,386,383,387,388,394,404,409,398,379,347,293,221,135,38,67,164,257,335,384,463,418,401,355,295,227,153,88,33,1,22,28,11,11,45,71,101,113,116,105,80,47,5,25,57,76,85,83,69,52,26,5,10,23,32,36,117,37,36,38,41,46,53,55,52,37,17,12,47,88,126,167,197,220,224,218,195,161,112,69,17,22,64,89,242,110,104,100,89,82,78,81,89,93,97,92,83,58,24,19,66,110,152,178,36,28,3,9,5,10,2,21,6,39,16,48,59,63,65,58,48,34,17,0,16,28,31,29,18,4,22,41,61,74,171,66,43,8,35,86,133,177,202,214,205,177,136,82,28,20,51,56,37,8,79,172,277,373,456,515,540,531,462,406,307,196,77,41,136,216,263,281,277,244,201,152,103,64,43,45,71,129,200,285,373,447,508,546,549,520,456,370,262,145,25,84,181,257,874,334,334,315,273,222,151,81,12,57,115,162,182,186,176,146,113,72,41,20,12,22,48,91,139,196,252,302,96,365,373,368,350,317,271,221,155,91,26
243,30,35,42,87,122,131,130,96,57,8,382,160,235,313,387,451,513,576,629,680,730,753,780,793,791,771,731,669,596,485,386,253,119,29,164,298,414,506,1290,640,658,666,643,590,517,424,332,215,111,8,104,186,244,272,276,256,199,134,69,0,69,117,153,156,140,116,68,24,8,38,72,82,75,61,158,38,32,48,70,99,146,195,254,310,363,407,440,466,483,485,476,460,429,385,339,290,215,137,75,4,57,105,462,155,169,167,143,137,118,119,125,154,198,257,307,367,406,437,439,407,355,280,73,7,28,43,22,1,33,51,12,16,70,134,152,147,126,95,49,4,38,68,96,105,102,84,53,18,22,70,113,169,319,243,269,277,268,250,215,158,98,24,50,118,162,190,182,144,66,40,166,318,486,645,796,929,1026,1099,1120,1111,828,977,857,718,540,364,187,15,183,351,480,587,652,685,675,625,546,440,314,190,55,57,141,208,243,241,213,145,75,15,114,213,305,390,467,527,1940,618,627,637,644,632,617,609,587,572,577,558,571,593,639,699,774,845,943,1035,1124,1206,1276,1319,1341,1339,1315,1262,1384,1117,1022,934,838,735,642,563,465,383,48
20,30,229,431,584,700,766,765,720,605,457,88,67,136,336,503,640,724,754,733,653,524,358,174,23,230,406,560,672,728,730,683,588,435,263,70,129,307,469,267,668,697,663,586,475,317,141,38,217,375,501,589,634,630,586,497,364,217,47,125,278,407,511,575,598,569,499,392,260,106,51,210,352,467,547,898,565,509,418,294,136,28,192,348,471,554,590,581,521,408,257,78,113,294,447,562,626,624,559,427,249,39,179,103,538,633,645,576,435,225,12,240,425,545,572,516,375,180,37,232,374,433,391,2,2,1,1,0,0,1,0,1,0,1,247,310,311,242,124,24,174,300,381,408,362,263,128,30,183,310,395,441,419,531,260,128,16,151,276,359,410,419,396,329,240,119,6,124,238,324,389,418,418,374,304,212,101,18,135,244,338,221,444,446,414,352,261,154,25,106,232,344,439,494,516,497,433,343,223,78,75,222,368,478,559,594,585,529,431,293,139,33,213,371,501,606,644,705,603,506,370,200,18,168,338,484,603,659,687,648,568,444,290,113,72,249,410,539,635,690,692,645,553,417,251,321,130,315,482,621,708,748,736,667,550,11
89,27,748,766,710,587,423,216,2,227,430,1187,714,767,755,681,550,375,172,45,260,449,602,708,742,720,632,504,334,133,80,287,466,604,690,714,684,599,449,742,68,133,323,475,597,660,667,623,521,375,205,15,168,337,473,580,621,624,562,457,319,152,22,190,353,471,554,583,568,499,400,262,98,78,243,819,500,561,574,543,459,331,173,8,191,353,482,572,604,577,488,349,167,32,236,412,548,628,638,564,420,224,8,247,442,586,650,621,510,312,73,175,382,526,573,524,383,182,44,244,383,434,383,2,0,0,0,0,0,0,1,1,0,1,42,104,239,326,349,300,189,37,121,272,374,422,397,314,185,26,133,277,376,563,430,376,278,144,3,137,260,353,412,423,394,318,216,94,35,160,268,351,408,419,398,339,248,133,5,119,238,134,411,448,446,408,329,229,101,37,178,306,412,485,516,502,439,343,216,62,100,258,403,512,578,594,552,469,340,176,5,187,361,501,600,658,638,626,461,307,118,76,269,437,570,652,681,648,566,433,258,64,133,318,477,597,669,687,653,564,435,259,59,144,342,308,631,707,727,689,593,441,260,47,164,14
182,37,1488,1543,1476,1307,1061,732,367,24,426,2003,1095,1329,1478,1535,1492,1349,1138,845,490,114,271,627,944,1202,1375,1459,1461,1363,1183,920,602,229,133,475,817,1069,1282,1080,1403,1328,1162,928,653,316,40,368,680,945,1134,1241,1288,1236,1121,929,671,393,70,251,531,789,995,1122,1190,1162,1073,905,675,401,132,176,470,721,947,1867,1154,1143,1060,908,682,406,104,219,533,790,1004,1152,1210,1172,1033,806,505,168,198,558,869,1118,1274,1289,1180,954,624,1038,195,624,947,1172,1291,1218,999,643,223,215,610,909,1051,1030,854,545,156,224,532,8,3,1,0,2,1,3,2,3,0,1,549,625,577,410,163,123,407,638,783,818,728,534,279,20,322,578,759,867,867,1152,622,402,148,123,380,575,737,825,857,800,686,509,310,84,147,361,550,701,803,843,829,758,625,453,257,21,198,10,621,761,864,914,903,843,708,540,324,75,176,425,668,851,982,1063,1080,1000,881,663,417,128,189,483,755,985,1143,1232,1246,1170,1002,762,472,155,188,659,821,1062,1238,1320,1331,1257,1101,848,567,231,116,440,762,1021,1227,1351,1379,1321,1202,987,706,397,61,295,638,932,1181,1134,1456,1438,1353,1175,921,594,241,141,497,26
12,26,838,1057,1241,1383,1475,1530,1550,1504,1427,1315,1136,944,711,460,198,64,324,564,805,1008,1171,1318,1416,1461,1481,1448,1385,1277,1114,936,720,468,233,6,264,483,715,78,1082,1217,1298,1343,1372,1325,1253,1162,1010,836,646,433,217,3,221,440,632,804,952,1068,1148,1184,1192,1181,1123,1029,903,745,579,386,195,17,222,423,616,1626,925,1030,1106,1160,1168,1126,1058,944,796,605,395,174,63,318,559,769,953,1105,1195,1253,1241,1180,1055,872,632,358,36,658,587,861,1079,1217,1287,1248,1116,893,610,284,59,388,659,862,968,963,853,639,371,0,6,0,0,2,0,0,2,6,6,0,529,620,642,568,431,236,7,227,446,643,773,831,846,779,652,501,305,84,133,249,515,660,780,835,861,845,782,688,583,446,290,121,47,210,364,497,616,711,793,832,847,837,794,731,641,532,403,474,102,55,213,359,500,644,763,863,944,983,1013,999,941,870,747,613,465,277,97,97,312,501,696,859,1000,1130,1212,1238,1240,1207,1117,1004,851,676,470,173,11,221,461,667,858,1037,1173,1276,1345,1364,1362,1296,1186,1057,893,710,499,278,52,183,411,631,834,1019,1181,1302,1393,1388,1445,1413,1335,1220,1073,892,690,452,206,4
107,100,240,265,288,320,351,385,415,439,455,558,478,486,495,500,502,500,490,476,454,434,408,378,359,340,324,315,310,306,311,307,309,306,295,274,247,215,173,78,85,34,5,38,68,89,101,103,95,79,59,32,1,28,53,76,91,102,103,94,76,52,14,18,52,82,105,123,125,117,108,89,75,49,35,56,26,26,21,21,20,22,19,14,7,5,2,9,19,25,44,57,73,85,96,106,108,109,109,104,98,76,57,123,11,12,36,49,57,62,51,37,19,4,17,31,30,19,3,37,74,109,137,18,17,6,12,3,2,22,8,1,18,5,52,57,52,44,27,10,10,30,44,55,59,55,43,29,6,17,51,77,104,205,145,156,157,150,135,110,79,39,5,44,80,107,108,101,69,18,46,123,204,289,366,441,501,546,573,583,575,523,504,448,381,301,223,136,51,32,112,183,243,286,311,311,289,246,194,124,51,17,84,147,199,241,274,294,296,293,264,223,173,117,54,10,69,833,168,208,245,279,317,343,373,391,410,423,430,427,430,433,429,423,415,406,395,389,379,370,373,368,356,344,323,32,269,239,216,198,184,179,186,190,193,3
85,7,640,529,384,211,31,152,325,477,613,1233,760,774,737,657,541,399,237,63,116,291,450,573,671,722,736,711,647,547,416,260,87,86,252,402,529,630,688,654,683,617,521,393,255,92,68,222,364,480,569,622,643,626,575,492,377,249,101,47,188,320,432,516,576,594,584,532,454,350,231,96,47,183,318,862,507,561,580,566,513,429,314,179,31,120,267,398,509,584,618,607,545,446,307,145,35,215,383,520,610,649,626,619,412,228,28,181,372,517,606,614,549,421,238,34,169,336,444,483,439,328,165,0,0,0,3,1,1,0,1,1,2,0,203,293,329,310,230,115,19,163,285,376,413,402,341,239,115,24,161,277,372,543,438,412,350,261,149,32,88,197,293,363,409,423,404,361,294,209,114,7,101,199,288,357,402,428,426,400,351,307,186,78,26,131,234,325,403,458,492,488,465,405,323,215,89,36,167,289,400,486,552,584,579,539,461,357,229,89,63,213,355,480,573,635,658,711,591,498,375,231,75,86,243,391,515,605,664,683,667,607,522,402,261,104,52,209,358,487,593,668,709,708,667,715,479,338,177,6,167,335,489,614,700,8
33,45,293,37,360,667,941,1183,1362,1484,1546,2042,1448,1305,1105,851,558,242,69,377,677,940,1169,1329,1441,1466,1450,1368,1239,1044,805,519,224,84,384,664,916,1130,1284,1038,1404,1374,1270,1112,925,684,431,156,129,397,656,871,1047,1175,1250,1270,1227,1146,998,806,586,347,102,148,409,631,832,976,1088,1150,1168,1131,1034,895,709,167,239,9,266,506,735,923,1065,1162,1195,1152,1058,907,707,447,163,136,424,703,942,1120,1235,1278,1226,1088,856,571,228,760,503,827,1084,1239,1297,1216,1016,718,354,31,407,722,937,1035,987,820,549,213,125,9,3,2,0,3,4,1,4,2,3,0,560,455,262,19,244,478,659,766,788,718,560,332,83,189,428,637,784,865,873,1163,696,534,326,105,127,331,514,660,778,833,851,810,728,603,450,282,90,104,287,460,609,725,807,852,856,821,752,667,511,345,162,27,220,409,588,746,871,960,1018,1013,962,860,712,543,339,117,118,356,589,798,968,1103,1188,1216,1191,1097,949,770,539,278,8,281,541,952,1015,1173,1287,1336,1334,1266,1141,961,742,487,213,69,352,624,865,1074,1229,1327,1377,1360,1300,1179,1015,796,544,264,35,151,604,869,1093,1280,1419,1491,1510,1445,1324,14
7,40,350,438,441,360,210,30,150,304,419,654,512,497,445,357,242,95,45,178,285,366,399,388,338,243,123,23,156,248,279,235,116,43,209,318,348,280,129,449,250,366,389,315,192,51,57,113,106,60,10,19,13,22,71,106,103,66,14,32,47,29,12,70,108,108,76,14,48,99,117,102,59,17,20,20,44,29,1,18,48,74,106,129,140,122,70,9,109,197,249,249,192,99,9,96,140,140,98,34,14,49,42,252,29,65,90,86,66,39,12,14,39,65,96,124,139,124,69,18,112,187,213,26,18,22,17,29,3,25,29,4,23,17,2,45,69,58,16,33,74,88,67,20,29,65,63,31,18,66,91,76,22,38,112,131,97,13,84,166,189,154,66,35,118,139,101,28,32,56,9,94,224,320,334,241,49,194,423,562,565,381,195,71,293,402,373,234,33,148,255,253,156,10,131,221,251,226,186,168,183,233,281,287,197,16,238,510,728,818,754,539,225,116,398,561,570,405,219,20,210,312,286,167,17,213,371,460,471,419,322,227,138,53,35,150,290,454,610,716,733,644,450,198,75,51,491,563,539,419,266,78,72,175,182,58
45,18,334,338,312,262,195,123,51,17,75,116,168,208,240,283,313,349,379,407,412,417,401,388,351,306,253,193,116,32,63,158,242,302,326,309,246,146,19,392,233,320,368,364,322,252,167,88,28,3,8,7,40,64,83,80,62,28,12,50,76,82,63,29,15,63,97,122,120,106,80,47,23,1,12,42,15,15,17,32,40,54,52,41,15,24,74,135,180,217,239,237,216,175,126,70,20,31,60,71,68,48,17,444,49,70,78,78,77,66,63,65,69,68,55,32,12,67,127,184,220,227,206,17,10,31,23,3,17,43,23,0,3,39,45,37,23,5,17,39,59,66,57,32,1,30,57,67,55,25,12,51,76,220,63,19,44,111,171,208,217,190,133,61,12,76,101,92,42,32,124,206,255,254,195,87,66,235,396,519,582,365,511,382,225,56,104,221,288,296,252,168,60,47,137,193,216,200,160,113,82,85,136,230,363,520,667,781,841,821,727,573,367,148,62,236,347,1027,387,310,199,60,83,213,319,391,430,440,432,413,398,378,383,402,429,457,478,485,465,415,330,223,92,45,177,20,395,449,468,447,400,317,206,86,33,126
17,33,231,431,594,709,763,762,709,591,434,122,29,180,381,545,668,737,754,712,616,474,294,98,106,309,476,612,701,736,714,639,514,340,149,49,247,414,558,414,695,684,615,506,366,187,1,183,357,490,588,638,640,592,502,374,218,49,128,287,421,518,579,596,571,488,376,232,75,86,240,380,492,564,589,751,488,378,238,83,85,251,395,509,579,591,555,471,347,176,9,198,366,507,595,627,595,502,348,151,66,275,462,229,653,629,521,349,131,110,333,500,589,588,487,318,103,118,305,429,461,402,260,0,0,0,0,1,0,0,2,0,2,2,97,229,317,340,295,189,42,114,256,367,414,403,330,205,56,101,245,363,428,590,404,322,200,67,80,204,311,381,421,417,376,292,184,63,62,176,279,358,411,420,400,346,260,156,36,84,202,108,389,441,454,433,378,301,189,62,75,205,332,427,491,518,503,450,362,238,95,63,227,368,489,566,601,588,529,420,281,116,67,240,400,537,620,736,649,578,468,318,141,45,229,399,537,632,685,679,620,513,371,199,14,171,345,492,607,676,702,669,592,461,297,354,90,279,450,595,696,749,745,673,558,12
72,4,552,434,302,144,18,181,335,474,593,1209,743,773,762,721,650,548,429,290,133,25,182,327,456,566,647,704,734,729,695,622,530,405,268,123,29,170,315,11,544,622,667,685,674,627,561,473,357,228,95,47,178,302,407,497,563,606,622,603,559,492,413,316,197,73,57,177,290,388,469,532,575,589,575,651,452,361,254,138,11,119,243,362,460,534,581,598,590,537,458,350,220,77,85,235,380,506,599,646,644,595,505,613,204,19,166,339,487,585,625,596,514,379,204,9,174,329,433,477,452,366,227,0,1,1,1,2,0,2,1,0,2,1,292,305,262,177,61,67,196,301,374,413,398,339,247,130,6,120,237,334,400,558,436,405,347,265,165,66,41,147,241,316,377,410,422,408,376,324,262,180,89,7,104,189,268,336,385,419,438,334,411,369,310,234,144,54,49,149,249,337,412,473,509,521,507,475,421,345,255,145,23,101,228,344,445,530,590,619,624,602,543,461,364,241,106,86,179,311,432,530,605,656,677,665,631,563,470,358,228,85,57,198,331,443,537,617,665,693,696,662,601,510,398,494,131,15,161,305,447,564,665,732,761,0
10,38,464,742,996,1210,1385,1521,1610,1633,1622,1841,1427,1254,1044,792,521,234,55,339,614,859,1083,1265,1411,1508,1548,1558,1520,1420,1279,1093,872,618,352,82,194,451,710,79,1120,1274,1366,1426,1445,1406,1323,1207,1044,839,626,394,145,91,329,562,771,943,1089,1186,1246,1268,1249,1206,1119,984,819,632,424,203,23,247,472,678,864,1833,1117,1191,1230,1228,1179,1075,935,759,553,308,46,205,460,717,940,1118,1237,1317,1324,1271,1154,978,745,470,157,175,513,114,1080,1275,1373,1370,1273,1072,786,435,57,309,639,893,1058,1105,1038,856,584,253,79,3,1,3,0,5,6,2,5,5,10,1,50,192,429,614,742,774,730,609,424,185,80,333,561,751,870,932,921,853,724,898,369,158,69,281,471,623,748,841,893,901,870,800,700,569,417,252,84,89,272,432,573,696,796,870,906,920,904,740,780,662,531,379,215,36,155,334,512,675,825,952,1039,1102,1114,1098,1057,965,844,689,498,289,57,172,414,643,853,1029,1166,1283,1348,1349,1330,1262,1132,1005,782,558,307,42,214,475,712,934,1118,1258,1375,1435,1451,1421,1350,1245,1080,882,673,433,189,72,326,577,817,1024,1217,1132,1466,1524,1548,1521,1443,1320,1163,957,716,16
224,177,140,98,367,609,796,903,918,855,740,1222,425,260,102,67,237,407,570,720,831,899,886,797,629,402,119,180,439,640,725,674,487,208,131,441,685,777,704,257,195,140,421,591,632,534,338,129,48,125,128,47,38,108,93,12,114,252,333,331,239,81,84,207,271,236,146,39,58,124,145,118,79,20,31,7,95,113,94,98,59,0,73,149,202,230,228,187,125,50,26,101,149,189,203,193,143,88,22,29,71,65,42,389,65,113,132,128,100,53,19,83,146,213,265,285,266,207,94,43,186,289,345,102,21,42,11,10,37,76,31,60,5,16,19,18,4,36,84,128,152,144,103,27,59,148,188,184,140,61,2,38,10,114,151,218,227,154,1,188,374,474,476,359,172,22,163,187,96,73,257,369,356,171,158,531,882,1092,1095,879,499,480,376,661,763,658,410,85,225,428,495,416,211,37,264,431,492,473,407,360,363,460,629,815,945,945,779,421,66,594,1072,1382,1473,1317,973,504,46,1630,550,577,429,160,186,513,774,912,931,831,646,420,211,34,90,181,289,417,607,840,1087,1298,1406,1377,1183,862,445,748,377,662,798,796,678,469,221,37,240,47
55,9,763,821,803,708,555,352,119,121,355,1160,709,799,819,765,650,477,271,42,192,411,588,722,781,777,706,579,409,202,30,258,456,614,723,753,739,658,508,774,110,114,318,494,625,697,708,669,558,406,222,17,181,362,506,616,657,665,592,475,326,137,45,225,393,521,601,621,596,516,394,241,59,127,303,881,559,607,610,558,446,296,116,80,269,432,552,628,635,582,460,291,85,130,340,512,628,679,651,535,353,125,126,124,552,670,688,610,450,207,57,310,502,611,601,493,305,67,170,357,462,461,353,0,1,0,2,1,0,0,1,0,1,0,220,88,72,227,343,390,364,261,117,62,231,365,444,450,392,274,114,56,217,390,437,467,441,353,226,88,66,209,325,408,451,439,388,301,178,43,91,220,333,408,449,446,397,324,210,78,58,0,316,409,468,488,461,406,302,170,22,134,278,404,502,554,546,505,413,275,118,59,241,397,530,614,634,611,525,388,217,25,183,370,520,643,687,741,626,501,333,132,79,284,467,608,703,721,696,599,451,265,56,156,358,522,647,718,728,687,587,430,237,20,199,190,573,703,765,772,712,591,420,208,18,9
100,11,734,650,502,298,69,170,387,569,702,1158,759,683,536,347,126,107,324,517,663,745,751,692,564,381,171,49,266,457,609,699,729,681,577,415,220,9,208,40,559,659,688,660,576,428,248,47,155,340,491,593,642,625,554,436,269,88,102,284,429,531,587,592,540,433,283,111,70,243,389,505,575,589,539,443,291,121,61,236,390,510,575,589,532,417,259,73,127,322,481,589,626,591,482,320,114,110,326,502,617,647,590,627,243,4,249,456,599,637,571,410,181,69,300,469,539,502,364,165,58,252,370,3,1,3,1,0,2,0,0,2,0,1,295,287,205,67,94,244,352,391,357,255,102,75,237,364,433,431,360,240,85,4,231,350,421,435,392,306,186,43,98,230,337,401,419,396,327,227,110,27,162,279,363,416,426,397,323,222,97,121,175,298,389,447,461,441,371,264,130,21,172,313,425,496,523,501,432,315,168,4,182,346,482,569,599,581,500,367,196,8,195,377,523,623,654,685,547,409,227,26,179,371,527,634,682,659,586,448,270,66,142,338,502,619,684,682,621,509,352,150,64,271,464,472,698,729,688,591,436,234,13,215,420,8
205,51,440,583,727,835,906,966,992,1001,994,1431,954,937,922,904,896,869,853,831,808,776,751,708,649,569,460,335,178,17,178,354,521,651,743,769,737,649,512,271,149,28,195,321,398,432,411,354,260,153,65,3,40,41,2,80,177,271,343,384,375,320,235,114,22,150,242,295,303,270,203,121,31,48,119,20,162,158,143,122,106,100,91,99,85,75,69,44,3,29,72,114,145,161,168,160,144,124,88,43,2,32,67,350,115,123,132,136,135,128,114,97,65,29,25,92,169,242,310,358,385,371,325,12,3,2,0,13,25,1,39,13,2,5,23,31,59,100,141,166,168,144,96,23,58,128,179,204,185,140,79,0,60,213,115,87,26,66,173,282,368,432,443,411,342,250,138,36,30,51,13,90,247,432,645,846,1001,1089,1097,1013,857,786,362,93,167,372,514,567,556,472,311,133,54,223,343,418,427,372,281,165,59,26,47,15,127,317,565,835,1099,1325,1483,1568,1556,1441,1246,996,711,417,129,130,351,526,636,703,731,709,669,600,536,473,426,396,407,443,503,585,665,724,749,725,658,542,372,192,3,611,353,486,566,593,588,544,458,336,198,22
61,8,438,297,144,23,185,339,483,604,709,1250,814,816,787,727,637,521,388,235,73,86,241,385,512,620,698,751,780,776,742,668,575,445,312,166,10,132,287,30,534,624,686,717,725,697,646,573,468,347,219,75,61,191,315,426,519,590,635,650,639,602,547,476,376,261,137,9,117,237,348,444,529,584,621,884,591,542,471,386,273,145,16,129,259,382,488,563,624,650,638,594,512,406,265,115,53,219,381,512,616,674,691,614,573,435,267,74,124,315,472,581,631,621,543,407,230,40,146,306,412,458,429,4,1,0,2,0,1,1,1,1,3,0,136,14,121,239,337,384,390,352,273,160,25,114,243,352,424,465,462,424,353,425,146,27,91,200,294,366,417,443,453,428,386,317,235,144,45,51,139,228,310,374,421,449,451,444,411,364,298,293,130,35,60,154,250,332,409,467,514,530,531,504,452,379,290,191,83,35,151,268,382,478,557,611,636,641,615,558,480,383,259,124,11,155,294,500,533,615,680,708,710,687,632,548,446,322,186,47,98,242,379,500,595,663,711,731,723,693,641,554,448,316,179,275,119,265,402,529,639,727,790,817,804,4
80,19,761,740,650,493,297,74,150,368,550,1210,759,766,705,579,405,198,24,245,444,600,707,750,726,633,492,309,105,108,318,498,634,708,716,661,556,409,214,517,206,395,540,638,682,661,583,458,290,101,92,282,440,552,618,629,586,499,359,186,5,172,328,462,556,593,577,508,399,254,93,87,255,404,510,916,581,534,439,301,138,43,220,386,511,577,590,547,452,301,112,90,282,449,568,624,610,529,371,167,61,284,474,261,657,609,474,278,37,214,427,562,605,543,390,173,62,273,420,476,434,296,103,2,1,0,0,2,0,0,0,0,0,0,218,97,57,205,316,367,348,258,122,48,211,340,413,424,372,258,107,57,210,377,415,441,409,325,205,70,73,207,314,391,424,408,353,264,148,19,109,231,332,396,425,412,360,279,166,40,93,23,330,408,452,454,417,345,237,105,41,186,319,426,495,519,499,433,329,188,27,143,307,446,544,593,585,528,421,271,94,95,284,445,568,643,654,661,517,367,178,21,216,398,545,645,682,660,583,454,285,86,118,313,477,597,671,686,646,549,410,226,27,179,374,371,652,715,717,661,549,384,184,39,252,9
202,145,628,692,746,763,745,718,652,566,464,300,220,87,52,178,298,407,497,570,635,703,726,774,788,789,788,780,757,713,670,611,540,459,357,266,163,50,49,980,217,282,330,344,355,337,302,243,171,89,4,83,162,236,307,338,370,386,382,357,330,277,225,172,109,49,1,44,77,103,118,127,131,126,122,32,97,91,83,77,106,108,119,139,151,174,180,196,199,205,201,193,182,165,150,140,113,92,70,50,32,11,7,431,42,51,65,77,94,110,122,141,161,181,202,232,258,284,316,342,364,380,394,29,46,7,30,44,13,6,40,33,34,58,86,115,132,134,128,107,70,31,12,53,98,133,157,166,158,139,110,56,1,213,146,226,296,366,424,458,486,488,467,424,372,297,202,100,8,119,228,329,417,489,543,584,592,579,542,489,414,697,216,103,6,133,240,352,459,533,604,649,676,687,667,624,569,496,414,327,222,127,33,55,126,188,234,268,276,278,261,234,174,117,44,39,134,1469,337,437,543,649,736,819,892,938,956,958,937,880,799,703,579,439,286,131,24,168,304,433,534,619,676,713,724,1630,679,615,544,454,342,220,96,42,174,165
4,19,383,525,640,731,790,816,818,776,714,550,500,364,212,55,109,262,407,535,641,724,773,793,784,737,667,574,467,334,189,30,118,268,407,519,619,695,740,697,731,686,608,512,405,266,132,10,151,278,397,499,580,635,669,675,651,611,534,438,328,207,88,36,163,281,390,473,541,589,617,619,599,542,476,300,262,141,17,110,238,355,460,543,599,627,624,602,540,454,339,203,53,100,254,393,516,609,674,685,652,577,462,618,131,61,251,422,558,643,667,627,524,380,201,5,184,342,451,501,483,398,262,0,2,0,2,0,1,0,0,2,1,0,264,323,339,300,222,110,24,158,278,378,428,442,418,351,255,140,11,118,233,361,409,450,464,447,402,338,251,153,57,46,146,239,320,380,423,441,448,429,388,333,265,185,94,2,88,178,265,132,407,451,479,485,474,447,399,335,261,164,67,41,153,260,358,447,518,566,599,595,576,528,456,368,252,131,1,133,264,386,495,586,648,692,695,747,638,560,460,339,210,70,73,215,352,465,571,642,700,722,726,699,639,553,457,336,206,67,72,212,350,475,585,530,735,770,775,751,700,620,519,400,261,0
3,4,589,721,773,734,610,413,171,93,349,1157,706,769,745,637,455,227,25,273,494,656,738,743,658,491,279,38,205,427,601,703,730,659,526,329,98,131,358,166,660,699,651,534,367,148,79,296,480,600,652,625,536,385,189,22,233,414,539,603,598,518,390,222,22,179,358,489,568,578,527,412,250,54,149,760,475,558,577,529,414,250,51,159,353,498,580,591,529,387,191,29,257,449,579,626,586,459,260,14,237,454,604,461,594,424,188,85,344,538,626,587,431,198,70,314,474,523,451,276,47,176,334,4,1,1,0,1,1,0,0,0,0,0,108,50,209,319,352,298,170,4,177,330,410,407,324,173,6,187,332,421,441,568,267,110,63,224,344,408,421,368,273,134,19,170,298,383,421,401,338,231,90,61,203,320,395,431,410,343,236,218,54,205,328,415,458,451,390,284,142,25,192,341,455,516,514,458,343,183,1,193,372,506,581,592,523,397,222,16,194,389,541,631,645,582,448,256,40,184,392,549,648,670,620,489,312,92,137,346,520,639,685,651,543,374,167,63,287,478,623,695,697,617,468,489,31,213,433,608,717,747,695,558,357,1
37,15,365,188,7,185,365,518,644,724,770,1031,709,617,489,324,145,41,221,392,538,648,722,747,732,664,562,430,274,102,77,251,410,540,640,693,714,687,622,844,373,213,42,120,273,418,533,619,655,654,614,537,430,301,153,0,157,299,421,514,571,597,592,546,475,361,235,91,51,192,321,431,519,567,592,759,502,410,290,158,7,143,287,414,512,570,597,574,520,414,278,117,54,224,382,505,594,635,625,550,420,249,50,333,346,505,610,645,616,505,341,133,90,288,444,533,543,471,333,152,46,217,335,6,0,2,2,0,0,0,0,0,2,0,108,225,310,343,313,229,107,38,175,304,383,420,403,334,229,96,47,182,302,462,434,440,403,334,230,124,1,118,231,319,386,416,419,390,334,255,162,57,52,162,255,337,389,426,429,408,362,318,202,96,14,122,230,323,406,457,494,484,458,394,302,188,58,74,206,328,433,512,567,582,562,503,409,288,150,8,159,309,442,549,620,657,643,653,509,389,240,79,89,246,395,518,614,664,681,651,595,487,360,203,39,129,277,425,541,635,690,708,681,614,507,578,219,48,127,300,458,590,698,752,768,2
50,6,724,625,491,324,151,37,218,391,547,1227,761,814,816,779,697,586,444,282,97,86,263,420,559,668,741,775,772,731,654,540,398,228,58,119,288,432,566,378,719,737,717,655,574,452,310,157,3,164,311,438,546,622,665,674,643,592,496,375,242,93,49,189,327,439,532,586,615,610,581,515,425,306,172,271,118,257,381,489,568,614,624,600,532,431,303,158,0,169,328,465,570,640,662,643,574,460,306,121,79,266,443,178,671,692,651,542,383,174,48,261,435,557,606,577,476,318,124,79,257,382,429,3,0,1,0,0,0,3,1,1,0,0,294,234,121,14,162,282,374,416,405,340,225,91,58,206,324,415,460,462,421,514,239,115,14,146,256,346,408,443,451,421,369,286,189,84,27,132,231,314,388,431,449,448,413,360,286,194,96,141,124,229,319,394,452,491,502,487,450,378,290,180,57,73,202,323,432,514,575,600,601,564,493,393,266,127,27,175,316,453,563,641,685,693,659,623,493,364,211,44,113,273,418,545,641,697,725,708,665,581,469,330,170,11,147,305,446,568,662,724,752,741,696,752,498,353,188,14,162,337,497,630,732,1
146,28,1498,1536,1500,1368,1186,933,648,316,32,1526,697,984,1209,1386,1491,1518,1475,1367,1193,952,673,362,34,311,614,889,1110,1302,1424,1467,1444,1331,1168,940,681,402,74,814,538,809,1029,1196,1311,1353,1334,1246,1095,886,643,368,88,195,464,705,915,1079,1189,1222,1201,1121,996,830,616,368,101,156,409,646,847,1007,1119,1168,1160,1406,952,774,554,312,43,238,506,747,953,1084,1178,1194,1151,1016,824,573,278,34,363,661,928,1140,1266,1293,1213,1043,779,1140,69,332,684,984,1194,1273,1223,1020,724,365,40,425,735,934,1000,921,722,421,81,2,0,2,5,3,1,3,2,3,2,5,510,356,125,134,396,605,743,777,723,577,352,88,187,453,664,803,870,860,776,988,416,190,48,288,494,653,774,838,853,803,707,560,391,195,4,205,391,552,691,786,840,852,815,735,622,467,293,374,108,313,488,655,783,886,939,960,930,834,717,541,333,103,138,377,599,798,967,1080,1155,1162,1105,987,807,599,346,68,213,491,750,974,1151,1268,1313,1447,1230,1076,867,618,339,42,258,554,819,1036,1208,1320,1375,1349,1271,1129,927,685,412,117,179,474,748,986,1197,1347,1435,1433,1390,1265,1083,851,570,254,65,395,704,26
63,31,639,225,187,598,963,1257,1489,1602,1634,1854,1361,1097,751,357,60,462,829,1145,1394,1548,1598,1545,1397,1138,818,455,67,328,703,1022,1284,1437,1523,1483,1369,1175,887,1463,163,217,580,888,1138,1323,1415,1415,1313,1122,873,557,221,120,458,760,1010,1197,1294,1300,1223,1062,867,595,293,33,356,647,893,1080,1197,1243,1209,1073,878,354,303,19,341,645,905,1099,1221,1255,1186,1030,798,509,162,217,575,892,1131,1285,1325,1253,1073,790,423,9,420,815,1124,698,1392,1297,1050,684,237,247,684,1023,1218,1252,1103,791,387,63,469,787,941,923,724,2,0,5,3,1,0,3,4,2,0,1,408,163,133,422,649,769,769,649,432,130,198,504,745,889,926,842,669,430,126,17,452,683,842,923,898,818,650,448,201,57,306,535,717,837,888,874,799,666,490,269,40,198,418,622,775,878,932,730,839,698,516,295,48,199,454,679,867,995,1078,1072,992,836,617,373,87,207,503,769,999,1163,1254,1251,1162,993,747,449,119,226,569,880,1126,1300,1393,1510,1295,1102,844,505,153,213,571,886,1158,1327,1438,1438,1364,1187,939,626,265,98,451,781,1064,1286,1441,1492,1467,1322,1112,1247,486,110,278,667,1005,1289,1502,1604,1624,7
199,166,708,652,488,246,27,293,504,656,750,1146,829,855,867,871,811,698,539,319,84,157,373,554,686,765,771,712,564,331,44,254,505,656,666,532,281,45,362,1076,723,709,581,377,149,53,182,234,213,143,74,33,49,115,209,291,328,287,168,8,204,354,417,378,241,65,112,244,291,252,161,43,54,120,131,202,58,12,35,94,147,206,262,290,281,229,147,29,83,179,239,272,257,218,161,111,50,2,34,55,61,43,11,373,83,107,104,84,49,6,60,135,207,278,324,337,288,187,31,129,270,341,329,33,85,52,81,54,31,16,16,23,49,30,0,50,48,11,88,165,192,151,54,79,197,257,244,160,42,74,138,135,67,24,122,165,127,9,154,329,452,495,431,272,84,89,200,198,100,57,200,280,220,25,271,628,927,1104,1086,869,498,323,368,686,807,745,512,178,156,413,516,476,288,20,262,474,576,564,465,369,308,355,502,732,957,1097,1077,864,471,45,579,1029,1312,1359,1180,840,409,1192,339,522,528,369,86,253,573,824,958,988,902,755,607,489,404,372,346,292,163,53,364,715,1051,1315,1459,1434,1284,2044,670,321,8,238,393,428,383,238,5,23
72,14,711,771,759,676,537,347,133,93,318,1099,657,747,770,725,620,458,263,46,178,384,556,680,737,732,665,544,381,189,31,244,432,581,681,712,693,613,471,737,85,120,314,478,599,662,671,624,519,367,188,5,191,359,494,593,628,619,544,426,276,102,76,243,396,506,572,583,552,467,344,190,16,159,321,866,541,578,565,503,391,239,68,121,297,441,545,598,592,523,395,222,23,178,367,514,608,634,583,460,271,51,186,66,561,644,639,538,363,123,127,352,512,586,552,428,230,1,216,378,453,424,307,0,1,0,0,0,0,0,0,2,1,0,242,141,4,158,287,362,369,299,179,18,148,294,393,430,404,314,179,23,135,287,378,432,430,377,275,151,7,132,254,350,411,426,393,325,223,101,27,154,269,356,412,428,402,343,247,131,3,54,251,353,424,457,450,410,326,213,78,68,212,342,443,507,524,500,429,316,171,3,171,329,464,558,599,592,531,413,261,82,110,297,455,581,647,724,615,510,360,176,23,221,397,540,640,677,666,591,462,291,97,102,296,462,589,667,691,658,576,434,260,57,152,128,517,647,716,730,681,575,420,217,5,11
45,31,347,514,638,726,771,762,714,611,473,31,115,71,259,424,565,672,736,758,725,651,538,397,228,33,148,318,470,591,682,722,726,669,581,455,299,138,41,292,377,508,604,661,681,652,590,492,355,202,40,125,279,410,519,588,621,626,583,497,387,250,107,36,188,322,436,517,566,579,561,507,422,302,165,292,136,272,398,491,557,585,575,521,426,296,152,11,173,337,467,567,614,619,567,471,334,160,29,221,399,535,627,459,615,499,338,137,82,295,467,570,604,552,428,245,39,161,329,434,457,406,279,1,0,0,0,1,1,1,0,0,0,0,224,302,322,286,195,65,83,220,329,399,412,368,282,153,11,137,266,366,425,583,416,348,248,129,4,122,237,326,393,420,421,381,322,231,127,18,96,200,291,362,410,429,413,377,317,228,129,169,91,201,295,374,430,461,467,446,391,305,204,85,48,179,299,408,492,542,563,539,488,396,276,138,11,166,311,441,540,609,635,623,568,477,349,162,31,136,294,433,550,630,678,669,631,543,424,284,121,51,222,374,506,602,662,688,672,616,529,401,252,82,96,31,422,550,654,717,741,715,647,536,397,8
96,26,794,821,760,633,456,232,3,235,460,1205,754,815,800,723,587,400,183,44,277,481,641,752,793,760,670,528,346,138,88,311,500,648,734,753,723,633,471,733,59,159,352,519,643,704,711,656,540,384,204,4,199,373,517,618,660,663,591,469,315,131,44,224,392,517,597,617,596,522,402,249,73,112,284,855,543,602,609,565,468,325,153,41,232,401,534,617,644,600,495,336,139,73,285,467,602,672,661,574,412,196,53,182,502,643,693,649,513,290,31,229,444,578,610,539,373,150,89,291,427,465,399,2,0,4,0,0,1,0,1,1,0,0,82,74,227,332,374,344,238,88,85,256,378,441,440,365,240,78,98,255,376,559,465,422,331,194,41,106,242,350,423,451,434,362,262,139,2,134,254,354,422,446,435,380,289,178,44,91,221,137,425,470,481,452,375,277,144,5,154,296,420,503,547,544,484,391,264,100,70,240,402,522,603,633,600,518,389,217,30,164,355,513,625,693,688,667,515,351,156,49,252,438,588,687,723,697,622,487,305,99,115,319,486,621,702,726,695,608,473,291,87,129,340,335,663,744,772,740,640,490,293,67,157,10
86,76,735,831,914,956,969,975,953,923,898,1484,860,851,847,867,875,894,901,919,924,933,919,893,858,808,739,674,591,479,368,240,106,52,198,353,494,622,717,740,816,797,748,645,535,399,261,150,58,7,11,12,58,117,181,241,270,273,250,211,134,51,46,129,206,266,306,311,312,286,235,191,135,78,39,146,46,62,88,104,116,138,154,180,210,227,247,266,273,257,245,209,171,135,94,56,28,10,4,4,11,31,41,366,75,94,95,92,95,110,118,132,158,190,237,286,322,363,392,400,383,347,287,37,0,7,97,19,56,12,43,40,28,64,42,52,69,85,88,81,58,15,27,84,142,185,211,215,194,156,99,35,22,163,100,99,60,5,98,206,309,408,474,506,500,433,337,214,60,72,202,292,334,317,243,139,17,194,378,548,678,581,818,811,741,623,468,289,88,114,298,440,560,631,660,634,590,513,429,363,297,284,307,364,474,616,778,955,1115,1262,1355,1400,1409,1340,1228,1055,855,458,370,133,103,324,500,667,798,886,940,959,966,939,904,867,841,830,828,853,905,973,1050,1142,1223,1289,1326,1335,1318,1778,1164,1057,920,768,595,421,238,50,122,84
182,162,163,183,213,243,289,352,403,456,525,826,653,724,776,832,859,881,892,894,885,859,840,805,781,749,717,697,678,656,636,614,587,539,483,423,352,267,184,706,13,67,127,180,220,238,242,230,197,149,82,32,20,80,125,164,181,179,175,143,100,41,18,86,146,187,231,256,257,254,244,214,169,132,96,173,38,30,15,11,23,21,28,32,44,43,34,30,15,8,3,12,8,16,10,9,3,9,10,10,19,19,15,266,5,0,9,19,35,50,62,65,66,76,68,60,45,27,0,36,79,119,157,15,46,9,27,50,2,24,14,30,75,28,51,7,43,82,119,143,163,167,164,152,136,110,75,42,21,3,16,19,16,369,35,77,135,198,260,317,376,416,440,434,410,360,290,178,68,67,204,342,474,593,676,754,789,796,774,721,636,684,401,262,123,15,166,293,403,494,557,595,618,608,579,532,482,430,369,335,290,283,288,314,346,388,456,524,583,647,692,735,767,776,773,750,732,1961,649,615,564,512,493,464,452,438,444,448,476,507,559,617,683,763,850,938,1025,1113,1176,1236,1275,1288,1285,1252,1194,1224,1023,917,796,680,571,470,381,301,245,56
279,100,703,559,122,830,979,355,547,1073,856,415,676,979,692,32,625,907,632,30,672,877,497,204,751,742,191,477,752,390,307,714,442,291,777,481,344,875,559,1091,892,609,191,730,554,52,445,345,12,154,87,12,54,97,9,178,203,13,266,245,55,334,274,78,343,260,53,273,205,32,167,102,42,93,21,83,89,25,90,138,90,45,192,205,33,212,302,132,167,344,226,60,282,273,60,164,228,127,42,148,95,3,61,588,56,40,46,140,100,44,191,199,43,171,269,155,118,327,260,66,369,334,21,3,8,44,5,25,14,4,21,42,41,11,44,81,41,86,159,46,154,196,14,203,199,30,210,131,75,156,16,120,77,48,175,38,268,216,126,389,248,174,433,246,146,331,141,99,83,129,116,225,518,274,429,911,548,426,1091,781,263,781,819,88,783,626,86,557,321,269,511,116,457,595,137,407,547,262,52,174,239,412,513,143,653,1213,804,455,1517,1378,49,1302,1516,459,815,1196,492,1785,762,226,508,619,11,711,800,148,698,1003,565,229,799,847,463,90,622,930,787,114,808,1318,939,175,1204,1357,487,182,1156,775,80,668,596,93,338,300,95,23
265,85,627,786,878,897,867,769,639,509,377,628,139,44,63,164,269,363,455,546,624,682,737,779,785,774,703,578,406,177,67,314,503,655,704,649,504,282,20,1000,491,665,755,752,672,521,343,175,50,25,27,14,80,156,187,172,118,22,77,156,188,172,99,14,130,228,292,312,281,228,146,68,0,50,94,6,134,131,121,88,38,37,121,216,302,355,394,394,360,294,197,81,40,149,247,307,328,313,259,187,94,9,53,216,76,47,0,43,73,82,98,116,129,164,191,238,260,261,222,144,35,86,203,70,9,13,21,57,39,70,23,27,17,44,160,124,66,3,84,147,180,176,134,59,27,112,163,172,137,42,60,157,222,556,169,55,104,264,391,445,415,303,128,63,230,328,336,242,81,112,277,373,348,204,52,377,722,1013,1195,1234,1125,852,539,163,177,446,591,596,482,269,8,282,512,655,700,647,513,373,252,194,240,367,563,778,927,979,885,649,281,153,616,1019,1292,1436,1420,1245,967,49,250,100,386,579,674,646,538,352,120,119,314,453,521,535,521,509,538,620,773,991,1213,1408,1532,1564,1484,1303,1052,1705,458,174,60,246,391,447,445,373,227,11
74,2,739,683,593,474,335,175,16,152,313,1050,579,677,735,767,757,715,643,546,416,276,121,35,192,346,474,579,664,716,738,719,676,587,484,350,210,69,89,265,370,484,577,635,673,674,645,593,503,395,272,136,3,136,264,379,474,550,598,611,598,559,500,422,317,199,69,58,179,293,393,477,543,577,588,756,510,437,338,230,100,32,165,294,407,496,560,598,600,567,503,403,275,132,29,184,333,467,574,635,646,612,528,617,235,48,138,319,473,579,624,602,519,385,208,14,172,329,434,477,447,360,220,2,2,1,0,0,1,1,1,1,1,0,110,222,306,341,332,272,173,46,86,220,323,394,424,414,363,279,165,44,80,170,298,374,421,437,417,377,311,225,132,26,78,177,264,331,380,410,423,407,376,318,246,165,74,22,114,207,287,161,410,446,458,448,416,373,303,221,128,18,87,197,300,385,454,512,544,547,527,474,404,308,192,67,67,197,320,432,520,593,634,645,622,571,485,383,260,122,26,170,305,430,534,614,668,680,669,624,559,458,344,210,65,77,214,346,462,563,643,690,710,699,654,724,484,363,222,68,88,247,391,522,630,1
30,22,157,8,142,289,424,543,640,710,757,1104,754,712,641,541,418,285,147,0,148,287,418,529,617,682,721,733,724,680,616,520,404,272,132,8,146,279,401,115,588,651,681,683,668,616,550,461,351,229,104,27,152,268,372,470,537,592,616,612,588,542,479,402,303,194,78,37,154,262,361,448,518,563,586,831,551,503,433,345,237,119,3,130,250,361,458,533,589,613,607,567,495,395,265,129,27,181,329,462,558,624,653,555,565,449,301,127,59,241,399,514,581,589,539,432,282,110,69,229,348,413,412,3,1,4,0,1,0,0,0,1,1,0,137,237,311,341,326,266,172,54,70,195,301,382,428,428,392,326,236,125,10,35,214,303,370,416,431,421,388,337,270,189,98,4,89,178,256,320,372,404,421,418,400,362,307,240,165,81,7,80,184,264,335,390,433,462,474,467,445,397,338,256,163,59,47,154,257,352,436,503,556,582,586,565,519,449,362,256,142,16,117,241,357,467,550,697,659,668,655,611,545,459,353,230,102,29,163,286,401,502,583,647,682,688,673,630,567,482,384,265,136,1,139,45,392,502,598,676,728,753,749,713,649,6
98,5,725,651,528,369,190,2,192,371,537,1197,734,773,758,696,586,450,289,108,87,272,436,570,672,726,737,704,632,517,374,203,22,165,334,475,595,673,711,740,640,542,413,264,104,72,235,389,506,592,643,647,613,545,442,316,168,17,145,289,407,503,569,595,591,536,457,343,213,70,69,217,350,457,540,907,576,544,473,370,242,97,59,214,359,470,550,595,598,549,458,327,167,3,183,348,491,595,646,632,558,428,254,463,161,363,511,612,651,597,474,286,72,137,331,471,535,513,416,260,66,120,271,1,1,1,2,2,1,0,0,0,0,0,238,146,13,129,255,339,377,356,290,171,23,126,262,365,427,437,394,314,194,186,78,205,310,390,424,427,396,330,241,131,14,105,214,302,369,408,422,402,357,286,196,90,18,130,228,319,388,269,452,434,397,330,238,138,15,101,224,327,419,482,518,511,472,412,322,202,71,75,218,350,464,549,598,608,579,507,409,278,119,48,208,362,489,679,657,671,646,573,473,339,185,11,158,313,457,562,647,681,681,634,545,425,289,125,43,216,372,507,616,688,721,754,653,550,423,263,89,101,282,452,589,8
14,11,315,383,438,470,488,477,457,428,391,579,326,299,275,253,236,213,187,154,128,88,43,2,52,109,171,221,272,305,316,305,271,198,108,1,112,217,300,521,375,366,318,249,171,88,17,26,51,52,33,2,35,68,85,89,69,39,0,37,68,83,81,59,24,22,65,101,120,123,111,83,50,15,10,6,46,57,61,71,81,89,103,117,120,117,101,70,27,28,79,132,175,209,222,217,196,158,111,59,7,31,57,92,67,45,24,1,18,31,34,33,36,46,71,103,138,176,196,194,165,113,38,23,27,10,5,15,6,19,16,5,10,28,39,0,43,78,105,113,97,64,24,18,56,82,87,75,45,3,40,77,95,299,63,13,51,122,185,227,238,217,165,92,13,51,92,102,71,12,77,173,256,314,336,312,241,131,3,149,286,214,477,496,464,387,273,129,19,150,253,317,330,305,240,164,90,38,22,43,104,190,288,380,439,456,420,331,195,23,152,332,478,580,631,627,572,647,318,165,7,144,273,369,428,449,436,397,354,303,271,248,253,272,319,370,415,446,447,423,362,273,163,48,69,87,260,318,345,350,327,279,217,137,56,5
44,21,509,367,211,34,138,302,454,579,680,1210,768,758,700,612,492,352,193,24,147,308,455,571,663,716,734,712,664,582,474,333,177,9,153,303,436,551,642,521,705,675,616,526,423,284,136,12,166,300,424,519,589,627,635,610,554,478,366,238,104,36,167,289,404,488,551,575,576,550,499,420,319,198,63,423,205,323,428,507,562,584,577,532,453,339,215,75,76,232,370,486,568,616,618,585,501,381,228,52,134,305,462,181,644,646,593,478,323,123,85,279,438,541,575,536,431,278,92,95,257,369,408,1,1,2,3,0,0,1,0,0,2,0,138,16,120,236,327,366,359,300,205,77,64,197,312,393,432,430,379,297,190,199,61,182,279,362,409,427,417,378,314,229,132,24,81,179,265,335,386,413,423,399,359,297,217,128,32,67,168,45,341,398,437,455,450,427,375,304,217,112,4,114,226,326,414,487,531,552,542,495,426,336,215,84,58,191,324,437,527,599,635,636,607,536,441,323,180,32,120,265,398,513,600,658,682,666,618,541,442,306,168,12,140,280,409,523,613,673,702,693,651,578,478,558,202,49,113,270,420,552,661,729,765,3
33,20,106,330,530,679,762,769,710,582,399,219,54,280,482,633,733,757,714,612,442,239,12,212,413,583,686,728,714,629,487,294,78,148,355,521,644,711,703,825,489,315,108,99,294,464,587,658,660,599,491,329,143,50,239,405,525,608,622,581,482,338,175,1,186,349,477,553,587,562,482,358,197,19,163,756,465,545,578,557,479,350,189,2,199,364,495,579,606,560,446,284,90,117,323,489,597,638,593,473,282,59,186,72,569,647,628,518,333,78,180,400,543,589,528,370,149,86,294,426,461,395,238,1,3,0,1,0,1,1,0,1,0,0,60,96,238,328,351,296,172,15,149,301,393,417,376,266,111,52,214,348,422,599,396,301,163,16,135,264,361,413,419,376,293,175,35,105,229,325,392,424,408,347,251,138,4,131,248,347,417,293,426,370,278,156,17,123,258,373,456,496,494,437,332,196,38,122,282,421,516,565,558,507,397,241,57,128,303,458,567,630,629,560,443,281,84,181,322,487,605,659,662,605,483,311,116,92,293,458,591,666,680,638,527,373,191,18,228,413,567,664,710,688,605,641,278,65,152,360,541,681,752,752,684,1
101,8,795,731,601,420,212,15,239,445,621,1256,810,819,754,640,474,274,63,159,368,550,683,770,791,749,652,512,335,136,79,288,474,619,718,753,743,675,545,793,178,27,223,399,547,654,706,704,643,533,392,214,28,158,327,477,580,651,663,617,527,398,246,81,100,269,418,522,593,617,598,532,420,268,105,409,244,389,509,589,619,597,527,409,251,66,120,298,456,580,646,655,592,479,306,112,105,317,500,627,685,666,569,642,183,69,299,499,637,677,623,473,260,21,219,415,533,556,473,321,112,103,281,5,1,1,0,0,0,2,1,1,1,1,299,233,105,52,207,326,399,399,331,211,48,121,278,396,459,461,394,287,135,75,177,310,404,455,452,410,320,206,72,63,197,312,394,437,441,411,350,254,135,1,125,244,339,415,454,455,427,355,257,135,6,123,248,360,447,501,520,489,431,328,194,45,113,266,401,508,581,602,580,510,393,243,62,112,290,443,566,650,677,649,571,451,279,56,105,292,463,587,672,711,698,618,496,331,146,48,248,430,579,684,727,718,669,560,415,232,37,167,362,530,665,673,770,740,654,519,344,139,78,293,480,12
4,39,362,394,387,341,273,187,103,26,38,63,119,145,173,201,234,264,292,321,349,372,391,403,416,412,394,353,293,205,99,24,141,248,333,384,396,362,288,144,66,51,159,231,258,253,200,128,47,22,66,80,57,10,40,86,120,128,111,71,26,20,56,75,73,59,27,2,29,51,65,68,67,55,39,78,6,9,31,47,64,91,109,130,142,144,127,94,46,9,73,132,181,209,214,201,170,134,91,47,4,23,43,10,52,40,17,11,37,64,83,102,114,127,140,158,174,182,174,140,87,10,72,18,19,9,8,13,19,12,6,5,6,44,6,41,77,91,84,58,21,19,47,61,61,47,24,2,22,38,41,25,1,77,90,135,167,167,140,83,4,87,169,224,238,210,139,53,30,91,109,84,2,112,242,368,469,526,531,477,376,246,79,81,223,322,366,350,277,159,19,125,239,318,346,330,281,223,170,143,154,212,296,407,508,586,627,619,553,430,265,73,123,298,443,531,557,829,435,296,141,21,168,297,385,443,462,454,426,387,339,300,280,275,296,322,343,357,340,291,207,91,47,180,306,301,466,494,490,456,403,328,242,141,26,37
11,52,23,341,677,979,1239,1437,1586,1634,1625,1827,1372,1153,876,561,215,133,467,780,1078,1307,1473,1559,1587,1521,1405,1227,1004,728,424,85,246,573,868,1100,1302,1431,1507,1518,1410,1268,1058,807,539,219,80,388,672,911,1114,1252,1345,1368,1326,1239,1060,871,618,349,68,214,475,710,933,1083,1193,1236,1229,1166,1055,892,681,429,162,798,389,633,862,1042,1166,1235,1237,1183,1058,862,626,347,49,276,580,855,1076,1246,1324,1324,1230,1058,803,480,108,259,636,31,1209,1354,1382,1279,1074,733,336,93,502,842,1072,1177,1134,952,655,293,95,436,679,7,0,3,1,2,1,0,8,0,3,3,628,621,503,291,33,246,509,713,829,870,785,621,393,117,162,424,647,817,911,1258,885,768,590,382,138,93,326,519,694,806,884,893,859,772,644,487,308,107,101,309,487,651,775,866,908,912,875,723,673,515,333,132,80,291,500,685,854,972,1066,1091,1064,983,842,678,473,238,7,277,532,769,981,1141,1252,1295,1284,1196,1057,871,619,344,52,263,555,987,1072,1241,1378,1420,1414,1338,1202,996,762,474,166,133,444,724,977,1198,1360,1439,1474,1430,1331,1183,974,717,431,123,201,27,803,1063,1281,1448,1561,1581,1562,1437,1271,20
103,54,313,536,742,913,1041,1116,1152,1147,1104,1282,981,920,873,846,821,811,817,798,785,741,685,610,524,396,258,118,47,217,375,532,634,708,703,629,492,276,50,923,429,601,703,721,666,540,374,200,33,86,135,142,82,17,125,224,279,301,271,203,121,9,69,139,159,154,119,64,8,39,86,102,99,87,61,158,7,21,49,73,111,154,201,264,333,393,441,455,456,422,362,275,185,79,20,109,177,213,227,210,156,88,25,651,119,170,202,216,208,187,183,177,181,189,194,175,140,53,57,183,318,415,466,36,12,22,2,11,12,58,13,3,34,59,13,23,83,131,169,176,151,100,31,32,88,117,109,86,32,28,89,148,164,418,84,7,137,265,378,448,459,405,292,150,14,146,242,243,184,68,109,297,449,559,589,539,392,189,74,344,605,463,961,1013,961,811,577,295,11,303,531,682,739,711,616,452,306,183,116,122,205,342,520,693,837,924,927,824,644,372,68,268,595,848,1036,1123,1114,1707,822,594,331,41,207,457,648,802,899,937,941,902,848,803,762,758,789,857,954,1052,1142,1188,1183,1124,1011,838,632,1227,200,2,179,323,435,511,534,510,426,209
101,3,729,637,501,321,127,72,270,448,610,1271,797,823,794,723,607,458,283,90,107,298,471,607,713,767,779,748,678,569,420,246,60,138,315,472,602,695,746,749,707,618,495,350,188,6,171,334,475,581,655,685,679,629,547,431,284,133,32,193,333,455,550,610,639,618,567,472,359,219,77,80,233,369,488,966,607,615,578,518,413,282,128,36,198,349,480,577,637,648,608,521,389,236,46,142,328,486,611,678,684,624,507,625,125,103,314,495,628,675,644,531,354,145,81,288,448,531,531,452,298,108,89,2,0,1,0,0,0,0,0,1,1,0,51,93,228,330,378,364,295,175,31,127,267,378,442,452,412,322,194,54,97,209,343,422,460,460,409,339,235,116,7,131,244,338,403,437,441,415,366,289,192,77,36,148,249,341,406,449,469,362,411,336,248,144,24,92,216,325,424,488,536,541,515,452,357,247,115,26,169,310,436,539,607,635,621,575,487,367,224,63,111,280,427,554,647,786,709,668,590,471,329,163,10,190,356,501,615,687,727,717,670,578,455,306,146,32,204,370,516,633,716,756,757,784,625,493,342,158,29,223,404,562,681,6
224,49,1552,1640,1604,1444,1208,885,510,94,338,1922,1082,1359,1540,1627,1594,1452,1234,930,571,172,232,619,972,1250,1446,1540,1552,1455,1262,979,649,259,132,513,867,1150,1370,1191,1488,1395,1213,950,647,287,77,431,762,1026,1230,1336,1368,1304,1160,937,645,335,15,346,644,902,1105,1222,1274,1222,1092,884,628,334,24,298,602,865,1080,1914,1242,1194,1064,864,593,275,62,396,704,955,1143,1258,1277,1183,981,703,345,31,428,783,1072,1279,1368,1317,1135,838,447,867,452,861,1165,1330,1363,1192,885,460,16,475,853,1089,1155,1036,763,379,54,439,709,8,1,3,2,0,5,3,3,2,6,2,434,625,694,628,446,180,137,444,694,855,876,778,586,307,1,310,580,788,906,1239,857,689,462,185,104,359,589,755,869,899,866,750,586,372,130,109,348,554,733,845,904,893,822,690,512,297,61,161,428,638,809,919,975,980,903,782,591,353,96,180,463,707,911,1067,1152,1152,1087,924,700,415,94,239,556,859,1093,1255,1329,1318,1212,1013,759,441,75,403,647,939,1195,1347,1416,1397,1290,1078,812,477,119,242,601,922,1185,1362,1449,1441,1357,1169,919,617,268,111,497,837,1137,1135,1508,1538,1485,1331,1093,777,425,28,356,30
62,43,253,547,808,1014,1180,1264,1298,1229,1114,777,689,420,120,165,463,721,937,1102,1212,1260,1229,1123,967,727,475,197,79,354,624,846,1029,1138,1197,1172,1096,970,770,1202,264,9,281,531,742,919,1045,1115,1102,1030,916,730,526,292,48,192,439,640,812,927,987,992,950,865,723,527,313,84,147,372,570,745,880,955,981,1253,837,695,506,299,62,184,418,631,807,922,987,986,928,785,596,355,84,191,472,698,901,1023,1074,1027,882,659,367,708,299,608,856,1017,1077,1001,825,537,200,142,462,707,856,869,762,551,267,46,329,8,0,2,0,1,4,0,3,0,0,0,390,231,12,203,420,561,634,613,504,334,105,132,364,554,676,736,697,608,455,491,54,158,351,519,632,692,700,651,575,440,288,102,84,259,420,536,640,688,702,667,593,489,338,181,10,166,336,177,614,703,751,754,720,652,533,392,230,31,163,362,537,695,805,878,903,870,799,656,480,276,31,204,442,645,826,954,1027,1051,1000,900,736,530,291,56,237,490,716,894,1029,1101,1128,1072,967,792,585,348,86,183,438,679,876,1025,1111,1144,1117,1036,903,709,483,221,56,45,588,817,1010,1141,1226,1234,1188,1060,890,10
104,37,731,344,67,479,854,1159,1396,1512,1547,1721,1252,961,606,213,194,578,927,1201,1395,1487,1478,1366,1145,832,475,93,296,653,979,1228,1392,1435,1394,1240,1011,716,356,1000,402,740,1014,1207,1337,1346,1271,1107,849,544,200,154,488,782,1021,1184,1250,1242,1128,937,691,381,75,247,554,807,1013,1128,1170,1124,1006,808,552,245,70,1160,671,897,1065,1158,1157,1061,887,629,320,26,364,679,949,1144,1236,1215,1076,848,527,157,240,623,955,1185,1297,1264,1093,1237,395,60,497,875,1150,1261,1209,975,612,186,266,667,937,1044,962,730,371,23,381,4,4,3,2,2,0,0,2,2,1,1,410,586,650,589,400,137,168,453,678,814,806,688,472,187,117,401,650,818,876,1166,706,503,248,24,297,520,696,798,854,807,703,519,296,63,184,399,588,727,827,844,803,696,532,328,104,134,363,177,749,859,911,894,812,681,483,248,8,268,528,750,921,1022,1046,1008,886,695,448,160,155,469,754,979,1144,1221,1210,1096,914,650,323,27,375,692,980,1358,1320,1329,1264,1073,832,521,176,193,555,860,1114,1283,1369,1345,1238,1038,764,438,90,267,612,923,1175,1336,1429,1398,1276,1390,780,429,59,337,714,1034,1300,1468,1527,7
52,55,410,9,381,755,1085,1345,1546,1616,1642,1778,1334,1070,724,354,43,428,778,1093,1335,1518,1590,1571,1465,1250,981,659,317,61,436,778,1079,1302,1467,1508,1488,1385,1182,1684,583,234,137,476,773,1043,1245,1383,1415,1358,1235,1027,773,487,159,158,483,765,1001,1171,1256,1267,1230,1105,924,669,393,82,217,509,763,982,1149,1229,1257,1498,1017,812,535,257,62,375,669,932,1114,1238,1261,1207,1072,839,552,207,153,508,837,1087,1277,1350,1322,1157,886,515,98,636,741,1072,1295,1379,1318,1080,725,292,177,596,923,1117,1145,1013,731,358,53,430,691,11,0,2,1,2,0,3,4,2,2,3,486,641,682,594,399,121,187,476,706,859,872,784,600,337,43,257,530,746,883,1205,896,777,583,351,77,165,411,617,790,870,910,855,753,595,398,183,51,275,485,662,797,888,906,885,790,660,476,493,40,198,419,617,787,921,1002,1013,990,872,716,507,255,24,304,567,811,996,1143,1201,1211,1130,967,748,469,162,166,481,767,1023,1211,1338,1375,1333,1188,994,716,397,54,303,631,925,1174,1336,1446,1433,1361,1195,974,670,343,8,365,682,959,1191,1357,1462,1486,1416,1264,1033,741,922,46,314,670,987,1270,1462,1599,1617,1551,15
34,31,265,441,584,694,778,812,818,766,690,448,426,261,79,103,277,439,575,686,760,803,794,748,665,537,396,235,71,99,269,424,559,658,736,754,747,706,622,852,367,211,45,122,271,415,532,625,681,697,682,625,544,439,311,179,23,122,265,393,494,568,618,633,620,566,491,389,269,132,7,146,285,401,505,958,608,610,588,535,444,327,195,44,109,257,390,503,591,642,654,617,538,423,268,99,83,263,435,563,652,688,669,648,459,278,76,136,337,506,618,651,614,510,344,146,66,258,405,486,490,418,280,0,0,0,1,0,1,0,0,1,0,1,178,284,349,347,302,198,64,82,223,345,418,449,432,361,257,130,13,151,273,421,442,469,458,409,331,236,122,2,111,217,312,381,432,448,440,403,350,272,180,74,30,135,234,319,388,433,462,356,444,396,331,242,144,35,80,192,296,391,471,523,548,543,504,448,366,259,139,0,141,270,399,505,587,636,652,631,581,499,379,244,90,68,222,451,503,602,677,706,708,670,601,490,367,215,53,103,260,405,530,632,701,729,723,683,612,514,390,242,82,82,253,190,543,647,727,772,782,748,690,584,459,17
55,8,344,357,168,152,449,570,463,178,158,444,494,425,268,55,154,315,395,359,220,15,194,340,350,228,18,194,303,262,67,169,312,260,31,243,397,307,32,546,415,332,69,190,306,238,56,93,137,66,24,49,6,70,90,39,50,101,73,4,68,61,5,85,112,53,48,125,136,73,17,88,101,63,1,51,63,27,29,79,90,51,34,127,169,142,32,115,218,220,109,54,186,218,141,18,83,115,85,33,1,1,18,304,12,23,62,79,69,41,14,15,58,104,122,84,27,148,206,130,49,220,262,15,3,47,0,9,28,10,9,14,15,2,9,28,63,61,8,55,75,22,61,108,70,19,97,95,21,67,86,26,62,225,42,73,151,109,33,181,217,106,83,214,202,64,83,116,26,96,114,27,240,356,251,57,397,558,418,50,346,455,437,115,217,362,259,8,206,232,56,181,314,247,29,191,289,242,124,46,37,30,71,280,486,516,250,230,679,837,593,66,463,730,611,230,176,1023,335,87,178,284,177,77,331,442,336,69,226,413,445,360,208,41,134,327,497,556,427,94,323,653,728,510,101,156,554,539,323,20,212,285,191,15,132,22
108,3,180,72,321,548,717,808,817,744,595,110,141,117,365,573,722,792,786,706,551,341,96,151,384,578,710,775,767,674,514,300,63,186,412,587,709,758,726,879,451,241,2,226,428,587,681,713,665,549,383,173,43,253,436,576,652,669,606,490,320,121,82,273,444,555,617,612,549,430,268,74,127,318,475,970,617,591,505,373,188,21,225,410,550,621,625,563,428,237,14,213,415,572,654,658,572,411,186,65,319,523,659,519,624,452,209,67,335,543,652,640,513,301,30,232,433,539,526,399,192,44,250,3,1,1,2,1,0,0,0,0,2,0,256,330,322,228,80,99,268,384,423,385,260,91,98,278,404,467,444,364,221,176,129,288,400,459,447,385,270,127,29,182,313,404,446,436,373,270,139,8,156,289,386,445,451,417,335,216,75,101,224,354,440,483,475,429,333,198,42,131,290,422,512,552,531,460,336,172,10,208,382,523,610,630,586,482,324,123,91,298,485,615,682,687,602,489,276,58,172,382,556,673,721,690,596,436,235,11,218,426,588,700,734,695,589,422,218,9,240,446,614,722,770,788,616,442,225,21,269,491,668,779,805,10
364,145,493,724,818,752,524,176,218,554,805,1408,935,852,703,496,260,20,286,527,702,785,778,652,445,165,143,436,639,691,549,245,167,546,783,787,536,118,361,1013,885,782,469,70,281,480,496,345,144,37,122,109,23,57,76,23,85,177,197,137,8,172,284,300,226,84,82,189,219,182,106,23,29,65,70,8,25,22,77,129,150,128,62,59,194,299,347,303,174,5,180,325,377,325,206,53,69,149,145,79,9,88,110,243,0,77,140,166,176,173,161,129,67,53,189,329,396,353,195,42,278,414,422,43,34,22,27,42,94,21,58,20,52,4,93,0,91,152,144,73,34,129,176,141,32,103,204,204,112,32,150,165,89,82,224,277,187,24,286,459,485,332,59,223,396,403,265,44,121,157,20,232,470,577,445,93,390,849,1106,1057,709,479,382,776,881,687,295,136,429,496,332,19,326,566,624,522,324,118,1,9,24,33,71,341,722,1103,1334,1267,872,209,546,1189,1511,1458,1044,445,145,1830,688,535,188,225,558,726,697,477,141,230,562,776,871,850,781,692,597,493,337,80,291,748,1157,1428,1438,1194,723,1005,391,758,902,826,604,294,0,220,318,187
51,28,345,209,71,369,505,423,142,188,428,695,373,144,125,333,421,368,184,63,275,372,325,157,69,268,349,257,24,231,358,268,14,300,395,218,113,388,400,193,186,378,326,81,172,272,190,22,96,114,51,8,9,25,38,12,84,110,45,77,158,130,7,156,197,95,67,167,148,34,68,92,48,8,40,65,10,36,51,34,2,55,102,110,50,54,136,155,95,8,107,143,110,30,47,88,76,26,19,26,1,31,25,246,70,94,52,15,86,110,86,31,36,94,124,103,14,105,177,137,9,156,188,19,16,37,0,4,3,4,2,10,19,8,8,38,53,4,67,90,27,73,123,79,21,103,98,26,51,66,16,41,43,45,80,72,18,131,158,50,127,235,179,8,185,208,88,59,94,4,111,82,104,312,346,112,258,519,475,134,270,372,400,90,206,303,166,55,194,128,72,252,263,85,155,300,273,128,1,46,58,131,284,402,322,19,470,746,635,160,411,751,662,241,238,490,413,242,185,281,131,135,334,307,64,254,464,448,224,77,309,414,389,291,129,90,345,545,563,336,74,488,689,570,203,63,478,484,275,6,212,240,118,60,164,88
96,157,339,431,551,657,762,862,929,968,977,1445,898,818,700,566,423,280,137,2,140,248,337,420,481,514,535,552,551,553,554,543,538,530,530,514,514,501,495,324,471,466,432,401,365,326,284,235,195,153,110,86,63,55,33,32,37,51,76,93,125,140,161,184,198,212,201,196,181,163,137,110,92,70,48,33,41,41,60,82,103,137,174,209,238,267,278,296,292,282,272,249,214,174,136,100,62,26,2,11,25,34,23,47,6,35,62,99,125,153,184,212,235,255,270,290,299,310,310,308,307,299,291,13,28,44,102,40,37,24,61,16,24,16,81,69,57,55,43,29,12,6,19,42,63,88,109,121,125,126,117,101,75,383,5,42,87,138,187,224,261,275,287,285,274,241,198,143,78,19,59,127,191,244,289,331,351,358,352,337,323,234,274,258,258,258,288,323,367,428,494,545,601,635,636,625,563,476,332,164,33,257,498,748,977,1188,1376,1521,1622,1680,1683,1642,1558,1441,1294,1139,980,1418,689,600,517,482,478,498,548,607,682,755,807,839,844,806,737,616,466,288,75,135,358,568,762,929,1040,1128,1164,2025,1099,1008,891,770,631,498,389,298,240,109
43,236,722,593,51,566,877,707,148,461,849,1097,393,259,812,957,574,139,776,936,561,95,643,780,456,103,561,633,284,259,609,464,78,581,626,111,522,746,366,586,703,520,17,440,446,125,181,239,105,36,71,23,42,88,51,111,238,162,103,341,302,14,329,347,101,181,275,126,50,102,34,27,0,65,68,82,66,97,75,38,17,85,146,132,26,145,242,191,5,209,261,145,52,191,179,49,61,84,20,34,4,96,130,235,138,227,146,48,211,236,121,55,204,251,147,71,284,311,78,247,385,192,166,13,27,5,4,18,47,39,6,42,49,34,22,56,102,9,136,169,3,212,235,15,228,255,51,165,201,58,65,38,53,512,152,257,101,259,484,305,184,552,482,16,390,407,110,139,95,115,112,219,571,466,174,868,953,245,726,1147,660,34,910,715,13,547,438,97,466,251,322,653,379,259,698,581,90,302,349,236,235,350,241,302,962,1084,334,871,1576,1145,136,1277,1415,528,576,1022,597,1667,577,306,289,599,294,377,846,704,40,652,920,654,144,317,615,742,685,311,403,1124,1321,670,511,1434,1429,504,650,1278,945,139,533,641,278,156,282,40,312,156
144,165,700,760,805,823,829,820,801,769,729,953,640,595,536,495,441,386,322,264,211,158,115,62,42,31,32,51,86,147,206,299,382,465,541,621,681,721,740,633,727,689,638,581,498,413,328,252,187,116,68,39,19,20,33,64,116,148,204,264,312,355,383,395,391,366,332,280,211,144,71,7,60,106,147,34,184,192,201,193,193,197,207,214,229,236,249,256,265,250,238,219,196,174,152,130,104,84,59,43,23,8,20,419,68,90,116,137,154,175,187,200,210,221,233,251,273,302,327,357,375,388,389,10,17,44,12,33,39,8,35,0,4,66,100,84,66,37,1,43,87,127,167,203,233,249,250,241,229,193,141,78,7,242,115,168,201,215,205,176,130,70,7,59,108,138,150,130,81,10,94,209,335,465,590,717,829,906,974,1010,1011,793,920,843,732,601,449,285,122,37,185,312,407,471,491,468,412,325,189,41,142,327,523,699,865,1015,1139,1227,1275,1287,1262,1197,1092,963,811,633,446,613,57,123,296,447,590,695,790,844,866,870,842,783,707,604,483,352,208,66,79,207,318,415,488,540,561,566,552,1462,454,393,314,220,120,9,93,213,319,71
82,150,707,778,814,846,868,868,861,844,814,1143,732,685,640,579,522,456,397,357,307,268,234,214,200,206,221,245,305,352,411,469,538,603,660,696,718,726,716,216,644,587,528,452,385,319,261,211,180,160,147,167,182,226,256,295,333,367,382,388,386,353,302,245,169,92,17,59,122,182,213,229,233,212,199,58,135,105,82,78,75,81,92,110,124,145,168,183,188,205,206,200,188,178,158,140,110,87,54,19,0,32,59,7,83,103,110,127,131,137,147,152,160,167,155,148,129,109,70,32,9,50,84,20,17,29,11,13,44,23,61,39,78,17,0,28,57,103,136,165,187,197,195,176,142,105,54,10,36,63,75,71,61,402,43,116,191,277,363,427,481,516,520,492,441,358,253,136,16,93,203,292,355,392,386,369,318,243,153,48,64,156,255,335,406,447,473,467,465,419,373,304,239,173,122,77,60,79,125,203,315,454,618,796,971,1142,1291,1415,1516,1559,1564,1534,1462,1346,1205,1030,853,666,441,239,48,129,293,430,529,608,651,646,628,561,470,341,211,52,111,264,412,564,680,784,855,906,914,908,870,1941,723,610,504,371,234,96,44,178,319,121
50,18,524,392,247,79,91,254,408,540,653,1205,765,772,735,670,570,445,301,142,26,192,347,479,584,666,717,732,723,671,598,484,349,191,34,119,272,402,522,314,673,700,691,641,581,475,355,220,73,70,207,338,449,540,601,636,630,608,548,459,356,233,109,18,156,275,387,472,531,570,587,568,526,455,360,82,116,15,145,270,382,477,545,587,593,558,501,416,303,160,12,142,287,417,524,595,633,625,574,475,333,167,19,270,380,523,615,648,629,535,392,207,8,185,350,473,531,520,440,305,137,40,202,6,1,3,0,1,0,0,3,1,1,1,109,224,310,341,329,263,156,29,105,237,337,400,427,406,346,252,132,7,119,224,329,397,431,434,403,350,270,174,75,29,136,229,309,368,404,420,417,384,335,262,177,89,8,105,194,279,353,222,443,454,443,410,360,291,204,107,1,107,214,315,400,465,510,535,534,503,448,363,262,143,10,122,255,373,477,556,606,637,626,584,516,421,299,130,13,131,277,401,513,600,662,681,677,630,560,462,346,203,61,92,239,365,478,572,641,691,706,683,630,545,439,531,169,15,141,294,440,563,666,733,769,2
2,19,315,464,592,693,773,812,821,794,739,614,539,407,258,95,70,229,377,513,625,711,770,796,786,742,674,583,472,337,190,31,123,278,414,531,629,698,741,711,725,677,597,492,380,235,95,52,194,322,436,532,603,654,676,675,632,585,496,389,269,141,15,106,235,346,449,524,577,609,623,602,564,493,408,157,170,46,87,214,334,442,529,593,624,625,600,547,464,350,217,69,82,237,382,500,599,661,688,661,586,471,323,529,44,236,410,547,645,676,645,556,411,232,35,163,335,456,517,511,434,306,141,0,1,1,0,0,0,0,0,0,1,0,143,255,333,359,343,277,172,44,91,229,337,413,451,448,404,328,222,96,30,98,266,352,418,454,456,436,387,316,242,142,42,64,164,251,328,381,429,449,449,426,384,330,256,172,81,15,112,12,294,367,423,464,487,497,480,443,395,317,233,130,17,99,209,319,418,497,560,595,615,599,561,495,405,295,174,38,97,233,364,478,569,647,684,775,694,651,574,471,356,223,80,68,211,346,471,564,646,696,725,728,694,629,551,442,320,186,45,103,250,385,509,463,692,751,774,773,742,674,588,473,340,6
8,55,60,229,430,595,762,887,966,997,965,1374,793,652,538,398,246,98,44,204,365,522,660,763,833,845,787,662,481,255,10,261,480,639,713,665,513,275,19,881,563,721,761,696,546,352,161,5,72,70,17,45,103,110,53,55,187,289,355,340,257,119,37,186,281,300,265,175,70,35,99,148,152,131,80,186,2,25,64,85,91,106,106,86,37,27,105,189,270,323,345,332,282,211,125,36,33,82,99,94,57,8,47,425,129,134,119,89,36,16,72,114,159,195,238,273,288,276,227,142,33,90,193,2,16,79,1,29,6,26,14,9,9,16,118,80,6,76,144,168,138,66,28,124,184,202,161,95,19,43,58,36,38,130,210,244,224,135,1,163,302,395,418,360,244,101,18,85,71,32,201,390,555,645,607,465,203,125,467,771,957,849,893,660,342,22,243,399,419,305,91,170,404,576,644,614,512,392,292,265,321,455,630,792,875,842,659,338,88,548,965,1272,1430,1391,1186,847,444,1171,312,521,586,528,349,98,193,461,663,797,832,827,776,724,695,697,762,830,885,886,792,602,318,30,414,757,1024,1273,1193,1090,903,653,383,149,59,185,264,89
18,30,251,77,91,262,420,548,660,725,767,1035,722,648,533,395,239,71,99,262,416,547,651,711,744,729,682,607,505,374,226,62,101,263,409,525,620,681,713,731,646,566,456,327,190,31,118,266,395,500,581,628,643,627,582,508,402,287,147,9,126,259,372,467,543,580,591,567,518,441,350,238,108,25,161,700,394,480,544,580,582,548,486,394,276,138,7,155,301,432,532,600,622,611,548,454,321,161,14,194,360,495,598,407,642,571,448,281,89,117,312,463,557,589,546,437,277,90,100,266,382,432,402,0,3,1,0,1,0,0,0,0,0,1,24,105,231,312,358,345,282,181,56,87,217,326,404,433,417,364,267,151,24,36,225,320,390,428,430,403,349,272,181,74,34,138,235,313,373,406,421,410,378,319,244,158,61,40,138,226,312,185,425,448,451,425,382,320,237,140,35,82,194,300,388,458,505,533,532,498,445,355,249,127,11,148,284,403,502,573,615,631,607,554,471,356,223,33,78,223,365,480,577,641,679,672,641,566,464,344,206,50,101,253,389,501,593,656,687,689,658,592,497,380,239,325,75,231,378,512,621,701,756,757,726,9
97,13,758,730,643,515,357,172,21,213,397,1135,667,747,771,750,678,566,420,251,62,125,305,464,593,686,729,729,689,603,482,322,150,39,215,375,519,624,695,663,680,605,494,358,202,28,137,299,435,544,616,645,638,588,504,388,242,90,69,219,352,461,543,587,599,564,497,392,269,130,14,164,303,420,516,920,584,560,498,408,280,138,19,176,324,442,531,588,601,563,479,356,197,24,158,328,474,582,638,636,568,444,274,485,136,343,501,605,649,599,480,299,84,134,329,469,536,515,418,258,63,126,277,4,0,2,1,0,0,0,0,1,0,1,291,259,167,36,107,236,338,389,388,324,212,68,86,227,339,412,434,416,347,414,123,11,143,262,347,404,428,412,370,289,191,73,43,155,252,331,389,418,418,388,329,249,151,41,65,177,277,163,419,447,453,423,368,297,190,80,46,171,287,385,465,507,518,505,453,370,263,126,19,168,310,434,527,594,617,598,542,447,315,163,1,166,321,544,571,638,674,653,595,499,373,215,51,117,285,427,551,634,682,685,643,561,449,304,144,24,192,356,498,610,689,704,716,657,561,423,264,83,98,283,439,10
60,15,712,773,759,681,549,363,160,61,283,1069,628,731,768,748,664,524,350,151,69,278,464,613,703,740,718,637,512,344,141,68,268,451,590,673,719,697,612,822,308,112,84,274,439,562,641,674,638,557,432,264,87,92,266,420,529,606,619,587,507,384,240,76,101,262,403,507,567,583,552,473,359,209,41,494,292,423,520,578,581,530,436,297,126,54,228,390,513,596,616,575,470,316,121,79,279,455,583,646,632,540,378,533,67,297,484,608,648,585,440,228,11,240,423,531,540,452,287,80,129,299,389,2,1,1,2,0,1,1,0,0,3,1,60,202,303,340,312,216,76,86,235,359,414,407,339,214,62,100,247,361,425,588,394,306,182,35,110,237,337,401,426,408,349,251,133,7,120,236,330,392,424,410,365,288,184,64,61,187,295,193,436,452,430,375,285,177,46,95,232,348,444,499,514,489,414,309,177,18,140,287,429,528,584,595,542,454,320,155,24,203,371,510,604,657,642,621,465,311,125,66,254,423,556,643,683,661,593,466,301,115,79,271,438,570,657,690,670,600,490,329,144,57,257,240,580,681,727,721,653,535,373,171,36,12
98,15,759,728,632,486,311,104,104,304,491,1184,724,768,757,688,568,414,225,24,182,368,528,652,720,741,702,622,497,333,147,53,245,418,562,654,711,710,654,831,403,230,44,137,308,460,573,648,667,635,561,439,295,135,36,205,351,479,565,610,605,554,471,351,209,49,112,263,394,494,559,583,568,500,402,121,107,53,211,354,472,553,590,576,514,403,264,102,72,255,412,535,606,625,580,483,336,152,56,259,441,566,640,528,563,412,210,17,241,436,567,614,570,451,261,37,184,358,463,488,412,267,79,3,0,1,0,2,1,0,0,1,0,0,166,38,107,241,334,368,339,246,112,42,194,321,403,429,401,319,191,45,104,234,349,417,437,411,342,247,126,7,134,246,342,399,422,410,358,283,189,75,48,166,269,354,406,432,423,380,312,279,97,24,146,254,352,427,468,477,456,389,299,179,40,103,239,366,467,530,563,545,491,393,262,105,61,225,377,499,585,630,625,571,475,344,174,48,185,348,496,595,659,670,636,547,426,267,96,85,270,429,560,650,690,679,624,523,385,225,43,143,324,479,609,616,730,708,641,525,372,184,11,211,392,15
78,33,1601,1525,1390,1201,975,706,418,105,199,1683,796,1044,1260,1423,1538,1592,1603,1565,1469,1323,1128,904,645,347,58,226,507,760,999,1202,1361,1456,1516,1503,1475,1389,1235,1736,808,544,275,3,255,524,755,970,1137,1258,1345,1371,1359,1305,1206,1066,880,685,442,196,47,294,515,718,908,1051,1162,1222,1239,1223,1164,1067,933,746,551,141,69,171,412,625,827,1002,1139,1229,1264,1245,1171,1058,896,674,423,148,133,423,704,939,1141,1290,1376,1365,1272,1103,859,1211,200,172,530,852,1112,1280,1341,1275,1103,844,504,131,251,576,825,974,981,872,652,0,1,1,0,0,4,6,0,0,8,5,379,567,692,713,652,509,299,46,215,472,671,820,902,903,831,710,514,298,59,23,406,598,758,863,911,912,869,784,676,519,348,158,29,221,388,540,675,779,861,896,908,876,803,716,599,458,287,388,69,258,426,587,717,848,947,1011,1056,1041,1005,916,792,644,445,255,46,176,395,608,811,987,1129,1227,1281,1288,1249,1155,1029,859,640,405,156,108,376,785,867,1064,1237,1336,1410,1427,1405,1322,1196,1025,834,603,351,75,196,468,714,934,1122,1278,1385,1459,1490,1470,1404,1285,1117,1298,685,426,145,141,432,711,978,1194,1379,14
15,36,340,388,423,438,444,442,429,410,391,606,365,355,347,343,333,328,314,306,287,274,259,258,252,260,276,294,316,337,353,364,369,353,330,290,244,186,131,310,13,37,81,114,139,145,144,128,102,66,32,10,45,78,103,114,115,95,70,29,8,53,96,127,152,160,155,136,114,88,52,19,3,32,42,6,60,63,68,72,73,81,91,97,111,119,124,130,133,129,129,123,119,108,97,88,75,60,43,29,16,0,12,6,23,21,21,22,21,22,25,30,38,47,55,56,51,39,19,7,37,72,99,11,21,11,7,2,3,6,4,11,38,36,53,40,18,8,34,62,85,99,103,100,87,67,42,15,10,30,43,49,44,183,3,37,78,121,166,201,224,233,232,205,168,113,52,6,67,118,148,165,155,121,69,4,75,157,236,307,365,211,422,422,403,362,308,237,166,85,4,69,132,189,219,232,220,182,131,66,13,92,170,236,283,310,317,294,255,196,133,62,13,82,147,196,234,844,278,284,281,272,258,238,215,191,165,148,126,129,133,155,196,247,304,376,447,515,577,628,667,687,689,677,650,1047,567,505,444,377,300,221,135,51,41,70
106,77,360,393,382,342,275,179,63,43,163,367,379,477,570,646,696,747,781,811,828,840,838,832,817,802,781,759,739,718,710,692,691,679,658,637,614,575,543,61,457,407,360,316,272,231,174,116,86,42,7,1,4,10,8,21,50,93,125,173,197,240,260,276,285,272,246,220,183,129,88,41,10,49,77,120,118,128,121,115,113,106,104,110,120,122,134,155,164,181,192,195,197,193,175,160,132,107,89,62,54,38,37,89,33,36,47,49,56,71,95,115,145,185,217,238,261,275,276,256,226,184,139,4,50,12,7,33,1,38,0,8,13,3,102,84,57,23,19,63,108,145,174,196,205,199,188,154,119,75,24,35,99,384,215,277,313,343,358,351,327,277,233,159,80,8,56,121,167,197,212,212,198,170,123,80,32,24,64,116,162,178,243,283,316,355,383,415,454,481,490,499,485,465,427,394,348,299,244,207,171,142,121,113,99,85,71,49,37,27,5,3,12,21,44,73,129,1417,263,345,435,528,613,704,774,837,870,881,849,814,722,616,473,315,144,29,191,373,530,678,805,916,996,1048,1062,1869,1009,944,854,739,613,462,323,161,20,184
33,59,264,137,520,866,1181,1409,1580,1632,1616,1690,1290,1022,684,314,81,457,808,1115,1351,1514,1593,1566,1471,1271,1008,699,361,0,373,718,1027,1256,1434,1507,1504,1434,1263,1705,718,383,16,331,637,927,1154,1318,1393,1394,1314,1154,944,680,378,66,265,565,831,1033,1178,1251,1271,1214,1089,885,641,358,70,234,516,775,994,1143,1239,1764,1166,1034,831,596,295,17,334,631,887,1085,1218,1266,1248,1122,915,638,305,52,422,749,1041,1245,1366,1357,1220,974,634,1021,204,631,983,1240,1367,1321,1143,807,391,47,480,826,1046,1106,1010,766,412,12,358,2,2,3,0,1,2,0,3,2,3,2,637,594,427,192,113,393,636,795,844,790,611,363,69,249,521,742,879,930,893,1119,584,346,77,192,447,635,788,870,906,857,758,590,384,166,70,291,500,673,802,883,904,878,784,656,484,280,59,174,397,602,771,889,969,987,959,877,744,543,323,68,200,466,700,904,1073,1161,1194,1144,1038,864,625,346,29,288,593,861,1090,1262,1346,1359,1290,1142,924,625,329,2,348,668,962,1191,1357,1433,1442,1351,1194,970,700,369,32,322,652,944,1168,1341,1443,1473,1425,1297,1098,834,517,673,182,532,864,1150,1386,1536,1613,1587,1484,27
35,25,199,7,212,410,570,684,761,764,728,617,489,312,113,96,296,469,607,700,746,742,672,569,416,224,27,168,361,516,637,713,731,689,614,479,318,142,54,253,406,543,633,674,678,615,518,390,219,41,133,298,443,546,614,641,607,544,431,286,127,38,193,341,462,544,584,584,536,454,341,198,42,124,275,824,505,559,581,554,480,367,228,63,113,272,412,524,594,611,570,477,334,162,32,222,396,537,626,640,596,481,305,499,130,345,511,617,645,578,437,236,5,218,398,516,543,478,334,145,63,241,355,3,2,3,0,1,0,0,0,1,1,0,176,278,332,311,228,102,49,200,320,402,413,363,262,124,35,178,304,400,436,590,370,274,144,6,130,249,340,400,429,406,358,271,158,38,87,196,293,367,414,422,398,349,261,159,45,75,190,96,378,431,454,442,394,331,227,104,25,159,288,393,473,518,517,491,419,314,187,36,126,275,413,520,586,610,587,511,405,261,90,82,253,413,533,707,667,653,598,482,340,174,8,194,363,496,613,668,683,648,564,440,286,108,72,251,413,550,645,698,704,654,565,625,262,75,121,313,480,622,720,761,754,2
35,5,764,767,740,685,601,499,375,234,91,576,207,342,469,572,653,712,745,753,737,687,611,516,398,263,127,11,147,277,404,515,603,670,708,714,706,672,603,829,405,279,149,17,109,235,352,455,538,597,637,646,634,604,550,475,384,279,162,41,76,189,296,390,474,534,574,586,577,553,508,445,363,260,152,251,81,192,299,395,474,538,579,595,584,538,470,387,282,155,20,114,248,371,479,559,615,641,626,564,469,340,184,444,159,323,463,567,629,635,586,480,332,163,19,194,341,445,490,476,403,281,132,1,0,0,2,0,0,0,1,0,1,1,140,31,91,206,298,357,376,352,292,201,82,47,172,280,366,419,440,429,388,487,228,124,17,88,187,269,336,389,421,428,412,376,324,257,184,98,15,72,161,238,308,362,399,426,435,424,398,340,299,228,152,68,20,111,201,287,365,428,477,506,518,506,473,426,365,281,189,84,31,145,258,362,454,528,583,616,626,612,571,503,419,313,193,29,63,190,312,421,515,591,647,677,681,655,609,540,449,340,222,93,38,166,284,395,495,579,646,690,713,702,670,743,537,438,324,194,56,89,232,364,483,0
292,179,248,574,807,912,848,644,339,12,347,903,818,926,946,887,709,467,149,191,499,731,855,848,713,474,168,164,455,632,636,440,101,298,615,717,568,217,230,815,819,787,559,239,74,268,339,277,152,45,12,4,46,99,100,62,2,38,29,43,143,220,231,161,26,113,218,241,197,98,5,56,75,62,7,21,110,140,129,100,59,17,101,186,263,315,323,248,98,99,299,437,456,351,160,58,217,283,242,137,14,85,116,464,39,126,183,190,128,58,24,94,154,215,271,316,290,177,29,247,403,421,277,7,69,24,1,11,36,11,23,9,9,25,3,83,140,114,12,110,189,165,56,85,186,197,122,1,98,116,49,68,180,328,119,62,260,389,367,194,75,336,471,430,223,39,230,255,97,142,327,324,87,309,707,944,899,563,25,519,921,1007,880,468,27,446,638,564,253,131,456,564,439,135,228,483,558,471,315,214,237,381,553,568,359,116,753,1360,1726,1690,1250,521,292,942,1262,1204,838,515,170,494,547,375,31,360,693,873,853,651,328,15,306,499,617,701,782,890,976,939,721,291,290,907,1387,1615,1518,1982,599,13,486,766,828,675,377,39,227,136
49,29,491,616,706,756,774,752,700,610,492,68,192,28,135,292,436,557,652,719,754,750,712,641,539,404,264,110,41,198,346,475,581,656,705,713,693,648,561,813,314,169,18,130,266,397,501,586,638,656,649,604,538,447,337,213,74,58,193,312,417,499,559,593,603,574,520,440,341,228,112,14,142,264,375,884,530,567,580,565,516,442,340,221,85,55,192,320,439,533,596,621,604,551,459,334,186,24,148,312,456,564,634,482,614,517,381,204,10,191,370,501,576,589,532,413,250,67,118,274,383,430,407,2,1,0,1,0,0,2,0,1,0,0,266,194,87,40,166,277,357,390,377,320,219,95,36,175,292,377,427,439,415,533,274,170,54,66,177,268,342,395,423,421,398,346,277,191,97,0,100,189,273,343,390,421,429,416,379,326,255,263,80,20,115,209,294,371,430,469,491,480,460,407,329,235,122,8,111,228,337,429,509,565,589,587,552,489,403,291,166,32,114,250,377,487,571,719,668,661,623,551,459,341,208,61,84,226,362,475,571,635,678,688,662,610,529,419,299,165,19,130,279,410,528,493,690,724,726,699,639,541,425,284,132,10
55,40,288,475,628,738,805,817,786,692,567,129,207,4,201,386,549,674,759,800,789,729,621,476,307,107,89,280,449,595,701,758,776,730,652,526,370,202,8,345,354,504,616,688,721,703,645,547,412,253,80,91,258,403,528,614,658,667,628,545,431,291,144,11,171,321,446,539,595,614,601,550,463,335,193,264,127,276,412,516,591,622,611,556,457,325,172,0,174,350,491,599,649,660,605,504,355,171,30,235,425,573,667,514,651,528,355,138,96,322,503,611,640,581,448,254,32,182,359,469,488,427,285,1,1,1,0,1,0,0,0,2,3,1,175,288,346,344,280,162,10,144,285,392,443,435,374,259,117,41,190,316,413,591,468,426,341,230,97,30,163,275,368,425,450,437,395,323,221,113,9,126,235,329,400,444,455,436,392,319,227,232,4,125,238,336,416,475,501,501,467,396,305,185,49,94,232,360,470,544,592,597,564,495,386,249,95,72,235,388,511,610,666,676,647,577,463,312,147,31,211,376,514,625,699,718,703,629,528,393,231,51,131,306,458,585,673,723,729,695,619,503,355,185,2,60,368,520,645,735,782,778,735,636,505,11
18,44,269,101,451,789,1085,1322,1509,1611,1650,1989,1450,1255,999,703,360,3,342,683,983,1239,1439,1548,1588,1530,1424,1247,1038,771,457,117,225,559,862,1111,1312,1441,1508,1531,1399,1239,1027,767,479,157,160,467,745,979,1168,1282,1349,1353,1295,1178,984,772,499,210,81,362,618,836,1033,1157,1239,1240,1197,1093,941,732,489,224,61,1089,596,824,1019,1155,1232,1242,1181,1067,880,630,354,59,262,575,854,1083,1241,1324,1316,1218,1035,782,454,89,296,654,979,460,1368,1380,1276,1051,725,319,121,535,880,1116,1212,1161,967,674,291,99,452,721,843,5,5,1,0,3,2,3,8,3,7,2,452,619,701,654,521,290,9,280,544,754,868,891,825,656,431,171,111,379,606,916,904,940,904,804,631,442,213,20,248,453,637,773,864,893,877,809,708,555,377,174,35,236,432,606,744,849,918,691,915,842,723,568,379,176,53,272,495,690,869,997,1075,1101,1072,999,874,690,477,221,50,318,591,841,1048,1197,1290,1311,1269,1179,1005,780,524,225,84,534,694,951,1174,1322,1413,1422,1383,1257,1085,851,578,279,35,355,653,928,1158,1315,1423,1460,1441,1364,1223,1012,749,451,124,291,523,817,1085,1307,1479,1573,1611,1556,1433,14
62,59,289,232,95,80,262,414,501,512,461,494,205,43,120,262,380,456,475,443,348,214,49,118,268,373,400,350,219,53,132,270,320,267,119,79,258,352,337,36,36,151,274,316,264,160,46,44,85,72,38,3,0,22,62,88,88,51,4,47,60,36,11,62,82,65,24,24,54,56,30,4,18,29,15,60,19,37,51,65,77,84,71,39,22,93,169,211,205,143,38,81,183,227,213,144,45,46,106,109,61,8,73,91,80,15,60,123,148,136,101,59,15,21,71,132,178,187,136,22,116,227,254,13,0,17,11,8,11,3,17,9,34,17,84,101,59,16,87,120,99,39,29,78,84,58,7,30,42,17,22,60,68,212,24,88,124,108,34,69,161,204,173,72,46,143,165,115,21,55,58,25,164,287,317,215,7,276,494,576,484,373,51,308,444,415,249,22,181,276,243,95,95,259,336,312,212,102,23,7,10,19,100,252,443,605,659,555,297,64,437,707,807,705,452,122,176,962,381,269,77,127,268,304,233,75,110,279,402,443,430,368,290,210,106,12,176,374,574,723,770,679,448,134,190,349,610,621,517,333,128,47,148,167,95,23
118,13,796,435,48,346,724,1038,1302,1456,1551,2007,1386,1180,875,535,156,231,597,926,1193,1392,1485,1491,1400,1197,937,613,266,101,472,806,1086,1278,1409,1425,1369,1229,987,1566,342,20,363,683,956,1165,1294,1350,1286,1157,952,684,377,57,272,570,834,1043,1178,1232,1194,1080,926,697,424,115,192,482,728,936,1078,1155,1165,1076,932,543,422,131,184,479,748,959,1117,1183,1158,1042,854,605,298,58,404,724,982,1163,1246,1226,1092,863,544,161,252,634,964,466,1308,1266,1084,773,381,75,513,869,1109,1187,1093,846,481,63,335,662,854,880,735,6,1,5,0,2,2,3,4,1,5,1,458,251,19,303,550,702,757,687,517,258,44,352,618,793,871,847,719,530,264,201,298,540,721,845,862,826,707,529,322,85,157,389,584,726,813,839,804,715,574,375,168,58,275,486,651,783,865,615,848,740,593,408,188,42,291,522,731,875,989,1023,991,880,705,501,244,29,318,589,834,1022,1146,1191,1151,1042,857,594,303,24,356,675,936,1145,1278,1488,1293,1149,941,656,341,6,346,669,959,1166,1311,1368,1339,1214,1022,757,449,103,229,562,853,1105,1292,1396,1419,1341,1186,1296,649,306,56,429,778,1079,1326,1482,1540,9
171,12,317,354,385,414,432,445,458,462,471,697,486,488,492,496,493,490,478,471,455,439,416,409,386,364,341,314,289,250,207,153,93,20,55,129,207,275,335,430,412,424,413,381,336,279,216,151,89,36,0,26,33,28,18,1,23,40,55,61,59,43,30,8,9,31,46,47,51,45,34,20,1,11,22,77,34,36,36,36,40,46,59,76,101,132,159,189,214,232,248,256,253,240,222,192,161,121,80,39,3,38,72,252,112,120,120,113,101,94,84,87,94,104,114,126,128,123,102,69,27,18,64,31,2,10,7,10,4,0,26,15,15,0,18,42,65,84,95,96,82,64,36,3,26,52,62,67,57,35,4,28,65,121,111,113,104,77,39,9,67,116,162,193,204,190,160,113,43,32,107,177,233,269,292,283,258,212,146,73,6,21,176,244,300,338,355,343,309,248,173,87,0,72,137,177,188,170,123,56,26,123,210,293,356,397,408,393,353,292,217,139,51,27,102,162,212,920,274,282,277,257,242,222,188,159,137,121,110,113,131,173,217,278,341,412,472,533,580,613,631,632,622,595,561,1049,471,411,356,298,218,147,75,3,77,50
83,34,221,11,304,463,390,127,205,451,508,608,79,237,456,496,339,50,242,421,424,270,15,225,373,345,161,98,302,320,141,129,314,261,6,274,374,199,134,579,388,123,200,364,279,42,150,192,100,6,35,0,32,0,75,102,52,54,108,71,26,94,71,18,97,91,15,68,89,47,14,41,27,2,17,47,14,39,56,53,17,57,135,159,89,53,196,240,158,11,178,248,178,16,136,191,118,10,97,81,4,72,54,356,111,105,16,82,124,95,27,30,74,110,112,57,70,188,206,69,133,254,191,15,5,39,14,19,13,11,3,12,4,18,21,70,64,6,91,108,35,63,103,52,32,72,37,29,52,9,51,58,6,119,83,8,118,143,37,131,217,137,53,209,204,56,101,132,36,64,38,107,228,159,99,375,435,187,224,513,479,167,281,468,325,18,291,298,58,217,295,110,183,355,285,34,206,290,227,127,68,21,111,330,506,439,55,475,823,728,210,437,814,711,232,294,550,192,68,235,278,74,204,333,212,77,363,471,336,54,228,407,444,370,190,73,382,617,635,335,165,632,801,568,82,183,617,521,207,132,319,293,108,92,170,20
120,23,619,451,248,31,179,379,566,710,827,1315,888,849,753,618,444,251,40,167,371,546,694,792,855,852,808,723,602,437,252,52,151,346,512,650,754,812,824,882,692,564,397,223,42,151,327,486,612,698,751,747,706,626,511,372,198,31,146,307,442,558,637,686,695,647,572,457,326,164,7,151,314,449,564,1026,669,661,613,536,414,264,93,82,253,406,538,634,697,701,659,561,418,245,39,158,360,530,664,739,748,683,559,657,160,88,317,517,668,734,715,599,418,198,45,275,457,562,582,513,363,164,44,4,0,1,0,1,0,1,2,1,1,1,222,330,377,367,283,157,0,169,313,426,476,469,407,292,149,15,178,315,428,591,513,483,412,304,172,41,102,228,342,422,474,487,471,417,338,235,118,7,133,249,346,420,470,495,490,455,389,344,185,62,62,183,304,399,484,539,570,552,516,438,336,200,51,99,252,382,505,593,657,679,652,585,476,346,190,13,158,329,486,611,702,752,754,755,631,504,345,160,27,212,391,544,667,744,788,776,734,635,512,350,169,17,194,375,531,658,757,806,819,777,698,764,416,236,39,165,364,542,698,803,870,5
203,37,1594,1636,1573,1415,1205,914,597,228,141,1691,851,1152,1372,1524,1604,1599,1518,1374,1145,861,539,189,178,533,847,1109,1331,1471,1550,1532,1459,1280,1065,778,461,136,219,480,840,1087,1282,1391,1446,1418,1316,1162,936,657,361,50,266,548,813,1024,1190,1297,1328,1278,1168,1000,794,555,282,8,301,558,796,984,1130,1218,1243,1197,1088,916,681,428,142,150,434,705,930,1108,1226,1257,1219,1112,930,680,384,57,281,604,898,1128,1287,1350,1322,1172,923,594,203,742,609,951,1210,1348,1365,1217,954,571,143,284,671,956,1109,1108,958,672,309,75,404,9,2,1,3,0,1,6,1,6,0,0,634,605,464,228,56,340,591,769,854,838,704,493,229,73,355,602,791,904,937,1240,764,568,334,81,174,401,599,752,857,902,887,809,690,520,328,113,99,305,512,669,791,879,906,891,828,720,570,555,184,44,256,466,646,814,932,1007,1039,995,933,791,605,388,131,127,389,629,849,1031,1167,1233,1235,1170,1030,837,598,314,23,281,581,855,1083,1263,1370,1569,1382,1258,1072,819,532,218,103,428,728,980,1204,1354,1449,1442,1393,1257,1061,819,536,223,95,416,723,1000,1235,1401,1511,1514,1487,1351,1167,906,614,275,76,427,761,20
110,40,930,547,116,328,745,1102,1395,1569,1657,2002,1427,1160,810,405,25,441,832,1173,1422,1566,1595,1515,1328,1027,662,257,144,543,906,1209,1429,1517,1514,1388,1185,899,527,1134,267,655,970,1203,1376,1433,1388,1256,1011,709,351,29,390,718,1002,1205,1307,1340,1256,1076,836,527,210,133,476,766,1009,1161,1235,1221,1128,948,700,382,55,1026,617,882,1087,1215,1240,1168,1018,768,446,82,275,612,918,1157,1291,1310,1197,992,671,293,127,549,926,1203,1363,1363,1227,1317,550,69,401,833,1167,1333,1321,1107,754,312,169,614,943,1094,1056,840,475,67,336,4,3,2,1,0,0,1,5,4,5,1,366,587,696,673,511,251,68,396,660,848,878,798,598,310,5,328,608,819,912,1227,826,632,388,94,197,454,676,821,904,886,813,639,415,178,85,322,541,714,850,899,878,797,645,452,221,31,285,128,726,870,954,969,904,803,616,385,121,161,440,697,903,1049,1105,1102,1011,837,601,304,20,356,679,947,1158,1272,1298,1223,1064,819,492,124,239,600,910,1352,1355,1418,1389,1221,1009,705,357,37,432,777,1084,1283,1427,1447,1380,1215,949,631,275,113,489,850,1142,1362,1487,1506,1430,1521,983,627,248,177,586,963,1287,1508,1637,4
41,22,432,581,696,775,819,814,781,703,594,231,296,121,59,237,399,538,656,744,791,804,776,707,609,472,322,158,6,172,335,482,605,685,745,758,739,695,605,842,346,188,23,141,286,425,535,625,680,694,685,633,559,461,339,202,51,91,236,359,463,546,605,633,633,593,526,434,326,200,69,71,208,334,449,938,586,612,610,577,509,410,292,154,4,144,286,417,527,610,654,655,610,528,400,253,81,96,280,439,570,655,692,590,591,453,276,71,142,343,505,604,637,603,496,334,135,65,252,387,463,464,390,1,3,0,0,0,2,0,1,1,0,1,317,312,259,153,26,118,253,356,417,433,391,307,191,46,95,226,340,420,462,618,433,363,267,153,25,89,201,295,374,425,449,442,414,356,282,190,90,15,119,221,304,375,423,452,459,439,402,348,261,162,62,44,149,251,344,424,484,519,538,521,475,404,309,204,84,44,174,301,417,510,584,627,634,613,557,471,359,233,85,68,217,362,486,679,666,701,707,670,607,509,393,247,97,60,220,360,490,596,673,723,733,705,651,560,449,318,167,8,153,306,454,413,675,743,776,772,738,659,559,424,272,12
231,8,686,785,527,17,568,996,1118,919,456,243,618,942,1040,884,541,74,393,766,934,853,529,85,364,676,748,613,244,213,570,659,404,85,580,746,497,59,615,960,686,212,304,623,636,399,72,182,261,187,49,36,0,104,161,127,15,145,166,48,103,159,60,135,272,234,68,125,214,155,18,93,87,4,120,2,133,45,44,105,160,220,251,200,33,212,424,468,303,2,307,470,415,196,79,291,346,244,29,162,233,134,52,510,210,62,137,258,245,128,0,89,141,194,241,217,59,191,394,400,172,181,438,2,91,28,27,16,8,55,77,62,33,43,22,95,129,88,20,138,184,113,35,164,179,93,32,103,67,38,100,64,54,226,183,47,176,331,282,25,300,482,390,70,280,424,298,28,159,105,133,329,267,82,553,829,706,192,478,955,1014,680,22,611,856,646,131,373,571,353,111,527,613,322,151,519,606,437,221,108,112,106,113,566,1032,1210,865,37,941,1616,1671,1055,50,877,1340,1191,569,1461,646,673,300,239,616,636,305,229,705,921,829,481,32,369,644,807,879,832,634,199,427,1096,1510,1463,895,12,840,1623,1337,913,285,303,649,665,408,19,288,81
112,85,310,51,305,660,908,1006,913,665,317,20,392,649,817,880,838,721,510,249,63,361,608,756,764,625,360,21,294,500,577,440,154,195,503,643,555,240,185,1162,806,803,546,178,183,405,445,348,193,74,36,61,100,103,51,45,136,176,137,43,52,119,111,51,41,131,176,154,84,22,99,136,129,74,0,82,95,101,42,27,116,200,259,256,180,31,168,357,474,473,325,94,158,358,433,365,215,20,113,174,126,17,94,435,138,47,78,176,233,227,187,131,74,7,89,203,318,365,294,96,161,373,446,45,66,2,43,3,13,50,36,49,12,32,118,73,26,111,135,78,24,112,135,102,22,41,60,27,34,81,69,2,100,154,208,114,61,250,348,317,137,110,326,417,338,141,56,154,110,32,176,206,39,264,599,810,766,449,70,606,993,993,807,325,212,581,662,464,69,319,538,506,238,124,448,599,598,460,309,214,200,201,133,88,466,903,1241,1334,1071,497,263,976,1420,1461,1108,499,140,1844,740,573,194,230,549,655,511,187,218,583,834,911,852,686,484,277,52,212,543,886,1201,1380,1315,986,434,220,806,1218,1310,1149,790,355,36,315,403,328,120,32
86,19,761,814,822,774,702,590,449,281,100,615,269,436,569,683,759,801,801,765,690,578,442,285,111,76,244,400,532,645,727,765,774,732,661,549,419,276,106,449,229,377,504,605,677,714,714,680,606,502,382,236,87,64,210,342,462,554,621,648,643,606,541,459,343,214,70,68,206,331,439,527,592,620,619,740,507,413,297,166,21,129,271,400,508,582,625,636,607,531,429,291,135,34,212,369,508,613,676,686,634,535,388,561,0,207,392,545,649,681,641,524,356,155,62,263,420,515,536,476,358,190,8,2,0,1,1,1,0,1,0,1,0,0,312,283,196,73,70,210,326,399,428,402,324,207,70,79,218,332,416,461,467,598,357,254,139,9,114,224,319,392,438,452,436,392,330,244,145,41,64,168,267,345,403,442,456,446,414,355,280,276,87,22,126,229,320,404,465,507,525,506,474,406,317,209,82,45,172,294,407,501,571,615,622,599,535,451,336,202,57,94,248,387,507,603,669,774,701,655,576,463,330,182,25,137,293,432,551,642,704,724,720,673,590,483,356,207,53,106,263,410,545,652,727,736,765,728,658,556,427,269,100,77,246,11
113,17,747,661,490,252,7,266,491,659,760,1030,683,528,302,53,206,431,613,722,750,698,555,353,111,140,374,562,693,735,699,580,396,162,82,314,511,649,709,760,583,415,196,34,255,452,590,664,652,564,418,224,8,208,395,541,614,627,557,427,250,45,157,342,489,574,594,543,429,265,77,125,311,463,563,864,542,435,270,79,127,321,473,570,595,537,412,236,26,202,401,548,619,604,499,326,100,147,378,554,643,631,513,601,59,214,446,600,650,565,378,116,158,388,530,558,463,270,24,214,379,436,376,1,0,0,1,1,1,1,0,1,2,0,105,244,324,323,232,81,96,262,373,412,356,226,49,136,299,408,438,398,289,272,42,209,343,418,427,377,273,131,25,178,308,392,420,397,321,207,65,88,226,339,405,428,397,319,200,59,91,35,353,431,453,431,350,234,80,80,242,372,470,509,490,410,280,117,70,253,410,522,576,563,479,332,143,67,270,445,570,631,617,529,374,170,53,342,465,601,673,648,560,403,205,24,249,445,596,672,675,599,460,264,32,200,404,567,663,694,649,524,341,120,118,132,540,672,725,702,599,424,203,48,294,18
54,92,180,312,440,547,630,686,726,750,749,1097,760,776,783,798,813,815,816,807,793,766,755,739,727,715,700,667,616,529,415,262,86,112,315,497,656,762,816,649,747,647,516,363,220,94,3,62,81,81,35,26,76,143,168,187,180,143,92,27,30,91,121,132,117,78,28,26,77,117,138,141,129,102,69,220,2,23,44,73,94,124,164,205,261,315,358,425,457,493,503,481,452,394,319,224,130,33,51,124,156,167,146,487,39,15,74,115,128,135,127,118,112,128,174,230,299,369,414,426,398,331,226,3,54,3,20,11,29,64,2,8,28,3,149,168,161,130,84,30,31,83,123,141,146,131,91,51,8,50,87,101,86,388,40,142,252,348,429,456,441,372,262,124,18,149,228,240,197,80,81,286,478,649,770,820,805,700,540,318,91,13,363,538,653,707,676,583,430,232,11,214,405,546,629,646,608,520,403,298,226,197,245,353,542,752,992,1236,1429,1567,1624,1616,1513,1347,1126,869,601,677,92,129,304,456,565,633,654,647,604,532,468,385,353,324,342,398,485,595,700,791,847,857,817,726,592,438,269,909,41,164,261,325,370,393,374,340,283,71
70,54,655,763,868,952,1006,1057,1076,1089,1077,1157,992,935,857,775,688,595,489,398,296,198,105,37,17,49,54,46,3,64,155,249,359,468,576,681,766,836,876,833,877,838,777,693,610,507,404,303,203,119,45,18,47,67,83,74,50,22,17,62,107,150,192,225,245,245,237,207,172,127,80,43,4,35,65,22,96,107,115,132,136,165,187,220,271,311,358,386,415,442,451,453,440,419,395,364,325,283,230,187,132,72,13,616,94,137,178,199,206,211,206,196,180,179,175,190,204,242,284,314,344,364,361,39,35,0,27,1,20,37,54,64,83,12,20,22,70,109,140,171,184,184,171,152,123,86,52,12,22,54,87,108,120,473,102,70,21,47,123,199,279,341,395,419,408,372,299,199,64,81,236,384,534,666,776,859,917,949,943,917,860,751,676,553,415,256,107,50,195,326,446,532,603,630,639,617,569,499,421,321,234,136,39,42,128,191,249,290,317,331,336,304,269,222,166,93,14,1641,175,263,365,465,562,667,760,833,906,953,993,1008,996,961,896,822,739,641,520,427,319,237,150,80,23,29,57,1099,109,118,116,113,85,44,23,102,187,37
25,30,49,242,423,571,698,774,823,808,763,662,541,386,202,15,173,350,506,638,733,788,800,761,691,568,422,259,85,93,270,430,569,665,736,755,742,688,593,846,308,140,37,202,355,492,598,671,702,691,647,565,459,327,180,24,137,283,414,514,586,627,637,609,551,454,334,200,57,91,231,360,474,555,609,909,594,538,448,338,200,47,109,259,397,506,585,629,638,594,510,388,236,67,118,288,450,576,664,689,655,559,417,585,23,195,394,551,656,678,631,502,321,113,112,307,457,534,532,450,306,121,69,5,2,0,1,0,1,0,1,0,0,0,236,128,14,153,284,368,404,381,306,189,45,107,253,367,438,467,442,379,279,307,16,117,241,338,412,444,447,415,362,277,175,56,63,172,271,347,411,444,448,425,376,308,216,116,5,104,211,94,389,445,478,482,463,421,350,260,152,30,98,220,336,432,506,557,578,561,517,434,327,199,52,100,254,390,510,596,650,674,652,591,502,377,230,30,105,264,415,538,636,693,720,698,647,552,425,281,119,55,218,376,512,616,687,728,727,691,623,517,381,223,50,126,295,450,584,691,763,793,788,728,636,11
30,36,236,410,557,669,746,775,761,699,602,278,304,130,58,239,405,544,652,727,755,744,689,588,460,296,129,48,218,378,516,623,699,722,712,649,559,444,296,622,45,209,360,486,582,648,677,663,602,510,398,258,108,45,197,334,452,541,598,613,597,544,464,361,235,92,53,191,316,426,508,564,585,571,523,447,323,195,50,93,235,362,470,551,590,589,549,470,363,216,59,109,269,413,527,600,631,609,538,407,240,51,148,136,497,604,651,629,537,379,181,36,243,410,523,561,517,404,238,42,140,293,381,2,1,1,1,0,1,0,1,0,0,0,294,248,150,24,119,247,340,388,383,327,225,89,57,199,318,402,438,429,383,468,189,65,66,188,292,364,410,422,409,358,284,185,79,31,140,233,318,380,416,425,406,363,296,212,116,7,101,12,298,375,427,453,460,436,389,317,224,114,7,130,250,358,444,508,546,546,518,449,358,240,99,48,197,334,453,546,608,633,620,569,486,367,227,25,96,256,400,517,607,659,680,653,595,492,364,218,61,105,264,408,531,622,672,692,674,618,532,407,264,101,71,5,391,524,628,705,743,736,691,598,476,16
122,100,617,687,737,755,749,730,692,633,588,698,465,403,341,288,228,167,107,57,6,54,99,125,126,121,92,48,6,79,185,279,382,470,570,637,698,736,764,613,750,708,654,580,489,397,292,195,101,17,33,76,96,89,72,21,35,81,137,187,208,218,208,182,139,86,23,37,89,129,150,158,152,142,122,99,80,65,55,71,81,105,129,154,178,206,209,215,216,217,202,184,170,139,108,68,32,7,39,75,93,112,121,29,103,89,78,59,52,46,47,63,90,112,130,146,154,143,110,69,14,50,115,12,5,82,54,37,51,47,13,8,36,80,42,32,13,27,64,105,146,177,193,193,178,141,107,52,4,47,94,127,149,264,137,95,46,26,106,202,279,362,421,448,451,412,351,246,116,30,182,335,469,587,670,723,743,719,676,597,516,475,288,163,41,85,195,303,390,456,511,524,539,511,473,416,354,297,249,231,229,268,335,441,570,709,854,995,1118,1216,1275,1300,1298,1244,1165,1063,947,1472,670,535,392,260,147,28,59,128,195,218,213,180,110,23,92,233,386,541,700,856,978,1086,1174,1231,1262,1261,1230,1966,1095,998,882,735,593,428,250,83,89,47
11,22,18,286,549,739,819,792,654,424,134,740,458,676,795,806,708,514,254,40,332,574,732,794,747,590,354,75,210,465,660,765,763,650,449,190,93,361,580,498,746,679,508,279,17,251,476,636,703,667,546,347,107,145,373,554,650,664,576,411,195,47,272,464,594,631,582,454,266,41,184,393,545,618,605,548,320,99,135,350,517,609,612,522,355,122,125,354,543,642,636,529,332,78,195,437,610,683,629,459,202,97,381,186,694,651,471,199,114,407,602,655,556,337,43,250,468,555,490,303,45,207,372,1,1,2,0,2,1,1,0,0,1,1,215,323,336,243,73,128,302,408,406,309,128,84,285,421,464,415,274,80,125,325,431,469,420,299,123,60,235,368,442,443,372,235,64,113,271,383,439,434,365,233,71,98,257,379,447,455,399,315,118,60,230,369,461,497,461,357,202,10,188,365,493,550,530,436,279,76,142,352,514,610,618,533,369,149,95,328,518,643,678,606,454,238,23,359,503,653,714,664,531,323,67,202,444,619,719,713,607,424,177,93,350,559,694,731,677,528,308,47,228,478,668,708,757,648,453,192,99,382,618,769,817,8
19,108,332,334,369,405,449,518,577,663,721,1336,873,910,951,958,955,899,856,779,709,637,557,505,451,436,427,437,478,507,569,621,670,727,763,790,790,782,747,526,663,608,554,471,409,321,244,176,96,40,15,45,62,56,34,14,25,56,102,139,177,204,216,240,250,229,213,174,135,96,57,22,4,31,37,1,45,63,81,99,122,158,199,232,278,300,335,354,371,373,362,366,342,332,306,284,253,206,176,125,84,38,4,659,72,88,107,103,114,110,97,88,57,43,16,9,9,21,59,97,162,222,281,87,3,17,19,16,63,39,53,26,43,44,39,22,2,25,67,100,140,168,188,201,192,177,148,116,76,34,5,54,91,356,161,179,201,195,183,155,97,43,24,83,152,196,215,216,175,127,31,64,189,318,433,559,660,764,822,871,904,709,882,816,783,687,605,504,374,262,130,27,80,165,211,239,218,174,71,53,214,401,585,793,977,1168,1323,1454,1562,1624,1653,1645,1613,1526,1420,1282,1120,1271,762,590,411,261,127,29,51,87,94,64,5,77,191,315,454,609,761,913,1056,1198,1304,1400,1458,1475,1473,1420,1348,1563,1109,977,830,723,601,505,441,386,362,85
65,14,558,421,260,80,101,275,439,569,682,1197,774,763,703,605,472,320,150,25,199,364,506,615,699,733,735,696,624,513,381,222,52,119,283,424,545,636,694,668,682,619,523,395,260,100,58,210,353,467,561,617,643,635,595,519,410,291,146,2,141,274,392,482,556,584,589,555,496,406,303,173,34,103,241,778,457,528,570,582,556,497,404,287,147,5,153,294,428,529,596,622,601,539,428,293,126,52,232,395,531,613,652,560,545,402,224,19,190,375,521,596,600,537,405,226,24,169,327,433,461,413,295,3,2,0,1,0,1,0,0,0,0,2,299,287,221,117,22,157,275,363,400,389,323,217,86,59,192,307,387,432,434,570,326,225,108,18,138,239,326,383,420,421,400,340,263,170,65,38,143,235,320,377,416,429,413,378,318,243,152,186,58,162,258,339,405,450,474,470,445,381,306,205,87,37,162,282,391,473,536,564,571,538,467,376,252,118,31,176,314,438,538,609,648,647,609,567,432,302,149,11,168,316,453,556,637,673,682,645,586,483,364,216,57,103,250,391,511,605,673,703,701,655,578,658,336,178,9,160,328,477,605,696,756,0
101,7,328,332,362,276,298,276,273,250,263,273,277,129,278,285,256,265,261,277,272,275,343,253,290,482,224,261,275,481,274,274,78,243,281,262,208,251,281,190,264,254,258,317,279,271,350,286,268,427,280,276,272,417,265,261,288,279,279,509,36,2,153,78,75,49,178,19,50,37,276,279,266,270,278,273,272,238,265,264,266,268,267,273,262,275,271,266,278,256,280,279,284,265,264,277,760,276,269,271,281,269,272,269,276,268,279,272,267,263,276,261,284,285,277,277,283,275,279,269,279,275,273,47,59,58,12,88,23,96,87,56,49,49,266,274,272,281,276,268,268,271,272,268,276,273,268,264,272,273,233,272,274,236,253,285,273,262,273,274,86,290,281,265,278,278,259,287,275,260,268,277,271,266,239,272,269,262,274,281,282,266,282,273,276,277,277,867,43,109,227,81,82,23,144,182,248,118,266,277,277,262,276,265,266,274,264,261,252,283,276,249,272,282,259,287,253,259,256,302,286,247,280,283,1266,263,258,280,273,271,273,268,265,270,275,265,273,273,251,275,260,297,249,287,286,237,276,276,273,272,274,479,189,176,101,36
132,60,1250,1470,1551,1514,1358,1084,755,339,99,1708,910,1221,1429,1532,1508,1375,1141,822,434,19,397,781,1094,1336,1452,1469,1387,1189,899,541,143,269,644,963,1229,1383,1434,1572,1171,909,571,203,165,540,851,1106,1266,1318,1269,1119,888,597,269,90,426,733,976,1142,1211,1181,1079,889,627,315,18,342,643,885,1056,1159,1161,1074,893,419,315,8,331,636,894,1077,1167,1161,1051,835,553,212,150,524,844,1089,1225,1248,1135,922,607,216,206,616,965,1204,1309,1127,1036,688,251,223,663,1008,1212,1221,1054,734,299,166,583,869,990,933,694,343,53,1,1,5,2,0,1,1,1,0,0,0,465,617,636,513,283,16,331,595,764,827,742,546,266,59,372,632,806,887,842,1067,481,209,85,360,593,753,837,839,765,610,406,152,108,350,558,716,817,842,806,686,514,299,59,188,419,618,776,522,894,849,730,560,336,89,179,434,677,851,982,1027,979,859,661,413,129,174,481,749,983,1125,1178,1143,1002,788,503,164,182,530,846,1088,1243,1314,1253,1203,873,563,201,167,534,858,1113,1287,1364,1323,1196,964,647,290,91,465,795,1067,1259,1360,1371,1275,1085,806,471,84,311,217,1013,1256,1408,1468,1410,1251,999,638,262,36
34,15,619,703,757,775,760,712,637,531,400,100,101,57,211,354,487,591,674,731,755,745,708,637,542,413,278,136,8,158,299,428,541,628,685,712,711,688,627,846,423,296,154,15,121,258,379,485,568,616,649,645,617,566,495,398,287,168,38,93,211,323,415,498,560,586,592,568,525,456,373,273,160,39,83,610,316,414,491,549,584,585,561,507,427,321,201,73,67,212,344,456,540,599,625,609,559,473,352,202,32,139,305,8,569,636,651,610,517,370,192,4,194,358,478,542,542,478,357,198,22,144,272,2,0,0,1,1,0,0,0,4,1,0,140,244,315,340,317,254,150,24,105,230,332,397,425,414,366,283,176,57,63,142,282,358,411,433,424,391,337,263,177,79,20,120,211,287,348,390,419,423,405,369,315,248,169,81,8,101,192,63,344,398,438,456,459,442,403,349,276,188,96,12,122,226,322,407,481,530,559,563,540,495,421,326,211,91,35,164,287,402,502,578,635,656,648,671,554,464,351,224,90,51,191,323,439,535,614,662,684,672,642,582,495,389,272,138,0,140,275,402,514,605,672,655,723,705,660,587,488,365,229,80,70,2
75,40,465,661,761,766,675,503,271,2,271,1115,675,763,753,657,476,238,22,282,507,666,742,734,629,446,213,42,294,505,661,728,717,600,419,190,63,302,503,378,700,668,550,372,155,85,311,500,616,656,618,498,333,119,106,315,484,594,619,576,458,284,85,121,320,471,567,586,532,417,255,56,150,341,489,931,577,510,374,199,10,218,403,536,593,566,466,303,90,145,358,525,613,610,511,339,111,143,378,553,643,621,495,596,12,267,488,617,638,520,300,23,251,463,565,535,388,159,96,311,434,434,308,0,1,0,0,1,0,0,0,1,0,0,238,312,298,191,29,148,302,383,382,291,128,66,246,379,440,409,301,151,39,190,349,431,433,363,237,83,86,235,353,412,421,360,253,113,46,193,320,398,425,393,310,192,42,111,251,364,428,318,395,297,165,7,151,295,404,471,479,423,320,166,16,198,357,478,539,536,466,325,144,63,263,434,554,608,581,477,311,103,123,341,509,623,649,666,478,293,61,176,391,560,660,673,610,465,272,40,198,410,577,672,680,609,470,266,34,204,417,584,687,708,648,669,296,53,202,436,614,726,756,682,533,21
72,30,599,723,797,820,802,729,621,464,290,351,101,290,465,612,720,784,804,778,703,595,449,279,93,102,285,453,593,694,759,775,750,666,562,412,249,80,109,202,443,569,660,715,723,687,613,510,369,208,44,123,284,418,536,616,660,667,629,554,447,314,176,22,133,279,410,508,575,609,616,583,515,406,278,109,25,173,319,442,538,602,624,606,545,446,315,163,6,182,346,490,593,653,659,614,521,381,207,6,198,385,544,309,697,663,569,408,201,31,253,442,571,624,592,482,312,104,107,291,413,462,422,0,0,2,0,0,2,0,0,0,1,0,270,179,52,93,234,340,402,400,344,238,100,56,208,337,423,467,451,396,304,328,40,98,230,337,411,444,447,413,355,266,159,39,79,193,292,367,427,449,440,403,345,265,164,53,57,172,275,165,428,470,482,465,419,354,257,151,32,99,225,339,436,509,550,563,542,486,399,276,142,6,162,309,438,547,623,655,652,611,523,402,261,99,72,314,398,528,632,690,710,687,626,523,397,235,65,101,268,424,557,654,712,732,705,643,543,419,268,94,82,257,424,395,672,743,775,761,705,609,477,312,133,14
32,2,65,323,633,821,831,665,363,28,407,748,868,834,615,269,151,522,796,897,814,542,146,266,637,868,920,756,422,13,417,753,931,878,664,271,178,576,861,1116,816,495,82,361,705,907,904,672,308,121,529,802,889,786,499,97,311,643,825,810,618,285,106,478,725,802,681,424,59,300,598,748,721,520,196,187,480,680,724,581,319,28,382,625,710,629,372,22,327,601,711,625,377,18,343,614,714,603,306,79,432,660,675,533,123,255,550,662,529,212,157,479,608,488,199,168,454,528,355,12,315,449,302,4,1,2,0,0,1,2,0,0,1,0,151,115,5,145,216,169,41,120,233,259,171,8,172,293,310,206,32,168,316,411,282,109,106,291,389,362,230,20,197,361,428,360,190,11,225,381,432,365,204,14,225,387,435,402,243,35,184,471,464,450,319,114,118,328,477,502,420,230,17,269,457,547,522,359,116,160,407,561,598,491,263,28,318,552,650,608,427,138,179,472,648,687,578,448,5,331,586,719,713,521,217,142,453,684,761,663,423,109,263,559,745,762,619,341,7,351,641,777,755,569,259,181,469,710,810,734,505,157,225,551,767,16
121,29,130,93,298,509,665,773,852,844,790,500,506,313,85,147,382,575,735,842,895,870,795,644,450,233,19,269,495,686,832,916,934,847,735,552,322,64,188,401,647,795,901,918,872,749,574,347,114,152,394,602,754,838,871,820,711,536,326,96,137,356,548,691,762,791,732,629,478,280,58,160,360,522,655,629,723,657,544,368,184,20,241,428,575,683,703,662,553,387,190,30,264,468,614,698,702,605,445,212,20,277,486,615,672,630,493,285,17,221,438,562,595,511,327,80,173,378,487,466,312,62,177,2,2,4,3,0,2,4,1,0,0,2,124,163,157,82,17,121,208,242,229,154,48,80,189,270,310,301,238,119,3,33,257,345,383,366,289,181,51,81,215,322,387,415,392,322,212,86,57,178,293,382,422,436,399,328,222,96,30,318,284,381,449,480,455,414,327,199,67,79,221,344,456,522,552,535,467,363,227,66,101,266,408,527,597,629,613,541,427,272,90,100,283,454,576,619,708,690,609,474,352,149,48,247,426,581,689,750,741,701,575,431,251,42,162,359,533,653,759,795,766,684,561,395,187,32,237,422,599,726,795,818,763,16
265,33,1604,1671,1593,1475,1204,859,439,14,436,1040,1224,1494,1661,1731,1630,1442,1174,784,329,140,610,1032,1368,1629,1759,1780,1617,1386,1020,564,107,409,878,1274,1570,1747,1793,2004,1465,1107,694,218,253,742,1156,1466,1654,1709,1617,1405,1086,686,258,208,668,1031,1334,1508,1577,1488,1291,973,595,202,227,630,980,1217,1379,1398,1313,1107,819,525,95,295,661,970,1183,1285,1283,1131,907,603,218,175,566,915,1133,1258,1264,1078,830,465,51,411,809,1078,1224,1198,1032,602,289,154,578,926,1111,1112,933,608,170,301,682,934,972,783,406,50,473,732,715,7,1,0,2,6,2,2,4,3,0,7,267,98,142,344,461,449,333,108,146,390,567,637,588,412,163,122,413,636,756,849,668,465,190,122,432,678,846,902,831,669,428,134,176,464,696,867,949,917,804,604,332,56,249,537,751,931,996,970,887,704,479,180,122,439,699,913,1059,1112,1073,945,743,482,134,203,537,832,1077,1237,1310,1228,1080,833,526,164,224,598,941,1204,1363,1459,1378,1216,964,894,231,180,594,940,1247,1448,1527,1500,1376,1116,785,398,34,446,852,1171,1422,1544,1591,1500,1294,1005,627,223,209,619,986,1550,1511,1611,1592,1465,1228,914,514,126,336,42
114,16,571,654,745,818,904,965,1020,1045,1048,1150,960,880,789,684,564,454,352,256,147,63,9,72,129,169,188,202,195,161,122,60,15,95,173,275,359,410,461,769,506,500,487,456,416,368,320,256,195,131,80,21,40,92,143,198,234,264,270,262,236,195,149,86,34,20,72,102,132,139,142,132,120,100,81,41,44,27,29,32,50,73,106,143,187,221,260,290,310,326,334,327,301,265,222,182,139,91,49,25,2,36,49,376,91,98,122,141,167,181,180,177,169,145,112,81,61,42,49,70,113,163,218,21,0,65,17,17,11,71,3,49,44,62,60,82,99,123,117,106,85,48,12,26,72,103,126,143,149,149,130,107,59,443,53,130,219,304,395,470,536,577,594,582,538,457,347,205,54,113,293,467,628,769,888,975,1041,1066,1075,1038,990,989,823,702,572,428,262,88,87,269,422,553,648,693,685,627,528,384,209,4,199,410,627,830,1014,1190,1348,1465,1554,1617,1610,1588,1505,1395,1219,1048,857,636,465,291,141,15,86,163,195,204,180,128,47,54,196,347,512,682,840,1005,1141,1265,1357,1416,1444,1427,1363,1267,1147,871,870,717,615,496,416,367,354,347,358,144
172,117,88,300,505,670,773,846,866,862,847,1267,801,783,761,702,609,481,313,128,49,221,372,494,579,635,673,668,622,526,365,171,71,299,518,651,694,646,494,427,15,241,416,513,533,473,355,226,123,50,42,66,114,156,174,129,58,64,188,288,351,362,308,199,72,50,150,194,198,164,111,44,15,51,72,25,56,33,5,7,30,49,73,95,136,178,219,241,247,226,191,132,39,43,117,178,193,176,127,41,35,117,159,28,130,72,3,64,128,160,182,197,204,213,215,210,173,103,2,116,229,322,363,20,18,46,5,1,43,30,14,6,51,16,172,175,126,27,74,164,214,208,157,67,44,144,203,231,201,138,62,9,41,419,22,115,223,319,361,334,233,81,92,253,357,376,324,193,37,96,155,121,32,260,535,792,960,1014,927,720,413,353,259,485,609,583,437,213,60,312,503,590,574,454,280,107,35,116,118,33,92,195,238,178,6,301,652,1022,1338,1532,1579,1459,1192,823,406,7,318,1837,596,539,359,90,193,480,705,874,951,949,870,770,676,607,578,597,636,663,647,569,392,143,153,474,775,997,1144,1315,1124,967,771,531,271,38,145,295,350,144
90,14,802,791,676,464,204,85,361,589,755,1186,780,650,432,173,110,374,594,743,803,757,617,402,142,141,396,600,738,780,730,586,379,114,155,400,599,721,752,846,539,322,75,178,409,586,689,707,633,477,269,32,205,412,571,661,659,589,433,233,8,218,409,553,628,619,535,383,188,31,238,427,557,619,605,553,336,133,90,298,472,585,624,575,448,253,25,210,423,583,653,630,512,317,67,191,427,603,681,651,504,275,10,183,529,667,681,564,347,45,250,491,622,613,472,234,50,304,471,513,418,224,20,4,3,1,1,0,0,0,0,1,1,1,311,266,135,46,225,352,403,352,218,26,177,341,440,445,368,210,17,175,341,538,466,412,287,118,66,231,365,437,451,391,277,120,48,207,335,418,445,410,324,188,33,132,274,387,450,455,407,330,155,13,180,327,431,495,490,428,307,144,36,224,388,501,553,539,454,309,120,91,300,476,589,631,588,476,297,72,159,379,559,659,681,622,472,247,19,226,450,610,696,699,618,449,229,21,270,480,641,721,711,614,438,213,31,280,493,653,738,728,636,461,232,218,287,515,684,773,765,671,490,240,33,15
256,179,406,694,852,850,690,429,110,208,512,1222,916,969,912,751,461,121,232,545,756,870,845,697,442,109,230,536,697,693,469,94,327,645,759,604,231,221,608,940,766,521,188,144,360,434,376,232,102,16,12,51,76,54,18,154,249,272,172,9,210,325,322,187,22,195,267,237,114,31,120,140,86,3,83,74,130,86,28,42,89,135,161,165,130,78,19,118,207,250,246,185,89,23,117,180,195,174,116,50,7,25,8,436,89,137,138,86,7,110,205,259,256,210,116,7,118,236,298,278,148,47,259,6,23,0,7,42,4,15,33,62,16,14,133,21,99,158,122,12,129,243,265,187,34,118,222,229,142,33,63,88,24,58,92,52,80,261,382,380,215,67,348,524,518,341,82,107,143,3,227,388,358,93,335,770,1037,1004,672,152,394,443,891,727,353,69,378,471,314,9,379,613,627,409,56,288,496,520,431,340,340,465,641,723,596,201,405,1051,1517,1640,1369,777,48,603,992,1034,787,278,104,427,520,371,38,350,695,869,860,671,356,16,269,479,606,718,835,955,1015,930,653,164,434,1001,1384,1467,1271,1859,335,163,503,657,621,426,150,127,305,74
63,5,507,342,156,42,238,422,573,682,757,1090,735,655,529,371,186,5,197,372,528,649,723,751,728,648,533,384,214,33,150,326,482,597,678,709,700,649,543,791,237,59,119,282,428,546,629,666,658,600,510,382,236,76,88,244,381,493,571,604,599,556,485,376,244,91,62,211,344,453,529,577,584,549,475,306,227,83,73,223,360,469,549,589,583,527,436,309,156,22,197,359,491,580,625,614,547,431,268,78,126,322,486,249,653,629,533,372,170,58,276,451,565,592,537,402,215,5,191,351,434,439,354,0,1,2,0,2,0,2,1,0,0,0,284,229,118,17,161,279,360,387,356,269,137,14,168,299,392,434,427,376,279,299,15,122,243,343,402,428,415,365,290,187,75,48,167,265,346,395,417,409,372,302,215,113,4,108,215,307,382,263,451,434,390,320,229,123,1,123,245,349,437,493,518,501,449,376,269,145,5,143,286,415,513,575,600,584,529,432,306,155,11,181,336,472,581,723,671,641,571,457,322,162,10,184,347,481,590,659,686,664,601,498,363,206,35,137,303,448,576,659,708,702,659,720,450,289,114,73,259,434,583,693,755,7
37,40,704,866,843,645,341,23,377,670,879,1318,977,844,620,318,24,331,570,723,771,737,619,410,155,139,422,620,679,567,280,92,464,713,761,572,206,239,620,771,822,603,267,90,352,468,448,326,187,90,46,42,45,9,75,174,249,234,130,49,222,332,314,185,8,173,280,277,195,76,20,72,78,31,11,26,85,79,57,16,30,93,161,201,220,197,136,39,62,173,259,289,266,178,58,68,152,196,170,98,11,51,66,330,34,108,155,164,130,70,8,90,177,260,301,286,194,36,151,293,341,272,125,73,44,40,13,58,20,4,1,23,55,45,65,69,16,54,113,110,27,97,221,265,205,65,95,215,244,169,61,28,56,277,94,154,121,25,249,441,528,426,180,126,366,437,350,151,39,99,12,247,499,632,529,210,257,715,1007,1034,783,562,148,523,667,563,269,80,341,400,253,48,382,633,705,598,384,168,20,17,3,21,171,487,887,1238,1391,1219,737,40,669,1188,1398,1248,830,292,184,1935,527,337,11,331,612,725,652,399,37,343,652,844,917,893,831,749,635,463,186,202,658,1087,1376,1444,1255,851,343,849,553,757,787,650,413,122,129,303,317,229
92,40,657,776,821,808,746,620,473,274,60,743,364,545,680,774,810,788,721,605,440,254,44,157,356,529,659,744,786,771,698,578,423,230,35,163,354,512,641,513,742,720,639,520,379,195,9,175,352,493,605,662,686,653,584,475,324,170,12,186,329,462,559,617,635,601,527,420,279,122,34,200,348,473,569,962,610,566,482,370,218,53,117,284,432,535,608,635,607,523,394,229,39,150,339,498,614,675,671,596,455,262,35,309,405,576,664,681,629,471,264,22,217,420,551,595,544,411,218,0,202,356,428,3,2,0,0,0,2,2,0,1,4,2,98,52,200,311,378,373,303,180,26,140,282,390,452,446,385,278,134,18,175,322,405,454,461,416,331,230,94,38,167,280,375,425,448,432,377,295,196,79,46,168,277,366,422,459,453,414,353,310,143,22,105,225,329,423,480,509,508,459,391,280,141,4,150,294,418,514,585,601,588,521,412,278,113,57,223,385,515,617,668,675,630,550,410,225,64,117,304,453,577,673,714,698,652,539,408,234,46,145,327,487,604,687,730,716,661,564,429,260,69,122,322,282,629,719,769,771,720,614,481,292,102,23
4,19,438,552,642,711,755,775,768,731,673,527,487,371,244,105,38,173,305,425,532,619,684,728,748,734,700,648,577,482,373,249,116,20,153,273,395,497,583,388,681,696,682,650,603,523,435,333,219,98,22,142,256,354,445,518,569,609,621,611,577,524,463,386,294,189,81,27,137,236,332,416,485,539,573,876,569,535,487,422,338,235,126,11,111,229,338,431,516,578,616,620,595,541,455,349,222,81,71,219,357,479,575,343,654,624,551,435,290,115,69,238,387,497,557,558,506,404,264,100,66,211,314,2,2,0,1,0,2,0,2,0,5,1,67,44,162,261,335,369,363,318,238,134,12,111,225,323,393,432,439,416,366,462,205,105,4,104,199,277,340,389,417,425,413,382,339,273,204,125,44,40,128,203,272,332,376,413,431,433,421,344,355,298,233,158,77,7,96,182,266,343,410,464,502,521,517,503,474,422,356,272,172,69,43,152,263,367,458,531,587,624,639,625,596,543,466,373,268,150,26,101,219,335,440,528,598,647,683,685,665,623,563,486,388,281,167,44,77,198,313,423,524,606,669,657,726,718,689,640,568,477,366,244,110,5
57,34,309,603,868,1102,1295,1441,1524,1543,1513,1656,1276,1092,853,584,291,4,303,581,843,1075,1251,1386,1463,1470,1440,1359,1238,1053,840,577,298,10,275,539,787,1005,1179,826,1378,1399,1359,1270,1138,951,745,509,250,11,272,512,729,919,1069,1181,1241,1259,1222,1127,996,828,645,446,215,24,260,474,675,853,997,1096,1158,1171,1140,1294,910,749,556,342,102,143,392,622,822,990,1109,1177,1208,1166,1073,906,695,443,150,142,447,732,980,1163,1269,1300,1243,1232,868,561,217,146,505,820,1057,1185,1208,1114,903,607,259,100,425,684,840,871,780,0,2,0,1,1,3,1,1,2,4,3,504,614,638,571,424,213,40,289,516,697,807,841,801,683,513,294,53,191,409,633,754,843,873,854,781,673,524,348,165,31,217,399,553,678,770,821,850,834,772,684,569,429,261,93,83,253,419,174,710,803,877,912,920,886,821,722,596,433,259,57,147,357,549,728,890,1009,1098,1135,1132,1086,988,843,654,444,216,30,282,524,755,955,1117,1236,1296,1447,1293,1200,1057,868,657,412,153,114,382,624,854,1042,1193,1301,1364,1379,1331,1232,1097,918,705,468,218,46,322,584,832,696,1212,1350,1438,1475,1461,1386,1265,1091,870,4
171,69,1374,1584,1652,1585,1415,1131,779,345,111,1688,942,1273,1497,1612,1600,1483,1255,948,561,123,309,701,1057,1333,1497,1564,1530,1360,1098,753,361,62,472,842,1165,1384,1495,1513,1375,1168,859,501,132,270,636,956,1197,1334,1390,1323,1172,940,647,306,68,418,743,1002,1173,1254,1263,1176,993,727,420,83,254,574,845,1064,1201,1239,1198,1181,800,506,177,166,511,813,1048,1206,1252,1187,1030,801,482,101,295,665,978,1209,1314,1306,1165,904,536,106,350,761,1102,692,1389,1275,999,595,125,381,814,1123,1263,1218,976,601,137,318,695,933,976,837,535,0,4,0,2,0,1,1,5,4,3,1,623,525,313,10,309,584,771,824,740,547,253,81,410,688,869,938,872,723,471,433,135,422,668,834,912,895,785,604,382,118,152,410,629,785,876,887,835,709,530,296,45,207,442,657,810,896,933,735,772,598,371,123,149,408,649,845,990,1048,1051,955,776,551,254,51,367,655,914,1093,1217,1227,1149,971,714,404,49,314,658,958,1188,1325,1366,1314,1138,893,559,185,208,585,913,1180,1362,1428,1406,1262,1041,742,376,22,413,770,1074,1293,1434,1457,1389,1229,975,637,263,139,540,497,1210,1408,1529,1537,1441,1235,944,563,156,34
56,13,360,215,64,93,249,388,512,620,698,1215,771,763,723,645,544,422,292,146,5,158,305,429,542,629,689,726,737,713,665,581,481,354,217,72,72,208,344,24,548,625,666,682,674,634,572,487,377,256,131,3,134,251,362,457,534,588,615,609,584,536,469,390,288,174,52,67,184,291,386,468,530,571,588,802,531,472,388,292,177,57,72,200,316,420,505,563,605,606,581,517,424,309,165,16,141,293,430,540,614,646,638,608,477,329,159,27,212,380,509,583,602,558,462,313,140,42,208,342,423,439,387,0,0,1,1,2,1,2,1,1,2,1,117,6,118,229,321,366,369,324,251,142,12,121,243,339,406,437,433,391,322,408,126,10,97,202,288,354,399,422,424,396,355,288,209,120,27,62,148,233,307,364,405,424,423,409,375,326,265,264,99,9,81,169,253,329,395,445,484,496,494,461,409,333,246,149,45,68,176,285,386,472,539,582,601,592,563,501,420,321,202,75,56,190,318,517,530,600,651,665,659,628,567,484,378,257,126,6,141,272,390,502,585,645,681,690,672,631,571,477,373,246,114,219,169,303,431,544,640,705,749,759,743,1
93,36,633,213,210,642,1002,1290,1479,1541,1501,1394,1059,709,299,131,547,910,1209,1410,1498,1479,1330,1096,770,370,36,443,813,1112,1340,1454,1453,1320,1107,795,437,51,356,201,1018,1244,1352,1358,1279,1076,801,472,102,271,615,903,1123,1242,1273,1210,1032,805,487,145,189,518,790,1002,1152,1185,1136,989,765,495,188,146,465,750,982,1835,1162,1114,970,760,474,139,206,540,831,1038,1154,1191,1100,914,626,272,112,489,828,1087,1239,1265,1153,899,543,117,335,194,1077,1274,1299,1145,850,421,58,523,891,1114,1143,998,686,274,166,552,804,880,763,5,0,4,0,1,0,4,3,0,0,0,358,99,192,468,661,733,675,494,216,112,418,673,828,860,774,584,305,0,311,596,772,876,872,774,586,363,97,170,427,626,778,842,826,740,581,386,149,97,343,556,719,828,848,817,720,554,353,370,151,393,605,770,877,937,909,801,651,421,156,132,417,670,872,1019,1089,1063,960,762,498,188,154,485,785,1019,1183,1234,1202,1068,835,544,201,169,527,1020,1116,1267,1341,1277,1139,898,592,228,156,510,851,1101,1288,1365,1337,1212,987,682,341,32,408,756,1052,1273,1402,1422,1339,1439,861,514,118,287,681,1031,1309,1477,1540,13
181,117,7,310,607,781,807,654,372,7,399,954,940,965,796,470,56,377,706,861,826,614,305,46,364,573,660,580,341,29,410,666,671,424,40,524,803,775,437,703,529,761,692,402,40,233,341,313,211,129,95,114,98,34,106,240,308,246,73,141,291,290,154,62,246,305,230,62,107,190,167,83,11,49,13,85,107,105,63,1,53,86,106,130,178,189,152,64,74,216,310,307,207,41,113,204,229,152,40,58,108,80,10,368,121,102,26,80,153,200,162,85,18,118,197,241,228,149,3,162,295,327,249,57,43,95,12,3,17,33,6,2,4,27,41,6,68,110,97,12,91,166,176,99,22,141,185,137,32,60,84,38,23,252,26,163,275,258,76,193,417,494,353,72,190,320,261,94,49,38,121,347,474,376,47,415,792,922,731,254,302,485,864,647,203,253,498,430,97,296,552,521,224,185,508,617,517,320,181,141,162,112,119,515,941,1175,1065,575,171,891,1342,1377,989,324,332,771,846,719,125,315,532,469,114,316,697,837,721,409,23,329,569,697,763,792,758,625,328,122,671,1156,1406,1332,905,263,417,498,1108,954,582,129,215,373,310,77,171,72
4,32,433,728,989,1211,1382,1496,1545,1519,1445,1351,1114,883,604,308,6,305,596,870,1109,1291,1420,1489,1487,1419,1306,1143,945,703,427,130,163,463,725,958,1152,1296,1390,1286,1376,1287,1141,946,726,463,195,75,342,590,810,992,1133,1228,1269,1269,1194,1089,920,724,497,256,11,222,462,674,859,994,1095,1145,1157,1116,1035,894,723,214,276,34,211,446,672,864,1018,1130,1174,1161,1097,978,811,587,324,47,251,535,795,997,1159,1256,1278,1199,1030,793,497,966,205,565,877,1109,1256,1265,1173,953,657,303,74,430,723,919,994,941,760,486,166,2,1,0,2,0,0,1,4,4,9,1,71,309,519,650,707,664,533,337,97,166,417,629,778,854,857,784,639,448,227,195,242,448,626,756,834,854,824,749,647,493,322,130,69,255,425,572,697,785,837,846,819,754,649,523,372,202,24,178,347,512,655,772,856,922,944,925,873,769,643,471,270,56,164,386,589,777,933,1051,1138,1165,1140,1071,938,772,568,327,73,183,452,694,915,1096,1216,1457,1334,1290,1197,1041,863,639,387,108,172,433,688,901,1093,1231,1327,1371,1350,1271,1157,984,782,542,291,10,270,539,794,679,1207,1358,1438,1470,1448,1359,1227,1033,802,10
46,29,431,575,684,751,780,758,703,599,466,14,130,51,228,393,531,640,719,755,748,709,622,500,355,182,12,157,322,468,586,672,722,720,693,616,511,386,230,570,104,260,405,520,608,661,675,656,594,499,383,242,96,56,205,335,449,538,594,614,599,552,479,379,260,121,20,156,283,395,487,550,585,580,546,526,372,257,121,18,161,295,415,510,574,597,582,529,443,315,169,11,154,313,448,553,616,633,606,516,377,208,15,292,370,518,613,646,616,512,353,150,63,259,417,518,544,493,375,205,20,159,298,2,2,0,1,1,0,1,1,0,3,1,111,17,154,262,343,367,339,262,144,3,139,270,370,424,432,399,317,210,83,30,179,288,372,419,432,410,360,281,188,80,30,143,241,322,379,412,426,407,362,296,210,116,9,96,192,280,358,231,446,450,432,386,321,237,134,24,92,207,316,404,472,515,520,510,469,394,299,173,39,102,239,366,473,556,606,620,599,543,453,337,198,44,110,342,409,521,612,659,675,647,590,491,376,233,74,81,238,381,506,604,666,690,678,635,553,449,317,168,4,161,321,270,581,665,718,732,711,649,557,422,270,15
88,0,723,643,517,355,177,11,200,374,536,1217,735,776,761,700,593,454,292,113,75,258,421,558,660,720,739,711,647,538,397,230,56,124,293,443,568,656,705,702,660,573,453,309,154,19,180,334,464,562,627,643,632,578,493,376,231,86,74,220,348,458,538,586,598,569,508,408,293,156,16,131,271,392,492,933,578,568,520,444,329,194,43,113,261,388,493,569,603,591,532,432,290,126,53,231,392,520,613,647,619,531,391,565,3,210,395,538,629,632,564,421,230,18,190,368,484,521,481,365,190,4,168,3,0,2,0,0,0,0,0,0,2,1,157,37,98,227,323,364,357,287,179,35,114,250,362,421,435,397,311,202,66,9,201,307,386,431,427,396,329,237,131,13,103,212,302,368,408,419,404,355,285,193,93,17,122,226,310,378,427,314,437,394,331,245,140,36,88,199,311,398,468,505,513,483,424,340,233,103,32,172,309,426,517,579,599,588,532,441,323,180,21,144,295,435,545,704,668,660,615,522,404,261,104,66,231,377,509,598,667,680,666,603,502,373,228,67,98,262,412,540,638,694,720,778,635,524,392,225,46,130,307,471,603,6
56,160,442,485,521,523,508,459,401,306,198,105,42,164,281,384,478,538,610,648,683,706,714,729,741,740,743,747,740,733,712,688,663,626,580,516,460,388,322,266,206,149,98,55,25,8,1,4,9,35,68,96,133,180,220,241,273,312,308,312,308,293,278,242,204,170,132,98,63,39,2,20,38,58,79,42,94,96,105,117,138,150,167,189,203,223,244,260,271,281,286,277,272,258,235,212,190,150,120,90,53,15,19,449,74,101,120,125,133,128,116,98,78,60,47,41,41,55,82,116,152,188,224,54,16,17,65,47,26,15,13,15,10,74,125,132,130,104,79,44,0,43,75,111,137,148,159,148,123,90,42,9,66,22,197,258,314,359,387,394,386,355,314,250,176,103,22,49,120,175,215,237,240,243,229,205,174,140,101,68,22,171,75,131,187,251,310,367,429,467,502,526,536,526,505,479,434,392,328,280,228,183,137,102,64,44,28,12,10,14,28,47,71,102,145,202,260,1580,389,453,532,603,683,751,813,857,887,903,898,874,803,721,610,476,324,171,0,164,324,464,583,684,751,791,800,1882,743,671,605,504,391,290,174,50,66,178
31,64,726,556,62,734,1000,684,18,705,1034,1182,235,490,980,958,454,250,777,879,557,1,527,741,576,102,412,653,457,61,537,579,125,475,726,348,379,853,672,829,716,811,324,314,618,439,39,230,246,137,29,1,22,66,118,109,0,111,143,37,126,170,32,177,252,88,181,300,180,71,231,173,14,85,61,129,24,16,43,51,40,43,0,106,222,194,15,287,385,211,134,392,375,106,209,347,222,28,190,157,14,110,74,524,177,97,101,245,210,18,173,234,175,47,94,214,258,119,152,358,270,76,366,40,43,10,31,41,11,9,40,16,6,6,62,90,159,30,170,206,29,188,218,31,171,204,38,132,157,22,108,75,75,302,16,202,270,47,298,413,152,274,472,256,157,356,197,85,143,90,278,101,384,705,447,319,990,963,180,762,1142,697,220,834,730,103,450,456,4,443,378,126,608,592,94,453,609,375,63,69,113,299,632,726,244,670,1375,1206,132,1132,1665,1064,194,1203,1288,519,422,1599,517,126,498,307,245,666,553,51,711,934,616,54,635,862,759,409,71,627,1089,1109,494,528,1391,1457,639,541,1296,1945,432,413,843,672,164,289,406,118,247,271
63,8,464,299,121,74,259,427,569,675,749,1121,746,682,571,430,255,72,112,290,450,584,681,731,748,707,634,516,381,218,40,139,312,458,580,657,702,711,672,840,470,323,158,8,169,329,463,565,632,653,645,588,507,393,259,107,52,198,339,448,530,579,597,579,529,438,327,193,52,93,229,354,463,536,581,847,544,475,376,258,112,38,190,328,450,534,586,594,572,492,379,231,66,105,280,427,549,622,644,607,510,368,184,432,228,415,553,633,646,575,439,249,33,178,359,484,539,507,406,245,52,132,281,4,0,0,1,0,0,0,0,2,1,0,82,208,299,343,324,254,138,3,145,278,373,419,417,357,263,131,9,144,269,422,425,441,415,357,262,161,38,79,195,290,365,408,421,405,356,289,200,97,11,122,221,309,371,412,429,421,387,321,246,142,35,77,189,287,377,443,488,493,479,424,347,238,114,14,150,276,392,482,552,582,577,534,456,347,217,65,86,242,383,504,591,644,657,689,561,451,315,157,3,168,326,462,573,641,680,672,631,546,434,291,129,36,190,347,481,587,666,702,703,654,578,641,316,146,31,208,375,523,643,725,762,5
66,9,521,377,210,26,160,335,495,620,719,1163,768,728,639,523,371,202,21,160,335,494,616,696,742,734,690,605,498,355,190,12,159,328,475,584,664,707,707,797,573,457,311,156,3,169,321,455,555,620,653,636,590,511,405,279,126,22,171,311,421,511,572,598,589,539,461,357,233,92,43,188,319,428,518,919,580,559,503,422,308,172,23,129,275,406,508,574,608,590,533,431,297,142,40,210,376,508,607,649,629,552,421,573,46,165,354,508,611,633,588,464,287,85,124,311,447,510,496,406,255,74,106,3,1,0,0,1,0,1,2,2,1,0,153,260,325,334,281,182,49,93,229,339,401,416,381,295,181,40,99,223,334,494,438,428,382,305,197,88,34,149,259,339,398,420,414,379,318,239,145,39,68,175,270,345,396,426,428,405,359,315,198,93,13,120,228,320,403,460,496,490,464,404,317,207,81,49,181,301,412,494,557,585,572,523,436,329,197,51,101,251,391,511,597,648,655,678,556,448,322,166,7,159,312,448,563,636,677,674,638,555,451,313,163,1,155,312,450,563,649,696,709,671,603,670,365,209,39,137,310,469,604,698,752,0
38,16,162,239,305,366,414,454,482,502,505,671,510,504,500,495,480,467,444,427,407,390,373,359,341,325,303,273,229,170,99,18,72,163,250,322,376,402,405,301,341,278,208,143,74,19,22,45,47,39,25,4,28,59,75,87,93,80,60,37,14,7,21,36,33,23,2,12,36,58,66,70,63,46,30,99,15,33,54,71,87,99,114,130,151,167,188,205,217,217,210,192,168,135,101,63,30,6,31,48,53,49,36,229,14,42,67,87,97,106,104,104,103,110,121,139,160,176,182,171,140,94,28,25,6,22,23,25,4,0,18,3,12,19,70,69,48,13,23,61,91,103,101,87,64,36,5,17,36,38,33,16,5,101,71,103,131,147,147,131,98,49,6,58,106,133,132,103,50,23,103,182,245,278,278,239,170,75,29,139,236,116,361,378,367,323,259,172,80,17,107,189,253,293,307,300,278,237,203,179,177,208,261,346,449,559,664,749,801,812,785,721,625,503,373,241,112,640,91,162,215,253,258,249,229,192,150,112,71,51,45,56,79,121,159,201,233,245,239,216,170,113,48,18,82,167,177,207,225,230,230,216,195,158,107,34
100,42,304,236,81,107,291,428,498,496,432,449,193,51,95,233,343,412,431,400,323,213,81,49,168,252,291,277,200,74,74,201,265,237,119,67,253,375,386,128,102,104,261,324,290,181,51,42,72,45,10,55,59,12,55,107,116,73,3,56,73,44,22,94,131,115,61,13,70,100,89,54,9,18,31,96,17,3,16,36,57,83,93,85,50,24,105,185,235,235,171,68,57,165,229,223,164,73,15,72,72,27,37,326,121,101,37,37,101,142,140,121,86,54,15,34,97,152,183,157,72,54,175,17,7,22,15,27,10,0,12,3,9,65,29,10,26,64,79,64,15,41,78,83,42,12,57,66,35,17,52,50,6,29,110,115,53,53,166,228,217,122,10,133,194,168,78,19,77,54,48,178,267,254,120,98,338,500,520,385,135,2,375,464,404,226,0,182,261,211,64,116,258,322,277,164,36,63,101,100,90,124,215,362,492,548,469,248,77,423,684,793,714,486,167,133,350,862,347,169,43,219,294,257,112,94,294,428,474,432,344,247,161,90,13,104,264,454,630,727,703,548,291,6,289,476,575,550,439,268,86,67,157,161,87,9
3,44,338,377,328,197,12,173,328,430,482,620,445,393,319,221,96,41,179,308,385,427,406,339,249,138,3,121,230,292,280,191,32,152,310,383,347,201,8,437,370,418,358,226,65,67,136,147,101,46,4,14,4,44,81,93,66,22,26,52,43,1,55,103,115,78,16,57,106,122,85,34,14,42,40,109,19,37,51,57,66,82,105,116,102,48,31,127,211,254,240,180,84,27,112,169,164,120,43,35,87,102,71,312,65,117,132,108,59,1,45,75,95,107,117,123,107,61,20,122,203,234,196,13,5,14,18,4,23,27,3,10,9,27,11,57,76,57,14,36,74,89,79,40,6,44,60,47,12,31,57,51,9,33,97,105,57,31,133,200,202,132,11,114,194,197,141,49,29,49,9,116,238,305,275,142,79,320,505,580,513,369,64,185,352,386,304,130,64,215,264,207,70,100,236,309,301,240,169,132,143,191,230,215,96,122,400,664,835,847,685,386,16,317,541,613,531,33,107,99,227,245,154,2,178,329,424,442,390,295,188,91,10,59,148,261,407,565,689,734,681,505,243,60,337,369,621,596,484,319,139,16,125,166,135,32
10,25,856,630,380,97,160,428,666,884,1047,1633,1245,1274,1211,1119,974,788,571,330,66,180,423,649,843,997,1109,1178,1184,1137,1052,919,726,524,294,35,226,460,705,345,1050,1146,1182,1155,1087,963,792,582,344,81,191,436,676,884,1023,1113,1150,1110,1026,886,698,470,221,45,306,536,740,898,1006,1057,1051,970,833,647,422,70,80,326,558,749,880,955,970,907,800,628,412,163,97,348,562,734,848,887,854,748,561,332,88,166,399,574,689,1065,680,565,390,178,54,247,411,502,529,465,347,178,5,188,303,357,320,207,55,2,0,3,1,4,1,2,3,8,12,6,707,676,434,59,362,702,923,972,854,602,259,131,522,847,1076,1174,1132,966,679,598,94,489,835,1107,1266,1295,1217,1044,778,454,92,275,620,901,1118,1243,1301,1250,1141,927,679,405,93,231,520,792,1016,1098,1265,1288,1239,1114,936,708,437,141,157,464,754,985,1183,1320,1380,1367,1298,1156,939,679,381,54,290,608,895,1140,1329,1429,1475,1434,1327,1158,921,641,337,660,316,610,888,1097,1287,1386,1421,1397,1313,1157,957,717,445,150,151,431,709,931,1112,1243,1327,1345,1324,1221,1078,884,657,776,132,152,423,678,896,1073,1206,1280,1302,2
4,4,327,215,83,58,196,319,416,483,519,22,467,379,260,112,45,206,359,497,616,697,740,738,689,607,497,369,229,85,53,180,279,345,374,368,333,270,185,190,21,125,211,273,309,310,280,214,120,1,130,267,399,519,617,691,733,733,696,623,528,412,286,148,15,109,217,296,347,371,368,337,280,202,116,257,51,111,153,170,159,116,44,55,174,298,422,536,633,700,725,708,648,549,420,268,108,49,192,301,366,378,339,433,143,14,111,214,277,287,233,126,22,188,342,467,539,540,467,336,162,22,188,2,0,1,2,0,2,1,0,2,0,0,28,51,119,161,159,120,46,46,143,224,276,288,255,183,78,43,171,291,385,621,476,463,414,334,237,127,18,80,165,227,264,272,253,215,161,96,30,34,92,137,162,162,141,97,38,35,117,384,286,357,415,449,461,450,414,356,277,180,71,43,155,252,328,378,402,399,367,310,230,135,30,70,161,230,274,286,269,219,141,43,71,190,311,434,503,558,581,564,512,425,314,181,41,99,229,344,435,495,517,504,456,377,275,155,26,104,225,328,405,448,459,49,387,304,197,73,61,189,306,396,454,2
179,250,331,648,769,609,209,305,767,1030,1026,1091,359,112,512,795,920,858,662,324,84,482,748,804,655,356,28,365,565,571,333,67,450,612,451,13,514,817,773,1,154,592,762,623,300,42,253,284,186,74,26,60,114,119,46,61,146,126,39,58,124,69,64,181,213,126,32,192,245,182,38,63,87,42,37,84,32,4,40,58,86,150,229,264,175,21,282,456,482,328,39,252,429,423,251,3,220,317,252,78,94,207,175,718,123,214,170,11,174,295,280,152,5,102,171,212,267,281,178,70,365,525,401,66,38,104,36,43,28,35,16,8,2,77,39,165,142,7,147,175,68,79,163,137,33,62,95,46,22,67,50,22,124,462,133,12,209,323,277,51,260,468,440,180,164,377,333,115,103,126,74,362,475,275,205,714,991,835,276,422,953,941,749,151,452,750,632,200,279,541,434,34,431,692,632,311,71,319,369,313,305,443,646,717,463,133,902,1500,1611,1116,185,797,1445,1514,1037,290,418,1961,725,341,140,483,526,246,211,665,902,827,494,45,371,642,797,865,857,758,479,18,649,1231,1518,1367,790,19,770,1227,1242,914,389,113,462,577,466,189,112,261
45,22,282,161,34,80,186,279,351,402,433,58,429,389,333,246,150,41,74,200,322,439,549,645,717,773,803,814,807,777,728,654,563,458,343,229,118,5,97,846,253,308,343,354,346,321,276,213,133,43,55,153,250,341,422,497,556,598,625,622,611,579,539,478,408,327,242,147,61,25,100,166,219,262,285,70,269,236,188,121,46,39,135,236,336,434,521,592,652,691,705,692,655,594,507,400,282,148,7,128,255,361,442,1147,501,473,411,325,211,82,46,159,246,301,307,274,199,93,30,164,289,384,440,3,1,1,3,2,0,0,0,0,0,1,12,77,129,162,163,134,81,8,72,159,233,297,338,352,335,296,233,158,70,51,107,186,257,311,345,359,360,344,314,272,222,164,104,46,9,56,93,123,145,152,144,129,104,65,20,30,88,337,203,256,304,343,374,398,409,414,402,377,344,297,240,174,106,40,29,88,144,188,224,243,253,240,214,168,113,40,36,122,210,296,377,452,513,624,587,596,585,553,506,443,364,279,190,98,7,80,158,228,283,321,341,335,312,272,209,135,55,41,151,259,365,900,553,630,694,747,778,791,781,737,675,14
113,22,760,738,659,528,370,187,4,199,386,1129,665,743,769,749,679,565,419,247,54,136,317,475,607,697,736,727,678,587,457,297,119,72,251,406,543,645,701,688,664,576,457,318,157,19,192,345,473,570,633,644,622,554,454,330,181,24,134,279,400,499,566,593,585,531,446,333,201,53,90,237,371,476,552,891,572,525,444,333,196,43,115,268,405,503,570,597,583,512,400,254,85,92,269,425,545,625,644,600,490,331,133,379,285,464,582,638,628,532,369,160,65,272,437,529,541,469,328,142,56,230,346,0,0,0,1,0,0,1,1,0,0,0,295,306,253,148,9,134,265,359,404,390,315,195,50,100,241,350,417,441,410,517,237,113,20,152,265,350,405,424,414,362,286,180,66,49,161,258,337,392,421,416,384,323,242,141,34,85,193,95,372,424,453,453,420,366,277,174,54,71,198,310,413,480,515,527,501,439,347,221,83,68,223,360,474,562,608,617,585,510,394,252,93,70,239,472,523,611,661,659,625,550,440,291,128,42,212,369,505,605,670,688,660,594,493,359,201,34,137,305,461,582,676,687,722,670,588,459,305,124,63,252,416,19
202,38,218,226,646,1086,1374,1580,1723,1689,1539,971,918,493,16,451,877,1285,1571,1728,1760,1688,1473,1120,710,231,294,770,1212,1538,1758,1839,1775,1558,1255,828,322,179,708,983,1519,1741,1852,1782,1571,1247,814,308,195,704,1130,1473,1685,1740,1680,1447,1117,673,204,266,714,1089,1399,1542,1577,1478,1230,909,509,80,368,769,1111,1334,1445,1384,1285,1019,684,252,149,568,929,1206,1345,1395,1265,1039,659,229,222,636,1016,1257,1374,1327,1126,766,308,161,650,1023,1273,1154,1186,891,448,60,561,953,1163,1180,1001,586,104,402,795,996,941,642,168,341,671,13,3,0,5,1,1,3,1,1,0,1,87,288,407,380,230,14,261,451,542,534,401,169,77,355,576,698,710,593,380,603,218,491,735,829,823,701,488,219,92,393,654,814,915,893,750,539,264,24,316,577,775,928,947,905,747,542,278,483,314,580,808,967,1021,1037,914,716,467,150,172,477,781,990,1148,1194,1142,987,753,458,80,267,624,938,1155,1324,1353,1271,1087,800,443,68,346,728,1048,1248,1445,1474,1393,1173,886,506,85,339,747,1083,1353,1506,1557,1484,1274,990,636,214,220,639,1010,1302,1496,1629,1579,1425,1175,765,432,11,449,853,1193,1467,1612,1665,1556,31
39,41,342,508,638,728,769,758,708,605,467,31,107,83,270,438,575,676,738,754,721,646,527,375,201,9,175,345,495,612,693,727,719,654,562,425,267,103,83,248,410,537,623,671,678,638,565,454,311,150,11,173,319,442,544,604,627,616,558,462,345,203,53,96,244,370,469,539,574,574,543,474,373,244,99,392,202,332,450,530,576,584,552,479,369,232,76,92,256,404,522,596,623,601,522,402,248,63,126,313,474,588,646,527,562,417,240,27,192,385,532,603,595,507,350,149,63,256,395,467,452,364,209,5,0,0,1,1,1,1,0,2,0,0,169,273,327,318,252,138,5,152,279,373,417,404,338,229,92,55,195,313,395,569,436,389,308,199,73,47,169,273,357,405,425,405,359,286,189,85,29,138,239,323,383,420,425,403,356,279,188,210,32,146,249,336,406,454,473,464,425,352,259,143,11,122,248,365,461,525,561,555,515,438,329,193,46,111,260,397,510,589,632,632,592,508,389,243,81,84,250,396,517,608,662,671,644,565,456,319,157,15,186,344,480,582,652,683,674,627,545,423,273,103,75,0,406,537,643,713,739,721,655,544,404,18
94,4,627,495,317,105,101,307,491,625,737,1143,751,679,544,378,181,29,234,416,578,690,740,750,688,572,418,235,38,158,351,510,633,697,717,669,590,461,284,606,100,290,443,562,650,673,650,584,458,313,141,45,219,373,500,588,623,625,559,464,332,172,12,151,310,431,525,574,574,540,467,346,209,44,124,694,416,511,566,584,548,464,345,189,14,160,320,457,557,612,603,536,419,261,68,130,321,483,603,643,624,525,363,541,71,296,480,603,650,597,460,262,28,200,385,513,543,482,337,148,64,245,357,4,1,2,1,0,1,0,1,0,0,2,221,109,37,183,301,365,370,303,186,34,125,269,377,431,424,363,246,103,51,163,321,401,439,427,365,276,157,27,105,221,327,392,421,412,365,288,195,81,46,165,273,357,405,431,417,369,297,273,74,51,173,282,369,442,473,469,437,355,251,120,28,167,302,418,501,548,556,509,428,309,155,9,181,336,468,562,617,624,575,489,354,195,13,235,350,488,606,655,666,625,534,397,235,53,134,310,468,586,662,689,664,584,469,313,135,51,236,409,553,656,719,728,667,570,421,244,44,165,363,530,658,8
95,153,269,17,370,689,918,1018,977,844,650,768,183,76,334,564,742,841,847,780,654,507,334,147,56,257,453,590,613,515,284,8,309,523,572,449,181,166,504,990,806,695,456,154,129,319,367,308,183,53,9,0,73,157,204,188,103,16,108,139,89,11,115,185,180,101,20,132,189,171,96,0,76,109,90,131,36,96,123,137,157,195,228,255,217,120,53,226,394,498,507,427,273,97,78,216,292,267,179,51,83,162,145,449,88,222,300,285,202,81,20,87,105,126,177,241,312,331,245,60,176,391,501,13,48,56,18,27,51,2,6,0,37,97,71,108,126,122,55,34,127,179,180,117,21,62,96,89,25,35,68,46,41,60,218,229,160,11,181,340,412,360,197,30,221,310,271,124,39,144,104,89,356,616,744,669,386,49,517,887,1064,900,709,288,161,478,605,515,244,106,406,555,511,301,29,210,352,371,309,258,293,429,650,837,908,788,449,55,611,1121,1443,1514,1311,903,372,134,509,1706,619,366,9,335,588,673,582,335,22,303,566,741,830,866,854,856,838,810,711,522,199,214,670,1061,1320,1384,1265,1979,636,254,77,320,483,521,433,250,20,208
72,5,472,317,148,43,224,397,544,652,734,1134,758,709,611,482,318,146,34,211,379,526,640,710,744,726,675,584,468,323,156,22,196,355,493,593,672,710,705,797,564,442,297,141,21,179,333,460,559,622,650,633,592,513,405,277,128,19,167,301,412,503,568,594,589,545,471,366,248,109,25,170,302,415,508,919,581,567,516,439,328,196,50,100,247,379,489,562,606,601,553,460,332,179,5,168,336,482,588,640,642,579,465,589,104,105,302,469,590,635,610,507,343,150,62,258,411,494,503,435,297,126,56,3,0,2,1,0,0,0,1,0,0,2,225,302,323,290,200,77,64,202,316,394,416,385,308,190,58,85,213,322,400,561,436,389,311,208,86,29,148,250,338,391,425,416,383,323,241,146,41,66,171,263,338,394,420,427,404,360,292,279,104,7,112,212,309,385,447,481,492,460,412,328,228,105,25,154,278,387,476,536,574,572,533,461,356,229,85,61,210,350,474,571,631,651,634,621,491,368,222,61,100,259,402,521,615,659,684,660,603,499,378,228,68,91,246,391,515,614,679,704,694,639,554,625,295,126,45,219,382,527,642,724,765,0
66,36,105,48,194,319,420,496,540,555,544,85,451,361,249,114,27,172,319,464,597,714,807,873,904,910,891,848,789,702,598,469,336,196,56,75,194,297,374,1182,450,448,425,377,309,223,124,12,105,224,340,440,528,604,655,686,692,675,628,562,484,395,301,201,92,14,118,215,294,356,400,421,422,399,356,213,216,127,31,69,168,265,356,437,499,541,558,554,526,472,399,313,216,113,7,87,172,240,289,311,299,265,201,84,23,71,156,222,265,272,237,160,51,83,230,372,492,577,616,609,550,448,308,1,0,3,0,1,0,0,1,3,0,2,38,26,94,143,167,161,124,62,18,111,199,274,335,370,380,361,317,251,173,191,15,106,188,257,305,334,347,338,321,284,237,183,127,66,11,39,83,116,142,154,153,135,107,64,18,35,95,348,213,269,316,352,387,408,420,421,408,372,329,267,203,131,57,17,87,145,199,236,263,272,267,239,196,127,51,41,139,241,343,441,522,593,642,811,681,667,631,572,497,404,300,186,70,48,158,255,334,396,435,452,444,408,351,273,178,66,56,189,332,464,590,948,790,868,920,950,950,921,863,778,670,26
102,15,787,720,587,403,188,38,258,461,637,1252,813,814,749,637,468,267,51,168,379,557,689,776,794,752,654,514,338,134,77,283,471,614,716,753,747,683,555,803,192,12,211,388,537,643,698,707,656,550,414,237,53,129,306,456,567,643,659,627,545,422,278,112,63,233,385,502,583,619,607,547,449,309,150,345,200,353,480,574,620,612,553,446,297,120,66,246,413,550,632,660,620,523,366,177,42,256,451,596,682,683,611,655,259,13,231,445,602,670,642,523,330,95,146,360,505,554,504,373,174,40,231,2,0,2,1,0,0,1,0,2,0,2,274,179,34,126,267,363,404,370,272,130,40,207,345,435,464,435,340,212,53,36,253,368,441,464,436,368,260,131,6,141,265,360,421,447,429,380,299,189,62,70,195,304,383,441,462,444,397,337,196,70,62,189,306,407,476,513,516,464,386,265,124,28,181,325,450,540,592,595,556,463,334,174,9,185,357,497,601,664,670,625,530,399,220,11,166,347,514,624,695,711,678,582,448,277,92,103,298,468,606,696,729,711,645,523,366,186,6,210,397,555,683,697,772,732,639,492,313,102,113,324,502,10
124,25,85,110,136,143,143,131,106,73,31,164,77,136,184,230,274,307,327,342,352,359,359,355,346,346,329,323,310,289,267,238,209,172,135,98,58,18,18,323,76,101,116,126,129,126,114,104,86,58,39,5,20,43,70,84,95,94,90,77,56,30,0,24,52,77,94,105,106,98,95,73,57,34,17,115,9,11,14,6,1,9,17,25,32,37,35,37,35,37,29,26,21,17,5,5,19,33,45,60,76,83,84,18,74,65,50,38,29,21,25,29,43,61,82,108,125,136,149,145,130,109,84,8,24,8,26,8,4,4,14,16,22,4,67,62,48,33,13,11,30,47,58,68,67,62,55,45,27,9,10,36,57,103,107,129,149,160,164,159,144,121,92,52,15,21,45,64,67,60,39,4,39,89,144,198,254,300,340,370,388,238,400,389,370,339,297,250,198,137,83,26,24,62,91,102,95,70,21,42,123,216,315,422,516,605,686,748,791,815,812,798,756,692,626,538,447,338,254,149,72,1,73,118,155,183,192,191,178,149,101,41,30,111,202,301,397,488,570,637,691,724,729,725,703,1049,610,548,486,416,350,288,226,162,105,108
86,42,1124,1394,1542,1544,1415,1168,826,413,39,1667,894,1215,1438,1532,1501,1346,1084,734,317,121,542,921,1214,1408,1474,1427,1278,1010,657,249,178,590,939,1201,1378,1437,1361,1673,880,522,128,268,632,946,1179,1313,1324,1216,1024,730,395,38,327,663,939,1141,1225,1214,1102,891,625,308,42,385,686,929,1094,1164,1139,1017,804,520,190,865,502,777,999,1134,1166,1096,918,649,316,58,409,745,1013,1187,1237,1161,960,655,258,156,565,921,1177,1299,1262,1073,738,1068,177,639,1005,1232,1295,1149,831,393,98,556,910,1090,1069,862,508,79,339,652,798,1,2,1,4,1,2,0,0,2,1,0,366,105,197,473,665,740,661,452,164,170,485,719,848,849,719,483,178,142,438,772,829,880,824,662,431,165,118,387,602,761,848,833,741,579,360,108,151,388,598,747,837,841,777,649,449,216,39,70,541,738,866,926,903,815,653,426,160,128,415,672,880,1006,1054,1011,888,676,397,75,271,588,874,1079,1188,1202,1109,913,636,298,80,452,791,1071,1249,1456,1289,1137,886,554,178,210,587,919,1169,1319,1371,1301,1114,836,490,109,284,653,969,1207,1348,1385,1322,1133,859,506,104,196,696,1026,1279,1444,1480,1402,1201,897,522,31
117,22,748,687,533,310,67,198,432,612,743,1077,719,593,381,146,114,351,552,692,751,742,619,446,219,33,273,480,647,723,730,648,506,288,57,178,410,569,682,681,651,520,334,117,110,321,499,622,657,629,525,364,168,42,251,427,550,624,604,535,399,216,17,180,361,495,575,583,531,414,266,70,131,311,468,919,583,542,432,283,87,117,308,468,564,599,544,432,254,38,184,388,537,618,609,520,353,132,118,348,540,633,639,621,343,83,184,421,586,635,564,389,134,131,360,511,544,455,265,30,196,358,413,5,1,0,0,1,3,1,1,2,0,0,204,300,321,250,111,59,228,351,401,372,258,86,102,271,390,446,405,310,158,82,185,323,413,437,388,297,161,3,150,278,383,415,406,345,235,101,45,188,310,390,422,412,338,237,103,46,191,118,406,453,443,389,278,147,14,170,319,425,499,504,454,350,194,21,155,326,464,541,577,529,419,263,63,143,335,491,597,633,589,491,314,107,116,397,506,622,677,636,533,369,165,64,285,465,615,670,670,588,443,243,17,207,407,566,661,695,648,527,347,126,111,116,528,666,727,711,615,449,233,18,255,21
252,91,823,908,957,957,972,972,957,938,930,1320,885,839,833,831,799,783,758,735,693,654,634,610,575,531,488,412,292,147,4,158,325,488,614,711,793,823,799,313,631,489,334,183,46,55,122,149,128,101,34,37,104,142,162,152,112,66,6,63,111,135,158,161,135,101,62,1,41,82,96,95,94,73,43,135,11,2,2,1,21,20,10,16,28,82,138,204,265,331,384,420,434,433,415,377,322,257,188,113,44,34,100,398,172,191,183,156,118,90,64,51,37,42,53,55,42,8,53,141,244,331,397,26,28,13,30,19,11,33,0,25,58,17,57,16,42,109,163,192,208,196,162,112,64,24,5,34,51,44,26,7,40,110,164,210,245,267,263,212,128,34,85,201,292,324,310,234,112,51,231,395,534,618,663,639,559,427,276,80,139,4,508,642,734,742,683,561,399,215,9,191,365,508,589,616,574,480,364,234,107,36,15,56,134,290,487,702,918,1124,1287,1399,1456,1431,1348,1185,984,946,521,248,9,225,438,639,787,886,949,986,968,927,883,843,816,801,813,880,968,1072,1204,1347,1475,1544,1569,1569,1508,1992,1262,1120,963,803,651,491,317,129,83,85
5,25,215,386,531,649,744,797,824,801,752,645,550,408,247,75,96,268,420,555,663,743,789,799,772,699,606,486,354,201,38,130,285,429,554,649,716,751,753,833,643,545,418,276,132,26,170,313,439,538,620,665,680,665,628,559,462,352,218,78,59,195,316,425,520,580,618,623,598,548,477,385,275,146,9,504,255,368,470,550,601,622,613,572,493,387,260,123,28,186,336,461,561,629,661,649,597,502,371,210,25,161,345,26,618,681,687,630,521,349,148,64,264,427,540,587,564,472,323,142,49,221,343,0,1,1,1,1,2,0,3,0,2,1,273,193,79,54,187,301,381,413,398,335,228,97,43,185,304,395,452,466,444,569,302,195,74,49,168,266,346,405,446,451,429,379,316,230,135,37,63,164,255,334,393,434,453,451,426,381,319,303,145,45,57,155,250,342,416,475,512,525,521,485,421,334,227,115,5,129,247,363,469,548,604,629,626,592,530,436,326,203,51,99,242,379,494,684,667,702,707,672,614,525,415,280,133,17,172,311,444,553,642,705,730,718,686,616,523,409,278,131,24,178,331,254,587,679,742,778,785,747,687,587,461,6
181,6,283,408,518,606,673,730,765,789,778,919,727,688,663,643,629,613,593,580,575,564,548,539,518,499,457,408,338,245,150,37,90,226,346,457,544,583,587,428,473,388,271,159,49,39,104,135,134,95,40,13,60,94,114,119,113,93,36,18,74,101,101,87,70,30,2,41,76,115,130,121,90,52,30,83,0,13,20,33,37,41,60,100,150,202,251,299,331,353,359,340,309,257,201,147,95,41,20,62,93,104,85,270,30,12,57,107,139,156,154,139,126,120,134,157,193,238,271,290,282,250,186,59,36,29,5,48,9,0,12,58,49,18,49,17,26,74,106,125,132,119,95,52,3,41,81,112,118,104,67,13,41,143,138,174,177,150,103,23,60,151,225,269,282,254,195,115,20,86,168,232,251,220,154,47,85,228,375,505,603,511,677,643,560,447,295,134,38,194,317,413,454,453,415,357,283,218,175,162,205,299,429,580,732,868,973,1051,1081,1045,951,811,643,461,283,114,45,1353,275,337,351,342,303,243,191,114,29,46,113,156,159,139,91,43,29,88,131,155,145,96,18,89,209,318,397,144,464,468,461,421,381,320,252,177,106,50
224,75,346,349,228,11,222,426,549,588,536,213,189,19,200,284,258,145,56,302,541,724,822,800,642,386,77,239,507,681,747,682,516,277,15,203,354,415,363,193,43,149,313,405,406,317,164,26,207,327,360,301,158,46,286,509,684,757,727,591,389,150,80,269,381,402,324,172,13,201,352,436,443,364,226,278,82,188,216,167,43,125,309,459,539,519,398,193,73,340,548,673,681,575,378,132,99,260,323,265,101,122,335,1185,526,447,270,49,158,276,271,131,81,288,414,413,263,2,285,518,623,563,357,3,3,0,1,2,0,1,1,1,1,0,151,77,36,141,181,146,36,102,218,263,220,87,99,279,406,435,361,206,7,242,388,477,463,360,183,8,176,290,340,304,214,81,57,167,222,221,162,69,37,129,183,178,113,1,135,274,380,387,416,322,176,1,180,328,425,445,383,247,74,112,271,375,398,349,227,66,105,247,332,335,265,127,41,195,300,329,258,106,110,347,560,708,763,976,543,315,54,187,364,444,426,297,109,114,313,465,529,506,380,207,1,163,270,302,236,89,97,294,459,544,524,54,170,105,401,672,867,940,893,713,468,53
64,12,354,503,601,710,783,808,853,846,824,764,668,532,405,243,106,69,223,411,528,653,744,824,810,780,766,700,601,468,339,165,25,133,314,453,542,641,719,752,727,679,590,519,378,257,122,11,157,297,390,479,538,576,580,531,464,377,293,180,70,34,151,215,294,349,358,360,340,322,264,175,118,29,27,85,146,216,256,223,238,201,156,114,63,5,70,133,166,171,180,144,110,61,14,41,108,171,215,229,205,161,103,11,52,135,202,241,266,250,178,91,11,136,210,259,256,215,126,7,128,214,235,9,13,0,6,6,4,7,12,2,14,12,747,600,261,174,575,855,990,960,768,475,130,248,615,893,1059,1115,1043,872,613,306,32,361,638,874,1030,1117,1105,996,849,628,399,143,139,391,633,800,967,1029,1057,1045,984,851,696,490,261,27,204,440,673,859,982,1108,1172,1151,1118,1004,841,654,439,148,131,395,633,854,1043,1173,1274,1298,1283,1194,1062,846,636,384,95,192,491,729,980,1152,1279,1347,1331,1273,1191,1040,848,620,392,111,151,416,682,880,1020,1137,1209,1200,1162,1074,963,846,671,455,212,27,196,387,523,701,798,907,978,987,980,905,846,752,617,450,338,8
10,30,117,291,443,574,679,741,776,757,709,601,505,366,207,33,137,301,447,568,664,732,755,738,687,591,473,338,189,27,135,292,435,550,641,687,711,702,647,833,445,309,154,0,143,291,417,523,598,642,654,626,575,493,391,270,128,5,149,277,386,478,548,587,599,569,519,439,336,221,98,36,170,290,402,893,544,573,575,543,483,390,276,144,2,142,279,401,504,580,616,613,562,479,351,204,33,134,309,453,568,635,650,580,514,368,187,11,210,390,526,598,600,538,409,234,38,152,314,421,459,419,316,0,0,1,1,0,1,1,0,0,2,0,128,241,319,338,315,234,119,16,152,280,369,417,424,379,297,189,58,76,202,328,386,431,440,414,356,278,178,70,38,144,241,317,380,413,421,402,367,304,227,134,37,63,160,250,322,382,424,307,438,407,360,288,203,107,1,106,214,310,399,464,502,519,503,468,407,318,217,91,42,171,299,413,507,576,615,612,585,529,432,324,191,42,106,322,393,499,591,645,672,660,618,536,435,306,163,17,134,280,412,526,615,664,686,675,633,567,464,338,196,41,117,38,412,532,632,698,739,734,708,628,531,9
35,21,161,56,268,461,613,723,773,757,686,453,380,183,35,237,429,585,694,754,746,682,565,411,218,2,206,397,550,658,723,729,680,563,409,225,28,165,355,126,621,686,686,638,546,402,232,42,145,313,464,570,630,638,597,514,389,239,62,116,277,411,511,578,601,564,486,368,225,63,100,260,399,503,569,855,546,467,349,206,42,133,294,435,540,586,584,534,432,279,100,94,275,435,555,621,625,558,425,243,31,186,392,149,644,650,568,413,207,40,275,464,572,588,510,355,142,82,281,412,459,413,280,3,1,2,0,0,1,0,0,1,1,1,186,54,96,235,332,369,337,242,103,55,209,337,415,435,385,288,142,8,162,312,393,439,434,383,286,170,36,99,225,324,398,424,409,361,275,173,52,67,190,294,372,419,426,401,342,256,146,162,107,227,327,406,451,468,442,381,290,170,31,116,253,372,463,522,543,516,444,329,187,30,142,304,445,544,607,613,575,493,356,191,13,171,342,578,605,662,667,608,514,377,205,13,182,354,503,605,670,682,637,546,407,243,61,132,314,475,602,680,711,682,608,656,313,124,76,277,461,612,721,762,751,1
73,40,409,578,693,756,772,730,649,514,345,265,43,241,418,570,681,743,756,719,634,505,345,164,31,225,398,541,652,717,737,702,622,492,341,162,27,203,376,145,621,679,685,650,577,455,309,147,29,202,356,479,573,622,635,604,529,428,290,134,26,184,324,442,534,580,590,556,485,382,257,110,40,193,335,864,528,569,575,537,459,345,205,45,119,272,408,520,592,611,581,497,367,208,23,165,342,495,602,649,626,543,396,553,12,232,419,557,635,624,535,368,163,61,270,432,520,519,435,286,94,99,262,5,1,0,0,1,3,0,1,2,2,2,123,14,157,275,349,363,315,213,75,82,225,340,414,430,393,306,182,40,108,229,348,413,439,418,356,271,155,31,92,207,304,375,417,422,391,333,249,148,35,81,194,287,361,410,432,420,383,325,225,114,2,118,231,331,410,465,491,476,437,357,247,122,19,159,292,410,503,557,578,552,487,387,259,106,54,218,364,488,582,632,644,608,521,410,252,84,92,264,414,536,629,672,674,623,537,411,254,78,100,268,419,540,629,677,681,648,569,450,299,129,57,2,405,543,650,716,738,710,640,510,361,23
97,39,600,715,769,768,723,621,494,325,133,583,256,430,574,681,743,758,728,651,526,371,196,8,176,358,507,626,701,732,719,660,558,409,247,69,114,281,440,221,651,690,681,630,547,421,275,114,60,224,372,491,577,624,638,605,531,432,295,146,4,161,304,423,519,572,590,565,510,419,309,168,23,130,277,818,492,551,579,566,509,420,296,150,11,167,316,450,547,608,612,568,470,343,173,9,197,372,519,614,647,618,529,614,189,31,239,423,565,628,616,516,357,154,66,268,421,500,498,416,267,84,106,3,2,2,0,0,0,1,1,0,0,0,195,291,328,304,226,101,46,192,315,397,419,384,302,176,31,114,250,355,417,582,416,351,251,130,2,124,239,326,395,420,419,378,312,220,111,0,114,218,306,376,415,426,406,363,293,197,92,132,135,241,332,400,445,467,453,416,345,245,132,6,129,252,363,457,524,553,550,499,420,306,167,15,137,289,420,524,598,631,616,564,475,350,193,13,144,304,444,555,631,670,665,609,525,398,244,79,96,266,418,540,628,674,683,648,573,466,330,169,7,184,354,321,616,686,727,716,664,569,440,270,96,24
17,3,350,316,252,169,69,35,130,222,303,113,377,369,329,247,140,14,127,282,436,581,713,810,887,926,923,892,836,739,621,469,316,156,5,140,261,350,409,1059,426,383,313,237,133,29,75,167,242,301,333,336,320,282,221,139,44,56,150,247,320,377,413,423,407,374,314,236,153,56,36,130,202,262,301,41,286,240,170,74,34,156,282,402,510,600,666,699,698,658,588,487,362,231,94,38,150,239,289,301,274,203,106,223,130,239,322,357,352,290,183,44,115,267,389,466,488,442,341,193,22,142,280,3,0,1,4,2,0,0,3,1,1,0,144,104,37,40,116,164,184,169,118,29,73,182,283,357,400,406,371,313,214,230,3,111,210,286,339,366,366,340,292,225,151,70,3,70,123,155,175,169,142,98,37,28,104,184,253,322,375,392,428,418,396,351,287,208,123,29,65,155,240,303,348,373,366,350,308,250,181,98,13,63,136,184,220,220,196,147,74,19,123,241,352,450,546,707,650,655,632,573,487,376,251,118,26,155,275,377,457,504,515,500,449,377,278,163,38,90,215,330,426,493,543,247,544,503,439,341,237,119,5,114,212,11
53,28,98,235,347,424,461,458,420,352,263,210,48,60,152,221,257,263,234,177,91,26,155,292,428,549,644,716,757,759,727,655,548,417,269,118,32,172,291,1189,436,455,436,383,302,199,81,46,170,282,375,438,475,479,458,406,329,230,118,2,106,201,279,334,366,369,342,290,219,132,40,50,136,211,262,74,277,240,175,86,22,145,272,398,512,599,660,688,678,630,546,432,299,160,20,106,207,275,300,277,209,108,16,514,265,359,408,411,361,260,117,42,194,315,385,390,331,213,57,119,284,409,474,2,2,3,0,1,0,0,0,1,4,0,132,79,5,73,140,176,172,130,52,48,155,253,329,372,371,330,252,152,31,56,204,302,375,412,415,387,331,255,168,77,12,92,155,195,211,202,176,127,68,2,76,147,209,257,290,299,290,84,207,138,58,27,113,194,269,327,365,378,367,329,270,194,105,11,83,168,243,292,318,311,278,211,119,6,121,249,374,482,571,629,658,652,606,763,430,310,181,47,76,187,275,335,364,360,332,276,204,116,23,68,145,200,232,232,206,149,64,48,182,328,477,957,741,839,910,951,952,912,830,712,564,17
64,6,630,522,383,214,42,137,306,458,593,1219,753,775,752,695,595,471,323,162,15,189,348,488,601,681,724,731,707,640,543,414,264,99,66,223,373,497,603,453,699,688,642,561,459,328,183,34,120,265,392,496,574,621,637,620,563,488,377,250,116,25,160,285,400,489,554,580,578,547,496,410,305,177,40,451,229,345,445,525,569,584,565,510,422,301,168,22,131,286,420,526,597,626,607,551,450,314,148,29,215,382,521,265,658,629,543,402,222,14,194,376,505,577,570,496,358,181,11,195,334,412,412,0,0,2,0,1,0,2,0,2,0,2,281,221,114,14,154,265,351,391,376,318,213,82,60,199,313,395,433,434,392,490,215,97,24,144,249,331,388,418,424,397,344,261,169,66,39,140,232,308,373,408,426,418,380,330,257,168,68,127,142,240,321,386,433,463,468,450,409,335,246,138,21,100,220,333,429,500,549,561,555,510,435,332,208,74,73,210,339,459,552,617,647,643,596,540,420,293,143,12,169,312,444,550,629,669,678,649,593,497,385,247,96,59,208,351,476,577,653,698,706,680,617,706,398,254,98,70,238,393,533,644,719,1
91,16,805,777,681,520,325,101,123,343,542,1240,786,822,791,700,552,364,153,71,292,486,641,747,790,772,692,569,397,201,14,228,423,582,694,749,750,695,579,819,231,26,183,367,524,638,700,709,661,556,415,240,57,131,306,462,570,643,657,617,534,408,256,88,88,258,407,517,591,615,598,531,422,271,102,415,250,395,513,591,619,593,517,392,232,46,139,318,470,589,645,646,577,455,277,76,142,350,527,646,689,654,546,634,141,109,345,535,659,679,604,437,210,34,268,455,554,555,452,279,61,150,313,2,3,1,0,0,2,1,1,3,0,3,317,307,231,96,63,219,346,414,411,345,213,50,123,280,396,461,458,408,295,296,4,160,293,395,449,456,414,334,226,94,45,179,295,384,433,445,422,359,266,147,20,107,230,334,411,452,466,372,369,273,154,22,113,241,360,451,513,526,506,436,329,195,38,118,271,409,517,582,609,584,503,385,228,49,137,311,463,582,656,674,644,565,426,244,62,130,325,487,612,692,716,679,594,461,291,105,98,294,465,604,688,725,710,637,523,365,182,23,228,415,581,582,765,767,714,607,450,261,55,167,369,17
1,17,85,92,344,509,667,781,855,859,882,817,730,562,364,143,37,257,416,597,732,816,849,832,740,654,520,336,132,64,298,446,604,734,788,808,757,619,528,336,172,34,181,346,481,609,675,648,648,522,443,317,124,20,193,344,411,488,506,515,441,378,268,163,20,100,184,282,328,339,331,293,259,176,78,34,85,171,218,232,235,231,161,100,22,25,95,140,193,191,186,128,56,26,79,148,159,223,187,156,89,11,96,173,231,252,239,163,87,37,156,256,284,259,187,94,44,153,256,268,222,106,42,7,19,12,0,4,1,14,4,13,13,6,751,518,83,410,797,1010,977,725,348,83,521,861,1067,1105,981,746,375,16,438,783,1046,1156,1181,1015,784,485,118,241,541,829,979,1081,1080,999,835,581,291,3,310,577,814,959,1103,1112,1045,915,732,468,213,107,422,678,931,1087,1183,1207,1173,1012,863,544,222,94,444,727,973,1207,1300,1373,1298,1144,927,655,296,46,418,757,1006,1228,1372,1384,1350,1177,982,700,362,41,281,594,889,1099,1255,1311,1286,1200,1029,784,523,234,83,368,604,827,965,1065,1129,1071,1000,849,654,441,189,53,288,465,625,777,898,980,963,921,772,28
103,31,754,771,723,624,492,326,145,47,241,1032,564,678,746,767,739,666,554,411,237,49,140,314,468,597,684,728,733,689,604,472,324,141,36,210,378,515,623,504,703,671,602,498,369,209,40,129,288,423,533,600,636,632,589,510,397,269,114,44,188,328,443,528,579,588,564,503,411,292,165,18,131,271,399,909,553,576,564,518,431,315,175,21,140,286,414,518,587,608,582,505,386,242,63,118,295,453,574,640,640,584,467,598,99,120,316,481,600,634,592,475,299,88,128,317,456,513,491,394,233,46,133,4,1,4,0,2,0,0,2,0,0,0,292,261,170,44,101,231,335,388,387,330,223,82,70,215,332,407,436,423,359,426,141,4,125,246,338,397,425,414,378,306,214,99,16,130,234,315,382,416,421,398,348,273,181,76,30,145,250,135,405,443,454,436,391,326,229,124,0,121,243,349,437,496,518,521,484,413,316,187,48,100,248,378,487,565,611,612,576,502,384,242,89,74,237,474,518,608,660,662,632,557,454,313,157,11,179,334,474,581,655,686,674,618,530,408,259,99,69,238,397,530,637,651,727,703,641,534,396,227,47,141,310,17
158,102,90,316,454,137,348,527,228,263,518,511,109,440,422,75,325,456,210,197,437,298,86,384,327,35,343,296,59,339,224,164,363,116,300,370,1,392,347,360,423,279,146,362,182,152,251,83,96,101,21,3,16,33,99,49,93,140,6,145,96,83,149,9,142,107,56,144,54,83,110,18,70,66,8,46,24,32,42,10,62,56,31,103,74,55,145,95,68,168,103,73,175,101,59,147,89,44,111,51,44,51,21,87,24,87,28,90,118,11,107,114,15,77,112,58,64,143,74,98,170,31,151,12,1,23,19,0,2,12,9,19,11,27,67,4,77,40,75,97,22,126,68,76,127,20,92,80,21,63,11,29,10,178,24,99,35,133,169,31,243,172,117,272,104,146,162,3,59,55,75,136,293,67,361,450,12,521,463,116,548,348,202,446,148,253,263,65,255,56,246,230,109,345,180,171,305,152,50,135,179,219,94,269,545,292,387,782,385,463,835,357,440,701,234,353,450,529,271,174,143,238,35,333,265,134,454,334,106,442,394,66,283,433,326,27,451,583,215,418,731,380,333,724,429,110,572,361,119,378,211,104,205,20,189,9
67,35,82,366,634,893,1110,1291,1429,1507,1546,2028,1455,1332,1169,953,707,445,166,112,386,644,885,1087,1256,1378,1443,1476,1457,1381,1264,1096,892,651,397,127,138,390,645,22,1047,1195,1291,1349,1363,1320,1237,1118,954,755,537,301,65,169,399,618,804,966,1091,1166,1203,1193,1158,1084,974,818,639,441,222,0,218,427,626,804,959,1865,1131,1156,1142,1092,992,852,675,466,242,9,255,490,720,921,1089,1197,1243,1232,1165,1032,844,612,330,26,291,592,870,239,1245,1309,1283,1151,938,639,295,72,426,727,952,1075,1085,980,771,490,169,160,439,12,0,2,0,1,4,5,3,4,6,1,516,384,186,50,292,508,676,775,798,745,606,413,190,62,294,507,681,806,876,1171,841,744,601,431,234,41,153,331,493,633,741,810,845,834,797,723,629,501,352,189,28,140,298,453,589,701,797,533,896,893,860,796,709,593,448,290,117,66,256,444,612,771,897,1000,1071,1102,1097,1043,950,821,655,460,240,13,221,446,663,864,1034,1167,1261,1313,1300,1331,1155,1011,827,611,386,145,106,360,598,812,1010,1154,1272,1338,1367,1353,1282,1171,1027,847,644,414,174,83,337,586,820,676,1196,1331,1421,1470,1471,1428,1337,1190,998,2
88,39,36,169,340,449,491,476,402,284,138,225,142,248,307,297,226,102,63,263,470,662,812,908,939,899,793,639,450,240,28,163,313,401,432,398,315,187,34,758,260,367,425,431,377,278,144,10,166,301,400,451,452,397,292,153,13,187,348,477,558,585,565,491,375,227,63,99,239,346,412,432,403,327,222,287,10,105,171,191,160,83,40,196,360,519,648,737,772,733,633,484,300,105,80,225,320,345,297,180,20,159,323,1152,514,496,408,267,90,80,200,242,191,65,122,327,504,612,621,531,353,122,107,4,1,0,3,4,0,1,4,0,1,1,150,91,4,100,165,183,145,61,58,181,274,321,304,223,92,68,226,360,458,731,481,405,281,131,23,155,259,321,341,315,252,160,58,39,119,170,188,174,125,52,37,130,211,273,303,300,261,26,79,46,170,282,376,437,464,444,380,276,150,10,133,259,354,408,419,386,311,203,79,44,149,218,243,217,141,19,136,307,468,607,704,750,738,930,536,375,190,2,167,294,377,399,368,283,162,13,139,279,391,462,480,443,351,221,66,94,241,357,430,446,404,177,147,32,227,424,603,741,816,811,737,30
54,39,486,752,997,1198,1362,1474,1534,1532,1482,1523,1219,1025,785,518,234,52,337,606,862,1073,1253,1382,1463,1479,1450,1377,1258,1095,887,641,381,100,178,439,694,915,1107,688,1342,1387,1373,1317,1218,1064,886,672,430,183,64,316,546,748,923,1070,1168,1237,1244,1200,1120,998,854,684,478,259,31,193,408,608,786,940,1061,1138,1169,1628,1082,981,841,671,466,242,2,242,478,694,891,1041,1164,1222,1228,1170,1038,862,626,367,73,229,536,807,1027,1195,1293,1006,1212,1033,786,472,118,250,597,878,1079,1166,1140,999,759,445,103,230,515,720,805,4,2,3,2,0,2,1,2,0,4,0,577,498,342,129,113,353,567,717,796,801,724,578,375,136,104,338,549,714,823,1127,881,823,707,557,373,187,13,206,382,541,673,773,833,849,828,767,689,576,431,274,114,58,228,390,535,657,764,503,894,900,881,819,737,619,476,318,146,42,234,431,606,764,893,999,1076,1105,1091,1036,940,801,627,426,200,35,272,508,720,912,1079,1195,1279,1307,1278,1298,1092,926,726,494,250,7,265,517,748,949,1121,1249,1331,1370,1358,1301,1192,1046,869,652,417,163,94,353,602,832,1041,937,1340,1424,1458,1452,1390,1280,1118,918,677,14
20,44,265,325,375,422,465,490,508,512,500,748,450,412,363,315,266,213,169,124,86,51,14,8,24,36,43,42,37,24,1,31,61,99,139,182,224,257,288,481,327,324,319,300,274,240,200,154,109,69,20,10,41,64,80,86,88,84,71,55,37,15,9,29,48,67,77,91,89,87,78,70,60,41,27,35,1,4,2,3,15,29,48,69,87,102,117,124,131,131,129,123,113,104,89,77,56,42,25,6,12,30,45,356,70,76,82,85,80,81,76,77,81,84,92,106,117,130,143,153,155,150,142,22,9,25,5,16,20,7,16,6,10,7,23,44,64,82,96,109,112,106,96,83,61,41,19,2,18,27,38,41,34,226,8,16,42,73,102,135,161,180,194,198,191,168,133,93,34,26,99,173,247,318,385,445,497,532,555,557,552,410,489,436,372,300,220,137,57,17,88,149,190,221,227,220,192,145,76,6,94,197,299,408,503,594,674,734,775,800,800,777,744,690,622,539,458,596,283,207,135,69,29,9,13,14,3,37,78,135,196,262,327,391,451,504,546,581,601,610,603,581,547,505,456,297,331,274,218,167,125,93,78,80,96,112
32,51,333,52,415,758,1059,1288,1466,1530,1531,1669,1253,1000,685,340,33,389,722,1025,1250,1414,1498,1484,1407,1215,970,675,356,6,351,678,968,1181,1347,1414,1410,1341,1179,1635,660,342,1,328,626,898,1110,1251,1322,1305,1223,1061,854,601,313,16,302,577,825,1011,1130,1187,1188,1121,993,786,545,275,6,287,544,782,977,1105,1170,1631,1068,921,717,475,188,112,407,683,911,1071,1174,1194,1147,997,774,492,171,173,520,816,1061,1222,1295,1238,1068,801,459,913,344,722,1024,1216,1291,1197,982,631,218,193,586,878,1040,1045,896,616,257,119,445,2,0,2,1,0,2,2,3,0,2,2,588,615,522,341,76,201,467,673,788,803,705,516,264,27,302,554,738,850,877,1156,689,496,257,5,250,456,640,759,843,840,792,673,514,320,104,104,319,510,668,782,842,854,804,713,578,410,211,293,223,433,613,756,867,924,940,894,801,640,455,224,21,279,525,739,922,1046,1120,1110,1048,918,717,477,195,98,396,668,915,1111,1234,1285,1262,1158,985,749,466,148,173,491,786,1023,1213,1317,1367,1316,1194,1013,772,472,164,168,487,779,1019,1207,1334,1385,1375,1271,1110,869,590,756,65,403,728,1009,1248,1415,1508,1502,1427,14
58,0,258,313,339,350,336,302,242,180,106,40,58,143,212,279,339,387,426,463,476,497,509,512,510,499,494,455,417,363,284,189,74,49,188,319,452,561,653,959,758,749,727,674,593,499,389,286,174,81,0,59,101,125,120,94,49,7,78,143,204,267,302,323,319,300,264,216,166,101,49,11,32,52,72,54,75,73,86,94,101,134,157,193,226,254,275,302,316,317,311,298,284,258,226,205,172,150,120,86,45,9,30,526,113,137,159,179,195,198,195,202,199,206,212,233,253,278,294,304,304,289,271,5,91,37,7,7,19,32,34,58,12,8,73,70,51,23,21,67,118,164,208,239,255,250,227,188,148,101,52,2,41,231,79,70,43,4,65,140,204,286,340,376,381,362,297,201,78,72,233,403,567,709,831,930,982,994,976,932,849,825,609,471,327,166,11,144,278,402,499,579,636,646,643,605,549,484,406,339,295,267,262,286,328,389,459,524,606,669,709,742,757,741,723,679,635,1634,529,471,415,362,326,283,251,237,223,219,239,280,344,422,519,635,759,897,1033,1162,1273,1360,1414,1441,1428,1377,1300,1619,1092,966,836,705,575,449,335,207,93,78
231,9,736,801,848,891,899,914,912,898,890,1494,874,883,882,878,880,870,849,826,799,741,698,651,604,555,500,436,364,281,177,46,101,243,396,540,668,755,807,815,816,762,686,589,478,361,273,196,139,105,98,118,130,173,206,233,238,233,209,166,119,54,24,91,136,181,205,212,202,184,151,111,64,29,3,30,48,62,73,87,91,105,120,140,173,200,226,245,277,283,284,270,248,220,183,131,90,44,1,36,61,85,94,14,76,57,26,8,30,54,76,90,91,93,102,123,148,190,224,275,308,339,341,35,6,66,26,21,27,15,70,29,28,12,40,2,50,108,157,202,230,230,216,170,109,46,22,74,118,141,134,104,50,297,106,195,278,335,364,358,311,237,135,22,83,164,203,203,147,44,103,273,458,645,800,940,1017,1062,1037,964,842,862,509,319,123,54,213,333,412,457,452,411,336,251,154,63,22,5,50,146,279,472,671,883,1076,1230,1325,1381,1363,1293,1160,994,802,586,364,146,46,1482,365,473,550,590,611,602,592,560,536,518,501,511,523,573,638,712,826,948,1073,1184,1300,1387,1438,1447,1405,1328,1216,1948,910,761,597,434,284,132,11,153,289,134
197,202,684,648,338,168,683,998,1024,734,262,343,692,964,999,775,323,232,716,953,864,520,50,375,634,693,529,183,242,590,684,457,38,569,831,662,120,489,868,343,390,163,562,647,451,146,112,219,187,128,77,97,106,68,35,149,203,128,35,197,245,115,106,288,308,141,100,257,251,111,42,117,82,3,43,39,18,43,30,15,29,72,88,21,116,241,271,173,42,262,360,310,131,68,204,235,170,62,24,55,19,20,35,156,52,107,125,82,16,53,103,135,132,83,12,132,236,252,134,75,283,374,296,14,43,29,48,62,32,8,10,13,28,60,76,2,78,101,39,72,154,142,30,132,233,204,60,110,194,149,16,82,71,89,129,97,79,296,379,209,131,452,536,333,16,287,311,134,48,40,186,460,513,210,356,895,1065,734,33,693,1094,985,428,224,641,631,253,207,447,297,136,581,730,494,8,490,721,640,397,208,134,119,21,400,893,1224,1105,459,492,1334,1640,1281,419,501,1061,1029,541,1409,496,458,90,402,697,630,223,316,767,948,832,509,91,291,587,816,948,917,668,167,498,1122,1456,1318,718,109,832,1493,1076,620,90,304,444,345,94,111,200,30
103,54,674,619,285,213,681,942,906,590,126,459,712,885,834,576,177,283,671,864,812,498,31,423,727,758,501,66,370,623,568,215,245,599,643,320,208,676,822,106,64,463,724,665,324,57,298,331,219,106,51,69,63,27,148,233,180,11,199,291,211,22,259,350,246,14,201,274,206,59,52,83,59,18,4,18,56,49,32,0,6,7,26,95,148,154,69,80,229,282,222,49,140,251,245,152,18,88,119,75,11,20,8,576,110,123,69,43,141,190,174,95,19,123,195,212,150,7,176,307,299,125,151,46,100,47,25,15,40,13,3,21,18,20,63,129,51,95,188,138,30,196,256,150,53,214,241,116,73,179,152,28,81,285,61,176,164,38,314,462,356,22,347,512,389,97,145,176,13,144,112,173,540,704,476,101,729,1062,909,312,402,581,879,483,73,448,462,155,239,425,269,155,574,707,508,81,318,504,469,362,334,402,416,170,356,984,1366,1211,485,519,1309,1521,1088,240,553,923,775,350,253,467,303,132,554,719,519,54,467,818,886,686,357,1,321,600,857,999,909,524,135,851,1368,1433,1001,234,565,1040,1143,801,263,224,481,421,173,120,258,131
136,26,1617,1629,1547,1376,1161,875,565,208,157,1706,838,1123,1345,1510,1597,1615,1547,1420,1214,957,655,337,12,367,680,969,1203,1388,1511,1548,1522,1402,1240,994,724,437,101,806,547,825,1072,1246,1371,1436,1421,1353,1189,979,744,455,168,129,410,676,909,1094,1230,1283,1281,1216,1111,965,749,506,225,43,308,568,789,982,1132,1219,1247,1620,1093,943,731,495,214,71,362,638,878,1057,1193,1263,1273,1180,1035,810,531,213,137,472,789,1056,1263,1365,1358,1257,1049,1278,377,42,441,815,1113,1287,1339,1230,1001,675,276,145,534,826,998,1021,899,652,326,3,1,2,0,5,2,1,0,3,10,3,316,68,206,465,667,779,792,692,512,260,36,319,582,780,900,936,870,748,552,600,60,198,428,648,790,876,904,875,802,664,495,288,81,143,345,523,680,792,872,896,878,816,702,562,388,193,20,131,432,624,765,884,956,998,981,920,822,654,487,256,20,229,473,693,896,1043,1160,1202,1203,1132,992,810,567,305,18,275,554,818,1045,1219,1335,1388,1366,1363,1135,924,655,354,47,268,566,852,1088,1263,1390,1443,1441,1355,1223,1025,764,485,188,126,425,718,983,1202,1380,1483,1530,1627,1399,1223,1002,724,413,80,266,595,899,5
188,87,708,696,525,229,125,466,736,908,959,1256,736,478,156,178,510,747,877,863,739,519,243,44,295,500,614,614,483,234,95,418,642,683,499,139,287,649,810,613,475,100,256,498,562,468,298,115,17,101,112,92,87,100,130,134,111,28,84,192,253,220,104,50,209,281,266,181,69,18,67,78,62,39,36,212,37,17,1,19,10,43,101,160,173,126,20,113,240,324,326,242,89,73,206,259,231,151,42,37,45,13,100,643,213,163,65,59,176,234,241,219,179,142,97,18,99,236,340,364,266,55,177,31,3,59,31,3,30,25,12,15,13,31,71,49,26,106,157,123,8,132,245,268,179,20,140,235,234,146,17,74,77,298,103,174,140,7,217,403,480,399,174,97,307,362,275,88,75,98,35,297,557,670,567,211,275,747,1040,1056,773,565,214,592,712,575,254,109,370,419,250,65,391,617,659,535,307,76,58,76,29,37,185,471,873,1199,1317,1086,550,182,884,1352,1467,1212,711,136,322,1810,484,228,130,449,620,601,395,61,304,616,797,867,834,763,671,598,477,306,7,427,886,1267,1447,1370,1040,528,9,105,747,833,733,498,226,31,213,265,174,90
91,0,665,550,400,218,26,167,348,507,644,1224,768,760,703,596,453,284,100,89,278,440,583,681,738,740,696,616,496,347,173,11,197,365,508,614,685,713,694,828,518,378,212,43,130,293,436,548,623,652,645,593,505,388,251,95,66,219,359,466,546,589,598,566,500,397,271,128,20,167,299,418,513,567,588,764,496,403,279,138,17,169,316,439,532,578,591,559,486,366,213,40,134,301,449,556,621,635,586,478,318,128,76,209,458,584,641,629,547,389,187,38,253,425,534,561,504,374,195,7,195,334,399,3,1,0,0,0,0,1,0,1,1,2,268,199,80,61,201,304,372,378,336,235,97,58,205,326,407,435,418,355,252,274,15,151,266,361,411,429,410,358,279,176,61,62,175,272,348,396,419,410,375,307,222,118,11,100,205,298,374,243,451,438,401,339,252,154,30,90,213,320,414,478,513,510,473,411,315,199,67,78,225,361,470,551,595,601,567,491,383,245,87,80,241,389,514,697,660,662,625,540,429,284,124,50,216,370,504,600,667,682,663,597,494,355,203,34,136,298,449,568,660,707,716,748,595,468,320,143,39,225,399,552,666,10
154,72,1515,1085,72,983,1534,1312,420,669,1417,1762,770,309,1229,1526,1057,64,951,1491,1283,429,638,1381,1425,740,289,1180,1471,1040,81,909,1448,1236,415,600,1309,1364,722,734,1122,1392,945,52,856,1335,1135,367,575,1212,1236,629,268,1033,1266,876,40,797,1227,1027,328,524,1099,1127,581,260,960,1155,785,6,755,1161,960,276,554,1847,1064,496,330,989,1143,702,110,879,1192,852,73,757,1205,993,242,660,1199,1095,367,557,1186,1148,444,535,1213,1186,444,405,1240,1150,370,637,1251,1057,190,780,1204,829,80,893,1059,496,376,910,771,82,610,1,3,1,0,0,0,2,4,0,4,1,157,382,655,427,149,657,708,251,396,803,665,84,576,867,610,37,657,875,570,89,679,877,556,74,653,851,580,15,593,851,640,77,514,837,704,210,396,799,786,359,257,740,837,510,81,640,880,658,107,521,881,808,323,335,848,937,547,133,768,1023,752,91,632,1049,937,343,446,1032,1101,599,232,949,1191,828,25,798,1235,1047,304,600,1215,1215,584,485,1114,1323,849,46,924,1341,1086,272,678,1288,1255,588,376,1152,1350,877,46,940,1371,1122,316,650,1308,1319,670,325,1176,1462,991,44,933,1459,1268,427,643,1392,1455,46
113,22,662,264,143,558,920,1214,1423,1514,1529,1646,1213,918,553,149,255,643,981,1245,1416,1500,1470,1341,1107,787,421,32,359,721,1031,1273,1418,1435,1384,1208,965,672,311,983,440,782,1045,1228,1338,1339,1246,1072,817,503,158,194,520,808,1037,1199,1258,1232,1108,912,655,351,35,273,575,825,1020,1133,1166,1116,994,790,534,226,97,1209,690,914,1077,1162,1150,1042,860,597,285,52,384,698,954,1145,1232,1206,1067,830,502,137,261,635,961,1185,1291,1253,1088,1262,394,65,506,887,1164,1274,1209,970,609,178,273,671,942,1047,962,728,367,27,389,0,2,0,0,2,2,0,4,0,5,0,455,605,644,553,344,69,235,513,716,825,787,642,405,107,197,476,699,849,877,1174,663,442,177,105,366,584,740,825,848,780,657,464,238,7,251,459,638,764,838,834,772,649,476,261,31,204,427,209,788,880,910,872,768,625,414,179,84,342,593,800,950,1028,1036,972,834,624,369,72,243,546,809,1025,1163,1217,1188,1043,835,563,230,116,456,774,1028,1407,1330,1312,1219,1018,754,437,81,285,629,916,1159,1301,1370,1328,1202,981,700,357,8,355,682,980,1214,1357,1426,1379,1247,1341,725,365,21,410,776,1089,1339,1492,1534,1
97,32,709,572,366,89,187,478,715,902,1006,14,934,767,511,213,115,444,749,1009,1199,1280,1285,1166,973,705,396,72,239,534,755,915,971,943,821,629,383,106,176,1842,644,795,852,836,719,541,305,30,252,511,742,896,994,1009,937,797,589,343,63,201,449,631,768,834,825,733,586,374,148,94,333,533,676,766,768,221,566,375,147,96,331,541,697,778,786,695,537,317,40,252,528,774,940,1024,1016,886,671,383,45,288,580,803,907,1972,788,569,291,3,254,421,469,370,140,172,526,839,1069,1161,1076,848,507,104,275,6,2,2,0,0,1,2,1,5,4,2,218,85,85,241,330,336,248,88,116,332,507,605,619,528,353,107,172,458,685,1161,932,934,837,676,460,222,15,231,403,514,562,540,466,349,210,61,78,195,275,303,280,201,74,80,256,444,619,905,861,908,898,829,701,538,333,107,126,351,532,659,727,722,661,542,372,186,16,209,366,477,523,481,366,187,51,317,598,868,1096,1260,1371,1361,1283,1603,876,604,302,12,272,505,650,715,717,633,476,279,38,198,414,594,703,731,683,554,353,91,207,518,833,1102,1323,1282,1517,1482,1357,1146,873,560,220,96,377,6
23,5,678,738,771,771,743,683,604,498,375,148,86,60,200,329,450,557,643,708,741,754,737,696,625,522,409,286,157,25,112,248,374,482,573,639,690,716,712,788,612,529,429,318,198,67,58,183,302,404,493,562,611,635,639,617,569,511,424,322,217,98,13,122,237,337,426,490,538,569,582,575,545,488,415,227,215,104,8,120,230,338,434,509,560,587,591,570,525,444,345,226,95,43,186,317,438,538,612,645,634,587,502,618,220,47,126,290,440,550,612,612,560,458,315,141,42,206,339,424,454,426,339,0,0,0,0,2,2,1,0,0,1,1,167,62,59,176,276,344,380,370,322,240,129,4,123,238,328,398,434,440,410,525,276,183,79,26,126,214,291,353,399,422,424,402,368,310,243,165,87,2,89,172,247,312,364,406,431,437,427,347,361,303,236,159,77,13,103,197,283,355,424,473,506,520,508,489,450,388,313,216,107,5,123,235,344,434,513,574,614,634,624,590,537,459,358,215,122,5,136,254,368,469,557,620,666,679,677,641,586,504,410,301,178,53,68,195,312,422,520,599,663,701,719,773,667,608,526,426,309,173,32,111,248,2
160,53,617,660,571,360,75,248,552,799,965,14,926,734,448,112,232,545,783,915,914,774,498,126,290,718,1092,1373,1546,1579,1481,1248,927,534,121,246,550,745,808,1545,609,371,100,156,375,518,553,478,297,25,297,628,935,1176,1322,1357,1278,1081,792,445,86,246,524,707,784,747,611,387,122,160,428,649,781,822,759,394,396,160,83,279,405,439,366,183,87,408,756,1079,1321,1467,1467,1338,1093,757,378,2,316,530,592,502,283,37,382,1863,911,988,905,686,375,27,260,416,404,211,124,525,893,1152,1215,1072,745,310,148,2,1,0,3,3,0,11,0,3,0,4,285,301,206,29,159,309,374,321,163,70,327,548,677,681,556,309,1,324,621,1120,939,926,794,570,291,0,263,466,586,607,548,411,231,39,133,263,331,332,270,143,26,204,376,508,576,571,497,63,149,88,334,556,731,844,879,815,662,442,171,115,382,595,736,789,748,626,430,189,59,272,420,471,423,268,33,268,586,884,1130,1271,1296,1201,989,1111,325,40,379,640,803,851,780,592,317,3,333,639,870,1010,1037,956,772,534,268,4,224,362,406,325,129,162,516,1785,1272,1579,1801,1903,1867,1708,1417,1035,613,49
43,21,457,676,828,886,849,706,498,238,75,350,592,774,866,876,769,589,312,14,286,543,746,863,871,782,585,357,51,236,514,716,849,867,764,586,349,37,270,514,710,791,796,701,505,271,24,285,521,680,726,682,549,370,120,110,331,480,567,577,488,374,212,14,177,326,413,445,409,322,208,53,68,165,293,324,296,242,171,69,37,109,151,204,198,144,90,21,20,74,109,97,75,41,4,27,47,47,8,18,43,62,46,24,42,68,114,150,127,63,31,114,183,189,135,35,69,150,198,168,66,63,182,29,7,6,3,3,2,6,7,4,9,2,310,193,663,887,760,376,147,637,922,973,787,379,136,613,961,1068,960,642,199,287,714,1001,1108,992,695,292,152,576,863,1056,1062,884,593,206,218,577,861,1034,1045,922,678,325,91,471,824,1035,1100,1051,841,511,137,287,674,959,1155,1174,1057,798,436,2,439,829,1161,1294,1277,1107,742,313,149,637,1003,1270,1352,1272,1040,635,199,300,748,1107,1320,1372,1232,922,544,75,365,745,1089,1245,1269,1145,832,464,66,370,698,962,1129,1123,1006,790,478,124,237,548,778,946,1004,919,801,551,236,73,371,596,803,883,880,810,625,12
7,9,588,747,804,749,602,390,124,153,423,869,849,956,987,902,716,439,130,176,444,640,744,743,656,475,234,28,290,495,602,576,421,140,196,515,745,799,679,144,51,291,539,650,587,427,208,40,77,110,97,79,91,132,193,210,192,99,42,190,286,296,207,39,141,298,357,326,204,66,38,78,53,17,93,8,104,52,7,50,47,42,37,77,149,237,277,263,169,28,121,243,302,290,244,161,80,4,48,72,61,15,63,417,151,127,37,77,196,253,270,227,155,73,12,107,208,305,362,348,245,63,146,67,14,29,31,13,34,2,32,13,7,13,26,68,84,53,24,114,172,165,92,25,142,206,206,138,37,52,98,76,7,65,121,97,14,165,308,374,316,140,98,306,409,373,221,38,76,42,121,366,571,627,465,113,366,807,1083,1105,863,671,33,418,620,595,365,52,242,408,410,239,30,300,484,561,519,431,359,365,428,522,567,488,237,185,700,1183,1505,1550,1306,806,193,381,784,926,792,68,66,291,487,507,332,37,314,617,834,938,905,788,626,456,306,164,7,214,514,862,1196,1433,1481,1296,893,368,177,162,863,916,785,554,258,0,178,255,226,27
190,206,653,730,807,865,905,943,968,971,953,1418,905,877,840,814,785,766,731,708,674,619,573,509,453,402,367,347,359,387,443,524,590,669,728,780,806,819,801,218,713,646,581,499,426,363,291,241,211,170,133,113,100,99,103,125,145,167,183,201,206,201,191,159,139,105,74,48,17,2,15,28,23,15,3,39,14,11,11,4,36,73,109,146,181,208,215,231,235,232,221,217,209,188,165,140,110,71,29,9,51,88,123,258,179,197,212,222,228,226,231,228,228,223,225,230,232,235,234,217,190,152,101,9,6,76,11,9,26,17,16,41,1,33,95,92,89,77,60,29,6,45,87,125,149,170,178,188,177,161,129,85,33,132,71,134,180,199,209,197,162,115,63,4,69,117,146,152,116,53,41,165,295,437,574,702,804,893,951,981,979,942,893,798,695,559,424,272,114,46,202,334,449,533,573,561,491,399,260,80,94,278,475,656,802,938,1042,1098,1115,1091,1018,926,810,678,535,375,218,988,104,254,398,510,629,726,798,851,883,902,875,837,776,696,595,508,413,340,264,203,152,115,76,49,29,17,10,993,1,1,4,18,45,82,153,215,310,21
43,55,440,80,271,615,929,1187,1387,1500,1550,1928,1368,1175,897,591,245,103,448,775,1054,1279,1431,1489,1486,1373,1205,971,706,401,66,276,605,888,1128,1293,1399,1429,1378,1669,1034,779,483,171,138,451,730,968,1154,1262,1316,1275,1179,1017,806,560,272,12,311,572,798,980,1114,1189,1197,1121,998,809,588,330,70,203,473,710,921,1887,1133,1149,1102,997,826,600,333,38,258,542,793,994,1152,1224,1211,1107,922,685,369,37,322,657,954,1169,1284,1283,1177,1273,645,259,142,536,880,1124,1244,1205,1031,747,369,47,431,740,927,969,862,619,287,4,0,0,0,0,0,0,1,3,5,3,509,348,102,162,437,632,751,766,682,506,259,23,316,570,752,861,872,807,666,804,217,36,280,497,672,784,846,838,786,665,501,297,75,135,344,517,671,778,839,847,804,718,580,413,225,24,185,13,576,726,838,896,917,888,806,688,527,314,91,153,389,611,802,958,1061,1104,1095,1000,864,671,423,147,143,422,690,914,1094,1225,1273,1254,1161,995,779,485,208,102,416,693,947,1145,1288,1348,1348,1257,1104,892,636,330,21,297,598,866,1079,1246,1350,1389,1363,1248,1085,845,570,772,73,399,709,990,1230,1397,1511,1514,1455,15
7,46,244,577,872,1117,1331,1464,1546,1537,1465,1359,1123,880,585,269,59,382,683,956,1184,1361,1466,1499,1469,1352,1196,985,749,459,154,165,474,751,1004,1181,1323,1411,1417,1546,1225,1056,829,572,307,4,276,555,800,998,1151,1239,1280,1267,1197,1067,875,669,411,141,117,374,601,804,983,1098,1172,1173,1124,1021,893,707,489,247,11,1030,518,729,917,1051,1139,1167,1143,1052,897,681,436,167,117,419,686,923,1093,1210,1242,1203,1082,891,619,295,57,407,738,118,1208,1296,1281,1134,900,555,164,241,602,883,1064,1117,1032,824,518,168,195,497,704,5,2,0,3,3,3,1,2,3,3,3,587,516,352,121,134,391,599,743,797,764,633,432,191,87,347,575,744,845,876,1163,745,590,387,165,70,280,477,632,760,824,853,817,741,620,464,296,107,88,279,460,610,732,808,855,854,814,740,658,480,308,120,75,270,457,633,783,901,974,1016,990,916,792,630,442,229,3,242,475,698,896,1046,1151,1200,1190,1127,997,821,603,342,63,218,487,743,1143,1150,1269,1327,1316,1260,1134,962,732,471,194,99,381,650,887,1091,1248,1343,1375,1346,1262,1120,941,710,449,153,144,442,287,972,1182,1334,1436,1488,1449,1361,1203,998,21
39,146,577,558,392,93,279,631,883,993,915,1033,356,22,375,650,818,846,741,524,247,40,301,499,599,573,435,207,79,357,554,604,456,124,280,618,785,661,329,611,507,715,660,422,95,188,334,332,232,131,61,56,66,49,19,120,217,237,164,27,129,238,259,161,11,141,244,253,189,68,24,82,83,48,0,24,40,12,19,58,98,134,168,193,168,97,9,146,252,295,272,171,30,108,193,195,140,46,35,70,43,25,102,367,124,61,36,133,196,229,207,166,96,3,123,241,303,285,164,24,227,355,354,26,24,22,34,18,13,3,0,12,19,66,48,125,122,44,59,141,155,89,32,152,211,172,62,72,157,162,74,42,113,469,12,152,212,144,42,272,428,429,253,32,292,403,347,154,38,101,12,258,493,564,381,30,531,941,1080,884,421,108,608,807,687,337,60,332,390,195,138,437,580,510,258,41,270,353,314,241,259,380,586,750,705,398,164,813,1325,1510,1282,709,18,646,988,964,633,615,230,436,391,135,219,542,722,726,556,278,34,314,518,653,735,797,827,777,604,264,227,761,1195,1399,1281,879,301,808,691,848,777,534,228,60,219,253,151,175
251,236,460,374,252,106,47,206,369,520,638,871,825,892,934,961,965,930,878,815,726,623,520,403,279,156,22,122,283,438,580,673,691,641,493,268,0,289,540,976,829,838,747,593,428,235,80,32,80,89,58,16,18,47,22,28,103,175,239,266,268,224,143,54,44,125,188,208,199,177,135,100,69,45,26,36,25,28,26,27,15,18,49,88,149,220,267,297,310,290,247,175,85,2,72,119,152,153,131,89,40,20,84,328,152,147,112,74,19,19,61,89,117,144,187,225,291,342,364,343,264,144,3,26,42,7,18,51,34,1,74,68,38,14,97,106,77,12,72,149,198,223,202,143,60,42,129,191,213,188,135,60,16,274,57,0,119,254,377,456,461,386,248,75,90,218,259,213,86,79,251,375,438,387,248,15,274,576,833,1002,1069,982,851,617,347,75,160,311,362,320,196,13,181,374,518,590,581,503,377,288,254,308,464,691,944,1190,1362,1430,1348,1135,807,439,56,289,569,728,785,1523,554,326,51,212,433,625,745,810,811,767,706,625,572,535,516,523,537,543,518,452,312,112,143,419,672,879,1005,1068,1020,918,771,591,393,200,13,154,300,120
310,190,345,584,775,888,908,830,674,446,186,95,347,585,763,884,921,880,769,609,423,222,7,194,387,532,634,657,578,392,127,188,454,662,732,632,395,64,280,976,725,726,579,335,57,176,311,337,271,172,91,55,95,160,204,179,105,26,165,269,291,236,124,13,123,188,193,149,79,28,24,38,44,18,1,143,35,45,63,64,74,61,25,47,115,196,255,283,249,172,66,53,154,220,232,213,158,93,29,4,11,28,86,560,180,187,154,91,18,45,91,126,170,209,250,267,239,143,5,153,285,345,317,1,56,14,8,87,9,12,81,24,22,27,67,41,9,29,78,117,122,82,1,103,188,227,184,94,27,112,150,112,19,344,108,49,76,243,381,421,311,102,158,378,484,445,295,90,68,111,0,216,476,668,709,571,249,171,602,907,1042,992,686,299,82,376,489,412,170,138,424,591,584,419,161,82,273,354,323,251,223,284,479,748,1026,1204,1202,968,520,47,609,1071,1310,1297,1050,647,189,1480,455,530,428,181,130,465,720,861,877,779,591,389,183,17,120,248,404,600,843,1096,1280,1363,1289,1058,700,266,151,51,715,795,747,601,386,149,53,204,271,75
18,33,56,261,443,596,721,793,822,798,731,535,470,295,97,100,290,462,606,716,783,802,774,695,579,418,241,55,132,312,476,609,707,753,765,718,636,527,373,688,13,164,335,480,593,672,714,707,655,560,445,295,139,27,192,341,472,572,634,652,631,572,487,376,240,84,69,218,351,466,551,606,623,599,537,419,308,165,5,145,296,428,534,604,632,612,555,453,323,154,21,204,364,505,605,657,663,608,499,339,140,69,277,13,606,681,687,619,481,280,52,176,379,522,598,585,494,334,131,80,262,389,434,3,2,2,2,0,0,0,3,1,0,1,272,330,326,266,149,6,147,284,382,437,425,362,253,106,47,197,324,413,463,616,423,342,232,102,37,157,274,360,424,448,444,399,329,235,124,11,109,221,312,386,435,455,443,407,344,257,154,183,76,195,298,379,449,486,501,484,442,359,261,137,1,137,272,391,488,556,594,590,552,480,372,239,84,78,235,381,507,603,663,679,659,589,486,328,189,15,160,327,473,591,679,716,721,667,580,464,319,144,29,204,367,510,617,697,735,728,688,597,482,330,158,235,208,376,532,654,746,792,794,746,658,11
193,20,25,639,866,353,511,1050,759,128,921,1397,370,514,994,747,27,740,889,369,386,800,570,75,607,604,104,447,571,150,426,571,96,548,654,3,726,732,64,870,742,90,758,611,58,507,388,0,201,149,58,53,13,108,172,41,168,189,45,253,173,153,340,141,222,352,116,201,279,97,123,159,61,32,56,97,2,11,4,24,43,20,122,120,53,232,196,68,305,252,45,309,271,15,249,226,1,147,109,24,52,36,80,350,144,134,23,164,166,56,109,210,182,19,273,304,19,336,368,8,359,332,17,29,27,65,12,17,37,19,24,9,14,11,70,46,104,10,151,92,121,208,16,223,184,91,252,96,170,191,16,142,33,310,1,188,120,217,401,100,410,504,36,457,427,33,305,147,87,12,277,163,374,701,248,638,1005,345,711,1068,355,465,896,237,515,541,46,444,153,396,438,146,655,466,223,655,439,58,303,291,301,327,5,673,1040,421,856,1558,814,767,1654,991,510,1351,831,302,846,22,343,466,96,608,419,350,900,634,235,926,886,210,554,919,753,144,630,1128,896,101,1174,1397,467,892,1493,847,428,1410,880,32,690,615,75,315,234,120,273,25
2,31,6,229,430,595,712,767,765,694,573,154,203,15,228,425,584,691,751,746,683,568,398,208,3,216,405,562,675,731,725,667,552,384,198,4,211,392,541,387,693,688,621,507,359,174,16,200,371,505,600,643,636,575,473,329,160,12,190,348,471,550,595,589,537,434,298,141,27,190,335,463,547,583,576,615,403,265,103,66,235,384,503,575,596,555,466,335,171,23,212,388,522,606,622,580,475,316,115,105,317,491,609,443,613,492,301,70,168,386,541,610,581,468,277,49,177,360,469,483,401,246,48,2,0,0,0,2,0,0,0,1,2,1,224,106,40,185,305,364,361,289,164,5,156,298,396,435,412,329,197,46,113,246,362,429,439,403,315,206,72,65,192,299,382,422,416,378,299,196,77,45,170,280,363,414,426,409,351,266,160,177,95,218,322,402,447,468,443,380,290,164,29,118,259,381,470,528,539,506,434,313,165,3,167,328,462,561,612,607,555,458,312,146,39,225,392,621,627,666,655,577,463,311,130,65,253,419,559,644,681,664,594,478,319,137,50,240,410,550,651,702,699,634,529,576,189,9,214,403,565,683,755,752,704,5
33,27,260,425,554,666,740,761,778,721,652,422,406,261,90,78,247,395,527,635,700,756,744,719,644,536,413,264,112,48,206,357,488,585,675,696,712,685,623,827,409,268,117,36,182,321,435,544,607,648,654,623,569,485,379,262,118,14,153,281,387,476,543,581,600,575,523,447,350,236,113,18,149,271,389,885,537,570,578,558,503,415,313,183,47,98,234,365,473,560,612,622,587,518,402,267,105,61,239,388,524,607,653,539,567,438,280,83,117,307,464,563,595,571,468,322,136,55,232,364,437,436,365,1,3,1,0,1,1,1,0,1,1,0,260,309,314,255,165,39,99,228,329,400,418,383,319,207,83,50,179,291,373,537,447,423,368,289,183,78,36,142,242,317,379,410,426,405,365,303,225,134,37,66,158,249,317,383,414,435,428,344,357,287,205,109,9,92,196,288,379,441,491,511,499,472,407,333,241,126,6,120,253,359,458,538,585,611,599,547,474,380,251,118,25,178,308,516,546,613,663,664,645,587,508,388,263,119,33,178,317,445,544,628,680,688,668,621,537,445,315,178,22,127,284,211,539,633,699,732,732,694,638,528,407,12
101,6,1528,1489,1382,1221,1006,744,478,179,128,1599,714,968,1181,1355,1454,1505,1508,1453,1342,1202,986,759,485,178,112,390,662,889,1099,1263,1368,1424,1440,1374,1291,1149,936,1558,445,166,98,352,593,817,1012,1169,1256,1307,1301,1240,1142,1004,838,642,401,172,80,322,534,735,908,1036,1138,1182,1183,1130,1035,912,758,561,355,117,119,1135,573,761,922,1061,1136,1173,1161,1087,967,796,585,358,97,184,463,709,924,1095,1208,1250,1233,1143,989,760,470,147,204,450,839,1080,1245,1290,1262,1093,843,514,140,222,557,826,999,1045,973,782,504,181,140,1,2,3,1,5,2,2,0,0,2,1,347,150,88,327,546,684,758,746,653,485,267,4,256,486,676,806,867,874,802,1056,522,320,108,105,308,487,631,746,834,850,841,777,681,551,401,236,75,104,290,446,594,710,789,850,868,854,804,671,610,472,313,144,34,218,398,576,735,851,952,1010,1031,1011,931,838,716,534,354,130,102,331,557,759,937,1083,1184,1234,1243,1195,1092,957,770,558,299,26,223,469,726,919,1099,1228,1317,1351,1341,1268,1167,989,785,542,297,26,234,481,714,918,1101,1256,1354,1416,1414,1349,1253,1396,921,704,446,163,118,422,703,950,1165,10
106,38,677,319,62,441,797,1097,1338,1478,1554,1949,1379,1173,888,559,180,198,551,883,1156,1366,1479,1499,1440,1262,1027,736,415,55,303,638,952,1180,1349,1412,1404,1325,1148,1610,593,254,92,417,714,974,1171,1295,1334,1276,1157,956,707,424,113,201,501,763,977,1122,1193,1189,1127,1002,806,548,271,27,309,579,805,993,1124,1169,1151,1278,862,640,365,81,231,519,777,992,1128,1183,1160,1051,876,604,290,50,386,706,976,1159,1259,1248,1129,896,573,197,215,339,950,1191,1291,1255,1083,768,369,77,503,841,1060,1119,1019,773,426,28,347,637,777,1,1,1,0,0,0,2,3,1,6,0,88,346,556,680,683,569,359,84,204,484,696,822,850,758,590,342,66,215,480,766,825,884,859,757,578,376,134,105,342,540,707,805,845,823,740,604,431,224,6,218,421,600,735,828,867,850,775,658,491,290,72,148,371,574,755,887,975,985,950,840,681,460,207,55,326,580,811,986,1112,1168,1146,1043,870,644,370,58,245,550,835,1058,1215,1300,1298,1308,1050,815,529,198,134,454,767,1018,1221,1330,1362,1319,1199,986,732,424,95,244,558,851,1086,1266,1382,1409,1358,1223,1004,1156,417,69,294,642,950,1210,1409,1511,1522,9
53,20,160,84,321,525,678,761,770,700,557,81,133,108,339,534,674,747,743,671,534,339,112,124,342,530,655,725,724,646,509,310,93,136,351,522,649,708,696,822,461,272,57,157,352,514,619,665,643,552,415,232,31,166,349,498,588,630,595,505,367,191,7,178,349,478,561,582,553,463,330,164,21,206,370,901,565,572,523,423,274,90,103,290,450,547,594,575,490,338,145,67,275,450,573,626,600,496,319,93,149,371,544,361,638,537,354,108,155,392,556,613,563,416,192,59,286,444,501,446,293,88,121,0,0,0,0,0,1,0,0,0,1,2,292,303,240,109,51,211,335,387,369,275,121,58,230,360,432,432,361,235,74,21,249,364,428,433,377,279,145,2,148,276,371,419,416,366,271,154,19,119,248,349,407,428,401,330,231,102,37,11,300,396,445,453,414,339,223,82,70,224,359,457,509,506,458,362,223,57,118,290,434,540,587,574,496,373,208,11,184,367,523,614,651,620,516,366,175,34,247,431,571,655,676,624,509,348,147,59,268,451,585,673,686,628,515,350,153,61,275,460,607,696,720,757,553,383,172,55,285,489,646,744,764,0
211,143,246,123,12,158,284,406,507,582,630,884,684,711,721,747,757,768,763,755,746,726,693,676,643,614,572,511,426,307,151,32,235,438,614,748,819,824,756,256,457,272,90,68,173,249,273,246,205,152,99,46,27,34,53,81,125,160,183,179,153,101,30,49,123,185,223,237,220,195,138,90,49,3,22,29,43,58,62,67,75,95,106,108,99,77,45,9,57,109,159,205,231,244,241,219,189,142,76,23,29,71,94,26,110,84,46,10,33,65,94,126,143,163,189,218,251,293,326,352,354,332,282,19,40,36,1,48,2,37,16,4,113,39,42,98,135,149,138,99,49,9,74,129,165,180,169,130,74,13,51,96,105,430,20,77,191,301,383,423,409,339,220,84,56,161,216,200,112,29,207,392,541,642,653,589,440,231,18,262,486,456,754,766,704,563,370,158,69,280,443,561,615,608,552,450,365,290,255,275,365,500,685,871,1031,1141,1184,1131,988,762,495,199,96,358,559,685,741,1520,618,466,285,70,148,354,529,686,786,848,889,895,867,856,849,872,922,1004,1102,1218,1303,1379,1403,1382,1314,1182,1030,2000,669,487,313,151,28,102,208,299,359,15
93,3,443,279,93,109,298,464,608,700,765,1050,726,641,507,345,160,34,218,392,539,653,722,747,726,650,537,393,227,44,139,314,468,587,673,706,703,655,564,807,274,103,74,239,388,513,603,656,658,620,545,436,299,150,13,172,318,441,534,589,604,582,530,441,324,186,36,115,253,377,477,549,587,574,535,475,333,201,49,100,248,379,487,564,596,577,519,425,299,133,38,212,367,496,581,624,612,546,427,263,65,136,329,56,605,654,624,523,368,157,65,276,447,553,573,514,384,199,5,196,342,419,407,0,0,0,1,0,1,2,2,0,0,0,191,72,67,203,309,360,363,306,204,61,89,234,350,419,436,401,318,207,69,8,204,317,390,432,426,394,320,223,112,7,127,236,327,388,417,415,386,329,252,150,42,70,174,273,350,406,438,326,411,349,270,172,59,53,176,285,385,452,499,508,486,425,331,225,95,40,182,310,430,521,575,594,570,510,413,282,138,25,190,342,471,576,636,732,641,574,468,326,172,3,169,328,472,574,651,677,672,614,524,397,245,77,88,258,405,533,630,690,711,681,612,676,362,194,16,170,348,505,632,721,761,11
144,24,848,462,28,426,820,1157,1406,1511,1533,1628,1167,851,446,22,411,798,1127,1361,1485,1503,1355,1148,824,423,10,405,785,1101,1325,1445,1453,1308,1097,771,406,17,403,179,1055,1274,1366,1347,1242,1011,709,367,17,389,719,1001,1183,1268,1259,1152,933,668,330,28,369,672,931,1100,1195,1172,1050,850,574,261,60,394,695,929,1105,1790,1125,999,783,502,173,179,518,809,1036,1167,1174,1095,905,611,252,135,516,850,1097,1237,1248,1118,861,490,58,382,793,275,1282,1283,1120,799,372,118,590,953,1151,1169,989,664,232,219,608,855,914,797,506,3,3,4,4,0,0,3,6,3,0,4,603,536,342,60,246,522,720,783,711,528,235,100,418,683,835,883,790,615,342,289,260,531,730,853,860,795,635,411,164,107,374,589,748,834,833,764,629,435,200,55,305,521,691,817,857,841,755,630,379,136,131,380,597,794,910,957,946,821,648,403,113,188,471,739,945,1071,1129,1063,915,700,391,61,290,620,908,1106,1226,1255,1156,978,697,364,15,520,750,1029,1241,1325,1315,1199,989,679,320,58,445,782,1071,1265,1362,1355,1230,1015,720,358,26,409,766,1063,1294,1414,1436,1489,1114,812,443,40,381,775,1118,1365,1504,4
153,66,684,781,727,537,241,94,424,682,844,1381,885,779,614,425,211,13,215,395,540,638,694,679,600,433,188,94,362,566,626,559,326,21,379,695,844,802,553,444,218,546,711,696,523,271,36,115,150,91,6,54,63,3,94,160,167,109,7,121,205,217,143,25,116,209,249,225,155,60,7,33,16,29,80,106,106,60,23,23,50,62,100,137,208,272,300,275,184,35,144,290,368,356,272,123,19,122,160,126,53,38,105,396,111,41,41,123,176,201,204,199,174,137,66,28,157,284,362,364,278,125,57,53,61,44,9,5,40,2,28,41,31,20,129,62,27,104,135,101,2,117,216,249,199,84,50,152,171,103,14,131,183,422,29,126,250,298,223,39,193,394,490,439,272,64,108,167,97,60,219,299,217,21,365,706,938,956,746,338,149,236,858,889,691,338,69,383,498,406,132,197,487,632,619,452,254,93,40,72,140,164,36,236,642,1053,1367,1456,1267,825,223,419,934,1225,1232,986,555,1139,330,550,545,341,14,348,642,821,843,724,521,286,61,120,269,421,592,801,1004,1185,1243,1150,885,470,35,527,908,1167,1140,990,732,417,97,158,309,349,249,80
148,89,233,252,279,319,352,408,458,518,572,1087,701,745,792,828,844,852,844,833,798,776,736,704,684,665,646,644,646,648,653,654,655,658,638,618,572,520,453,262,297,213,121,42,25,73,114,138,142,129,93,61,20,26,60,96,114,125,119,103,79,52,11,19,50,68,89,96,92,79,56,36,20,3,19,107,29,18,11,13,46,73,109,146,178,193,220,215,231,215,208,191,170,152,124,96,60,34,3,36,72,105,135,331,185,185,188,179,171,158,150,146,151,164,184,216,249,280,306,317,311,285,241,5,2,23,9,22,32,31,5,1,15,10,41,92,130,143,161,156,136,112,77,38,2,31,59,85,93,88,81,49,21,214,87,160,230,308,379,432,476,492,488,443,378,277,171,56,63,177,271,334,384,398,389,351,294,227,150,62,18,151,192,263,334,380,434,463,494,497,486,452,415,361,307,260,216,188,190,213,267,352,452,584,715,845,960,1064,1137,1183,1199,1178,1134,1079,998,893,794,1786,604,505,428,355,309,279,252,255,265,288,335,387,456,552,647,756,861,976,1078,1171,1236,1290,1312,1304,1276,1207,1128,839,922,798,696,580,491,407,333,282,246,227
54,42,467,756,686,285,249,665,767,515,29,1068,760,688,298,228,646,753,517,41,455,737,678,306,207,614,730,513,57,426,709,667,312,188,588,708,506,64,401,503,637,299,177,562,683,483,63,381,641,599,280,162,524,643,462,69,350,604,568,272,146,483,597,434,68,327,565,538,257,141,471,587,421,54,331,922,526,238,162,489,581,389,10,384,591,504,168,250,555,584,317,115,497,627,428,11,419,634,512,109,358,634,559,544,315,624,574,192,300,609,546,157,315,579,470,73,348,522,346,44,375,422,170,1,0,1,2,0,0,0,1,2,0,0,226,12,264,334,168,130,353,353,122,203,406,355,82,250,434,362,88,241,429,552,120,207,421,401,173,138,374,413,244,50,319,423,315,53,235,408,382,172,127,364,421,280,7,273,422,374,146,28,394,448,285,7,302,464,407,154,181,440,498,322,14,348,520,451,164,214,499,556,346,30,404,594,499,166,256,560,600,360,60,459,647,535,158,362,609,645,369,78,485,674,543,158,304,624,659,386,64,486,681,564,176,290,626,675,413,38,473,699,600,227,260,502,717,468,4,475,734,659,274,238,651,20
37,20,383,218,48,125,295,447,579,678,744,1123,759,714,622,504,358,199,32,139,309,459,580,666,725,739,721,665,583,470,335,179,14,155,309,443,554,639,696,668,682,622,525,413,284,132,22,175,315,431,529,595,634,639,612,553,467,363,235,91,46,181,303,409,502,558,588,581,550,489,409,306,180,48,89,611,336,438,517,563,584,569,525,446,338,200,59,87,236,378,491,575,615,619,577,499,380,230,52,127,302,450,571,354,656,603,496,340,155,56,259,423,536,584,561,468,320,141,51,224,352,420,411,0,0,0,0,1,0,0,0,0,0,1,103,23,156,265,343,367,341,269,163,25,115,246,351,418,441,419,352,255,137,115,119,234,325,395,424,426,401,345,271,178,74,35,140,232,313,368,406,422,413,377,321,248,160,60,37,134,231,113,383,429,454,452,433,388,323,241,145,33,82,197,301,393,464,518,545,542,510,445,354,249,116,20,160,287,410,507,577,626,636,609,557,464,350,194,65,87,239,372,489,582,651,679,674,630,557,455,335,191,39,116,266,394,507,602,665,694,693,652,585,487,365,451,62,95,255,403,536,644,720,757,755,0
94,14,739,666,505,272,14,250,481,652,756,1024,683,525,298,45,213,443,624,731,756,689,539,332,87,170,400,585,703,732,681,549,355,115,134,361,548,669,711,790,545,356,127,106,325,503,622,672,632,518,349,142,80,285,462,579,625,607,508,352,158,53,252,418,538,590,571,487,346,163,31,230,400,523,583,772,480,341,154,44,246,420,540,595,569,464,302,97,122,336,503,604,615,542,382,171,72,310,504,622,642,555,378,518,134,388,566,642,603,443,201,80,335,511,570,509,337,100,147,351,442,424,289,1,1,1,2,2,0,1,1,0,2,0,31,135,273,343,321,219,59,122,282,395,417,349,213,31,153,313,412,439,391,441,121,57,222,352,418,426,371,261,120,38,192,315,395,426,394,313,193,48,104,243,350,414,425,387,301,176,28,60,266,377,443,459,416,332,196,41,125,283,411,490,512,472,368,228,50,138,315,458,553,581,536,424,252,56,156,353,508,609,636,583,458,277,58,232,380,544,646,661,604,478,296,70,160,372,542,647,680,635,518,332,104,125,339,519,640,695,671,562,392,175,66,72,504,649,722,712,623,457,238,15,263,18
112,29,620,583,261,215,643,866,766,405,81,671,774,764,524,157,215,493,616,565,370,62,260,494,571,428,114,255,499,499,222,184,495,517,206,263,616,631,294,527,578,638,392,0,301,382,273,81,49,81,37,7,5,37,71,51,6,52,42,35,102,105,10,132,211,164,23,125,190,137,29,63,87,37,26,165,45,12,65,109,121,108,46,71,211,303,264,88,157,356,399,255,6,239,341,268,69,122,203,138,6,128,134,421,125,205,161,8,143,218,193,94,25,128,192,211,145,17,197,316,271,64,193,48,60,0,38,32,7,23,13,41,44,47,34,85,59,25,102,100,33,67,121,87,6,82,96,30,53,84,37,45,96,197,71,167,137,45,250,330,188,99,351,380,182,83,217,149,6,73,55,278,395,223,184,613,758,509,38,581,829,748,185,330,598,503,135,233,366,180,181,437,391,73,322,536,480,249,22,80,142,242,451,670,679,332,310,973,1296,1035,303,554,1110,1111,626,34,528,1129,350,61,346,340,65,330,600,595,288,151,552,739,696,466,153,175,495,780,917,798,367,280,872,1185,1046,538,120,478,885,772,408,21,339,401,231,60,260,105
85,19,1502,1440,1317,1146,941,688,428,140,161,1612,709,962,1160,1326,1439,1493,1509,1474,1385,1267,1084,870,631,355,72,191,468,707,934,1131,1276,1369,1427,1415,1387,1306,1166,1670,771,525,273,12,230,478,703,896,1057,1182,1259,1288,1285,1226,1133,996,826,639,412,185,36,270,487,670,848,986,1093,1152,1164,1146,1098,1001,879,701,508,170,66,168,386,599,782,949,1075,1153,1186,1165,1099,988,831,623,382,130,149,427,684,901,1088,1221,1292,1278,1188,1025,789,1168,166,181,520,820,1057,1203,1259,1188,1019,774,451,98,257,562,786,914,919,808,588,3,6,2,4,1,1,1,0,2,2,4,317,512,636,678,636,515,332,95,146,391,596,749,843,860,806,702,536,333,111,67,333,517,679,793,852,869,838,765,673,537,373,202,27,155,319,476,605,711,793,835,857,836,781,705,596,467,319,412,17,192,356,509,642,775,869,941,992,983,959,883,775,644,465,282,93,119,324,521,726,886,1027,1134,1190,1212,1187,1097,989,833,636,430,197,55,299,680,784,958,1137,1240,1317,1347,1330,1261,1152,998,816,605,369,113,138,391,632,845,1023,1168,1289,1364,1399,1387,1328,1224,1079,1262,683,438,179,96,369,631,882,1095,1280,3
28,49,336,38,400,744,1046,1277,1449,1526,1534,1732,1276,1047,739,405,36,316,651,957,1203,1389,1490,1494,1429,1261,1045,762,459,127,224,553,862,1102,1289,1389,1428,1380,1261,1685,791,491,167,159,467,755,999,1174,1284,1312,1274,1158,991,761,496,212,99,385,656,874,1041,1144,1196,1176,1095,934,730,486,225,56,329,595,824,998,1123,1795,1138,1052,896,693,440,161,133,430,700,925,1091,1182,1215,1144,994,766,478,161,197,525,834,1078,1243,1296,1233,1060,791,1143,37,375,742,1036,1232,1273,1176,928,580,179,237,607,882,1017,1000,833,547,187,177,5,0,0,2,0,6,0,1,0,0,0,594,529,356,120,169,428,640,765,788,711,530,280,2,293,541,741,852,882,825,1065,500,263,9,235,468,637,768,832,847,789,686,521,323,112,112,311,503,657,775,837,852,812,717,591,419,232,20,164,407,595,744,845,912,927,896,809,681,489,281,39,209,452,673,864,1012,1092,1120,1068,967,801,570,312,16,276,562,814,1021,1177,1264,1281,1219,1078,879,618,317,1,326,618,891,1100,1269,1344,1359,1278,1137,928,676,369,61,265,574,849,1075,1247,1355,1390,1354,1238,1066,823,538,714,109,438,756,1031,1266,1423,1513,1507,1425,9
78,15,805,778,663,471,233,31,284,512,690,1235,820,763,618,415,173,82,325,541,701,791,795,717,570,358,118,124,363,558,703,772,763,669,514,303,69,166,394,215,694,742,707,601,448,236,11,213,417,569,661,683,642,533,372,177,39,244,426,555,629,631,575,468,307,115,90,279,439,555,613,613,545,416,242,239,159,339,489,585,619,585,484,329,129,83,285,463,591,647,626,525,355,141,100,325,518,646,685,627,476,254,6,205,498,648,693,627,459,203,84,345,536,623,582,437,206,49,284,440,485,419,251,1,2,1,2,2,1,0,0,0,2,0,156,2,171,303,376,364,268,110,73,256,386,444,428,328,176,5,187,338,433,607,428,329,183,12,153,297,397,448,444,384,279,132,20,168,296,389,441,440,396,298,172,29,116,255,364,436,470,367,379,264,126,28,180,319,433,501,521,477,397,260,95,83,257,410,523,584,585,518,400,236,36,166,358,515,622,658,628,535,376,179,39,266,458,694,696,704,644,510,327,112,116,336,519,650,720,709,631,485,291,69,163,376,552,672,726,716,637,484,284,56,185,190,591,716,769,751,657,492,284,35,212,16
80,8,160,384,576,713,776,756,658,494,280,444,207,427,601,715,756,721,619,456,243,7,229,441,604,704,731,689,586,417,207,27,253,454,604,686,707,664,538,784,147,70,284,463,598,664,665,602,475,298,100,114,309,467,575,629,613,550,414,246,56,137,312,455,558,588,565,485,359,194,13,175,346,478,559,868,541,443,296,122,68,253,416,536,597,575,499,362,187,29,236,420,551,620,604,518,359,151,89,315,501,621,649,603,420,191,61,313,510,619,620,499,300,51,200,404,516,518,411,222,4,212,351,0,2,0,0,0,0,0,0,0,0,0,292,291,210,69,94,247,353,386,340,230,66,111,274,389,437,412,319,179,10,104,300,398,434,415,335,221,77,75,215,327,401,422,393,321,208,77,63,196,311,387,425,418,360,265,146,6,133,54,367,434,452,428,357,255,118,32,184,321,435,500,510,466,378,247,85,91,258,411,520,582,578,514,385,223,34,164,345,502,608,644,614,519,365,158,39,247,432,567,652,671,623,503,335,132,85,290,467,598,673,680,617,493,322,116,98,307,487,620,696,705,643,674,334,120,109,332,524,669,749,751,672,0
31,24,102,276,590,761,740,546,217,161,500,1231,766,624,330,42,403,657,752,675,426,81,287,580,732,703,506,196,165,486,688,726,584,295,55,386,624,716,627,802,55,285,548,679,647,448,152,178,462,628,637,500,237,75,365,569,628,543,318,25,270,490,592,555,377,108,186,425,565,564,426,185,105,371,542,840,471,247,37,317,518,586,504,292,4,298,512,597,529,308,1,312,540,625,529,286,44,371,591,643,495,202,162,23,643,600,358,6,355,589,613,422,87,268,510,555,388,82,234,440,449,266,15,3,0,1,1,0,0,1,0,1,1,1,251,309,222,27,196,347,362,232,10,233,390,408,275,44,200,383,435,351,153,13,306,430,419,289,72,155,338,421,391,257,48,174,340,417,384,249,56,156,333,422,400,283,90,126,308,421,432,328,142,79,285,421,458,393,219,11,247,427,506,460,294,55,204,421,537,521,379,134,150,406,566,584,453,211,89,377,569,635,531,297,12,327,559,750,596,389,76,255,520,664,644,464,171,160,457,644,674,541,279,50,372,603,689,614,389,80,256,539,695,687,517,447,135,461,677,730,614,345,12,371,639,8
58,7,396,221,38,157,339,499,631,720,773,1041,713,621,488,325,145,41,224,393,541,658,729,750,731,653,546,404,244,68,113,285,441,567,658,702,709,677,594,833,320,153,21,185,337,471,574,642,667,642,587,485,364,223,69,88,239,370,479,556,594,595,571,503,404,275,137,11,154,291,402,497,561,583,575,638,429,314,178,31,123,264,394,497,565,592,579,523,431,291,131,41,212,368,498,585,630,619,552,432,262,70,135,158,494,605,649,622,529,356,153,67,278,443,542,560,498,364,183,15,200,337,395,2,0,3,1,0,0,1,0,0,0,0,36,104,231,321,358,331,252,131,8,159,285,377,424,415,360,260,134,6,148,274,365,424,441,419,351,268,158,39,84,195,295,367,409,419,404,355,285,195,90,25,133,234,317,384,419,431,420,339,313,220,118,9,106,215,320,403,468,499,502,468,399,304,186,59,74,208,335,441,524,577,588,561,493,394,272,125,29,188,341,472,572,636,660,709,580,476,346,187,24,141,303,445,564,636,681,674,635,543,430,286,125,43,197,354,488,593,674,704,702,641,555,620,278,108,69,249,415,555,675,746,768,4
22,60,257,285,294,291,275,247,216,179,147,144,91,66,52,27,18,1,10,22,30,39,45,58,71,95,123,162,198,230,255,268,257,219,159,78,13,112,208,488,346,378,378,357,313,250,182,116,57,11,18,29,20,5,17,35,51,52,40,17,11,49,83,107,123,123,109,85,59,27,6,5,7,8,0,90,21,31,30,27,18,15,14,21,45,75,112,154,191,228,250,263,253,234,198,148,95,43,7,42,69,78,73,73,23,9,44,70,87,89,88,82,77,78,86,105,132,165,193,214,220,205,174,5,38,37,29,5,10,0,15,17,18,20,60,32,8,9,27,42,54,62,60,54,40,17,7,29,48,51,43,24,6,36,82,114,119,114,81,32,33,100,161,202,219,207,175,116,44,27,91,131,142,115,57,32,140,258,368,463,527,437,536,478,388,271,141,7,102,190,250,275,271,232,182,126,80,54,51,86,144,224,317,405,482,528,539,508,438,332,203,64,71,191,283,341,364,882,310,246,158,63,29,125,198,267,321,351,372,373,372,364,362,367,387,416,468,526,585,645,697,730,740,727,695,1055,568,493,417,341,263,188,115,41,32,23
109,1,350,437,488,533,553,549,512,461,389,362,193,78,25,140,234,313,388,438,473,486,489,474,458,430,412,389,373,352,335,303,271,233,180,121,61,7,72,540,169,187,203,201,194,191,163,141,121,117,91,71,56,35,18,1,19,28,30,30,19,4,17,42,70,91,115,116,116,106,100,79,42,20,11,167,42,40,36,15,21,62,107,155,201,244,274,303,321,336,339,333,317,299,263,230,192,145,89,40,15,58,93,381,154,169,166,165,159,150,143,137,130,142,161,189,223,261,294,327,352,364,363,36,23,2,57,4,38,18,29,29,4,2,53,75,93,99,106,103,90,74,50,21,3,37,60,79,88,95,93,71,44,181,30,85,146,205,262,321,367,397,403,401,361,317,245,158,59,45,154,261,351,444,514,568,602,612,606,568,527,647,391,308,216,121,27,67,162,251,346,413,470,506,516,506,477,415,332,244,137,35,62,164,249,323,389,433,460,476,472,460,423,377,315,253,172,837,3,93,188,274,380,472,560,632,695,732,750,733,685,626,517,405,274,139,9,147,276,391,483,555,606,632,648,1573,627,592,555,490,420,348,265,164,61,10
110,37,330,182,31,261,431,533,509,404,239,205,149,278,317,243,88,118,326,502,587,564,422,184,111,412,660,824,871,788,608,346,70,163,317,369,327,187,2,870,361,452,442,358,203,26,133,236,252,175,16,176,387,556,652,663,564,380,139,116,322,463,515,464,332,151,47,226,332,373,323,207,50,112,242,39,290,213,81,65,188,263,251,154,23,242,465,645,733,717,589,375,117,127,311,397,361,233,29,175,341,400,345,273,20,234,380,418,342,168,34,185,231,146,45,287,491,586,522,321,36,241,431,2,0,3,1,0,1,1,2,0,1,1,152,112,18,89,162,161,87,35,160,243,241,152,9,195,347,429,395,281,80,108,314,435,458,384,237,57,121,254,315,300,229,107,23,133,201,206,160,77,20,111,161,158,101,8,140,267,367,368,381,282,133,34,205,336,413,415,337,198,20,155,295,370,362,290,150,17,172,289,340,310,213,71,89,211,273,252,137,46,272,481,641,710,680,791,336,82,163,351,444,442,337,161,47,242,391,460,432,331,160,31,203,307,336,275,136,32,203,334,384,337,188,560,321,588,807,929,942,832,616,341,62,23
156,35,1372,1518,1548,1475,1317,1077,777,417,38,1482,693,1010,1263,1435,1523,1508,1413,1247,987,686,334,32,387,723,1014,1240,1400,1472,1459,1345,1166,888,583,238,112,443,766,233,1229,1341,1380,1334,1212,1005,752,463,133,200,506,777,1002,1159,1254,1274,1202,1080,873,617,335,31,265,532,781,969,1108,1159,1157,1076,952,749,505,226,79,1146,627,851,1027,1135,1167,1121,1005,814,565,273,43,363,661,923,1124,1231,1239,1153,963,706,381,14,365,721,1011,1213,1300,1083,1099,795,439,17,417,797,1075,1208,1188,1023,712,322,94,474,764,927,908,757,469,0,3,1,1,4,1,0,0,3,4,0,525,369,130,146,414,627,751,764,672,478,215,83,371,619,793,874,854,758,575,631,77,186,440,638,775,841,845,770,657,480,272,43,185,394,579,709,814,851,823,745,620,454,256,41,170,384,577,335,842,897,903,844,743,603,402,191,53,292,526,722,891,1002,1046,1041,971,824,638,380,101,189,478,739,955,1123,1219,1230,1171,1041,831,567,267,55,379,844,956,1152,1293,1337,1311,1201,1023,767,485,159,177,485,788,1034,1229,1335,1375,1318,1201,1011,759,473,151,187,520,821,1085,1078,1411,1449,1415,1286,1090,817,505,147,205,28
91,4,656,535,367,159,52,264,453,607,721,1151,763,699,578,415,220,12,193,386,551,672,737,754,705,599,451,272,74,126,318,487,616,693,721,686,606,486,318,616,67,261,421,551,638,672,657,593,481,333,162,20,198,355,485,582,624,627,571,473,344,189,26,138,295,423,521,571,581,547,470,358,216,53,110,670,400,499,562,582,551,470,354,199,26,152,313,451,555,609,603,542,422,264,71,124,316,482,600,650,622,526,367,534,67,293,477,601,650,598,463,261,29,197,385,508,541,482,336,143,68,248,363,3,0,0,1,0,0,0,0,1,2,1,248,146,8,141,270,350,376,334,231,86,73,226,349,422,434,392,292,162,11,89,276,374,426,435,394,317,205,79,54,180,290,369,415,421,387,325,238,127,3,123,234,328,391,427,428,395,333,295,123,2,126,242,343,421,467,478,454,389,295,171,28,115,257,379,478,538,560,533,463,356,212,48,124,287,431,537,609,634,602,522,402,249,67,178,297,451,574,641,665,642,567,442,287,111,80,259,426,556,646,687,674,610,503,357,187,1,186,362,518,633,707,729,687,596,460,290,95,110,309,490,629,13
37,82,496,630,310,291,775,838,417,233,726,1129,556,29,473,726,650,289,167,517,626,455,78,322,555,479,145,254,473,355,28,370,383,29,413,535,176,400,705,266,122,607,633,225,260,460,318,30,151,144,30,23,28,79,56,33,97,72,3,36,4,70,57,38,129,131,8,107,126,49,43,60,0,53,31,158,84,84,40,23,92,150,160,73,102,276,305,132,152,369,344,92,206,350,236,15,204,193,38,104,104,9,127,14,40,173,178,44,122,197,146,33,80,165,188,108,71,256,291,88,227,379,225,21,70,51,14,20,1,10,9,23,23,4,51,64,27,43,92,47,62,120,62,64,124,58,61,105,32,60,68,20,90,357,78,175,104,117,298,236,65,347,349,61,244,314,123,89,100,48,116,69,358,422,77,472,768,488,196,780,791,547,433,703,409,115,436,318,86,364,265,138,471,442,65,335,485,355,133,49,210,417,584,497,13,672,1092,859,19,906,1278,845,110,900,1021,478,261,1333,467,33,385,297,116,503,502,97,442,741,622,157,380,709,729,469,39,443,828,904,545,177,881,1132,766,7,700,1669,722,140,417,638,456,58,258,251,4,0
12,24,235,393,536,651,745,795,818,802,757,683,570,435,282,118,45,212,363,503,622,708,769,793,788,739,662,559,443,306,152,11,170,322,459,567,655,725,756,759,705,637,544,424,297,147,0,149,286,402,512,592,648,676,678,645,586,508,402,277,142,12,115,239,363,460,540,587,613,614,596,545,471,371,263,118,2,135,263,377,476,553,605,630,621,569,501,402,280,134,20,173,318,448,557,630,670,668,620,524,391,226,40,325,335,491,610,673,686,621,501,331,138,65,255,414,518,554,518,421,270,93,85,1,0,0,2,1,1,0,2,2,3,1,89,42,176,284,359,390,369,302,199,68,71,209,324,411,457,463,430,357,262,300,22,98,213,309,384,429,450,440,415,358,285,191,91,13,112,200,286,353,408,444,453,443,410,359,293,212,122,167,79,177,263,344,410,464,497,511,502,470,422,346,248,136,18,102,217,330,432,513,578,613,624,607,556,481,384,265,137,2,149,292,415,526,610,765,707,703,669,601,514,403,274,126,25,170,308,436,545,631,693,727,724,693,640,556,448,324,186,39,112,262,405,329,631,707,759,779,773,722,654,550,422,5
176,35,371,289,146,40,251,458,638,790,878,1191,896,833,756,658,554,437,324,197,78,34,138,240,338,423,475,500,480,408,268,83,131,342,509,588,564,443,237,410,250,456,561,589,525,398,239,90,17,78,73,35,25,75,106,109,81,32,14,39,29,9,73,153,197,217,197,133,56,14,55,75,61,25,16,137,77,88,107,126,128,141,133,113,57,13,110,209,314,394,440,436,377,264,137,2,103,161,169,130,63,21,95,440,168,156,117,51,16,79,132,168,187,214,235,256,263,242,179,70,67,196,288,6,9,10,30,29,12,21,1,16,10,33,19,57,88,88,60,10,48,99,116,104,59,0,52,78,82,57,15,36,75,288,50,22,113,219,298,314,259,140,23,162,265,278,217,97,24,106,117,41,107,310,515,679,753,715,562,317,16,20,512,631,630,510,305,72,148,300,373,357,268,109,44,186,279,308,288,261,242,291,403,593,794,990,1111,1127,1007,772,447,71,290,592,788,868,813,692,402,128,124,329,451,487,427,298,122,72,255,400,504,577,627,665,736,827,927,1023,1077,1073,996,836,609,341,64,282,409,568,644,651,575,444,274,81,104,59
25,38,128,227,313,386,450,489,518,530,525,676,497,470,424,396,355,320,296,268,261,240,224,211,205,206,210,236,276,335,396,456,505,525,521,475,421,322,221,177,5,97,192,251,310,321,319,289,230,162,80,16,49,86,104,109,103,85,53,13,26,57,99,130,144,142,120,93,47,16,19,43,36,38,19,110,1,5,8,31,54,78,94,108,104,91,61,20,21,84,132,176,216,245,267,266,259,229,196,147,92,34,29,729,145,189,221,234,231,226,203,180,166,153,172,197,245,284,311,311,281,216,124,35,3,11,3,35,15,34,31,2,14,14,110,107,81,51,0,36,80,109,128,137,123,100,58,19,25,61,98,117,126,299,80,22,46,130,220,299,362,386,384,348,282,198,108,22,43,87,97,79,20,69,180,324,459,599,713,797,844,789,824,754,665,546,402,249,84,90,245,373,466,522,535,511,463,412,356,324,301,301,341,403,487,595,728,858,989,1099,1185,1234,1240,1197,1114,983,822,609,458,280,94,70,213,342,452,547,623,669,695,704,685,660,638,607,576,562,565,584,608,646,696,725,760,781,782,629,722,664,593,526,458,394,334,266,214,14
34,36,502,695,531,76,466,841,880,599,129,505,698,787,637,286,103,448,634,629,400,48,311,544,555,349,0,343,514,414,71,329,534,400,19,475,667,453,37,847,700,504,56,364,527,382,80,160,227,136,12,24,23,71,43,55,131,118,12,99,111,23,109,166,102,54,186,206,106,39,136,122,61,2,20,162,20,38,47,35,0,77,158,200,142,19,214,320,275,87,147,304,302,153,52,183,200,114,6,66,41,28,77,124,62,169,177,89,57,166,183,120,37,28,93,158,200,137,49,254,327,180,100,7,9,12,39,22,8,3,7,27,16,12,38,55,111,74,39,133,112,9,133,162,65,63,134,94,29,106,85,36,126,303,29,169,178,5,226,321,170,138,377,376,131,164,283,171,30,105,45,290,382,127,360,758,746,245,459,917,861,473,329,708,616,192,247,415,221,149,428,379,21,392,603,483,130,181,306,281,257,353,449,359,61,663,1106,1058,448,460,1161,1290,790,38,722,922,614,951,348,405,130,231,435,343,4,421,693,683,399,49,465,710,742,581,320,40,461,853,1029,836,244,504,1067,1156,767,995,476,773,719,411,26,257,331,163,105,100
194,18,452,936,1315,1536,1532,1331,955,460,101,1804,1104,1411,1541,1467,1200,774,267,268,780,1184,1429,1509,1371,1053,606,92,431,891,1249,1445,1447,1251,901,434,82,569,1003,785,1398,1336,1079,701,245,253,700,1063,1278,1313,1181,896,506,61,400,804,1085,1245,1219,1038,728,326,103,521,873,1098,1180,1104,885,559,158,265,653,965,1150,1638,1011,734,359,59,481,839,1090,1185,1106,860,490,52,406,824,1118,1240,1173,920,508,19,476,917,1209,1293,1152,806,302,666,783,1161,1295,1181,848,314,265,778,1102,1177,976,561,28,482,837,968,823,473,14,6,5,1,1,1,0,6,4,0,2,0,385,77,273,564,715,673,454,115,273,608,803,819,661,356,24,392,689,869,859,1045,420,65,297,597,789,859,777,581,299,26,353,621,799,856,770,593,327,19,295,570,768,857,824,686,448,153,166,78,723,874,907,829,630,364,26,319,636,870,1007,1001,855,595,244,140,520,840,1059,1138,1066,850,505,88,351,753,1056,1225,1224,1069,754,335,130,588,967,1398,1332,1244,1003,610,144,343,782,1126,1327,1342,1208,898,478,11,491,924,1219,1355,1342,1140,807,364,127,607,1023,1309,1444,1523,1145,753,272,259,757,1171,1438,1524,1400,26
81,14,804,773,668,511,316,93,128,345,545,1241,788,823,791,703,561,374,171,48,267,461,617,731,787,778,713,597,439,249,33,181,378,546,673,734,759,724,623,845,296,92,112,304,472,596,678,711,682,601,482,315,139,43,224,392,520,619,657,646,589,478,347,189,12,163,323,456,552,607,617,581,502,373,219,238,132,295,434,545,607,617,581,494,361,191,11,179,355,510,615,662,642,562,418,241,27,187,392,552,658,688,640,661,327,87,160,388,566,657,660,564,385,158,85,313,474,547,519,406,216,3,193,3,0,1,0,1,1,0,0,2,0,2,301,236,112,43,200,326,398,402,336,216,58,116,273,392,456,464,400,300,152,96,162,296,399,454,453,417,332,221,95,45,182,300,388,439,445,420,361,269,152,21,108,227,329,407,449,461,438,364,280,161,31,98,224,341,433,493,525,501,449,355,226,82,76,234,373,488,569,600,593,532,425,282,113,70,248,408,538,633,674,665,601,493,332,125,46,232,415,550,653,707,709,648,547,394,217,23,179,367,528,643,712,728,694,599,474,310,119,86,284,462,612,624,766,759,699,581,422,229,21,199,394,17
3,17,574,540,7,627,795,371,345,835,752,375,557,846,569,62,594,727,373,170,576,587,217,272,558,441,6,446,517,118,401,537,94,483,583,43,596,647,35,814,683,107,519,600,160,312,395,147,111,148,61,3,25,37,28,114,74,65,131,26,140,142,55,221,145,80,224,121,70,161,76,29,56,16,11,75,28,37,28,14,74,115,76,82,239,189,66,319,304,5,310,336,73,210,268,112,84,153,87,0,36,7,6,311,73,82,4,117,144,43,106,161,93,22,125,183,121,90,296,235,112,373,217,36,19,24,2,8,8,6,37,10,7,14,34,84,46,81,92,40,125,57,95,124,4,119,106,21,125,85,44,104,18,276,30,128,143,82,300,200,203,440,206,233,408,153,174,191,22,91,136,304,55,431,599,131,578,821,296,532,879,504,380,728,348,282,468,100,324,268,177,454,219,287,534,295,137,372,326,202,90,127,458,668,365,427,1087,927,88,1127,1251,312,833,1168,492,444,778,412,250,395,30,355,295,155,563,509,14,573,711,360,215,605,661,382,102,611,872,591,191,967,1084,369,637,1101,726,635,738,742,247,303,514,279,134,305,60,42
185,116,503,455,241,66,417,722,888,889,715,658,96,215,461,636,721,704,593,409,186,55,298,483,569,550,402,158,119,367,513,499,307,40,420,680,720,493,84,825,678,748,547,206,143,341,368,266,102,24,73,15,77,129,90,25,148,199,152,25,122,226,244,149,2,155,243,227,135,27,54,70,44,5,34,84,6,37,52,43,57,100,139,140,89,20,146,244,296,266,163,17,125,219,244,205,133,31,62,111,91,25,48,179,46,30,120,167,163,106,27,27,72,85,116,159,191,172,76,78,252,345,305,13,3,8,9,26,9,27,2,24,5,90,8,69,74,25,54,121,133,78,17,113,155,128,48,49,119,132,84,1,51,271,41,134,177,113,38,231,366,376,235,1,219,317,251,91,73,133,35,184,403,489,351,5,451,816,937,753,335,2,579,746,635,315,33,283,330,169,118,394,536,473,238,50,272,363,325,260,257,362,535,660,592,282,229,784,1189,1303,1071,560,61,590,859,819,541,568,153,321,306,133,132,407,605,655,526,252,84,393,619,732,756,719,651,535,338,49,340,734,1048,1172,1049,715,237,282,578,733,696,511,260,23,142,201,144,6
72,3,1518,1467,1357,1178,958,702,419,117,192,1714,766,1016,1224,1378,1475,1509,1497,1430,1305,1138,920,667,391,93,205,482,744,969,1169,1319,1415,1444,1428,1350,1232,1071,852,1537,334,51,229,481,718,934,1098,1229,1300,1314,1290,1205,1082,921,735,505,260,17,234,461,667,856,1005,1111,1179,1189,1158,1075,955,800,621,415,190,50,293,1368,706,879,1017,1118,1163,1161,1108,1002,847,641,411,165,109,378,639,867,1043,1177,1243,1233,1168,1027,826,557,241,96,437,248,1017,1202,1297,1277,1169,943,642,277,103,458,753,961,1061,1035,890,636,321,14,309,4,1,4,1,3,0,3,3,0,0,2,422,251,19,229,463,638,747,770,709,576,373,124,134,378,586,746,846,878,843,1120,611,430,222,2,209,394,561,690,790,840,847,809,734,621,482,323,159,22,204,376,529,655,752,827,862,862,829,684,671,536,387,220,45,138,329,508,680,814,927,1000,1032,1021,963,881,765,602,419,204,29,262,491,712,904,1058,1168,1230,1247,1211,1120,989,816,595,347,8,183,433,690,899,1082,1225,1320,1355,1344,1276,1166,1001,805,563,317,48,228,482,718,931,1105,1249,1356,1403,1406,1345,1248,1428,906,677,409,131,157,451,723,975,1181,4
95,144,194,89,376,639,798,827,736,543,272,90,267,461,597,668,677,626,536,397,225,17,198,399,537,598,545,396,159,132,409,573,579,412,89,277,588,741,673,107,62,275,504,550,446,248,34,101,145,114,43,2,5,59,130,176,144,46,92,215,256,225,100,52,187,243,234,152,40,46,105,114,75,35,1,21,23,13,11,39,70,96,128,155,159,120,51,58,158,242,282,257,174,63,47,126,153,133,82,13,27,35,12,447,92,130,136,108,50,22,95,153,186,197,193,161,101,13,99,211,290,301,223,6,22,10,1,0,29,26,6,14,8,0,81,35,45,130,151,101,3,108,172,161,77,35,138,174,148,60,23,76,62,184,119,174,150,26,163,332,399,336,154,78,260,318,241,71,89,146,59,150,387,549,544,328,37,450,773,903,800,517,96,277,495,527,372,96,171,349,376,233,15,263,457,516,436,303,189,146,199,290,307,189,101,530,941,1219,1238,968,462,117,634,958,994,795,444,1038,273,433,405,215,82,372,605,703,650,480,229,33,238,390,496,576,689,793,878,867,715,407,12,460,832,1049,1065,1629,631,289,21,277,412,420,302,90,149,14
35,42,320,639,659,333,184,689,891,724,239,423,698,777,581,236,142,442,623,600,376,28,437,632,544,193,214,506,516,234,209,530,527,138,398,705,547,7,525,653,495,9,455,587,392,30,253,317,189,24,41,24,12,39,116,154,54,93,190,144,22,186,213,73,134,249,173,20,185,186,74,53,94,49,9,79,19,9,37,73,80,50,44,144,193,146,26,139,246,230,106,71,199,228,144,4,97,131,87,11,32,10,47,145,21,77,142,128,48,51,128,153,126,41,66,176,218,143,33,217,283,163,75,5,8,10,8,3,8,20,20,3,0,6,58,1,97,123,28,113,171,82,80,189,136,4,135,144,48,72,102,39,51,377,14,126,136,21,247,333,166,162,417,373,77,219,286,105,106,97,129,364,312,66,563,782,514,140,754,941,552,48,684,738,322,206,483,315,80,386,338,10,418,537,327,59,350,394,283,189,187,158,32,436,807,865,410,379,1090,1266,783,105,881,1113,717,17,530,973,260,203,437,284,126,528,618,375,87,507,708,626,359,9,340,617,760,700,395,142,706,1081,1003,482,308,930,1092,1549,109,452,703,566,206,175,331,219,78,66
91,90,178,194,237,292,353,412,478,557,621,1004,706,733,746,751,734,712,683,665,620,577,547,504,468,445,423,400,413,428,456,501,542,589,652,696,723,729,742,446,703,661,602,544,485,409,322,250,198,128,80,43,35,44,58,75,107,150,195,216,253,278,296,303,296,269,255,226,181,145,116,66,34,12,10,143,29,35,34,23,21,33,24,20,29,31,35,50,42,56,63,65,63,60,65,62,37,28,22,18,5,2,1,143,10,11,18,23,30,46,44,53,71,89,107,125,150,162,164,166,153,126,94,28,26,43,0,6,0,5,33,6,1,47,36,66,92,115,127,129,113,96,73,44,7,24,55,79,96,105,109,100,79,331,5,42,102,169,241,296,344,381,403,399,365,316,236,147,33,100,225,339,458,575,677,751,812,850,864,848,800,800,655,551,429,293,167,24,115,236,339,419,476,500,497,448,375,279,159,11,135,288,430,580,726,845,941,1011,1090,1118,1106,1065,1018,949,834,689,556,53,296,139,2,112,205,290,356,400,397,362,319,234,131,0,157,299,453,603,754,876,971,1057,1115,1143,1148,1111,1053,1387,902,810,702,607,513,441,355,289,238,76
63,78,709,756,795,819,823,826,819,820,818,1312,839,846,872,878,909,907,906,883,863,827,795,754,736,716,693,686,666,660,639,601,548,468,370,276,164,40,73,896,281,344,398,426,426,412,382,320,261,189,113,40,11,60,80,83,63,23,38,112,171,226,300,332,337,334,308,261,207,149,104,45,10,26,35,21,58,67,71,81,103,115,141,164,190,207,233,236,239,257,245,240,230,210,193,176,143,113,75,38,2,48,99,338,175,201,213,224,215,210,192,187,177,178,176,179,177,179,160,130,81,32,30,35,38,2,47,25,8,31,6,32,24,0,35,25,13,6,22,51,89,127,160,197,218,215,205,178,132,72,19,28,70,354,76,60,6,68,155,256,344,421,477,496,484,415,321,195,30,139,306,452,585,678,731,744,726,666,582,468,350,407,82,49,175,283,370,431,465,474,448,422,369,308,251,197,171,167,196,248,344,474,620,795,973,1148,1311,1447,1541,1598,1595,1549,1470,1328,1155,958,751,379,326,130,57,225,374,507,614,683,739,769,760,724,670,590,488,376,265,152,67,18,76,117,129,128,112,91,61,949,6,35,67,104,136,188,248,318,400,66
82,63,354,405,444,476,499,508,494,474,437,614,340,279,214,151,81,21,40,81,129,161,190,217,238,245,254,254,256,256,254,242,229,209,195,170,144,129,109,229,62,44,29,20,14,8,2,8,9,20,32,50,64,83,104,118,139,153,169,172,177,176,166,154,143,130,112,93,75,56,44,29,15,7,8,18,27,37,37,35,34,35,29,20,16,10,1,2,3,8,12,6,1,1,2,13,13,18,25,29,27,41,48,64,59,68,74,80,89,92,91,99,102,103,113,124,134,143,158,169,176,182,179,7,33,8,11,11,7,16,7,5,10,18,22,7,5,24,48,70,89,108,119,123,125,123,114,108,96,75,54,30,6,146,50,68,99,124,137,151,156,146,130,121,95,61,35,1,35,64,86,113,137,145,156,170,168,161,164,157,133,254,100,62,20,15,66,123,164,209,265,301,321,343,346,328,299,264,195,127,52,38,141,233,317,406,484,543,595,628,624,618,587,534,472,402,317,15,142,58,19,79,126,172,176,170,156,126,68,0,67,156,245,318,405,491,551,598,634,657,653,638,611,560,501,251,374,305,253,205,172,143,141,152,170,54
193,26,668,755,804,807,756,651,504,332,138,570,258,429,578,683,745,759,733,654,551,414,254,74,108,286,462,635,773,878,948,965,948,876,771,634,469,300,135,805,149,250,328,371,393,388,356,318,261,215,166,135,115,105,108,130,150,182,215,248,281,319,359,401,442,479,508,529,541,538,526,497,458,397,319,592,109,22,156,296,409,497,550,568,548,496,417,323,227,123,27,54,128,183,233,251,246,208,152,62,45,169,290,422,485,524,518,450,333,165,44,264,474,649,771,816,786,694,547,369,191,32,88,60,19,20,47,16,9,30,2,22,34,10,6,61,137,209,263,286,279,232,145,35,82,196,280,325,314,262,166,41,85,226,265,292,272,199,94,41,182,310,410,476,505,491,432,349,243,122,4,106,197,270,304,304,274,197,94,22,148,471,365,423,445,422,352,241,101,55,214,358,474,562,600,597,551,465,348,214,70,52,164,238,286,266,214,113,16,176,349,506,645,742,798,781,716,1157,405,183,60,309,551,751,918,1017,1059,1031,935,785,587,359,122,104,307,457,559,593,563,467,324,149,32,217,382,651,595,637,631,588,506,397,262,101,62,14
271,82,679,781,859,914,963,974,964,942,896,1049,743,641,538,422,300,187,64,38,131,213,276,327,358,379,383,376,357,319,273,223,163,90,4,70,143,222,298,816,403,447,456,453,425,389,321,248,169,87,7,63,124,169,202,217,223,210,184,151,114,73,29,1,39,64,88,101,111,115,114,84,80,58,41,16,27,23,24,42,58,92,117,150,172,205,225,236,249,246,253,242,231,214,191,172,146,117,87,53,7,30,63,489,136,169,194,199,214,220,213,204,203,200,202,203,213,234,253,278,293,311,309,43,23,67,71,46,16,7,3,25,8,34,77,62,36,0,47,96,151,196,230,261,276,268,244,210,166,112,43,19,72,329,163,188,196,186,160,127,80,24,25,72,113,136,141,121,97,57,9,88,174,270,358,457,545,621,678,726,749,353,754,718,681,613,549,473,395,327,255,201,143,118,110,111,135,175,234,309,390,488,576,678,765,854,937,1003,1050,1081,1093,1082,1056,1017,952,890,811,1964,667,599,548,506,489,497,509,544,586,633,699,760,812,848,880,893,890,867,830,778,716,636,546,456,368,279,195,596,69,21,9,22,1,30,91,168,262,170
42,14,101,70,233,392,534,649,741,797,820,1064,759,680,571,436,280,114,51,210,368,511,629,710,768,783,769,728,664,563,436,285,132,30,190,335,472,585,675,531,746,735,689,615,524,396,263,118,35,177,317,434,537,607,658,676,659,631,563,468,357,231,104,26,165,282,399,487,555,600,619,612,581,517,434,200,192,65,72,197,323,432,524,592,627,628,598,538,449,324,185,31,123,278,421,535,624,672,679,636,542,407,240,497,144,333,493,609,678,673,605,478,307,111,96,283,429,516,534,483,370,215,37,4,3,2,1,0,1,1,2,1,2,1,241,148,20,114,240,339,396,408,372,294,178,37,99,237,344,424,461,463,427,541,269,159,37,81,196,285,364,414,450,447,429,374,306,220,127,30,67,163,257,335,394,436,455,456,432,388,331,311,165,71,27,124,223,314,395,460,508,527,536,508,455,380,285,179,63,55,178,295,409,502,579,624,641,630,593,520,426,316,178,31,111,253,387,602,604,668,707,707,681,629,550,437,307,167,17,130,273,406,524,622,688,723,731,710,660,582,485,358,217,67,87,6,384,510,623,712,773,794,792,751,675,5
37,28,466,614,720,789,826,806,765,672,550,131,230,49,132,304,460,596,701,772,800,794,745,659,543,390,225,55,113,278,430,564,667,730,763,747,707,633,519,794,216,56,113,270,407,530,621,683,709,692,649,562,458,333,193,52,103,244,378,483,562,611,635,628,592,513,417,302,169,29,110,244,375,477,561,959,618,599,552,477,374,242,101,49,199,339,458,555,625,652,637,581,481,352,187,17,166,339,496,609,678,688,646,662,396,206,0,210,402,551,640,652,594,473,296,89,120,301,437,496,487,399,252,0,2,0,2,0,0,0,0,4,2,1,277,330,330,263,161,25,122,256,364,431,440,402,322,198,59,79,217,332,415,575,467,436,375,279,164,46,74,186,283,363,419,445,448,416,364,287,206,105,1,112,213,301,373,426,458,462,447,364,341,254,164,59,49,161,263,361,439,496,540,543,518,465,385,288,177,46,83,220,351,457,549,609,640,636,600,526,429,308,158,6,150,305,440,642,647,694,715,687,635,549,437,293,141,19,181,329,467,575,665,717,736,712,663,572,461,329,179,17,147,304,458,416,681,741,777,767,734,651,545,399,242,14
118,42,514,754,913,954,856,670,399,100,185,551,641,797,892,928,914,838,704,527,298,64,158,375,555,682,722,685,550,314,27,270,523,645,626,436,127,234,565,886,803,661,395,83,198,381,435,376,260,129,43,39,91,159,206,177,81,71,222,328,339,257,102,72,222,300,282,190,57,60,130,137,102,34,36,178,96,99,62,40,21,4,19,53,94,155,207,230,213,177,94,8,112,201,248,249,208,130,49,17,42,28,19,563,139,167,151,100,14,56,132,179,211,218,212,188,146,71,33,152,262,332,341,69,14,40,3,22,26,59,13,9,15,21,92,29,55,117,141,98,7,103,207,267,261,183,64,61,155,176,129,33,67,443,107,2,167,323,408,379,216,17,259,423,467,369,177,3,99,76,85,321,527,636,555,291,103,538,897,1081,1056,781,428,15,342,544,550,377,90,221,474,572,506,299,25,230,402,466,423,350,322,388,575,812,1043,1121,1005,660,130,465,1003,1368,1469,1320,949,483,15,1831,512,502,317,21,309,601,786,838,757,579,344,120,70,213,324,430,580,768,986,1191,1305,1298,1120,787,366,95,495,613,924,909,780,573,314,69,130,254,286,50
98,13,784,716,599,435,248,48,153,348,525,1230,763,815,809,760,660,524,359,173,28,222,408,558,683,754,782,764,705,596,457,282,99,100,280,442,580,684,744,736,709,624,499,352,192,6,172,337,480,584,662,685,676,622,530,409,259,103,64,222,361,483,569,624,639,609,543,437,315,165,15,143,291,420,525,963,616,604,550,467,345,201,41,126,285,422,533,610,648,629,564,446,292,117,79,265,436,574,660,691,647,545,388,557,31,258,446,592,677,668,582,415,206,21,242,419,529,554,495,363,173,26,208,3,1,0,2,2,0,0,0,1,1,0,230,118,24,172,294,375,401,363,274,139,18,176,312,411,460,454,396,300,172,141,116,247,354,428,455,450,404,326,226,108,17,143,253,341,405,438,444,419,364,280,180,68,46,161,263,354,424,306,478,451,405,330,232,125,5,127,257,365,455,516,549,539,496,425,325,199,60,92,242,382,499,583,631,643,611,535,428,286,120,56,226,383,523,713,695,709,684,607,499,361,201,20,156,325,475,595,685,721,727,676,588,464,320,151,28,206,372,518,643,722,766,795,704,605,476,309,124,70,264,439,585,9
415,118,636,649,605,501,352,177,25,224,417,703,718,812,879,910,915,891,856,800,718,613,485,314,136,56,252,428,567,651,662,582,422,184,88,359,605,782,830,390,600,360,83,178,385,496,523,464,354,229,121,64,57,116,177,207,212,153,48,72,196,272,292,247,156,46,70,162,209,213,181,133,63,9,31,95,84,97,101,93,67,29,29,86,149,205,241,262,245,203,129,64,14,90,130,156,160,129,101,53,12,24,41,126,10,38,83,116,146,155,166,164,172,168,170,149,100,14,95,221,326,384,372,36,9,31,64,0,33,29,10,11,56,8,22,51,56,22,42,123,189,209,189,111,0,113,202,226,201,129,27,61,106,375,16,115,236,325,341,266,105,93,301,442,488,436,301,125,23,97,42,105,334,577,788,897,877,724,443,112,235,333,742,821,750,581,317,32,217,389,432,368,192,32,258,415,487,488,421,344,302,342,468,689,943,1180,1355,1398,1278,1007,627,189,245,612,848,943,884,773,407,83,215,451,610,656,615,478,304,118,64,198,308,376,428,492,581,714,872,1062,1220,1344,1390,1335,1193,962,675,1286,59,197,384,482,493,409,290,106,93,240
52,1,331,102,141,368,531,617,618,551,405,582,50,290,485,622,708,740,691,563,384,188,14,151,298,401,425,364,236,80,112,336,561,741,844,870,828,737,591,578,167,29,187,303,389,434,417,351,266,182,115,55,21,4,16,68,132,195,251,301,336,349,342,326,306,269,218,146,61,44,160,274,375,419,424,603,299,171,1,188,347,457,530,570,575,518,417,316,225,157,87,30,8,31,93,163,229,306,375,419,402,323,185,6,181,376,540,620,597,469,259,14,305,569,752,825,776,628,414,176,39,177,222,45,7,45,34,43,7,5,26,6,23,13,97,26,82,190,276,302,262,161,18,146,285,386,423,387,294,176,58,35,69,543,29,148,280,400,461,463,401,270,97,92,253,366,411,392,307,163,2,148,250,293,297,253,154,22,121,220,295,339,345,281,155,9,165,298,390,438,412,306,135,66,253,413,543,604,574,459,303,136,26,154,237,235,153,7,171,363,549,711,804,808,709,531,291,178,246,465,597,609,491,280,17,329,624,861,1008,1043,950,763,504,213,77,325,515,584,558,422,214,32,286,510,667,492,717,600,414,176,71,313,525,680,762,44
181,159,309,373,439,486,516,533,535,530,515,890,457,422,380,336,296,254,216,189,168,161,159,170,195,227,268,322,379,444,502,575,623,678,698,707,692,623,537,91,303,173,39,68,158,205,221,202,155,86,13,73,138,176,216,204,181,134,74,14,91,168,235,279,319,320,302,275,229,173,112,70,34,1,23,39,35,40,39,43,52,78,91,118,144,161,187,196,199,196,181,164,139,109,80,43,7,19,43,67,87,88,75,114,40,14,12,32,46,50,47,35,31,29,41,51,79,119,163,206,235,255,257,17,42,38,38,2,34,7,16,12,6,25,2,22,55,89,126,169,187,190,163,110,39,30,108,176,223,237,228,190,117,79,51,138,206,258,278,272,224,163,76,1,78,132,161,152,97,8,123,272,434,607,759,887,980,1020,1019,962,866,913,576,391,194,17,171,327,441,524,575,577,549,492,418,338,267,232,221,255,334,459,598,788,964,1140,1301,1428,1516,1544,1520,1452,1328,1173,992,769,548,338,112,78,269,421,560,684,784,854,901,932,940,913,887,851,811,780,757,764,778,813,860,918,977,1025,1047,1063,1047,926,950,872,780,677,572,456,345,230,121,66
95,7,691,598,458,287,100,91,275,441,592,1230,757,776,739,659,537,390,219,33,154,335,488,610,696,733,731,682,598,476,325,153,29,209,374,510,621,687,716,763,628,522,387,234,69,99,262,406,521,603,644,644,609,532,430,302,154,0,155,296,412,506,569,598,591,542,460,344,216,70,69,213,347,453,538,925,578,548,476,380,255,110,46,203,345,459,542,595,602,559,474,349,196,26,155,322,469,578,639,640,576,458,293,508,115,323,481,591,645,609,505,333,123,89,288,441,522,521,444,298,111,78,235,1,0,0,1,3,1,0,1,2,2,1,159,38,99,230,322,364,353,287,179,35,112,251,358,421,432,394,310,202,65,8,209,317,390,431,427,395,327,231,122,4,111,222,310,374,411,420,402,351,280,184,80,31,134,237,318,386,429,303,433,388,322,235,129,20,104,218,329,413,477,509,511,477,408,320,207,78,60,200,332,447,533,589,600,578,519,421,299,152,13,179,328,465,564,731,669,651,596,498,372,222,59,114,276,418,539,622,678,683,653,578,469,333,181,15,154,314,456,576,662,706,715,745,600,480,335,163,14,199,377,530,649,12
329,54,562,667,748,802,820,813,766,703,600,648,390,278,173,73,18,100,187,248,309,367,397,424,447,438,416,386,340,270,200,106,22,69,158,251,332,407,460,1056,554,579,582,564,535,487,431,351,257,170,77,1,62,113,145,150,140,122,82,32,24,79,135,181,219,253,269,275,267,253,219,197,161,125,92,173,37,24,14,20,32,40,60,71,88,82,82,73,58,40,28,10,3,15,18,22,27,28,28,39,32,47,59,299,61,66,65,60,67,66,80,93,112,132,148,166,179,175,161,124,78,25,38,82,102,85,48,27,71,2,25,20,8,20,37,27,3,39,89,135,180,215,233,239,226,186,154,101,59,5,35,67,85,498,80,58,8,44,109,184,255,322,375,397,411,381,329,241,120,25,188,359,519,671,813,919,1000,1051,1071,1057,1017,976,855,744,614,466,306,139,24,190,336,462,554,614,637,614,548,445,312,145,39,217,408,569,718,844,948,1018,1058,1075,1055,1010,936,846,722,580,427,713,89,88,260,409,566,690,778,859,901,910,884,824,737,609,459,294,119,55,220,378,509,611,697,744,765,766,739,1858,648,592,537,466,392,295,195,94,32,94
364,49,548,480,370,226,81,80,225,336,455,688,618,697,752,806,854,876,887,892,878,854,810,755,695,606,500,371,218,40,163,350,536,680,761,772,693,521,306,573,215,432,592,669,667,595,468,321,195,95,38,34,57,107,159,186,189,161,92,5,108,218,294,337,339,295,214,126,8,52,106,120,97,76,33,57,13,28,36,39,53,90,141,191,243,267,263,235,177,106,37,34,83,138,153,163,158,147,120,75,21,33,85,174,117,97,51,9,45,79,102,123,132,146,179,227,277,304,306,269,194,81,43,44,71,27,15,9,14,19,37,22,22,55,53,76,63,19,49,118,183,205,193,150,69,22,108,168,197,185,134,57,39,469,149,148,79,31,178,316,439,486,465,362,219,54,73,155,154,55,128,347,561,736,822,806,687,472,186,116,411,325,817,881,832,690,464,188,90,343,531,616,623,545,414,264,131,49,46,100,223,371,514,614,624,547,359,100,235,586,921,1195,1370,1416,1341,1164,881,112,226,82,347,537,640,678,653,582,482,377,288,194,141,88,80,77,80,44,17,101,250,422,623,824,1001,1138,1217,1565,1180,1075,918,735,524,303,77,129,300,137
97,2,611,441,227,15,254,469,642,760,819,1032,721,579,382,164,70,293,493,654,760,800,771,682,531,330,108,116,334,517,662,749,778,729,625,462,273,64,164,101,538,664,722,722,672,549,393,203,5,206,387,535,635,679,664,602,478,330,141,53,234,398,525,608,640,611,530,404,249,73,104,278,429,543,609,877,570,475,334,172,16,202,372,511,603,627,597,514,374,186,19,229,412,558,643,662,609,490,299,74,168,390,567,372,692,614,451,226,33,288,494,618,640,556,382,152,100,318,464,512,454,312,111,2,1,0,0,4,0,1,0,1,1,0,196,301,349,313,214,62,114,273,384,438,414,322,174,1,172,323,421,469,446,542,246,94,63,214,333,417,453,439,385,285,158,12,130,257,357,421,445,433,378,283,167,36,97,224,332,413,462,354,430,356,250,123,19,161,296,405,491,523,524,470,371,239,80,87,249,395,511,586,612,587,501,369,197,11,176,353,505,617,674,671,612,500,328,101,71,270,455,588,679,716,691,599,460,280,79,129,332,505,636,717,731,687,593,443,260,56,154,356,536,668,753,783,721,617,459,262,39,191,409,596,724,9
28,30,231,447,611,742,809,813,770,648,497,37,72,144,359,540,675,769,803,777,690,558,377,180,37,261,447,603,718,772,776,720,613,444,256,50,163,350,524,349,718,745,699,609,489,310,121,74,263,427,560,645,687,667,604,505,349,191,6,179,330,467,568,623,640,592,503,377,224,56,107,277,417,532,606,907,589,514,397,255,82,97,268,424,544,609,627,599,510,368,193,6,203,385,532,632,669,642,545,377,174,57,290,35,628,693,670,559,384,139,114,345,522,611,599,503,322,98,130,322,442,467,392,0,0,2,0,1,2,0,0,2,3,0,212,307,350,309,209,64,105,254,369,438,424,352,227,67,102,252,375,452,465,599,342,223,74,76,219,332,406,446,445,396,320,204,71,60,189,290,378,431,454,429,372,291,181,56,70,195,308,205,457,481,465,419,333,230,99,42,181,307,425,505,543,546,493,416,301,156,4,166,331,459,569,627,635,595,507,374,214,34,159,338,487,617,680,768,670,580,446,273,84,116,301,473,610,687,730,704,630,512,350,163,27,220,396,546,657,728,742,701,615,472,296,344,112,305,487,637,740,793,791,722,606,16
40,157,791,882,960,1006,1027,1025,1007,961,903,1207,746,664,566,478,387,295,207,121,59,2,63,109,141,167,165,160,127,79,12,69,162,279,393,505,615,707,780,925,853,846,798,741,659,562,453,343,242,156,81,20,12,26,29,10,19,52,95,137,184,220,243,271,287,292,283,267,243,215,185,144,102,56,33,112,24,39,49,49,44,42,43,35,35,38,50,57,64,80,87,100,110,107,111,112,121,116,109,99,91,65,49,333,1,11,33,42,47,43,32,25,2,13,26,42,40,32,14,15,52,92,127,58,36,9,28,68,16,31,7,37,14,13,63,72,83,100,121,134,152,152,150,130,102,67,26,15,49,81,109,112,117,417,54,5,66,141,216,284,343,394,431,432,409,364,289,189,68,75,230,393,542,686,818,924,1004,1040,1049,1011,941,827,703,541,372,198,8,151,301,429,523,588,625,627,601,556,475,389,295,195,82,19,123,217,291,354,412,445,474,465,454,425,371,309,221,131,16,1384,212,332,445,560,658,746,820,867,904,915,896,862,804,739,650,556,458,362,265,179,91,15,62,125,172,221,252,1286,280,275,247,210,140,54,52,164,289,86
38,50,220,251,296,339,398,454,523,585,642,1260,745,783,812,836,830,825,818,793,764,745,710,684,654,641,628,621,628,634,650,659,680,679,684,670,643,596,536,302,390,307,208,125,60,2,31,54,64,44,16,24,67,107,151,171,207,216,220,217,203,178,147,111,83,32,3,29,40,54,56,55,51,40,27,115,14,18,30,65,90,134,168,211,255,297,319,343,353,348,338,320,299,268,232,195,157,118,71,28,15,65,100,423,154,174,175,171,161,152,145,135,146,168,197,242,291,348,389,425,438,431,407,25,8,37,37,3,45,23,2,60,13,53,69,95,114,121,114,91,58,22,29,76,116,144,172,175,169,151,117,71,16,141,130,197,280,344,400,448,463,452,429,373,298,209,110,19,60,138,193,230,234,217,184,133,65,6,88,162,237,59,347,402,432,462,471,476,463,436,406,354,310,258,214,173,155,162,185,245,322,433,557,693,832,970,1090,1190,1268,1317,1327,1317,1279,1203,1115,1011,890,1562,651,519,431,320,249,181,140,129,129,158,204,274,364,470,582,704,829,956,1053,1160,1220,1270,1286,1284,1253,1197,1119,1244,933,818,707,614,507,425,358,295,259,82
157,143,511,607,695,781,878,939,980,1010,1027,1497,972,912,836,756,653,539,429,322,212,126,33,29,76,105,115,106,83,42,6,79,139,232,306,396,477,548,609,1106,684,703,695,661,609,542,459,368,260,159,57,39,120,182,229,248,259,248,219,169,124,66,18,38,80,122,140,163,161,154,141,131,124,107,98,16,93,108,126,138,167,192,236,263,286,317,337,348,365,359,356,341,313,295,258,211,174,130,83,30,10,54,91,497,147,157,167,167,164,153,147,139,137,130,135,142,155,175,201,226,254,280,300,47,9,0,57,46,10,0,18,18,55,20,103,88,69,64,48,39,24,10,3,22,40,62,85,104,112,110,105,93,56,280,39,107,183,263,342,412,467,513,527,514,485,420,324,208,69,82,245,404,551,690,817,901,974,1011,1022,1006,965,819,799,686,549,409,253,103,54,197,332,434,517,570,573,546,468,365,204,26,171,394,606,829,1027,1209,1358,1469,1544,1584,1575,1533,1456,1340,1211,1050,884,735,535,370,220,98,7,78,117,131,110,58,13,110,230,361,501,654,789,914,1037,1132,1202,1252,1267,1252,1226,1148,1066,691,852,736,628,520,427,355,313,290,290,51
183,2,430,601,722,797,812,761,663,525,389,611,120,1,114,223,320,412,485,531,567,595,615,617,593,544,462,342,193,24,169,357,516,613,624,530,344,93,170,698,553,628,618,526,413,279,166,61,4,42,39,22,13,28,30,5,57,128,186,212,195,147,59,29,111,169,192,176,137,85,24,36,79,108,108,123,63,30,0,17,32,59,89,138,179,203,213,178,117,48,43,133,215,272,286,268,221,139,57,3,38,42,16,145,48,82,117,148,175,190,195,187,172,158,135,109,69,1,92,194,269,296,268,37,31,6,32,20,6,8,16,1,3,35,21,73,102,107,82,21,49,114,158,172,142,81,1,61,108,119,91,49,13,142,103,108,61,22,129,242,345,392,376,293,167,47,58,93,51,49,188,331,444,487,438,297,76,188,455,667,802,666,762,604,384,144,84,273,374,382,293,136,48,226,348,399,395,350,296,265,289,368,508,676,837,970,1027,971,812,554,232,115,444,704,860,886,802,582,379,107,143,348,493,560,566,511,396,251,108,20,133,205,266,323,383,465,576,709,866,1005,1137,1216,1206,1107,936,1608,455,216,20,133,237,299,315,293,213,30
17,25,364,65,549,814,687,250,305,718,834,922,224,238,606,755,622,290,162,526,676,544,200,197,468,533,374,32,336,535,393,16,442,606,353,173,621,689,313,759,671,650,244,257,520,437,136,147,257,185,43,49,39,1,6,67,111,55,79,194,165,29,234,273,100,150,284,196,8,160,156,27,82,91,15,82,90,57,19,20,72,147,175,92,91,267,303,173,68,273,332,209,3,186,263,188,22,122,162,87,31,92,45,585,126,83,45,155,169,80,36,117,150,142,97,9,158,268,226,11,248,354,192,14,10,18,21,11,33,17,4,14,20,58,4,86,82,25,125,104,32,154,152,11,143,188,88,66,159,115,13,94,52,127,128,48,134,262,196,59,322,373,155,164,342,256,24,128,77,83,138,40,354,525,332,172,700,866,500,187,771,824,456,164,571,540,152,248,365,114,271,480,323,82,454,540,355,77,97,172,245,408,569,526,114,540,1091,1136,550,372,1122,1255,736,103,770,909,529,1244,493,470,81,375,553,300,206,642,752,481,16,486,726,707,493,176,202,597,878,894,551,107,802,1175,1023,422,324,818,952,613,59,403,544,359,9,259,256,48
19,34,238,442,606,727,805,822,786,692,554,90,171,42,249,438,599,715,783,800,764,668,536,367,173,41,242,423,579,691,761,777,741,642,513,343,154,34,234,40,554,661,710,719,686,596,470,315,134,51,231,387,519,611,668,673,631,553,432,279,112,58,218,366,491,575,624,619,579,495,387,245,87,81,243,806,499,574,616,611,557,458,331,171,4,179,340,481,589,650,650,595,482,336,145,55,256,442,586,673,690,634,511,623,110,128,345,525,647,676,619,473,271,39,193,393,521,560,503,370,175,32,221,3,0,0,2,0,3,0,2,1,1,0,235,118,29,181,305,384,397,348,239,91,75,230,360,439,463,427,341,219,70,4,230,347,426,460,447,401,309,197,73,60,184,294,383,435,449,428,376,298,198,76,47,165,271,363,428,456,460,370,368,276,167,45,83,205,323,422,494,525,533,491,414,302,168,22,127,274,411,510,590,621,607,550,451,316,159,18,191,356,499,607,675,695,662,621,462,305,125,67,244,413,554,657,716,719,679,594,466,302,119,69,251,418,559,658,721,736,711,627,506,348,164,217,225,405,563,689,769,794,770,694,567,14
51,34,564,191,187,567,904,1176,1394,1503,1554,1841,1335,1113,814,467,83,289,641,951,1202,1397,1488,1485,1406,1230,1002,698,366,11,351,691,990,1202,1362,1414,1405,1316,1138,1645,583,246,105,431,728,981,1173,1302,1329,1278,1155,967,730,447,136,179,484,751,968,1116,1197,1197,1140,1014,832,583,316,17,265,541,778,969,1115,1169,1164,1341,908,698,428,145,163,459,731,952,1108,1180,1174,1089,936,686,391,47,296,628,908,1119,1245,1269,1186,983,679,311,92,501,851,1123,1277,1288,1159,876,505,68,366,734,987,1109,1060,863,546,159,236,554,740,3,0,3,1,1,3,1,2,3,3,1,267,492,633,674,593,403,147,142,419,664,803,842,780,607,384,103,183,445,663,978,885,867,774,609,385,156,95,326,536,688,805,845,833,754,617,452,248,22,197,409,583,727,812,862,847,782,675,610,318,94,133,343,546,722,863,948,989,944,862,713,514,272,5,263,525,751,950,1073,1153,1151,1077,928,711,448,154,156,462,744,984,1174,1274,1309,1249,1162,921,649,336,4,334,646,928,1139,1300,1351,1347,1251,1096,852,575,253,86,421,716,980,1183,1331,1399,1392,1297,1128,888,1075,269,83,444,770,1063,1289,1455,1530,1520,4
15,30,157,365,537,675,775,815,814,746,642,282,302,104,105,301,479,625,731,789,796,751,657,524,360,161,37,230,407,561,676,748,777,737,665,540,390,224,24,370,345,498,611,686,720,700,641,543,405,239,63,111,279,419,542,622,660,663,614,526,406,256,102,57,220,363,482,563,609,614,587,516,414,277,123,384,200,341,468,557,611,621,586,507,386,236,69,108,281,442,564,640,659,630,543,408,237,35,174,370,534,641,692,593,575,406,201,31,263,461,598,648,618,503,323,98,129,322,455,508,468,351,173,1,0,1,1,0,0,0,0,0,4,0,22,126,258,344,377,340,244,109,46,207,337,424,457,429,348,227,78,74,220,371,426,467,462,412,323,213,81,52,178,287,376,429,451,436,386,310,211,97,20,142,251,343,408,449,457,433,386,335,209,91,30,148,265,366,445,500,523,505,463,380,265,134,12,159,301,421,523,583,615,596,541,444,315,162,2,176,335,477,586,657,686,672,605,514,357,189,11,173,344,491,613,687,725,703,646,546,408,238,60,126,301,457,583,673,723,732,701,616,496,341,162,231,219,390,547,674,758,791,787,719,610,15
18,21,509,380,240,86,68,222,368,498,615,1242,775,811,817,797,740,661,563,448,312,168,22,127,267,405,520,616,699,753,777,772,745,680,598,489,372,246,104,466,178,316,434,533,613,672,701,712,689,643,580,490,388,279,156,27,101,223,339,431,508,568,611,636,636,604,552,479,391,294,187,72,48,171,289,808,472,536,587,617,618,593,546,474,381,262,139,10,130,269,397,502,580,641,662,653,607,529,414,271,109,65,236,73,531,630,686,682,632,520,371,184,12,197,364,485,551,556,497,384,229,60,106,0,0,1,1,0,0,2,2,1,0,1,257,321,345,318,251,150,24,108,231,342,410,447,445,400,322,226,105,18,140,231,343,412,452,469,451,414,353,279,197,99,1,101,190,272,340,389,427,446,447,429,396,342,276,202,119,32,59,33,239,316,383,434,471,496,501,490,465,410,350,266,171,65,47,157,263,362,450,520,579,616,623,613,571,513,429,329,218,93,42,172,297,416,518,687,669,698,712,689,646,584,498,387,268,137,3,131,259,383,493,590,664,710,730,728,700,651,586,492,388,262,129,234,152,292,420,538,641,722,782,810,810,4
81,101,382,359,313,258,194,125,68,1,46,56,101,104,104,103,91,96,103,112,134,152,189,222,264,301,345,400,438,477,498,494,466,419,328,222,88,59,205,799,465,551,596,591,555,480,381,272,161,72,6,25,13,7,63,105,138,160,161,129,89,25,38,91,145,179,206,210,199,172,136,94,49,12,19,19,39,42,49,54,75,105,145,164,173,172,153,124,83,42,2,49,81,114,148,165,174,176,152,116,74,19,34,573,126,164,177,179,174,161,146,134,136,138,149,162,159,145,107,52,16,81,140,1,6,5,10,30,3,25,35,12,31,37,69,72,51,17,32,83,128,154,162,147,107,58,0,52,92,116,113,94,63,217,64,134,193,226,246,233,191,121,35,44,121,161,164,127,55,55,176,314,422,514,566,579,533,448,318,163,7,152,311,412,471,483,443,355,237,101,55,201,319,414,461,469,433,376,296,216,162,147,164,233,351,490,658,833,988,1117,1202,1239,1214,1135,1007,830,634,111,208,8,164,316,439,542,613,660,682,686,677,655,640,635,651,670,715,782,854,923,984,1031,1049,1037,992,918,835,1524,607,485,366,245,122,0,104,202,278,8
57,38,1562,1453,1310,1115,895,644,371,87,196,1633,741,980,1182,1354,1478,1562,1598,1597,1546,1442,1309,1134,928,672,414,160,103,364,616,850,1056,1225,1358,1448,1506,1522,1468,1706,1253,1091,886,668,453,188,63,301,533,745,926,1082,1205,1289,1340,1355,1306,1253,1132,986,811,612,408,200,22,243,455,643,815,963,1080,1175,1232,1245,1222,1460,1034,898,731,551,334,106,129,369,586,781,963,1111,1230,1293,1309,1267,1158,1000,785,553,271,17,326,615,881,1099,1269,834,1384,1303,1141,893,609,246,129,478,786,1021,1155,1188,1106,924,658,333,12,330,586,9,5,3,6,3,2,1,5,5,0,1,387,186,55,298,523,688,794,822,775,655,465,236,0,249,476,658,803,902,931,1247,841,720,567,394,192,2,190,369,535,670,786,856,890,894,860,797,724,610,475,320,166,1,161,327,469,601,730,427,901,951,967,956,910,862,753,637,502,331,164,32,224,411,598,767,916,1045,1140,1196,1225,1211,1149,1052,921,756,561,343,125,109,352,577,794,1000,1160,1470,1385,1423,1428,1362,1277,1153,995,791,580,351,112,125,375,615,833,1030,1192,1311,1407,1451,1465,1440,1379,1275,1135,961,762,981,289,30,233,497,751,986,1200,1366,1503,16
136,56,608,685,763,804,822,834,811,771,713,785,557,475,372,283,185,96,12,65,135,193,241,280,314,328,335,339,329,303,264,211,142,73,6,87,171,256,321,832,421,437,446,431,395,363,301,237,169,117,52,0,39,77,107,119,125,123,112,101,77,45,19,18,43,80,99,111,113,106,95,82,64,55,39,16,37,47,57,72,105,126,150,177,199,218,228,241,247,243,232,209,185,160,115,86,53,27,3,22,40,55,66,287,92,105,113,121,125,137,138,145,153,155,169,184,206,233,258,279,295,300,301,12,37,3,1,36,12,24,11,11,21,14,80,64,39,5,26,59,101,127,150,171,174,181,175,158,133,106,67,22,19,122,109,152,184,218,231,227,216,193,168,134,84,45,0,28,53,62,67,50,24,10,45,91,136,185,232,265,306,29,366,388,406,408,399,390,376,347,320,291,260,234,213,210,199,203,228,259,280,325,365,409,457,494,529,559,580,583,582,566,547,525,493,463,440,1598,411,406,417,428,449,477,515,552,585,626,662,705,712,723,722,702,659,620,569,507,435,369,297,218,143,64,5,844,112,152,174,180,149,99,29,54,165,21
51,32,545,731,817,799,687,492,241,45,327,1171,737,815,795,679,478,228,48,316,553,719,790,773,665,466,216,51,313,535,696,769,757,636,450,208,53,305,526,403,742,715,598,418,193,61,299,506,641,692,664,555,385,169,65,290,477,606,656,627,521,351,146,74,288,462,578,621,590,485,330,128,90,300,472,973,616,575,457,291,73,149,357,521,614,623,550,405,200,50,287,493,619,664,604,458,237,27,291,516,658,688,605,655,151,149,414,605,691,623,440,167,134,391,558,594,496,287,25,228,406,466,391,1,1,0,1,0,1,1,0,2,3,1,306,316,227,67,117,283,391,403,327,171,31,229,382,455,442,341,177,11,207,404,450,466,403,275,105,64,233,360,439,445,397,282,136,27,191,321,416,450,427,344,223,71,91,244,363,443,467,363,342,204,44,124,280,407,485,509,472,369,225,43,151,331,470,555,573,516,399,221,14,201,400,549,631,637,558,406,204,26,261,471,613,693,677,626,406,189,62,304,507,652,720,693,584,401,178,70,315,521,666,729,698,592,422,191,62,306,521,670,747,735,639,654,231,32,293,523,693,786,792,688,507,19
153,48,1444,1540,1542,1446,1281,1032,742,407,39,1425,661,974,1218,1391,1499,1520,1458,1321,1110,851,535,193,152,494,808,1062,1269,1411,1470,1447,1348,1161,930,630,320,2,342,295,925,1129,1277,1349,1356,1284,1142,953,693,399,99,216,503,760,975,1125,1223,1251,1209,1090,929,704,453,188,95,376,630,834,1002,1109,1162,1154,1075,932,737,194,224,54,338,594,820,1010,1131,1185,1163,1057,894,667,393,76,253,562,835,1056,1202,1256,1227,1091,876,566,198,177,561,11,1147,1279,1292,1176,933,583,170,255,637,931,1098,1121,990,731,388,7,356,640,779,3,3,3,1,3,4,0,3,4,3,1,262,488,636,675,611,448,204,81,356,607,769,841,824,704,513,273,3,273,516,801,835,874,855,753,596,400,178,58,276,480,644,762,833,844,797,699,573,406,204,7,214,408,581,719,816,870,875,693,729,586,423,224,12,205,420,618,793,917,1003,1021,983,890,734,545,320,69,191,458,705,915,1073,1176,1203,1168,1064,890,674,409,103,197,502,784,1013,1365,1312,1342,1301,1180,1004,765,490,176,138,452,742,983,1181,1306,1375,1357,1270,1117,903,645,354,47,271,586,874,1118,1300,1298,1460,1415,1309,1128,882,586,259,94,437,28
119,94,322,366,411,446,474,490,500,504,505,810,490,481,466,449,431,410,388,362,339,318,302,301,294,301,312,327,347,362,374,375,365,341,303,253,191,121,49,317,84,140,180,210,224,219,200,172,139,102,59,23,4,28,30,31,11,11,42,77,107,136,161,172,175,168,148,131,101,75,50,28,5,3,8,2,24,29,39,53,65,87,103,120,134,143,148,141,135,118,102,81,60,41,19,0,9,16,23,27,24,18,11,161,13,26,42,53,64,68,75,73,71,68,63,60,63,72,83,98,118,140,158,5,15,11,12,24,21,14,18,3,4,2,31,32,19,0,25,51,75,96,111,117,110,100,79,53,24,2,27,42,50,219,29,1,38,83,133,179,215,242,253,249,229,183,136,79,18,41,88,125,138,134,115,70,16,48,116,181,240,113,313,321,315,290,249,193,126,60,11,80,138,181,209,210,196,165,111,42,24,108,174,241,287,317,323,310,281,231,170,99,26,41,101,152,193,978,237,243,243,229,214,198,180,160,152,153,154,162,185,224,268,325,386,452,515,576,625,659,682,689,680,651,613,1055,507,442,379,310,240,171,93,22,52,6
34,134,265,261,253,230,222,215,216,236,249,557,320,359,407,450,503,548,581,613,638,655,657,648,646,621,586,545,497,430,346,252,131,24,106,239,370,483,576,1113,708,729,737,707,655,584,493,408,307,215,123,39,25,72,87,81,48,3,72,151,230,295,345,372,374,348,307,261,197,143,87,49,22,20,5,182,5,12,35,70,121,181,235,292,329,358,392,398,401,379,361,330,293,253,205,162,114,61,20,28,72,106,128,205,157,148,139,115,101,90,82,86,104,136,172,213,250,281,293,288,249,193,115,45,24,39,9,74,48,35,22,4,52,28,24,62,92,96,92,72,44,5,31,76,121,164,202,230,247,246,234,195,133,38,28,127,214,288,342,371,365,332,276,202,110,24,36,88,96,66,8,82,203,331,473,618,743,854,940,989,1006,838,948,873,770,634,480,310,126,58,230,385,516,598,644,630,575,468,318,143,41,234,407,564,676,753,790,772,737,668,576,471,366,250,144,35,59,1495,243,321,397,484,550,614,682,738,778,820,847,875,898,922,944,965,999,1033,1068,1104,1124,1148,1155,1147,1123,1071,1016,1007,849,762,674,585,522,449,404,368,336,2
34,18,321,142,33,213,379,527,653,741,801,1160,803,745,646,517,364,195,20,150,322,472,601,695,766,785,774,725,649,539,407,246,84,87,252,401,527,635,710,629,745,708,635,527,411,260,112,44,199,335,463,558,630,669,678,656,595,517,404,276,135,9,145,274,397,488,566,605,623,604,565,495,399,281,146,310,134,268,391,490,567,610,625,606,553,456,344,209,56,106,264,408,526,614,660,662,620,538,409,248,64,131,322,12,612,678,691,633,523,347,141,74,275,440,553,588,558,456,300,110,85,250,365,1,1,1,0,0,2,1,1,2,4,0,190,288,346,347,300,203,74,71,209,334,414,446,439,378,281,161,22,112,238,379,422,462,465,436,366,287,180,71,43,152,250,339,399,436,448,431,396,337,262,162,65,36,137,230,314,380,434,315,472,453,415,352,274,182,74,38,150,260,362,446,508,544,555,544,502,433,345,227,100,37,178,312,435,534,611,651,662,645,590,501,392,254,104,116,206,350,484,586,665,709,721,693,634,543,428,291,142,16,173,325,460,570,656,710,736,727,690,615,514,385,240,326,85,249,404,541,657,740,798,808,786,7
168,52,1569,1641,1599,1438,1212,891,533,124,284,1859,1027,1311,1515,1613,1616,1515,1335,1077,741,367,34,417,788,1110,1341,1503,1561,1534,1411,1191,921,555,196,192,552,881,1160,833,1463,1476,1391,1223,1006,701,372,13,346,669,955,1155,1301,1360,1334,1234,1036,813,508,185,129,457,721,966,1145,1237,1266,1189,1055,847,611,322,9,306,607,1704,1060,1182,1237,1214,1095,905,653,348,16,319,639,911,1141,1277,1317,1254,1067,818,468,90,307,693,1011,1255,1364,1359,1214,1316,580,122,319,735,1088,1290,1342,1205,919,535,77,366,743,984,1070,975,715,368,26,2,0,0,1,0,0,0,0,6,1,4,626,539,338,66,244,511,724,824,818,685,444,143,177,477,714,871,925,893,759,870,289,2,277,528,721,847,906,882,806,650,448,206,35,272,495,665,804,876,897,845,746,586,393,175,48,290,508,302,845,927,966,939,847,717,518,298,45,222,476,712,907,1039,1106,1117,1051,912,721,456,173,152,466,752,994,1179,1290,1314,1259,1124,895,603,286,59,422,901,1037,1244,1379,1412,1372,1246,1054,763,451,97,260,593,906,1164,1357,1454,1452,1368,1219,985,695,358,7,366,712,1017,1271,1270,1537,1518,1428,1250,996,672,305,89,469,18
25,74,743,847,913,972,984,986,939,877,783,908,556,419,277,140,4,124,232,324,402,465,515,561,572,599,598,594,574,557,525,484,434,382,323,258,194,135,72,608,40,82,119,144,152,167,160,149,124,93,50,20,28,76,116,161,181,213,226,242,242,230,225,210,194,168,151,124,103,81,66,55,38,27,11,136,19,29,36,52,66,87,105,125,160,184,210,230,246,259,279,287,285,269,258,225,194,160,118,71,35,5,46,553,93,114,116,109,93,76,39,8,31,72,96,121,124,131,123,100,74,43,10,7,1,7,1,10,41,28,31,54,16,72,52,64,78,91,104,110,112,109,96,75,48,12,27,57,87,112,138,146,140,567,88,44,15,83,155,223,287,338,374,381,370,335,277,180,66,61,203,346,492,632,761,871,966,1033,1074,1090,1086,914,984,896,795,680,548,414,275,143,33,59,130,173,190,160,98,2,120,271,433,610,785,962,1112,1248,1353,1432,1465,1480,1434,1387,1298,1183,1057,919,792,1767,551,460,390,340,326,335,367,406,474,548,625,701,781,841,888,939,953,954,946,901,836,757,664,554,437,329,215,746,36,23,64,69,52,6,75,161,277,54
92,20,762,764,711,615,486,317,137,59,253,1038,568,681,748,770,741,669,560,417,242,61,127,306,465,594,684,729,735,696,615,490,343,164,12,190,355,494,606,467,702,680,623,525,398,246,79,89,251,392,509,587,634,637,606,537,434,310,161,5,145,288,410,504,569,592,582,533,453,343,220,75,73,218,353,888,531,574,579,547,474,373,241,91,69,223,366,485,571,612,606,551,453,318,148,36,218,388,525,616,648,620,530,626,200,16,221,410,555,626,619,533,383,190,27,232,395,489,502,438,299,127,51,3,0,0,2,1,1,1,0,1,4,1,271,213,102,34,176,291,368,389,354,265,139,10,159,288,384,433,432,388,301,349,54,80,205,310,382,422,426,394,334,243,140,23,91,198,291,360,407,422,411,368,303,217,116,6,102,209,302,173,431,451,447,415,354,276,171,57,67,187,302,397,471,513,523,504,452,365,256,123,21,167,307,433,525,592,617,601,551,457,334,188,27,139,299,526,557,630,670,661,616,529,413,263,104,65,231,381,514,607,670,687,665,602,503,377,225,63,108,274,426,553,648,642,726,695,627,519,374,208,28,160,333,15
153,55,375,341,194,41,291,469,517,453,304,316,98,290,424,472,428,309,128,71,240,339,372,338,234,77,102,247,332,315,193,21,244,376,345,165,87,318,431,124,172,90,296,359,293,129,53,168,177,101,12,30,19,23,39,11,60,118,122,44,71,168,196,144,40,85,158,160,98,24,27,41,31,10,5,13,8,16,10,10,29,63,85,65,12,68,138,168,135,48,50,127,152,132,72,6,64,81,53,10,20,31,14,271,65,80,61,14,29,63,79,74,60,40,16,25,85,141,135,53,72,171,191,14,20,58,32,8,4,10,11,4,21,11,30,33,17,14,50,70,58,5,73,121,114,46,48,126,142,92,9,58,68,28,47,73,24,84,190,216,142,11,165,242,208,94,32,83,36,61,130,99,49,260,419,422,235,65,368,542,528,419,14,258,379,319,126,87,220,200,39,165,310,320,204,34,113,173,171,144,174,264,357,378,254,14,365,674,801,684,347,98,486,678,618,348,3,1047,315,206,5,215,332,305,155,60,263,409,469,436,319,155,13,174,328,472,569,571,462,240,76,411,639,695,559,808,13,238,377,365,234,70,74,169,176,33
86,42,700,786,869,930,962,985,996,1007,999,1515,947,902,858,815,787,759,725,697,658,645,617,610,588,583,535,465,362,237,109,31,174,319,485,641,788,884,925,957,817,709,592,488,358,244,113,13,62,100,100,51,8,77,130,153,152,124,82,29,41,127,197,272,335,353,334,299,223,153,76,25,2,8,4,52,14,10,4,38,76,112,157,187,201,184,162,101,51,1,44,89,113,130,144,144,142,130,117,103,68,22,26,595,119,151,170,192,203,217,228,226,220,209,203,216,229,256,252,223,159,64,36,20,19,31,18,18,26,25,5,45,27,79,34,70,101,116,118,94,52,9,78,156,217,265,276,259,223,169,105,44,22,323,104,107,78,13,86,193,314,414,475,499,457,380,264,123,8,129,225,278,278,224,112,43,243,445,640,800,921,618,997,943,824,668,466,249,30,181,371,535,649,705,691,643,557,471,394,359,351,377,437,552,699,881,1088,1277,1429,1523,1554,1540,1472,1349,1177,938,672,212,132,94,278,436,584,710,839,916,948,940,904,874,861,868,917,970,1026,1080,1132,1197,1258,1342,1400,1427,1419,1371,1280,1990,1052,920,800,649,468,298,107,65,234,141
24,19,73,169,397,590,733,808,815,747,621,189,217,18,258,467,637,747,795,781,697,550,354,138,93,323,511,663,762,780,741,633,478,275,48,176,385,558,680,612,731,670,539,365,176,45,245,435,572,658,692,657,574,448,277,86,116,298,460,571,627,629,588,495,357,185,1,186,356,480,575,618,607,538,428,99,80,102,281,438,548,613,617,566,456,289,104,94,293,468,594,658,652,573,423,235,12,216,428,588,679,684,597,654,211,49,297,506,647,679,607,434,197,57,299,476,565,541,417,222,12,217,362,0,0,1,2,0,0,2,0,2,3,1,263,328,324,243,107,60,229,355,422,421,333,194,16,159,310,420,460,448,369,398,88,79,229,351,426,454,426,353,253,118,24,168,290,389,440,447,412,340,235,105,30,165,282,380,442,459,445,366,286,163,23,113,249,367,460,506,519,476,396,272,120,49,213,362,485,567,601,573,499,381,217,35,162,341,495,603,658,661,596,480,321,131,81,365,467,603,692,708,669,575,429,240,26,184,381,542,658,719,717,660,540,373,184,30,238,432,589,697,754,738,671,731,360,151,77,298,499,661,772,810,778,6
47,41,260,394,393,232,42,324,507,522,379,271,127,334,442,436,322,136,78,263,368,376,273,97,101,265,340,292,129,91,272,333,225,9,255,374,299,61,226,460,378,176,97,297,332,213,23,122,164,107,25,22,11,22,30,7,69,97,53,44,133,149,78,46,143,161,91,4,77,92,55,5,24,27,5,27,34,40,25,1,42,87,102,71,7,92,148,145,71,36,133,167,126,40,53,102,102,53,6,40,27,15,55,77,12,55,97,99,61,4,45,76,89,82,60,5,64,124,136,79,26,124,159,26,9,2,15,14,24,9,23,25,35,21,60,47,4,58,73,35,41,96,89,7,87,139,101,4,88,124,70,13,58,203,43,96,63,52,179,222,131,46,212,256,166,9,100,100,11,64,31,109,275,325,182,114,412,541,412,87,272,380,444,204,82,259,242,76,121,204,128,65,250,315,231,54,115,198,206,184,194,233,238,119,144,469,694,663,345,150,600,802,661,270,174,448,459,11,49,235,223,36,213,373,358,171,90,334,452,437,323,155,26,207,376,503,542,428,168,189,522,699,646,377,2,113,499,470,293,62,119,194,146,18,108,43
90,2,491,330,139,61,254,432,579,689,758,1088,737,655,526,366,181,12,203,378,533,648,725,748,728,652,538,392,223,40,147,324,480,600,682,711,700,651,551,806,250,70,108,272,421,539,621,666,661,609,524,398,254,97,66,225,365,483,565,603,604,563,494,395,265,117,35,183,319,432,515,570,586,556,494,352,262,117,40,190,333,453,538,585,591,544,463,342,197,19,154,323,460,565,620,620,568,467,315,127,76,273,448,183,648,645,562,416,225,1,222,411,540,589,559,442,264,59,141,312,416,440,375,1,1,0,0,1,0,0,0,0,1,1,268,195,74,69,207,314,375,378,326,219,78,76,225,341,416,437,409,340,228,225,42,176,292,378,419,430,399,336,250,139,21,103,213,305,371,409,418,396,349,268,175,67,45,155,257,340,402,286,446,417,366,287,188,81,48,167,286,383,461,504,517,486,426,342,227,97,46,190,328,445,534,587,600,573,507,398,266,109,62,229,375,505,599,726,666,626,549,425,282,119,54,226,385,513,609,666,685,652,584,471,331,170,1,168,330,471,592,669,714,702,653,732,426,262,85,103,286,451,594,700,759,5
54,14,490,328,154,41,225,399,552,671,764,1215,817,784,696,582,432,260,79,104,283,450,588,687,765,782,766,712,628,511,365,197,22,158,327,472,596,688,745,717,721,651,544,415,273,105,57,215,365,487,591,650,679,673,637,566,453,335,187,34,108,256,383,487,572,614,630,601,553,468,370,247,107,40,187,739,438,529,589,623,610,565,487,379,244,93,63,218,369,498,593,651,658,626,539,418,258,82,113,299,466,593,676,521,652,537,377,177,41,259,444,571,632,617,528,372,174,33,225,377,459,463,388,3,1,4,0,1,0,3,0,0,1,1,260,173,42,97,241,342,400,405,357,262,128,22,174,304,400,458,463,429,354,411,120,10,142,260,349,411,446,444,422,362,282,176,69,45,156,252,337,395,440,449,438,402,339,257,161,57,56,20,265,353,421,465,489,487,460,406,335,232,121,5,133,256,366,465,537,580,595,571,521,437,322,189,41,107,262,396,510,602,659,683,670,618,528,408,263,105,65,226,377,506,614,682,726,714,672,595,495,351,204,36,132,285,427,550,643,707,746,731,691,610,496,576,198,27,146,318,477,611,721,786,814,3
15,27,255,454,618,723,773,755,678,542,363,263,66,282,471,625,719,756,733,654,518,337,132,82,286,474,612,705,742,715,628,490,316,108,101,297,470,606,681,665,668,579,433,262,78,120,302,459,579,639,655,608,520,387,228,43,136,305,446,544,595,594,552,471,342,186,16,156,313,443,530,581,579,527,431,175,130,37,205,358,480,559,591,565,491,358,197,13,174,357,500,597,626,599,497,351,160,52,267,452,582,646,629,622,371,149,90,317,505,613,627,540,374,156,85,299,453,517,482,360,175,32,217,4,1,1,2,0,1,0,1,0,1,0,228,115,32,183,301,365,364,292,170,8,155,299,397,435,409,326,191,38,119,262,369,430,439,394,301,190,55,84,209,316,392,422,414,369,281,175,48,77,201,304,380,419,424,394,326,230,120,139,141,261,357,425,460,462,421,340,234,102,41,188,319,428,498,535,525,471,375,237,73,92,260,408,522,591,617,578,495,369,205,21,165,345,494,689,665,665,610,492,344,168,24,220,397,540,640,683,670,603,490,339,154,39,226,402,541,642,696,691,635,525,371,419,19,221,408,568,682,746,751,684,561,8
35,26,553,760,836,753,519,180,205,566,863,1381,1036,930,697,392,59,247,484,644,723,698,598,421,193,86,342,553,631,570,352,18,334,607,712,601,287,124,512,767,791,581,234,139,424,552,492,318,117,25,72,16,64,102,58,51,201,271,236,84,111,278,323,235,56,134,250,259,170,39,62,104,77,27,35,40,79,66,52,34,1,36,103,156,193,178,116,17,111,217,291,303,253,152,28,85,163,173,116,29,50,74,41,468,167,243,258,195,90,22,103,151,148,155,147,136,89,12,147,282,340,275,96,49,18,15,53,60,56,0,21,37,97,7,18,4,25,85,137,162,112,5,133,215,208,101,62,197,256,206,80,49,109,534,73,215,275,210,16,233,434,513,420,205,41,205,228,119,46,143,105,99,402,677,771,622,226,300,789,1069,1053,852,265,232,557,641,462,121,220,438,438,233,80,381,565,594,483,336,239,234,291,348,261,17,467,979,1375,1499,1272,722,1,699,1179,1310,1095,638,109,1778,531,479,235,122,447,658,701,580,320,31,264,481,628,722,786,826,831,784,593,269,195,697,1132,1376,1372,1096,643,1119,329,625,748,678,483,223,31,223,296,182
87,32,631,749,813,815,783,690,567,396,206,509,203,391,554,679,764,800,794,739,631,490,320,131,63,264,434,578,688,757,780,749,684,557,415,237,49,129,319,43,602,688,725,718,680,584,465,318,146,31,201,358,492,589,655,677,652,600,498,369,225,60,97,248,388,497,577,612,617,580,517,417,289,136,23,570,327,447,543,604,620,598,534,435,298,139,30,205,364,507,604,656,652,604,495,349,172,28,229,416,564,662,693,606,550,377,176,50,281,470,600,651,618,506,326,107,118,308,444,505,474,368,200,0,2,1,0,1,0,0,0,0,0,1,309,320,262,151,6,144,286,381,426,412,339,218,71,87,239,356,435,467,451,558,287,161,24,113,239,335,409,443,451,414,350,253,144,21,100,208,308,382,432,449,438,400,331,243,141,21,101,10,315,395,453,483,486,461,400,317,213,89,42,178,307,412,498,552,576,562,515,424,308,167,5,158,309,444,553,632,667,662,606,510,391,236,64,186,291,439,563,653,703,710,676,589,479,324,156,16,200,369,513,626,694,726,717,667,573,448,304,124,59,244,417,389,669,741,775,758,702,596,457,284,99,20
275,198,270,694,757,362,285,828,970,631,14,918,948,827,331,305,762,829,524,1,469,694,586,217,233,579,586,284,193,541,526,129,387,631,384,213,705,702,164,891,848,559,80,584,623,254,161,337,215,38,35,7,11,93,169,107,78,250,229,13,235,298,123,146,296,224,5,193,219,101,55,102,62,14,21,3,58,76,35,36,116,148,148,55,126,266,273,93,166,331,296,76,182,298,228,38,132,177,92,12,47,14,98,125,34,192,238,127,65,217,246,142,5,147,210,176,40,148,271,219,0,236,320,61,73,14,48,0,24,12,22,62,67,16,1,93,91,9,122,114,4,135,156,8,172,225,78,141,244,149,28,132,77,363,32,117,246,156,156,451,426,62,376,525,279,119,289,142,55,22,239,418,195,380,841,730,31,773,1088,654,206,692,878,308,349,614,350,153,408,189,257,542,373,136,553,599,311,46,245,300,386,514,506,95,625,1213,1151,292,882,1570,1289,221,910,1335,878,33,690,1024,155,337,412,30,474,665,380,190,694,847,597,88,410,764,846,690,260,381,983,1257,927,60,933,1468,1210,299,699,1415,1007,326,365,673,541,139,219,278,64,135
23,18,575,462,331,190,43,108,257,392,518,1217,715,778,813,815,791,741,672,584,471,343,207,68,78,224,353,473,578,660,724,763,778,757,713,644,564,468,342,700,76,64,192,317,427,526,601,661,693,697,685,643,588,510,417,314,197,81,48,165,273,378,462,535,590,621,630,616,583,531,462,381,282,171,57,407,177,286,386,474,543,592,623,627,607,549,477,390,279,149,10,126,259,388,501,586,649,679,673,621,534,414,262,514,84,262,421,549,639,677,658,579,454,297,114,74,247,385,476,508,478,393,260,1,0,3,0,0,0,2,0,0,0,0,315,305,244,149,27,97,220,323,397,435,425,384,308,201,86,36,156,263,354,493,463,470,449,407,341,264,171,75,21,118,211,290,353,401,431,445,444,423,385,331,270,193,109,23,60,143,229,100,371,425,460,484,488,484,457,415,365,289,208,112,11,92,197,297,389,468,536,582,611,619,601,562,499,422,324,211,95,31,163,286,396,501,586,731,696,713,705,661,609,533,441,327,205,76,57,180,307,421,522,611,672,711,732,726,701,653,587,498,391,273,143,265,125,260,387,507,610,697,769,804,817,6
159,53,43,208,351,447,470,404,261,70,145,360,486,557,539,451,304,135,34,184,290,356,381,357,284,175,19,134,261,317,282,159,30,216,350,367,263,72,155,536,425,383,234,39,136,240,243,174,75,4,31,17,15,32,16,37,93,112,80,6,85,146,146,86,6,94,140,129,79,16,34,53,39,12,15,7,27,20,3,9,34,63,93,114,117,82,17,61,137,179,183,141,63,20,88,123,113,71,12,32,50,27,21,346,102,100,59,3,67,106,117,105,77,51,19,14,61,109,144,143,95,10,85,29,10,13,1,25,21,3,6,26,0,4,62,10,43,76,76,40,16,69,98,85,41,20,75,99,81,37,10,35,24,81,61,76,41,42,142,206,209,127,1,119,189,176,107,24,15,23,121,226,277,213,39,208,436,565,537,360,89,31,375,425,340,149,40,173,196,107,47,204,286,281,188,62,45,107,112,113,144,240,378,499,526,417,157,197,541,777,829,685,390,43,253,423,438,232,114,88,219,243,150,14,201,360,447,442,366,243,114,8,124,238,365,493,599,635,571,388,118,193,474,653,693,1078,395,151,70,215,282,249,147,13,104,90
243,134,571,652,730,793,854,907,940,963,979,1214,934,898,864,811,747,681,600,528,463,376,329,274,233,207,203,211,255,289,360,438,512,605,671,743,791,812,814,351,743,681,601,501,414,315,230,140,74,27,8,2,17,41,83,128,162,205,241,267,275,267,252,214,176,129,78,43,5,16,25,24,4,3,12,110,31,29,11,14,37,87,128,166,200,236,247,257,262,261,240,211,180,146,111,66,33,9,35,62,90,109,126,196,130,128,123,112,107,105,97,105,114,129,139,155,170,171,168,148,121,92,51,32,18,30,4,3,12,12,13,38,24,35,117,126,126,130,114,99,73,40,3,39,85,121,146,157,154,141,106,61,4,193,132,201,268,321,367,391,396,382,353,295,233,160,101,37,10,28,32,21,23,87,158,242,332,421,498,581,635,285,680,673,640,579,498,400,297,175,64,55,142,213,265,263,231,153,57,103,282,477,693,910,1106,1276,1423,1528,1574,1595,1552,1468,1355,1201,1011,819,611,303,186,11,195,350,496,610,695,743,772,772,739,681,606,515,407,300,170,44,82,194,297,391,473,527,559,570,559,1607,469,417,342,267,164,77,16,120,204,48
24,6,434,476,526,568,630,684,757,818,880,1365,969,997,1013,995,984,939,890,829,772,732,680,630,621,600,605,604,610,622,639,651,665,678,682,679,666,646,606,101,497,411,324,238,146,60,20,71,104,112,89,70,16,45,104,163,212,248,268,266,252,215,178,132,74,36,14,48,71,88,91,84,81,67,59,44,28,27,36,56,72,95,128,159,192,220,244,253,259,261,253,238,218,192,167,140,103,70,27,6,54,99,136,392,193,205,206,210,196,189,175,175,182,198,217,249,281,307,327,323,302,265,202,5,42,15,76,3,34,1,49,37,22,24,14,66,105,126,146,140,133,110,85,53,22,2,31,57,82,90,103,97,84,338,8,52,133,218,304,384,442,486,500,480,431,351,251,123,2,124,253,361,443,508,552,574,569,548,502,449,382,575,207,120,14,83,180,266,340,387,437,457,467,463,447,430,405,391,393,398,415,449,486,543,590,651,708,755,802,838,855,858,853,836,801,749,698,1566,571,524,472,427,388,377,372,379,401,448,507,560,629,716,814,898,1001,1095,1182,1265,1310,1343,1346,1320,1261,1172,1074,822,837,707,584,500,421,358,331,316,322,46
39,44,372,738,787,480,42,603,935,934,573,44,539,909,954,658,140,422,785,862,631,185,308,662,756,536,84,426,719,641,205,360,745,679,204,439,819,713,180,917,806,664,162,355,610,482,154,166,287,211,77,11,30,46,3,119,194,142,36,223,255,95,169,325,254,10,230,303,179,26,136,108,24,17,9,79,83,39,12,45,53,85,123,136,52,108,266,299,154,75,253,294,188,4,157,212,168,33,102,153,78,62,144,186,73,205,191,33,156,244,200,76,51,148,205,220,148,42,255,341,212,62,286,31,4,18,62,2,43,18,5,2,15,63,110,88,28,128,91,41,160,160,31,141,214,148,14,169,191,100,41,108,72,77,64,31,197,272,119,195,461,444,140,246,446,320,18,165,96,121,211,0,408,663,494,95,768,1070,754,12,785,875,766,67,527,677,367,127,380,240,165,490,477,147,280,537,508,319,153,50,46,293,664,950,855,232,709,1485,1597,912,265,1294,1610,1094,117,726,971,273,60,490,444,9,486,717,524,24,495,820,821,559,147,282,634,880,966,760,222,541,1232,1498,1137,252,751,1371,1360,1986,42,669,847,611,169,206,324,156,143,83
42,20,321,150,20,195,358,501,618,706,759,1077,741,676,571,438,290,123,48,217,378,515,630,699,742,734,698,624,527,403,255,94,72,237,383,507,603,675,708,720,653,574,467,339,203,45,107,253,387,495,578,624,643,628,582,507,404,287,144,5,132,262,375,470,545,581,593,566,516,435,342,226,95,41,177,716,406,489,551,579,579,540,471,373,253,110,37,182,325,453,550,610,619,602,529,427,283,119,58,235,398,527,619,441,631,544,409,234,34,175,361,503,580,592,528,401,227,36,151,308,406,438,390,0,0,2,1,1,0,0,1,1,1,1,108,12,147,258,341,368,345,274,166,31,108,238,348,415,439,417,352,256,141,119,115,230,319,390,424,427,400,345,272,179,76,36,140,236,314,371,408,419,413,376,320,245,155,59,42,141,237,115,387,432,455,452,428,381,315,232,136,24,91,207,308,400,473,521,543,536,501,432,342,231,97,42,185,314,430,524,589,632,634,600,540,444,323,150,30,124,270,403,516,602,661,678,666,615,529,423,296,145,7,163,309,435,541,624,674,695,687,637,558,446,315,407,6,155,308,451,577,673,739,760,745,4
213,0,329,403,490,572,654,750,828,876,921,1425,967,970,957,933,895,852,784,722,667,598,537,482,446,421,395,400,412,444,499,544,603,678,740,798,838,868,875,572,824,771,702,616,544,455,369,298,217,156,113,96,71,58,70,75,88,103,128,143,168,181,188,191,209,210,208,189,176,150,122,92,60,27,7,85,77,98,104,128,147,144,148,148,149,151,153,167,179,196,210,222,235,242,249,244,230,209,173,143,110,65,28,423,30,49,62,64,54,43,29,15,0,13,14,20,15,3,27,50,84,118,151,13,23,76,29,11,12,43,49,12,19,32,70,25,17,63,104,139,169,189,202,203,196,169,141,103,66,17,35,81,124,337,191,198,208,197,182,147,104,58,16,39,75,101,119,111,88,41,24,105,203,320,440,551,661,757,831,884,907,616,868,808,730,624,516,401,276,159,51,29,110,145,159,141,97,23,81,197,348,505,674,846,1010,1172,1313,1423,1506,1546,1553,1511,1445,1337,1199,1041,872,1307,518,356,219,105,20,32,53,36,14,75,179,294,426,557,683,805,938,1049,1149,1234,1283,1325,1343,1331,1298,1237,1161,1183,949,823,702,566,463,364,288,229,204,14
36,32,360,542,669,750,775,738,647,508,325,313,89,295,476,618,715,752,743,674,555,394,206,8,193,381,534,653,721,736,695,600,462,284,91,104,298,460,587,465,698,676,598,479,334,153,31,208,373,502,598,639,636,587,495,368,211,43,131,291,421,518,578,595,569,494,387,248,92,71,223,364,475,554,588,779,505,401,269,116,51,218,366,485,566,589,571,505,391,233,52,140,315,468,572,623,615,549,416,236,22,192,393,140,638,649,575,427,228,10,243,435,556,591,532,392,196,22,227,379,449,428,321,0,2,0,1,0,0,0,0,0,4,0,240,308,314,251,133,14,169,297,378,410,366,271,133,28,180,308,396,442,426,533,256,124,18,156,278,363,412,421,393,329,233,113,16,139,248,331,393,419,413,367,295,199,86,36,152,259,350,236,447,443,403,334,238,125,3,139,263,370,454,502,510,482,409,309,182,34,119,265,404,507,572,595,572,499,388,237,73,102,277,424,549,630,656,692,568,451,298,118,66,246,410,543,637,676,674,614,510,366,197,16,169,341,489,598,669,690,670,593,475,318,135,189,250,423,568,677,733,740,693,592,447,13
292,72,336,603,799,886,877,774,598,382,140,79,355,571,754,861,908,869,771,636,486,335,182,18,159,356,526,645,663,541,298,23,368,636,757,704,490,157,206,1014,744,789,706,504,252,5,189,288,302,224,148,78,45,71,120,163,169,108,4,136,238,279,238,110,46,192,270,274,202,81,26,109,152,144,105,219,12,24,39,69,82,88,81,48,22,93,179,231,255,241,192,129,33,61,134,183,196,162,92,7,66,117,128,363,20,60,126,167,157,122,79,24,21,61,114,173,222,259,246,175,53,99,239,30,36,64,4,22,0,11,0,27,50,18,54,100,145,159,111,19,89,177,209,165,70,58,161,210,183,91,20,106,131,401,28,154,249,273,193,24,175,356,455,437,325,148,3,89,69,56,231,386,431,334,94,279,649,942,1076,1007,757,680,38,379,587,605,439,166,139,385,501,446,268,4,264,435,494,443,335,251,261,396,612,856,998,958,696,237,333,894,1325,1525,1477,1192,759,275,143,1711,566,521,310,16,303,570,752,779,685,488,256,43,147,238,330,418,539,730,958,1159,1284,1281,1114,800,383,56,447,288,905,949,864,685,451,188,60,252,349,182
141,2,823,714,538,313,80,172,404,604,770,1356,893,860,754,590,383,149,95,321,539,707,816,872,850,758,616,435,219,9,246,465,634,759,819,814,764,652,479,767,48,179,383,551,689,759,775,741,631,485,303,93,111,307,475,613,692,732,699,619,489,322,141,50,241,405,542,630,672,668,607,500,354,171,14,607,379,519,619,677,672,601,490,332,141,59,259,444,588,685,718,679,569,415,196,28,260,474,637,735,752,678,522,637,49,225,462,641,746,727,613,407,150,122,362,538,618,587,459,257,11,208,371,2,0,1,2,1,1,0,1,1,0,0,309,214,63,106,273,385,442,417,320,169,15,199,362,465,510,485,386,253,78,8,260,389,474,509,476,410,298,158,8,140,282,389,457,491,471,415,330,213,70,73,208,328,417,481,502,482,432,360,215,72,73,211,337,447,522,561,560,494,406,276,120,45,216,375,506,596,650,644,588,491,337,161,40,240,418,565,671,726,723,663,547,390,190,73,240,427,598,703,766,769,715,597,438,241,27,183,388,564,693,782,795,753,661,511,329,122,92,314,510,665,787,803,830,756,627,448,238,0,235,457,643,17
67,1,634,486,293,67,159,374,551,684,755,1061,710,595,423,219,6,219,419,581,702,750,740,664,531,346,145,71,277,461,606,697,731,696,601,454,277,78,136,160,495,618,676,683,635,523,373,191,3,193,366,503,596,636,623,559,444,301,118,66,240,388,502,575,601,566,487,360,210,41,128,292,428,528,580,829,522,421,280,118,61,233,390,510,584,591,546,446,303,118,78,272,437,559,618,615,539,404,209,11,235,429,577,394,637,530,351,123,125,355,527,606,589,474,286,53,178,364,470,478,389,226,29,0,1,1,0,2,1,0,0,0,2,1,77,208,304,337,300,196,47,117,262,373,415,390,302,164,2,161,299,396,435,597,351,239,99,50,191,305,385,421,416,365,279,156,23,111,230,327,392,423,411,360,275,166,43,85,206,313,392,270,446,410,340,241,117,15,158,286,399,472,508,497,440,341,212,59,98,258,394,501,565,584,546,458,321,159,19,202,367,508,605,645,630,559,429,255,76,118,311,468,590,659,675,629,527,380,201,5,191,374,527,636,685,679,619,503,347,163,37,236,423,569,676,684,708,635,508,338,138,80,295,484,632,4
50,29,1451,1336,1183,984,759,498,226,64,337,1772,849,1060,1243,1380,1472,1513,1506,1460,1363,1220,1039,837,601,332,69,198,447,681,905,1102,1253,1356,1412,1423,1407,1341,1217,1663,856,635,401,159,81,336,563,774,950,1084,1197,1255,1286,1272,1216,1128,986,834,637,426,216,11,226,427,630,797,943,1048,1124,1159,1165,1133,1060,940,800,408,425,215,8,218,440,650,837,991,1107,1168,1194,1171,1110,982,814,605,376,110,168,433,690,923,1121,1246,1295,1274,1183,1253,768,463,131,214,542,838,1067,1187,1211,1128,951,688,358,21,307,587,778,862,819,0,4,8,1,0,1,4,0,0,0,4,598,594,502,337,115,110,348,558,718,815,824,768,650,468,265,38,186,400,577,840,826,875,869,820,722,594,440,272,93,84,270,430,567,680,759,809,843,835,796,723,631,508,372,223,69,90,256,20,564,686,787,865,911,941,929,897,838,732,610,454,281,94,103,302,492,676,831,967,1081,1152,1183,1169,1112,1019,898,734,547,334,89,154,385,614,812,1170,1154,1260,1326,1331,1311,1248,1143,994,807,601,381,143,91,340,573,799,987,1136,1251,1335,1380,1385,1353,1277,1155,996,808,1039,359,106,152,415,667,898,1113,1286,1417,6
242,203,642,732,823,895,958,1001,1040,1053,1054,1471,995,948,887,816,750,682,618,567,512,464,422,384,351,316,303,301,313,339,377,434,511,582,667,726,778,809,822,278,777,725,658,587,516,433,353,292,242,199,157,131,124,119,117,133,145,148,156,154,156,135,103,76,33,7,45,77,95,108,109,91,77,47,25,257,14,31,34,29,7,20,51,94,136,174,203,235,256,258,252,237,211,190,163,124,85,54,19,10,30,56,72,49,95,103,103,100,103,109,112,132,146,164,176,204,218,213,199,178,140,98,51,4,31,47,13,21,8,6,1,19,19,57,97,105,104,96,86,68,38,3,37,78,120,150,180,198,188,172,142,100,50,41,54,112,159,195,223,226,219,187,160,102,46,3,43,73,78,57,17,47,127,227,333,453,561,663,749,820,868,582,851,806,729,628,503,370,214,71,65,184,282,348,375,379,316,237,117,34,198,380,572,746,924,1070,1190,1283,1342,1350,1331,1274,1180,1064,918,760,593,427,224,43,127,292,428,552,652,731,776,813,794,773,726,658,576,476,356,247,136,24,84,188,259,326,371,397,417,1303,397,351,306,228,169,74,14,116,223,71
3,14,582,761,884,951,967,927,852,758,646,797,431,316,205,76,49,187,311,412,494,557,586,596,595,593,563,513,425,281,101,113,321,516,643,689,637,494,295,523,166,356,494,543,540,471,390,289,196,104,60,42,41,35,26,3,43,96,157,204,227,222,168,76,32,142,240,291,299,263,211,129,65,9,11,156,5,9,3,20,26,45,52,38,16,81,167,250,317,361,373,356,303,212,123,26,58,133,166,175,137,80,6,619,113,136,131,100,59,8,26,59,77,97,124,175,235,301,347,360,321,232,106,53,49,40,40,3,27,61,28,60,103,9,128,64,6,72,119,135,118,80,25,45,113,168,200,207,189,138,76,19,24,376,28,110,211,292,346,330,265,139,16,162,272,317,264,170,47,84,156,163,71,102,335,597,830,998,1071,1023,864,712,322,7,250,433,510,466,318,105,143,361,525,603,598,522,416,314,261,278,370,512,682,813,882,847,699,438,101,276,640,939,1145,1212,1183,1011,768,164,178,91,299,437,476,439,327,172,4,170,291,390,438,467,484,530,605,732,892,1084,1272,1421,1526,1532,1449,1280,1057,1706,507,240,13,160,273,347,343,283,161,9
182,27,1618,1621,1531,1359,1130,832,509,148,218,1858,899,1180,1398,1548,1619,1602,1517,1362,1130,852,532,191,156,505,815,1082,1305,1465,1554,1548,1480,1321,1113,844,541,231,113,651,745,1003,1220,1354,1426,1430,1357,1236,1042,796,523,215,88,382,653,893,1087,1231,1306,1305,1240,1114,950,740,497,222,66,340,598,823,1015,1147,1237,1246,1192,1277,897,683,426,150,148,440,700,933,1109,1220,1266,1237,1142,959,716,417,89,252,586,876,1118,1286,1370,1338,1198,960,636,1112,160,560,908,1177,1334,1344,1218,951,596,185,246,624,911,1067,1072,922,649,301,65,3,0,0,1,5,0,1,0,2,4,3,519,350,101,179,453,659,790,815,750,578,328,40,255,527,738,877,931,899,790,980,397,149,112,362,572,738,842,897,895,829,718,551,367,154,63,271,468,632,774,858,896,894,838,745,609,438,245,354,182,399,580,745,865,968,1011,1004,962,839,700,500,276,24,230,477,713,909,1073,1175,1229,1214,1126,980,777,532,250,46,335,627,890,1107,1272,1373,1396,1456,1248,1066,824,530,228,94,412,713,972,1180,1345,1428,1460,1403,1296,1108,869,597,291,28,341,638,922,1158,1348,1466,1527,1639,1422,1256,1032,756,446,102,239,583,897,20
32,12,134,19,176,328,464,575,675,731,770,1053,740,679,586,470,332,184,34,117,265,404,521,617,688,727,736,718,675,598,500,375,239,93,58,200,335,453,556,362,672,697,685,641,577,482,376,253,117,16,148,273,386,476,553,605,627,631,600,543,460,362,262,147,20,100,220,325,417,491,547,575,590,564,525,480,358,251,137,15,116,237,352,451,525,576,593,586,556,487,389,270,131,17,172,313,445,549,624,650,631,569,465,607,153,33,216,383,518,601,627,590,498,360,185,2,184,332,431,475,450,365,233,0,0,1,2,1,1,1,0,2,3,0,123,10,114,228,319,366,367,327,247,136,8,126,248,345,408,440,427,384,312,382,111,2,116,216,302,364,405,422,421,385,339,265,185,91,3,92,179,261,330,381,415,431,418,398,353,298,227,242,55,40,134,218,299,371,426,465,492,490,474,429,363,278,180,74,37,149,260,358,454,524,574,597,592,566,513,431,332,219,86,46,178,312,426,614,606,648,672,660,623,563,476,366,243,111,29,162,295,415,517,602,661,686,687,661,608,538,441,327,198,61,82,9,352,478,581,664,725,749,750,712,648,7
179,58,1381,1522,1543,1443,1263,976,639,244,171,1731,927,1218,1421,1523,1516,1405,1205,934,587,203,191,566,909,1182,1369,1464,1466,1356,1165,879,547,164,216,566,895,1150,1331,1210,1381,1266,1052,775,462,104,246,577,872,1089,1249,1289,1260,1144,957,700,388,67,268,576,825,1023,1145,1198,1168,1036,847,595,306,8,307,600,845,1025,1151,1712,1103,963,751,494,179,147,464,752,978,1123,1181,1162,1044,820,524,170,190,545,856,1097,1237,1264,1171,955,623,232,203,331,961,1208,1295,1225,1026,666,236,230,642,954,1117,1106,922,605,204,211,554,778,831,8,8,7,0,3,1,0,0,0,8,1,99,182,442,623,707,664,502,247,60,367,626,789,856,802,648,413,123,169,443,741,815,874,842,724,532,311,51,196,434,620,764,834,839,771,640,459,254,19,215,436,621,761,836,861,821,714,567,533,139,98,336,549,723,862,937,957,909,784,612,380,109,163,442,693,901,1048,1129,1113,1037,863,628,344,21,306,611,887,1095,1235,1274,1225,1091,882,592,192,94,440,766,1027,1218,1329,1353,1265,1101,855,560,220,139,496,815,1084,1261,1357,1370,1290,1122,889,588,248,127,481,817,768,1308,1423,1454,1386,1227,972,660,293,94,34
135,9,1062,699,275,195,636,1015,1312,1484,1544,1773,1260,943,542,106,343,751,1099,1348,1493,1497,1363,1140,799,375,48,475,860,1161,1375,1468,1434,1252,975,616,222,183,594,96,1199,1361,1381,1289,1103,798,441,53,342,688,978,1183,1287,1261,1144,927,623,288,95,452,758,991,1140,1199,1157,997,755,447,107,232,554,839,1046,1155,1164,1327,857,590,259,98,450,759,1006,1155,1193,1105,903,630,275,124,508,852,1099,1236,1226,1094,832,469,31,409,814,1117,1282,1042,1112,773,327,157,637,1006,1213,1225,1031,681,220,255,668,927,1005,879,582,188,217,0,0,4,0,1,0,0,1,2,5,0,194,454,630,667,568,339,30,295,574,773,831,750,544,247,79,400,659,828,878,1142,652,407,117,191,462,677,807,846,806,675,480,217,48,311,533,705,811,843,793,657,469,238,18,271,508,697,833,611,871,769,598,376,115,162,437,674,867,976,1010,945,793,567,283,33,352,654,903,1069,1156,1138,1009,786,469,127,238,587,888,1127,1260,1277,1177,986,686,237,64,455,819,1088,1270,1350,1312,1154,890,546,160,230,608,944,1195,1357,1381,1290,1106,812,462,67,329,712,1042,1285,1433,1519,1332,1115,791,402,17,456,860,1186,1417,2
53,93,51,46,23,7,57,111,173,236,302,538,412,454,482,496,506,495,466,437,400,360,317,280,242,219,198,188,184,193,212,233,267,293,324,352,381,396,411,494,414,407,384,357,321,279,234,183,133,90,44,10,19,39,51,53,47,34,10,17,41,70,92,112,133,140,138,137,129,118,101,80,69,51,39,9,25,28,26,34,46,55,73,86,102,122,131,143,161,172,180,185,188,188,184,172,158,142,119,98,73,43,14,316,35,52,70,74,81,81,78,68,59,46,37,25,19,13,13,16,21,29,37,13,16,10,17,6,6,0,21,1,4,4,47,64,77,86,91,93,91,80,67,50,32,9,5,26,40,49,57,62,57,284,32,14,12,38,69,94,125,149,168,176,181,176,158,132,96,50,3,67,126,191,249,308,360,401,430,448,456,306,429,406,369,329,291,252,205,170,139,111,91,78,78,81,91,110,131,158,184,213,241,260,281,298,305,311,305,297,278,260,242,226,206,193,185,949,196,213,238,269,305,339,375,408,429,443,439,416,390,341,277,201,118,28,66,160,247,328,397,451,494,520,525,1030,496,460,416,367,300,236,172,112,52,11
62,4,720,661,569,452,315,163,6,153,304,1061,567,665,727,759,761,732,678,594,485,354,208,62,91,244,379,499,595,668,715,731,719,666,592,487,376,252,101,487,187,320,433,525,601,651,670,665,621,557,475,366,249,123,4,130,253,361,458,528,573,592,597,576,530,455,362,255,141,19,97,215,325,420,494,937,577,583,557,513,438,344,234,104,28,165,290,398,496,570,612,619,588,527,428,306,161,2,167,319,457,562,633,464,624,540,419,255,73,123,303,451,549,586,563,475,339,174,7,178,315,398,413,0,1,0,1,0,1,0,1,3,0,0,297,285,220,119,4,129,248,338,394,410,375,301,199,74,50,176,282,364,416,581,428,386,322,233,132,31,75,172,264,332,389,417,423,407,372,317,256,175,85,9,104,189,265,334,383,422,441,324,419,379,325,253,173,82,19,119,214,304,386,450,496,518,517,502,463,397,319,213,102,17,145,265,376,469,545,597,624,629,599,545,462,359,235,77,32,169,304,416,516,594,652,677,675,636,583,501,400,279,146,5,133,263,381,492,578,646,689,702,693,647,582,661,378,250,110,39,190,337,469,581,669,7
62,32,525,657,740,771,759,700,605,463,294,330,86,267,435,573,678,740,755,735,657,552,406,243,61,129,304,456,581,671,726,725,694,605,491,340,173,5,171,129,476,581,652,682,673,616,530,412,264,104,60,215,357,476,564,615,628,610,547,449,330,187,42,104,247,373,475,542,577,578,549,482,387,264,122,348,181,312,428,514,570,586,565,503,406,275,125,35,200,356,485,575,617,617,561,460,321,149,39,232,405,538,627,473,614,502,342,143,75,285,460,567,602,559,439,263,58,143,313,426,458,412,296,0,0,2,0,0,0,1,2,1,1,1,298,292,230,121,18,159,283,366,400,378,303,185,43,104,240,350,416,441,420,527,260,140,8,120,236,323,390,417,423,384,324,230,127,14,98,201,295,364,408,428,414,378,311,230,133,21,91,2,294,371,427,453,456,435,382,304,208,93,30,154,275,380,461,520,546,535,497,410,306,175,26,124,268,402,506,584,624,629,587,510,398,259,100,121,233,378,508,597,654,671,653,584,487,354,199,36,133,294,438,555,636,681,685,651,579,478,345,188,17,156,322,277,590,670,720,728,692,611,500,350,190,19
79,3,684,591,466,308,138,42,212,376,527,1191,722,766,765,728,648,540,403,246,76,98,266,414,544,640,705,730,726,677,597,480,343,184,21,143,300,436,553,378,685,695,667,601,514,391,256,110,45,198,331,448,539,602,636,634,592,532,432,313,182,40,99,229,351,451,528,569,585,566,526,450,354,235,104,357,172,298,410,500,561,587,580,537,461,351,223,78,76,231,373,491,574,623,617,575,485,362,207,27,160,333,485,229,653,643,574,446,274,68,141,329,474,561,576,520,395,227,33,157,307,399,412,2,2,4,0,0,1,2,0,1,0,2,289,255,167,47,92,218,322,383,397,360,270,151,12,130,254,350,414,438,422,541,279,169,49,74,188,280,355,403,428,415,381,314,232,136,31,73,169,257,335,387,418,429,408,370,307,232,140,178,67,175,266,343,407,452,474,471,448,385,312,211,103,18,145,261,370,460,528,565,577,551,492,405,290,160,17,125,261,392,501,585,637,658,633,619,493,376,232,79,76,229,368,493,588,648,683,674,639,560,459,332,185,32,120,270,403,522,617,680,710,706,661,721,478,342,187,21,146,310,460,586,679,5
201,69,622,706,799,866,921,964,1001,1014,1012,1307,969,924,865,797,719,643,541,455,364,284,210,147,111,76,69,86,122,176,241,322,416,519,603,695,759,813,845,797,828,792,742,671,590,497,400,308,213,147,73,20,20,33,39,24,1,32,66,116,155,195,228,248,267,261,260,239,227,193,171,138,109,79,56,14,10,7,14,34,53,61,85,100,116,134,145,162,165,179,191,191,199,201,200,200,201,181,170,151,125,102,71,402,1,27,54,78,97,98,92,83,59,39,15,2,7,7,18,46,88,136,186,21,42,24,47,18,28,35,41,4,21,37,81,93,106,119,130,128,125,103,77,35,3,48,87,133,160,173,183,166,129,206,16,62,150,242,332,409,466,500,510,478,426,343,244,119,8,128,249,348,428,489,517,531,513,479,419,356,278,626,114,21,52,141,222,292,354,413,452,490,497,492,485,457,424,392,349,318,279,263,241,247,240,250,265,293,313,349,375,402,434,455,471,476,487,1757,483,477,479,486,505,533,561,602,650,682,721,759,788,800,817,812,816,799,778,743,701,654,597,535,464,399,333,533,216,170,134,117,114,127,158,208,286,70
226,19,1218,889,445,54,529,959,1290,1485,1547,1709,1196,829,377,96,568,970,1280,1469,1508,1402,1149,791,339,140,585,975,1270,1433,1464,1339,1086,713,273,180,612,979,1253,1117,1384,1249,973,614,217,224,623,970,1192,1295,1276,1115,867,524,137,255,627,940,1139,1223,1185,1015,768,447,78,295,644,915,1100,1162,1119,967,705,367,8,1153,719,960,1118,1162,1077,869,565,200,200,571,886,1118,1215,1162,978,669,266,167,593,949,1188,1288,1205,949,550,79,415,60,1171,1303,1230,954,531,8,512,922,1155,1176,966,580,106,371,746,932,902,669,295,8,2,0,1,3,1,0,1,1,4,4,311,542,661,608,419,111,227,534,746,830,730,500,180,180,504,748,871,855,706,791,149,172,472,705,834,861,768,585,339,48,244,511,705,823,835,766,617,392,121,166,427,644,789,862,839,731,553,502,25,273,526,745,875,945,901,771,563,276,27,353,638,872,1016,1066,1004,834,577,234,124,494,814,1057,1186,1206,1092,858,540,154,264,649,970,1214,1307,1393,1124,841,468,45,372,771,1081,1288,1367,1296,1113,806,437,4,417,818,1124,1312,1387,1319,1126,826,443,10,431,827,1163,1206,1456,1397,1190,871,475,9,457,891,1225,23
34,19,139,30,191,349,495,618,713,782,817,1114,783,716,618,497,350,194,36,124,286,429,561,659,734,770,780,763,718,638,532,396,253,92,63,218,360,484,595,396,720,742,723,678,612,509,396,267,123,21,160,293,412,509,588,641,664,669,635,570,485,385,275,154,21,110,238,346,444,523,580,614,624,600,558,510,378,267,143,16,119,248,367,474,553,606,631,625,590,516,414,287,142,16,179,330,469,582,659,690,670,604,494,633,166,34,227,401,544,634,667,630,534,387,203,2,192,350,460,506,481,394,250,0,2,0,1,0,0,2,2,1,2,0,124,6,128,249,341,389,388,340,254,138,0,140,268,370,437,467,456,403,327,396,110,11,129,237,328,391,433,447,444,410,353,278,187,86,14,108,198,282,353,407,442,455,447,420,374,311,233,248,48,49,147,236,322,396,455,498,521,518,502,450,381,288,181,68,48,168,281,388,484,561,613,634,630,597,539,453,345,226,84,60,201,339,456,652,645,694,715,699,661,594,502,382,252,107,41,179,320,445,555,644,700,729,729,699,642,564,464,338,202,54,96,1,385,510,618,706,768,796,794,759,691,3
43,56,234,130,474,802,1085,1294,1471,1526,1540,1745,1281,1065,772,448,98,257,586,888,1133,1345,1457,1500,1470,1335,1161,916,648,326,11,343,657,917,1165,1301,1400,1427,1365,1661,1030,777,487,172,130,437,710,957,1136,1255,1303,1273,1193,1045,851,619,330,57,233,509,735,938,1083,1171,1205,1146,1042,889,677,443,191,83,355,604,833,1836,1106,1157,1139,1082,933,725,482,209,82,376,647,881,1077,1202,1241,1191,1064,858,569,254,92,437,773,1030,1222,1297,1264,1233,876,537,150,262,649,955,1171,1234,1149,956,625,241,166,526,792,930,919,760,487,0,1,3,3,1,0,5,0,4,6,2,253,9,264,486,677,738,705,578,358,93,196,466,690,823,870,840,706,527,290,275,223,459,645,779,846,853,792,684,540,341,140,90,302,492,644,750,830,841,818,726,604,452,262,68,133,327,519,253,804,880,914,891,822,722,569,388,181,51,286,508,706,875,983,1063,1085,1032,946,766,564,317,42,242,519,769,989,1132,1237,1268,1221,1125,947,724,442,85,177,471,758,985,1178,1301,1356,1330,1256,1088,882,616,332,11,296,600,870,1085,1244,1343,1378,1361,1264,1099,877,605,299,486,349,655,935,1168,1352,1459,1523,1466,1369,18
23,27,312,458,580,675,743,771,768,721,648,424,408,258,98,69,227,376,504,613,692,743,756,728,669,571,457,326,180,31,126,280,416,530,625,678,707,708,669,831,497,373,238,95,48,197,329,449,541,603,641,641,620,571,495,399,280,158,18,116,242,356,451,522,576,590,584,545,486,400,300,185,61,68,197,744,414,496,552,582,580,547,489,402,289,160,20,125,264,393,500,579,617,622,580,505,391,252,89,82,257,410,535,288,657,626,551,418,250,49,153,334,472,559,576,526,411,257,73,107,262,367,409,3,1,1,0,0,1,0,1,0,0,1,289,237,148,27,104,227,324,383,393,364,286,175,49,91,217,321,395,437,436,584,338,252,143,29,87,189,280,351,402,422,421,388,339,267,184,92,4,100,193,277,343,394,422,433,419,383,330,305,178,82,10,106,202,291,368,434,479,498,498,468,411,338,242,137,23,96,214,326,431,510,567,597,596,567,507,421,313,193,52,90,229,364,473,660,636,665,670,635,574,485,373,239,98,44,189,323,445,546,624,675,694,677,630,554,456,340,208,65,84,231,374,304,599,673,718,732,718,663,587,474,345,12
29,16,105,46,189,330,457,567,659,724,764,1104,753,708,635,537,418,288,152,7,137,274,405,514,606,674,713,735,732,696,639,553,449,323,192,54,84,210,339,14,543,616,661,681,678,645,592,521,426,320,204,79,44,162,275,381,466,535,588,605,605,584,543,489,410,314,211,100,12,127,236,336,427,497,550,921,577,562,527,469,388,290,180,60,65,192,309,411,504,574,616,623,597,543,454,346,210,61,95,248,389,507,598,381,649,601,515,385,224,38,149,319,456,543,575,547,460,331,171,0,162,292,371,5,1,0,2,0,0,0,2,0,1,0,271,310,307,258,174,63,61,184,289,369,413,416,386,314,221,110,10,126,230,354,389,427,437,423,383,325,248,160,70,25,117,206,283,344,387,410,423,415,389,345,289,220,142,57,26,110,193,60,341,393,433,454,463,454,426,384,328,253,171,71,27,131,230,324,410,478,532,564,576,566,530,473,393,301,194,78,43,167,289,399,495,575,625,744,668,645,597,522,434,330,212,82,49,176,301,408,505,585,643,680,692,676,638,575,493,395,287,161,33,102,232,131,466,566,646,703,738,747,731,685,611,6
6,157,304,339,377,423,475,524,585,642,694,1147,816,861,898,929,936,924,908,886,833,800,750,700,671,644,631,634,637,648,660,669,696,690,677,664,629,582,529,50,405,334,263,198,136,96,58,38,16,13,32,60,94,126,171,195,232,255,270,268,255,214,177,125,67,15,42,78,108,129,129,126,98,71,36,194,19,34,28,19,4,45,79,124,162,195,224,238,248,241,230,224,210,197,184,177,158,135,122,98,71,48,15,249,33,43,50,62,65,61,65,78,89,115,141,185,221,253,288,298,300,277,242,45,12,17,12,26,11,16,34,41,3,7,40,93,142,179,202,210,192,175,137,94,47,6,52,92,129,145,148,134,107,532,9,59,137,213,293,364,409,442,455,438,388,317,226,109,18,139,261,378,471,549,605,632,628,611,559,500,411,499,208,85,21,138,245,336,418,475,513,520,523,498,465,423,367,315,285,257,247,266,286,333,401,471,553,636,711,770,812,837,851,842,821,776,727,1890,621,573,532,490,470,451,448,462,474,492,520,554,593,639,691,745,815,886,960,1025,1078,1134,1168,1171,1155,1119,1056,732,871,773,661,558,467,396,333,291,267,2
50,11,463,324,174,10,152,309,449,571,666,1209,766,768,731,660,556,431,292,141,18,175,328,459,571,653,709,732,727,686,621,516,396,256,107,47,196,335,460,213,632,678,691,668,623,543,449,332,196,57,86,221,342,447,529,589,620,626,601,545,468,371,263,146,17,109,231,339,433,507,556,582,581,554,495,404,309,196,69,55,187,307,416,506,566,593,593,558,498,400,281,140,10,161,311,438,540,615,644,630,561,452,306,519,50,236,401,531,619,638,597,492,343,159,36,222,373,470,503,468,368,225,56,0,1,1,0,1,1,0,2,0,0,0,288,313,286,213,105,24,155,270,356,407,406,362,284,170,48,80,201,301,381,538,442,420,367,292,191,92,17,117,214,298,361,403,422,412,385,335,273,192,104,8,87,174,255,325,381,418,438,330,413,371,309,236,149,55,48,149,250,340,416,475,508,517,505,471,416,337,243,128,7,120,245,360,461,538,594,621,617,587,525,440,332,202,63,134,222,349,467,559,628,667,677,655,602,523,420,299,166,22,119,261,389,500,589,648,683,690,673,621,549,445,323,421,39,112,260,401,529,629,710,753,764,0
77,139,244,246,228,178,119,42,52,161,272,735,507,621,725,802,871,924,945,939,922,874,824,760,709,647,593,557,540,530,558,573,621,667,729,768,807,830,836,374,814,773,720,655,583,499,412,328,253,168,105,40,7,40,47,47,39,0,42,91,150,206,260,297,331,344,345,337,309,272,218,167,116,59,14,27,44,58,66,55,45,21,1,28,54,79,93,112,112,121,124,122,122,122,118,117,116,110,99,86,71,46,20,235,46,69,102,129,148,170,180,200,210,224,240,254,274,290,315,328,337,348,345,34,36,47,48,40,37,5,45,47,64,19,26,55,85,110,139,163,190,203,211,208,198,177,148,119,69,28,26,74,120,385,171,181,190,172,147,119,71,20,22,74,115,144,165,160,142,97,48,19,99,183,268,342,417,474,515,539,555,252,556,536,521,493,463,435,408,380,358,338,310,300,285,284,272,276,280,296,304,314,320,328,327,326,319,304,291,273,251,239,240,237,236,242,249,1802,321,371,445,506,586,669,748,825,881,925,931,914,848,758,628,461,271,65,153,367,566,755,905,1025,1097,1136,1137,2015,1031,918,808,662,526,384,249,125,5,85
134,73,677,799,849,827,741,591,398,187,37,385,457,628,781,896,965,984,942,837,687,512,289,83,134,311,469,578,632,592,456,229,55,364,627,788,806,672,415,433,269,532,711,743,651,484,276,99,19,70,57,15,35,57,35,37,120,200,232,194,95,38,179,283,328,282,173,48,76,174,216,195,151,77,20,48,20,17,6,10,26,50,83,130,178,243,276,293,263,198,93,43,159,250,299,297,257,182,99,23,39,66,59,448,35,97,157,190,188,166,119,65,3,54,120,193,257,305,304,248,141,5,151,32,13,28,27,25,51,28,41,13,56,19,150,116,45,48,141,198,189,112,4,136,226,255,215,116,5,89,135,123,62,28,121,174,170,75,65,248,396,487,476,345,156,56,195,225,124,66,269,415,410,248,62,444,801,1057,1131,1020,740,654,90,464,697,765,645,378,28,284,506,573,463,226,37,260,380,391,315,207,163,226,413,695,1010,1267,1401,1348,1096,671,123,445,929,1243,1315,1176,841,356,23,363,540,564,449,207,75,357,603,782,898,930,894,832,785,757,766,777,764,669,477,159,220,635,1008,1252,1362,1917,1124,834,511,179,92,275,344,302,177,157
38,39,406,723,747,470,14,448,733,726,448,528,475,744,722,423,38,479,729,701,395,65,497,729,683,362,92,504,721,661,343,107,517,714,636,306,139,527,707,833,269,165,526,683,576,239,183,534,663,531,199,208,529,643,505,176,219,527,622,467,142,240,518,593,439,105,265,523,577,405,80,281,536,574,385,259,319,543,552,345,9,362,569,549,293,85,427,595,515,208,194,520,620,461,90,318,592,604,340,91,481,651,510,529,321,612,607,304,157,529,623,385,47,434,576,401,12,356,502,350,4,315,413,0,1,0,3,0,0,1,0,0,0,0,83,281,305,132,138,341,353,158,133,363,396,214,88,352,438,302,15,271,433,570,153,145,374,434,290,31,242,407,398,208,63,310,422,356,139,127,344,425,327,97,172,376,424,306,63,209,401,325,293,32,243,427,446,293,14,274,465,474,298,8,315,500,486,281,49,366,550,515,279,82,418,591,528,254,128,465,620,536,226,178,515,653,532,183,218,552,667,516,165,254,581,675,508,138,285,599,679,497,117,303,611,685,495,112,312,623,690,494,103,334,648,735,505,97,349,670,733,512,81,380,701,22
5,24,59,272,456,608,717,767,764,697,587,196,235,31,178,368,533,658,736,757,723,629,494,331,133,76,272,447,586,676,727,723,664,544,390,207,15,174,354,104,613,682,686,643,564,429,270,95,89,260,413,531,607,638,624,564,456,326,162,14,179,328,447,538,592,594,550,464,345,200,48,115,267,404,508,935,580,550,477,369,225,66,106,268,416,519,583,598,562,473,340,167,19,205,378,518,611,644,602,491,333,132,91,187,485,608,649,613,498,307,76,164,367,510,566,540,420,241,28,177,335,419,407,0,1,0,0,0,1,1,0,2,1,0,176,277,329,311,228,99,52,202,323,402,409,361,259,116,39,191,318,405,437,597,360,258,127,12,152,267,356,409,425,398,342,243,126,4,120,226,320,387,425,421,385,317,224,116,3,125,237,121,406,447,452,427,364,278,162,34,98,225,346,440,499,523,500,444,356,232,84,69,227,365,485,565,604,589,535,433,303,140,41,219,381,515,605,744,660,604,506,359,196,14,170,346,497,600,669,680,646,563,437,280,103,77,256,417,551,648,697,693,643,545,406,466,44,147,334,503,633,721,755,734,660,10
99,1,247,354,442,503,538,530,497,440,376,473,236,170,106,45,26,88,151,210,261,307,341,370,385,378,352,302,221,127,10,100,214,293,346,340,288,210,95,325,142,238,307,330,322,280,219,152,93,44,28,29,46,64,73,62,38,6,50,91,107,100,62,11,43,95,129,131,112,79,46,13,11,20,13,86,2,4,3,0,4,2,18,44,86,118,148,162,151,127,89,40,7,53,83,100,106,105,87,59,33,1,19,68,34,24,11,9,32,39,49,60,70,88,103,117,126,120,86,35,30,94,143,11,10,23,19,27,24,20,24,3,19,7,14,35,52,51,34,4,51,97,128,128,103,53,7,55,88,84,58,16,34,170,82,69,20,47,118,177,215,214,176,114,41,27,62,63,27,45,128,207,261,260,207,99,51,216,374,498,558,481,479,346,181,20,121,208,235,196,102,20,145,249,308,318,290,233,172,137,143,198,292,417,533,626,659,619,505,326,109,117,318,468,544,540,468,419,193,31,115,231,305,336,330,286,228,143,60,14,68,103,124,144,160,205,275,369,484,603,706,772,791,750,665,1099,408,274,151,43,33,83,111,111,84,53
25,29,147,91,321,525,686,790,824,785,683,345,318,89,151,373,560,696,781,801,749,638,469,264,38,195,403,581,708,769,774,710,590,408,204,18,239,432,591,459,741,724,638,506,341,131,75,277,449,580,663,685,655,566,436,267,72,119,306,456,564,621,633,593,499,357,189,8,170,335,468,572,620,613,556,423,286,111,73,254,410,534,611,628,584,481,331,154,51,258,436,577,651,660,591,468,283,65,170,387,563,669,687,630,474,255,1,250,470,618,667,607,453,236,17,259,444,538,525,414,225,7,197,0,1,2,0,0,0,0,2,1,3,3,305,323,269,145,11,177,319,402,414,360,236,69,111,274,395,461,454,397,278,269,38,196,327,416,453,445,385,284,163,17,125,258,361,426,449,427,367,276,155,16,120,242,343,420,456,454,417,348,220,87,50,187,312,413,485,513,505,439,344,210,51,112,270,409,517,578,597,556,466,336,166,19,213,385,522,617,662,654,578,453,288,93,113,398,488,616,698,706,662,565,419,226,19,187,384,541,657,718,720,664,546,383,199,13,219,410,572,684,750,749,690,751,398,195,26,249,458,629,753,813,803,8
19,12,27,233,392,449,369,119,36,286,417,744,414,237,18,194,358,386,459,341,159,85,272,379,380,271,78,110,278,337,247,53,175,335,345,150,100,378,425,152,124,141,324,348,231,32,50,212,115,88,31,3,1,3,64,104,56,99,30,34,82,82,29,11,104,97,48,42,98,103,61,0,24,54,26,3,0,53,44,22,8,39,56,61,112,5,10,82,133,140,109,63,140,163,142,79,37,127,141,141,41,93,49,254,38,70,40,12,60,52,54,114,20,15,27,93,140,137,58,9,176,216,164,25,0,33,15,10,5,5,34,1,19,14,23,54,92,63,12,83,164,96,11,86,103,56,27,90,77,25,43,64,67,142,84,96,23,96,192,197,51,73,217,238,146,8,86,42,35,5,117,55,237,362,324,103,206,534,607,368,86,60,473,455,239,39,230,194,178,15,247,233,82,118,262,305,253,33,2,42,16,71,247,452,523,511,171,161,641,848,748,383,93,461,685,439,175,766,267,244,69,158,321,277,225,40,343,432,477,405,252,74,122,212,441,506,557,449,195,161,512,754,753,473,104,173,479,552,438,216,15,226,127,135,94,76
66,28,375,91,288,653,909,1009,874,691,314,59,354,617,787,880,861,672,466,75,94,510,714,774,688,479,112,178,362,645,517,344,35,314,588,585,506,48,228,915,874,741,390,26,355,466,345,434,16,0,2,55,101,77,155,160,292,117,97,57,184,232,162,63,158,318,313,214,56,100,194,203,79,8,143,113,15,37,7,46,81,111,256,242,119,69,114,240,321,312,312,8,76,421,303,282,142,7,116,163,188,11,42,120,93,62,134,174,167,173,183,0,51,55,178,272,314,271,78,47,320,442,403,101,44,14,10,15,27,23,25,17,16,11,114,37,83,181,185,49,44,262,252,204,42,133,238,232,99,29,126,94,39,186,194,167,13,211,318,406,423,66,236,414,413,254,28,162,69,63,284,397,302,30,495,907,1152,861,410,253,840,881,1034,618,66,402,572,507,71,446,584,601,361,25,394,610,634,381,355,222,274,378,401,240,146,671,1267,1561,1418,904,129,677,1252,1534,1294,791,208,1835,530,442,137,235,520,505,604,174,2,432,676,807,834,799,717,596,349,9,268,722,1141,1408,1414,1155,556,7,541,882,1121,991,671,285,60,134,252,224,63,51
142,121,677,796,862,893,857,794,684,558,422,580,154,19,96,215,312,406,487,557,627,666,711,722,728,713,673,593,480,319,125,99,327,542,695,783,784,687,515,423,25,213,418,569,620,615,543,424,301,186,112,75,85,122,180,228,245,210,137,34,81,192,246,263,213,123,24,88,164,204,206,170,117,58,8,11,24,6,11,17,23,36,64,83,88,65,22,43,123,200,270,325,358,345,311,243,166,67,9,88,128,135,116,411,14,36,81,113,138,136,142,145,155,157,150,117,76,3,91,184,253,303,315,66,32,14,6,23,31,42,15,9,3,30,63,81,62,18,53,127,192,225,214,148,60,56,161,234,248,211,125,13,96,411,228,195,94,49,215,366,478,517,467,352,195,30,103,165,134,11,184,405,601,722,745,641,416,108,248,588,850,762,1048,949,746,466,151,132,360,497,525,450,308,122,54,189,266,267,208,120,33,14,5,129,354,646,973,1288,1533,1682,1685,1565,1321,985,591,197,144,1934,579,625,567,412,204,49,292,500,668,770,811,822,820,819,842,889,975,1083,1186,1281,1336,1326,1254,1116,900,655,383,1181,132,332,477,547,566,505,388,238,66,61
54,4,197,222,243,249,251,241,219,187,153,87,65,22,24,66,107,139,169,200,212,224,232,235,234,226,218,197,172,132,90,40,19,83,149,217,272,324,367,454,401,397,382,354,314,277,227,180,134,95,57,35,12,0,3,0,13,26,44,60,75,89,95,99,96,89,74,56,41,27,15,7,4,2,7,16,12,16,6,3,16,31,56,83,102,123,136,151,159,163,165,162,152,145,133,122,108,93,78,55,33,14,2,111,27,33,34,34,31,24,25,27,37,51,66,87,107,116,124,120,104,78,46,21,12,9,21,12,12,32,1,5,0,14,44,53,53,38,18,10,41,71,95,112,121,120,105,87,56,27,3,31,62,219,91,97,91,73,44,9,27,69,107,135,153,160,145,114,64,7,88,179,269,365,444,511,557,582,587,563,524,410,397,316,230,145,56,23,100,161,215,260,285,296,293,284,259,233,204,171,144,128,123,119,131,146,169,199,231,265,289,310,326,330,334,326,312,929,275,252,228,201,177,156,136,127,125,126,144,171,209,257,314,378,446,510,578,630,682,719,747,760,758,745,714,1037,619,557,483,409,332,246,167,92,18,95
102,28,276,332,379,415,434,432,427,407,376,447,302,264,224,189,156,126,92,68,34,12,6,24,38,40,30,12,15,53,105,157,211,262,311,347,378,393,397,400,377,351,325,289,250,213,174,139,100,72,46,31,24,26,34,43,59,75,87,95,95,83,64,34,6,20,50,74,86,89,86,66,53,30,13,52,8,3,0,13,24,43,58,67,70,67,57,50,36,18,2,17,29,38,46,55,62,64,66,62,57,45,33,184,6,25,44,62,74,78,76,66,55,42,30,23,22,33,50,72,102,133,161,11,10,21,4,13,1,12,12,9,5,23,54,61,60,47,26,0,29,57,92,114,131,141,142,129,106,78,41,6,37,258,97,114,115,103,76,42,0,46,90,125,148,152,140,109,59,5,84,164,247,333,403,466,513,540,553,544,515,454,411,338,256,168,77,11,95,165,226,275,299,311,305,289,260,228,196,165,142,126,125,134,157,188,227,278,326,373,417,453,478,491,487,477,447,879,361,300,240,184,133,82,41,16,2,8,4,23,60,116,177,247,329,411,494,581,650,708,750,770,772,757,723,1072,616,550,481,401,333,260,184,107,29,25
13,27,169,137,94,48,3,42,80,107,127,171,153,151,162,176,190,205,228,240,262,276,291,309,323,336,345,347,330,300,250,185,102,2,97,199,287,365,417,436,446,423,378,322,252,183,114,57,19,4,6,8,34,63,81,85,79,59,19,25,70,102,126,124,105,72,34,9,43,66,75,69,57,39,23,6,2,9,9,19,30,38,62,86,105,127,151,155,157,149,133,112,84,50,20,6,30,49,57,57,45,26,3,297,54,77,92,103,103,101,97,97,96,104,112,121,116,108,80,39,8,65,116,11,7,5,0,19,9,3,5,18,17,14,44,50,41,22,9,45,79,101,107,92,61,22,22,61,90,97,85,56,8,2,86,127,143,141,115,64,2,70,134,182,199,186,143,78,1,85,146,186,190,151,74,32,158,289,410,506,571,506,561,497,392,269,131,0,113,202,253,273,256,216,160,101,54,33,39,73,137,220,308,392,452,477,472,410,317,190,50,91,223,332,406,443,441,908,338,246,139,18,100,214,315,395,446,472,477,454,433,406,392,397,423,475,536,612,683,743,780,793,784,741,683,1198,514,417,317,218,124,43,40,95,148,5
54,7,593,623,540,336,40,269,534,738,833,1274,751,626,449,261,48,167,346,475,565,614,618,573,443,237,0,235,440,535,496,329,35,303,552,651,573,346,25,688,544,665,616,454,230,8,184,272,268,209,116,64,69,90,125,150,122,46,51,133,156,95,28,142,216,217,153,51,50,129,151,117,75,33,8,98,47,69,47,19,14,71,126,158,165,132,50,66,178,266,295,253,175,76,31,116,163,164,109,31,18,44,62,216,16,45,110,133,112,58,5,48,87,135,178,226,222,188,104,33,180,275,282,23,22,16,3,40,16,9,5,32,44,3,14,101,122,79,15,119,172,159,80,33,141,187,169,86,22,115,144,110,16,173,151,126,16,136,278,331,277,116,104,296,365,318,161,12,100,49,102,314,480,510,363,47,369,757,990,995,758,438,126,494,674,636,430,132,147,330,328,168,77,308,431,444,381,292,221,204,233,286,316,231,11,378,793,1122,1276,1196,880,400,131,604,905,957,772,29,48,247,369,339,179,62,315,531,681,720,648,495,289,91,79,233,405,578,751,925,1028,1041,932,661,253,200,618,769,988,921,742,484,199,57,230,292,198,128
111,188,566,822,972,993,889,684,427,153,120,433,547,690,792,863,885,858,806,707,554,371,143,98,344,558,709,764,719,568,331,16,281,540,691,679,531,247,106,776,743,875,863,691,422,121,126,276,307,234,128,30,6,60,155,260,317,280,155,8,169,260,258,159,12,133,229,257,222,138,60,17,65,89,95,259,81,58,36,19,77,136,178,186,148,65,42,165,270,332,332,287,209,95,2,85,140,155,126,78,6,61,105,42,62,8,73,115,137,138,130,129,135,138,108,41,70,205,325,373,336,213,34,14,34,49,18,24,13,3,21,13,43,8,64,64,34,21,92,145,150,101,10,130,241,266,213,90,65,193,238,198,66,157,181,204,123,45,250,413,476,412,243,12,186,309,299,179,1,161,225,153,71,391,715,945,1002,844,487,15,467,545,1056,1038,827,479,80,242,416,407,250,7,303,520,632,620,513,352,242,216,265,381,481,477,320,3,445,943,1370,1631,1653,1429,987,433,142,620,895,1651,756,439,55,300,558,666,637,478,249,4,236,427,575,685,779,879,994,1103,1190,1203,1111,904,580,178,243,632,921,1327,1132,1045,866,604,299,2,241,387,401,93
92,83,97,135,175,225,280,331,382,430,469,783,520,532,532,514,492,455,412,360,308,255,206,156,120,90,70,64,64,77,100,128,157,198,234,273,310,339,364,525,393,394,391,372,349,319,286,247,203,153,114,65,24,14,41,63,84,83,87,77,59,42,15,5,31,46,63,73,77,75,68,62,51,43,35,8,29,25,36,43,54,69,85,105,115,132,141,147,153,150,150,145,137,127,112,101,89,68,54,36,20,4,11,284,34,41,46,48,48,41,28,14,0,14,27,42,49,57,56,48,39,21,3,0,23,12,31,3,12,22,7,49,38,29,6,22,39,52,62,67,64,58,49,38,21,7,6,17,28,36,39,40,36,257,20,6,6,22,38,57,72,88,95,104,103,100,87,64,41,0,36,81,134,186,236,286,330,364,392,409,412,192,394,371,340,304,266,226,193,157,136,114,104,98,99,108,117,131,142,162,165,171,173,168,162,150,133,117,92,76,56,40,31,29,29,35,52,753,114,153,200,242,296,346,385,419,437,446,430,398,348,276,190,86,25,138,258,370,471,560,633,683,706,707,693,1036,604,542,468,401,315,254,195,144,104,60
46,7,675,631,188,455,960,1054,663,1,638,1404,974,627,71,481,853,913,639,132,411,758,779,481,2,475,703,561,94,424,682,490,57,599,732,354,306,766,722,169,398,716,581,149,301,473,353,101,110,155,109,40,37,77,61,32,138,168,56,118,220,137,60,232,229,50,153,219,129,34,112,77,15,63,36,305,77,86,62,23,53,148,202,152,36,237,320,220,32,257,326,203,8,193,244,161,13,95,141,82,12,74,43,605,113,88,8,141,180,117,15,88,162,185,141,14,169,312,273,27,282,417,248,56,2,5,3,42,20,0,2,22,56,59,132,67,70,137,48,108,187,128,46,192,198,69,102,165,105,34,105,50,77,457,6,191,288,136,197,451,403,49,361,498,295,61,257,181,24,88,117,404,429,40,551,925,731,21,760,1094,759,312,706,863,451,171,530,399,65,432,406,1,467,619,373,56,394,456,340,247,230,169,127,628,1043,982,306,698,1467,1488,692,445,1268,1328,685,198,753,754,242,295,494,249,254,647,655,249,336,800,897,608,98,408,755,878,763,421,136,758,1201,1185,615,284,1092,1383,1026,1244,576,965,848,378,133,397,361,80,202,42
24,69,172,431,665,868,1005,1061,1039,960,836,1294,541,401,275,160,46,77,201,333,469,587,687,760,791,776,720,595,405,188,73,306,509,616,618,506,286,19,272,1123,702,775,722,593,397,198,27,80,117,88,22,38,59,66,6,94,177,231,258,214,109,14,135,246,291,278,218,123,15,61,114,127,92,40,34,42,128,161,160,167,166,161,153,132,85,37,55,149,242,309,331,307,236,129,7,96,182,211,215,175,111,39,10,321,73,69,54,32,2,29,69,108,161,214,258,302,307,284,214,96,46,185,295,0,10,7,51,60,46,58,5,17,18,23,2,35,94,143,159,133,58,50,159,252,287,266,178,68,44,127,152,120,41,63,157,198,180,79,64,239,382,468,466,383,243,73,55,108,63,61,253,437,562,577,452,213,127,501,836,1055,1146,918,806,465,100,209,421,488,407,198,67,331,557,679,667,584,443,304,232,244,325,484,635,743,724,573,282,111,560,980,1307,1489,1484,1306,991,589,174,1369,433,555,531,388,161,115,384,626,796,874,927,887,840,801,772,766,794,801,762,675,504,260,54,387,708,975,1154,1474,1202,1071,871,628,377,111,107,258,317,12
100,32,249,117,480,804,1080,1260,1365,1342,1245,948,768,445,76,286,635,924,1148,1278,1331,1270,1120,898,606,254,100,441,760,1011,1192,1282,1278,1172,984,724,415,89,263,187,849,1057,1173,1204,1162,1011,797,527,214,106,413,681,902,1041,1117,1115,1008,859,625,341,45,246,511,746,921,1019,1046,988,863,669,440,168,118,408,652,1523,974,1021,996,895,710,474,192,106,406,664,875,1014,1077,1034,893,668,374,43,298,611,884,1067,1144,1091,917,638,282,621,500,829,1053,1148,1099,884,550,142,265,624,875,979,932,722,401,33,323,586,706,6,0,3,2,0,2,3,2,4,3,3,253,460,577,579,464,260,3,276,511,679,731,679,527,294,29,235,479,666,765,998,694,541,323,84,164,375,557,678,748,735,662,520,329,120,102,296,479,617,718,746,718,638,500,325,124,85,290,175,643,749,799,793,720,607,427,222,8,245,477,674,820,907,915,874,752,581,345,88,204,474,720,902,1030,1069,1040,909,718,467,165,152,457,725,954,1215,1176,1153,1048,839,592,288,36,365,662,905,1098,1193,1209,1131,976,748,463,154,173,489,770,996,1161,1236,1243,1135,961,1076,398,65,281,617,908,1141,1295,1350,1301,7
160,118,635,725,795,868,881,910,898,876,837,1136,748,683,630,570,500,438,386,312,244,186,119,88,57,67,89,132,177,231,280,322,396,445,548,605,679,727,748,527,697,661,593,542,476,437,359,298,219,143,91,43,55,44,78,85,108,129,141,169,169,201,202,231,211,192,168,116,94,50,36,6,3,24,34,6,62,69,85,90,110,119,142,160,186,202,214,221,226,226,215,207,193,175,154,146,130,123,124,105,89,61,29,320,46,66,96,109,122,140,148,164,160,165,166,172,181,204,234,264,286,300,297,63,12,5,9,26,54,29,8,5,11,10,107,83,46,0,42,90,122,150,168,169,168,150,131,110,79,60,26,14,23,300,70,86,81,76,40,13,41,81,124,157,172,182,159,135,68,6,122,246,380,517,631,745,820,891,926,937,917,719,816,707,608,470,346,204,84,53,171,290,378,437,478,444,401,294,199,57,59,206,344,474,602,691,793,823,864,826,789,722,635,557,451,362,244,846,4,116,229,338,437,535,606,669,703,723,723,701,663,601,535,456,370,277,179,81,9,86,137,179,201,206,222,969,239,238,232,204,157,94,1,92,212,19
158,14,161,425,820,717,140,548,942,821,269,575,829,817,428,145,608,755,532,66,413,654,561,157,322,592,501,81,397,587,318,218,582,458,91,584,598,83,520,572,330,278,643,507,39,370,432,199,63,169,118,53,67,81,15,128,197,89,109,205,106,119,224,119,105,238,168,28,171,165,47,68,96,46,17,93,24,25,82,82,4,94,156,109,39,166,180,63,107,205,151,18,180,195,57,104,162,86,38,97,53,28,62,251,61,100,59,30,118,138,72,30,121,163,115,19,173,237,113,139,309,216,85,57,40,29,0,42,28,14,18,49,40,7,4,77,61,48,112,62,68,150,79,79,174,102,65,173,115,34,116,63,44,466,53,159,95,134,324,236,95,385,354,41,269,307,96,100,65,97,100,168,474,424,104,722,849,299,542,991,694,223,720,719,186,360,459,102,302,323,54,443,465,84,364,512,330,54,112,195,323,475,452,38,620,1062,849,29,1009,1364,789,316,1132,1091,321,517,803,57,193,486,251,241,537,365,158,634,719,340,242,668,756,499,53,425,773,855,542,132,859,1203,864,11,886,1211,815,776,672,874,569,20,414,460,161,195,271,24
158,79,132,179,502,732,768,629,321,52,411,959,781,752,584,332,42,229,439,582,621,563,404,155,139,399,552,535,345,22,304,505,479,229,148,501,663,560,233,664,540,688,578,291,42,291,378,306,162,36,23,1,33,44,18,109,174,166,64,67,161,163,66,68,176,198,121,14,125,181,159,80,5,69,87,212,13,42,83,93,63,7,94,168,193,160,69,52,158,224,223,161,40,79,174,197,154,66,35,103,106,47,32,204,93,39,49,131,166,161,102,15,72,159,210,216,166,55,90,217,272,215,73,21,26,10,20,25,17,3,11,66,6,23,76,2,82,128,108,24,100,182,187,97,41,166,219,167,42,86,145,122,28,307,62,24,153,244,225,66,161,346,399,301,118,60,156,125,31,7,80,239,426,492,368,33,387,745,872,696,302,464,590,720,557,218,122,297,239,6,270,419,344,94,215,438,502,403,280,203,207,225,136,114,511,907,1112,985,513,168,806,1187,1156,765,195,342,634,972,325,65,366,457,294,37,405,669,733,585,301,17,305,513,636,714,732,677,486,152,296,740,1069,1148,933,503,32,101,774,809,625,307,7,226,287,183,41,27
65,73,590,674,733,785,821,832,835,825,809,1191,772,748,722,700,664,618,582,537,496,460,443,418,412,425,431,462,489,519,551,581,608,621,598,592,541,461,392,306,211,124,38,27,74,116,119,134,112,85,59,0,45,97,135,161,189,192,186,163,111,67,6,59,121,166,204,212,221,199,179,147,115,88,60,153,29,25,16,10,0,11,20,53,87,108,143,163,187,196,208,216,208,194,188,163,139,117,88,65,40,25,4,476,37,59,71,81,94,93,105,110,122,135,139,160,181,208,246,275,301,319,313,1,8,62,16,31,39,15,7,22,21,15,45,10,17,48,84,110,129,140,138,140,115,90,67,28,3,16,48,57,72,393,56,33,0,59,131,206,274,333,373,393,374,326,259,161,47,58,181,285,383,452,501,534,516,482,426,324,235,401,37,52,146,207,275,320,334,360,338,322,281,239,195,167,141,157,175,233,312,397,529,647,791,933,1052,1160,1253,1296,1315,1296,1240,1155,1033,897,745,595,405,253,92,34,160,286,355,436,482,496,503,454,404,340,228,121,5,130,231,356,454,510,570,587,577,562,525,1400,452,402,354,297,231,153,58,39,145,105
15,18,333,488,609,713,782,810,824,777,717,544,495,352,192,23,145,299,445,570,670,752,787,806,771,704,613,499,368,227,72,95,244,387,519,608,698,738,754,796,679,599,494,365,232,77,69,213,340,462,550,621,663,680,665,630,553,472,349,228,92,41,170,287,400,492,564,603,619,610,584,515,443,330,217,182,48,175,303,417,511,577,616,628,604,557,470,370,245,97,60,211,358,487,581,644,670,653,602,495,354,188,1,287,368,516,630,681,680,603,475,304,105,97,280,433,526,555,511,406,250,72,103,0,0,1,1,2,3,0,2,1,5,1,20,111,235,322,378,376,329,238,118,23,161,284,379,442,460,447,378,289,177,180,70,183,292,375,428,451,447,412,375,294,214,112,6,93,190,271,352,402,438,450,438,421,364,304,227,139,42,110,156,252,332,396,449,491,503,499,479,422,359,271,158,45,71,195,303,403,497,552,609,616,607,570,501,408,296,164,27,107,251,387,490,599,656,774,710,683,631,545,438,312,173,21,131,267,410,508,609,672,720,733,717,659,585,481,358,231,88,65,208,353,486,442,685,750,776,774,737,671,590,471,340,6
196,133,539,652,727,784,805,816,790,750,690,720,504,397,297,190,78,16,106,186,261,320,356,401,412,428,405,379,329,255,173,81,37,158,278,398,510,605,684,1184,775,780,758,710,644,566,466,359,254,149,54,28,85,127,147,151,126,91,49,12,70,120,166,216,235,242,233,215,189,156,125,92,52,35,20,42,1,12,10,27,39,58,87,113,148,185,217,247,265,287,297,293,285,277,252,237,203,168,142,107,65,31,1,579,65,91,110,123,124,130,125,123,119,113,108,115,131,156,186,229,269,314,350,22,31,16,33,57,9,21,30,35,14,32,66,81,79,67,36,7,54,101,149,189,218,229,230,219,185,140,87,24,45,97,172,226,265,295,303,293,265,227,167,105,47,11,62,85,91,68,22,41,132,247,357,483,607,713,807,873,914,384,914,873,795,698,579,440,301,148,7,126,237,323,367,365,327,255,124,28,218,411,619,833,1030,1201,1344,1451,1515,1542,1519,1463,1381,1245,1094,922,744,75,360,158,17,192,340,457,563,626,661,676,641,572,489,356,218,59,106,270,434,584,712,830,916,979,1017,1030,1015,2029,924,848,756,662,530,405,272,125,16,32
42,22,257,297,337,376,412,440,464,481,495,764,497,493,482,457,443,420,389,370,340,322,300,286,275,272,275,285,293,311,327,346,368,391,403,413,415,407,389,36,332,292,243,193,144,98,61,26,2,14,12,6,8,26,58,83,109,131,147,152,158,152,140,118,95,71,36,10,9,30,46,53,58,60,61,51,58,62,63,69,81,96,103,116,123,130,139,133,135,126,122,115,109,101,95,85,70,59,37,25,0,23,46,167,79,93,98,97,97,94,90,88,90,97,105,123,136,149,160,159,153,137,112,14,25,1,15,19,8,19,19,14,18,12,13,32,50,59,69,68,66,59,46,32,17,2,13,29,43,56,64,67,59,199,23,12,48,92,137,178,214,234,248,234,211,172,123,56,11,87,156,220,276,319,348,369,375,366,343,311,266,350,157,101,31,31,87,140,183,216,241,252,256,253,244,230,212,194,182,166,159,153,148,156,161,171,185,201,215,229,244,253,262,269,267,263,258,962,242,238,232,235,241,255,274,297,322,348,374,399,425,440,455,471,487,499,509,520,520,521,515,500,479,444,407,179,312,265,217,173,141,117,108,107,130,17
109,77,229,127,33,223,399,533,584,557,460,538,148,9,147,258,333,382,407,404,372,315,212,88,55,193,312,374,366,278,128,51,227,334,344,252,76,134,320,553,422,311,133,53,209,282,268,196,109,36,7,21,59,84,77,24,45,118,151,139,79,1,73,106,95,43,21,78,102,93,58,18,12,25,30,106,7,8,23,48,71,86,89,69,25,39,100,154,174,159,114,52,11,57,82,83,63,35,12,1,9,0,14,229,38,40,31,14,9,37,57,82,101,110,106,84,40,20,93,155,184,169,114,14,19,2,4,10,6,0,23,7,22,15,15,15,4,32,55,54,26,18,66,96,93,49,7,57,84,81,50,9,19,222,12,66,113,128,93,10,97,194,249,234,166,69,13,50,27,37,106,126,72,64,245,420,521,504,366,137,119,201,444,429,315,137,33,142,160,90,37,167,262,292,254,177,96,34,1,7,29,87,203,352,504,620,634,537,327,42,255,504,641,652,535,333,103,823,210,222,138,6,183,323,398,396,326,202,55,86,206,308,394,468,536,581,583,524,380,174,73,325,532,656,684,1058,465,281,97,60,165,205,178,97,9,32
147,131,2,508,888,931,570,56,699,1093,1123,1201,217,358,790,979,889,566,132,323,666,824,739,423,33,491,729,663,285,224,619,635,281,282,731,754,342,323,825,575,487,143,657,788,512,40,331,438,283,50,65,41,49,60,40,179,226,116,78,238,218,29,190,269,154,82,271,304,158,46,188,201,125,24,33,106,7,53,65,43,1,89,194,250,205,49,163,345,375,234,11,236,317,253,93,58,128,106,33,15,4,53,111,402,37,63,169,199,159,67,31,130,193,212,174,61,99,261,316,211,32,284,382,0,15,17,71,89,40,37,22,13,22,66,98,20,98,75,27,119,102,9,130,178,94,54,172,193,79,38,113,88,11,379,15,138,207,115,128,365,444,249,100,398,457,285,6,141,92,65,94,107,470,706,565,17,690,1129,1023,398,404,664,940,468,147,508,432,61,323,420,152,296,627,633,309,131,449,519,417,320,293,283,103,327,876,1254,1104,379,645,1460,1648,1095,91,820,1214,996,349,1807,556,381,60,464,581,311,208,697,947,839,419,104,559,867,954,877,606,164,424,1006,1368,1313,777,63,914,1398,1350,1917,89,551,863,805,446,30,286,314,110,87
51,58,94,451,768,1057,1279,1431,1538,1532,1474,1420,1115,851,550,207,126,455,762,1029,1252,1425,1501,1499,1429,1254,1053,796,512,207,120,451,740,997,1214,1331,1421,1426,1343,1673,990,737,454,152,146,445,722,963,1133,1252,1301,1272,1199,1064,876,665,387,122,165,437,675,878,1051,1137,1196,1164,1082,952,774,553,321,49,222,467,717,1768,1042,1132,1159,1134,1038,866,664,411,118,168,454,714,939,1109,1219,1235,1173,1045,811,537,205,144,496,804,1076,1238,1304,1098,1108,841,505,112,294,671,981,1164,1206,1122,896,565,185,203,543,787,900,867,687,1,2,0,2,5,0,0,1,6,5,2,211,442,621,678,657,513,291,28,242,513,698,817,861,783,643,447,188,78,331,566,732,835,885,849,745,615,422,207,0,216,416,587,725,807,841,820,768,662,521,337,144,47,246,435,584,721,826,559,888,846,769,638,479,302,91,130,347,545,739,889,988,1044,1029,986,877,712,527,284,28,231,497,751,950,1115,1214,1241,1210,1116,952,753,498,204,86,528,689,918,1136,1265,1339,1345,1283,1138,975,728,444,160,149,458,735,977,1175,1296,1364,1370,1307,1209,1028,791,519,212,114,66,723,981,1192,1354,1459,1476,1456,1333,1172,30
181,33,455,255,21,342,642,879,1030,1092,1049,1731,801,635,454,263,58,144,352,529,693,801,860,863,791,660,464,209,72,359,591,715,696,521,233,143,506,787,916,406,650,343,7,295,485,536,481,334,181,56,9,22,98,181,209,171,59,96,252,351,374,307,169,9,170,256,270,210,106,3,74,102,84,52,1,212,52,68,83,96,109,108,80,28,53,145,227,273,282,244,171,67,26,106,159,178,167,132,90,38,11,33,23,365,60,118,167,200,200,173,127,83,36,23,79,143,211,275,293,250,147,13,195,0,39,38,23,7,3,7,39,6,44,40,4,49,40,5,76,141,175,147,82,21,121,196,214,177,85,25,114,151,123,296,77,173,195,121,21,224,397,496,477,352,156,43,163,185,96,75,230,313,266,64,258,616,920,1082,1073,845,476,474,348,635,749,674,436,123,191,420,505,423,228,41,294,475,554,520,442,382,388,507,711,922,1069,1066,870,487,31,577,1057,1375,1473,1354,1061,665,255,1822,330,413,346,169,87,379,637,837,939,929,837,675,501,343,204,66,77,254,499,777,1088,1357,1555,1607,1498,1246,888,1635,70,271,519,652,660,572,402,159,88,49
15,21,121,95,303,493,637,738,772,746,665,403,349,149,69,277,464,607,707,752,737,662,536,373,178,37,238,423,575,681,730,722,658,533,374,188,12,207,391,169,638,692,680,622,522,367,194,5,182,348,488,584,633,635,585,492,356,200,22,152,308,438,533,590,600,551,464,338,191,27,134,293,424,526,578,838,531,444,318,171,0,171,331,463,554,589,577,513,403,241,57,138,318,472,575,626,612,533,388,195,24,243,436,191,652,634,537,370,151,91,319,491,584,584,486,319,100,120,310,429,458,396,251,1,0,0,0,0,0,0,1,0,0,2,180,50,101,240,333,368,335,240,100,62,216,341,418,431,382,282,141,15,169,320,395,439,433,378,279,160,25,108,231,331,400,426,406,356,271,165,45,77,198,300,377,420,428,398,337,246,136,160,117,235,334,406,451,466,440,374,283,158,19,126,264,384,470,526,539,510,434,321,174,14,157,316,454,553,615,614,570,480,341,173,7,191,362,598,612,666,667,607,502,356,183,12,205,376,520,624,677,678,627,529,385,216,30,160,340,498,615,689,715,676,591,644,282,91,111,308,488,632,730,763,740,5
5,65,121,268,623,958,1239,1443,1603,1633,1626,1690,1290,1028,694,340,34,399,739,1047,1290,1494,1584,1594,1520,1349,1132,854,554,208,150,497,825,1093,1327,1432,1512,1495,1399,1765,984,700,378,31,286,605,888,1126,1278,1375,1385,1316,1201,1018,783,523,204,96,401,676,900,1074,1208,1259,1265,1171,1038,837,595,318,55,248,526,779,1003,1925,1220,1232,1176,1063,880,628,365,56,256,563,829,1047,1209,1298,1293,1197,1016,772,431,87,296,647,981,1200,1358,1369,1290,1331,776,372,49,484,864,1147,1302,1307,1143,881,493,68,359,704,943,1023,947,726,390,3,0,0,2,0,0,4,4,2,4,1,287,20,277,515,718,777,753,615,390,102,194,491,725,878,930,900,758,569,312,276,237,481,692,827,905,898,837,710,567,356,136,98,330,524,700,802,886,893,859,764,629,470,269,54,150,364,559,309,860,937,965,938,863,755,590,391,173,81,327,559,771,944,1052,1130,1143,1074,974,778,561,306,5,293,588,853,1068,1224,1313,1344,1278,1167,961,722,415,17,247,551,859,1089,1282,1391,1445,1395,1305,1108,875,591,281,64,396,718,991,1199,1351,1444,1459,1413,1299,1102,861,556,224,389,470,783,1075,1302,1479,1566,1611,1534,1408,14
252,145,475,280,14,293,575,837,1020,1128,1144,1671,947,780,577,388,196,12,166,351,518,668,792,868,882,815,675,448,178,115,385,580,667,594,380,70,280,625,856,949,866,645,347,33,235,390,442,377,275,164,77,59,91,169,223,241,205,92,44,198,303,331,265,132,48,202,307,336,280,167,36,70,132,135,101,100,0,34,58,76,97,133,160,162,131,54,50,174,275,329,338,291,217,124,31,33,74,101,96,67,23,30,81,256,113,76,27,27,89,115,122,114,114,125,145,144,104,14,128,286,406,449,394,3,30,5,30,44,29,81,18,8,28,104,19,9,30,87,127,117,56,49,157,229,228,155,22,108,205,230,176,68,37,300,118,30,112,272,398,445,389,240,36,164,309,359,309,183,29,76,84,18,237,501,752,904,875,675,317,127,554,392,1029,971,745,398,34,265,415,403,236,27,313,550,675,685,589,455,342,311,385,535,704,798,751,522,125,389,913,1352,1612,1656,1492,1146,699,236,166,1746,550,497,312,16,286,570,762,838,795,667,490,297,132,10,97,204,340,528,766,1029,1265,1434,1518,1473,1304,1033,692,1233,67,395,625,742,741,605,376,89,203,68
69,58,686,600,227,324,819,1065,962,549,5,681,888,984,821,456,11,438,746,854,738,443,3,426,737,807,591,145,365,684,656,288,239,606,618,220,349,754,776,247,201,682,818,577,136,272,464,392,194,21,41,5,22,39,148,228,164,27,233,306,183,65,285,315,153,85,233,217,65,86,151,101,0,82,92,17,13,22,60,86,93,43,65,166,197,118,42,211,283,222,54,124,229,223,129,13,69,106,71,3,45,28,30,485,114,74,16,110,145,139,88,26,44,133,208,215,108,80,276,344,228,35,269,37,7,7,12,25,10,53,23,0,105,30,51,57,12,60,113,92,3,127,214,184,51,131,220,173,8,137,165,51,99,447,38,130,211,97,154,370,372,125,227,454,421,176,74,165,50,107,100,147,528,741,578,29,668,1123,1056,495,285,564,1004,640,36,445,559,293,134,392,324,25,448,638,513,157,230,452,476,414,385,422,392,131,395,1009,1390,1233,505,498,1318,1572,1169,334,476,892,803,473,159,404,290,75,476,687,555,139,380,808,957,806,442,5,408,709,912,977,843,456,176,873,1375,1441,994,207,610,1302,1165,820,279,192,444,408,203,40,172,186
48,18,680,764,758,669,503,281,37,212,449,1187,742,773,722,600,407,176,69,309,515,671,742,742,657,505,304,72,166,387,567,683,731,688,586,411,204,27,257,31,603,679,683,616,488,302,88,127,330,496,603,645,622,530,384,202,9,209,382,519,591,595,545,440,285,95,102,283,433,534,582,565,490,356,178,327,210,372,500,576,582,520,398,229,29,177,360,508,594,610,542,406,213,9,237,433,574,636,614,495,299,57,199,33,589,653,610,466,242,31,293,491,586,578,446,235,15,250,418,480,429,275,66,3,0,1,0,1,1,0,0,1,1,2,284,305,247,117,48,213,337,391,363,260,99,85,253,379,433,416,322,185,15,108,300,398,438,407,322,196,48,108,245,351,416,419,377,288,165,21,122,251,356,411,424,389,306,193,56,87,225,143,418,451,432,369,264,131,20,178,319,426,497,504,458,362,221,54,122,295,438,533,579,555,468,328,145,55,254,428,556,630,630,564,428,243,29,252,386,546,650,672,627,513,348,138,81,292,482,609,680,674,600,458,270,58,167,369,536,651,701,677,580,426,222,239,238,446,610,708,737,693,574,384,159,13
72,23,208,343,421,407,288,100,122,324,456,656,486,400,277,126,22,165,286,374,417,402,316,169,9,193,325,380,332,192,5,191,316,330,231,43,179,346,398,123,138,89,260,331,295,173,33,61,82,61,26,16,35,82,113,94,40,43,117,145,111,41,46,104,115,78,13,40,70,66,34,0,23,26,15,13,13,22,20,28,22,16,3,41,86,122,124,90,19,61,123,144,124,65,0,50,69,62,36,5,20,25,14,235,46,69,64,44,15,26,53,77,97,112,108,75,8,75,154,182,140,34,96,3,35,10,7,4,7,10,11,2,34,24,5,65,86,55,5,64,89,66,6,63,105,104,68,7,43,62,42,2,28,235,12,88,147,158,98,15,145,229,231,144,16,92,138,101,20,45,37,54,199,324,355,251,27,245,473,562,488,340,10,243,353,312,161,30,166,195,103,56,214,296,290,199,78,16,63,65,68,118,230,380,512,544,424,151,213,557,767,775,580,249,93,336,416,373,137,62,203,231,142,15,201,349,433,426,349,219,71,68,188,300,392,482,544,542,445,248,32,326,565,678,645,1032,256,17,164,268,283,226,121,9,77,49
62,84,402,494,566,614,639,644,625,578,527,579,373,294,219,137,79,17,36,78,117,145,183,212,218,225,215,200,149,85,11,93,208,323,445,552,649,728,784,922,803,783,726,667,574,484,381,296,202,119,53,11,19,34,22,8,32,76,130,182,215,245,262,259,253,222,174,135,87,49,25,11,30,34,44,92,42,58,82,120,151,194,231,264,280,300,301,304,292,265,249,219,190,152,122,99,68,37,5,15,47,66,81,90,84,78,72,61,62,61,73,95,132,174,206,239,257,258,238,199,138,67,9,29,67,18,13,50,31,26,4,18,14,33,129,123,100,45,3,63,124,180,222,250,259,250,231,196,152,102,55,10,31,584,76,75,50,7,53,125,195,275,344,392,409,388,334,239,110,48,223,404,584,742,871,962,1009,1015,973,892,791,923,515,341,184,28,114,245,367,453,519,557,578,562,523,481,409,341,287,254,237,249,279,336,433,538,646,762,864,948,1012,1040,1053,1040,994,913,834,1644,627,516,418,306,207,140,69,29,11,13,46,104,200,315,453,603,767,928,1077,1200,1310,1385,1430,1431,1406,1352,1277,1935,1065,946,829,697,570,434,314,187,59,114
16,48,317,409,484,518,525,504,463,404,345,538,216,152,98,36,17,84,139,188,240,279,320,344,367,375,361,327,266,176,63,57,187,291,374,403,387,323,218,192,47,168,263,316,328,297,236,158,84,27,1,7,13,44,65,77,61,23,31,86,128,152,141,115,66,9,33,61,67,64,45,28,16,12,14,17,22,16,7,6,21,29,28,9,21,64,109,143,172,175,170,144,106,59,15,26,54,68,64,48,20,15,46,258,82,87,77,61,46,37,25,16,3,18,43,82,123,157,176,174,147,101,41,25,17,22,13,6,9,0,8,5,32,13,45,23,11,52,85,109,113,99,65,14,43,94,131,140,123,81,29,25,57,211,27,21,88,153,191,195,155,85,2,87,155,175,154,95,21,60,114,129,86,8,142,294,435,540,588,564,474,396,160,16,163,262,292,253,164,40,96,213,295,331,320,282,222,172,142,152,193,270,354,433,478,470,399,269,91,111,309,477,590,632,610,509,365,150,22,132,245,311,327,299,235,150,64,12,83,130,167,192,220,259,311,377,457,545,620,683,721,722,693,627,527,910,287,171,58,38,109,151,170,148,101,44
9,18,12,147,271,392,497,587,665,720,758,1132,766,731,680,605,516,409,293,171,42,86,211,323,435,529,604,664,711,733,736,714,671,603,524,428,325,219,93,501,151,265,364,450,530,590,637,662,669,646,614,557,491,412,323,223,120,15,93,199,292,376,451,509,559,583,591,580,558,514,459,391,313,218,122,292,88,189,285,372,452,514,559,589,596,573,538,481,413,316,204,87,35,166,289,402,499,579,632,650,634,585,498,628,241,79,86,242,387,503,584,610,596,528,420,272,109,54,207,329,410,432,405,2,1,0,0,1,1,2,0,0,1,2,225,292,331,323,280,201,96,16,132,245,334,395,429,426,394,338,260,162,58,47,147,236,314,368,404,426,421,404,371,321,261,189,109,28,52,127,196,263,326,370,403,424,431,424,401,365,325,310,205,136,59,15,93,170,250,321,385,438,483,509,514,508,488,452,404,343,266,181,81,17,124,225,322,413,493,555,596,627,636,622,595,547,477,411,297,191,77,39,151,264,369,466,544,605,654,677,686,672,641,591,525,443,356,251,145,31,85,202,314,420,515,428,655,695,728,733,723,695,648,572,487,5
82,12,709,635,506,339,165,33,216,387,552,1220,738,773,752,697,586,449,286,110,84,263,435,572,660,717,734,705,647,532,394,223,51,134,308,446,577,656,705,713,657,567,452,309,155,16,189,345,465,568,626,646,632,571,482,374,227,85,76,223,348,456,542,583,602,567,501,409,289,151,15,135,277,396,504,932,579,569,519,444,332,194,44,112,263,396,497,576,606,592,533,431,292,128,53,230,393,528,622,648,622,526,380,563,6,218,400,538,633,633,564,418,223,13,196,370,487,523,480,363,190,4,174,6,0,0,2,1,0,0,0,0,2,0,155,28,110,238,331,363,349,280,167,28,120,257,363,423,429,393,299,194,51,4,213,320,392,434,427,394,324,230,120,4,115,222,311,376,412,418,404,351,281,184,81,28,130,238,314,384,431,307,436,389,324,242,133,28,97,208,324,402,474,505,510,484,410,332,223,91,42,184,321,432,522,584,596,590,530,436,320,176,7,159,310,453,548,721,669,658,617,514,398,250,96,78,250,389,523,601,668,682,663,598,497,366,222,60,112,281,428,553,645,698,722,743,627,518,378,221,42,143,325,488,612,10
54,16,341,114,122,354,553,702,796,818,780,651,506,302,65,164,387,570,706,789,798,747,625,460,255,22,204,408,586,705,769,772,709,577,405,197,22,231,432,198,691,742,718,639,516,334,140,68,270,440,573,656,686,655,577,448,275,95,103,288,439,549,616,635,602,510,379,212,31,146,312,458,563,616,624,700,456,312,138,43,228,393,524,607,631,592,495,360,176,30,237,423,561,645,658,608,482,305,82,151,376,550,666,507,630,480,262,7,250,468,613,656,592,441,214,32,269,439,524,499,376,188,26,3,0,0,3,0,1,0,0,1,1,2,300,328,288,176,21,144,296,393,423,384,272,115,64,237,368,449,465,423,317,337,16,143,285,392,447,455,412,326,212,72,73,209,322,406,443,442,397,321,209,78,58,188,299,390,443,463,444,363,283,161,24,115,245,364,454,504,521,478,409,289,142,20,183,335,464,551,597,587,530,424,272,95,100,281,446,570,648,674,634,542,398,223,18,264,380,538,653,702,700,639,527,361,166,42,248,426,579,682,726,717,641,512,347,146,63,266,453,605,710,756,751,817,541,363,150,74,297,497,661,768,816,3
150,33,1603,1640,1587,1440,1227,947,623,263,106,1636,811,1114,1346,1505,1601,1613,1548,1411,1182,909,595,264,91,453,774,1056,1282,1443,1540,1548,1487,1327,1119,853,556,244,105,591,757,1018,1225,1355,1427,1429,1355,1223,1016,760,483,164,146,438,709,934,1121,1249,1315,1289,1215,1074,893,684,419,135,162,433,678,895,1064,1190,1246,1232,1154,1128,810,578,302,20,272,555,809,1019,1176,1241,1258,1189,1054,831,564,243,83,418,735,1004,1213,1342,1360,1276,1077,790,427,910,395,772,1077,1280,1367,1301,1103,770,370,57,462,807,1035,1111,1034,814,496,118,242,9,2,2,0,1,0,1,4,4,0,1,623,548,357,100,183,446,667,805,847,786,612,366,84,216,487,709,856,927,916,1187,667,448,213,42,291,503,685,811,889,901,857,750,606,420,218,2,204,402,589,737,841,903,904,869,783,656,491,506,82,135,342,534,707,861,964,1026,1036,974,891,729,531,297,42,219,473,703,913,1079,1191,1241,1219,1137,977,779,531,247,45,355,655,919,1138,1296,1389,1569,1363,1223,1025,772,485,173,147,484,782,1028,1233,1366,1443,1438,1380,1246,1043,802,514,196,131,457,760,1022,1241,1404,1510,1519,1487,1363,1173,920,619,284,74,423,758,15
230,36,724,796,804,761,655,502,303,88,117,258,432,520,560,583,592,627,667,718,747,761,736,701,605,492,328,143,76,308,527,684,760,733,601,379,101,214,492,1099,806,808,701,506,275,50,131,239,280,234,143,33,58,95,75,28,70,160,215,225,172,94,22,119,205,244,251,213,150,65,4,81,120,138,129,5,53,2,27,50,99,147,180,232,255,255,207,141,32,68,166,239,283,276,242,191,123,53,3,17,14,1,31,432,83,103,120,118,111,106,109,114,119,131,134,118,71,17,138,270,385,445,442,81,22,32,33,4,11,5,15,35,9,18,35,56,56,16,45,110,159,188,179,136,76,30,109,162,172,132,74,6,52,422,51,30,146,299,422,491,474,361,181,31,224,318,338,240,72,111,268,335,280,126,133,442,749,982,1107,1090,940,796,377,61,212,432,526,498,348,131,155,415,626,728,713,599,444,304,229,243,359,527,697,808,836,748,543,235,145,560,937,1239,1406,1404,1255,962,596,523,142,413,573,635,573,430,229,18,265,478,647,752,796,784,782,791,832,902,1016,1134,1229,1286,1264,1166,982,750,478,1074,57,256,395,479,487,438,320,175,15,125
2,50,25,342,694,989,1253,1430,1531,1537,1470,1341,1067,778,433,74,283,629,937,1187,1370,1484,1511,1439,1306,1063,787,470,135,207,543,847,1103,1288,1406,1428,1380,1264,1059,1583,493,173,165,475,754,998,1183,1297,1331,1278,1178,982,755,484,192,105,409,673,902,1061,1163,1196,1173,1084,934,709,462,186,92,372,618,844,1017,1125,1177,1584,1041,880,657,406,127,168,458,723,941,1096,1181,1189,1133,970,740,451,127,206,543,828,1073,1225,1292,1234,1061,791,440,895,356,734,1033,1224,1297,1204,983,641,224,188,581,873,1037,1044,900,628,281,94,419,5,3,2,1,1,2,1,1,1,2,4,585,508,319,75,216,471,665,772,775,674,483,219,69,358,594,774,861,865,792,983,427,186,67,311,529,681,797,840,836,754,629,444,239,20,197,385,566,706,805,846,839,784,665,518,339,134,84,76,492,661,796,879,926,912,858,740,589,386,158,94,336,570,776,939,1058,1109,1105,1016,879,681,427,146,158,446,719,942,1125,1240,1279,1242,1139,955,718,384,114,207,519,794,1037,1210,1327,1355,1318,1196,1003,757,471,145,180,490,776,1024,1206,1328,1383,1366,1277,1104,886,597,280,438,390,698,982,1210,1394,1487,1514,1432,1285,16
99,40,529,685,780,820,809,738,629,466,277,393,146,349,526,667,759,801,794,737,627,478,299,101,102,303,479,621,723,775,775,724,631,481,313,122,79,262,437,217,679,731,724,679,596,461,305,132,56,236,393,518,614,664,677,641,557,446,297,133,30,198,348,471,567,617,627,591,519,414,286,135,28,194,347,881,556,605,615,584,504,385,243,75,99,261,411,533,620,653,629,551,423,260,66,134,324,491,617,681,678,603,467,593,54,182,390,557,662,676,602,448,239,3,222,409,528,556,496,354,158,47,229,4,0,3,0,1,1,0,0,1,1,0,0,154,279,355,371,321,213,66,97,253,371,438,452,403,305,170,15,139,277,437,451,468,437,364,257,136,0,134,252,347,415,445,442,403,331,235,122,3,118,233,326,397,439,457,438,388,314,287,97,29,152,267,363,442,492,510,496,440,366,254,117,25,173,315,436,524,586,601,582,515,409,272,114,57,226,383,513,613,667,676,641,562,437,269,105,78,262,424,555,655,712,712,677,587,462,305,124,65,250,416,551,653,717,730,698,627,515,361,188,1,197,157,535,653,741,776,767,704,598,443,274,20
43,112,233,352,473,585,695,775,831,874,883,1138,865,833,804,782,759,744,733,739,757,755,763,750,731,697,641,562,451,321,162,16,211,411,583,724,819,846,806,417,571,392,205,21,126,232,280,274,220,147,41,69,140,189,172,124,50,48,148,228,277,303,284,240,156,85,10,58,102,130,141,132,130,95,73,86,19,4,44,77,114,160,209,259,295,313,316,291,257,201,144,81,28,27,57,77,80,84,63,40,8,27,60,546,95,104,105,101,85,89,94,113,143,179,199,203,174,129,40,68,175,272,335,61,79,0,1,7,38,44,32,28,36,3,18,42,77,113,136,140,118,71,5,73,151,212,239,232,192,123,45,38,104,519,114,49,50,173,314,425,516,552,525,443,321,185,42,69,124,114,37,99,297,509,722,914,1043,1111,1094,992,836,858,355,89,144,337,468,508,481,371,220,28,159,321,436,492,492,418,307,174,47,63,118,97,20,134,349,601,864,1118,1322,1455,1501,1441,1296,1071,787,193,174,129,381,580,725,813,855,841,806,753,690,629,585,555,564,607,674,759,856,948,1006,1029,1007,923,796,625,441,1030,61,97,226,300,355,357,336,280,208,120
7,91,193,218,234,234,222,194,164,115,68,14,33,86,135,176,218,252,277,299,318,329,341,343,346,341,331,320,300,279,253,223,190,154,112,72,27,19,57,358,135,160,179,187,182,170,153,128,95,60,27,8,38,65,82,94,97,92,81,61,43,16,10,41,72,93,109,128,129,124,117,102,84,67,41,46,12,1,2,2,3,11,14,18,20,18,14,14,2,6,6,13,13,9,6,4,3,0,4,3,9,17,28,47,45,52,55,56,63,66,73,81,88,100,111,120,126,130,122,115,95,73,47,21,8,21,6,15,21,22,12,20,20,15,17,12,4,15,35,58,76,94,107,117,118,116,106,92,70,47,22,2,27,222,75,88,98,98,91,69,49,16,13,49,78,98,108,98,80,42,0,63,132,203,276,348,409,459,497,515,524,311,488,440,391,325,253,176,98,25,37,96,142,171,182,173,150,100,37,42,136,237,348,455,552,645,724,781,823,837,833,803,750,679,592,492,386,179,174,74,15,99,165,223,262,287,298,287,264,221,168,87,8,90,186,289,385,481,552,613,657,679,689,673,648,1072,559,497,437,369,299,226,152,82,15,62
17,14,770,759,732,674,599,501,392,265,138,498,136,265,381,489,578,651,708,741,756,742,709,658,582,485,382,272,150,26,100,225,340,444,533,600,661,699,709,729,665,610,537,455,365,253,137,24,95,208,310,405,484,547,594,623,627,622,589,541,479,401,314,222,121,12,91,188,282,367,439,500,549,576,591,810,545,494,433,358,268,165,53,57,172,277,376,458,532,588,616,620,590,538,454,357,238,106,42,186,326,447,552,286,654,643,589,496,375,214,39,135,295,422,511,554,538,471,363,221,60,95,227,5,0,1,0,1,1,0,2,3,0,1,274,217,126,14,103,210,304,366,401,397,354,279,190,80,35,139,240,326,387,546,442,426,393,336,265,186,98,6,80,161,243,306,356,392,411,415,412,388,353,303,245,178,102,25,50,128,206,65,333,386,423,448,460,467,450,425,385,331,265,187,98,9,90,183,271,355,432,492,546,577,591,584,557,514,455,373,285,185,68,44,158,271,377,559,553,609,651,665,665,647,609,546,473,382,282,175,57,64,181,295,398,482,562,620,662,690,702,688,656,604,537,634,356,240,123,0,126,256,381,490,585,4
126,93,29,113,184,261,310,353,368,375,379,552,331,295,262,241,213,206,198,205,236,264,306,354,400,463,514,562,616,651,688,685,684,639,575,477,361,219,71,662,202,320,399,438,448,413,336,259,163,51,17,85,120,120,106,65,5,73,141,201,259,291,292,270,238,197,146,81,26,23,58,79,88,87,78,229,59,36,21,4,12,24,44,60,85,109,135,163,191,227,238,258,266,255,239,212,169,123,76,31,8,55,85,364,122,135,138,145,144,155,161,166,174,176,168,158,140,102,58,5,59,120,186,73,8,24,4,57,8,24,35,23,22,33,22,81,128,160,171,159,125,79,14,58,128,187,229,248,242,203,147,68,5,161,143,177,182,158,100,19,72,166,250,308,333,319,244,149,18,130,281,431,535,601,624,595,511,387,219,31,156,42,488,598,660,668,617,520,380,214,37,130,290,411,471,495,460,362,248,100,43,186,283,357,371,327,230,81,93,291,500,684,841,963,1034,1042,1004,1750,790,620,437,236,50,127,273,401,497,539,557,536,485,412,313,221,124,59,1,20,12,24,85,169,252,352,442,118,575,611,621,608,565,536,470,394,309,104
62,38,519,659,742,777,752,666,549,371,171,535,243,433,580,696,752,756,713,618,473,299,103,94,284,460,598,687,738,726,669,563,414,225,39,153,345,493,615,504,699,667,589,465,322,147,41,213,373,505,595,639,639,593,507,388,238,76,98,256,390,498,570,596,586,521,424,299,150,8,159,307,433,521,582,842,541,464,348,208,52,113,275,411,522,578,589,563,479,347,183,2,186,351,493,590,629,611,532,384,195,15,236,39,567,644,642,554,411,197,40,262,442,554,573,505,361,164,48,241,376,433,395,2,2,1,2,1,0,0,1,0,0,0,287,229,121,24,171,294,370,385,335,235,94,62,216,339,416,438,402,328,205,187,83,213,327,395,426,420,367,280,178,54,74,192,298,370,410,417,396,336,254,150,31,82,196,298,373,419,440,342,377,300,200,87,42,161,276,378,455,490,506,468,393,299,166,22,118,264,393,487,562,584,563,502,397,259,106,66,235,385,514,604,644,647,585,510,352,186,5,171,340,486,594,662,687,646,575,450,294,117,64,243,401,530,629,677,686,653,565,437,278,95,98,58,450,583,682,728,732,678,578,434,265,18
64,32,457,607,706,762,773,729,652,518,362,219,6,199,375,528,648,719,753,744,680,583,445,286,107,79,259,419,559,657,723,730,706,615,509,357,197,23,153,156,462,574,647,677,672,616,531,412,262,103,59,216,359,476,567,620,627,605,535,433,312,169,19,122,268,388,491,551,580,572,537,461,359,227,81,407,215,345,454,534,578,580,546,470,362,227,70,95,249,400,518,593,623,603,526,408,256,76,120,303,466,579,648,523,579,438,261,45,172,372,518,599,598,525,374,180,31,223,375,460,457,380,231,0,1,1,0,1,1,0,1,1,4,0,257,313,308,238,128,12,155,283,370,417,391,315,203,63,84,221,330,410,437,588,372,284,163,36,98,205,306,370,418,420,399,337,257,158,45,63,176,271,349,397,422,421,385,332,253,155,48,103,175,278,359,417,451,465,441,399,326,225,110,14,147,269,376,463,529,550,551,496,421,310,179,30,120,276,409,518,589,633,626,585,502,390,241,40,91,250,405,522,615,665,680,637,574,461,324,167,1,173,330,472,581,653,686,680,635,554,439,296,131,40,215,166,517,627,703,730,722,659,575,437,283,12
252,167,305,40,404,734,945,1030,953,751,464,193,172,465,680,807,848,805,682,514,286,57,168,379,553,658,666,556,317,3,335,603,714,621,318,91,508,812,894,182,395,23,393,626,651,519,293,61,95,145,100,31,29,30,16,101,156,143,61,64,192,246,214,90,68,214,277,253,145,27,65,103,84,11,52,88,71,62,18,8,17,42,100,177,246,291,259,161,16,146,277,329,298,190,52,84,159,167,101,1,109,181,190,30,37,77,166,216,215,175,110,37,37,107,170,212,225,191,97,30,155,253,282,27,88,63,36,14,45,10,29,3,13,68,10,44,82,87,33,45,122,154,121,17,113,219,253,212,99,28,120,135,82,29,65,48,51,207,350,395,312,113,145,365,459,419,265,89,15,2,154,356,492,456,216,197,647,996,1114,964,577,438,376,656,708,518,188,139,375,417,270,4,313,557,666,609,458,286,158,111,114,105,8,247,608,1001,1293,1363,1148,678,38,597,1076,1277,1180,835,375,1444,387,488,367,82,251,553,732,742,616,377,100,158,378,562,722,859,1003,1083,1091,969,684,277,212,692,1073,1290,1300,1970,769,340,65,383,559,540,368,69,238,55
62,29,504,636,723,768,771,728,656,539,392,141,54,127,297,450,579,677,738,756,734,677,582,455,305,132,43,208,365,502,609,682,721,716,680,593,486,359,202,540,133,285,423,532,613,658,670,648,584,489,375,232,85,63,210,338,452,537,594,611,599,551,479,385,266,129,11,145,272,385,476,541,582,583,553,553,391,274,143,4,135,273,394,494,563,593,586,542,464,349,209,53,110,270,411,523,603,638,623,547,424,264,72,336,318,478,590,645,633,549,404,213,0,198,371,491,538,510,413,259,79,107,257,5,0,1,0,1,0,1,0,0,1,2,0,133,253,326,357,329,251,132,3,145,271,366,422,424,384,309,192,61,72,166,307,383,427,432,403,346,264,163,58,56,164,258,336,388,418,416,397,349,276,187,91,10,114,211,294,365,416,298,444,416,372,303,216,117,6,105,217,316,404,468,507,520,497,455,385,286,173,38,97,229,356,465,546,597,617,597,547,461,344,211,64,94,245,472,510,595,654,669,654,603,517,396,264,109,50,201,348,476,582,656,693,687,649,575,475,354,209,50,111,268,418,374,638,700,728,719,673,589,476,333,178,11
9,103,358,397,423,423,389,371,331,279,224,181,108,55,4,58,99,133,183,210,245,284,311,314,326,329,310,282,234,170,106,13,85,194,308,408,512,600,667,890,748,757,739,705,646,575,489,407,313,225,161,116,71,51,48,50,80,121,151,188,212,234,241,231,217,184,146,115,78,38,23,7,6,13,17,91,35,49,72,111,147,170,226,262,290,326,332,344,346,333,319,300,267,236,196,160,116,65,17,23,68,105,127,305,146,140,123,94,76,53,45,36,52,74,111,142,181,208,218,218,192,152,90,7,10,37,3,46,19,33,50,32,30,54,85,113,119,102,67,13,53,120,186,236,274,286,273,251,212,146,89,30,26,195,96,107,101,73,26,26,90,151,211,249,274,272,249,178,93,24,167,322,491,653,804,926,1029,1088,1106,1080,1017,912,799,646,476,300,114,55,207,347,464,557,617,654,659,641,597,538,473,409,348,291,253,234,237,251,295,347,419,498,559,620,682,720,728,729,713,1673,623,564,495,433,373,334,295,277,273,288,320,370,444,533,630,737,849,959,1064,1150,1225,1286,1332,1346,1340,1303,1250,1613,1083,970,851,709,571,421,276,138,12,41
92,5,631,516,367,192,9,177,352,503,634,1212,765,770,723,639,511,362,193,15,167,341,493,610,695,732,730,687,613,501,362,195,24,155,318,459,577,657,704,708,662,581,464,329,182,14,148,299,436,538,610,640,639,599,529,430,301,164,9,142,274,397,494,562,597,590,554,478,383,261,139,3,146,281,404,898,552,579,569,530,449,342,211,64,90,241,377,485,569,609,607,558,465,339,174,1,180,347,495,596,646,636,569,626,275,68,136,330,494,597,632,583,466,301,92,121,307,435,493,478,381,233,52,0,0,0,0,1,1,0,1,3,1,0,146,254,321,336,287,195,67,79,214,333,398,422,391,312,200,66,75,203,316,476,436,433,396,325,223,113,6,124,233,317,386,416,420,396,341,267,179,76,31,138,234,319,379,419,433,421,384,328,239,139,35,72,182,278,370,438,488,496,486,437,365,264,144,18,111,240,357,457,535,580,587,560,494,400,278,135,13,167,316,446,554,629,660,715,612,525,409,266,111,52,212,362,494,592,656,680,674,618,538,419,278,122,35,199,348,482,589,665,708,706,669,728,481,338,180,4,172,345,499,621,707,6
148,243,636,716,773,800,807,793,764,707,639,823,456,359,258,162,70,12,84,141,191,218,242,247,251,223,195,160,106,42,37,147,232,333,441,536,634,711,780,1036,844,837,814,769,688,612,519,419,311,209,135,50,2,36,61,55,43,19,19,62,102,133,167,186,190,184,171,144,125,86,57,29,1,22,35,107,51,60,71,87,113,144,186,217,261,311,341,370,395,407,418,399,378,348,312,276,228,173,132,89,54,17,6,467,57,76,89,100,122,136,158,177,212,240,274,303,329,344,354,353,344,327,306,87,40,1,51,24,7,49,25,6,50,14,42,57,83,91,112,113,114,105,82,50,12,23,66,98,124,134,126,103,73,243,56,139,220,297,363,418,448,456,443,401,341,259,167,70,21,114,187,243,277,283,269,229,169,95,5,96,182,6,348,409,451,478,469,449,411,350,279,212,141,68,27,0,2,30,89,189,313,461,626,804,975,1136,1296,1417,1515,1582,1583,1563,1504,1409,1278,1117,941,795,538,330,141,46,206,355,449,523,569,559,518,436,332,189,22,144,322,492,665,812,941,1047,1118,1167,1188,1177,1136,2034,991,884,755,619,473,321,165,7,141,57
2,106,420,731,941,974,817,523,146,232,551,1088,934,976,930,800,593,327,49,211,438,590,678,697,622,490,264,33,320,527,589,472,159,248,614,814,784,524,109,787,688,842,785,542,209,87,275,317,241,127,9,29,4,92,156,161,94,23,125,167,126,11,124,207,216,125,8,132,211,209,151,67,0,31,39,80,6,13,33,70,120,146,135,67,59,215,335,400,368,244,57,134,280,343,318,223,84,32,108,121,77,19,31,423,24,15,66,80,82,76,78,97,121,119,61,53,207,339,396,329,155,71,266,8,1,81,56,21,28,48,10,41,6,47,51,52,128,149,96,7,120,202,206,129,3,138,230,241,176,47,67,119,89,135,105,138,55,115,314,448,435,267,1,268,423,411,249,31,124,112,65,338,568,636,451,43,472,925,1169,1098,747,497,324,701,798,638,284,101,370,427,251,66,408,635,676,542,311,90,28,27,29,57,44,314,712,1105,1346,1303,938,316,402,1020,1388,1407,1109,607,58,1700,558,518,241,126,475,711,727,535,201,193,529,742,823,810,762,720,714,693,606,371,2,483,968,1332,1472,1352,1017,1531,61,352,603,685,601,398,144,122,284,71
110,20,716,307,119,542,919,1219,1434,1534,1520,1535,1142,814,424,5,419,801,1120,1351,1485,1488,1394,1188,890,505,107,303,685,1009,1266,1419,1467,1377,1198,920,579,221,185,403,890,1161,1311,1361,1327,1168,933,626,274,97,455,769,1025,1190,1265,1253,1123,934,647,325,15,347,651,900,1092,1180,1180,1074,901,652,363,37,289,601,860,1836,1146,1149,1066,895,650,341,2,351,673,925,1103,1192,1177,1049,813,493,117,270,645,948,1168,1275,1241,1067,760,371,75,426,910,1188,1300,1247,1038,661,198,280,701,1007,1137,1090,854,488,60,353,675,841,809,8,3,6,0,5,2,1,2,1,1,3,314,38,260,520,687,728,639,430,144,183,480,711,844,849,739,535,243,71,367,673,800,882,860,749,550,311,41,227,468,661,796,843,814,714,546,345,108,134,380,583,741,835,861,811,706,532,325,346,177,418,627,781,893,936,906,800,635,397,134,157,437,685,882,1025,1084,1059,949,753,489,181,155,483,791,1021,1191,1241,1210,1081,852,548,206,165,519,1018,1109,1276,1354,1296,1158,922,616,255,122,491,827,1082,1273,1360,1351,1239,1026,733,391,17,360,709,1013,1246,1398,1434,1372,1465,923,582,196,208,611,971,1257,1451,1522,1
50,11,551,396,217,23,170,352,517,647,751,1244,817,788,706,589,434,263,81,106,291,458,599,698,765,782,764,699,606,473,313,139,42,220,387,522,636,713,753,775,691,600,477,325,171,4,168,327,460,568,643,677,679,644,573,473,339,198,40,117,262,389,494,573,623,631,606,541,451,337,209,63,85,229,366,902,555,600,612,593,531,439,319,175,18,146,296,427,543,621,657,645,583,474,323,157,34,219,398,540,644,687,673,651,457,269,58,164,369,532,631,652,594,472,287,75,139,321,451,505,475,373,211,3,0,0,0,0,0,2,0,2,2,2,310,323,274,177,36,107,243,354,414,430,379,283,151,0,144,278,380,444,465,619,384,288,170,38,93,206,309,383,436,449,439,385,315,222,115,4,106,212,308,378,426,453,443,419,361,290,195,215,26,141,246,337,414,470,503,505,486,426,351,245,126,9,146,276,395,490,562,598,608,579,511,416,285,141,17,172,318,457,565,648,686,689,647,615,465,323,162,10,180,338,483,596,680,715,723,682,617,504,372,214,43,127,285,435,557,656,719,746,733,682,593,654,322,150,31,213,386,539,670,756,807,3
138,20,1615,1598,1514,1329,1110,824,503,151,205,1707,873,1153,1366,1517,1598,1600,1543,1417,1222,974,675,352,20,325,641,926,1166,1356,1491,1545,1538,1433,1286,1058,803,539,205,897,434,726,983,1179,1325,1408,1429,1386,1270,1089,880,605,327,45,240,516,765,975,1144,1237,1282,1263,1198,1083,906,688,434,171,91,361,603,825,1009,1144,1222,1788,1180,1080,916,721,481,207,78,368,638,870,1071,1201,1283,1272,1193,1041,817,544,216,118,464,783,1062,1258,1360,1367,1261,1311,759,379,20,428,796,1083,1266,1301,1204,977,647,251,154,528,807,964,975,846,591,1,5,7,3,4,1,0,1,1,8,1,22,251,496,669,753,737,615,406,149,140,416,646,818,910,909,818,653,439,188,108,337,552,733,852,905,905,839,721,573,382,171,54,262,453,617,744,843,887,887,840,749,629,467,285,91,118,319,110,674,813,906,960,975,953,867,757,601,398,195,42,283,509,723,906,1051,1143,1194,1170,1104,977,782,559,288,13,273,550,802,1024,1204,1319,1385,1369,1283,1200,945,695,409,104,202,510,788,1031,1229,1362,1436,1446,1389,1257,1090,857,589,296,2,312,601,869,1118,1292,1433,1500,1518,1597,1324,1132,892,601,284,52,395,715,992,13
76,95,751,834,916,979,1032,1066,1092,1091,1082,1488,997,951,880,796,731,637,562,485,410,355,293,247,212,206,210,236,281,343,420,488,569,661,738,798,844,862,859,373,791,719,639,554,440,342,254,158,82,19,22,42,52,36,33,5,45,82,121,151,173,188,183,169,142,116,80,47,19,10,28,39,42,55,47,253,67,88,110,132,159,195,217,236,259,267,272,263,245,235,208,181,147,132,96,65,39,15,12,32,53,62,75,30,79,80,74,69,72,83,99,123,154,192,230,260,285,294,302,282,255,212,157,51,17,12,36,14,13,43,27,16,15,52,176,157,132,103,65,23,16,65,113,168,210,246,279,288,277,267,226,168,102,68,50,126,188,234,267,278,269,238,187,133,63,1,55,87,100,83,38,28,128,248,383,532,676,808,922,1014,1068,798,1076,1016,929,815,669,499,328,147,21,178,298,392,442,449,407,334,213,56,124,326,535,733,924,1098,1236,1345,1410,1440,1417,1354,1265,1125,971,785,590,330,165,40,225,417,568,703,804,872,915,914,901,849,785,693,585,473,342,214,88,40,141,241,321,374,418,440,432,1467,363,309,246,157,64,37,133,238,350,50
122,6,38,50,53,45,22,1,30,71,115,297,211,257,303,341,376,395,410,416,416,410,393,377,364,351,327,327,320,321,329,343,357,365,377,383,382,372,361,161,308,276,235,196,159,120,89,56,33,13,1,11,20,22,17,11,0,5,17,35,46,66,77,89,103,105,108,108,103,96,85,75,63,51,36,14,7,1,10,19,35,44,54,63,73,83,87,96,101,103,105,102,105,102,95,93,79,66,59,51,37,24,15,177,4,2,4,4,10,19,30,44,59,69,81,93,99,108,107,104,100,91,80,6,34,2,26,1,6,13,15,8,13,16,22,26,24,20,13,1,16,34,54,74,92,107,117,122,119,109,93,73,43,91,27,72,107,144,176,204,220,226,225,206,178,141,94,39,21,80,142,196,245,285,318,339,348,347,330,310,277,347,181,134,72,14,52,112,169,219,269,306,331,347,343,337,314,280,229,177,112,47,33,102,173,240,307,355,397,417,427,422,403,366,316,260,190,377,34,43,118,193,260,319,365,402,419,425,413,380,329,266,182,85,13,120,226,330,418,496,561,600,623,628,614,1063,549,493,436,380,316,256,199,145,95,53
198,47,468,537,573,597,588,567,527,467,394,446,233,150,65,17,88,153,223,284,327,394,428,458,484,494,506,485,451,393,326,229,128,5,122,245,363,476,571,988,698,725,734,691,653,577,498,387,293,184,88,4,72,111,136,147,124,92,42,9,63,112,150,180,191,194,181,154,118,91,54,17,0,25,37,76,59,60,57,63,60,77,98,116,146,183,213,250,273,304,333,346,346,345,331,309,265,236,191,136,89,49,5,452,58,87,102,109,115,116,114,116,123,134,147,174,200,239,277,324,364,399,430,32,31,6,7,3,39,6,25,20,39,23,126,156,171,173,156,125,89,48,5,45,82,121,148,163,156,146,116,73,18,379,135,212,293,368,433,471,489,493,464,402,333,238,135,36,67,158,221,269,285,272,244,182,95,2,108,216,314,36,486,539,570,576,556,511,451,365,273,182,98,34,19,43,26,12,79,200,324,488,661,844,1016,1192,1333,1458,1556,1609,1615,1597,1526,1428,1295,1118,940,1084,534,344,156,9,154,278,360,409,430,414,351,267,163,27,129,297,475,649,822,982,1120,1246,1330,1386,1407,1392,1349,1892,1165,1039,891,741,580,423,263,112,27,144
99,14,757,732,636,491,307,97,113,320,514,1212,741,778,747,662,526,353,157,46,257,443,589,698,743,735,667,555,400,215,15,192,375,530,644,693,714,669,566,815,248,54,137,315,470,582,650,671,629,546,425,264,92,82,252,403,516,596,617,599,529,417,284,129,38,204,349,463,543,580,578,524,436,303,150,344,187,331,453,540,583,576,521,418,276,109,66,244,400,530,604,625,580,480,325,142,60,264,443,571,646,639,557,630,211,22,250,447,585,635,597,472,276,51,177,373,496,525,461,323,125,76,249,3,0,2,0,1,1,0,0,3,1,1,299,269,177,38,117,251,354,393,365,283,144,13,176,310,403,442,413,345,223,222,67,203,322,399,426,420,361,273,165,35,96,215,314,386,413,412,380,307,210,92,29,148,257,345,404,433,435,339,320,220,100,22,149,267,368,442,490,491,458,383,276,144,4,154,294,419,511,557,575,532,448,330,174,6,164,327,464,568,630,640,594,512,367,194,20,161,345,487,598,662,674,635,550,413,253,73,122,305,462,589,663,688,671,592,480,328,150,40,237,412,563,546,726,725,670,568,420,240,41,168,356,20
0,59,446,872,790,216,506,971,932,429,266,1106,938,654,110,455,793,787,431,115,593,794,575,81,452,731,588,92,455,719,484,105,659,723,219,488,854,548,194,740,791,222,438,702,461,0,299,280,124,13,48,77,7,165,237,118,107,242,165,81,252,212,26,234,254,69,148,215,101,67,148,81,48,95,42,60,81,43,40,95,99,64,23,128,218,206,54,172,340,325,106,175,330,275,68,151,214,114,49,126,72,70,149,476,50,172,177,58,113,219,198,69,115,261,263,103,169,349,299,18,274,354,165,3,31,57,16,38,22,49,32,4,33,19,15,69,68,14,120,123,6,162,196,53,161,243,128,89,215,154,6,110,67,289,56,86,237,187,84,374,418,120,278,459,278,66,233,125,58,29,234,441,255,310,851,846,192,715,1196,879,33,560,1039,478,292,678,435,140,472,263,257,599,428,104,583,633,314,69,253,297,377,533,523,97,680,1310,1224,287,972,1705,1381,214,995,1446,928,62,757,1260,151,412,504,81,482,718,440,163,713,866,572,42,468,743,766,586,202,379,966,1249,910,5,1025,1546,1207,215,811,1696,994,243,480,765,526,2,391,363,33,35
261,40,717,810,858,857,812,764,696,618,548,674,380,290,197,77,14,118,218,315,401,464,541,603,655,685,694,656,583,451,280,74,161,390,585,736,806,792,701,143,337,117,87,252,339,369,321,235,145,40,8,42,10,46,119,194,225,222,172,80,27,137,228,292,314,297,243,168,83,0,67,94,110,93,56,114,41,82,122,134,162,188,200,207,227,219,214,186,146,91,19,51,129,194,241,256,247,225,175,108,46,2,41,131,57,40,8,22,56,79,105,123,145,169,203,238,274,284,275,221,135,15,110,2,57,6,16,26,12,26,49,34,52,23,113,34,48,103,141,135,101,35,44,123,192,230,227,188,127,49,30,82,92,381,20,126,246,338,387,368,292,167,17,144,256,314,282,192,40,111,250,333,335,236,59,187,464,734,955,1106,1144,1097,916,666,385,95,153,323,397,368,246,61,152,348,495,578,566,501,381,277,213,206,300,476,742,1023,1302,1529,1653,1642,1496,1228,870,470,71,270,518,1927,667,566,391,159,85,325,532,697,799,848,866,852,837,830,847,881,971,1061,1154,1228,1252,1223,1121,960,738,488,221,749,261,430,550,606,597,526,391,224,22,45
49,200,805,894,955,1001,1019,1006,971,926,838,1046,653,555,444,340,236,140,56,15,83,141,187,224,244,255,247,236,200,154,95,25,62,145,241,332,424,513,587,951,676,692,680,638,590,523,428,330,229,128,39,48,119,158,179,176,154,116,67,5,60,116,175,212,246,255,252,233,197,158,109,61,15,18,45,136,83,77,74,64,53,45,50,42,50,56,67,86,100,112,113,128,136,128,127,130,128,118,116,111,101,91,84,176,64,63,54,65,71,87,101,123,144,159,161,166,165,148,126,97,68,37,11,52,38,5,14,27,12,16,49,4,41,14,3,26,63,94,124,141,149,140,126,95,55,9,34,73,113,133,143,134,104,277,4,65,141,223,314,387,453,499,519,513,470,396,315,195,56,93,247,391,538,665,766,849,907,934,924,904,847,958,673,548,400,249,88,82,233,375,499,594,660,698,698,666,597,504,397,270,144,15,99,206,297,363,409,431,424,416,372,327,252,185,96,1,97,1417,299,408,507,614,703,781,838,900,942,951,949,921,867,799,714,604,491,377,262,145,48,52,126,188,236,259,280,1323,275,227,179,129,50,34,142,245,369,78
168,4,434,895,1268,1499,1556,1434,1147,734,239,1390,770,1155,1420,1525,1448,1224,862,402,102,589,1002,1317,1469,1450,1273,962,559,78,408,848,1199,1386,1438,1301,1040,675,219,792,699,1054,1277,1361,1303,1074,738,332,120,547,902,1158,1282,1250,1081,808,426,29,391,755,1021,1161,1180,1074,845,509,121,269,630,918,1104,1170,1102,889,576,311,203,566,881,1091,1164,1105,907,590,197,230,623,949,1156,1222,1118,863,478,24,438,837,1135,1268,1218,972,568,77,440,36,1205,1301,1179,848,371,191,699,1062,1198,1103,775,306,209,647,916,960,762,399,47,8,1,0,5,0,2,3,0,4,1,1,383,93,243,525,699,703,540,251,109,463,718,841,801,601,286,74,420,699,857,1203,746,504,187,141,458,680,820,833,748,545,282,23,326,581,758,828,817,702,497,223,72,358,597,775,850,845,738,608,264,40,334,596,798,914,933,838,655,378,57,285,600,856,1011,1062,987,796,505,136,254,621,927,1132,1198,1133,931,607,218,218,629,974,1204,1311,1246,1124,723,315,140,580,952,1220,1356,1319,1152,840,442,5,444,857,1162,1345,1367,1239,986,612,175,280,706,1073,1317,1426,1385,1438,839,404,77,561,987,1310,1494,1505,1340,9
106,19,758,754,685,561,402,211,10,197,394,1156,678,753,770,732,639,502,336,145,59,256,433,579,682,732,731,677,583,443,272,81,116,303,461,584,671,711,692,826,514,362,186,5,173,342,484,589,650,656,621,532,416,273,114,55,218,367,485,564,598,589,547,465,348,198,41,116,263,393,493,560,585,564,504,371,261,109,47,204,349,468,552,591,581,514,413,279,114,73,251,408,528,604,621,581,486,339,155,49,255,433,572,376,644,560,405,201,24,252,440,560,602,555,425,231,10,196,359,452,456,376,225,0,0,0,0,2,0,0,0,0,2,0,131,8,149,270,344,360,314,211,64,92,238,351,417,426,380,283,148,3,144,280,371,425,435,396,317,215,89,40,165,271,356,405,423,399,342,260,163,48,73,187,286,363,409,428,414,368,297,271,82,37,159,266,359,429,469,478,452,385,294,174,36,103,240,366,464,531,561,543,493,393,265,116,50,214,365,488,580,630,632,580,492,368,201,13,159,322,472,579,648,675,649,571,456,308,138,41,223,387,527,626,678,681,645,555,436,284,109,79,263,426,570,547,722,719,676,577,441,267,79,125,313,17
276,24,60,639,939,751,153,537,980,968,525,238,672,928,816,376,192,665,858,684,212,353,731,744,378,167,606,668,306,246,625,569,79,489,725,428,189,694,720,428,386,724,542,34,414,501,256,75,241,163,45,3,40,53,49,204,231,48,221,330,176,134,332,254,34,259,247,34,171,188,33,126,147,35,91,19,76,15,82,96,95,67,36,162,213,114,94,275,284,89,168,314,241,30,151,193,108,4,63,65,3,59,60,392,88,149,127,4,152,225,142,45,212,235,89,136,270,249,62,170,315,287,89,7,26,71,8,74,11,26,45,30,55,1,105,78,5,94,97,2,120,127,3,165,209,82,136,246,153,31,155,100,37,322,52,209,168,84,365,400,115,306,500,318,66,325,275,47,84,15,201,185,145,556,652,239,475,974,847,149,655,949,659,51,613,615,153,332,404,34,411,520,174,350,650,521,128,223,364,366,378,420,284,159,794,1187,920,9,1056,1575,1171,96,974,1356,906,0,694,1001,245,319,504,166,386,722,546,19,638,900,712,215,312,659,774,709,427,70,681,1126,1111,512,430,1209,1371,801,145,879,1092,673,3,510,555,221,176,300,95,51
214,13,534,857,474,366,970,865,146,650,1015,1158,21,754,972,561,171,732,795,408,203,669,706,252,362,695,470,130,598,506,51,591,579,43,701,710,5,765,816,593,682,769,189,461,579,176,244,296,67,97,36,54,15,160,124,110,266,125,192,317,73,260,310,17,287,261,29,242,176,35,146,72,24,53,22,20,29,41,7,87,127,18,168,224,42,190,267,113,140,262,158,54,199,165,10,106,135,45,65,86,15,75,60,551,141,86,89,204,136,57,214,210,40,167,273,164,97,315,263,59,357,302,60,9,25,29,9,4,52,17,20,94,24,92,94,24,133,69,92,157,23,159,162,31,197,148,49,167,95,34,61,3,26,351,159,84,140,301,192,142,391,276,109,378,245,75,216,78,91,37,280,192,295,698,426,412,1005,698,320,1073,847,260,884,772,2,611,503,107,486,222,346,546,139,457,633,247,237,423,349,256,151,179,695,899,326,759,1433,966,393,1487,1382,156,1117,1355,472,614,966,423,405,582,62,520,516,100,716,753,160,611,943,617,80,680,871,615,77,564,1034,956,184,874,1416,924,306,1279,1238,1178,756,1045,494,292,641,359,184,419,140,90
50,37,354,541,677,770,823,811,757,648,502,5,130,76,273,458,608,718,785,805,771,686,561,406,224,19,178,361,518,646,733,771,769,700,600,459,287,115,80,243,429,566,658,712,724,680,605,486,337,164,8,178,336,466,578,642,666,657,594,495,365,214,57,102,257,393,505,575,614,613,578,504,398,260,104,396,211,351,473,562,612,619,585,504,389,240,74,99,272,431,557,636,659,638,553,425,260,64,142,341,510,628,690,575,599,442,246,16,213,421,572,638,630,534,372,157,68,271,420,497,480,387,220,0,0,1,1,0,1,0,1,2,3,0,174,289,344,342,277,160,7,146,285,394,439,429,366,251,110,45,195,322,415,589,466,421,335,222,86,39,176,284,371,427,449,434,391,315,214,101,20,140,248,339,407,445,455,434,387,309,211,221,23,143,255,351,424,479,502,495,458,381,289,166,27,116,255,379,484,558,595,594,555,479,360,220,63,104,266,416,541,628,675,671,638,553,430,266,105,75,254,413,545,646,709,717,693,609,493,349,180,6,187,355,502,618,697,731,722,672,589,455,300,123,67,7,421,564,682,757,788,769,705,591,445,10
70,7,519,384,220,39,137,308,467,594,702,1183,772,753,679,579,444,284,115,60,237,399,534,640,710,738,727,680,603,488,348,187,21,153,313,449,567,649,698,681,671,604,501,372,232,72,87,239,375,489,574,624,641,625,578,499,387,262,119,29,167,299,412,496,565,590,588,549,480,390,282,153,15,124,263,797,471,539,572,583,551,483,388,266,123,28,175,314,441,541,603,623,598,528,410,268,101,79,258,412,545,621,651,566,529,382,200,6,214,397,534,603,596,527,387,206,2,188,343,442,463,408,284,0,0,0,0,1,0,0,1,3,1,1,301,279,205,93,48,177,293,371,399,379,303,191,52,89,218,329,402,436,430,559,302,197,78,47,167,261,345,393,425,414,387,323,238,142,36,69,168,259,336,387,419,429,405,366,299,219,126,161,86,191,283,359,415,459,473,464,433,361,281,173,54,69,193,310,410,489,546,565,564,521,442,344,215,78,68,212,342,463,557,626,650,641,589,535,399,262,106,51,207,350,477,577,651,678,678,632,560,450,323,174,14,139,288,427,538,629,685,706,690,637,549,627,294,134,31,201,362,508,629,714,759,7
350,16,140,609,885,831,487,27,511,832,933,1362,440,12,462,797,918,776,425,24,447,731,774,616,278,132,498,678,605,272,201,591,691,410,121,629,824,597,53,740,810,715,327,153,440,479,305,68,89,103,36,14,13,99,140,87,52,177,207,70,149,305,305,110,143,319,292,135,62,164,134,38,45,61,26,19,63,81,87,62,4,96,184,213,153,7,145,262,270,172,7,182,283,257,135,37,166,216,150,31,66,115,73,332,97,110,64,42,137,186,147,52,71,180,249,232,122,71,265,351,254,15,215,21,59,55,24,22,22,22,92,29,30,10,40,44,24,112,132,45,100,191,163,28,114,185,144,37,61,99,62,7,34,326,113,191,160,31,283,420,342,60,255,402,318,68,131,128,32,195,175,87,473,699,549,51,580,990,965,463,262,454,946,596,11,463,572,283,155,469,443,100,345,625,602,328,6,231,287,259,305,478,653,609,216,482,1160,1471,1177,341,659,1355,1436,921,87,647,955,717,185,375,648,485,16,512,816,760,396,131,612,836,830,658,395,81,249,629,977,1178,1040,517,284,1044,1472,1368,783,834,693,1014,898,473,26,379,454,234,136,42
27,28,178,381,543,672,750,774,745,653,523,61,156,49,252,439,588,691,745,749,700,599,453,280,86,120,305,476,610,698,738,719,652,526,379,201,6,173,353,115,614,680,687,646,572,441,289,117,66,237,395,512,596,636,629,582,486,362,207,40,125,275,407,508,577,595,574,505,403,273,126,35,191,336,456,924,577,572,528,444,320,168,1,164,323,449,541,595,600,546,443,298,121,67,256,420,548,626,640,586,465,297,86,330,346,517,622,647,599,456,260,29,200,390,516,562,513,380,192,16,209,348,405,4,1,0,0,0,2,1,1,2,0,0,286,306,260,156,14,137,270,362,399,377,287,157,3,155,290,386,429,432,374,447,154,13,128,251,350,408,425,402,351,259,153,24,103,215,309,373,413,418,393,327,240,137,21,99,212,304,382,266,447,430,381,298,198,81,49,175,296,394,472,511,510,471,393,291,162,17,136,281,416,514,577,597,571,502,396,247,86,84,253,408,533,625,658,710,591,484,344,170,8,191,360,502,612,665,684,648,566,436,283,107,73,249,409,539,636,691,698,656,570,435,269,333,108,293,458,592,691,742,750,690,586,12
62,22,281,340,393,430,460,476,485,486,479,658,453,453,445,447,447,444,436,428,412,388,357,316,278,228,181,128,72,16,42,107,169,228,282,324,347,354,338,40,257,194,128,62,2,46,75,91,83,63,29,0,25,46,41,26,3,40,82,119,141,146,138,110,76,40,5,34,54,59,59,42,24,9,7,16,27,31,36,44,54,73,93,116,139,154,163,164,159,147,129,113,100,80,61,36,13,12,39,64,81,87,87,152,48,17,13,39,59,68,74,71,77,80,92,110,135,156,170,161,136,88,33,1,13,13,22,13,29,5,14,11,14,12,59,32,8,47,78,95,93,78,50,8,33,70,97,106,108,95,69,36,2,130,56,68,62,43,8,35,87,130,171,185,183,152,98,34,38,104,150,171,152,102,20,89,205,320,413,488,523,383,491,423,334,225,108,6,117,207,273,310,320,298,260,211,166,130,121,141,194,266,361,459,555,627,680,693,666,601,504,383,248,108,28,143,235,1047,328,327,300,257,195,123,45,26,93,144,170,184,173,149,110,65,19,3,5,9,51,120,197,279,354,422,471,290,495,477,443,394,330,264,186,109,23,84
58,19,477,349,208,53,105,258,402,527,635,1230,758,775,755,706,626,523,405,270,118,32,183,328,452,560,646,699,735,733,705,642,556,441,315,173,28,110,258,86,492,582,645,672,684,657,609,541,439,328,204,69,63,185,305,410,494,564,602,614,600,559,507,430,334,226,105,15,137,248,351,439,514,560,587,837,547,495,419,331,216,92,33,163,286,395,486,552,600,612,590,535,446,334,190,45,116,270,414,530,609,646,641,603,485,342,174,12,201,368,500,579,601,564,466,321,142,39,209,343,422,442,388,0,0,2,1,2,0,0,0,0,0,1,217,127,5,119,238,324,376,380,347,274,164,35,96,220,319,393,431,436,406,536,268,165,58,52,158,247,324,377,418,422,416,373,320,246,164,76,10,102,191,271,335,386,415,431,424,401,363,318,231,151,60,29,122,212,301,374,438,479,507,506,484,439,373,294,201,94,17,133,252,356,450,530,579,608,611,583,533,459,356,243,115,24,160,359,413,508,591,641,669,671,647,587,510,401,284,156,17,121,255,382,491,573,637,675,690,681,647,582,496,386,257,361,17,160,300,433,550,645,721,756,765,0
95,1,457,259,29,214,431,605,727,767,743,662,487,281,45,192,407,577,697,752,730,649,491,297,75,163,375,548,676,736,719,636,495,297,84,139,349,517,641,582,687,611,475,293,94,118,316,485,596,652,643,568,449,280,96,99,283,441,549,609,601,530,426,276,98,86,264,410,519,576,579,524,420,266,90,460,273,416,520,579,573,504,384,220,27,161,340,487,581,612,572,458,288,90,132,337,503,607,642,584,447,244,1,246,454,598,653,600,461,235,23,272,461,573,566,459,267,30,197,372,449,425,295,0,1,1,0,1,1,1,1,3,0,2,299,275,182,38,127,267,362,386,330,216,51,125,281,392,436,415,319,182,18,91,290,390,433,426,351,249,109,33,177,297,387,423,412,356,256,140,8,127,254,351,405,428,399,336,235,112,27,30,288,385,440,458,424,364,253,120,30,184,322,431,497,516,482,406,281,128,41,216,374,500,577,595,546,452,306,124,70,262,432,566,635,656,594,512,320,124,93,292,458,596,666,669,616,494,330,136,74,283,460,600,678,689,638,527,360,173,36,246,440,592,696,704,688,591,435,231,7,223,435,608,715,7
125,4,333,349,321,266,192,82,32,159,292,656,533,637,709,760,801,808,789,758,706,645,581,518,461,409,372,339,339,330,354,378,411,458,503,553,589,627,648,631,655,644,603,544,494,422,345,254,174,84,4,68,130,191,241,258,274,282,275,252,239,204,175,138,106,69,34,9,18,46,62,79,81,89,98,104,106,97,102,103,102,104,112,124,130,134,141,134,128,121,113,96,74,59,41,32,23,19,18,25,41,62,88,178,138,159,179,193,206,203,197,194,192,189,192,195,213,230,254,285,319,347,373,28,37,41,49,1,11,14,5,26,65,29,12,46,74,93,98,99,89,74,64,47,26,18,4,5,18,23,27,33,30,422,25,22,15,5,9,21,33,45,53,68,70,69,65,52,35,15,11,40,60,86,108,121,137,141,152,147,148,208,162,180,206,237,289,342,408,464,537,575,626,660,648,627,563,479,339,178,2,190,405,628,836,1026,1187,1338,1437,1480,1512,1494,1428,1325,1200,1046,881,831,555,410,279,184,109,77,81,100,150,224,306,399,506,592,652,714,733,737,704,648,569,467,348,220,79,42,155,1352,313,356,376,342,305,237,145,48,61,76
90,273,448,618,754,857,919,956,960,940,908,1454,845,826,821,808,803,787,779,743,701,655,585,524,425,329,217,65,94,267,431,580,688,722,717,634,500,319,130,968,254,407,502,552,547,486,405,289,187,93,35,17,38,96,176,247,307,316,288,211,110,13,118,202,250,245,201,136,54,22,87,133,145,143,119,146,64,45,22,29,28,26,20,11,43,102,154,211,262,290,299,285,250,208,149,86,31,24,78,128,165,183,189,251,125,66,2,73,125,163,191,191,192,183,192,185,185,181,156,110,43,37,136,32,18,30,41,49,9,85,10,23,89,6,87,100,89,60,13,52,115,186,228,254,237,192,119,38,51,124,157,159,109,143,80,187,283,336,336,282,159,13,137,272,348,357,281,159,22,192,345,424,438,351,194,21,269,515,726,892,988,811,957,828,634,395,130,131,355,526,611,615,539,415,249,96,6,48,17,99,250,410,570,678,687,623,467,240,45,332,620,876,1050,1145,1164,1080,922,959,432,151,130,415,651,831,958,1009,1002,933,843,724,630,573,563,606,688,813,946,1054,1105,1106,1047,923,746,547,333,977,61,217,334,414,466,467,436,342,226,81
205,23,371,168,41,285,492,653,784,867,916,1453,936,911,854,764,632,476,285,78,128,320,491,617,693,710,672,568,382,173,104,365,585,705,695,573,335,37,256,638,624,661,576,437,275,120,13,43,45,9,31,63,48,5,84,164,209,206,137,16,127,250,322,327,266,158,29,96,183,215,181,110,40,38,72,4,39,10,17,42,28,32,51,98,167,247,303,331,309,240,141,19,97,196,271,309,298,252,157,51,50,121,147,163,60,29,121,190,226,228,210,176,136,91,38,27,112,215,316,384,395,329,192,3,16,3,43,16,37,4,50,49,54,14,129,81,3,101,164,172,126,39,65,156,197,188,150,64,15,78,95,67,4,25,188,231,210,92,80,274,430,501,478,360,181,8,107,120,18,161,356,510,540,417,135,240,640,984,1187,1197,1025,997,292,109,412,574,566,424,150,133,399,567,614,538,384,214,57,29,27,47,131,194,169,22,257,624,1039,1404,1631,1651,1440,1046,520,23,495,790,893,1470,543,215,152,466,707,818,809,703,502,268,39,154,286,354,396,449,547,707,915,1157,1363,1499,1516,1379,1096,720,285,756,464,683,770,725,576,341,101,146,343,64
113,110,253,712,932,856,539,85,378,730,893,1158,556,167,262,619,818,799,570,193,257,622,779,674,331,112,486,647,508,149,283,596,608,309,193,634,775,544,57,580,699,637,324,51,304,350,261,120,33,11,12,49,129,172,113,12,144,189,120,34,205,278,199,6,202,322,242,47,145,238,175,19,118,173,112,149,125,140,87,7,36,65,103,147,138,70,67,219,323,289,108,124,326,383,278,66,154,284,273,118,68,191,171,651,163,244,175,5,183,269,225,105,40,153,234,248,179,12,210,380,361,137,166,50,24,31,47,19,44,5,10,15,42,19,90,63,30,129,137,21,154,269,225,37,178,288,228,48,122,164,77,48,104,422,142,229,151,65,304,394,271,20,296,404,287,57,121,109,49,199,152,164,584,828,640,37,712,1184,1122,530,296,370,1041,658,33,463,587,306,137,478,509,176,294,649,671,411,43,179,223,216,319,559,795,766,321,462,1252,1634,1342,463,630,1430,1564,1029,150,634,939,784,164,373,608,429,67,626,924,817,355,216,653,855,835,715,524,269,106,592,1066,1360,1252,712,132,950,1435,1410,927,1138,461,816,811,473,37,290,337,78,314,166
77,22,729,768,718,576,376,131,121,363,568,1218,773,751,640,473,247,1,244,464,637,737,749,686,550,347,112,129,354,542,672,729,709,599,433,222,9,237,445,289,687,690,618,487,311,88,135,343,507,612,656,619,522,368,175,29,234,409,538,605,604,530,408,250,56,147,327,464,557,580,550,460,312,127,72,666,422,529,578,567,483,344,164,42,248,419,540,596,589,496,334,129,94,312,484,597,630,577,430,219,28,273,484,286,659,578,407,162,106,361,542,614,567,414,180,82,311,466,504,428,260,38,173,2,3,2,1,1,1,1,1,2,2,1,249,314,289,187,29,144,293,380,389,320,179,3,179,329,421,435,373,255,94,9,242,362,428,426,361,253,111,46,194,313,393,422,397,323,208,70,73,210,323,397,424,402,331,226,93,52,197,118,406,449,443,388,288,158,3,155,299,413,494,508,466,371,232,64,113,287,431,532,575,559,469,325,138,61,261,432,561,630,627,551,410,217,0,285,418,567,656,666,611,485,310,90,137,343,520,634,683,657,566,406,201,21,235,430,584,678,700,642,523,341,124,131,333,524,662,728,721,638,483,264,27,13
3,24,32,180,374,541,672,750,773,739,658,389,353,158,46,248,428,578,685,743,749,700,603,466,290,89,106,298,468,598,690,730,719,648,537,384,209,27,165,120,493,607,665,679,657,569,451,301,126,50,221,374,500,585,633,634,582,501,370,218,57,108,258,393,503,568,590,571,509,413,291,143,12,176,323,863,529,574,576,536,452,329,179,12,159,311,445,545,601,604,553,448,300,126,70,257,424,559,636,645,584,459,280,478,159,367,527,626,645,572,424,216,11,231,407,519,545,476,331,139,68,246,360,1,0,1,2,0,0,0,0,2,1,0,265,313,298,218,89,58,207,324,391,403,344,239,95,62,211,329,408,443,415,519,238,107,36,168,285,365,413,419,395,328,238,122,5,127,236,320,385,414,418,383,317,228,121,4,114,221,320,207,441,451,428,374,288,191,65,63,191,308,412,480,515,509,466,393,282,152,2,149,302,428,527,587,604,571,500,382,236,71,105,270,425,549,624,737,648,581,478,329,163,20,202,370,511,610,673,680,646,558,436,281,102,76,252,412,543,639,695,700,659,567,434,494,88,105,290,460,600,699,755,752,696,5
117,81,372,546,668,747,747,694,581,426,252,254,77,232,372,510,632,724,762,745,668,565,424,273,115,49,210,350,448,480,436,330,155,72,313,533,669,674,541,11,36,208,382,458,454,385,291,189,100,34,9,22,41,42,20,22,95,141,158,138,62,36,152,232,268,234,139,28,72,132,148,116,59,10,52,60,67,49,22,21,30,54,54,22,44,128,210,263,284,274,233,164,60,54,156,230,241,205,131,34,53,111,125,139,17,72,145,175,168,143,120,92,80,68,38,10,95,186,284,338,326,236,81,5,18,28,12,20,9,18,1,13,6,77,64,55,26,18,63,92,97,69,15,61,134,177,185,143,83,17,30,34,6,133,106,151,163,121,14,137,289,391,402,326,190,41,54,73,12,105,241,352,395,333,154,125,462,757,933,945,792,701,189,119,343,440,414,277,72,161,353,473,487,399,231,66,76,127,108,45,2,33,176,415,712,997,1194,1249,1142,882,501,71,340,677,865,881,738,259,170,116,342,458,486,394,231,14,204,403,538,603,631,649,676,725,787,854,881,854,738,535,246,101,447,735,921,1240,922,784,581,353,135,54,190,247,242,58
7,68,304,418,545,649,735,806,851,882,890,1189,858,845,812,802,790,785,780,773,771,759,749,726,710,665,617,558,462,367,240,95,90,240,419,563,685,753,773,425,641,515,370,209,65,49,113,142,134,92,41,30,86,116,128,103,63,3,77,141,204,232,234,216,178,119,57,3,35,60,56,45,14,12,36,269,74,65,66,59,61,70,98,146,202,255,311,355,370,376,360,308,242,178,94,27,40,94,123,136,123,88,39,499,68,124,163,191,181,183,169,161,162,178,216,260,320,351,371,356,300,201,78,83,14,12,28,51,6,21,35,64,19,16,89,89,69,23,38,92,138,164,177,165,133,90,30,16,66,107,119,112,84,352,62,150,237,304,342,334,290,202,97,23,111,176,181,134,32,113,283,455,597,693,727,715,621,476,289,83,118,25,471,576,632,620,542,406,233,25,189,394,547,658,698,670,606,508,396,320,277,303,408,555,761,993,1220,1426,1567,1646,1636,1549,1400,1172,921,633,353,1074,138,330,460,553,593,594,553,491,428,354,295,272,272,304,369,442,520,600,664,700,698,664,598,491,363,231,79,636,189,280,360,393,398,384,336,265,170,165
17,29,466,775,1045,1277,1459,1583,1644,1635,1567,1527,1247,1005,733,420,99,219,531,818,1071,1277,1441,1546,1583,1547,1464,1326,1148,919,656,352,52,266,555,822,1059,1249,1390,1182,1487,1456,1352,1194,1014,767,514,238,49,325,581,816,1011,1167,1278,1344,1337,1301,1189,1031,839,615,386,146,116,361,600,802,968,1100,1196,1235,1235,1175,1074,895,708,477,231,29,293,542,773,977,1123,1218,1261,1251,1182,1035,840,599,312,4,321,614,894,1128,1295,1377,1360,1253,1064,1273,449,74,318,674,991,1208,1317,1290,1146,898,563,179,210,559,814,968,978,858,612,3,7,0,0,3,1,0,0,2,6,3,411,593,694,685,599,420,176,97,362,611,782,886,906,835,700,514,276,19,233,418,668,807,898,925,888,810,689,526,353,148,55,261,449,608,737,822,885,895,874,807,707,577,415,242,55,131,319,108,665,794,893,954,981,977,928,846,736,569,390,177,44,270,483,689,883,1030,1145,1202,1226,1190,1098,960,773,552,308,41,229,491,747,970,1150,1296,1376,1545,1391,1296,1150,949,721,460,184,112,395,657,912,1107,1272,1387,1451,1467,1408,1292,1148,943,710,452,182,112,402,678,935,835,1332,1466,1541,1564,1536,1427,1279,1071,823,8
3,42,215,504,768,1007,1201,1349,1474,1523,1544,1913,1411,1273,1101,870,618,353,72,204,482,728,948,1140,1292,1393,1452,1467,1452,1360,1236,1062,859,611,368,99,178,420,663,11,1051,1197,1295,1346,1370,1314,1231,1126,961,763,553,314,80,146,378,588,776,942,1065,1155,1203,1197,1175,1108,1007,857,685,482,278,54,155,373,571,748,915,1828,1115,1156,1162,1131,1038,910,745,550,328,91,152,394,631,848,1026,1154,1227,1254,1205,1101,933,719,454,159,158,460,756,124,1187,1285,1303,1212,1043,777,451,99,257,588,844,1019,1078,1022,862,613,305,22,321,3,6,2,0,1,0,4,3,2,5,0,378,188,39,273,494,655,754,774,711,583,382,155,85,329,533,704,816,880,871,1157,709,563,376,189,21,205,387,537,672,766,826,838,831,774,697,579,449,302,132,37,198,356,499,628,730,807,865,627,881,842,767,669,545,408,240,67,110,292,469,642,786,911,996,1062,1094,1080,1031,930,802,642,448,241,8,226,457,666,855,1025,1157,1251,1294,1306,1246,1238,1030,851,647,403,166,86,329,573,790,979,1158,1260,1345,1370,1365,1303,1205,1062,896,695,475,243,1,261,510,749,961,838,1285,1397,1459,1468,1439,1353,1251,1073,880,1
149,31,56,280,575,745,715,506,168,202,483,1034,729,668,513,300,18,281,527,699,712,579,314,24,344,552,583,473,213,120,399,544,470,181,215,567,724,600,229,658,554,683,560,295,17,223,292,243,147,66,41,49,53,25,66,141,166,102,41,183,246,187,30,154,266,245,121,42,143,155,91,6,66,65,17,57,49,41,13,4,25,40,32,35,133,214,225,137,24,212,336,345,233,47,141,259,269,179,32,82,127,78,24,520,129,77,28,134,164,144,83,29,3,41,97,166,218,197,67,135,310,360,244,15,64,40,23,1,6,15,5,6,41,21,48,22,76,89,51,13,78,110,90,20,59,121,108,52,28,82,80,13,55,357,10,110,215,203,65,152,343,389,264,27,188,269,202,62,35,10,144,330,397,253,88,490,786,808,521,38,474,534,784,480,36,357,515,396,76,273,485,436,160,188,453,527,422,244,104,58,69,16,160,466,791,976,865,443,205,843,1242,1262,890,247,386,780,813,404,80,321,493,397,85,310,617,733,622,348,27,349,558,651,665,638,569,438,195,170,598,976,1157,1066,666,111,442,700,922,780,455,76,227,382,354,158,108,38
44,17,742,761,688,525,302,44,216,450,642,1209,771,702,551,341,94,161,400,594,717,758,707,579,384,136,112,347,545,675,736,706,598,408,182,61,296,494,638,590,688,587,418,212,13,243,439,583,656,644,564,416,228,11,203,388,529,614,619,552,424,243,46,154,343,484,569,583,535,420,264,71,131,318,470,932,581,534,421,264,65,142,336,489,578,590,529,396,211,15,237,429,565,626,593,475,288,49,199,423,580,650,611,627,248,27,286,499,626,627,510,287,15,248,451,550,523,383,162,84,288,408,409,0,0,0,2,1,0,0,3,1,3,1,61,104,252,339,336,251,102,78,249,377,421,378,261,90,94,267,387,440,418,493,180,8,162,303,395,426,398,311,185,33,123,263,362,413,412,358,260,126,24,171,296,384,424,419,358,255,119,128,183,314,407,457,451,397,291,149,13,180,330,444,507,510,450,337,182,1,190,362,498,575,582,519,388,213,8,203,394,546,627,636,569,431,239,41,208,413,570,652,666,598,464,265,44,184,395,554,658,680,630,505,315,100,124,343,523,644,702,669,568,397,181,195,295,496,643,722,719,639,479,256,3,9
312,94,8,518,640,214,424,761,521,96,629,1072,314,245,612,600,219,298,631,537,66,445,623,336,205,571,446,41,484,463,21,497,458,78,579,490,110,611,513,562,567,496,4,423,397,33,255,222,22,96,37,18,41,93,10,134,134,56,198,101,142,236,47,211,233,6,224,193,36,188,97,66,111,19,77,106,10,73,72,16,30,95,105,29,122,199,99,135,270,141,130,295,163,122,280,157,98,225,117,84,149,36,100,171,40,139,71,81,164,86,48,134,131,52,82,189,173,29,250,242,39,306,248,31,13,39,30,53,19,15,11,15,27,17,44,77,21,86,10,117,118,24,164,122,53,173,92,77,136,22,96,52,81,435,88,198,33,250,292,17,372,348,59,384,310,41,245,133,36,11,166,91,293,528,205,473,805,350,511,897,413,88,809,334,399,605,125,423,408,129,527,304,284,599,308,236,482,317,21,119,189,333,406,131,489,914,571,406,1171,927,149,1097,1015,46,818,810,68,1662,494,105,521,303,312,662,353,342,771,540,116,642,655,278,179,486,600,449,27,637,928,534,369,1051,898,40,808,1550,337,408,692,369,154,398,193,179,288,33
76,20,592,688,774,826,841,839,827,816,798,1289,729,701,682,653,621,590,571,587,602,599,590,584,589,572,537,484,440,393,346,264,163,65,45,159,280,395,481,707,570,561,544,485,411,330,246,172,92,20,8,18,9,18,46,95,133,164,168,155,131,88,46,8,68,124,163,181,182,157,132,84,37,0,50,86,92,99,91,85,86,99,111,134,166,205,243,279,299,290,298,299,275,250,216,174,138,98,56,6,31,66,90,130,100,90,71,49,24,0,14,18,4,6,17,21,17,3,47,103,171,224,267,64,20,6,0,40,18,37,47,8,6,11,51,30,5,21,55,82,104,125,133,135,124,105,83,45,4,27,51,72,69,266,20,54,147,237,306,364,400,403,362,285,192,107,39,14,38,31,32,131,252,384,511,644,759,838,870,866,834,770,659,526,365,209,52,105,249,369,447,490,503,479,441,390,334,307,308,344,409,499,597,718,842,957,1053,1133,1187,1224,1213,1158,1065,924,761,567,363,587,17,177,313,431,538,609,676,728,761,780,765,744,723,712,711,716,744,795,865,931,1001,1065,1122,1156,1157,1123,1065,1615,883,765,645,524,413,314,202,79,49,135
65,15,797,818,765,640,464,248,16,223,441,1218,751,814,809,738,604,422,209,15,248,453,622,739,790,776,692,562,390,183,43,263,458,614,715,757,742,667,525,790,136,79,287,465,602,683,714,685,596,456,282,85,112,293,453,582,646,672,626,533,398,229,54,125,304,448,555,607,619,573,482,351,190,6,174,768,480,568,612,609,541,425,271,89,103,285,444,569,638,645,583,462,288,86,138,340,514,636,685,655,542,360,132,353,357,550,666,688,618,441,214,45,294,487,592,591,490,305,72,156,337,439,433,1,2,0,1,0,1,1,1,1,2,2,20,178,301,363,352,269,128,43,207,353,429,441,386,266,109,60,224,359,439,623,436,351,227,74,83,222,334,414,450,440,386,289,167,31,107,232,337,410,448,440,397,316,208,82,53,185,306,194,461,482,459,401,306,191,50,100,247,372,475,533,547,512,433,321,178,9,161,327,471,573,626,622,563,458,311,130,60,251,426,564,660,704,669,634,455,283,78,128,323,495,625,702,723,678,585,440,254,45,164,363,528,650,721,727,683,587,447,263,56,161,370,347,681,762,775,730,627,469,277,55,168,11
99,22,760,827,808,736,609,431,234,11,219,1032,596,729,796,817,768,668,526,348,131,80,288,478,621,730,778,771,717,605,448,258,55,157,350,511,652,726,756,819,636,505,341,146,40,235,406,547,641,694,686,631,536,398,239,61,124,293,439,551,616,630,618,547,447,305,141,28,195,349,471,563,618,616,579,508,348,199,29,144,307,448,554,616,624,577,482,356,186,10,200,382,526,622,660,639,552,410,220,2,225,420,580,375,689,620,472,256,22,225,435,580,634,603,469,272,42,187,366,480,489,408,250,0,1,0,0,1,1,0,2,1,0,0,270,169,28,128,272,366,403,370,273,133,31,195,337,429,462,437,353,235,85,10,224,343,427,455,440,388,293,172,43,90,218,322,403,443,442,405,345,246,131,3,124,239,333,414,450,460,439,359,285,175,43,85,213,331,422,488,522,508,467,383,261,125,33,188,332,452,550,594,611,568,483,357,201,25,153,324,471,590,657,683,648,580,445,282,98,90,284,444,578,675,720,701,646,527,385,208,10,183,365,525,641,708,734,701,619,502,341,159,41,240,426,401,697,758,774,731,636,492,320,108,98,14
16,1,538,572,589,588,558,524,457,385,287,79,60,42,163,263,351,430,487,534,576,595,603,611,610,610,596,592,591,591,581,572,570,547,540,515,494,472,431,154,340,284,227,177,112,56,16,16,41,58,58,63,24,7,32,78,110,155,182,219,249,261,288,274,275,246,205,171,101,63,6,27,60,95,96,63,119,111,123,97,99,89,85,96,77,85,69,58,61,49,62,60,69,94,101,111,113,111,118,107,99,99,95,2,94,92,99,94,101,108,118,127,140,163,184,217,238,272,301,317,324,312,292,15,30,53,46,4,31,11,5,15,62,12,31,51,79,93,113,126,130,126,108,87,56,24,1,30,50,62,94,95,99,451,69,43,9,62,117,175,227,276,311,320,329,303,262,202,119,25,94,208,334,462,573,694,768,843,889,905,911,616,823,756,667,587,480,390,295,196,125,41,6,42,65,37,22,40,120,193,311,399,515,626,705,803,854,914,950,945,958,918,891,845,776,716,635,1491,528,483,484,459,491,513,547,611,646,697,722,741,753,735,717,673,608,543,448,353,250,131,33,64,143,211,256,1091,297,296,273,244,181,116,18,93,195,3
39,31,470,142,186,501,760,962,1077,1115,1082,235,791,538,255,50,331,589,795,942,1014,998,912,737,509,230,50,329,576,782,926,1016,1017,942,795,593,364,103,158,1766,590,736,811,815,745,603,408,156,124,402,662,876,1056,1179,1224,1203,1106,946,725,473,216,29,251,448,590,671,692,647,556,418,259,72,109,289,416,234,513,468,368,211,3,248,516,780,1015,1205,1331,1391,1364,1259,1075,834,540,244,36,280,465,580,595,510,336,97,179,1376,674,840,899,858,692,436,124,194,463,634,669,571,362,55,305,653,923,1061,1050,0,0,3,0,1,2,1,0,1,6,3,123,31,190,298,334,287,169,8,208,400,536,604,579,466,279,44,213,462,683,1152,933,933,863,730,549,340,118,86,276,416,512,538,515,446,337,209,70,63,183,279,333,332,287,196,72,80,251,777,592,737,840,906,920,894,814,689,513,311,81,142,360,547,692,781,814,789,704,570,388,191,19,210,379,482,525,497,415,265,67,171,418,666,894,1205,1210,1268,1251,1149,985,759,486,181,126,401,638,837,972,1037,1014,935,791,610,384,144,92,304,473,585,632,602,508,628,157,73,336,606,864,1076,1233,1299,1283,17
42,12,106,115,326,516,657,748,776,734,638,308,294,77,144,348,525,653,732,751,712,610,456,274,61,155,353,520,652,721,734,687,586,425,241,37,170,362,520,351,692,692,631,522,377,196,3,187,360,499,597,639,637,575,470,330,159,19,198,355,477,555,596,585,528,421,280,118,51,216,361,476,556,584,566,570,375,226,59,112,277,420,531,588,593,536,428,287,108,89,276,439,560,624,613,548,420,243,30,188,392,547,636,510,576,421,207,31,267,463,587,617,548,397,181,55,271,427,497,469,347,166,39,2,2,0,3,1,0,1,0,2,1,1,295,241,131,18,171,296,372,381,321,204,50,120,271,380,437,431,358,244,94,28,210,329,408,438,412,353,249,125,8,140,260,355,408,424,396,335,241,131,2,127,241,337,396,429,422,377,305,274,78,54,179,290,382,452,476,461,413,320,203,61,91,238,364,465,532,554,529,453,336,190,18,157,323,464,566,616,617,567,467,323,150,37,231,485,544,634,676,648,576,458,296,108,91,275,444,572,655,686,659,581,451,285,100,96,283,452,585,674,714,687,616,655,315,123,81,291,472,623,725,761,737,0
79,10,748,693,580,408,212,5,221,421,591,1229,766,762,697,580,420,222,10,201,400,561,675,744,743,681,565,411,231,32,174,369,529,643,704,704,660,561,412,712,34,166,342,491,603,663,670,624,524,382,217,32,150,317,456,562,613,629,581,488,362,204,40,126,288,420,521,571,580,540,466,347,200,30,138,717,429,517,573,579,533,438,306,141,37,214,369,498,581,611,576,488,346,170,32,230,410,549,631,641,572,437,242,460,212,421,570,640,631,522,340,109,132,344,492,556,520,396,206,5,206,349,405,2,2,0,1,0,0,1,0,1,0,1,265,313,294,205,71,82,234,344,397,394,314,184,27,137,281,388,433,432,364,441,123,22,164,287,374,421,423,383,307,198,70,63,188,290,366,409,418,389,326,229,117,4,128,241,335,400,438,325,397,323,224,108,23,154,276,380,459,492,496,450,368,254,111,38,191,334,451,531,576,568,508,408,267,108,67,240,398,526,612,644,625,560,431,267,90,100,285,440,567,648,680,651,570,441,285,100,94,284,445,580,661,690,670,597,480,323,144,55,251,426,576,564,726,717,653,539,380,188,20,231,423,10
11,25,183,30,233,423,577,694,759,768,726,626,491,317,120,86,283,460,600,697,746,740,687,584,435,254,59,135,319,481,611,697,728,702,633,517,367,196,5,337,357,502,604,662,680,642,561,443,290,118,59,228,378,497,584,628,626,582,492,366,219,57,102,254,391,494,562,587,569,513,422,296,152,10,169,739,435,523,575,580,542,458,340,192,26,142,301,441,549,608,612,561,457,312,132,63,254,428,563,637,646,584,454,599,56,173,374,532,627,636,556,397,191,37,249,423,516,524,439,290,91,103,265,1,0,1,0,2,0,0,1,0,0,1,259,312,303,227,102,45,192,313,389,407,359,257,118,37,185,307,395,439,421,548,260,138,2,136,256,348,403,419,403,349,265,155,30,93,205,297,366,407,422,398,344,263,159,43,75,186,288,168,428,450,441,399,328,235,119,8,138,261,375,457,508,518,493,433,338,214,72,80,237,374,488,567,605,597,546,448,318,163,13,185,350,488,594,741,671,629,544,414,258,85,97,273,433,554,644,681,677,619,522,383,221,44,135,307,458,582,668,705,699,637,535,589,221,31,161,347,513,643,732,764,744,9
102,32,492,543,598,647,698,732,768,787,801,1289,761,723,668,596,521,434,354,268,192,118,50,1,48,79,102,114,109,93,69,21,33,86,147,206,269,318,362,573,400,400,383,361,325,282,226,179,129,85,47,23,3,12,27,17,28,16,5,1,0,15,20,28,42,52,59,67,77,80,69,56,46,25,16,66,9,6,1,22,52,88,136,178,229,267,308,327,347,358,362,360,358,347,324,300,274,241,202,161,125,81,43,360,20,46,69,85,90,82,74,49,25,21,56,108,143,168,177,170,145,99,44,27,20,27,0,41,15,57,11,23,23,2,51,28,2,11,36,51,67,81,90,105,116,121,130,132,120,111,92,68,37,133,40,92,135,180,221,250,261,257,247,220,185,141,88,50,3,37,67,87,101,108,108,98,83,71,58,45,31,289,18,53,89,142,199,267,344,408,475,523,570,587,587,559,521,451,381,291,194,81,31,146,264,377,490,582,662,725,759,781,763,717,650,563,463,453,213,81,56,172,283,368,431,456,461,425,361,269,150,15,129,289,443,595,740,874,978,1062,1123,1143,1144,1083,1008,1218,802,687,580,481,404,354,325,313,332,81
19,30,141,335,508,645,754,806,822,779,702,476,426,249,54,140,327,489,626,727,784,799,766,687,577,415,245,61,121,299,463,595,699,747,764,725,652,552,408,726,63,113,283,431,554,645,699,710,677,601,498,365,213,55,108,260,401,515,600,640,642,610,549,457,333,191,39,108,251,380,487,568,616,623,595,597,419,298,145,1,159,308,439,544,609,632,615,553,461,320,163,13,188,356,501,600,663,668,622,512,351,158,52,229,449,591,673,683,626,482,292,64,165,360,505,577,569,479,323,127,75,254,369,1,3,1,1,1,1,0,1,0,0,0,313,280,193,65,85,225,338,406,416,379,279,142,9,165,295,400,453,463,431,537,248,120,18,149,269,352,417,440,446,403,339,244,137,23,96,199,296,373,425,447,444,410,351,269,173,63,48,31,269,358,427,469,489,480,442,381,297,183,62,70,201,325,428,511,567,587,576,523,440,326,188,36,127,277,417,533,618,670,671,641,569,461,322,138,12,180,344,484,598,677,721,712,674,581,466,322,163,16,189,351,493,608,686,726,729,694,624,509,370,203,25,96,324,476,610,711,775,792,771,699,590,11
19,4,622,703,754,776,766,725,660,564,453,7,180,34,117,258,391,504,603,681,728,752,744,708,647,553,448,330,201,63,82,220,352,463,559,632,684,711,707,787,614,532,428,314,195,59,70,197,319,419,510,573,615,634,633,608,555,488,393,287,176,57,61,172,283,381,464,519,558,580,582,559,514,445,363,103,144,28,90,204,315,413,496,557,587,593,572,528,457,359,242,111,27,172,311,429,531,605,644,640,592,507,383,578,60,117,289,434,553,616,628,578,474,333,162,23,197,338,433,474,452,369,243,2,0,0,0,1,0,0,0,1,1,0,280,233,148,33,90,207,307,375,400,390,334,246,134,10,112,225,318,390,430,593,421,371,302,210,108,10,88,181,264,333,383,412,426,412,382,334,278,205,122,33,53,137,217,289,351,397,429,300,446,419,384,328,264,190,101,6,86,183,273,356,426,480,512,533,535,510,470,399,314,212,98,17,140,256,363,459,539,600,633,642,627,586,515,450,324,203,74,59,191,315,428,521,599,652,683,683,659,608,541,450,339,220,96,35,164,288,408,510,601,664,706,698,709,674,614,529,426,301,167,25,116,5
53,81,571,687,789,864,902,921,913,882,846,1473,763,727,703,683,671,655,642,617,608,583,548,506,459,394,313,208,91,41,178,335,473,593,689,742,761,733,659,141,428,286,158,47,43,103,111,96,66,16,44,89,123,131,111,80,13,40,111,167,204,224,211,183,137,75,12,37,76,96,99,92,59,30,1,73,27,39,41,43,54,68,99,131,168,211,249,286,310,315,311,298,260,221,176,130,81,38,2,22,38,34,10,359,61,103,134,160,173,167,145,128,118,120,136,170,217,264,304,319,305,261,181,32,30,34,8,17,12,10,3,37,12,12,48,50,53,57,58,54,39,20,5,33,60,79,107,107,102,90,61,27,5,144,29,15,31,90,166,249,326,385,404,379,331,253,154,59,7,48,36,21,121,258,411,563,691,792,840,848,806,842,607,458,297,128,30,177,283,354,375,361,308,225,133,52,0,10,15,87,187,306,430,535,602,629,615,548,437,299,134,40,203,357,471,540,572,1372,501,418,306,184,49,85,218,341,443,524,578,608,615,600,584,566,550,545,566,595,645,703,767,823,862,893,899,1096,850,794,727,636,530,411,295,157,4,186
65,73,497,740,466,172,778,945,551,140,723,1353,633,99,423,723,680,365,104,518,677,503,87,368,620,508,87,377,580,346,165,563,515,7,562,709,287,394,790,200,7,541,652,323,123,364,299,91,44,55,20,55,118,121,1,150,168,30,155,180,17,202,240,50,189,280,137,74,185,146,29,44,37,20,13,47,42,32,27,14,42,116,160,98,64,225,263,131,98,283,293,117,113,266,220,38,134,167,52,70,81,38,136,89,63,198,173,18,132,175,118,30,57,131,172,130,34,236,293,111,202,378,248,7,41,1,14,21,6,2,11,10,6,18,40,63,26,24,44,17,36,68,49,20,81,83,16,64,87,29,44,57,0,150,3,101,102,52,241,236,9,302,370,132,204,336,194,29,103,14,47,78,301,367,81,402,699,506,101,682,787,550,319,675,482,28,399,334,45,345,271,112,453,437,91,304,467,371,171,14,199,420,590,505,43,627,1054,866,74,833,1227,830,79,848,957,413,285,1247,368,127,423,294,144,534,565,183,375,761,729,300,278,710,816,588,138,394,831,964,640,78,829,1162,840,60,678,1446,687,124,375,570,400,43,253,262,10,103
155,4,76,508,786,788,481,16,518,854,909,1152,264,185,538,721,698,493,184,145,409,548,544,394,134,193,458,540,387,45,337,556,472,107,367,681,645,252,294,826,772,481,9,407,582,472,192,77,200,181,82,22,34,66,48,28,99,99,17,117,205,154,13,188,272,217,54,111,194,179,96,10,49,65,66,175,11,27,49,34,22,91,130,94,25,165,259,227,78,124,288,324,217,21,158,240,207,109,4,73,69,16,13,36,52,112,123,69,21,101,143,139,106,64,2,98,196,256,198,15,214,350,301,35,3,30,22,27,8,5,40,21,6,9,53,10,49,33,14,63,67,24,49,102,95,38,48,111,96,20,58,72,15,64,77,9,112,188,137,37,233,318,226,6,207,271,173,30,38,23,136,167,15,275,542,591,316,173,647,844,662,312,361,683,635,284,151,396,325,13,306,411,227,119,413,507,380,174,7,89,183,358,573,709,582,148,463,995,1160,866,228,471,923,958,624,79,374,1006,404,50,275,412,262,93,452,649,574,263,153,512,708,722,574,317,29,418,781,958,883,498,60,613,964,979,695,1051,249,566,645,489,188,123,275,220,26,122
0,20,242,391,521,626,711,758,774,757,708,626,521,398,252,98,57,211,355,485,594,671,730,749,738,685,617,520,409,282,140,14,162,305,432,535,616,683,710,712,662,602,507,401,281,140,4,132,266,377,482,555,608,633,636,609,556,486,387,269,145,17,98,218,332,425,504,549,577,581,562,518,450,361,257,105,12,113,235,343,439,514,571,597,590,546,479,391,283,143,2,146,282,406,512,587,629,635,594,511,386,239,64,356,296,446,560,629,651,600,495,337,156,33,218,372,477,519,494,408,272,108,56,2,2,1,0,1,4,3,0,3,3,0,51,71,193,289,348,366,330,256,150,23,110,230,332,402,436,430,386,311,212,239,18,132,235,320,382,415,425,407,374,314,238,148,51,46,138,220,294,355,400,424,425,409,372,317,251,171,84,148,104,192,274,341,402,445,472,480,463,428,375,295,202,92,16,125,236,339,429,500,554,582,585,564,507,429,335,219,95,36,175,306,419,514,589,732,672,660,618,550,462,354,227,88,53,185,317,434,532,608,661,690,680,646,592,505,403,283,153,14,133,270,403,326,608,678,721,740,728,679,604,505,380,7
70,8,643,523,370,189,2,182,360,513,643,1205,768,765,712,614,479,318,145,40,222,393,538,646,717,739,719,657,562,428,273,94,85,256,412,535,636,693,711,774,607,498,358,202,41,130,285,426,535,609,648,641,601,527,420,292,141,11,164,304,421,511,571,597,590,537,458,347,219,77,63,207,338,445,532,913,581,551,486,392,268,127,26,181,323,444,535,588,607,573,496,377,226,59,121,289,441,559,631,644,595,491,336,526,60,268,443,570,643,623,534,380,179,32,237,401,504,522,465,340,160,29,197,3,0,0,2,1,0,0,0,0,2,0,53,82,212,308,355,341,281,168,31,119,253,357,419,426,388,302,180,47,95,202,330,400,437,432,382,313,214,101,18,134,239,325,384,416,417,388,339,258,164,57,51,157,250,332,390,428,438,344,377,302,215,110,2,113,229,327,416,472,505,503,469,405,307,201,71,66,198,326,439,524,577,596,570,515,422,301,162,3,160,314,447,557,627,735,659,605,517,391,246,84,82,244,393,513,612,666,686,659,600,500,369,217,56,111,271,417,542,636,698,713,694,747,527,388,230,51,126,306,465,599,701,1
120,10,271,37,217,448,628,738,771,715,594,137,154,96,338,539,680,750,737,651,487,278,36,206,426,600,702,733,691,570,392,168,74,307,506,635,706,703,613,826,251,25,196,393,549,643,667,621,502,333,129,90,294,461,576,630,610,541,397,217,20,180,356,488,580,593,545,435,284,98,91,276,436,539,588,763,472,334,156,37,227,400,526,590,581,495,355,171,43,263,442,572,623,597,484,313,86,155,383,549,639,632,526,613,87,179,413,579,649,594,433,187,81,323,493,560,501,345,118,121,311,416,404,1,4,2,0,1,3,0,0,0,0,2,160,10,157,284,359,341,245,91,88,256,372,422,391,281,127,52,222,352,429,604,371,252,100,66,220,335,408,420,386,293,168,15,135,265,363,412,416,374,288,161,18,127,257,355,413,432,404,326,203,61,82,224,344,432,476,463,405,292,149,20,188,339,454,525,536,487,386,229,49,144,330,475,572,609,576,476,322,126,92,299,469,598,652,710,554,404,205,12,229,423,576,661,678,616,492,312,99,131,343,523,641,694,671,581,423,224,4,217,425,593,701,708,681,560,378,156,85,327,536,683,748,9
88,28,101,451,721,861,774,516,172,189,477,875,742,743,689,569,395,174,87,362,577,703,700,565,345,65,192,390,474,415,194,107,406,589,543,293,78,469,709,654,558,227,118,358,460,399,239,90,12,23,46,84,83,5,171,276,292,190,17,122,191,164,55,69,151,194,156,63,48,146,171,141,59,19,51,30,2,53,109,145,145,115,63,32,128,208,277,275,185,38,134,259,293,240,118,7,75,102,76,15,37,56,0,290,147,181,160,112,46,5,46,85,130,171,197,186,126,7,142,265,298,218,50,12,8,30,33,18,36,1,27,55,18,43,52,4,44,69,50,5,45,72,51,5,70,114,77,2,91,136,108,17,80,263,127,2,152,270,266,125,93,290,396,344,169,34,200,251,155,11,71,24,164,406,581,569,316,113,566,889,945,885,317,151,482,592,457,157,172,383,384,179,152,453,596,528,332,120,29,53,28,26,142,404,720,961,990,710,195,424,979,1284,1269,927,379,182,561,1460,529,214,124,373,436,305,22,325,635,801,806,647,380,126,98,283,434,625,824,951,995,859,517,37,477,911,1110,1645,866,474,71,260,462,450,296,68,173,32
38,102,577,542,479,384,274,160,56,40,122,194,244,291,330,382,420,463,515,565,598,635,666,685,692,667,639,576,501,378,240,75,109,299,473,612,698,724,682,196,439,269,95,65,180,252,287,280,228,170,108,65,35,35,69,105,159,201,229,246,214,155,78,4,92,155,206,216,208,174,129,71,24,7,44,59,55,50,35,30,26,13,2,13,34,62,98,138,173,211,225,225,209,186,139,98,51,8,24,43,53,43,16,439,50,75,90,105,106,111,114,120,134,149,164,176,178,149,99,24,58,151,224,9,9,22,15,0,26,3,30,32,35,29,12,36,70,87,85,63,27,14,49,72,82,74,40,5,34,67,87,83,57,121,67,142,204,244,241,194,105,4,128,225,292,314,280,197,88,20,108,158,139,64,75,257,457,641,789,876,889,739,692,503,279,55,152,316,411,438,394,290,156,6,142,244,294,286,238,163,85,43,36,84,203,371,574,786,999,1150,1250,1270,1201,1048,836,578,299,852,192,360,484,541,542,484,401,289,163,53,46,113,164,185,175,173,177,199,255,346,458,588,718,850,952,1019,1040,1332,958,860,740,585,415,240,58,111,274,28
11,94,279,65,244,524,714,759,663,438,143,122,422,618,713,712,610,441,198,62,315,507,604,586,459,241,20,277,453,495,396,141,170,468,625,583,328,70,452,701,690,454,98,228,413,420,269,88,39,88,60,23,16,58,108,137,90,17,136,222,222,143,7,135,238,258,199,90,29,107,132,108,59,21,27,81,46,40,10,8,30,58,83,55,51,185,294,310,226,70,113,247,296,267,184,78,10,91,129,120,67,4,59,329,4,96,153,154,85,7,83,122,134,133,140,139,89,30,191,316,324,199,10,4,16,18,28,33,7,7,20,4,11,30,46,51,33,9,65,108,95,42,45,113,134,84,7,74,114,107,54,1,28,255,46,96,96,21,124,260,323,259,83,114,261,283,175,33,58,28,111,287,377,287,13,364,693,839,707,355,120,333,728,672,406,49,239,360,264,26,239,405,405,234,30,244,356,341,273,227,267,371,444,391,140,278,738,1081,1162,944,454,132,646,925,913,644,230,1134,391,410,204,102,401,578,575,395,92,222,474,607,654,620,558,473,349,139,156,493,806,1016,1033,830,461,2,437,571,846,750,490,175,107,280,289,174,11,20
59,32,639,167,516,887,698,56,596,878,673,303,427,718,638,273,200,535,607,368,44,430,573,388,29,453,564,280,241,591,469,61,600,624,105,542,753,332,353,659,524,61,513,528,183,195,334,214,30,73,55,45,79,104,45,82,161,83,76,156,54,117,202,75,146,255,150,71,219,176,8,106,93,11,65,78,103,121,28,111,183,141,46,66,182,219,146,39,255,312,149,114,284,239,48,118,161,98,1,43,29,10,12,560,98,77,33,140,151,48,85,158,141,49,75,191,215,77,172,331,235,73,316,51,46,65,11,42,4,18,39,31,18,43,33,122,78,42,116,51,80,135,29,126,163,30,150,183,28,134,139,6,119,302,106,138,43,250,231,56,358,352,27,320,363,111,157,184,18,72,70,285,242,162,596,600,60,633,872,419,365,649,605,39,540,499,44,355,316,76,410,340,82,492,503,151,259,433,345,192,61,104,390,651,590,22,755,1156,765,227,1103,1196,448,535,1013,687,62,1352,501,17,439,389,86,570,627,186,458,833,680,123,478,765,671,332,125,563,838,758,239,519,1057,980,292,540,992,1612,191,436,694,482,4,364,353,5,345,66
202,15,769,173,495,1071,1447,1546,1368,948,365,1454,921,1351,1533,1433,1071,534,111,727,1206,1473,1470,1207,721,100,518,1046,1375,1466,1280,862,290,326,882,1261,1421,1335,984,1416,149,711,1134,1350,1326,1044,579,15,538,979,1246,1279,1086,699,185,350,832,1155,1252,1114,785,314,206,680,1036,1188,1125,854,434,59,537,930,1150,1151,930,229,42,454,869,1129,1156,970,585,86,440,874,1135,1175,988,582,38,524,970,1226,1203,940,452,144,724,1146,1296,1149,716,962,538,1049,1286,1195,785,154,505,1006,1203,1066,606,2,584,951,999,720,222,315,692,5,5,2,3,3,3,1,0,1,8,1,281,91,460,669,662,417,27,395,710,831,682,334,114,537,807,875,706,362,70,440,770,885,782,505,102,282,611,806,839,695,395,17,354,650,818,819,665,381,8,359,655,831,839,697,422,74,304,222,846,896,793,537,173,222,605,868,980,908,681,304,131,554,887,1064,1037,819,437,47,523,923,1151,1169,954,565,52,471,916,1215,1272,1094,709,189,374,1054,1224,1338,1200,835,314,260,796,1188,1364,1284,974,493,74,637,1088,1347,1352,1119,686,122,455,969,1301,1410,1268,900,367,252,811,1242,1452,1402,1107,591,35,666,1155,18
26,32,14,33,66,119,179,261,327,414,481,886,600,638,674,695,692,675,648,607,562,502,455,408,365,342,319,311,316,334,364,415,470,539,602,655,695,720,724,621,685,644,591,524,451,374,281,200,112,36,30,84,121,145,153,135,114,78,35,2,44,84,121,155,185,203,217,219,205,192,154,132,106,72,53,173,22,12,17,26,35,44,61,76,94,113,122,140,153,156,166,165,160,150,137,120,107,91,78,52,27,0,32,373,101,140,167,185,198,211,213,215,216,215,220,228,242,254,280,302,322,340,352,3,0,1,3,5,18,18,27,10,19,2,32,56,86,105,119,142,155,167,177,174,174,163,144,131,101,63,28,11,51,319,128,155,181,206,210,211,187,158,119,79,33,3,41,59,69,72,66,50,25,6,36,76,115,142,180,195,211,94,224,228,239,245,260,288,305,334,352,365,371,375,366,365,336,312,279,239,199,159,106,62,11,37,83,126,159,194,215,233,236,225,198,153,88,964,74,167,272,361,456,541,611,661,691,695,671,607,522,405,259,112,63,240,416,572,718,838,945,1014,1039,1047,1018,1583,887,793,706,605,500,409,319,235,170,78
61,30,571,612,619,608,583,547,502,440,375,694,283,264,251,247,243,245,240,233,205,163,105,32,32,110,189,280,374,451,523,569,598,594,555,469,346,198,33,539,276,398,475,508,486,416,328,218,109,26,34,60,49,6,58,140,198,240,247,228,185,120,29,65,136,196,225,233,228,195,162,117,73,22,5,39,47,69,80,90,101,99,109,108,106,86,70,34,4,35,74,113,153,183,203,213,214,195,163,118,63,13,42,400,112,143,152,152,154,145,141,135,132,122,109,98,65,21,29,99,167,236,288,11,14,22,7,6,1,12,3,22,1,3,20,24,65,91,97,80,43,8,62,121,163,190,198,188,149,97,29,30,91,380,137,112,49,43,155,258,344,398,403,375,294,196,85,18,85,103,72,10,133,280,446,615,747,828,870,850,771,693,497,309,117,75,234,354,426,445,416,343,235,110,4,91,140,137,82,3,117,246,363,449,490,470,395,274,120,71,272,463,631,764,843,850,803,1217,551,372,182,12,198,349,474,572,638,672,689,688,649,630,611,605,620,649,713,803,892,982,1067,1123,1142,1128,1087,1546,904,781,647,510,363,220,77,78,202,120
40,37,467,488,496,509,513,520,527,538,558,1107,610,641,674,716,755,772,782,799,788,793,770,762,739,730,724,710,702,682,661,617,565,501,410,311,200,84,28,791,215,282,319,347,339,312,271,206,132,56,26,83,151,191,220,226,196,166,105,29,53,139,219,289,338,365,374,347,305,248,180,104,34,26,75,36,137,148,166,164,157,162,168,186,196,218,230,249,265,267,270,258,250,231,215,184,175,142,122,95,66,34,2,587,79,122,156,176,209,228,234,232,235,233,236,249,274,313,349,390,423,450,457,50,71,36,63,17,10,3,2,3,23,76,2,22,33,38,27,2,44,90,142,195,232,262,274,259,228,174,102,26,60,86,218,275,333,352,354,335,284,226,153,71,4,65,112,117,102,49,38,151,280,431,588,731,866,981,1064,1112,1123,709,1014,908,779,613,438,249,68,111,271,414,518,585,612,583,521,409,264,92,93,282,476,642,790,899,975,1005,993,949,854,754,622,469,305,154,2,1634,292,418,532,627,721,785,838,875,897,896,878,849,814,775,731,682,651,632,626,628,634,651,665,668,668,646,612,277,524,460,411,375,347,320,316,330,344,32
162,31,251,410,478,431,283,71,145,325,437,733,422,335,216,71,68,199,305,371,377,306,172,6,187,314,352,290,136,65,254,357,343,210,9,239,404,430,311,100,152,325,365,280,116,42,133,125,66,14,45,16,39,85,93,44,33,86,87,31,52,122,136,86,3,97,154,153,103,29,37,70,61,31,15,57,53,40,0,50,95,135,152,135,81,0,85,165,198,190,135,45,39,106,137,131,88,33,13,42,40,16,13,141,25,3,43,69,88,78,58,19,20,70,122,153,147,88,13,122,194,197,125,15,43,1,7,3,18,18,38,3,20,1,36,43,24,21,60,70,40,23,82,106,77,3,75,127,120,61,11,58,54,161,67,100,65,35,158,235,219,107,45,175,215,159,54,32,38,46,171,257,219,53,204,450,581,530,298,25,331,286,514,345,91,140,252,210,54,132,247,242,109,75,236,299,269,183,114,105,157,210,188,39,225,531,759,800,607,224,224,604,781,714,445,90,214,1074,320,142,86,270,330,261,77,140,335,441,458,391,281,164,52,61,185,335,490,616,649,550,311,20,360,615,716,1035,412,130,128,287,324,235,76,91,202,30
8,121,125,170,193,208,203,169,127,64,11,207,202,290,373,449,506,542,549,556,541,505,459,404,343,283,217,147,64,12,109,203,291,387,490,564,641,710,730,632,733,700,641,578,482,393,300,197,116,43,6,49,61,52,30,16,73,121,169,208,231,242,228,201,160,101,47,8,53,83,99,102,97,78,57,66,23,16,21,32,60,95,135,173,203,218,227,238,233,210,189,160,130,105,68,37,23,8,10,20,28,31,36,301,40,35,39,35,47,49,42,49,41,27,19,9,38,81,128,185,245,299,352,7,40,40,4,30,9,16,75,36,101,53,64,13,32,76,105,122,125,122,97,76,33,11,51,95,126,139,138,114,75,378,55,140,216,292,355,390,407,402,359,302,233,142,53,27,92,141,162,149,107,38,59,165,299,425,550,662,747,384,834,818,768,688,565,417,265,99,71,219,349,435,481,482,427,327,179,0,210,413,632,830,996,1123,1209,1238,1225,1150,1057,925,760,585,396,224,51,1545,252,381,488,578,671,732,775,802,817,823,810,795,777,761,753,757,774,794,841,895,942,999,1051,1090,1102,1089,1056,831,930,829,729,620,510,402,311,211,128,68
28,53,184,199,203,195,179,150,115,65,19,81,81,127,176,215,249,271,291,301,306,300,298,287,273,256,240,223,206,193,175,157,139,117,93,66,40,9,29,314,83,105,118,122,133,137,122,101,79,54,31,7,13,28,39,40,44,38,27,10,8,29,53,74,95,113,123,128,128,119,108,90,69,51,27,105,1,6,6,3,11,22,37,60,72,88,101,104,109,111,111,103,100,92,82,71,57,42,26,13,5,20,37,113,62,73,81,86,87,90,97,97,104,108,121,129,140,147,152,154,153,147,137,5,10,42,8,22,19,1,1,20,34,2,51,34,15,9,37,56,76,91,103,107,101,92,74,52,27,1,19,36,56,258,59,56,45,26,2,23,53,74,94,110,114,109,95,66,20,32,89,159,237,307,379,447,501,552,582,599,596,391,540,490,424,348,262,175,87,0,74,134,184,210,211,193,159,97,23,72,173,282,389,491,589,670,732,783,811,816,803,771,720,652,576,485,392,83,183,82,11,95,173,238,282,314,316,302,268,211,141,58,37,136,241,335,427,499,565,616,647,664,661,644,614,1060,522,463,398,332,258,188,118,50,13,35
44,16,642,727,770,769,740,663,564,427,269,349,74,244,394,527,633,709,749,751,718,649,552,419,273,101,68,226,375,501,608,682,723,717,690,614,520,405,257,614,61,214,356,474,568,632,667,670,633,561,473,349,218,78,62,198,324,432,520,571,601,595,567,511,425,315,191,62,69,195,312,413,500,557,587,830,538,471,381,273,146,5,135,270,390,483,556,594,604,565,495,386,249,98,67,228,380,509,605,651,638,577,469,605,134,66,256,423,550,622,627,557,429,259,62,137,311,434,493,476,394,257,84,0,0,1,0,0,1,0,1,0,1,0,293,299,251,152,30,102,228,331,391,413,372,289,180,45,94,218,324,399,437,600,399,327,234,123,6,105,208,297,366,408,424,410,376,314,236,145,49,49,148,240,315,373,412,431,425,395,345,310,193,95,1,100,200,292,371,435,480,492,494,457,394,313,208,94,25,147,265,376,474,544,582,596,572,522,442,334,207,73,78,217,354,474,566,722,670,661,623,548,452,328,193,37,113,259,397,507,599,655,688,682,643,571,475,350,213,67,88,238,382,506,613,578,722,724,695,630,538,411,270,108,56,11
50,10,405,448,485,512,524,528,516,489,450,668,350,288,225,161,108,51,3,39,71,102,118,136,136,143,136,127,106,83,49,18,15,59,100,140,174,204,226,480,245,247,236,214,193,163,136,94,66,33,4,20,42,57,66,68,67,61,53,41,26,15,1,10,20,33,37,44,47,46,50,50,51,46,43,41,33,36,28,29,41,47,67,86,104,128,152,172,189,200,211,212,209,198,185,166,145,123,102,80,57,39,22,324,12,24,31,42,46,51,55,54,54,54,57,54,58,66,72,77,85,91,98,20,8,5,4,9,16,20,3,15,19,1,39,42,41,41,38,35,29,17,7,2,10,26,30,36,37,37,29,22,8,213,35,62,91,123,156,183,207,223,231,230,215,182,146,97,33,38,116,193,268,343,413,472,518,552,576,579,573,527,509,452,389,312,229,145,60,18,86,146,188,210,215,200,162,109,35,49,142,247,355,461,558,643,717,775,808,824,814,789,744,684,613,535,451,687,300,228,180,135,111,100,99,111,126,160,203,242,279,335,373,420,454,486,503,510,512,494,474,439,399,350,301,86,211,171,147,124,125,127,153,179,217,73
188,39,719,562,50,536,850,777,339,219,638,1255,587,221,184,491,632,538,230,197,541,625,389,43,432,547,325,82,418,464,190,246,539,449,33,454,658,421,111,642,607,276,181,423,351,87,128,149,60,13,1,76,86,15,122,125,0,145,162,8,185,232,87,151,283,196,35,220,233,79,87,144,85,14,71,159,28,86,79,10,80,145,152,87,41,163,232,199,46,144,278,254,93,113,247,219,71,96,182,125,6,89,89,458,74,61,38,132,132,25,106,190,175,77,70,199,251,158,50,267,314,142,136,22,12,2,54,35,6,19,10,51,26,50,22,54,26,36,65,6,97,153,76,73,177,151,11,126,152,60,50,89,31,262,14,88,158,90,126,321,310,59,245,376,240,11,148,100,23,11,186,375,304,96,590,774,453,231,833,908,421,68,783,710,199,313,455,182,182,276,4,364,489,224,230,499,444,202,17,26,61,254,564,712,416,289,1014,1254,745,260,1123,1303,728,207,859,863,364,1432,446,247,135,358,252,141,522,635,372,122,572,736,598,269,116,443,694,780,600,111,549,1062,1102,585,258,951,1109,1519,29,584,700,399,45,299,214,91,344,104
