Subcarrier_1,Subcarrier_2,Subcarrier_3,Subcarrier_4,Subcarrier_5,Subcarrier_6,Subcarrier_7,Subcarrier_8,Subcarrier_9,Subcarrier_10,Subcarrier_11,Subcarrier_12,Subcarrier_13,Subcarrier_14,Subcarrier_15,Subcarrier_16,Subcarrier_17,Subcarrier_18,Subcarrier_19,Subcarrier_20,Subcarrier_21,Subcarrier_22,Subcarrier_23,Subcarrier_24,Subcarrier_25,Subcarrier_26,Subcarrier_27,Subcarrier_28,Subcarrier_29,Subcarrier_30,Subcarrier_31,Subcarrier_32,Subcarrier_33,Subcarrier_34,Subcarrier_35,Subcarrier_36,Subcarrier_37,Subcarrier_38,Subcarrier_39,Subcarrier_40,Subcarrier_41,Subcarrier_42,Subcarrier_43,Subcarrier_44,Subcarrier_45,Subcarrier_46,Subcarrier_47,Subcarrier_48,Subcarrier_49,Subcarrier_50,Subcarrier_51,Subcarrier_52,Subcarrier_53,Subcarrier_54,Subcarrier_55,Subcarrier_56,Subcarrier_57,Subcarrier_58,Subcarrier_59,Subcarrier_60,Subcarrier_61,Subcarrier_62,Subcarrier_63,Subcarrier_64,Subcarrier_65,Subcarrier_66,Subcarrier_67,Subcarrier_68,Subcarrier_69,Subcarrier_70,Subcarrier_71,Subcarrier_72,Subcarrier_73,Subcarrier_74,Subcarrier_75,Subcarrier_76,Subcarrier_77,Subcarrier_78,Subcarrier_79,Subcarrier_80,Subcarrier_81,Subcarrier_82,Subcarrier_83,Subcarrier_84,Subcarrier_85,Subcarrier_86,Subcarrier_87,Subcarrier_88,Subcarrier_89,Subcarrier_90,Subcarrier_91,Subcarrier_92,Subcarrier_93,Subcarrier_94,Subcarrier_95,Subcarrier_96,Subcarrier_97,Subcarrier_98,Subcarrier_99,Subcarrier_100,Subcarrier_101,Subcarrier_102,Subcarrier_103,Subcarrier_104,Subcarrier_105,Subcarrier_106,Subcarrier_107,Subcarrier_108,Subcarrier_109,Subcarrier_110,Subcarrier_111,Subcarrier_112,Subcarrier_113,Subcarrier_114,Subcarrier_115,Subcarrier_116,Subcarrier_117,Subcarrier_118,Subcarrier_119,Subcarrier_120,Subcarrier_121,Subcarrier_122,Subcarrier_123,Subcarrier_124,Subcarrier_125,Subcarrier_126,Subcarrier_127,Subcarrier_128,Subcarrier_129,Subcarrier_130,Subcarrier_131,Subcarrier_132,Subcarrier_133,Subcarrier_134,Subcarrier_135,Subcarrier_136,Subcarrier_137,Subcarrier_138,Subcarrier_139,Subcarrier_140,Subcarrier_141,Subcarrier_142,Subcarrier_143,Subcarrier_144,Subcarrier_145,Subcarrier_146,Subcarrier_147,Subcarrier_148,Subcarrier_149,Subcarrier_150,Subcarrier_151,Subcarrier_152,Subcarrier_153,Subcarrier_154,Subcarrier_155,Subcarrier_156,Subcarrier_157,Subcarrier_158,Subcarrier_159,Subcarrier_160,Subcarrier_161,Subcarrier_162,Subcarrier_163,Subcarrier_164,Subcarrier_165,Subcarrier_166,Subcarrier_167,Subcarrier_168,Subcarrier_169,Subcarrier_170,Subcarrier_171,Subcarrier_172,Subcarrier_173,Subcarrier_174,Subcarrier_175,Subcarrier_176,Subcarrier_177,Subcarrier_178,Subcarrier_179,Subcarrier_180,Subcarrier_181,Subcarrier_182,Subcarrier_183,Subcarrier_184,Subcarrier_185,Subcarrier_186,Subcarrier_187,Subcarrier_188,Subcarrier_189,Subcarrier_190,Subcarrier_191,Subcarrier_192,Subcarrier_193,Subcarrier_194,Subcarrier_195,Subcarrier_196,Subcarrier_197,Subcarrier_198,Subcarrier_199,Subcarrier_200,Subcarrier_201,Subcarrier_202,Subcarrier_203,Subcarrier_204,Subcarrier_205,Subcarrier_206,Subcarrier_207,Subcarrier_208,Subcarrier_209,Subcarrier_210,Subcarrier_211,Subcarrier_212,Subcarrier_213,Subcarrier_214,Subcarrier_215,Subcarrier_216,Subcarrier_217,Subcarrier_218,Subcarrier_219,Subcarrier_220,Subcarrier_221,Subcarrier_222,Subcarrier_223,Subcarrier_224,Subcarrier_225,Subcarrier_226,Subcarrier_227,Subcarrier_228,Subcarrier_229,Subcarrier_230,Subcarrier_231,Subcarrier_232,Subcarrier_233,Subcarrier_234,Subcarrier_235,Subcarrier_236,Subcarrier_237,Subcarrier_238,Subcarrier_239,Subcarrier_240,Subcarrier_241,Subcarrier_242,Subcarrier_243,Subcarrier_244,Subcarrier_245,Subcarrier_246,Subcarrier_247,Subcarrier_248,Subcarrier_249,Subcarrier_250,Subcarrier_251,Subcarrier_252,Subcarrier_253,Subcarrier_254,Subcarrier_255,Subcarrier_256
20,238,382,125,78,182,275,224,32,44,129,1098,163,167,26,20,18,23,8,159,51,79,155,243,309,335,20,374,318,530,558,254,115,371,506,315,315,8,152,240,144,15,263,211,255,95,90,431,393,289,100,192,385,503,459,286,89,20,203,494,428,208,343,229,94,359,724,643,448,141,179,327,450,313,227,312,1,160,5,77,201,81,94,105,376,498,415,184,81,140,384,331,573,367,189,195,27,229,394,529,620,672,208,190,378,548,503,351,118,103,190,205,170,129,213,261,205,33,15,136,206,167,210,55,35,27,11,64,9,24,20,3,22,26,414,661,432,169,457,650,340,41,342,478,279,77,68,199,161,96,189,199,183,310,119,333,397,290,41,284,471,268,36,271,344,242,202,118,281,220,314,23,96,159,199,66,183,86,237,294,182,242,212,520,816,658,192,253,712,831,648,254,154,555,420,287,51,79,31,214,218,10,253,389,402,358,195,363,800,575,80,537,962,1104,742,8,744,1358,1239,748,106,690,950,873,314,233,447,523,179,217,166,5,283,397,311,308,233,793,616,65,585,1024,909,660,306,159,1092,1164,453,396,1076,1411,971,334,673,81
31,92,18,148,117,55,140,140,132,30,138,954,183,177,152,30,55,9,84,64,169,47,149,122,13,24,232,199,178,52,475,143,120,150,369,88,34,249,365,383,186,122,458,362,203,138,153,163,373,257,184,502,325,191,378,331,289,475,439,476,338,471,528,548,575,641,660,597,549,623,522,587,594,435,448,548,60,90,0,110,146,351,154,252,301,422,429,304,422,200,209,12,14,44,118,241,254,289,515,563,506,488,677,512,650,500,434,464,279,169,349,170,117,140,141,11,102,22,19,26,8,72,104,25,54,68,64,15,44,24,93,7,75,39,547,660,598,538,557,307,176,110,102,30,3,120,118,140,88,6,77,212,270,474,291,107,196,7,72,24,47,142,181,501,392,395,484,461,455,368,441,214,87,284,195,23,67,12,250,238,246,231,297,227,217,384,199,74,145,170,13,37,122,185,319,169,170,75,130,58,112,179,179,247,566,561,641,518,542,601,585,561,526,778,511,677,297,423,137,64,282,143,230,525,389,549,413,248,358,128,146,61,16,318,570,492,518,721,756,725,741,616,598,629,564,925,291,208,171,5,162,127,534,456,656,30
296,153,125,364,120,168,30,308,328,213,208,505,217,104,109,103,14,32,2,40,230,322,415,217,490,457,420,138,713,790,127,411,388,559,262,259,216,177,59,379,37,227,23,51,60,158,41,159,459,149,216,169,473,411,279,84,316,564,432,341,118,420,652,714,259,229,666,649,540,251,72,512,290,171,31,688,157,28,10,41,354,239,136,23,110,386,261,196,168,148,280,440,427,259,84,229,459,626,389,95,354,621,538,14,26,364,543,365,243,5,117,192,367,286,251,95,226,286,60,29,89,72,61,91,39,45,44,23,35,24,22,32,14,49,546,25,562,581,36,546,581,104,335,402,117,89,244,148,21,50,252,275,125,189,598,446,33,356,515,336,296,343,163,104,357,438,38,465,443,172,97,383,356,192,84,143,8,45,12,258,246,495,45,503,840,801,213,519,873,783,128,574,522,543,202,401,136,349,266,111,362,607,438,41,692,451,40,546,713,437,438,925,859,61,700,1259,1043,728,995,1473,531,414,1049,793,52,575,596,104,562,503,118,512,719,381,227,868,743,134,890,979,368,507,1330,1036,46,509,1274,1039,92,1091,1282,816,476,1169,1139,56
479,109,361,194,68,40,296,252,139,192,235,366,27,8,30,123,14,428,122,277,201,189,477,412,319,164,2,22,384,362,581,328,262,207,0,6,274,140,7,148,93,161,347,124,75,44,67,287,465,162,298,371,74,307,35,133,573,377,749,423,598,359,247,418,208,411,917,739,594,626,102,81,22,72,67,490,123,60,92,136,33,216,376,431,512,266,176,299,118,14,20,152,40,343,475,514,609,598,707,346,368,235,348,221,538,454,431,427,314,79,315,226,116,43,112,222,246,238,185,116,217,113,212,75,79,21,16,63,63,48,44,41,87,20,672,503,39,447,755,754,348,177,459,446,391,174,79,309,44,143,298,267,100,108,406,604,616,319,54,329,438,488,345,208,342,439,518,172,81,256,407,622,317,101,57,9,145,2,108,255,95,400,24,333,539,879,874,593,366,379,486,912,554,328,50,271,338,137,47,312,719,807,791,9,401,732,528,396,359,820,850,1038,859,237,508,1250,1440,808,1012,327,503,970,1310,994,342,266,830,863,654,5,483,896,973,669,41,539,859,1003,692,246,412,1116,1269,1158,645,495,674,1287,1722,1502,737,23,756,1320,1547,141
33,106,22,249,64,21,56,93,63,116,44,571,60,36,8,84,39,57,143,137,117,180,328,271,223,230,331,265,433,384,507,491,213,288,460,371,325,158,310,391,22,53,194,188,66,22,97,12,80,96,24,56,191,88,217,202,107,188,435,470,661,450,436,562,516,713,571,611,645,454,469,515,204,294,292,208,8,47,66,43,101,285,244,180,384,421,400,366,415,352,374,375,388,243,221,154,149,51,105,38,97,31,29,241,92,203,153,224,296,257,212,276,295,296,268,214,256,203,256,215,31,98,69,37,32,41,16,64,58,0,23,7,37,4,486,604,699,665,563,383,387,142,38,136,247,324,196,99,43,16,253,297,394,634,580,617,495,351,368,352,44,106,216,280,312,425,484,537,511,400,441,405,425,315,250,161,12,73,130,244,335,294,377,569,332,466,379,254,269,89,51,27,293,366,207,354,404,227,22,109,89,385,376,472,453,744,618,966,767,910,812,643,497,550,395,447,88,624,120,437,608,799,717,836,708,832,738,555,476,166,217,203,282,559,822,713,988,903,861,990,938,915,626,620,363,762,107,232,235,410,660,804,858,1196,1167,140
461,30,362,429,207,63,270,83,85,23,53,544,159,121,84,11,56,124,101,15,40,317,31,92,1,153,300,65,231,282,48,8,135,166,70,283,4,55,248,371,300,298,156,282,190,145,58,329,420,514,169,474,329,381,367,484,434,271,408,771,398,519,526,536,525,703,629,525,694,586,310,464,598,485,291,799,108,90,13,307,102,136,211,310,244,206,537,256,332,49,91,97,92,62,207,560,491,478,624,697,728,713,524,571,768,807,614,414,265,341,194,196,108,14,104,10,39,20,32,17,54,163,134,57,25,84,37,67,11,65,11,76,32,18,22,197,448,493,673,637,546,507,430,393,238,46,51,85,41,166,146,127,177,497,398,456,369,362,528,349,427,402,419,104,190,74,230,280,249,186,329,350,181,233,303,60,9,6,307,370,512,131,653,750,836,950,998,702,805,969,938,523,540,483,177,92,237,392,197,179,242,151,27,138,58,216,326,459,697,628,941,1076,1154,1346,1567,1239,1229,836,1042,1046,961,276,491,232,230,37,221,581,764,516,735,368,280,360,12,143,438,581,598,609,831,890,1197,1309,1148,1489,1079,1140,1120,1070,874,627,386,312,43,96
181,51,414,550,104,231,175,47,609,120,2,165,16,64,121,380,132,170,53,90,34,285,176,60,209,222,361,392,190,357,583,165,544,459,392,301,96,61,86,321,72,328,270,78,90,171,225,229,58,298,508,325,337,33,185,473,41,66,124,259,122,453,264,204,501,190,526,738,355,254,344,56,600,327,94,338,123,60,96,83,317,258,193,404,340,267,545,45,346,350,247,290,367,369,89,333,521,97,449,546,43,560,665,172,618,234,194,144,187,241,114,100,62,180,365,10,259,220,94,236,251,114,63,93,47,168,48,64,51,87,98,31,58,91,293,393,127,686,120,684,48,639,159,438,394,252,517,26,23,85,37,190,54,173,252,487,229,159,374,148,653,128,361,424,187,457,81,608,191,320,313,94,413,254,273,129,66,85,132,20,498,251,447,722,17,1135,772,572,1025,122,758,530,511,504,141,37,152,357,220,303,239,353,192,516,272,323,597,406,837,63,946,516,805,1143,430,1608,770,1106,1115,224,1434,342,1030,937,530,787,243,608,46,530,10,482,562,818,529,633,532,353,972,98,967,511,643,1202,323,1446,803,1046,1420,331,1385,506,1201,1220,532,14
87,115,198,66,94,446,639,205,92,5,102,281,211,163,87,25,17,266,23,23,282,99,228,284,132,297,599,463,234,284,363,374,85,26,287,320,39,230,227,90,8,245,83,14,238,401,29,89,445,600,314,37,444,471,282,15,248,133,244,284,386,6,180,777,423,81,331,836,547,299,143,399,461,144,114,498,295,86,89,179,244,82,291,71,481,723,514,61,421,525,491,235,131,102,219,412,466,480,93,210,654,597,519,329,320,525,462,128,177,295,302,148,105,161,97,314,344,191,77,180,158,204,170,17,25,45,14,26,72,3,45,3,10,31,595,630,82,412,610,237,320,745,399,175,476,264,245,160,118,145,17,152,117,360,196,401,410,82,481,239,151,599,540,38,109,516,434,91,308,528,296,130,212,107,42,250,132,79,45,200,366,341,72,429,740,824,384,359,937,735,48,623,949,431,236,419,55,351,255,79,157,563,79,286,763,279,523,690,411,72,1105,1096,328,513,1214,1197,206,988,1630,988,6,1300,1035,109,514,978,262,277,667,374,499,557,386,150,716,434,179,857,543,57,711,1033,562,591,1388,1548,127,937,1492,964,128,1201,1505,519,475,154
392,221,455,380,118,100,262,378,203,353,372,402,36,44,104,145,15,245,79,355,134,0,121,265,544,318,594,421,314,139,389,518,551,583,645,536,518,111,121,339,190,237,225,287,77,23,251,189,446,520,564,640,56,268,178,133,79,193,213,132,26,215,49,206,302,495,588,757,741,717,448,266,13,164,379,1008,323,290,192,161,63,442,450,555,142,61,57,149,401,336,486,460,232,101,137,252,363,173,580,690,745,692,575,234,179,86,1,389,350,307,139,168,34,61,71,129,324,289,134,89,139,94,55,73,19,16,53,42,36,55,16,40,30,77,493,292,68,458,665,533,474,150,13,387,264,262,194,39,159,42,97,120,454,621,573,191,257,114,259,174,584,400,334,116,38,275,537,504,386,147,194,259,127,250,292,90,77,142,217,241,286,503,227,460,814,896,948,924,745,675,276,41,511,548,435,188,60,2,341,33,241,66,364,468,790,396,505,123,63,464,715,911,990,1048,674,260,137,1286,1282,1234,1275,1302,906,176,151,266,410,522,409,92,299,548,683,738,430,100,349,744,710,1046,730,397,129,848,1142,1201,1141,1310,1110,553,56,588,980,1271,1379,297
135,131,704,704,758,728,402,401,172,296,56,69,110,161,464,427,528,517,569,635,658,613,575,618,570,492,723,541,527,557,596,376,215,228,11,118,328,346,284,1313,538,759,654,804,843,1036,1016,962,1119,1016,964,1011,1027,1216,1106,1082,959,1076,996,1111,1040,1201,1173,1098,1100,1136,1200,1265,1202,1173,1159,1092,1028,1006,1015,975,803,790,414,305,128,8,145,242,394,289,332,490,534,614,681,685,719,686,735,717,734,744,557,494,362,224,3,284,249,319,519,649,662,861,909,793,495,576,257,59,11,227,205,299,352,398,331,8,1,13,1,14,8,13,31,7,2,22,199,283,260,266,97,6,105,217,218,266,336,268,246,257,214,148,253,180,183,271,133,63,74,65,110,142,98,102,108,64,24,30,195,183,51,2,86,220,138,216,359,261,214,315,16,69,58,705,119,80,62,145,8,22,48,82,338,309,624,658,639,668,616,623,307,309,257,204,564,565,311,346,403,397,317,225,243,278,370,501,816,942,958,1104,994,1009,1096,970,972,1124,972,972,1205,1050,978,970,833,746,659,405,367,290,132,67,159,27,186,316,182,330,487,289,611,722,723,878,938,1063,992,1010,782,75
610,323,4,169,332,545,385,140,87,154,20,407,360,212,101,83,191,75,157,26,5,50,146,166,14,220,152,145,270,516,408,305,126,265,347,543,546,4,60,433,222,520,67,97,438,569,385,224,332,513,702,678,263,72,211,681,908,596,527,487,403,159,468,540,550,647,504,123,203,498,583,508,317,225,5,869,194,18,208,311,276,296,16,51,262,795,678,306,52,7,301,409,554,483,414,428,260,169,88,443,631,842,645,347,263,165,579,431,243,134,65,20,25,71,42,58,1,198,222,356,147,172,8,133,176,33,18,9,30,33,65,49,93,38,661,506,58,430,685,550,86,330,570,393,137,152,328,117,108,3,4,71,225,422,217,344,601,370,30,71,234,351,452,67,229,411,539,1,167,495,248,293,57,132,126,188,80,175,12,34,527,1,684,493,77,372,831,1092,620,163,255,715,718,417,287,49,356,70,157,158,420,183,393,594,495,133,586,620,990,504,99,650,1102,1273,750,119,931,1311,1557,1015,192,712,1366,1163,630,287,391,796,338,71,599,531,334,221,680,809,617,266,697,915,786,247,694,1314,1176,1565,187,679,1282,1600,967,124,920,1252,1519,79
171,213,400,404,664,642,375,282,480,67,126,256,81,86,80,91,12,171,131,1,121,150,176,59,55,197,277,135,414,47,230,441,554,573,520,569,554,641,441,74,336,227,65,124,143,132,130,335,565,668,424,458,775,628,453,678,646,742,467,702,798,391,718,508,460,696,909,629,559,578,562,666,479,425,319,45,86,47,71,369,236,363,470,576,654,368,666,667,547,452,282,510,287,695,467,343,616,443,528,287,564,609,653,737,745,627,481,387,386,83,233,48,28,71,40,37,16,30,54,39,39,119,87,36,23,14,88,18,2,79,72,85,10,11,199,480,673,744,701,525,499,208,108,40,427,259,238,110,7,74,130,50,228,366,159,295,150,103,393,387,580,477,584,491,315,250,347,38,5,101,167,215,337,93,208,142,176,79,142,461,603,220,628,696,676,580,648,415,186,8,61,357,444,595,483,535,278,122,9,204,341,299,512,671,622,391,367,410,101,216,587,816,950,1182,1319,1499,1460,865,1363,999,1121,720,266,341,409,666,700,858,818,488,290,217,64,62,522,650,831,955,794,736,783,466,483,69,72,278,823,970,1134,1467,1611,1697,1556,1613,1270,28
124,110,712,530,72,176,319,272,186,235,157,860,451,204,5,147,164,146,212,117,122,6,5,23,22,153,214,277,343,233,142,444,641,267,321,277,234,499,605,13,57,246,370,573,212,298,11,616,510,499,138,375,238,607,773,832,526,99,106,100,409,525,816,436,383,184,87,170,590,648,447,495,78,35,295,713,206,26,149,274,346,76,295,336,698,563,332,237,105,487,652,565,560,407,414,136,8,228,69,651,627,616,537,105,167,312,569,508,529,271,37,104,134,59,26,19,77,26,267,241,255,135,67,30,47,17,52,41,49,56,68,46,81,47,488,137,613,599,487,11,441,596,545,235,98,123,212,4,29,178,167,273,265,224,367,373,484,474,33,425,612,563,172,128,358,369,332,147,170,469,553,345,29,22,77,182,37,49,46,76,414,433,564,320,31,430,940,1084,868,452,369,887,927,618,75,69,113,258,62,331,43,28,496,675,293,280,130,376,588,734,468,99,714,1310,1283,756,143,1130,1265,1512,1303,516,659,979,1074,638,8,154,378,190,436,232,536,217,327,660,890,574,52,591,848,972,478,324,791,1130,1374,711,26,517,1521,1378,1063,250,568,115
429,238,94,236,266,618,475,371,435,351,195,288,22,372,91,105,349,206,206,20,68,24,102,123,193,146,259,197,234,117,78,50,227,362,356,318,731,559,608,47,51,72,309,288,144,470,606,600,475,287,260,178,230,320,307,387,478,679,450,605,673,438,725,658,739,551,567,381,541,509,389,281,253,150,14,637,388,6,114,206,20,187,281,641,664,668,705,526,752,616,764,489,439,197,288,473,517,405,347,324,158,9,198,272,252,310,455,356,360,315,336,152,91,53,9,20,63,122,247,125,184,175,212,6,47,21,37,72,11,21,8,23,8,60,439,141,251,512,650,624,537,216,240,104,143,72,169,210,40,116,78,20,125,260,369,513,654,410,563,292,93,287,273,504,505,394,205,94,84,58,167,339,393,349,182,82,0,185,139,192,48,254,441,678,852,994,1096,912,925,720,281,284,73,260,311,412,207,202,49,341,111,392,137,24,139,210,392,661,698,619,590,272,171,320,985,1214,1364,1193,1447,1162,825,502,84,201,561,672,666,645,141,25,185,457,209,451,248,68,262,535,795,1016,824,727,573,333,58,82,649,1204,1164,1536,1529,981,835,348,91,110
211,138,595,604,438,158,146,379,501,466,296,496,192,362,406,300,76,198,415,494,415,173,157,449,651,634,425,74,318,627,762,694,440,66,293,546,625,523,258,621,389,614,690,589,349,39,297,568,722,712,552,300,7,230,354,333,196,10,156,206,111,124,407,622,712,618,363,21,312,533,576,448,184,135,408,223,513,318,18,382,680,833,793,579,261,73,313,407,344,179,11,144,134,12,243,516,691,725,580,273,98,424,602,387,424,150,106,266,260,108,109,308,402,356,185,8,167,242,219,151,87,80,139,33,18,38,19,50,20,27,21,28,1,7,24,203,346,374,284,121,52,149,177,125,49,3,10,12,40,37,29,131,229,104,266,152,31,241,409,486,451,326,146,32,177,259,275,245,198,163,163,186,237,283,283,236,137,0,150,262,333,474,224,80,87,219,262,217,76,128,323,453,458,352,168,17,143,177,134,39,18,18,62,227,427,596,695,684,524,244,106,441,707,812,728,464,88,562,585,712,628,360,20,305,507,534,395,166,58,190,195,66,128,328,406,355,145,176,521,813,930,861,594,186,257,383,815,800,590,233,162,505,721,747,570,22
543,68,257,329,312,190,448,129,55,401,175,153,120,1,36,33,94,77,339,5,114,379,414,339,351,454,557,664,639,504,270,396,331,483,360,433,319,187,285,264,56,138,19,10,117,220,178,239,109,72,147,247,283,100,261,81,76,74,20,210,22,560,650,709,660,551,733,572,717,689,652,500,579,464,189,346,37,57,108,178,292,354,223,181,248,360,600,463,34,198,211,56,198,90,328,414,581,694,597,737,647,513,670,429,480,594,341,269,123,371,202,70,124,89,237,157,96,40,46,132,129,70,198,48,1,14,9,5,17,21,49,77,21,48,202,446,621,730,915,678,547,431,261,268,217,94,52,22,55,13,108,52,410,32,111,409,297,471,430,355,470,499,244,361,153,55,157,61,36,40,34,22,218,16,54,193,0,9,77,606,280,142,555,575,706,588,665,567,921,932,712,976,804,276,460,222,328,119,169,292,208,202,488,408,434,380,701,545,556,307,349,507,337,350,268,236,9,653,186,425,485,344,566,752,705,727,800,465,517,436,334,24,234,319,347,411,539,603,752,669,1025,1203,1330,1009,1109,1626,1251,943,1034,1195,774,526,746,472,302,148
5,29,597,776,641,218,352,868,1144,1057,628,14,642,1045,1075,707,67,613,1084,1163,800,106,687,1291,1495,1208,519,348,1103,1490,1374,785,82,934,1488,1546,1091,263,662,1370,1625,1338,609,323,1151,1603,1540,988,135,742,1369,1536,1219,529,310,998,1322,1173,622,160,896,1357,1404,1025,363,384,980,1247,1130,686,80,493,836,855,549,22,538,953,1101,918,471,117,665,1027,1107,912,520,57,329,538,541,342,47,246,448,491,357,80,264,587,800,846,707,411,27,364,676,851,859,710,444,119,193,444,593,634,577,436,245,29,182,354,453,11,1,2,26,11,16,9,21,2,14,2,100,32,211,400,550,639,640,543,350,79,240,555,804,921,863,618,208,285,772,1135,1293,1194,854,332,251,762,1088,1148,928,505,0,441,691,683,424,2,463,807,933,774,372,167,691,1055,1158,962,561,62,380,631,630,396,21,358,603,626,404,7,447,816,984,909,630,247,111,331,357,210,36,268,378,308,72,262,587,796,827,680,421,141,50,113,53,92,230,284,211,11,245,481,612,596,438,193,38,173,166,30,172,341,395,295,63,225,470,565,492,261,32,276,368,255,27,381,667,763,615,262,193,574,755,85
35,153,265,123,420,140,132,318,175,343,365,370,66,7,96,27,149,100,50,67,40,96,128,212,203,159,249,185,239,334,579,42,456,438,337,282,38,513,100,649,278,437,266,403,288,136,363,566,207,55,438,259,7,389,548,179,121,435,405,278,75,296,465,322,69,405,542,398,6,197,445,232,84,376,409,529,249,257,33,120,58,112,285,320,470,363,445,260,9,33,476,466,170,243,351,554,324,71,449,628,478,142,318,458,613,19,229,520,293,59,218,91,23,38,34,96,139,5,58,25,10,162,157,68,6,0,66,11,37,3,31,70,104,104,651,176,526,653,27,710,527,126,645,323,206,258,69,53,272,65,21,44,205,106,100,406,139,31,508,288,142,413,477,161,516,445,143,456,239,37,380,318,183,2,235,148,140,58,214,147,245,58,457,20,660,864,173,421,1077,634,275,878,488,93,541,23,29,343,110,357,316,66,466,196,203,352,524,241,920,650,338,899,982,87,1055,1173,600,871,1562,986,528,1301,897,69,768,686,9,651,440,159,577,134,45,638,92,258,538,480,447,559,3,363,1016,531,843,1463,959,613,1465,1006,118,1322,1242,244,1143,202
332,195,400,373,197,320,48,302,249,58,144,16,375,122,32,52,96,85,172,41,144,0,117,192,131,154,348,229,368,448,20,218,569,103,378,318,224,444,278,429,300,85,275,192,133,515,231,319,515,72,514,546,136,483,516,88,169,487,95,4,426,319,192,292,836,284,416,670,61,297,762,243,373,493,12,869,60,33,103,162,250,45,284,441,63,567,372,97,546,434,43,223,221,306,82,302,336,136,125,497,372,167,595,204,11,443,487,131,463,295,147,166,49,29,3,27,101,75,32,121,5,13,9,12,10,52,8,14,96,22,10,35,61,103,231,564,612,337,752,51,657,409,478,453,29,302,323,393,24,79,66,88,50,193,226,304,441,6,432,396,437,790,162,633,366,177,661,145,353,517,55,301,148,84,108,49,137,153,71,167,767,226,617,707,281,822,949,95,934,764,248,883,343,763,636,226,572,1,423,110,277,124,339,256,199,499,192,723,682,235,1223,531,642,1288,373,1271,1501,706,1641,929,577,1568,313,1083,577,103,950,291,710,460,178,542,14,777,171,724,642,79,804,196,1153,716,170,1348,476,644,1494,334,1320,1143,503,1716,703,952,1353,48
193,186,340,521,411,337,242,508,299,392,207,324,163,193,151,147,210,28,76,1,99,108,246,239,330,122,388,565,518,449,628,316,560,537,500,507,472,301,311,225,58,9,58,231,239,40,62,471,300,301,422,522,472,439,452,490,359,410,291,244,440,207,8,102,47,61,130,80,50,226,172,129,4,53,96,951,79,175,73,127,142,235,209,433,133,534,505,332,375,378,338,335,352,317,266,312,218,373,481,562,386,485,404,345,433,629,262,270,319,232,205,134,96,24,22,162,130,77,67,76,182,87,39,8,39,17,33,0,91,66,13,40,25,50,597,291,74,116,278,651,622,641,575,603,415,281,98,92,70,130,12,161,62,338,205,277,278,339,582,520,652,699,635,538,304,474,87,202,103,127,132,42,56,71,127,3,96,236,213,384,285,243,552,753,807,915,960,980,918,858,1056,843,762,636,437,284,135,134,223,203,108,225,360,19,168,52,249,340,248,741,630,1008,1078,1452,1395,1828,1603,1679,1678,1228,1478,1126,1293,726,653,211,95,278,411,563,421,389,406,623,419,240,114,52,364,669,884,780,1215,1473,1489,1316,1383,1441,1597,1337,1336,1330,1180,1015,869,91
413,1,9,265,441,169,348,460,341,250,188,1129,220,64,353,107,121,8,38,186,179,62,231,151,120,311,225,190,176,370,489,528,88,419,590,73,134,472,330,148,70,309,147,123,166,323,114,24,515,353,165,284,365,594,190,292,252,429,519,297,9,568,324,658,357,11,296,435,437,266,177,509,290,178,179,591,371,176,8,11,4,160,400,19,302,637,274,103,49,334,600,356,423,134,101,515,335,488,303,29,363,655,586,213,191,431,598,356,160,125,388,346,47,33,36,84,104,148,268,242,130,158,202,105,17,17,23,44,72,49,25,11,27,21,396,618,364,504,779,369,214,630,214,43,403,331,16,39,82,43,66,114,375,234,124,546,345,62,361,445,215,168,728,498,9,507,579,183,78,524,534,225,147,195,90,120,63,190,180,79,117,207,609,194,419,944,930,374,661,1093,730,34,638,813,161,186,385,315,401,165,6,231,292,62,614,412,439,216,871,767,104,926,1267,710,135,1270,1692,329,462,1429,1330,474,694,1325,883,319,849,790,143,347,568,92,549,571,0,460,867,317,748,1111,774,253,1159,1135,544,253,1214,1566,148,846,1579,1162,113,1360,1370,26
8,118,34,215,618,210,159,572,374,161,218,817,53,213,44,41,123,179,232,20,143,9,76,11,147,12,42,213,550,145,206,524,246,26,410,441,70,30,488,113,145,136,104,25,13,157,376,81,461,471,158,511,484,612,176,448,598,549,322,371,470,444,381,225,285,336,697,243,80,446,590,440,143,395,243,267,92,52,79,27,55,133,341,304,26,417,410,350,301,213,324,464,221,60,227,281,371,456,108,393,637,751,347,269,614,603,422,103,252,406,420,147,109,60,125,82,182,53,92,48,315,111,21,10,82,56,14,56,1,44,14,37,64,44,612,271,580,674,417,483,614,431,371,394,221,169,340,80,147,31,223,141,0,444,181,194,589,413,124,489,401,199,472,607,49,482,493,101,276,254,292,12,78,90,46,35,113,79,124,472,524,297,59,589,1124,792,307,774,820,144,704,868,276,334,712,385,255,322,38,298,491,23,618,338,17,401,700,308,682,929,309,708,1320,788,488,1416,1482,336,1061,1463,895,451,1171,682,129,962,774,17,691,344,46,764,426,115,543,439,292,639,487,256,891,738,154,757,1386,957,886,1410,1163,297,1318,1271,513,795,1396,146
554,2,323,144,420,11,257,332,356,9,89,916,278,83,58,32,141,32,56,224,151,7,326,194,225,323,58,513,651,301,167,217,594,475,300,5,118,378,96,429,258,0,248,128,51,247,256,79,393,654,493,479,111,435,470,567,463,297,141,387,527,330,549,533,15,502,748,738,559,326,153,357,629,131,178,827,56,49,165,119,3,342,477,543,114,16,368,639,407,374,197,110,29,357,252,503,368,409,188,294,633,809,529,205,263,436,584,492,151,38,20,72,383,364,261,222,65,20,84,147,186,107,90,6,33,65,56,64,56,7,12,8,34,2,50,575,540,53,477,630,483,165,580,609,244,200,290,260,157,20,50,173,121,364,180,292,239,293,308,393,253,42,334,412,31,372,480,320,190,67,525,500,292,91,79,56,251,151,221,415,256,222,335,601,849,909,185,360,791,1156,407,217,604,689,253,94,327,257,246,262,271,14,201,400,486,250,500,569,130,473,755,565,50,705,1236,1231,226,1066,1437,1342,847,417,1228,1213,671,455,684,1001,3,374,561,447,283,448,529,21,271,614,150,211,681,695,229,434,1129,1336,470,132,1230,1281,1002,47,855,1388,1088,148
344,21,446,251,8,3,158,284,70,45,90,559,59,54,329,62,167,81,282,14,108,61,303,58,173,20,222,373,388,162,159,428,466,84,273,425,439,239,344,239,22,20,113,19,335,371,16,156,393,300,59,245,443,495,299,50,116,463,542,134,176,264,532,673,373,359,428,751,195,33,402,377,214,10,60,236,105,31,277,167,1,20,253,685,453,89,504,515,526,187,39,133,326,599,427,126,231,631,650,585,8,466,680,447,93,302,488,351,281,93,231,208,253,195,185,8,168,259,322,45,217,245,275,41,112,49,2,23,80,10,36,65,6,21,77,559,689,59,563,495,1,459,430,135,239,321,124,231,201,48,171,91,309,380,111,341,189,31,161,389,16,308,361,37,334,365,134,433,529,280,122,272,277,122,106,17,9,145,54,438,358,45,367,695,357,146,888,988,396,552,965,974,6,451,493,159,317,215,130,43,254,335,264,251,84,321,157,82,465,503,185,936,932,282,887,1438,1002,701,1452,1154,576,679,1116,878,225,700,616,19,501,548,108,458,354,305,431,311,26,531,404,50,749,624,70,783,951,765,746,1172,878,119,934,1386,522,540,1424,207
460,14,262,325,390,175,458,426,31,6,265,773,288,35,73,59,237,38,75,35,106,14,196,119,313,145,245,179,499,192,61,343,531,196,222,144,488,672,245,909,203,135,11,202,187,338,278,91,294,672,310,228,13,536,501,382,319,117,338,422,612,675,298,81,242,463,551,675,392,183,285,418,524,389,319,580,114,130,158,89,109,297,567,421,361,157,282,577,638,380,307,56,362,228,401,621,517,295,35,397,523,907,516,114,279,564,560,460,155,29,191,190,55,203,268,115,160,36,178,173,273,160,147,0,30,5,40,69,27,17,24,74,24,53,456,716,93,451,658,533,58,407,526,115,138,381,201,103,132,186,182,185,84,90,332,329,136,204,479,341,274,361,424,1,278,512,366,52,224,524,617,333,182,315,209,0,153,236,187,413,288,116,471,803,1031,647,147,738,1029,826,57,555,613,504,14,426,297,97,564,398,33,252,319,340,165,282,505,131,167,914,938,246,223,1068,1330,792,188,1471,1488,1179,329,971,1182,747,221,665,647,142,370,610,387,50,342,567,260,375,662,647,115,433,875,760,283,670,1229,824,148,848,1436,1147,418,629,1374,1113,547,33
18,153,357,603,233,196,291,228,266,269,204,62,139,61,42,18,55,173,87,85,127,199,100,64,269,33,297,438,237,144,291,463,386,192,247,214,342,160,229,568,31,316,183,429,228,381,440,230,531,600,640,542,494,461,592,694,541,440,666,567,325,334,430,7,331,155,166,111,276,59,81,70,19,260,20,653,19,174,91,94,74,11,128,182,107,83,190,239,192,218,321,500,354,358,354,508,701,577,648,565,403,483,605,603,414,418,625,309,260,112,21,10,127,37,141,255,60,207,193,353,217,241,247,6,26,5,20,70,89,66,54,131,48,44,17,165,60,76,543,846,673,287,220,567,182,261,30,60,174,109,281,108,67,175,163,130,512,412,412,516,564,342,508,337,279,149,567,302,997,1,50,630,186,254,166,94,6,292,171,152,493,285,689,895,1023,756,774,1040,1063,1191,760,656,629,446,144,114,31,269,203,469,529,459,334,405,216,58,104,193,375,507,627,871,939,1104,1498,1505,1137,1445,1416,1001,1321,846,727,308,260,75,356,250,677,441,847,942,866,196,253,537,137,168,213,338,579,932,1000,1162,1186,791,1318,1417,1302,1342,1284,974,938,913,544,113
220,103,258,300,291,65,312,467,332,36,225,767,453,123,21,165,49,142,300,108,18,0,138,145,26,24,202,8,256,541,236,45,38,561,232,427,117,428,493,164,136,298,85,253,182,313,5,83,345,476,396,35,494,549,494,59,24,424,715,768,258,51,417,735,572,374,171,128,712,681,481,188,223,292,303,567,113,81,147,60,10,155,539,538,442,149,484,598,606,331,164,186,464,614,246,331,61,377,529,357,490,96,427,597,481,156,309,478,278,278,39,34,201,63,10,235,171,125,3,133,305,308,145,55,68,48,53,9,52,99,13,61,36,91,304,171,744,478,166,635,449,22,283,528,249,208,238,51,96,40,123,133,53,52,320,159,58,330,309,95,312,421,131,160,470,322,193,345,507,348,16,253,483,314,111,28,19,78,160,160,377,163,11,476,755,636,284,493,889,710,168,453,528,366,145,345,20,377,341,219,197,394,346,58,271,253,1,557,572,247,285,1139,992,168,971,1258,1090,734,1098,1458,919,253,1120,1024,322,221,777,279,653,772,196,251,704,415,61,656,644,145,642,725,551,464,896,862,35,382,1251,892,162,1036,1447,834,26,1086,1331,97
89,33,223,0,155,123,79,320,150,438,2,630,125,156,100,56,43,220,123,201,95,75,208,273,162,320,105,88,336,306,292,565,273,467,494,382,625,587,449,404,485,184,418,188,135,347,121,38,27,76,127,3,142,417,57,269,349,475,353,475,775,720,682,579,880,943,532,730,810,514,655,311,231,397,82,857,124,192,87,47,52,117,181,149,248,131,262,319,415,469,424,247,440,375,343,345,263,307,184,144,15,7,42,2,242,168,219,422,135,182,265,195,290,113,282,174,207,152,81,41,115,6,144,44,32,3,45,32,0,23,65,67,88,17,427,279,173,79,115,220,417,514,350,284,294,149,125,156,79,303,97,250,258,309,326,371,425,305,55,215,7,71,426,144,412,298,517,400,304,455,540,497,308,150,358,9,90,110,331,318,448,205,657,500,878,811,843,866,833,734,612,526,704,194,309,107,11,63,144,255,468,228,245,435,339,505,509,426,163,556,453,315,244,533,527,734,642,543,523,541,265,236,162,92,247,202,385,258,136,222,372,324,286,429,330,7,50,39,135,252,696,698,781,976,1105,779,1109,1407,1271,1153,1435,1291,1130,1188,1284,179
324,270,232,262,271,417,431,307,442,516,267,682,178,84,184,72,212,10,306,31,277,103,159,87,54,230,286,377,307,429,611,553,308,691,603,529,430,340,255,290,411,115,24,13,61,35,296,82,252,286,449,426,539,240,351,406,551,458,243,453,341,370,242,17,42,161,6,24,149,84,313,310,336,30,222,416,365,374,271,19,70,76,41,175,130,185,117,481,364,511,321,228,524,653,351,565,313,740,519,664,666,637,498,393,426,534,417,280,296,315,155,61,5,23,162,28,190,39,182,276,205,348,179,4,40,40,58,10,18,53,26,28,95,30,518,544,390,91,187,187,458,416,388,484,347,379,261,149,36,72,30,62,66,411,143,105,247,0,193,315,318,320,716,401,394,413,82,172,172,161,199,46,166,115,35,104,168,150,266,443,50,114,398,418,486,642,345,601,828,890,978,946,578,513,323,216,190,21,231,202,368,451,337,305,284,533,336,43,154,175,461,277,448,850,863,846,1129,1455,1390,1447,1257,1136,1052,537,788,433,222,290,84,224,507,344,602,458,447,362,420,167,173,167,156,598,521,844,889,482,1114,1121,1419,1115,1322,1433,1260,1368,1105,11
374,235,49,431,454,394,155,223,44,164,483,284,395,386,106,299,455,54,27,195,49,82,129,46,99,276,399,373,110,414,451,98,347,312,519,152,656,236,349,47,179,292,176,268,338,456,251,180,528,69,175,584,370,272,706,652,104,673,848,72,355,718,491,175,511,573,201,403,405,194,189,266,431,75,115,563,257,192,187,100,466,108,111,216,145,401,326,286,123,446,429,34,425,468,207,26,384,443,220,138,581,528,79,435,569,478,319,580,464,37,463,300,23,75,171,61,45,43,62,27,229,88,11,21,67,54,62,117,81,39,20,41,54,151,241,457,479,58,566,381,391,528,60,311,345,31,380,21,47,1,39,283,164,322,183,529,284,306,487,83,239,355,172,414,228,251,387,161,314,401,66,263,300,184,140,54,265,289,105,169,258,84,243,553,774,555,507,847,514,361,968,490,369,492,340,124,123,54,278,148,298,75,327,325,53,401,355,250,892,383,455,722,330,884,1147,271,927,1011,356,772,1034,528,872,844,37,475,511,240,435,269,177,236,297,741,2,687,393,269,786,319,399,816,66,776,1059,743,999,1306,152,1236,1062,103,950,1105,405,134
293,118,61,231,328,49,185,170,294,1,71,1129,111,425,226,123,328,14,302,228,66,256,588,301,296,293,538,487,386,53,343,722,465,397,64,358,563,528,68,600,11,182,0,290,401,90,211,106,138,339,232,93,399,221,437,589,18,418,495,753,448,82,48,734,814,714,413,105,472,659,607,239,15,326,158,205,168,30,208,327,38,9,97,261,375,135,188,47,71,174,294,334,318,20,88,226,517,497,504,217,128,541,631,327,254,147,276,392,531,451,156,144,156,277,277,8,8,64,61,34,16,59,149,47,33,50,71,132,34,52,0,0,52,58,223,720,503,1,612,483,304,271,429,257,68,181,154,210,24,93,152,100,28,404,323,285,220,410,515,6,111,379,362,9,119,379,170,60,468,419,145,19,189,309,78,48,2,79,210,176,64,65,644,516,193,316,877,1104,731,204,479,968,571,38,441,329,33,145,105,3,176,387,122,270,502,413,24,551,760,434,175,1110,995,500,466,893,1434,451,14,1033,1649,647,123,566,698,518,58,543,415,171,363,454,171,440,667,101,43,583,628,275,543,773,691,214,924,940,1074,325,869,1254,1158,468,804,1074,971,44
274,193,138,662,87,145,113,6,71,113,403,483,264,91,60,120,146,153,59,12,289,206,68,96,98,76,20,190,302,358,843,708,628,412,289,451,119,107,385,412,313,394,247,161,231,193,220,172,154,155,88,219,182,296,433,416,449,839,540,514,510,532,472,534,188,76,366,363,450,553,591,603,565,435,309,423,95,138,88,243,455,140,296,119,472,284,71,138,71,94,440,25,239,230,438,373,314,705,638,577,470,560,365,108,407,49,150,233,446,450,351,391,334,234,277,253,296,231,186,132,34,118,123,78,43,56,30,55,79,73,33,34,35,43,362,586,632,417,165,123,525,651,555,343,73,43,185,180,49,230,140,85,160,70,384,490,445,316,89,42,230,394,278,268,18,121,429,587,489,371,316,156,179,69,318,197,49,9,5,201,46,84,448,760,644,868,875,576,371,302,352,486,488,595,447,167,65,153,166,22,65,178,317,434,140,83,232,342,638,555,397,21,117,581,1112,1259,1292,579,927,196,193,590,1011,1002,892,434,97,203,576,420,142,81,284,402,390,688,233,3,333,475,779,615,285,17,552,98,987,1088,1340,1094,385,9,640,779,1219,3
116,54,281,334,309,193,544,251,273,230,95,329,178,89,31,5,44,18,85,0,43,0,195,202,180,194,324,273,451,306,534,416,553,791,499,738,590,434,488,323,311,250,36,166,34,26,31,234,103,186,12,49,218,272,133,62,63,11,171,152,286,435,493,500,466,579,740,841,671,532,316,599,492,424,558,380,308,287,34,132,112,226,360,364,402,307,437,418,224,39,190,106,10,38,164,307,563,478,568,605,596,554,543,946,664,702,432,457,391,272,182,142,37,238,44,106,144,333,192,135,175,114,220,81,16,25,9,11,38,27,60,81,38,60,520,726,537,535,461,230,296,6,106,36,53,239,235,224,232,93,34,23,214,637,199,432,347,385,457,379,186,200,179,122,159,234,316,290,316,328,399,257,172,160,15,147,17,81,203,490,451,102,762,720,704,1078,884,1070,797,1117,845,841,540,348,614,560,273,5,134,251,216,140,341,394,409,494,110,307,265,272,87,156,217,112,479,463,683,947,692,659,876,735,1017,762,854,830,689,413,190,208,219,107,116,152,205,464,585,619,690,491,636,750,984,893,762,1325,610,486,371,451,491,567,448,97,83,208
356,82,567,452,134,206,423,665,438,465,515,334,343,299,315,314,162,1,127,62,180,51,12,29,153,153,435,416,500,150,90,199,726,668,327,434,25,87,448,92,500,255,187,144,322,420,790,419,118,95,336,540,920,640,378,454,188,115,335,32,243,293,261,350,564,629,569,454,126,65,172,576,569,593,350,302,10,268,236,255,12,329,589,766,629,431,210,104,340,340,445,561,287,321,406,295,409,430,442,304,97,249,525,747,655,599,444,164,42,307,144,52,110,181,64,6,298,414,251,219,204,144,153,44,41,22,36,41,2,10,16,7,46,32,139,537,810,576,206,201,657,624,415,315,98,303,223,278,18,89,142,48,252,230,272,190,2,259,519,295,270,0,292,520,530,155,78,91,455,462,374,392,109,89,103,52,103,71,114,316,13,332,584,560,800,733,522,11,291,532,642,869,457,144,140,287,204,142,193,17,440,171,13,292,286,371,488,23,374,591,895,740,340,109,468,1155,1515,813,966,476,308,729,1250,749,653,107,224,504,355,264,214,321,310,227,170,385,395,642,372,152,234,649,981,1098,894,1091,368,993,1198,1558,1202,666,78,423,1498,38
119,170,959,601,141,527,847,811,424,347,335,299,430,17,543,452,254,222,59,534,310,76,283,136,483,38,396,504,586,346,473,660,584,561,578,137,758,677,851,899,164,720,773,596,97,492,639,850,465,65,372,891,601,665,265,97,527,528,462,310,192,173,126,388,168,136,615,715,713,517,180,197,611,879,595,731,449,497,414,293,38,446,850,278,67,459,914,769,464,71,149,451,282,254,195,220,82,497,469,351,161,267,604,1562,730,442,145,614,741,444,21,248,232,30,90,127,172,42,298,258,34,74,64,1,15,17,14,26,26,61,24,25,62,23,337,262,293,96,244,350,485,371,132,626,722,575,212,184,601,838,448,127,302,584,422,389,289,167,96,83,167,262,142,440,270,127,72,352,316,214,8,136,322,266,405,183,63,181,258,64,169,161,46,12,164,287,139,253,314,435,93,89,393,453,913,467,364,548,829,967,655,409,162,569,417,431,394,89,236,35,87,66,280,169,91,122,4,28,503,816,599,597,5,486,807,1064,953,331,706,1261,1201,910,392,235,863,825,745,266,180,344,536,369,319,79,266,906,22,206,111,311,229,300,214,98,260,110
372,160,314,236,77,457,149,128,359,445,171,398,431,248,31,117,143,79,38,104,23,30,120,308,37,238,7,313,529,278,175,215,722,343,115,174,553,270,403,689,223,414,287,35,228,286,89,37,453,374,86,50,279,528,386,262,2,131,618,347,373,27,301,470,551,710,182,10,285,646,709,464,24,378,334,30,51,117,47,141,157,219,51,211,382,462,253,284,210,644,609,352,244,74,245,354,648,723,416,13,323,494,436,670,157,84,500,584,578,274,111,85,184,99,292,66,38,10,56,155,197,172,128,36,16,3,21,37,30,27,26,18,22,39,773,437,159,722,648,43,587,634,382,335,523,297,33,210,108,38,207,61,128,567,74,343,532,448,130,443,653,353,204,474,439,141,424,447,324,56,268,519,293,151,132,39,156,76,17,144,608,0,136,324,830,931,438,201,971,1012,524,198,709,736,38,238,413,342,222,158,15,63,463,659,42,629,365,252,571,835,976,333,412,1127,1327,499,632,1510,1706,891,426,1178,1216,667,492,897,804,180,349,626,204,527,703,262,58,766,382,81,870,749,547,134,947,1297,473,345,1396,1542,802,365,1224,1482,993,216,1317,214
169,24,948,971,1077,1127,801,689,447,478,25,503,464,387,567,746,569,423,415,51,9,277,130,277,273,348,251,266,240,405,662,703,807,875,886,612,528,379,47,503,421,520,700,672,606,701,707,733,608,456,51,18,282,715,527,622,803,909,738,512,306,191,279,131,116,93,5,267,352,475,590,742,844,775,730,43,631,204,112,152,630,494,835,606,838,867,776,550,320,378,149,97,313,13,7,141,177,380,499,654,744,752,688,952,239,306,46,310,444,564,558,345,142,122,73,147,243,386,406,243,35,83,94,32,2,9,83,25,44,26,25,47,88,67,52,12,188,506,297,541,586,517,351,49,87,257,570,522,715,868,893,550,431,634,295,188,60,58,19,183,37,347,298,1,242,277,137,1,176,104,213,83,149,144,76,114,11,163,143,156,53,75,95,347,112,88,252,51,411,207,266,362,19,50,303,104,528,484,757,664,1036,562,674,779,602,511,427,250,188,93,232,348,84,454,288,571,485,467,522,310,442,253,157,149,276,761,912,1296,1077,1359,1349,1210,785,891,714,671,79,55,38,214,79,386,365,228,244,881,242,120,98,296,23,115,260,431,380,224
249,47,14,552,331,245,190,76,44,278,71,223,66,87,189,13,94,201,218,94,115,250,51,36,235,227,454,2,282,499,262,506,306,166,182,263,311,428,143,417,483,205,138,283,15,183,51,62,505,400,145,197,381,776,491,269,151,136,397,511,432,572,245,144,141,390,511,613,366,98,25,193,686,282,310,554,188,83,66,138,61,76,290,382,503,243,47,169,646,569,627,377,88,58,178,150,380,542,515,428,136,197,533,617,719,423,92,321,495,434,290,168,86,92,35,137,165,277,220,166,96,0,217,44,49,24,59,20,3,10,48,83,20,77,673,170,301,769,563,10,429,638,359,197,196,444,165,32,121,22,247,167,258,280,538,225,157,234,640,282,247,352,629,421,319,466,528,142,137,199,367,169,56,28,4,136,63,92,98,243,513,296,399,174,667,880,769,81,526,774,828,485,306,469,385,151,254,374,258,77,309,255,33,236,451,237,91,519,900,722,241,633,1233,1039,526,260,1270,1325,1027,62,959,1270,930,72,436,813,735,67,456,515,315,477,555,700,115,335,828,799,203,695,896,721,39,723,1141,1759,645,274,1210,1305,812,399,685,1378,1337,156
114,9,5,345,438,356,269,320,139,270,196,721,133,373,178,27,136,49,232,321,160,171,81,381,87,345,333,561,238,273,228,429,282,213,329,349,497,246,286,716,167,215,180,10,116,130,236,356,281,680,340,605,325,249,589,535,493,454,593,358,571,619,551,422,664,750,627,777,548,488,564,445,518,331,382,7,284,95,61,50,339,447,525,456,615,517,811,782,542,759,608,717,722,411,331,576,481,56,63,82,298,38,78,212,148,33,74,231,17,53,91,3,149,176,195,378,214,169,130,240,272,212,291,28,10,14,20,19,41,32,32,0,75,15,167,371,564,664,684,707,553,284,169,89,94,111,29,84,71,40,133,214,235,506,608,308,278,203,165,242,68,79,391,566,620,566,556,486,390,199,319,51,76,338,55,3,207,57,301,28,47,278,103,172,588,446,541,766,792,1020,995,844,997,650,629,168,73,53,309,491,426,237,191,311,116,25,175,397,428,652,782,943,1206,1155,1549,1483,1422,993,1124,801,713,315,248,165,385,547,452,418,717,378,165,215,85,135,255,392,757,1041,1126,1152,804,1122,669,781,512,763,409,213,385,674,746,953,861,1028,1198,334
703,235,10,102,342,347,454,81,20,159,395,551,72,66,67,14,21,196,93,18,51,206,261,124,121,19,93,116,610,503,390,120,170,273,340,435,299,113,273,409,137,73,41,165,329,45,71,441,369,675,274,43,221,510,344,635,539,342,224,191,357,499,617,430,520,216,22,186,561,721,568,421,162,65,167,139,174,251,217,75,73,262,475,340,139,5,461,451,525,471,460,112,129,256,250,285,584,498,652,336,232,182,500,782,679,604,385,116,204,368,295,298,52,288,146,12,29,69,175,301,335,303,172,7,26,48,3,90,49,2,72,9,6,0,498,177,305,879,615,15,457,619,472,17,355,293,244,123,107,98,180,240,344,199,399,236,392,76,356,377,471,227,188,500,448,433,69,165,372,358,42,68,169,170,86,43,37,65,50,230,368,494,103,611,889,870,537,149,797,921,862,526,231,341,471,358,29,280,308,13,218,576,362,148,424,593,443,284,429,858,1070,713,4,893,1486,1460,709,894,847,1355,1363,300,350,1012,843,505,85,535,773,234,415,709,312,173,422,887,854,129,365,916,1156,643,88,841,1109,1300,634,82,1407,1333,1663,791,168,974,1386,133
158,33,394,736,614,11,1,546,364,38,50,851,174,68,3,22,146,79,212,33,71,212,9,156,508,49,6,50,408,354,430,237,104,128,448,426,282,186,220,69,292,7,3,224,272,277,301,193,270,119,81,113,541,584,634,396,189,374,320,548,323,349,79,58,466,516,565,518,270,64,139,501,601,300,313,673,124,108,96,127,10,2,184,520,442,253,273,344,514,583,500,240,63,135,112,154,309,488,639,312,322,85,402,685,695,400,155,323,344,541,491,208,88,108,28,88,105,408,188,84,174,32,122,18,98,0,67,36,43,6,15,47,37,94,432,685,463,58,494,618,339,104,647,435,253,125,239,272,110,98,6,278,118,326,149,281,343,241,146,493,301,172,92,219,273,9,184,322,309,386,284,203,339,184,31,24,15,26,181,171,11,163,364,906,314,94,814,1046,921,691,218,610,919,482,192,54,92,318,366,298,40,278,575,420,263,311,625,782,306,164,722,944,710,107,1062,1407,1292,296,436,1274,1446,556,217,746,836,595,49,194,389,103,92,481,386,216,498,450,484,94,743,761,408,17,512,1359,1125,1234,320,1153,1505,978,269,624,1449,1326,765,225
151,41,195,62,89,177,45,51,197,80,78,687,105,384,22,257,130,19,6,140,219,97,10,84,136,24,108,79,160,32,96,11,28,57,14,41,154,159,32,440,201,157,80,163,116,4,309,304,413,217,413,514,312,153,601,329,196,385,646,434,406,541,667,561,572,675,734,798,575,521,360,488,275,261,350,336,220,3,66,329,203,341,400,466,545,470,474,432,516,555,371,449,270,117,58,49,240,183,482,291,385,409,397,456,422,438,441,542,568,439,467,230,275,303,264,204,172,29,118,151,23,17,101,12,114,65,5,51,23,51,5,16,62,21,94,308,498,605,692,738,552,499,321,360,300,17,17,67,163,123,98,86,183,321,141,376,470,456,330,504,291,205,249,115,35,223,221,215,346,498,243,337,258,249,220,150,149,41,108,265,544,283,593,652,795,824,928,865,1000,831,553,524,111,60,158,150,0,182,353,318,95,257,51,223,233,393,354,494,502,803,806,911,1033,943,1042,1172,1047,22,832,818,511,402,368,60,216,364,198,282,135,437,578,318,95,116,251,357,122,426,532,784,829,982,779,913,843,1608,896,972,762,564,279,268,8,283,203,359
63,89,329,540,561,323,11,234,51,66,183,447,126,204,19,28,149,128,58,36,10,183,230,184,255,299,426,442,502,765,587,770,663,327,542,321,486,360,46,686,144,5,146,453,257,37,276,487,717,346,534,372,225,201,524,288,85,179,388,296,240,114,755,508,509,370,536,634,508,390,453,307,46,295,57,933,110,113,187,71,268,207,62,98,103,81,245,91,32,84,138,72,67,183,169,118,220,368,483,302,453,189,270,412,233,34,1,50,92,6,35,48,256,124,252,287,38,184,192,256,17,171,337,7,0,49,38,22,26,54,5,68,30,131,313,218,98,412,558,811,799,612,416,468,288,11,46,85,58,29,42,277,132,294,201,180,531,238,10,26,187,477,426,464,351,583,386,412,293,240,250,96,88,41,170,21,27,55,173,475,330,30,515,624,674,918,856,860,499,477,219,39,220,407,209,391,418,323,119,259,108,170,232,298,627,499,425,323,158,31,358,490,915,893,1344,1502,1382,1231,1692,1371,1352,931,679,340,213,162,394,555,597,521,644,496,33,156,512,392,924,492,767,761,568,441,375,84,539,281,789,980,1201,1232,1398,1328,1381,1503,864,93
92,10,826,1053,844,615,690,713,421,65,286,146,250,390,624,563,736,666,364,230,34,162,381,164,324,406,261,45,139,72,289,573,639,705,1016,908,950,908,674,1374,519,327,56,71,184,315,659,602,968,656,1097,1068,875,839,880,530,208,300,450,54,24,66,117,118,212,440,483,775,880,888,747,982,932,464,649,671,119,146,14,390,504,704,588,777,531,388,206,221,155,16,81,261,179,43,15,56,326,508,575,678,635,901,707,1232,684,304,471,50,82,152,246,332,255,11,42,84,272,401,359,189,293,156,155,11,91,37,14,5,0,35,22,15,11,0,250,187,271,304,264,210,58,32,305,372,617,573,677,611,682,692,662,261,206,347,17,224,165,38,36,144,306,154,126,224,324,161,10,110,86,67,193,49,7,60,13,227,60,85,241,37,157,130,45,144,162,122,11,203,14,315,496,454,658,634,337,608,380,298,428,248,81,4,241,187,197,269,13,91,187,52,92,172,188,96,244,23,10,375,140,201,710,724,695,1197,1376,1370,1360,1278,1114,800,491,350,332,232,55,233,136,26,328,476,325,433,59,224,38,964,161,129,59,17,223,106,329,314,637,146
166,97,515,786,687,809,531,254,145,163,521,930,652,676,501,269,122,356,304,633,538,648,547,99,8,215,299,526,493,428,760,384,292,11,136,294,455,441,466,797,65,221,408,550,852,968,928,839,511,346,241,139,448,803,662,940,977,1066,1212,1073,867,334,292,40,369,725,1111,1304,1171,855,750,360,105,608,911,469,1189,1064,901,655,229,242,745,935,991,1011,889,635,590,62,375,617,853,959,803,685,381,94,538,740,796,852,589,310,69,292,893,829,800,469,94,535,779,896,821,588,373,13,415,581,583,358,77,60,25,46,19,18,16,48,59,62,2,35,106,98,53,1,275,326,308,200,38,73,209,245,258,134,155,244,357,371,286,194,145,149,173,398,614,610,525,215,0,311,318,527,567,364,202,33,125,373,606,802,646,614,270,241,161,318,535,1068,883,878,773,494,232,212,639,764,453,706,787,806,522,868,829,891,670,370,2,402,859,1048,1070,1027,1107,1230,999,840,34,393,752,908,1009,1012,902,398,386,627,807,1111,1116,1008,788,557,245,132,685,872,1040,1278,1251,1070,894,502,185,458,631,932,1236,1432,1200,1090,859,887,93,328,629,971,1050,1015,999,872,535,80
262,30,625,517,582,464,454,372,381,357,167,150,67,2,315,403,326,466,450,492,545,463,500,538,588,563,197,203,34,12,172,55,100,140,246,204,280,205,514,1030,573,551,786,928,755,861,890,965,724,659,680,626,464,363,785,753,594,433,708,715,581,340,585,427,231,49,127,308,253,529,611,726,820,886,956,553,1114,1031,1193,1042,985,1052,783,682,498,386,611,470,348,257,30,295,250,520,515,562,664,698,833,734,705,775,294,203,191,44,432,615,696,744,955,752,730,575,390,401,246,12,195,375,380,339,427,43,30,53,4,0,32,5,27,11,7,0,57,94,24,12,131,168,158,240,180,212,200,119,92,153,116,249,345,258,305,155,269,184,144,105,29,24,236,283,354,312,407,439,573,447,378,406,445,420,400,377,131,143,16,74,227,331,379,1142,499,486,593,615,899,852,969,821,733,683,830,906,241,389,562,627,925,857,808,1010,985,1087,1137,991,1184,1156,1254,1155,882,912,708,575,123,169,226,436,791,789,903,868,1088,1127,992,1118,1130,1158,1155,1074,1272,1065,1028,1013,873,807,686,568,573,539,207,170,84,131,277,16,385,437,584,606,616,670,736,888,744,111
344,371,489,475,127,112,419,302,399,70,85,288,107,156,63,29,169,149,137,38,40,143,31,119,200,113,223,28,348,375,7,211,331,585,104,254,333,346,156,410,150,251,155,120,185,164,408,529,577,552,16,687,598,394,32,355,528,787,233,232,184,563,377,257,184,247,570,539,282,155,630,555,341,179,220,171,205,70,184,44,269,274,270,114,198,461,390,91,294,399,614,538,3,51,257,477,430,57,203,171,659,739,538,31,327,369,457,210,129,150,200,284,54,30,2,54,148,200,286,123,28,90,151,112,73,17,3,30,111,23,64,5,56,33,654,54,503,626,140,444,583,311,179,404,418,60,142,198,91,59,4,72,116,216,163,128,72,346,616,85,98,328,121,98,402,450,143,307,559,223,13,347,362,255,14,139,18,55,299,237,249,470,114,296,799,719,294,552,1049,749,172,342,714,170,111,401,311,214,58,66,166,511,144,337,712,286,9,613,941,166,535,1070,786,101,845,1329,788,955,1070,1314,769,313,1140,1007,443,507,570,38,140,274,205,217,510,213,417,539,508,108,879,863,224,635,949,1023,9,466,1138,717,307,1265,1407,586,710,1475,1048,135
111,174,347,73,435,691,486,373,162,78,58,688,264,242,183,29,223,118,167,215,55,26,49,137,234,13,195,158,13,202,37,291,325,572,583,346,317,88,105,555,413,132,300,27,95,219,284,462,513,322,146,121,371,571,744,434,457,711,440,433,353,157,159,76,190,21,166,430,512,567,476,578,454,299,191,717,119,65,3,43,260,113,358,465,325,200,78,26,435,417,478,577,531,308,631,424,514,429,558,505,538,138,61,392,174,655,533,582,604,428,389,108,164,99,236,177,67,59,107,21,130,121,176,6,101,34,88,23,2,0,14,5,28,121,102,354,648,748,481,70,315,489,529,421,272,110,162,228,67,91,91,66,26,276,453,444,382,315,108,80,304,506,318,201,30,156,259,361,506,109,75,8,267,85,106,62,227,122,64,87,48,21,431,666,665,827,788,239,232,347,872,805,971,521,150,89,39,102,59,427,537,501,463,201,19,354,640,740,740,578,5,334,683,1127,1308,1203,672,478,496,731,1175,1193,961,491,246,405,651,590,469,269,457,590,410,410,110,411,677,791,929,392,29,223,926,1364,1463,1487,1011,81,472,1185,1148,1583,1316,741,113,56
108,80,323,269,271,502,433,358,280,403,418,318,61,181,88,325,8,310,53,147,104,18,5,26,0,18,101,117,282,402,472,307,487,472,398,519,467,541,277,619,288,252,90,196,46,70,121,167,389,456,213,215,252,257,124,55,6,235,147,258,486,148,355,116,25,152,72,270,45,146,370,204,217,453,442,394,351,61,207,77,90,317,258,656,565,404,481,622,608,407,330,386,378,434,396,348,166,450,530,558,398,496,815,645,640,564,544,505,513,159,110,18,48,161,46,158,156,245,215,252,183,231,177,14,64,57,9,4,45,15,46,60,69,136,235,165,241,480,445,591,736,420,174,71,27,72,64,206,210,81,51,291,81,229,166,43,289,232,364,387,351,546,356,48,4,54,212,514,347,237,259,358,434,432,120,113,29,51,36,80,64,434,294,429,454,764,840,956,991,1025,830,688,386,468,66,230,325,280,78,66,14,332,657,238,692,629,522,642,435,113,313,466,857,979,1205,1286,1477,833,1238,1021,742,359,28,50,154,568,493,407,340,246,219,370,751,695,685,497,487,310,11,109,466,700,1192,979,972,1540,1042,1139,976,496,355,188,210,722,698,87
127,238,536,507,271,451,436,155,391,5,190,14,102,85,384,28,10,140,118,86,7,154,125,28,265,372,166,387,455,303,409,403,301,223,483,99,203,526,579,393,92,103,11,9,15,236,368,144,44,361,413,356,568,263,360,640,527,304,360,382,82,45,83,121,14,37,37,26,137,413,35,220,189,104,190,603,281,142,73,75,45,108,32,342,170,252,237,141,417,229,459,312,326,244,259,388,414,489,524,327,235,468,378,355,278,384,305,53,32,117,81,47,105,327,143,270,315,86,134,261,132,206,246,47,42,50,23,33,9,17,106,59,61,49,104,75,177,334,437,585,559,577,533,288,280,173,129,75,12,2,70,91,284,328,276,327,369,542,515,472,526,524,276,153,243,17,11,372,61,181,166,156,314,143,15,36,95,167,125,395,234,33,535,597,769,866,1031,975,1193,936,751,949,778,639,447,79,195,35,66,150,343,224,418,378,508,56,20,104,185,504,411,877,895,1112,1168,1536,1482,1025,1650,1289,1206,1072,1137,563,695,350,266,320,100,294,343,396,602,495,437,341,287,144,260,290,273,508,657,980,906,716,1361,1131,1596,1218,1409,1269,1144,1043,1088,31
347,118,659,286,198,272,507,212,119,264,562,519,25,47,300,276,46,129,384,166,261,160,35,61,34,391,444,385,38,28,566,470,370,145,411,399,526,128,91,387,222,2,31,159,116,61,562,478,226,445,95,382,501,415,317,116,378,573,676,277,76,64,264,276,758,484,240,39,269,427,500,274,31,171,445,259,263,111,76,96,202,163,103,121,255,630,535,517,88,412,601,467,467,463,163,92,372,324,756,519,352,41,316,569,904,500,287,104,486,302,101,137,14,74,58,150,400,204,182,24,6,96,165,11,68,1,49,7,46,13,140,51,15,159,527,153,290,733,519,128,589,616,238,213,290,454,36,218,76,114,20,63,193,437,209,96,456,412,301,166,588,346,48,236,570,486,13,257,319,412,84,166,250,394,286,204,214,135,160,80,246,154,746,377,271,275,998,999,276,284,756,845,540,98,387,409,40,201,261,23,202,566,66,218,626,317,277,290,875,825,327,300,1188,1113,733,537,1258,1005,1033,165,1226,1304,656,136,713,822,609,274,396,231,60,190,303,145,507,581,537,50,508,607,335,156,744,1118,727,748,933,1409,1170,57,751,1466,1132,460,810,110
76,50,321,480,126,336,617,244,155,47,347,223,188,73,21,132,87,35,69,69,69,68,42,264,1,55,642,93,540,619,65,542,434,270,608,15,479,364,216,456,46,374,138,30,243,233,257,247,360,151,157,421,364,516,64,447,435,395,378,619,156,587,489,225,698,490,335,600,452,407,733,335,520,458,35,232,320,143,28,291,14,78,92,226,424,190,554,73,404,520,86,244,410,15,348,207,340,191,635,174,472,583,62,616,526,236,656,376,198,450,57,244,106,1,164,314,227,274,221,61,44,116,29,41,17,34,27,120,33,40,29,28,40,27,468,477,438,483,266,683,77,700,26,585,91,328,174,272,68,81,68,312,202,290,216,320,150,736,60,525,102,613,435,266,422,224,495,182,374,171,390,346,20,344,41,237,30,2,84,166,281,319,30,694,430,689,952,182,1206,570,671,706,285,684,121,395,0,26,37,165,73,511,219,868,210,615,477,563,845,510,878,44,1089,440,1006,1326,439,1071,285,1428,760,952,1340,98,1212,189,662,388,460,43,339,442,332,389,599,381,382,509,216,909,228,1235,687,971,1269,259,1369,160,1545,896,756,1558,330,1393,557,35
413,28,491,513,50,476,89,295,335,314,104,520,15,36,208,88,219,148,6,12,179,19,263,36,112,216,106,120,304,134,356,11,82,578,83,512,129,208,210,644,290,153,267,136,677,21,183,340,145,639,16,745,545,84,559,111,455,561,88,652,512,75,351,367,196,685,350,160,560,337,385,529,169,330,133,394,91,88,100,251,78,409,165,274,372,28,634,631,251,579,233,351,468,227,297,490,183,379,513,70,417,444,199,574,490,370,600,73,333,309,6,225,116,94,140,230,71,133,300,8,314,97,166,65,14,47,27,85,65,29,87,66,99,69,109,612,284,663,251,642,354,506,295,197,317,107,288,95,40,51,107,104,141,397,19,545,76,323,273,443,260,215,281,132,249,119,383,0,434,48,383,394,20,556,117,259,47,301,79,66,258,335,382,417,25,767,303,638,868,421,1048,210,709,320,463,163,221,140,21,69,406,16,372,455,487,505,200,339,401,692,93,889,106,906,791,680,1241,888,1331,363,1187,798,823,1158,31,684,120,713,271,366,88,679,176,502,62,422,263,508,306,570,664,572,869,231,1015,1040,1047,938,625,1297,70,1223,276,1050,587,225
24,35,463,583,377,248,140,229,361,539,447,513,201,52,309,395,557,499,295,88,90,293,496,659,479,425,263,9,174,280,605,513,201,71,263,538,744,726,820,805,662,72,383,554,901,1028,841,952,682,624,278,239,648,809,872,930,884,711,541,229,28,538,505,706,923,860,784,612,287,99,196,762,785,967,810,921,204,109,368,668,790,842,554,391,3,221,451,530,685,600,518,289,55,157,546,601,593,490,73,238,373,518,496,84,116,81,347,565,467,230,200,172,388,569,464,265,45,322,495,494,462,225,181,2,43,17,39,2,10,6,17,14,6,6,230,279,244,8,126,302,463,386,200,86,308,487,296,320,22,87,458,571,523,503,158,133,294,372,318,310,70,72,277,465,416,365,173,57,288,334,321,409,370,203,47,201,266,379,413,210,252,663,288,380,456,375,486,330,219,3,325,564,530,465,607,531,463,191,718,878,710,384,163,393,734,755,856,731,285,119,775,849,1022,794,434,95,216,726,948,1072,828,629,385,235,541,819,961,1071,904,614,309,91,544,915,1064,1115,1062,704,492,49,527,920,1275,1315,1174,1051,498,14,449,703,1055,827,877,740,160,26
18,133,259,273,618,702,32,253,168,177,104,225,271,64,286,206,227,58,149,96,40,13,60,302,97,78,256,200,322,233,258,390,180,394,491,67,372,176,558,217,212,327,91,253,131,413,82,213,426,139,533,281,301,726,184,740,603,116,487,264,129,343,286,205,489,503,150,576,358,265,687,100,230,379,98,231,254,9,129,304,146,444,203,461,344,335,494,301,167,461,143,380,504,22,190,454,163,166,495,265,251,594,121,672,613,205,665,307,168,414,71,264,225,60,16,168,202,14,285,92,93,173,157,44,103,114,91,17,2,27,44,47,80,15,431,563,417,535,420,492,614,163,579,121,544,221,338,186,153,121,54,210,133,126,461,141,614,87,323,40,417,397,388,354,288,627,212,467,87,448,252,241,351,99,256,133,43,111,79,157,90,545,631,411,562,776,190,1189,424,753,776,328,811,105,509,87,302,11,173,110,295,43,689,265,488,519,268,721,328,992,249,917,773,910,1132,190,1686,69,1166,1393,453,1405,241,1046,713,611,864,386,416,334,216,73,648,213,701,130,919,396,678,514,669,1083,116,1021,318,778,816,614,1684,185,1397,858,1016,1292,232,64
311,382,181,173,571,362,450,119,360,190,83,274,282,157,408,290,206,182,20,93,91,138,32,150,48,109,235,185,374,261,344,447,354,219,25,341,249,384,496,85,370,386,348,253,200,298,344,389,442,346,169,160,85,458,229,712,630,608,442,449,715,599,394,211,682,242,150,433,52,50,290,378,246,282,250,128,26,33,7,185,265,68,233,121,275,242,477,626,638,512,721,345,308,355,126,502,447,346,323,342,396,231,68,173,175,291,493,529,338,272,237,208,45,224,151,173,110,86,257,158,69,101,50,36,45,101,87,35,65,45,17,2,45,27,557,612,634,283,30,306,577,679,483,288,71,348,203,127,115,133,147,198,65,32,411,464,460,384,506,199,89,503,267,505,298,151,167,120,386,435,573,348,273,129,23,101,75,8,139,26,410,231,570,427,324,49,301,730,836,1140,1065,1051,420,70,200,273,213,170,13,324,520,578,702,141,141,171,851,924,888,901,588,64,393,715,1225,1617,1661,377,819,114,417,703,1227,1085,855,754,288,243,546,456,472,36,24,475,667,610,684,535,69,289,546,902,1132,1295,829,1332,5,522,935,1426,1384,1527,1191,905,48,52
269,214,512,656,488,619,674,200,308,244,254,85,169,165,165,19,143,166,121,103,45,102,6,144,171,330,248,502,330,320,580,514,314,448,440,423,479,399,292,579,70,243,116,40,162,139,69,2,113,303,353,212,533,328,396,73,176,311,236,154,115,154,155,400,166,360,384,474,566,473,417,625,361,560,474,50,184,136,88,95,299,320,259,171,578,775,526,474,631,515,327,393,207,468,231,91,10,252,248,310,765,464,395,527,699,615,409,347,361,382,293,243,119,138,70,63,64,79,8,48,67,88,176,73,90,0,16,43,14,22,75,28,82,48,485,367,138,6,283,451,495,409,444,468,657,277,278,111,110,60,105,142,347,104,132,58,135,22,28,223,253,269,337,373,313,319,510,489,389,251,389,270,368,78,119,1,111,39,62,148,113,524,214,50,152,141,2,289,82,115,203,296,288,318,366,93,335,314,87,60,49,220,432,237,362,547,485,686,970,908,967,911,801,953,980,749,1004,438,853,576,90,361,13,193,222,380,602,580,681,581,270,261,357,48,129,15,204,468,364,672,966,964,1173,1333,1169,1682,1483,1134,1379,1275,1007,1150,1071,723,433,170
139,136,459,438,28,328,434,392,50,175,365,755,78,75,208,44,76,247,109,6,168,44,103,129,263,348,110,208,29,234,475,478,67,202,542,346,453,197,433,482,349,74,415,279,141,106,268,327,196,259,652,752,204,292,437,656,578,340,20,271,580,445,440,180,78,458,457,579,303,93,323,536,529,143,171,431,330,62,133,55,40,71,319,414,11,368,569,579,351,38,391,389,455,355,140,120,85,319,423,571,421,146,393,789,640,285,48,404,613,510,256,29,40,82,78,27,220,133,82,55,280,156,135,45,34,15,10,11,33,2,116,69,10,11,333,260,750,493,80,659,553,175,316,530,350,119,493,129,79,158,103,286,174,8,282,551,302,282,619,570,178,114,420,261,185,463,485,245,212,464,416,119,45,289,125,102,112,73,165,246,80,271,410,636,357,52,791,1073,661,22,996,909,608,107,333,432,55,299,315,116,478,523,204,472,510,352,299,593,737,337,267,765,1072,671,614,937,1370,313,568,1379,1476,424,508,1126,903,140,337,524,230,244,338,387,332,782,587,90,525,866,364,229,823,1123,483,372,1201,1600,514,563,1342,1579,773,385,1348,1456,666,12
283,197,737,268,62,582,519,490,92,223,508,719,129,94,205,236,401,58,124,54,216,18,40,104,141,163,95,287,259,37,466,411,616,352,110,415,649,381,62,328,309,137,174,90,483,350,315,22,427,763,573,137,390,443,665,652,501,36,484,368,431,559,424,6,114,422,656,518,350,185,199,778,410,476,198,638,227,39,35,67,215,28,261,492,459,179,49,337,620,577,310,249,172,291,281,384,381,368,233,83,431,631,772,433,171,235,545,500,473,196,27,208,108,71,120,83,159,149,26,38,208,203,170,17,39,32,6,68,10,47,76,65,3,52,460,694,486,224,671,681,318,255,461,435,56,270,264,111,38,120,116,90,200,205,111,393,379,57,377,605,277,115,456,392,262,217,425,376,309,194,343,330,266,54,227,73,85,86,25,244,381,343,490,21,601,1185,678,327,256,880,1088,557,35,293,609,420,149,313,150,76,334,311,75,512,581,285,168,699,565,343,103,1065,1078,794,171,1042,1376,481,301,768,1488,1214,666,427,783,679,482,355,365,55,196,522,441,68,486,607,798,30,594,975,542,78,920,1241,960,823,849,1413,1432,430,381,1322,1195,829,268,8
110,305,523,157,122,110,205,505,496,422,506,287,87,69,129,0,135,6,109,282,79,3,99,42,22,52,77,205,283,188,633,457,289,366,260,351,28,169,69,102,326,274,235,136,199,322,130,258,218,26,41,176,128,75,210,476,618,478,570,409,385,505,447,208,166,329,323,206,62,121,151,220,462,664,281,70,355,430,116,17,18,32,84,334,207,343,615,555,420,437,542,423,466,265,150,128,114,28,171,112,302,274,348,584,848,725,577,192,544,314,145,49,88,57,88,105,64,58,84,6,111,38,238,14,6,10,47,3,11,75,71,64,27,44,399,603,747,421,177,271,404,670,444,305,194,106,232,232,5,17,185,24,87,158,250,384,434,432,233,95,15,385,416,461,271,74,253,201,422,532,416,142,117,32,254,213,92,80,135,244,401,470,220,110,156,620,664,925,1044,907,527,254,38,223,548,411,233,54,31,99,3,248,146,326,390,743,573,633,54,313,631,855,949,995,713,512,114,1225,1234,1341,1397,1255,730,595,55,384,551,568,334,47,108,824,352,549,230,307,421,699,730,714,659,73,307,870,988,1157,1196,1051,475,66,663,747,1288,1438,1441,82
602,201,214,480,278,60,273,490,473,283,320,101,64,37,62,75,42,151,29,214,126,31,49,87,177,263,30,128,28,321,260,515,359,454,126,109,289,481,497,403,49,99,209,0,111,19,55,120,528,523,604,339,116,244,625,525,508,458,429,456,267,307,199,65,213,646,597,664,626,644,219,315,338,299,432,44,137,315,162,191,74,72,407,604,558,416,304,113,113,104,531,417,587,639,622,377,373,699,191,315,263,222,276,756,661,629,430,338,16,103,56,79,171,260,164,128,307,160,215,108,114,77,79,105,68,12,56,77,21,5,0,18,81,92,148,273,632,610,369,37,479,454,580,384,168,441,410,285,76,18,33,44,368,385,183,8,147,542,442,338,101,134,324,424,236,19,221,304,702,356,394,13,319,563,118,203,138,158,253,188,274,9,404,449,247,188,484,1090,1271,868,801,206,311,657,595,525,70,218,80,0,131,241,563,340,171,132,573,1014,546,197,92,569,1047,1087,620,455,462,1285,1204,1451,1087,463,268,815,1021,842,513,354,601,374,217,33,378,595,495,64,207,519,799,382,493,596,865,923,1251,1346,135,534,1171,1611,1405,1045,151,406,1417,39
201,88,8,267,376,397,192,312,340,451,87,208,241,144,67,93,198,179,429,460,400,430,366,365,372,188,547,397,365,391,58,96,239,343,607,590,594,614,1010,1375,828,790,895,967,873,668,596,500,309,148,226,50,8,160,49,141,166,257,182,82,127,222,430,427,630,568,534,651,851,798,810,925,854,903,839,440,748,552,356,339,214,3,21,273,316,455,341,421,569,524,681,625,630,424,531,342,421,308,340,176,12,50,283,431,525,528,580,477,440,270,94,93,201,394,321,362,300,322,459,441,315,233,74,22,15,13,14,18,3,2,3,34,52,5,128,116,242,261,192,88,107,5,135,181,293,272,265,309,319,262,92,0,81,83,122,128,276,263,341,509,268,271,117,95,73,148,239,314,343,463,472,481,503,458,398,432,339,193,74,139,344,1065,303,460,488,534,744,652,767,890,220,404,462,602,710,635,471,311,927,1080,1117,1184,978,706,769,514,1341,1068,959,873,668,391,264,102,749,972,1056,1065,1082,1213,1218,1077,1181,1080,1075,1045,788,642,450,398,56,39,186,395,400,657,773,842,1012,1132,1261,1249,1071,1132,1115,1408,1071,842,971,945,458,352,418,294,140,41
7,5,352,447,198,367,63,283,166,332,176,303,288,111,89,63,39,111,92,190,124,40,22,183,362,484,503,252,19,360,369,721,481,500,414,48,39,540,480,587,156,35,104,236,353,161,57,373,734,459,405,256,113,398,579,552,558,740,388,202,163,146,185,10,430,594,727,364,436,163,20,255,288,445,184,271,67,84,24,26,201,422,705,441,237,37,173,368,420,779,456,508,174,236,62,197,147,233,294,458,649,664,650,578,123,12,394,447,468,418,348,148,38,140,157,113,87,24,170,144,113,165,133,1,6,105,2,38,22,6,10,94,80,104,520,282,231,629,782,466,125,470,736,560,267,85,285,280,161,57,74,37,187,500,269,5,53,344,569,530,146,222,436,347,338,33,202,238,407,685,285,92,115,259,321,76,19,51,47,449,399,98,486,286,97,113,779,1069,1081,689,193,278,872,984,492,171,156,141,165,131,438,556,237,5,95,223,575,491,153,393,780,795,677,349,464,950,1589,935,887,353,700,1056,1299,929,566,109,517,666,449,2,299,435,415,161,4,474,564,482,3,562,604,674,686,66,735,790,1336,1480,667,26,898,1144,1474,1345,413,43
207,29,686,676,671,551,466,492,269,236,158,365,429,364,487,462,456,547,364,177,253,95,102,236,232,367,308,436,572,550,653,675,573,667,587,381,92,18,50,959,231,494,288,427,625,734,891,907,984,961,993,830,817,749,924,855,775,709,848,938,780,589,722,374,321,180,188,167,49,206,327,532,594,771,690,523,842,880,819,765,789,738,573,473,299,193,206,46,41,192,255,336,466,534,608,624,616,577,529,487,402,261,2,88,158,392,517,557,591,490,313,40,147,226,421,394,414,401,601,530,431,311,15,38,17,22,6,30,28,9,63,34,20,9,15,32,90,157,143,128,72,20,8,122,135,93,174,159,209,282,61,2,108,73,208,128,202,207,228,235,160,91,127,149,241,317,351,253,258,296,307,343,367,328,210,176,28,94,216,505,458,799,616,607,652,531,687,728,704,600,530,658,850,729,133,133,37,103,907,928,811,828,329,263,19,249,553,436,303,21,144,307,640,777,1349,1276,1314,1003,1122,956,856,760,491,452,51,61,169,320,575,723,848,1075,1014,1109,1230,1200,1284,1325,1170,1114,1017,871,822,703,443,854,167,84,265,336,413,510,516,682,749,13
3,57,377,337,357,295,198,271,111,97,151,354,221,334,333,312,235,125,59,78,34,74,474,450,435,492,469,482,626,676,504,439,459,344,119,21,122,228,428,1520,701,924,741,763,1014,1007,957,1038,776,741,616,537,429,134,377,331,93,191,438,325,213,102,153,250,520,439,417,600,671,827,825,797,831,866,807,421,680,492,269,138,10,80,200,291,401,559,493,519,661,622,408,535,439,351,303,184,26,0,109,122,317,377,433,515,563,461,82,10,88,80,492,521,423,383,319,93,20,160,60,104,246,236,312,16,6,10,2,39,17,0,20,0,15,13,164,118,89,40,86,121,136,170,220,85,112,4,33,39,108,88,342,327,300,341,83,37,8,107,149,279,297,321,241,199,213,298,158,125,65,15,125,250,402,364,588,479,529,559,287,120,119,890,76,75,193,309,290,449,554,723,144,54,104,252,594,656,595,353,589,714,773,809,913,925,683,557,979,864,759,730,564,520,36,27,729,760,965,984,1108,1089,1075,994,891,776,689,620,396,287,3,63,325,566,765,696,847,1063,1102,1057,1157,1045,908,961,847,688,686,880,365,217,12,164,195,254,380,498,529,194
69,25,491,246,2,234,423,398,256,214,211,631,449,298,32,152,482,421,490,382,145,245,503,591,616,327,11,121,427,519,759,607,70,266,802,990,677,471,71,1220,824,880,927,544,171,545,702,985,775,556,449,39,345,718,734,841,742,501,259,129,537,734,838,738,468,75,177,647,767,766,835,441,87,302,608,467,638,451,254,117,552,784,768,633,445,9,417,728,645,438,294,95,405,463,615,411,42,185,318,487,487,257,107,221,441,338,12,142,405,425,325,53,115,177,407,292,15,189,359,348,211,96,231,37,29,18,27,66,35,30,5,5,12,6,145,36,5,169,193,124,48,175,204,148,104,43,206,190,114,24,199,328,208,303,99,199,238,269,154,80,157,259,302,227,22,274,344,355,368,136,70,267,522,504,436,142,221,500,551,566,290,672,357,645,617,510,225,24,307,555,431,588,789,655,609,633,502,140,54,427,790,890,954,825,354,55,443,882,1026,863,421,153,590,984,952,567,149,366,648,973,930,630,235,334,699,828,868,608,203,295,665,732,1028,874,668,60,294,689,1028,1032,783,172,199,574,971,1154,686,355,49,501,541,737,576,596,95,108
162,102,66,49,256,50,396,331,99,62,16,428,9,73,3,144,100,20,18,77,263,10,34,200,67,223,137,261,206,140,410,2,475,179,362,413,39,288,270,358,489,75,265,72,352,240,139,482,176,280,65,304,423,68,440,538,295,629,374,91,399,290,70,690,331,429,715,102,476,447,172,766,211,367,643,915,164,78,130,35,297,19,448,208,504,662,172,670,367,51,407,41,58,271,427,198,309,475,126,539,507,194,791,183,441,864,88,512,330,276,181,57,17,155,179,12,189,214,170,57,163,52,148,55,40,73,13,64,34,2,84,75,14,123,150,497,286,408,533,356,506,158,452,40,361,176,141,257,78,309,6,63,145,517,75,241,239,201,464,32,395,299,248,153,117,79,149,372,57,151,234,158,229,76,94,236,37,103,251,83,62,145,417,6,589,350,540,857,242,856,484,654,995,131,592,236,316,171,17,95,45,179,135,274,345,167,533,76,409,558,438,833,22,1043,835,723,1256,810,1331,558,829,872,341,1049,222,733,631,389,302,60,107,167,304,361,254,411,326,334,456,4,663,249,527,768,561,1340,323,1027,616,832,1244,322,1190,290,934,167
275,161,141,244,158,160,222,131,129,181,136,169,88,55,13,23,29,270,116,114,9,413,259,291,47,237,356,43,495,279,283,343,79,512,362,392,550,212,576,499,205,221,46,345,388,409,236,500,88,247,464,50,402,505,341,651,436,479,326,80,450,614,156,619,424,0,558,370,629,561,295,473,419,372,337,704,267,171,16,70,176,6,407,168,290,392,91,496,152,25,532,515,81,211,100,179,494,245,259,673,476,563,713,278,577,488,310,351,180,250,252,8,290,19,14,101,143,74,38,198,61,64,113,18,51,33,18,35,5,42,41,5,34,31,578,244,593,291,617,471,298,453,315,508,77,387,240,273,186,68,54,108,19,160,234,18,355,243,242,182,147,427,43,299,71,331,238,346,239,135,331,220,416,167,75,83,74,164,24,136,155,531,657,29,608,509,317,878,361,785,622,372,1004,13,457,58,258,45,92,75,108,308,169,117,392,93,616,151,477,428,392,865,250,906,389,1010,669,1118,1257,44,1348,642,902,892,27,937,4,554,25,206,205,329,136,203,7,585,360,675,312,826,529,135,883,43,1050,1178,1048,1041,455,1364,207,1063,730,785,865,176
107,42,474,256,215,377,351,406,488,413,407,283,412,295,254,307,217,241,520,471,507,1505,1501,1494,1495,1474,1499,1502,1500,1493,1507,1502,40,1494,1502,1500,1518,1502,1497,1485,1491,1507,1505,1503,1507,1503,1485,1497,1507,1506,1501,1497,1502,1485,1478,1497,1500,1509,1503,9,98,133,113,57,15,1,136,63,14,26,1498,1494,1507,1506,1503,1472,1498,1494,1499,1507,1488,1493,1495,1499,1510,1504,1502,1504,1503,1481,1498,1497,1508,1507,1507,1502,4,1494,1509,1508,1494,1502,1481,1479,1500,1503,1496,1500,1505,1504,1492,1477,1494,1497,1505,1503,1500,1475,1473,1498,1501,1507,1504,7,26,23,1,16,37,5,12,4,66,18,1502,1501,1502,1500,1501,1485,1503,1501,1482,1461,1479,1504,1503,1504,1502,1502,1499,1505,1506,1493,1499,1494,1507,1505,1509,1504,141,1494,1507,1508,1491,1504,1473,1480,1505,1505,1500,1497,1500,1501,1489,1486,1502,1500,1501,1499,1501,1491,1496,1507,1500,1491,1493,81,170,209,126,90,71,68,47,129,47,112,1503,1503,1502,1501,1500,1478,1501,1497,1480,1485,1500,1505,1503,1487,1497,1503,1504,1509,1504,1482,1500,1492,1505,1505,1511,1508,167,1501,1496,1499,1501,1507,1515,1488,1494,1495,1501,1503,1502,1500,1476,1505,1508,1506,1497,1495,1507,1511,1507,1508,1498,1493,1500,14,25,133,8,25
161,33,153,327,309,254,448,384,442,453,94,111,27,186,382,280,399,400,631,559,496,568,367,292,209,31,212,322,390,425,237,240,444,489,750,760,850,761,529,222,94,117,267,351,763,738,482,678,913,949,822,907,922,925,869,717,760,564,862,759,681,547,461,398,51,115,43,112,219,409,609,612,697,764,915,503,834,680,660,507,350,162,213,60,167,300,153,300,442,505,548,545,458,367,490,304,72,134,28,86,101,284,371,534,444,345,111,4,186,188,369,396,375,443,425,272,150,105,6,201,209,290,336,0,47,23,15,29,31,5,12,9,17,6,133,135,154,142,161,91,62,114,192,169,137,179,62,75,44,131,204,282,227,73,195,88,79,79,468,455,411,427,182,200,128,39,21,212,283,438,627,686,766,774,564,618,324,322,189,26,204,1025,369,686,544,589,660,773,665,764,765,886,867,755,760,749,591,583,5,138,381,519,1098,941,946,800,779,639,343,266,157,378,641,683,889,1096,1049,897,1115,1005,976,885,348,136,28,279,510,581,898,916,927,999,1077,1177,957,879,718,726,387,291,51,157,314,410,565,388,742,709,848,821,756,529,606,419,373,64
230,23,213,35,38,9,131,247,53,59,176,35,81,7,108,31,58,44,106,34,62,44,454,35,101,103,260,316,354,549,337,303,441,70,138,167,373,334,467,325,154,154,305,203,157,72,149,74,14,124,469,665,651,553,596,355,303,363,266,169,117,0,94,422,666,700,794,736,704,648,561,400,292,181,193,598,70,9,9,98,266,408,364,333,117,21,244,337,176,538,582,274,256,588,386,496,577,443,533,293,316,182,339,336,474,493,479,706,325,287,153,223,29,131,223,36,36,61,21,75,133,34,202,5,64,63,2,51,51,4,34,67,36,66,135,437,530,527,432,95,297,435,541,600,198,234,47,73,26,69,132,23,80,192,139,364,478,350,113,331,216,282,319,195,108,146,392,292,303,359,116,36,118,144,148,74,209,2,125,240,8,248,389,537,794,660,640,666,498,11,522,805,1017,608,556,294,194,40,202,268,304,300,372,617,276,262,47,569,484,661,548,212,255,662,967,1179,1183,225,363,148,244,644,1050,1100,654,243,159,413,428,261,282,382,474,500,592,463,144,85,636,834,833,666,406,119,798,679,1365,1291,1110,685,67,507,784,1386,1171,99
32,4,402,403,342,444,209,244,120,200,43,508,109,87,411,489,501,446,459,418,426,341,377,417,335,183,211,157,309,324,576,564,530,784,850,886,976,998,1090,1669,998,1126,945,813,695,528,704,393,303,141,436,157,47,48,148,405,288,490,304,410,550,636,165,267,389,601,694,819,800,863,972,932,960,839,863,670,700,765,536,439,394,192,108,78,167,399,310,401,476,546,442,466,481,490,422,367,345,293,222,95,80,13,141,298,293,456,555,486,459,396,261,11,109,185,259,375,417,371,380,338,222,132,6,15,5,33,1,30,11,8,14,0,10,17,153,166,144,21,15,56,205,306,117,116,88,43,94,84,122,141,193,203,194,152,189,111,130,45,415,482,409,464,489,459,412,417,306,158,133,141,132,277,402,464,417,480,696,729,775,672,643,519,608,475,311,239,315,102,11,181,345,18,5,226,810,755,707,589,963,937,777,833,360,229,145,35,311,342,83,98,360,503,732,839,784,884,899,604,1115,1021,1088,977,745,650,595,379,272,78,41,86,409,661,707,858,973,1053,983,1065,1103,993,1070,1064,1012,985,885,1532,498,508,359,309,52,87,70,48,158,108
453,149,5,100,211,436,232,214,71,79,359,426,207,149,72,327,440,511,570,318,108,9,422,512,721,651,275,57,472,714,977,1011,686,429,43,443,817,1035,1022,1291,556,173,176,566,894,1079,1002,777,368,97,258,674,959,1023,924,837,371,19,222,631,948,1044,1069,688,376,21,237,559,653,890,777,822,551,260,501,577,818,882,620,290,2,366,606,750,603,468,106,48,368,517,670,409,453,18,252,387,631,550,367,169,39,285,552,468,439,100,345,518,569,389,227,17,556,637,452,233,152,246,476,509,337,123,163,18,14,9,4,1,29,14,6,3,50,38,46,175,194,118,215,128,4,4,195,1,193,386,49,126,155,206,106,75,47,562,218,353,244,128,86,76,128,290,49,20,19,34,393,429,396,148,59,310,611,790,574,451,359,52,680,840,825,175,584,329,109,413,656,818,794,560,705,541,278,159,657,578,401,144,888,641,207,246,1050,782,362,199,964,1054,994,573,496,15,402,815,1114,1015,611,77,357,521,522,550,1047,788,524,0,522,860,1045,862,305,11,250,698,794,793,540,187,19,377,728,889,721,733,481,925,186,541,716,819,481,190,212,486,431,69
273,2,201,100,90,180,181,233,290,119,89,554,439,310,387,233,85,84,376,433,285,435,402,361,92,154,802,794,683,492,255,137,456,674,921,985,790,511,355,497,371,718,1013,1060,990,685,454,116,384,638,622,890,839,789,819,526,199,119,390,645,789,845,899,656,433,64,58,372,573,839,766,836,710,427,68,320,481,685,790,673,508,241,103,286,481,618,598,469,205,17,175,324,494,506,361,413,40,41,174,259,450,235,156,45,332,355,437,181,48,275,622,500,472,259,109,235,437,426,459,341,97,134,264,12,6,8,21,21,43,25,6,15,9,25,161,41,58,224,25,95,210,201,264,389,468,300,153,201,116,6,30,195,91,648,366,230,87,150,13,182,385,375,149,62,0,56,442,410,302,79,34,290,614,635,757,635,293,229,512,750,854,565,782,648,453,8,269,528,845,814,770,771,677,615,480,543,618,792,879,920,1075,774,432,772,918,968,403,76,465,752,883,1051,922,759,114,383,632,895,670,579,488,115,399,42,394,607,987,1004,576,393,1,361,681,837,773,650,307,94,272,556,745,889,841,715,511,1036,363,576,539,732,586,367,84,169,141,42
152,22,314,146,166,364,4,180,224,187,386,670,164,215,465,209,192,579,397,186,440,642,1,586,630,265,655,804,259,663,905,551,227,848,748,142,802,858,516,1110,952,627,304,929,893,164,571,1012,559,448,861,865,118,691,1030,731,228,849,865,229,639,901,911,168,898,808,433,404,965,672,154,604,944,483,614,824,468,438,882,708,162,793,660,223,525,823,283,476,744,276,314,670,339,102,611,532,29,604,484,55,363,504,127,476,542,33,601,322,277,676,356,385,743,243,407,526,61,413,582,182,337,419,13,7,47,31,23,7,5,14,18,22,29,25,73,108,231,44,159,56,255,59,119,133,340,157,159,54,199,216,3,87,131,303,120,269,23,264,227,217,64,246,47,25,101,13,268,296,97,279,654,444,243,694,513,28,556,630,157,717,606,592,304,811,566,246,663,604,126,582,631,741,193,454,218,358,701,491,834,190,505,991,570,1121,512,498,1061,256,586,1063,633,106,927,745,436,871,823,65,544,569,139,325,951,863,30,917,790,63,577,1102,69,584,929,438,554,920,348,295,797,794,213,684,1019,386,405,1254,541,115,770,656,156,755,759,112,308,44
20,73,80,137,283,440,144,232,201,162,178,624,51,124,92,25,46,185,10,40,27,0,226,164,237,227,248,614,544,249,359,435,544,474,409,302,212,460,196,173,150,25,105,72,119,17,172,293,481,398,335,456,623,454,734,599,664,329,816,615,290,512,629,586,359,509,484,454,580,455,263,551,353,392,115,780,214,112,52,4,319,239,348,470,354,313,533,249,496,318,122,218,58,56,333,310,309,274,379,270,426,527,487,34,474,353,408,292,570,286,262,178,132,240,196,257,246,147,139,232,175,128,188,35,101,80,95,8,43,18,5,30,63,33,531,517,637,567,424,125,72,22,90,215,180,104,257,68,47,5,122,236,173,173,33,123,92,116,503,85,224,572,340,386,484,271,317,56,44,61,66,77,279,255,93,91,110,139,286,363,497,2,519,841,769,907,969,1170,994,1086,1027,786,638,326,253,49,38,97,34,1,159,323,150,30,254,290,407,410,785,1027,899,915,1018,1148,868,726,970,161,546,551,240,39,73,92,112,129,479,498,290,12,285,24,464,528,342,755,845,1028,722,891,817,516,455,329,311,950,168,212,420,845,720,1074,1077,1039,886,162
119,59,60,33,311,83,164,196,152,51,75,573,10,46,72,129,107,217,135,31,117,111,47,198,56,48,293,267,541,578,476,415,618,457,523,654,490,364,183,624,251,118,67,277,55,241,169,326,49,184,281,260,414,393,576,488,303,469,477,473,488,137,19,346,213,224,607,243,719,659,645,593,694,326,411,110,134,100,101,115,478,193,339,379,94,386,307,29,74,2,235,426,403,436,549,562,519,690,443,364,477,199,260,174,77,82,205,267,187,211,275,4,388,174,152,165,210,125,70,61,21,146,128,56,46,19,23,43,4,24,60,130,49,87,279,85,57,86,115,310,384,374,365,236,339,268,167,0,104,179,218,212,282,373,375,283,365,356,277,389,156,222,124,76,72,57,6,116,26,297,257,263,67,12,137,25,222,295,81,169,148,185,3,202,74,159,5,85,8,141,173,149,64,71,17,204,72,134,203,53,186,65,14,14,113,70,47,371,327,437,508,430,397,781,711,750,834,1248,889,1025,837,858,648,832,771,366,407,379,256,58,142,100,54,213,596,529,440,505,790,698,609,914,939,1238,1089,539,1271,1156,1258,1479,1535,1225,1374,1248,1247,151
111,39,405,305,305,80,307,115,8,130,287,83,151,194,321,233,130,505,453,270,189,657,750,244,226,548,401,46,572,778,728,61,611,1021,846,1,570,1058,863,247,266,811,1111,530,307,977,1173,578,33,726,1002,916,197,540,988,1015,629,103,686,985,723,46,343,938,843,317,117,655,1074,558,197,333,855,817,118,401,916,788,98,551,882,725,98,458,780,568,143,333,772,482,33,372,618,466,95,317,503,398,57,343,539,272,324,320,396,76,615,505,148,340,758,493,30,555,434,156,273,387,420,5,380,387,54,19,44,10,17,19,4,2,21,10,7,9,165,23,166,237,200,87,165,182,159,262,143,29,22,235,141,173,35,52,97,83,10,236,290,71,52,158,275,353,48,93,8,5,304,381,89,233,588,490,289,182,537,458,315,23,759,753,44,927,574,850,487,107,716,731,497,245,19,524,811,634,613,720,409,205,400,423,1021,963,784,1073,922,25,1282,1142,486,550,943,1097,705,338,1324,1043,150,804,607,470,167,421,964,1117,806,137,1046,1004,563,317,932,879,400,381,992,689,123,530,954,1007,442,132,750,811,340,639,583,816,450,176,877,854,362,233,497,62
354,101,360,108,116,301,276,221,340,319,127,727,145,30,163,165,149,145,138,85,40,51,118,31,87,141,268,57,537,163,66,397,691,12,238,478,209,156,310,694,168,373,456,96,212,197,310,148,186,270,561,119,125,658,312,313,473,517,481,198,447,527,102,477,782,591,37,594,861,478,306,780,702,101,446,135,54,265,0,51,28,78,201,31,18,484,413,56,350,684,70,181,474,565,158,2,565,528,254,105,682,652,88,264,476,282,295,455,298,173,115,212,193,85,124,253,176,106,23,143,214,47,67,41,20,29,7,14,37,22,40,3,26,81,451,465,676,29,557,557,1,516,312,192,398,165,7,77,59,40,17,8,46,45,14,299,274,142,566,448,78,483,207,200,362,36,332,336,217,357,265,40,263,141,2,60,187,39,148,186,42,147,600,129,601,700,309,465,1038,747,504,1174,542,188,859,269,82,77,143,0,281,361,166,366,584,112,966,528,86,774,638,219,961,864,388,1059,860,873,1293,981,680,1279,784,454,1018,559,455,552,254,492,197,279,316,212,695,313,231,666,269,787,839,153,1043,894,149,1217,1244,265,1336,1180,181,1046,1361,132,1364,20
25,16,237,452,440,370,288,334,14,84,405,819,190,121,124,66,148,62,10,236,17,60,88,48,172,107,228,104,38,249,389,552,325,223,51,56,189,483,621,362,112,126,121,184,571,276,426,310,139,230,494,451,641,598,648,437,422,83,87,245,308,490,730,567,766,900,345,516,221,215,184,551,471,461,291,53,183,32,158,342,377,154,180,170,191,408,431,579,419,430,9,187,23,18,259,354,297,331,704,545,832,467,411,286,60,172,477,530,404,397,193,4,79,75,100,59,8,120,163,107,138,163,22,81,86,8,36,47,21,10,69,46,25,73,164,134,464,685,649,278,10,392,386,165,342,40,113,67,71,66,255,77,95,180,489,391,382,343,45,290,474,616,429,116,23,206,241,327,1,104,37,77,7,160,241,66,91,71,2,141,315,397,555,286,224,216,259,746,969,1154,855,571,341,204,298,442,35,311,205,132,175,97,395,404,561,492,42,341,404,740,1083,1117,705,59,174,771,1262,904,1264,832,421,596,818,1030,1328,623,503,34,79,276,5,67,372,634,743,14,301,742,1069,1128,869,452,16,720,911,1830,1261,1041,544,279,929,1139,1097,1300,896,87
632,98,734,549,367,272,397,598,670,528,490,56,216,309,402,310,76,86,163,322,147,235,46,132,296,123,138,113,4,292,545,484,627,409,260,297,258,625,695,334,372,11,149,239,717,774,311,276,323,283,553,801,631,865,673,503,351,54,30,317,180,201,177,481,347,550,480,715,707,389,543,446,172,255,421,688,492,148,212,242,219,547,468,202,259,221,524,578,678,621,572,578,222,215,165,140,319,227,110,72,16,464,512,556,845,771,509,250,108,268,386,300,94,75,178,208,56,103,45,130,151,237,255,43,44,37,37,64,20,75,57,5,48,48,588,550,461,33,437,545,621,554,256,71,368,138,178,12,69,170,289,382,421,108,245,138,122,526,602,659,194,79,108,224,345,257,289,179,183,11,109,84,90,132,66,127,15,33,341,416,466,721,475,372,110,388,454,852,1188,1084,568,367,54,256,598,519,463,58,184,102,372,113,381,291,374,504,101,113,510,683,972,1295,886,702,152,387,883,1153,1467,1317,643,255,13,463,839,852,798,461,6,57,240,104,140,425,600,585,495,53,207,689,1256,1093,1138,799,3,188,1043,1233,1656,1337,1025,464,112,873,1304,136
580,6,116,175,431,314,174,113,171,451,378,114,250,448,184,83,191,198,91,55,126,147,76,165,92,221,122,133,296,189,139,52,505,586,845,317,24,633,978,500,529,127,389,625,659,54,28,409,336,204,233,126,753,541,444,476,79,399,524,569,527,303,232,56,350,402,661,794,759,384,86,255,872,941,877,25,71,474,616,529,87,25,332,167,92,484,215,340,232,107,415,363,681,339,218,181,313,165,24,310,522,536,868,63,63,520,664,900,638,260,16,294,353,321,198,143,114,123,88,119,26,173,81,15,78,1,23,2,6,2,44,84,58,26,632,245,286,582,558,193,278,448,287,177,6,145,251,84,58,143,277,254,369,70,459,672,304,127,320,517,651,202,117,327,468,361,236,194,191,273,126,62,1,140,163,25,7,165,365,403,149,591,258,722,840,672,323,420,860,998,723,337,92,528,701,395,99,232,40,37,220,77,237,430,632,635,370,220,747,1196,784,0,316,943,1171,1081,181,846,1474,1658,1048,138,663,1161,897,445,210,263,266,45,291,597,138,439,602,795,429,72,838,1144,1045,505,631,1281,1348,1650,9,812,1516,1562,785,88,1078,1511,1274,27
617,7,33,412,596,348,1,300,350,268,59,908,34,149,229,300,223,373,324,143,153,90,191,14,327,328,358,364,411,575,183,459,632,575,273,41,769,923,997,716,415,825,711,103,472,695,243,143,226,651,478,194,472,769,749,557,185,349,521,309,445,265,267,44,483,691,649,479,108,440,950,723,527,105,667,1272,334,25,235,562,191,117,326,394,165,126,379,462,276,32,463,652,306,264,81,55,129,296,440,699,631,343,339,713,932,690,197,348,688,674,241,3,267,232,35,34,99,43,121,101,140,101,128,27,12,70,8,11,25,1,32,54,22,93,676,393,128,467,523,104,221,507,381,65,228,185,42,68,75,171,151,12,222,124,375,18,229,566,288,82,526,323,219,152,442,347,25,178,317,212,43,104,432,152,93,222,82,99,273,17,213,201,448,282,255,578,845,693,5,606,938,904,503,383,798,485,205,26,296,7,217,210,243,305,510,313,248,515,825,487,298,946,581,576,173,1249,1004,223,568,1471,1571,652,305,1112,1177,531,32,728,650,134,12,227,68,341,340,122,272,652,805,256,445,630,1042,412,425,1518,1344,446,797,1217,1535,790,404,1344,1487,177
472,237,380,270,519,423,355,480,485,589,250,705,182,166,267,197,43,230,212,81,7,38,15,78,172,418,285,633,521,200,384,420,596,249,340,350,117,112,377,417,288,306,408,434,523,476,667,681,523,352,289,433,166,189,197,312,130,268,254,170,78,407,368,363,532,210,711,523,733,721,508,601,825,553,384,30,573,279,229,39,138,122,429,450,555,391,510,319,347,343,258,321,144,387,205,248,199,325,722,604,636,691,635,530,519,835,892,731,706,451,484,355,458,262,147,71,21,130,18,247,85,28,73,96,86,41,27,18,32,9,34,2,72,30,424,146,151,257,504,491,533,477,387,294,261,104,73,122,25,134,172,29,170,124,353,422,471,460,293,369,279,187,25,15,216,141,381,381,331,327,481,222,262,215,146,146,7,3,151,151,13,487,115,202,203,398,381,560,813,905,816,929,737,881,871,719,451,352,157,0,171,85,330,246,458,54,66,157,400,451,331,789,858,786,1228,1145,1373,552,1298,1113,567,597,464,160,341,30,52,253,552,362,422,285,22,235,264,410,800,863,859,802,1163,624,994,747,668,987,236,130,454,395,794,1157,1056,1376,1475,70
355,195,371,346,652,426,252,167,426,178,512,731,83,107,195,217,47,66,293,148,198,186,154,22,462,304,71,406,321,441,316,352,159,442,734,710,660,375,140,242,752,806,610,406,45,181,403,593,520,198,315,294,430,426,710,416,500,91,280,397,395,198,332,723,631,730,493,421,414,27,160,625,852,906,806,117,188,90,302,410,472,219,19,462,487,388,180,15,200,281,627,592,731,422,314,261,264,169,68,238,55,287,672,757,996,778,363,70,442,468,516,365,242,183,65,105,41,252,47,23,61,44,30,13,1,70,10,37,9,30,10,67,17,28,539,653,395,71,415,692,635,326,19,245,392,348,186,93,40,23,167,285,124,39,47,412,569,454,117,59,290,500,454,226,131,173,467,486,119,146,81,83,115,209,30,21,10,99,65,131,361,607,443,230,308,410,788,751,799,884,339,218,522,791,717,492,151,4,278,244,115,282,503,92,269,379,718,687,724,190,23,568,950,1247,861,526,236,1033,1400,1679,1240,754,165,798,851,1145,673,288,63,452,184,21,260,561,702,632,173,332,699,824,639,604,111,801,974,1939,1147,628,36,679,1368,1632,1177,739,89,250
67,286,455,444,434,466,240,323,238,93,97,1073,245,76,190,119,37,144,38,11,138,16,337,162,85,33,184,131,117,509,235,269,665,270,146,781,669,234,557,368,656,229,692,668,52,460,618,219,158,699,559,144,543,530,131,235,725,476,65,378,451,565,342,83,165,621,507,645,93,812,935,578,180,681,804,314,274,593,507,147,261,204,102,262,304,108,495,293,7,337,545,247,25,150,334,340,393,42,51,356,616,348,10,712,939,478,97,687,734,165,343,453,191,29,111,54,133,98,289,182,16,175,83,99,1,28,80,13,32,64,76,44,18,64,668,657,101,747,582,142,564,430,49,437,393,10,177,120,11,28,0,125,47,9,339,130,416,608,132,432,504,34,381,356,145,106,387,69,246,87,255,315,300,220,26,11,48,1,85,188,116,847,147,561,623,328,549,968,716,149,918,937,195,503,885,642,130,259,74,12,32,444,436,80,305,417,354,271,736,655,61,775,890,168,838,1394,314,1029,1484,824,383,1308,1405,294,730,1159,327,376,655,4,458,244,198,408,445,415,765,751,181,890,593,72,814,1091,398,445,944,914,394,1594,1250,44,1465,1534,374,124
370,204,639,469,315,410,243,212,83,118,163,983,413,452,247,188,110,5,115,83,365,120,242,235,44,123,184,169,324,246,339,210,612,551,414,409,302,469,158,258,230,74,278,108,348,471,579,538,569,758,686,373,443,559,467,261,415,623,164,148,72,437,556,275,552,558,671,637,447,562,727,879,392,597,346,132,209,32,80,151,96,101,386,374,286,276,213,70,57,64,35,74,33,68,65,80,125,127,315,446,613,544,558,308,464,591,393,185,99,49,3,55,10,15,173,31,85,147,96,160,99,115,40,126,75,55,12,73,59,13,25,39,16,72,482,661,758,545,595,361,148,139,373,328,382,441,188,131,23,56,212,170,131,56,3,182,256,429,435,585,581,608,466,297,17,105,94,168,413,10,164,164,238,196,107,126,103,42,127,339,280,627,296,142,366,108,55,351,476,640,860,959,899,974,916,567,293,423,86,140,256,297,306,155,346,71,83,371,558,803,914,888,1187,1199,1458,1372,907,189,616,699,214,142,463,869,826,639,1058,905,719,393,313,102,248,622,419,870,823,804,794,330,383,27,70,256,870,930,1088,1494,1484,1491,1580,1554,1209,988,634,250
242,87,560,771,408,400,164,200,339,475,534,734,104,91,531,459,652,218,138,96,277,347,288,16,8,195,289,662,273,29,106,602,478,720,421,507,108,17,412,66,790,373,438,94,204,456,541,558,400,114,193,315,631,682,896,940,685,505,168,82,72,159,188,132,212,27,148,399,663,555,641,884,768,459,187,1006,353,364,348,83,104,473,830,732,641,460,9,160,335,714,643,529,467,506,241,232,281,138,460,654,529,398,233,43,564,733,761,765,416,269,321,68,14,147,74,369,401,275,149,9,163,271,207,16,50,34,28,10,3,37,80,78,21,47,465,618,606,465,120,307,631,451,427,91,3,112,144,90,36,13,58,129,228,254,449,429,62,23,331,485,622,446,216,28,272,302,480,255,161,122,233,205,144,68,148,86,176,0,65,199,236,2,437,851,525,333,1,284,828,912,965,1162,642,288,242,237,244,250,11,9,352,71,7,202,652,887,871,875,552,15,480,830,1127,1084,931,826,92,1013,1145,1280,1326,1097,791,324,232,777,795,542,302,50,260,392,426,209,490,811,812,945,901,435,3,799,1175,1260,1399,1912,604,232,669,1148,1370,1457,1057,639,2,60
298,61,812,996,161,558,426,342,603,201,335,609,142,405,72,638,157,25,338,133,160,104,349,243,67,383,39,299,138,360,523,132,535,168,218,596,230,513,771,660,601,585,271,781,534,379,580,213,703,904,156,870,638,88,949,618,459,937,351,339,556,399,112,405,593,211,111,596,397,116,620,642,102,585,669,670,727,648,142,465,188,266,188,347,509,174,671,666,35,665,601,177,348,295,137,376,358,270,252,239,534,574,210,854,625,205,816,795,168,840,266,426,431,110,194,20,59,145,229,6,173,216,13,26,92,32,61,97,69,20,99,52,21,28,197,553,565,227,745,93,568,325,278,433,53,390,141,57,113,152,34,255,71,271,177,263,340,42,618,604,156,538,194,367,601,34,238,300,251,258,52,122,194,47,145,133,29,215,79,82,355,586,199,527,312,272,749,375,924,958,30,1037,722,444,628,299,311,194,103,62,225,121,306,373,31,708,492,527,960,598,675,1012,14,925,1039,413,1568,48,967,1945,95,1174,1393,467,1204,518,442,876,37,497,149,381,355,589,501,353,930,440,681,960,23,1299,913,758,1445,1003,1152,1402,36,1658,999,810,1575,354,1073,54
248,34,278,226,585,221,182,665,100,467,275,350,260,158,348,375,272,209,174,77,32,28,481,63,234,152,351,86,116,436,305,160,538,139,293,668,360,515,646,698,187,420,159,420,608,137,572,443,104,513,217,391,1042,635,346,854,313,353,772,510,79,419,257,476,76,519,606,179,423,870,576,63,751,508,42,940,417,71,312,133,15,65,2,480,188,466,537,150,518,618,313,282,503,392,168,369,334,394,180,340,627,343,180,668,567,137,641,529,11,463,415,44,252,78,89,43,11,195,161,99,158,278,200,31,180,3,9,1,20,16,3,13,39,30,126,621,123,611,441,187,577,28,352,289,100,262,73,10,57,43,25,324,44,291,267,47,478,245,316,636,52,532,386,302,375,158,298,220,76,30,56,116,89,47,64,35,191,26,303,276,83,436,851,70,903,670,185,881,678,397,1101,310,473,551,250,157,31,161,212,73,261,185,544,283,622,826,130,1006,817,256,1165,519,564,1457,621,897,1515,120,1252,1228,134,1091,970,100,942,298,493,671,24,452,87,566,169,437,714,65,1032,643,485,1280,787,635,1388,522,1130,1957,118,1490,1029,61,1524,1207,594,1411,862,126
328,45,147,311,418,564,389,55,112,160,295,366,41,26,147,442,98,234,17,336,349,90,180,194,9,74,159,244,210,164,72,139,139,493,561,474,571,67,171,407,671,403,412,128,174,473,309,804,160,208,254,557,796,575,523,340,123,164,623,454,636,500,526,539,549,326,203,66,105,624,683,723,618,451,106,911,178,362,403,212,56,36,400,330,168,206,447,596,506,663,406,337,101,144,205,71,73,491,264,709,477,855,568,153,148,306,488,739,556,466,94,121,90,50,42,30,62,4,240,233,236,77,120,125,59,0,59,11,2,13,91,3,105,77,668,557,132,299,627,529,234,6,173,323,266,46,99,75,21,305,151,120,59,269,497,507,300,18,184,431,611,553,177,92,357,312,317,157,27,158,248,98,11,107,116,4,74,112,572,416,297,489,138,539,788,755,523,457,370,791,926,811,449,222,278,362,207,8,120,229,134,438,594,719,663,324,75,726,869,1187,1157,876,155,754,1159,1577,1403,371,146,672,1173,1364,1067,378,307,665,550,503,71,228,321,425,239,817,884,822,707,296,152,1053,1132,1252,816,350,733,1279,1478,1395,755,7,786,1296,1428,1134,609,134
96,16,757,524,537,356,73,344,279,405,210,673,297,414,307,92,75,5,36,248,317,268,70,9,100,77,157,420,277,118,377,298,103,152,181,250,529,489,582,289,674,476,647,568,211,356,114,101,318,83,572,587,362,719,679,654,638,697,561,546,519,570,287,736,577,609,704,512,447,732,773,471,545,198,224,326,82,100,116,149,307,154,266,176,56,22,335,330,312,521,489,546,484,336,253,310,259,252,174,119,323,543,602,581,708,820,727,698,742,548,511,387,230,71,203,21,75,170,157,176,134,201,115,58,84,37,8,19,3,45,37,2,108,11,369,591,642,548,515,401,186,247,283,215,298,282,55,91,3,87,160,294,61,78,433,501,507,532,463,429,283,247,226,271,382,309,434,241,185,42,446,60,91,13,26,28,30,44,30,253,347,335,533,659,532,660,602,307,235,110,1,583,301,838,828,407,510,439,71,141,80,76,258,320,63,203,360,475,844,804,1028,1054,883,822,690,290,63,742,523,942,1209,1321,1451,1234,1218,660,569,36,145,441,387,402,360,222,15,408,1008,411,1024,1242,1020,1126,777,644,150,898,488,661,1099,1580,1701,1589,1491,1366,1163,113
22,5,347,38,290,236,46,177,208,46,189,368,195,74,220,85,104,36,12,22,37,56,243,6,97,97,86,193,207,46,108,298,4,218,345,172,143,460,355,249,193,245,74,106,311,266,109,247,140,137,325,204,126,408,236,188,290,243,197,14,319,230,277,236,55,255,319,266,59,313,407,250,47,412,367,243,287,262,81,117,163,56,175,130,51,192,243,85,152,248,235,67,279,222,175,76,53,138,247,188,60,151,356,164,52,342,319,308,94,264,170,59,84,103,51,26,33,28,107,72,47,18,26,12,1,34,21,47,34,11,4,29,40,12,324,33,280,290,107,351,149,93,255,119,160,136,0,39,44,106,64,128,180,66,15,252,14,241,233,102,159,209,52,188,92,108,124,205,25,133,58,28,125,21,14,52,2,22,101,11,158,393,53,290,311,82,294,469,232,289,474,381,60,349,236,77,22,94,98,49,27,71,145,208,285,65,280,375,238,242,513,239,265,641,463,108,672,327,19,610,730,87,560,643,182,269,563,186,319,214,111,211,21,238,445,132,292,460,124,468,626,250,472,514,309,5,697,200,5,614,636,91,782,650,180,6
21,34,65,55,19,12,29,59,107,6,4,263,57,179,144,177,83,142,62,62,24,12,125,77,219,157,173,246,195,197,305,432,387,310,395,411,483,380,445,336,298,258,232,112,245,241,233,163,130,203,103,127,188,153,148,131,217,226,172,287,136,281,241,221,300,289,286,246,131,106,156,93,82,14,10,428,54,12,62,69,202,114,173,260,255,322,370,300,194,348,217,190,221,264,56,119,100,99,113,299,326,238,316,218,401,322,278,352,247,269,239,109,71,73,18,8,70,25,52,22,50,48,6,47,32,23,0,2,14,25,24,24,2,29,175,133,13,76,52,156,244,256,243,207,208,182,127,60,27,62,73,116,120,27,106,172,155,68,115,52,66,63,131,168,150,158,93,250,136,98,129,111,10,123,60,25,46,161,84,77,130,93,290,353,322,456,422,397,500,488,464,412,331,454,354,295,289,97,63,35,143,51,180,192,223,364,500,380,447,522,488,563,529,409,540,664,448,241,469,267,387,242,306,104,18,21,86,18,157,50,173,254,219,243,297,325,149,100,148,38,60,0,23,115,132,66,210,340,374,434,468,595,606,543,606,47
427,161,167,408,386,100,462,240,252,354,357,899,66,174,384,105,141,125,26,25,49,20,34,13,195,155,116,316,349,454,432,45,574,347,248,830,334,326,556,728,278,398,91,637,401,344,193,0,493,195,127,462,390,474,666,179,659,589,234,906,789,346,204,678,288,195,825,845,64,419,736,44,661,647,168,855,736,46,364,175,146,140,171,15,183,305,103,241,492,280,484,728,5,248,592,286,144,245,525,139,402,643,412,282,834,671,361,719,423,320,593,273,116,326,242,154,52,162,107,158,247,85,57,104,13,39,86,14,13,50,46,95,67,29,440,463,222,681,48,577,340,348,422,131,205,112,70,154,14,183,256,211,350,173,494,225,142,321,19,551,279,150,293,78,357,240,147,377,26,316,288,4,29,13,2,122,219,58,262,39,403,657,90,521,501,315,1043,243,748,1094,81,840,652,586,846,226,305,132,142,98,146,106,563,356,289,763,220,687,995,239,1129,990,542,1101,379,1235,1119,921,1438,576,936,1268,71,888,535,394,849,22,459,211,529,114,496,560,347,764,74,954,551,598,974,130,1363,1074,497,1972,568,1128,1271,59,1388,741,570,1460,237,9
105,108,168,431,108,150,241,80,302,264,259,598,157,150,273,55,159,113,105,185,275,106,42,40,83,93,227,127,418,228,359,228,38,418,152,321,260,387,245,302,257,277,395,333,165,210,172,179,120,98,125,141,265,406,116,737,559,202,482,451,204,50,584,534,268,438,896,274,134,665,699,101,920,844,63,893,295,288,195,103,288,21,99,97,213,442,121,121,605,489,91,224,515,219,446,726,264,341,370,576,269,160,691,377,47,757,734,157,488,621,115,134,250,107,84,76,222,190,15,281,338,82,188,30,108,38,76,1,10,49,70,59,26,10,409,8,420,199,337,173,109,69,13,146,192,47,305,287,204,552,267,292,565,151,540,287,132,322,101,336,223,161,241,204,306,51,241,138,77,18,198,60,93,61,143,181,117,53,434,340,51,263,701,204,671,494,185,679,362,119,567,218,155,174,6,59,281,264,603,647,189,645,816,147,979,680,100,788,504,566,803,71,686,644,183,1230,384,1241,753,268,437,394,146,244,340,603,174,578,200,651,858,121,1325,509,331,1175,528,750,905,164,846,1006,369,1103,816,177,1158,236,893,1024,179,954,508,141,802,265
184,86,208,159,255,44,22,267,50,122,87,399,254,57,308,49,251,109,92,384,84,306,219,10,298,2,397,57,131,449,148,333,46,273,484,71,289,331,176,704,59,81,208,0,161,108,571,8,276,137,116,402,229,116,372,351,396,732,194,471,815,100,596,773,150,721,626,188,696,478,219,395,279,12,348,858,120,185,152,295,2,482,365,120,214,479,104,260,787,101,575,654,363,435,534,205,366,693,195,567,893,117,618,274,0,464,396,52,450,458,56,281,388,68,402,253,57,169,207,153,205,273,60,15,15,28,71,22,29,13,56,28,10,105,192,471,209,403,55,483,195,141,130,71,28,75,113,111,330,186,400,422,196,385,133,636,435,126,501,283,289,51,497,155,190,11,218,294,133,280,50,197,61,150,117,154,43,343,5,352,290,82,558,18,719,580,454,838,63,834,418,272,303,203,228,70,90,119,45,477,87,378,516,281,932,257,860,737,466,1057,310,824,743,574,1077,84,1017,430,944,564,183,913,26,440,41,82,289,149,168,636,83,976,321,564,967,210,1138,344,1013,725,488,989,102,1221,484,639,805,174,1056,425,933,923,269,911,258,9
103,122,351,250,88,201,181,189,359,604,342,55,141,114,115,156,63,73,108,104,101,165,146,244,493,129,328,141,14,29,231,303,437,350,162,536,432,154,50,851,184,220,352,415,195,35,47,90,277,165,215,476,624,306,176,197,37,301,331,440,541,555,466,661,691,421,737,543,634,511,555,223,158,46,45,1056,107,141,218,76,166,128,144,281,268,269,96,39,125,118,63,382,430,407,522,562,645,488,602,685,770,675,548,168,450,285,31,18,257,243,301,286,215,282,137,155,119,164,231,241,191,172,264,80,20,4,21,3,22,56,15,56,56,53,318,607,582,428,143,194,319,354,263,114,91,10,1,227,113,390,304,314,156,52,227,351,418,519,441,170,25,320,252,421,232,224,98,50,231,334,219,121,190,149,48,182,77,206,114,332,539,373,531,946,587,548,47,165,476,511,610,722,398,264,53,12,39,195,226,429,650,694,470,255,70,164,694,849,1021,1006,681,594,170,323,538,903,1532,313,834,587,118,162,247,624,549,376,232,375,409,386,409,57,427,763,1320,1320,1103,1011,516,78,610,928,1264,1431,1182,1869,426,38,771,1065,1154,1328,960,943,244,19
7,167,644,661,889,622,481,466,603,276,191,131,18,190,64,42,240,399,149,37,72,80,329,126,260,387,387,359,519,379,355,668,517,409,701,552,477,679,535,302,283,190,260,142,129,55,27,50,94,177,130,23,11,190,268,40,247,122,128,295,173,248,234,415,423,658,776,694,542,444,628,803,737,721,450,176,318,88,10,106,8,298,316,431,183,327,511,472,325,582,579,177,166,163,209,293,437,640,633,735,657,990,950,862,718,599,607,472,372,203,213,131,7,124,308,301,175,299,136,174,114,154,256,111,13,20,80,67,10,71,75,16,112,39,150,84,79,227,475,431,325,326,297,180,15,23,45,317,309,425,291,75,72,80,63,31,462,252,462,378,303,408,245,426,393,266,294,87,280,158,183,46,14,46,32,65,24,94,139,327,108,390,16,355,5,129,44,255,159,226,258,323,433,417,102,115,26,148,84,327,518,488,630,550,451,689,632,643,822,924,584,617,649,465,402,243,170,624,241,102,167,431,386,189,743,541,653,235,346,142,106,249,410,385,564,832,994,1078,906,916,1207,1229,1458,1243,1022,1918,1157,914,599,816,592,643,234,225,165,35
82,40,162,325,529,214,263,538,189,124,385,372,23,285,291,15,274,466,27,254,340,209,192,532,283,81,405,120,207,176,350,172,439,317,194,423,781,396,313,1619,619,211,599,763,286,415,847,632,102,682,878,357,379,876,920,483,322,800,843,19,633,895,844,46,757,819,681,421,948,843,236,924,902,180,425,685,657,208,978,791,10,700,860,184,491,743,345,250,643,482,117,507,592,353,363,602,210,351,650,480,156,690,310,124,555,403,200,601,423,110,676,239,402,563,383,194,464,285,231,406,140,125,319,15,63,33,52,19,6,36,32,9,24,48,127,85,101,211,8,140,164,5,9,136,89,188,1,30,43,90,45,189,4,359,122,9,69,196,55,307,368,167,331,350,14,100,390,25,189,426,268,149,539,326,77,445,506,87,326,614,271,870,595,413,104,528,658,299,390,758,802,486,130,840,861,382,559,940,857,956,326,715,949,556,533,1190,1060,40,787,1128,671,579,1103,835,390,1033,985,27,1024,1182,390,665,1146,445,440,1175,798,179,804,1079,459,548,1216,914,125,948,1042,256,426,1179,744,338,803,1093,367,118,1170,790,231,926,814,396,551,955,531,62
109,219,786,254,433,352,231,365,180,106,207,401,343,250,39,129,125,20,105,155,8,92,91,3,4,95,280,344,60,262,145,12,441,309,298,404,410,57,462,970,2,392,48,284,467,11,311,367,31,527,719,203,561,510,493,338,646,459,69,392,595,98,428,399,267,116,499,650,210,285,406,484,32,440,71,637,170,37,9,90,290,330,14,540,461,71,525,702,21,399,555,419,62,462,387,142,35,325,567,242,177,619,426,272,626,271,85,268,209,65,103,316,243,156,76,144,315,124,26,376,221,78,163,23,37,77,14,50,23,110,63,12,29,16,587,403,479,685,88,641,393,441,528,33,429,105,215,157,8,0,257,364,125,108,58,270,341,42,487,267,204,462,15,483,593,201,684,249,286,611,186,218,300,49,20,22,37,206,499,171,139,552,298,440,890,422,601,969,442,746,765,124,610,383,448,571,195,573,85,222,394,73,486,269,348,563,231,663,297,580,1029,275,1092,1070,21,1326,893,654,1470,968,365,1223,499,770,783,80,879,467,347,603,13,710,467,312,705,221,732,329,468,853,529,869,1088,90,1347,1704,306,1534,674,635,1566,575,797,1489,415,396
139,193,598,475,450,309,398,258,352,184,152,304,34,18,90,72,88,97,8,144,140,141,21,142,323,213,88,577,318,106,476,242,156,153,295,55,322,104,130,934,62,96,360,250,422,488,456,695,591,647,690,582,543,769,614,633,593,382,499,434,607,564,427,404,285,435,245,465,457,86,286,250,552,198,140,100,170,85,173,72,76,205,109,196,226,154,348,226,36,5,84,109,461,246,308,516,146,460,282,614,621,681,650,1282,599,566,530,264,324,200,217,23,98,45,221,115,113,76,184,339,157,123,231,0,50,26,46,31,3,44,15,135,17,21,299,71,185,432,552,591,724,579,399,294,182,51,13,201,171,39,274,45,24,280,244,315,361,442,786,392,541,543,312,26,236,139,76,37,133,214,41,176,234,90,87,16,310,220,319,543,522,209,697,921,824,974,993,941,747,977,707,354,288,116,132,160,451,453,461,774,704,692,313,53,97,48,210,398,729,797,1188,977,1186,1409,1314,1093,1368,725,990,651,504,643,12,64,429,484,610,564,993,457,435,354,441,384,187,241,373,422,680,1020,1111,1142,1098,1237,1417,2003,1363,1222,1028,796,839,466,256,57,83,195
0,67,299,375,298,267,190,393,126,4,114,448,237,156,35,145,45,155,90,117,174,35,40,97,23,149,107,104,97,325,319,458,163,412,672,285,479,292,423,798,174,12,127,47,13,126,320,44,267,228,380,332,636,469,549,578,530,205,424,352,268,380,485,299,380,244,171,360,144,100,211,202,279,158,248,339,46,44,80,65,15,90,107,238,77,338,317,386,359,375,177,205,89,71,136,103,178,298,263,178,181,214,346,1078,407,287,266,76,129,14,236,58,87,71,60,127,145,258,313,214,220,202,351,2,25,61,99,90,73,152,22,9,110,39,636,563,426,131,29,143,347,436,643,437,463,294,30,65,92,136,278,357,183,224,69,222,288,525,426,588,563,461,523,280,81,48,156,67,510,320,21,200,265,41,95,9,172,241,296,395,611,573,715,693,597,723,808,574,161,191,64,3,291,468,403,513,300,86,36,152,347,161,460,584,208,670,561,463,345,58,237,109,474,372,866,847,1042,980,1426,1387,1047,1334,815,694,270,132,135,381,143,568,700,739,619,544,685,223,34,329,613,898,771,816,1314,1282,1588,1876,1276,697,953,738,340,329,47,123,406,166
77,126,40,136,15,223,295,233,146,72,19,83,218,94,382,98,114,77,48,48,138,26,161,13,215,136,157,295,397,278,576,101,340,216,358,751,465,543,453,931,164,136,27,120,344,105,77,86,23,127,355,178,148,223,342,384,313,269,250,21,55,30,42,91,75,188,248,333,212,308,298,520,252,116,213,1042,17,180,57,227,128,296,488,292,689,646,632,620,638,626,659,795,542,479,477,651,522,236,333,245,282,267,255,57,237,275,281,207,24,129,20,42,81,55,110,245,146,376,283,321,220,265,337,77,39,49,62,56,1,24,3,25,30,80,590,708,612,690,617,463,190,83,17,107,319,222,254,165,77,90,44,211,261,183,418,210,390,222,41,135,216,236,311,341,472,838,563,428,591,371,533,368,51,86,217,44,83,114,196,329,320,211,436,360,171,398,221,72,15,420,65,280,336,488,266,503,185,130,124,142,77,392,275,618,475,176,337,474,493,343,177,25,53,140,267,493,835,1079,1016,1018,1296,1153,913,861,728,787,377,372,130,245,306,467,625,685,769,607,825,636,507,415,45,102,68,352,238,87,871,1219,1237,1345,1483,1435,1520,1289,1605,160
26,486,256,183,118,84,185,225,122,220,420,111,314,590,284,123,97,16,320,342,201,190,174,467,139,114,60,263,267,262,336,278,505,692,523,755,494,389,532,1009,68,102,143,49,59,277,435,414,565,610,784,664,830,678,584,685,612,626,588,293,392,217,120,190,396,204,96,20,230,215,198,317,343,288,289,305,148,85,61,21,122,206,524,460,708,767,898,748,557,840,660,591,634,443,162,13,30,110,218,241,377,285,275,776,239,35,87,114,27,53,102,46,54,299,359,442,563,459,605,519,343,302,342,38,78,32,103,74,36,0,20,67,10,39,161,130,339,578,578,520,648,368,160,86,91,304,165,160,138,114,88,127,371,35,694,402,467,567,362,27,39,169,354,409,615,565,629,607,311,562,502,457,258,66,21,43,28,170,333,137,428,291,321,28,69,131,333,573,780,602,432,715,443,244,29,179,23,162,470,559,390,412,524,396,234,93,109,384,390,1066,840,1060,1126,1360,1247,1422,1223,499,1094,672,649,213,205,380,583,676,803,709,806,646,251,36,27,243,342,716,1166,906,1008,1280,1071,943,667,520,425,769,16,307,417,870,906,1275,1398,1199,1361,69
425,78,471,333,452,529,354,191,81,3,97,130,250,491,273,456,468,216,414,239,305,241,170,232,59,117,41,447,330,407,439,658,640,615,570,649,538,777,415,891,465,252,119,78,245,108,47,140,300,284,201,481,350,442,320,226,124,85,130,80,200,270,97,159,336,532,656,611,595,724,604,398,626,829,543,116,385,201,405,7,214,260,67,176,235,168,385,271,130,237,25,30,52,45,147,363,416,267,423,685,589,686,546,470,505,536,319,197,241,245,32,81,148,306,353,246,511,532,548,529,369,237,320,109,74,24,107,75,0,85,6,73,56,2,125,80,233,478,642,574,731,512,559,302,191,10,50,48,317,237,436,240,565,321,92,82,134,235,379,334,488,715,606,686,698,681,440,632,471,399,228,301,136,13,1,86,216,391,186,434,350,709,748,646,506,851,693,602,506,159,246,422,298,360,465,548,523,666,495,610,340,235,153,202,200,97,809,575,994,850,890,1341,1397,1322,1267,1383,1471,938,1146,925,1090,899,635,501,214,187,526,224,401,770,755,660,871,799,723,423,382,355,280,72,91,173,331,366,504,530,914,1309,1289,1333,1339,1274,1547,1380,1371,199
194,15,323,37,221,490,435,138,251,301,49,60,50,109,4,73,288,222,495,234,336,10,212,136,22,114,260,60,486,478,320,83,193,653,391,96,497,535,259,1122,103,215,173,7,81,241,94,196,400,273,367,298,486,525,323,165,354,407,366,296,290,148,32,392,434,848,385,246,324,819,706,560,157,445,495,817,98,88,58,77,71,94,256,526,577,664,132,439,721,793,721,17,168,297,368,385,487,297,287,93,517,793,788,867,277,341,686,516,178,134,206,48,209,342,434,214,137,305,370,347,149,84,92,97,28,69,1,34,46,13,47,67,8,23,467,760,322,454,634,428,263,566,383,43,357,319,10,162,278,67,296,184,234,1,351,63,559,592,211,312,766,577,238,633,846,248,134,614,571,258,155,261,403,36,7,139,202,282,241,93,316,668,521,118,877,856,456,87,888,944,331,356,825,424,46,454,576,62,355,631,311,222,575,382,18,644,699,66,480,822,911,87,902,1296,1056,375,943,1356,1127,212,930,1042,649,244,763,863,153,726,767,337,278,434,306,369,540,572,53,649,1025,723,167,1275,1653,901,236,1989,1699,872,266,1490,1584,1040,520,1577,1437,239
67,39,86,62,131,110,32,128,131,68,48,94,61,98,44,100,42,23,15,57,9,5,40,35,5,61,136,8,68,30,165,18,42,145,3,12,60,104,40,259,131,10,81,115,8,158,121,114,68,210,134,260,241,145,234,399,162,240,238,255,194,91,215,90,166,111,78,138,34,14,6,12,24,65,48,361,53,54,16,18,16,16,72,48,202,136,166,162,245,132,237,199,188,158,223,348,215,109,203,241,167,81,85,19,131,135,130,48,28,6,34,54,162,107,165,165,220,276,237,154,195,179,114,6,9,6,67,10,3,22,29,13,20,15,364,343,192,127,16,53,219,295,214,202,245,183,172,29,50,29,121,99,259,115,215,90,105,8,97,107,134,146,323,380,358,250,251,306,265,216,181,33,57,47,40,18,12,113,233,291,369,344,298,290,367,383,213,284,220,177,47,51,259,232,279,267,248,270,351,117,120,119,48,10,85,177,348,430,532,488,579,541,828,679,638,536,489,404,604,457,282,271,120,83,42,174,329,320,343,524,333,339,302,263,16,85,131,133,372,533,563,502,652,787,929,1050,804,885,892,709,878,736,734,645,478,12
21,2,120,120,79,137,259,131,147,215,57,8,27,26,59,25,87,144,74,84,99,57,28,67,90,151,7,55,3,132,158,265,202,224,148,340,253,244,208,700,5,32,34,135,21,58,19,60,26,50,47,18,104,61,157,274,206,149,85,181,196,130,134,195,122,45,76,122,313,219,114,274,325,292,206,233,208,106,62,81,209,152,267,331,260,216,6,111,4,70,25,102,45,18,7,58,1,61,171,141,157,63,31,276,45,85,73,96,197,83,19,32,4,98,43,56,40,50,3,60,87,99,65,13,13,32,14,3,8,31,0,38,15,14,331,407,320,342,161,113,244,289,285,292,175,160,127,104,172,123,137,24,100,66,257,333,256,226,65,3,110,274,226,301,411,274,273,160,65,55,7,19,47,30,60,15,123,157,223,304,272,383,273,230,128,44,158,266,242,431,382,379,209,152,14,43,164,270,281,193,176,37,30,273,353,371,368,334,275,217,57,135,317,540,666,722,765,714,627,478,382,86,154,316,417,404,571,391,303,131,19,238,325,470,546,349,319,86,92,252,458,852,827,811,992,1063,575,411,222,103,298,586,710,706,900,13
158,216,472,348,259,259,35,66,138,332,82,75,92,36,140,36,7,116,160,6,155,104,163,165,8,46,32,181,301,384,306,212,379,202,224,88,201,126,381,266,135,269,215,77,168,249,219,300,301,284,32,11,178,355,327,301,431,289,458,421,372,480,320,522,293,438,473,549,349,493,466,259,153,50,270,191,277,55,110,288,297,277,373,355,360,260,204,10,68,182,85,330,232,342,51,124,137,105,410,195,358,510,537,768,433,368,383,125,9,12,40,42,31,219,245,155,1,23,50,100,49,119,92,58,24,40,42,82,19,10,31,2,39,11,249,536,610,545,302,11,247,408,504,301,196,44,159,246,221,6,228,253,250,133,22,131,340,481,534,463,294,131,68,191,308,455,578,472,277,1,138,80,51,124,41,162,272,195,273,335,357,67,179,429,487,586,669,653,382,220,181,374,516,424,472,174,24,167,430,575,371,290,39,43,428,532,408,515,255,100,263,668,877,900,965,1004,778,407,145,385,776,1087,694,915,598,58,17,474,737,604,487,98,40,448,532,703,477,207,53,277,793,1067,1193,1068,949,1053,353,182,729,975,1330,1392,1235,981,463,88
9,67,99,77,308,198,134,154,192,67,20,70,114,97,63,14,54,67,137,122,66,75,36,96,67,28,82,168,1,139,215,165,113,320,254,28,231,255,106,257,313,60,52,226,6,160,57,114,251,307,84,162,302,386,22,259,294,155,54,212,208,241,151,15,191,358,169,89,224,329,204,31,132,272,76,270,52,34,9,41,198,112,77,113,398,129,92,401,321,144,109,350,357,107,34,60,197,241,172,6,363,308,216,23,297,333,101,157,308,198,10,25,0,51,127,141,62,129,185,88,68,221,129,37,0,24,24,12,25,38,25,29,1,20,352,42,432,270,127,380,56,260,252,61,145,127,119,199,55,192,111,94,205,48,157,199,42,233,210,76,455,263,83,370,233,139,306,168,11,248,219,132,15,65,15,9,85,115,37,168,364,216,215,457,257,102,408,410,64,229,297,15,371,166,34,420,185,224,296,147,121,189,73,228,62,166,342,242,275,564,471,353,815,540,84,723,675,4,680,743,50,502,514,55,482,504,165,487,301,167,375,27,295,378,137,262,431,53,410,562,108,704,760,206,575,1188,307,391,915,581,258,968,699,199,756,27
201,143,536,529,786,620,196,367,6,312,98,59,327,310,417,74,21,296,222,606,403,114,59,9,386,130,226,108,221,128,228,139,413,469,705,724,574,474,566,1472,5,46,5,63,99,152,61,145,39,212,173,586,583,855,736,697,711,705,338,458,464,551,356,518,658,586,766,435,746,536,531,399,16,118,84,413,182,242,0,180,407,416,515,614,700,690,471,540,251,43,41,30,216,74,105,66,209,239,404,379,13,99,203,174,479,323,507,644,375,538,42,52,96,9,160,82,505,438,353,352,288,391,260,13,1,54,34,9,31,69,36,37,12,14,727,753,729,193,209,558,613,568,520,291,163,66,253,277,325,10,284,394,412,365,56,123,338,496,562,694,576,360,336,122,376,467,557,636,632,330,214,78,34,58,14,64,300,541,292,646,497,781,453,234,615,178,476,658,992,872,727,572,426,32,601,449,477,434,256,45,115,405,281,520,418,416,135,372,807,962,1157,1520,1249,999,638,136,347,783,1289,1437,1455,1141,1005,279,151,528,782,820,902,477,341,142,610,769,1093,784,948,416,136,567,1075,1315,1384,1691,1701,1353,743,1,440,1054,1510,1905,1812,1419,1084,205
315,93,390,467,380,420,466,503,343,5,55,158,128,129,210,27,72,88,18,65,149,216,22,121,140,27,163,159,103,304,54,85,67,215,213,33,68,480,225,378,23,278,69,362,271,85,129,137,201,323,377,180,382,289,218,479,467,528,408,448,445,556,623,771,886,678,460,753,503,744,808,630,306,376,303,887,226,409,382,366,599,762,474,632,633,750,678,849,671,636,426,533,465,357,424,78,170,39,232,109,275,91,56,222,12,1,175,15,20,43,36,41,170,215,228,172,154,323,345,69,261,334,239,62,75,31,151,27,26,12,20,57,12,23,612,812,865,784,595,376,253,165,242,348,303,426,480,356,20,74,138,349,122,56,432,403,76,40,61,360,509,619,528,623,603,824,710,709,316,436,354,133,133,13,85,79,290,105,243,161,219,15,13,156,149,205,498,569,908,745,961,871,819,524,277,224,27,221,218,374,407,741,273,527,187,310,90,137,269,671,713,1012,1329,1365,1549,1343,1643,1544,1914,1287,1044,644,635,116,306,213,707,973,815,813,643,825,333,149,101,232,521,957,1207,1396,1513,1620,1990,1649,1649,1751,1504,1303,1053,628,390,274,42,430,957,60
52,1,28,220,321,290,357,307,64,165,61,145,124,151,114,239,22,134,126,64,111,85,120,30,105,195,281,272,264,35,116,207,299,441,636,452,276,70,183,594,226,126,61,17,132,509,279,674,621,516,335,353,231,140,279,529,326,678,697,439,720,568,368,589,541,219,41,159,181,400,496,370,343,321,16,1263,90,4,73,59,265,341,693,757,525,603,369,321,206,78,104,81,110,265,257,392,542,653,737,471,714,489,274,712,38,181,357,305,367,313,129,181,116,265,143,245,202,158,349,135,281,57,68,24,88,57,10,44,41,33,40,78,55,31,200,570,849,601,277,59,517,713,575,339,56,169,361,60,44,321,418,403,134,439,428,532,284,232,173,510,672,797,408,155,188,641,617,763,333,229,170,104,73,36,159,133,375,321,194,162,301,671,669,675,921,446,395,99,511,533,769,628,134,199,689,586,252,408,66,452,543,795,151,145,558,728,816,753,497,155,809,1094,1449,1351,1257,882,29,926,1498,1635,1362,1114,197,137,1040,1365,959,634,384,721,803,1073,456,56,421,993,1179,999,570,88,650,1326,1829,1662,1289,601,129,817,1544,1856,1737,1122,404,170,1124,2
103,1,2,72,133,149,81,62,135,143,67,52,128,36,27,122,37,86,37,69,47,99,12,31,5,42,192,170,139,182,109,158,70,66,147,27,4,23,91,497,20,56,33,150,175,170,46,282,348,180,191,285,289,57,208,179,232,270,202,114,241,258,277,332,318,343,349,315,353,214,248,272,165,208,17,567,147,1,115,160,213,218,333,354,313,303,220,206,258,300,223,199,221,311,284,245,203,317,375,324,305,342,367,413,224,199,222,224,143,78,83,41,23,13,41,14,18,44,7,2,15,32,64,78,24,3,42,3,28,4,2,18,44,10,406,299,209,66,92,254,285,325,236,273,162,132,29,68,133,144,146,107,44,182,122,239,242,391,400,325,173,197,117,1,25,87,97,235,216,258,146,116,147,109,61,47,173,169,211,214,221,123,252,136,139,133,11,68,136,232,375,412,461,353,350,165,29,105,71,200,261,229,380,241,210,23,25,243,348,438,456,675,822,802,712,852,896,612,564,484,346,1,114,132,257,534,469,517,365,424,265,49,119,240,402,409,412,661,719,633,608,500,356,165,102,185,160,422,540,560,734,895,850,858,884,27
61,239,339,182,284,367,197,12,55,2,112,248,2,144,51,154,80,181,245,108,37,0,139,60,29,56,148,81,95,1,44,94,351,147,371,376,669,335,320,604,221,34,23,232,319,331,351,577,385,436,436,614,393,39,77,82,16,12,25,178,179,149,17,17,1,92,109,288,302,155,387,311,228,292,219,446,60,240,229,529,555,601,618,749,626,514,487,406,260,238,193,373,144,245,366,272,400,381,249,267,278,114,152,311,23,215,319,172,172,268,6,90,10,71,211,44,56,186,138,48,41,47,54,29,52,48,13,13,40,43,0,7,51,23,562,844,816,576,273,92,335,695,502,601,415,84,31,202,237,208,195,67,330,57,410,572,421,107,139,272,531,625,635,773,636,387,196,183,27,141,419,185,16,2,47,214,312,365,424,354,477,122,381,128,226,628,833,746,803,628,452,289,57,274,412,634,553,294,290,352,23,88,500,528,637,402,325,159,353,688,1062,1113,1353,1754,1557,1013,787,582,34,449,884,1365,992,1240,1105,887,232,399,583,810,940,910,571,307,33,414,778,1115,1456,1372,1283,1182,876,112,39,940,999,1703,1527,1840,1761,1620,1038,530,210,2
202,27,221,402,494,269,22,126,358,103,225,166,59,17,1,49,33,55,98,262,176,75,80,53,204,104,19,271,460,264,21,369,551,315,13,432,523,277,32,281,129,62,137,116,45,371,264,136,498,522,741,212,218,490,816,563,6,406,522,967,415,126,387,688,875,382,114,343,773,628,117,272,407,195,35,407,84,125,89,97,250,558,359,50,529,729,464,25,331,428,596,106,152,196,492,318,463,223,325,610,650,121,133,543,646,353,276,280,263,114,78,35,130,35,281,287,217,163,238,134,270,110,257,64,75,19,26,72,31,7,7,58,23,44,330,793,318,385,855,327,457,470,164,214,548,61,271,135,147,245,141,118,540,443,461,341,87,331,752,213,556,873,368,460,847,384,138,574,554,18,293,193,138,164,181,139,423,49,347,486,396,214,698,877,466,322,871,604,11,623,647,11,606,770,91,261,396,48,641,626,91,364,761,374,537,724,161,807,1146,410,604,1271,1031,108,1442,1686,486,642,1690,1274,98,1400,1136,270,834,869,39,760,953,111,923,783,197,766,768,240,774,1160,241,909,1478,1018,403,1565,1531,402,961,1641,1558,467,1741,1539,208,1162,1842,1
69,72,155,100,192,139,140,99,145,82,155,34,3,10,70,7,140,61,39,20,101,52,44,14,45,23,56,226,147,111,161,164,179,249,157,191,140,146,123,383,40,79,85,114,159,155,213,193,275,293,334,297,254,330,197,222,85,242,89,74,57,22,100,202,187,203,201,242,187,164,249,212,271,172,99,464,66,114,172,151,136,235,258,255,379,322,406,393,328,329,232,191,161,16,7,19,72,18,153,104,187,236,197,461,193,262,204,199,205,44,164,79,43,48,5,10,29,35,36,32,64,115,107,26,13,63,2,37,16,22,1,32,21,12,151,253,367,430,436,397,309,199,127,20,2,72,58,98,63,110,78,49,14,233,106,267,299,259,284,252,266,257,214,105,0,6,76,58,55,8,13,5,190,53,52,0,27,75,130,200,121,256,229,360,251,455,364,417,351,369,474,281,329,259,104,70,97,134,173,234,237,179,327,205,313,190,137,8,6,41,106,239,371,440,453,463,607,658,779,772,756,612,588,549,474,337,303,269,220,57,217,301,377,588,442,437,496,402,597,476,476,389,274,211,85,84,64,219,323,470,417,646,802,671,723,44
351,61,459,187,223,439,506,153,161,321,9,251,137,71,47,104,139,107,290,53,10,10,125,71,38,1,62,125,207,30,257,372,202,500,586,218,238,263,329,1056,89,77,156,481,292,21,131,472,419,294,114,730,663,546,6,363,799,465,479,86,202,519,640,265,57,475,719,717,435,304,532,375,369,85,7,504,172,361,66,287,391,616,50,718,554,379,23,407,702,519,368,217,147,371,511,273,247,43,589,633,612,200,458,719,589,123,161,403,367,291,308,23,84,219,211,227,63,83,310,253,262,48,64,43,52,115,1,58,11,16,34,8,1,5,519,28,613,579,59,597,542,46,424,424,35,267,279,100,257,160,115,224,122,230,405,84,222,425,23,449,786,359,411,715,435,24,568,612,201,117,352,221,97,155,84,221,4,83,443,341,81,666,726,692,107,796,810,393,474,762,469,377,669,181,229,744,537,57,585,353,160,461,452,348,591,375,321,961,877,278,752,1320,1099,313,1088,1588,677,899,1371,1090,211,1009,996,138,816,1117,134,710,692,279,594,951,689,475,967,620,441,1212,984,388,1572,1339,463,908,1919,1587,225,1148,1731,619,722,1626,1316,115,1212,38
80,14,161,112,244,20,51,21,60,67,189,374,64,177,43,23,134,210,89,119,13,195,153,182,99,33,41,258,29,209,175,130,27,308,289,292,107,110,4,1032,86,13,156,24,232,361,644,316,590,538,864,771,674,881,901,833,589,522,656,416,374,443,180,47,120,399,193,214,264,342,620,529,253,315,81,1079,232,42,10,317,239,523,486,694,463,691,790,693,740,618,735,651,441,200,73,22,45,41,147,396,392,430,341,1012,421,420,478,347,436,148,242,134,71,33,108,17,60,82,153,104,144,227,198,84,5,53,54,38,46,45,1,106,22,63,752,571,367,91,12,408,480,675,614,684,494,545,352,241,120,200,226,277,226,284,332,154,199,99,87,165,471,339,658,515,595,596,605,649,536,392,415,485,337,165,168,52,159,208,229,380,527,439,713,598,770,778,547,606,422,249,336,54,85,254,571,478,672,644,420,636,530,339,383,102,37,295,428,555,794,981,1100,1442,1520,1459,1649,1631,1588,1782,1744,1465,1160,1370,1072,811,352,228,182,185,368,737,937,731,978,826,1002,931,755,634,121,42,13,38,624,804,955,1274,1302,1443,1516,1647,1610,1734,2000,1855,1758,84
123,121,536,432,156,230,334,610,536,419,30,109,58,44,99,261,87,61,94,69,206,225,154,151,2,77,167,30,238,416,133,475,11,199,291,258,505,355,346,539,57,151,150,340,175,395,26,125,461,573,526,654,173,139,627,743,717,682,612,312,151,194,631,671,498,612,349,220,3,185,282,515,212,567,146,169,110,91,132,67,99,105,410,566,540,411,231,49,434,655,823,638,399,147,124,350,333,540,355,495,401,234,186,178,502,737,492,282,107,63,183,109,289,122,345,264,227,139,69,176,222,288,282,50,0,4,30,55,5,22,59,28,42,37,5,506,874,560,209,773,659,334,186,674,526,165,254,459,72,208,125,432,24,575,537,392,23,591,549,476,28,562,605,432,4,524,409,570,83,107,258,221,17,25,205,26,226,188,217,243,149,74,507,538,163,366,874,891,575,160,391,943,689,53,115,556,561,57,253,458,714,98,693,867,585,138,441,1131,961,222,573,1161,1272,1070,29,928,1382,1315,782,529,1380,1606,1400,29,831,1135,1008,255,513,1090,754,102,647,1252,866,193,595,1338,1120,431,562,1320,1498,936,76,888,1745,1673,1038,403,1581,1826,1385,257,925,139
99,51,148,253,20,10,275,168,269,138,9,2,154,60,60,0,26,74,86,29,116,163,63,36,28,181,5,196,54,164,134,140,18,47,2,192,241,158,131,176,188,73,149,43,76,102,44,142,323,292,274,211,16,278,308,519,477,280,68,82,228,341,371,137,228,62,22,115,147,174,184,350,175,44,68,361,73,4,33,130,127,120,190,261,142,10,59,253,399,365,342,48,75,180,155,211,247,149,250,57,27,82,196,456,340,255,127,81,179,218,212,124,152,119,94,70,14,27,197,193,125,112,12,16,22,19,37,9,1,10,54,13,21,40,213,128,399,432,84,227,432,343,68,40,252,140,43,134,110,17,220,198,28,29,168,175,22,156,318,365,100,192,361,417,77,96,244,367,215,6,51,138,196,16,130,52,14,187,118,165,54,112,371,381,278,86,393,508,572,220,160,444,408,277,167,322,314,162,236,178,115,40,191,252,289,118,358,483,463,197,218,635,731,551,18,539,1002,762,411,150,548,847,734,7,434,720,543,18,370,394,328,36,403,717,530,1,501,802,639,280,371,760,893,591,115,511,1053,858,276,282,909,1069,731,40,631,114
66,19,97,3,224,162,32,138,158,149,209,118,37,95,81,6,81,196,13,96,54,160,51,6,79,70,0,42,26,8,167,1,175,212,276,188,18,112,99,445,177,29,10,90,22,60,66,125,7,244,337,375,172,74,102,267,415,365,148,87,172,285,289,258,89,48,68,335,262,168,163,7,24,84,103,280,43,7,33,17,131,29,55,173,363,223,265,8,114,225,434,335,134,37,81,235,222,189,204,137,2,227,257,494,217,122,16,168,254,193,81,33,27,32,46,150,155,151,124,26,64,112,172,35,13,20,8,30,8,18,8,24,11,24,91,405,335,32,328,442,141,241,342,234,65,227,257,65,112,234,70,133,192,198,148,249,163,14,238,302,125,93,305,318,80,151,298,264,15,127,157,181,0,41,8,22,32,145,25,128,216,172,84,107,437,421,178,144,447,496,390,147,313,473,45,217,241,268,152,198,237,5,215,337,190,24,460,469,318,150,631,706,281,155,750,936,414,133,710,997,618,14,626,774,426,241,516,539,98,471,550,354,134,351,553,247,409,712,683,160,452,791,973,285,485,860,1035,431,305,844,972,737,273,809,1066,25
134,87,6,45,169,29,17,68,86,2,31,88,18,39,22,66,15,7,102,37,83,13,18,23,52,46,27,11,36,0,101,34,46,84,51,132,13,6,12,64,117,82,39,15,45,75,17,115,158,9,54,41,179,170,242,194,381,247,227,182,246,269,284,267,239,274,191,248,217,156,164,73,126,109,3,173,51,45,31,65,172,81,139,139,183,182,304,201,140,61,94,119,41,39,84,39,54,158,201,215,288,273,246,593,222,284,319,219,247,136,75,129,15,17,17,56,65,1,69,75,72,102,84,24,4,15,14,8,4,5,5,40,36,38,383,365,230,196,59,75,158,249,343,397,354,210,167,110,5,43,289,181,210,359,185,226,40,3,67,42,172,335,368,318,337,271,241,231,207,73,71,120,12,52,50,61,93,82,166,177,198,161,111,65,56,13,73,54,315,334,413,550,389,377,399,370,266,191,92,63,65,146,322,448,415,513,394,472,350,435,425,326,224,201,25,64,312,442,417,513,584,770,749,796,837,632,568,425,221,90,8,179,248,381,516,635,632,786,701,696,733,590,589,359,247,412,28,11,261,243,442,515,713,725,901,75
21,12,434,760,627,492,577,541,686,302,333,561,74,207,204,51,143,53,20,99,28,142,60,29,143,200,44,168,285,246,444,671,382,429,391,474,495,356,508,1023,441,81,158,73,206,481,383,646,673,648,609,804,503,670,552,809,530,590,729,363,429,352,457,162,521,532,502,693,335,600,466,403,66,251,138,776,97,189,219,270,189,334,364,354,173,372,132,181,193,97,103,206,3,118,12,181,145,201,204,194,327,137,54,510,174,271,66,17,6,86,253,13,156,186,116,242,179,157,288,262,224,61,247,49,28,5,78,12,94,19,70,8,37,18,711,802,845,452,259,30,287,455,573,579,371,252,180,44,192,21,228,91,13,183,418,593,556,665,507,354,409,204,242,234,428,344,388,547,488,448,621,162,175,193,165,174,11,30,11,203,2,26,619,503,779,1135,713,1079,1141,1126,865,688,221,51,388,274,174,292,287,372,170,170,346,551,753,947,1029,839,956,787,330,45,9,431,789,1136,1548,1702,1780,1718,1669,1520,1139,889,578,196,248,527,703,763,587,331,137,175,334,564,931,1223,1027,1357,1141,1158,905,565,173,275,420,952,1090,1401,1605,1791,1819,1890,1646,77
12,30,187,10,286,158,468,497,660,499,168,439,76,70,319,96,2,83,50,235,117,184,49,14,144,20,103,10,284,296,181,8,297,465,658,643,596,506,437,1239,497,63,116,160,418,455,319,446,418,163,339,88,349,422,794,802,618,798,638,668,696,758,489,662,749,526,397,430,495,287,266,264,22,40,421,398,299,255,197,77,165,450,453,655,402,635,665,533,518,323,121,142,218,177,28,145,107,113,115,257,283,242,181,554,431,321,398,548,353,298,183,161,91,13,44,25,102,264,264,226,113,233,268,10,11,15,0,31,19,37,76,41,38,0,587,801,694,595,75,223,488,724,652,536,279,41,178,180,134,140,187,410,328,686,69,44,314,405,673,670,539,236,91,185,426,762,610,666,392,193,105,151,18,192,261,153,216,208,335,337,316,196,253,155,328,550,878,899,936,837,652,478,265,290,361,535,231,251,1,383,773,769,502,546,430,35,329,790,1089,1293,995,1177,607,266,372,695,1324,1577,1782,1797,1484,840,431,93,886,829,895,703,491,54,441,817,646,958,757,543,36,573,811,1261,1471,1591,1186,764,165,235,842,1722,1938,1895,1930,1630,1107,529,176,253
203,101,341,655,353,410,445,418,367,577,242,169,36,131,151,162,47,134,130,121,1,55,106,108,140,147,36,172,293,290,154,451,290,538,792,236,538,431,728,1062,124,100,323,156,290,140,34,116,278,80,233,19,222,183,368,641,590,415,442,606,640,876,610,570,451,318,385,349,344,127,55,72,54,143,164,921,30,104,294,111,332,341,482,298,476,406,374,456,376,474,429,216,153,199,100,394,106,447,660,482,518,597,571,902,594,485,446,241,351,104,196,81,51,85,25,165,151,158,179,62,12,167,87,38,95,66,0,64,25,42,21,37,54,50,171,339,563,643,730,766,752,693,653,672,474,216,118,89,178,60,387,166,222,584,319,136,249,183,63,125,79,137,186,502,212,440,315,364,448,359,457,262,185,50,23,61,122,166,309,323,295,304,494,700,585,568,688,694,995,708,683,787,857,626,620,474,294,366,105,9,27,123,212,364,472,734,626,1149,1054,1285,1407,1429,1499,1788,1815,1752,1863,1776,1747,1726,1573,1692,1347,1119,1111,753,607,654,13,70,355,313,525,634,951,1017,1018,1079,1380,1273,1550,1508,1407,1686,1711,1655,1651,1544,1629,1498,1426,1515,1465,1201,1082,166
4,78,858,399,560,490,490,105,426,29,29,191,223,77,218,78,113,230,8,223,147,9,193,29,209,53,59,28,119,431,321,8,207,740,124,462,498,512,107,613,143,134,247,442,63,651,222,317,543,572,102,645,800,106,156,998,718,29,453,583,248,48,459,500,343,142,564,702,484,151,552,574,146,305,280,1008,16,359,86,234,301,66,421,389,179,413,626,269,59,482,450,218,371,431,285,133,209,395,369,346,13,417,306,327,276,785,343,158,429,292,99,150,261,186,12,17,3,264,193,148,71,104,143,59,34,20,2,61,65,48,70,5,1,93,278,618,877,30,568,640,245,705,375,381,524,40,319,329,233,61,172,321,33,495,193,268,589,212,478,582,225,253,436,144,600,594,51,525,524,50,324,222,15,41,78,29,115,130,149,210,490,462,239,571,749,258,527,1277,747,414,927,640,625,582,273,270,405,197,462,89,450,439,27,796,733,110,1065,499,477,1523,946,307,1540,1059,355,1402,1505,486,1820,1495,328,1334,1304,92,1014,721,118,979,140,586,607,124,874,802,625,898,301,741,1153,576,932,1360,682,913,1678,1189,943,1923,966,518,1940,1111,582,1877,1066,36
71,189,280,237,182,160,53,116,23,2,99,54,239,145,21,38,9,79,54,71,76,48,111,1,124,8,6,164,124,55,97,222,251,164,221,167,10,88,115,150,187,306,241,154,229,47,100,4,127,301,274,388,274,394,449,406,317,221,275,111,169,179,172,198,100,82,131,2,141,212,232,233,87,309,341,119,216,82,78,138,134,191,274,232,287,310,222,235,128,3,76,3,71,114,78,20,39,87,37,156,54,133,233,502,352,269,246,254,130,113,55,4,21,14,23,117,61,27,99,38,22,114,46,44,19,8,18,36,1,20,11,0,15,10,365,171,38,189,308,415,346,225,97,10,141,226,184,156,25,92,121,160,182,73,125,162,295,274,302,340,17,108,118,146,260,300,302,226,193,76,29,113,178,191,206,22,52,37,146,80,127,15,58,12,34,232,499,512,572,518,439,302,105,2,206,247,127,199,11,97,163,223,270,257,138,29,78,241,210,442,651,708,531,385,147,45,296,593,690,765,809,741,532,344,4,65,317,452,391,256,154,31,368,144,548,503,381,203,11,66,430,656,734,842,756,789,497,138,46,352,680,702,866,855,738,115
244,141,177,246,91,204,259,181,219,114,88,311,43,72,2,43,31,8,69,28,31,27,56,19,51,6,25,71,0,76,70,164,5,5,51,130,177,62,101,627,30,1,25,96,76,36,86,211,226,221,367,329,349,258,396,341,327,388,328,257,301,303,272,223,121,133,15,6,122,41,18,125,161,48,42,301,17,85,22,9,98,135,100,167,246,245,316,352,379,345,384,299,273,329,257,287,225,316,203,178,115,3,94,39,8,34,71,57,2,29,108,54,25,73,53,130,95,72,96,112,132,127,125,29,35,3,2,10,11,53,11,7,31,55,397,487,326,270,70,56,212,213,277,300,285,360,251,82,60,28,85,221,100,209,127,100,111,32,21,119,128,244,355,293,383,417,279,265,215,213,133,136,139,135,21,48,132,159,143,221,245,33,168,319,166,188,100,57,58,137,172,326,433,424,438,368,323,247,309,98,39,55,124,178,143,369,323,462,417,441,494,482,484,401,276,189,142,63,99,244,266,371,479,500,544,734,787,515,597,397,279,58,33,146,201,352,494,635,510,683,568,718,618,517,516,546,473,450,226,171,25,17,343,431,494,53
192,118,398,421,466,514,490,102,454,381,293,587,118,84,17,197,117,141,126,384,235,80,130,308,185,92,105,382,363,98,208,241,235,465,572,400,477,525,445,442,312,90,412,151,169,69,33,19,90,42,164,296,495,305,239,549,518,579,351,654,333,4,312,50,153,144,370,438,575,135,598,667,454,288,551,292,110,34,164,410,104,330,515,456,306,279,228,154,4,200,260,134,109,166,191,179,72,220,42,226,196,300,438,450,437,525,371,423,64,99,17,65,62,133,214,299,323,296,369,288,164,137,269,75,45,21,1,87,26,37,7,22,17,43,680,696,624,531,539,240,327,89,96,131,80,147,23,177,149,314,138,27,25,149,105,192,248,263,425,600,380,572,599,673,609,652,674,567,603,172,190,89,301,181,149,197,260,429,372,386,372,864,506,428,395,434,595,430,438,442,283,401,520,487,437,66,373,394,312,448,214,69,131,55,239,296,540,591,720,869,741,922,1013,1211,1143,1125,1271,1133,1184,1231,1188,1114,1061,1070,994,842,566,741,631,438,397,313,410,49,179,5,342,263,486,442,744,749,882,939,870,693,931,1114,1145,1021,1103,960,954,889,924,160
24,61,116,151,190,190,157,300,163,196,114,657,29,44,35,120,193,149,445,363,232,189,142,58,193,203,26,179,48,154,33,104,71,22,179,6,159,78,148,264,161,49,70,48,119,30,45,225,290,195,303,298,296,197,312,351,314,185,299,302,76,205,23,53,117,79,54,38,143,158,137,9,36,189,82,313,133,26,5,20,49,37,181,138,157,173,485,218,214,257,302,376,307,328,391,60,192,96,96,81,92,31,94,88,140,144,193,249,207,310,188,187,239,394,155,312,341,256,125,136,90,67,8,23,61,29,9,39,18,29,10,62,12,33,277,359,433,455,436,340,330,290,244,17,17,34,21,144,52,43,58,81,59,169,228,147,236,172,171,165,195,45,114,26,40,107,170,167,249,143,185,107,18,135,6,77,100,25,23,320,344,24,412,495,674,602,723,677,816,666,622,690,513,350,365,162,218,94,111,142,195,411,224,378,406,249,73,148,91,85,147,300,385,555,508,583,730,863,825,888,870,883,743,796,679,666,463,322,173,80,57,70,207,382,482,493,569,522,372,424,406,316,93,278,169,699,0,195,261,164,336,575,434,757,606,136
85,153,139,59,84,284,121,73,2,54,196,302,34,12,18,205,210,158,35,363,125,225,100,275,43,154,268,106,404,539,229,229,324,394,31,281,633,368,31,279,205,51,48,166,99,82,280,106,230,247,228,126,273,157,307,178,192,193,365,351,157,161,553,648,366,123,650,740,427,70,481,470,388,118,118,256,55,24,6,163,160,4,329,408,305,90,404,263,198,400,214,139,283,302,202,47,351,606,467,68,434,525,476,133,354,515,306,85,19,193,214,241,67,99,223,346,220,49,183,158,103,21,16,30,17,13,48,18,1,34,58,8,0,25,199,465,176,292,415,191,232,452,117,57,310,117,185,262,62,15,1,32,39,122,193,73,32,196,38,19,3,221,92,66,185,96,220,95,6,342,252,5,15,131,45,201,76,137,80,207,329,243,69,439,587,469,128,528,611,396,170,534,557,108,263,223,127,125,55,136,128,122,367,341,49,184,309,118,341,269,33,586,551,175,442,908,823,260,808,1037,370,462,893,790,112,555,123,85,271,130,152,411,31,408,473,28,373,395,165,268,581,105,257,835,581,474,848,797,246,587,1133,829,179,973,964,102
26,26,96,23,271,55,84,143,63,86,54,229,5,213,7,53,176,123,27,281,254,266,246,317,275,606,349,429,503,561,756,546,497,674,469,605,321,487,397,28,279,237,17,192,107,60,127,59,282,109,23,16,59,197,22,253,384,226,298,313,664,734,533,665,834,611,760,928,868,850,583,689,464,370,342,1009,167,54,192,280,164,122,172,238,290,138,167,32,156,55,160,419,441,252,384,531,411,646,558,478,332,382,367,577,329,116,13,9,232,200,176,275,321,397,462,373,343,308,245,152,167,107,11,24,37,38,10,8,33,25,39,85,59,19,159,72,19,257,362,391,440,557,484,398,326,156,265,245,111,35,62,206,87,112,105,152,116,96,7,138,324,221,170,258,232,280,301,279,399,325,238,226,193,204,312,208,51,115,118,244,206,330,412,481,505,629,735,612,685,421,561,533,328,307,287,3,145,101,49,459,263,159,249,361,114,100,80,105,60,518,636,552,553,808,924,1135,1297,1436,1550,1456,1541,1313,1166,1237,1166,736,628,268,417,71,89,244,468,367,685,851,742,410,660,676,545,515,489,692,625,1456,145,94,224,149,305,51,209,114,436,108
309,96,138,206,409,281,343,411,133,196,15,118,107,86,6,32,133,75,208,192,88,4,419,311,18,61,79,84,176,297,404,458,565,297,705,823,601,480,618,116,173,72,32,22,5,261,200,465,312,352,306,259,396,487,245,361,412,377,568,581,506,833,701,803,726,779,967,890,733,718,825,746,623,374,399,247,102,90,202,13,173,436,188,211,188,177,112,26,53,149,305,75,414,567,480,510,581,770,964,722,777,825,687,322,508,588,493,256,436,452,430,322,345,476,450,232,389,411,231,200,239,149,247,12,33,17,54,20,1,3,5,59,65,21,325,512,638,722,444,343,210,82,164,311,368,252,263,230,76,83,94,52,49,14,57,125,272,238,211,151,323,278,144,29,115,180,230,336,366,336,296,275,439,203,248,33,27,45,23,137,39,345,236,463,322,321,530,789,970,931,1172,745,963,578,514,84,160,59,153,340,86,92,24,91,181,281,708,625,431,616,533,596,137,272,280,167,433,969,831,793,1185,1058,1229,1051,1092,762,394,116,168,620,494,510,560,750,370,220,34,133,297,575,661,756,1141,762,1077,1704,408,445,281,54,346,594,938,1087,978,52
95,133,203,463,582,112,701,301,23,203,203,323,76,44,176,367,27,383,354,5,290,384,149,134,97,483,386,67,576,429,86,594,858,27,547,638,333,526,513,166,440,408,223,293,388,200,320,673,344,423,871,631,223,695,664,122,13,234,335,184,190,95,417,616,429,221,771,696,23,379,550,466,118,545,300,570,181,172,339,28,479,741,461,374,989,787,58,521,556,278,154,289,384,386,309,203,357,495,668,145,873,821,291,434,738,415,300,327,218,165,124,217,23,308,290,134,209,366,282,74,302,262,237,117,45,43,9,11,0,9,14,19,60,25,74,622,496,120,627,276,318,450,184,352,496,43,202,60,176,74,44,307,50,568,70,43,446,251,270,136,34,196,317,348,264,66,153,361,100,126,459,263,116,168,293,14,25,53,305,209,460,168,384,729,832,74,850,1135,333,540,886,416,252,566,230,354,36,202,332,70,597,113,47,429,421,59,563,479,392,636,394,616,954,345,739,1449,720,1054,1515,983,729,1427,985,32,773,342,421,455,15,611,234,280,771,337,410,767,324,448,887,252,744,943,118,1109,1036,1146,1289,1561,250,902,1394,608,889,1540,562,2
203,2,613,130,307,335,622,239,135,550,152,911,2,413,215,434,43,107,531,144,91,0,415,286,204,183,151,703,452,336,132,608,794,727,492,284,112,470,557,12,241,152,578,633,320,306,412,644,699,484,533,115,723,864,615,592,302,223,14,64,62,45,450,715,824,405,739,200,139,437,632,795,455,559,16,835,185,158,302,646,460,136,91,577,763,970,679,341,63,279,336,243,468,281,577,463,653,749,435,129,434,730,1026,750,546,129,335,380,187,135,27,42,210,273,458,300,72,157,290,316,187,317,235,25,8,75,42,5,25,6,9,63,114,18,55,491,513,297,59,399,624,326,139,254,390,267,109,22,143,45,188,403,13,266,387,483,77,23,390,449,232,139,201,118,245,333,188,397,256,145,313,19,49,209,59,164,178,266,291,323,415,136,52,55,611,845,1070,733,406,497,522,974,635,228,262,48,49,378,275,542,88,97,352,515,583,41,119,560,701,708,34,192,906,1060,955,343,458,1308,1659,1330,373,536,1024,1032,874,113,186,747,638,126,318,731,753,268,373,572,804,673,145,520,862,1017,515,209,994,1163,1193,767,92,797,1243,1425,973,264,626,208
188,99,270,287,199,720,291,479,195,62,167,1167,83,228,376,533,182,40,441,523,186,136,192,242,119,369,268,553,454,56,318,421,899,642,355,175,390,573,613,40,78,189,440,266,89,150,641,679,493,336,35,366,533,760,739,499,412,36,0,57,160,326,430,828,1095,835,252,85,296,535,672,652,373,30,380,544,156,187,241,268,24,116,335,599,779,711,269,120,545,472,391,396,364,304,415,445,551,41,2,594,860,1000,789,608,41,570,529,505,400,139,15,164,364,396,174,32,283,420,407,175,194,164,97,60,54,75,16,28,62,42,59,10,117,41,304,143,499,594,513,40,407,481,449,22,166,217,23,63,0,24,144,325,173,120,212,309,246,188,114,206,368,328,56,166,372,355,260,266,406,437,430,457,96,108,10,67,78,98,176,362,371,128,447,131,233,296,869,1021,685,397,269,450,759,497,52,197,243,37,97,435,483,87,249,439,641,598,249,557,619,526,351,115,827,1288,1117,508,217,1105,1592,1438,809,334,493,1013,788,410,64,369,427,113,332,603,813,669,35,680,930,692,149,564,852,1254,517,160,670,822,1380,852,61,815,1235,1403,1104,284,689,35
319,26,354,619,412,403,237,189,462,240,280,520,7,14,71,152,88,7,148,27,41,88,116,248,171,81,133,529,479,464,496,662,333,18,59,365,480,535,569,394,267,328,368,445,153,217,94,339,413,771,530,635,664,295,263,81,209,249,223,556,415,533,589,339,546,370,271,125,220,236,279,387,734,443,248,431,105,225,362,4,105,378,701,776,789,580,333,93,243,280,501,456,301,412,508,508,465,607,725,445,462,172,36,406,546,652,604,631,321,147,61,262,149,178,342,126,28,61,173,183,191,245,158,29,9,9,21,62,2,9,49,12,41,43,48,429,598,521,340,35,311,486,425,315,90,96,188,245,14,8,22,55,89,239,56,192,87,56,184,250,263,185,49,237,287,386,190,310,98,99,446,13,76,181,81,73,91,136,150,372,638,126,22,6,189,505,823,801,1093,972,621,62,250,122,292,232,128,141,319,25,23,393,553,497,581,141,54,383,346,848,676,53,417,919,1179,1261,1574,510,377,609,597,1155,1187,1011,0,86,664,613,436,91,304,444,788,613,125,87,673,748,741,381,20,438,1115,1269,1168,1243,204,481,913,1464,1465,926,980,384,642,256
5,7,292,423,235,283,347,311,332,299,292,1231,193,340,12,1,113,101,74,90,35,112,268,249,297,52,271,26,58,67,238,42,108,114,168,385,270,125,255,421,506,310,386,405,744,481,542,317,632,695,581,539,790,749,695,508,720,837,628,517,384,542,254,9,193,428,360,75,176,106,138,223,41,55,195,801,269,53,206,16,166,77,632,521,633,352,351,419,233,411,315,344,451,475,293,327,340,399,245,448,119,116,200,178,263,22,34,117,124,58,187,152,14,94,215,411,313,219,222,242,160,173,35,79,42,85,13,20,77,10,44,52,46,40,284,447,498,641,648,729,553,355,193,29,94,13,52,75,31,6,19,62,7,254,91,245,218,389,297,340,116,142,188,64,100,125,218,190,285,192,169,267,124,105,12,143,234,83,411,181,544,175,758,1034,951,1068,1080,1031,993,791,676,769,492,281,397,179,246,346,371,299,485,787,424,644,402,423,311,172,14,168,513,251,677,925,1050,1132,1312,1083,1427,1394,1457,1043,1238,1181,916,521,551,392,321,108,433,523,513,633,736,739,775,608,563,534,624,372,350,47,24,642,104,395,403,708,504,561,1101,864,1145,382
114,15,343,287,143,232,538,254,332,91,111,903,322,125,363,180,174,296,101,217,64,208,105,24,65,254,209,40,273,483,459,401,326,251,196,263,453,346,345,332,33,453,388,252,309,143,156,447,465,675,399,129,252,396,743,830,572,742,402,235,241,147,144,64,120,704,679,653,681,732,298,181,102,470,298,216,114,75,247,7,53,176,441,694,777,555,306,125,383,209,316,499,297,263,364,446,477,470,495,228,163,555,831,521,594,710,328,74,88,119,117,103,47,98,293,341,204,361,367,130,56,108,126,0,164,47,42,61,18,11,40,95,7,46,63,347,385,413,192,164,471,365,333,157,236,105,141,155,100,16,85,269,144,175,166,6,225,413,417,110,79,293,489,272,195,126,229,336,512,224,80,77,265,132,255,15,32,198,234,417,536,177,576,209,175,436,676,1060,888,827,204,89,186,565,264,75,59,273,79,253,323,585,664,429,48,445,421,430,367,42,580,971,877,976,451,422,957,1240,1486,1087,469,194,582,810,958,655,12,221,504,329,63,712,771,679,487,184,539,535,589,362,22,393,1029,1021,1273,1099,305,1133,1436,1514,1223,696,344,777,1097,115
169,139,457,407,557,590,459,548,200,298,78,975,67,114,182,90,111,260,388,237,56,150,0,77,121,196,119,196,660,735,548,612,303,179,89,24,415,278,560,98,358,200,76,128,297,726,732,460,716,280,96,137,327,325,489,456,666,663,468,846,528,531,780,397,662,535,316,400,27,150,401,599,541,549,572,204,47,300,180,259,145,161,166,200,497,576,647,758,717,524,582,344,502,396,366,480,490,692,128,235,73,32,129,341,471,495,534,219,412,309,257,44,297,425,368,398,468,396,76,137,13,6,36,148,46,92,68,41,64,30,5,42,70,29,163,103,368,592,596,396,82,336,239,308,432,377,205,122,190,14,4,252,195,94,193,16,169,250,408,182,222,64,199,354,348,281,130,132,26,243,172,158,338,143,12,139,48,7,218,400,493,98,926,859,775,607,458,236,193,448,610,567,558,496,103,131,283,12,35,337,394,553,608,724,570,22,155,582,613,1047,684,504,144,280,879,1080,1350,1060,1277,1058,398,46,499,637,651,821,462,179,506,627,530,463,313,144,396,712,750,531,175,401,417,758,1039,982,868,1617,317,322,658,945,1365,1216,1200,782,351,332
208,102,107,410,368,618,420,29,142,534,489,510,218,251,228,215,285,77,351,11,43,328,209,259,71,399,133,51,161,403,666,663,677,167,32,358,709,615,358,451,228,448,351,159,171,532,582,602,340,414,209,474,656,776,335,175,1,520,278,267,224,471,658,314,246,125,399,514,819,776,458,255,78,342,339,455,237,26,181,143,226,217,721,778,771,190,330,567,615,640,685,785,327,421,186,240,66,210,620,991,859,741,596,27,346,547,664,509,432,128,93,21,69,90,51,164,411,357,275,303,189,60,19,84,17,57,9,62,37,45,38,54,17,53,475,588,403,80,483,628,335,112,193,434,431,62,12,153,27,114,223,50,45,239,227,130,87,200,345,333,126,236,312,213,7,162,287,229,361,181,43,257,101,173,260,306,197,169,290,337,115,54,486,703,901,955,592,179,511,653,778,464,359,191,394,86,260,235,194,34,360,453,595,544,258,524,419,635,76,183,655,1136,846,497,241,1151,1443,836,683,72,943,1140,878,635,104,6,510,25,250,668,694,302,65,496,634,559,570,243,613,884,759,186,630,942,1015,1443,233,891,1189,1512,1024,299,396,998,1260,92
511,3,469,659,396,698,437,398,14,374,286,213,305,130,79,48,210,101,169,186,5,123,53,176,304,8,420,305,357,496,764,679,760,788,522,533,531,447,332,33,663,261,264,303,208,102,100,171,155,139,176,172,24,268,246,140,286,133,246,242,373,581,637,653,731,781,649,752,648,563,626,720,545,319,471,658,3,97,200,262,406,263,522,605,493,557,481,386,419,210,238,111,15,119,216,363,761,840,720,598,920,792,803,717,718,670,705,577,416,182,246,64,140,110,127,395,109,338,233,210,328,203,343,21,10,80,21,17,44,45,33,83,11,72,370,524,526,496,244,153,55,71,181,232,260,220,124,79,218,8,118,250,32,217,310,342,190,167,197,129,132,81,572,233,351,398,143,338,352,464,322,368,375,210,41,5,92,29,285,378,271,324,387,641,607,637,757,580,414,532,576,413,324,53,153,103,236,262,90,120,323,321,71,175,197,84,352,520,468,960,720,1029,1033,1148,1313,1470,1232,907,1483,1141,965,1036,721,606,377,190,267,563,366,540,645,807,683,716,834,519,290,131,87,233,201,676,847,1082,1075,794,1335,1429,1729,1658,1614,1483,1212,1223,1301,169
138,189,575,435,680,445,283,111,214,115,22,634,1,154,244,110,72,43,49,138,148,174,343,103,50,63,113,172,285,444,259,633,620,541,615,811,549,488,512,123,325,77,298,108,164,318,392,752,654,457,641,667,883,654,575,684,655,442,530,574,453,360,681,673,706,899,819,934,967,671,529,785,626,697,341,100,66,93,230,211,415,536,607,587,568,704,572,484,311,304,255,315,458,376,459,423,673,665,642,765,888,754,660,669,506,721,617,539,566,181,221,189,206,195,322,187,297,317,196,235,169,177,150,59,76,56,2,7,9,51,40,2,16,20,454,310,88,121,325,360,474,469,442,400,193,65,117,54,106,1,258,150,128,163,375,383,268,222,141,84,137,128,217,272,383,257,377,24,207,48,181,154,69,256,238,205,49,186,232,554,594,258,752,871,823,970,924,913,684,683,411,505,208,65,211,142,268,89,99,156,212,143,313,826,577,459,591,439,529,203,91,190,612,352,947,1163,1105,1224,1714,1271,1361,1119,891,679,263,488,162,392,529,536,585,433,285,45,184,332,450,748,726,804,902,549,739,604,243,961,314,570,646,995,1229,1237,1333,1565,1262,33
19,77,208,184,65,29,220,111,53,48,9,851,1,277,54,140,69,61,208,108,40,74,74,244,68,384,346,115,289,317,598,603,667,656,494,264,588,392,428,318,152,103,45,281,166,185,183,357,511,186,340,599,453,355,369,412,481,61,309,104,250,106,394,554,375,723,678,691,897,799,626,717,657,441,531,387,288,43,123,133,554,300,344,596,568,546,723,510,542,453,304,161,51,110,267,366,701,496,802,881,927,888,859,674,704,842,706,518,332,251,151,89,214,212,114,316,338,353,295,183,309,266,358,39,79,26,62,53,24,1,62,12,57,89,356,490,587,524,575,468,516,167,155,73,179,151,141,20,170,58,78,14,176,301,173,223,171,287,349,164,9,189,87,27,43,63,276,323,71,53,285,39,92,205,68,141,66,277,322,420,427,164,578,856,824,967,807,933,788,877,581,649,351,321,403,113,217,227,222,530,599,460,441,717,556,469,396,232,377,146,138,98,202,235,388,409,589,710,844,1025,679,655,804,905,797,851,676,588,342,20,167,279,229,205,464,649,600,555,783,606,647,740,908,925,829,1463,884,680,818,578,669,485,312,267,73,118
1,104,479,629,549,709,698,440,367,588,312,349,15,76,64,154,342,300,225,233,80,178,31,107,74,63,220,93,105,301,30,207,157,57,138,225,13,21,426,154,509,433,662,505,562,699,777,733,795,797,627,427,625,260,330,324,242,204,360,101,231,519,546,382,467,504,572,682,679,656,808,713,755,676,726,174,276,138,54,58,118,236,338,690,686,751,697,733,475,461,592,546,358,273,260,197,231,218,372,146,210,433,380,967,463,552,520,611,486,391,354,293,217,55,28,193,222,93,105,123,48,162,204,29,18,21,19,34,46,0,9,57,92,29,426,402,515,515,438,369,106,8,6,197,282,317,155,267,7,49,125,65,251,280,5,88,50,25,25,5,24,122,132,161,191,184,54,224,78,77,10,175,57,28,82,76,215,170,259,287,440,26,498,771,679,825,968,966,1206,975,934,843,868,578,199,218,191,34,114,167,327,236,426,242,26,156,60,353,353,516,402,590,497,776,499,431,424,7,224,219,193,193,488,409,530,407,588,571,537,289,147,39,77,443,426,573,459,643,676,692,420,299,173,131,68,778,756,637,873,939,1093,1242,1207,1349,1222,63
187,7,634,341,281,571,281,98,516,380,80,1222,332,227,28,267,52,157,86,174,196,334,29,80,136,73,281,154,93,510,379,156,396,744,918,155,691,867,233,266,607,661,269,258,523,391,254,530,557,37,450,631,332,241,715,617,306,58,423,505,356,169,297,448,493,685,555,315,590,833,386,234,783,731,337,911,654,355,140,430,121,142,376,129,64,605,644,101,160,453,428,34,278,199,226,183,205,272,32,544,479,336,7,591,691,543,110,646,402,397,52,281,57,129,198,118,127,94,73,16,43,51,8,33,33,58,34,80,19,19,56,26,7,74,458,483,125,558,578,58,579,423,53,451,401,219,342,397,203,281,211,62,94,63,161,189,33,114,24,54,127,208,167,425,449,8,266,312,23,242,519,216,0,273,488,244,101,83,94,161,257,14,193,234,598,902,631,50,963,1020,453,319,814,603,29,388,453,95,305,44,163,430,16,374,238,471,235,512,316,209,537,352,170,748,868,341,831,840,736,159,1361,1234,489,521,1129,782,119,631,468,90,582,316,252,732,430,73,463,598,51,460,575,91,414,568,27,247,963,736,341,1056,1285,295,1004,1281,722,59
58,228,1,49,73,377,347,468,404,432,461,1399,257,280,198,200,49,86,326,479,493,388,34,415,96,98,159,189,311,582,404,431,462,287,612,587,494,339,233,534,77,140,31,54,559,432,298,469,665,488,743,798,389,643,619,688,539,610,412,541,383,429,402,700,708,580,555,776,964,567,858,895,672,738,619,636,416,316,290,148,95,318,194,335,476,407,181,107,446,410,576,440,313,423,465,235,355,204,348,156,341,424,498,567,564,437,725,476,535,540,289,301,281,58,94,188,64,48,62,23,36,60,176,9,31,114,27,91,81,36,83,12,28,20,433,421,567,406,260,39,79,315,384,565,451,531,445,432,165,28,89,91,228,42,129,86,19,249,224,219,251,103,83,146,89,43,111,390,311,346,454,372,528,241,333,337,73,192,129,5,149,214,239,247,461,467,205,382,302,96,54,124,224,625,391,344,620,361,275,231,75,10,293,29,352,174,391,375,447,122,376,4,194,349,775,1162,1210,1157,1472,1597,1453,1353,1030,1054,792,567,294,212,10,380,456,701,560,486,569,558,511,146,49,159,323,710,627,709,812,1781,951,754,571,586,255,317,125,251,350,104
33,145,177,291,483,61,267,426,145,159,607,160,53,220,21,109,150,196,123,113,69,200,59,103,29,147,79,125,312,374,171,163,327,149,454,578,191,338,594,257,403,477,458,26,453,300,60,580,473,213,445,370,33,494,692,167,140,624,443,27,321,343,411,308,66,548,552,254,262,589,387,130,446,510,54,658,299,14,200,293,41,69,156,51,277,224,92,432,191,41,345,226,136,16,107,140,76,143,50,294,568,471,94,457,609,195,442,505,269,236,318,218,78,37,14,70,60,20,168,70,69,29,17,0,9,24,15,5,15,22,23,61,26,46,30,426,219,273,425,78,405,348,150,377,372,164,410,205,152,99,30,106,52,6,8,146,23,106,52,150,50,235,12,168,226,128,132,310,110,261,438,176,264,278,327,17,212,159,159,271,132,254,250,314,201,300,661,458,103,722,532,140,530,536,30,286,70,52,276,29,238,367,217,381,346,95,255,314,185,339,81,439,463,70,712,569,121,1000,1035,208,697,1052,466,556,781,315,375,528,194,566,368,145,731,325,189,792,51,397,503,231,220,224,233,632,311,541,934,631,189,865,782,54,876,985,34,154
111,131,547,139,340,434,1007,709,279,5,186,954,675,5,23,355,360,64,135,163,304,413,6,45,120,51,360,24,245,453,172,231,2,260,638,910,554,366,186,51,746,857,374,222,108,421,493,528,276,54,316,648,903,943,772,327,195,325,289,436,261,348,495,380,497,96,102,92,374,1091,981,800,564,324,238,732,603,287,191,94,127,265,55,50,287,421,572,620,438,293,49,262,99,215,260,51,252,518,428,589,316,219,240,658,768,662,660,410,215,69,242,235,235,121,122,174,225,73,40,20,17,31,114,23,20,43,12,28,40,39,55,3,31,71,277,477,526,291,89,524,538,502,125,193,353,381,207,130,4,137,64,37,28,65,10,241,186,272,106,119,172,30,108,242,248,454,419,145,175,444,487,450,528,374,21,19,257,101,97,334,163,352,333,552,739,509,455,104,414,940,1234,787,553,89,453,683,481,190,24,426,305,237,318,225,524,497,297,265,225,416,125,57,618,828,901,414,94,1273,1102,1519,1440,792,221,580,1064,930,568,331,320,705,579,208,181,453,837,454,189,199,476,580,271,81,407,583,573,1697,10,611,1019,1213,1289,628,126,663,1310,162
103,0,303,105,119,192,263,104,289,224,273,1033,292,394,99,129,130,67,131,262,112,131,21,78,46,84,78,261,330,217,322,309,366,561,412,411,485,702,449,348,402,424,403,438,421,325,190,418,249,290,248,311,417,255,357,487,346,340,412,331,398,473,474,367,351,332,146,209,122,103,79,69,94,90,184,175,189,218,190,79,28,181,179,149,442,242,426,509,335,298,273,117,153,77,131,102,262,360,475,541,608,608,541,324,543,580,438,583,405,362,129,204,165,39,3,105,58,63,90,111,79,79,5,32,35,33,30,42,7,15,25,29,30,67,337,328,316,208,217,168,40,14,48,201,164,100,100,313,204,198,36,104,80,98,130,170,17,79,193,80,96,217,89,63,112,21,132,106,57,115,20,33,124,212,132,202,160,338,197,315,197,160,15,84,19,157,97,245,231,174,175,227,229,152,28,96,14,174,244,282,387,444,310,253,298,306,248,81,271,95,203,214,182,449,435,265,349,811,630,732,598,501,763,780,785,643,677,554,494,293,596,439,353,354,231,374,132,66,58,189,211,246,340,587,577,538,695,960,793,935,1136,1016,927,799,970,250
137,1,548,63,411,237,370,129,41,341,16,738,139,291,93,200,229,39,180,111,272,7,263,184,104,140,148,100,198,52,255,215,197,611,126,489,416,127,508,186,497,395,132,496,27,262,386,350,379,200,402,220,440,585,179,406,115,291,402,159,88,380,207,148,525,322,232,639,209,458,597,60,517,361,305,671,71,299,197,329,271,225,127,124,238,36,439,328,183,334,41,150,286,70,149,314,225,100,416,186,179,611,181,528,534,85,546,362,176,202,50,141,25,54,34,102,132,42,84,15,94,36,59,73,20,68,57,22,4,10,38,17,5,36,447,138,309,168,401,342,482,306,22,402,13,323,136,245,65,8,10,32,3,58,61,23,61,151,41,173,87,113,24,203,184,170,442,114,405,258,241,416,17,177,204,26,142,291,67,79,64,135,35,325,416,302,537,79,600,570,391,627,11,540,253,382,252,198,185,184,345,226,299,94,287,88,327,232,287,2,277,522,269,636,97,939,545,725,921,167,958,379,636,783,280,727,74,596,291,345,162,316,485,213,250,126,408,64,176,102,274,165,485,317,397,1228,21,768,247,606,982,184,796,315,728,91
496,36,108,70,180,43,67,131,144,4,139,523,27,281,32,129,5,115,60,178,46,18,119,270,126,71,140,31,208,44,63,6,92,164,126,419,202,278,462,191,464,194,167,235,102,49,82,170,75,41,303,80,141,133,193,279,363,412,264,364,453,348,418,402,444,611,617,760,534,558,628,514,745,564,458,503,207,215,135,36,71,46,160,138,15,260,150,99,128,188,143,285,256,255,352,329,406,418,469,392,470,548,534,87,318,373,349,368,179,277,112,135,55,63,214,151,156,9,109,21,89,40,80,3,8,13,21,12,35,29,2,33,33,10,328,435,503,390,314,95,4,263,302,361,481,279,321,161,75,123,123,43,5,63,271,29,88,160,275,63,148,5,150,202,312,353,376,312,397,528,322,285,303,261,100,165,264,238,287,287,267,27,489,544,586,630,537,686,576,606,211,529,310,59,142,124,114,210,239,181,110,145,57,149,45,290,230,167,217,94,70,238,468,557,765,860,904,504,1011,930,887,644,404,181,129,46,336,342,248,433,313,274,191,117,185,268,342,325,347,171,139,6,130,268,291,352,884,910,929,960,884,795,779,478,459,24
164,73,13,28,292,47,317,298,11,138,384,190,52,18,62,35,65,234,28,50,173,70,280,97,82,413,386,467,435,494,115,335,62,77,280,401,616,392,594,17,497,533,461,118,108,123,161,277,330,408,316,233,231,289,65,344,392,335,69,394,90,131,77,176,86,549,340,756,502,573,742,940,821,617,586,523,403,78,81,11,110,37,287,99,51,129,149,119,149,327,114,297,175,432,383,38,413,335,590,727,672,527,753,550,656,574,324,592,486,277,474,219,332,203,420,27,182,140,28,0,20,90,0,126,49,119,4,40,33,41,57,20,6,17,363,482,527,426,223,53,418,538,696,413,542,333,376,47,47,79,23,70,69,69,151,89,157,111,106,157,225,194,66,129,6,277,304,525,462,666,395,460,351,204,204,420,201,235,324,373,403,111,556,377,671,180,382,27,51,163,495,725,571,724,538,524,80,78,22,267,181,129,13,21,70,227,510,315,230,214,292,139,719,807,1022,1248,1554,417,1098,742,374,90,526,648,862,950,607,882,446,204,89,270,505,406,324,288,162,186,224,482,350,419,505,206,2,119,517,949,1271,1522,1281,975,720,454,357,140
32,12,700,437,362,551,321,139,36,25,404,540,237,266,152,379,213,60,5,129,20,103,44,345,381,41,108,124,285,605,474,482,609,779,923,797,1049,848,643,714,484,277,440,172,5,82,105,228,511,668,666,557,803,520,815,510,622,604,345,545,488,409,717,640,793,891,901,773,1078,1111,1016,941,826,829,581,227,289,370,92,37,313,384,366,372,418,664,486,580,389,493,343,490,621,284,393,444,397,533,520,739,753,520,736,843,984,798,806,725,653,372,265,305,226,249,156,169,165,346,179,331,20,129,51,34,64,49,9,69,26,30,24,43,58,67,216,361,636,682,700,623,421,264,141,23,14,373,209,220,201,150,47,172,106,226,43,37,42,235,12,312,392,261,347,419,153,240,25,110,294,152,386,314,334,214,100,46,112,34,274,116,298,14,432,339,478,590,625,655,251,32,10,342,352,384,336,503,336,313,191,78,12,344,531,578,499,507,437,278,393,114,156,464,579,1081,1375,1199,1464,846,1545,1421,1135,977,825,453,261,467,323,458,453,507,569,345,253,357,149,21,227,284,355,601,696,442,422,314,12,892,456,745,542,1082,1574,1220,1524,1415,1215,314
475,116,657,195,77,401,533,287,63,110,290,828,213,63,29,407,178,385,141,346,237,248,222,160,34,10,305,131,179,579,505,565,201,250,580,454,914,336,333,227,626,625,242,54,238,458,320,1,131,656,358,309,9,121,295,532,679,388,266,139,97,258,353,729,751,399,331,79,744,933,843,648,208,279,274,824,505,335,2,264,196,31,436,478,354,181,258,389,495,557,278,44,155,107,52,292,490,407,782,345,231,20,612,1013,673,591,190,169,378,426,425,169,265,180,166,77,147,325,136,116,256,76,19,14,30,5,5,58,56,39,40,52,1,0,54,532,705,430,60,525,782,499,74,265,427,341,124,60,209,94,126,23,56,250,354,47,83,277,334,235,171,362,255,39,286,449,591,574,269,144,498,550,219,319,34,150,89,191,201,187,314,111,460,290,43,251,851,1227,580,341,274,782,715,595,17,400,123,13,155,403,424,30,136,246,699,122,240,357,687,233,173,729,694,512,122,726,1254,615,1208,71,1026,1567,1100,583,298,753,887,551,48,340,308,252,220,472,548,89,277,587,552,482,162,678,967,424,211,76,944,1324,541,199,1270,1380,1036,686,337,153
90,107,432,41,312,65,24,331,707,286,262,364,24,124,165,206,254,49,9,468,225,276,2,134,330,266,244,58,306,337,633,450,702,749,338,9,222,255,620,367,648,748,557,9,193,226,663,359,552,111,180,43,532,552,310,477,439,465,382,423,360,383,468,405,212,37,345,351,747,784,820,957,830,566,425,791,122,126,51,74,32,317,399,300,537,579,321,260,30,5,152,179,175,341,105,170,41,413,698,809,842,857,772,244,251,78,183,238,283,544,213,219,208,169,371,118,338,329,301,75,75,55,61,2,41,54,19,8,68,55,0,5,25,84,315,630,601,456,83,271,595,666,557,334,70,308,279,216,182,32,12,3,57,207,383,248,299,163,152,184,641,425,191,171,74,267,399,423,427,401,466,6,76,76,138,288,154,160,168,66,18,285,423,634,649,894,945,693,17,13,591,693,705,600,540,209,35,78,236,124,96,114,607,372,344,392,27,208,502,650,172,379,109,447,696,1455,1240,456,945,391,177,632,954,1097,1002,753,322,76,592,464,559,251,62,61,308,693,444,311,3,440,629,564,672,375,54,265,1079,1272,1404,1131,789,430,487,1021,1231,147
11,110,99,147,186,275,5,202,128,93,165,112,41,78,119,363,140,192,108,56,210,478,67,14,0,77,167,487,572,597,491,484,187,242,87,126,266,459,557,288,489,243,139,14,86,209,479,391,295,185,314,161,195,49,36,34,310,345,596,587,862,866,754,709,872,850,677,321,33,99,200,415,454,411,524,585,106,40,100,134,253,70,56,47,251,34,403,538,501,444,418,290,317,615,632,745,709,687,611,588,372,181,78,97,322,411,284,409,324,256,395,309,134,132,407,441,251,296,188,74,216,79,202,72,42,32,34,42,21,61,39,45,24,51,413,98,190,575,734,589,454,142,9,258,505,442,97,3,87,23,8,169,307,229,353,241,101,96,419,377,434,181,183,233,312,505,431,407,160,13,68,363,326,409,369,156,276,184,63,0,256,374,595,527,930,813,850,608,220,132,487,639,964,608,492,95,41,278,226,438,86,135,188,359,616,658,236,317,0,688,609,816,714,648,67,475,812,1121,1816,1698,1379,992,477,310,474,815,824,312,357,326,384,887,756,456,273,324,588,673,664,684,407,49,154,582,1056,1980,1200,893,257,140,554,889,1647,1655,1271,269
347,54,48,386,13,4,143,145,82,121,270,692,186,370,161,439,263,38,202,49,28,58,229,74,113,151,385,534,260,54,503,527,421,225,330,388,364,137,340,506,338,161,234,84,400,198,301,337,386,433,109,232,358,544,140,118,454,371,859,561,473,430,641,898,588,390,361,755,709,596,245,365,359,547,152,975,119,81,48,148,160,3,435,378,279,24,320,225,310,291,379,208,122,419,552,651,696,296,298,706,829,619,40,302,711,741,378,164,88,95,168,325,484,176,4,169,357,136,102,106,106,96,176,19,46,67,48,15,13,48,18,80,77,3,277,724,322,189,639,557,128,487,588,318,328,226,361,17,185,135,248,124,12,130,270,68,132,346,172,44,546,318,51,233,339,169,88,367,531,166,192,556,582,232,60,69,94,54,73,283,576,353,347,209,718,986,1093,112,745,1169,912,37,547,917,397,6,152,234,124,479,424,102,583,670,373,16,658,927,151,564,838,609,225,878,1328,746,285,1095,1628,868,234,1300,1499,660,403,910,600,104,371,430,131,435,756,541,236,618,853,402,480,921,668,73,955,1105,730,658,1261,1442,924,328,1361,1489,782,259,1173,46
190,32,96,183,30,131,145,65,63,92,52,232,73,43,58,59,102,127,39,15,305,47,29,134,42,48,284,117,139,336,225,102,240,426,93,172,245,51,70,181,46,93,148,4,81,290,14,141,284,16,131,172,225,91,103,155,208,159,160,405,224,220,409,417,190,262,444,459,35,340,281,158,252,170,180,497,47,58,15,64,178,2,11,74,157,38,126,156,228,122,56,162,288,194,63,195,337,272,103,287,382,197,125,251,187,28,155,232,221,32,27,153,125,89,55,163,80,71,118,57,48,39,24,16,13,24,29,11,4,24,31,2,33,19,296,43,276,251,130,315,151,147,229,16,118,132,71,143,45,1,2,60,40,173,175,74,195,152,22,188,143,108,195,14,86,109,20,249,234,8,218,183,45,139,70,22,8,33,37,160,220,228,103,326,379,17,419,575,244,265,474,223,259,335,90,289,126,19,257,83,349,163,9,397,348,46,293,226,176,262,30,385,526,8,554,587,94,601,694,128,647,679,103,484,487,94,449,195,87,370,139,381,266,16,440,384,187,488,111,282,399,36,408,472,145,467,630,112,597,766,108,638,704,185,583,1
62,114,316,40,454,380,57,202,178,236,276,346,278,320,2,262,429,162,190,178,30,175,24,259,309,277,375,173,370,618,316,500,793,244,12,694,348,379,330,282,145,439,496,95,323,62,372,576,339,443,551,426,52,596,593,90,40,461,669,225,84,521,697,643,513,991,716,47,771,834,414,200,838,397,53,900,125,24,28,7,587,137,580,545,97,409,692,470,216,404,694,320,7,161,206,427,473,103,642,782,234,566,775,624,126,566,556,217,172,305,173,103,135,158,423,493,24,361,419,153,4,180,165,35,42,6,39,8,35,4,86,3,58,11,538,145,491,571,10,599,500,305,533,184,255,344,150,197,85,61,195,162,7,93,280,34,346,308,39,310,350,116,229,33,317,277,50,405,232,245,521,395,8,261,428,170,42,20,7,267,248,584,243,745,777,5,969,1100,194,921,1100,332,632,825,190,463,331,285,350,19,603,393,253,774,439,315,611,127,316,629,19,1054,768,146,1274,1184,348,1310,1313,289,1458,1050,33,1264,874,176,983,159,765,820,39,849,410,503,827,456,418,816,287,815,725,28,1038,723,314,1758,892,723,1461,969,202,1468,1125,558,1378,25
53,26,271,262,207,389,485,124,116,113,88,633,89,25,51,133,420,385,156,49,322,57,162,116,23,241,158,331,299,262,390,519,531,696,521,569,587,491,633,42,718,293,132,296,127,47,292,235,244,144,91,316,130,239,56,60,138,279,246,248,312,545,422,372,673,835,605,940,709,679,699,690,549,565,449,473,362,185,1,22,157,342,295,255,432,474,471,397,323,255,214,99,11,45,170,304,236,492,600,488,756,663,697,562,515,496,391,316,290,120,31,3,97,132,6,67,7,100,87,18,92,13,40,9,0,32,14,15,31,26,36,4,33,39,375,198,124,11,5,132,173,393,237,419,209,292,213,36,107,128,207,109,50,22,12,23,34,113,133,296,239,240,224,290,202,226,106,148,269,1,80,11,48,64,110,35,79,131,30,70,108,372,174,280,220,210,409,577,567,528,436,480,544,459,253,442,274,133,19,106,334,320,215,281,493,542,484,470,487,171,231,172,285,32,76,165,199,564,435,443,613,1020,935,904,751,664,795,546,483,141,177,22,157,427,439,569,581,174,717,518,754,506,165,560,276,1011,35,57,44,180,434,374,668,729,783,30
79,81,207,213,219,104,5,12,25,268,192,48,220,116,126,493,349,251,377,177,13,150,23,181,304,211,128,294,526,71,286,602,695,177,500,968,151,59,375,162,224,186,350,44,298,383,525,121,312,873,343,40,430,605,402,205,250,402,401,577,72,33,798,854,528,71,703,920,697,127,783,741,344,46,518,640,90,321,114,62,407,470,93,740,776,581,58,562,376,431,208,101,84,462,674,534,323,194,792,831,417,248,693,840,525,77,575,423,126,99,120,174,32,354,414,125,187,337,384,45,16,159,285,53,68,99,29,24,9,45,2,104,1,52,195,610,328,228,677,447,168,669,249,34,211,362,25,58,138,25,55,238,285,176,201,401,165,182,273,239,206,447,148,231,414,141,20,510,423,176,268,314,477,332,186,189,112,320,387,253,79,307,613,773,443,480,742,1283,281,487,791,623,20,584,466,120,219,211,159,179,289,380,328,465,230,494,421,10,559,673,306,1091,913,390,549,1460,1024,793,1362,1552,888,346,877,820,206,550,638,145,443,365,29,717,388,80,418,632,132,646,792,55,680,950,591,693,1032,2046,135,939,1310,510,566,1210,1110,74,1034,97
121,11,33,177,164,170,472,229,104,115,18,807,276,337,266,74,186,336,157,1,16,69,3,137,86,183,105,223,506,579,811,670,535,598,231,72,41,247,494,396,531,151,448,153,266,264,807,380,665,376,143,464,129,26,177,347,303,363,470,546,430,477,716,833,926,947,526,562,335,212,54,322,352,336,357,799,186,28,24,208,343,200,251,15,234,185,368,569,443,349,368,512,378,647,669,438,921,804,749,906,677,554,153,14,188,323,380,215,323,399,16,145,105,341,251,417,372,417,265,224,88,155,184,17,54,51,16,44,26,4,62,4,69,24,206,35,441,564,608,440,259,87,329,414,458,411,329,37,147,1,63,364,172,93,157,204,52,179,279,442,264,98,83,192,474,410,427,269,48,156,325,234,257,317,248,206,122,245,120,99,190,156,780,751,1019,1019,842,488,79,171,504,649,679,476,340,77,309,329,319,246,60,193,253,550,439,365,192,51,531,763,990,546,774,428,245,556,1053,1017,1670,1515,1102,648,51,653,589,767,605,560,374,230,750,497,649,637,27,105,784,757,663,287,216,326,720,1261,813,1883,1122,608,244,392,818,1051,1117,1092,1200,30
70,28,340,36,327,542,279,149,205,389,487,341,91,234,527,556,281,49,348,648,684,376,159,538,743,544,222,100,455,569,656,241,131,527,748,511,235,376,737,1286,489,51,356,833,969,741,258,335,779,948,844,681,87,311,695,758,768,380,47,619,827,920,433,107,584,822,899,968,528,76,522,837,838,529,158,179,717,845,569,167,326,668,729,485,70,495,630,633,495,168,233,624,586,434,31,236,500,548,333,18,435,603,375,255,262,579,593,199,247,512,540,292,7,316,634,386,66,381,432,357,20,202,303,2,29,34,13,11,2,23,3,3,13,41,157,198,12,135,162,147,24,142,181,41,7,58,141,111,102,47,169,52,47,221,191,145,33,171,157,151,83,217,223,266,37,42,334,335,183,49,178,471,384,227,92,307,493,466,310,25,297,402,722,468,4,421,639,757,488,23,330,720,804,568,853,637,284,297,591,383,172,558,148,654,979,895,670,153,562,860,968,654,69,565,970,926,614,243,405,869,969,680,157,490,818,934,855,367,269,620,956,831,398,157,511,831,883,682,160,473,996,1045,881,186,234,315,1134,770,383,98,458,767,897,424,124,68
313,218,126,7,177,300,362,325,208,140,127,141,141,340,370,524,48,119,61,144,175,69,22,54,389,665,640,511,471,410,159,97,317,475,600,649,872,793,452,233,97,199,446,619,376,491,593,265,203,18,93,341,221,295,437,325,277,525,332,420,534,683,640,617,724,950,779,595,439,290,18,188,295,489,500,732,58,143,178,557,469,649,504,451,355,323,112,66,178,163,121,80,3,93,93,76,75,357,554,686,724,775,837,796,610,467,358,112,17,50,143,179,184,380,314,255,246,82,68,70,76,0,7,16,22,2,44,25,13,48,21,52,3,12,245,561,471,402,141,10,229,487,406,396,238,132,123,61,39,43,197,224,277,163,171,43,113,299,397,444,412,129,59,277,362,262,373,226,13,205,155,334,393,276,451,276,58,79,16,98,145,475,320,411,653,923,1074,1081,965,698,474,237,2,186,408,410,60,15,391,643,533,563,425,151,98,210,363,658,681,528,313,2,466,926,1238,1486,1311,324,910,326,154,485,952,969,779,732,296,18,323,633,827,667,459,220,83,356,774,920,719,674,259,131,607,772,1209,1718,1196,881,507,6,463,822,1039,1231,1256,74
422,54,454,397,437,465,102,413,385,88,71,958,314,36,164,382,121,5,43,273,269,350,243,52,315,372,489,379,197,479,709,829,275,38,599,721,724,365,121,615,397,313,128,367,382,426,51,424,489,586,278,89,374,590,513,412,112,176,9,181,408,641,476,558,297,339,733,944,698,380,146,828,677,652,133,1210,207,193,290,184,374,157,332,461,609,682,312,266,497,288,458,271,126,184,314,24,262,487,954,875,414,35,637,553,734,425,20,145,334,214,20,185,218,409,254,68,314,285,371,218,119,12,2,43,65,35,87,74,38,32,7,65,80,49,350,521,354,174,546,496,105,275,533,228,36,167,290,89,100,72,138,248,106,238,109,365,464,102,184,518,240,139,251,173,117,341,470,485,109,10,368,578,283,188,110,65,7,122,67,141,315,215,503,221,92,606,899,1058,448,255,823,916,476,59,317,441,9,273,240,60,251,558,503,130,25,507,737,505,187,600,879,410,457,989,1114,850,12,896,1560,1138,434,685,1166,1110,349,98,683,394,96,411,726,358,220,718,832,285,208,761,730,260,353,894,1146,537,168,820,1209,946,63,991,1507,1192,384,398,1204,243
214,28,469,234,85,470,213,376,456,177,187,1053,353,16,371,1,313,488,333,309,164,157,29,172,324,677,701,475,616,839,662,724,443,506,91,113,194,487,134,575,537,688,414,399,259,466,23,43,351,136,252,253,304,455,291,274,288,34,111,334,147,28,65,104,99,313,322,436,654,590,953,590,824,636,462,587,51,75,402,283,596,888,657,662,651,656,413,472,318,210,89,287,308,352,569,484,626,884,854,859,972,934,897,743,716,353,281,139,142,77,9,1,138,290,401,366,329,385,285,289,208,202,100,48,119,36,33,5,10,11,58,21,31,47,684,486,331,23,211,436,542,436,473,302,166,30,110,108,9,46,199,277,313,388,459,663,514,283,160,73,19,354,211,466,481,396,102,63,16,292,199,451,509,436,210,229,17,78,71,345,447,577,585,466,568,587,289,229,19,496,637,631,848,627,515,101,61,161,265,589,562,733,818,782,449,136,50,204,421,743,996,1176,987,1047,717,435,294,766,272,797,764,1048,1246,1221,1018,690,611,39,471,512,899,978,966,886,789,533,108,158,406,993,1030,1283,1210,1255,1049,1615,471,377,199,610,825,888,1765,1436,1398,101
235,46,112,355,145,198,290,163,156,105,34,822,401,90,25,81,69,174,27,23,125,97,201,316,503,201,405,440,609,785,770,612,662,730,508,498,601,228,382,790,262,437,509,86,598,424,284,521,345,550,823,378,507,765,446,412,321,430,322,463,57,90,270,344,582,771,723,917,562,620,590,584,596,337,335,20,146,75,167,328,279,570,642,368,615,507,262,225,122,32,163,379,341,550,636,403,586,555,636,717,704,498,451,154,314,221,58,34,70,36,90,274,214,466,381,549,245,172,169,146,139,24,196,11,48,12,0,29,44,38,50,3,74,46,378,233,64,172,254,351,452,347,459,349,413,300,258,200,17,179,149,91,432,133,497,296,480,122,191,301,245,23,25,85,285,417,378,402,626,490,347,402,264,138,58,83,180,103,203,466,404,21,665,404,646,958,727,825,692,392,482,536,644,440,521,186,83,136,64,61,27,134,273,259,194,349,452,423,455,643,969,1105,996,1234,1202,1437,1603,645,1465,1502,1386,1132,995,837,991,303,307,3,65,63,330,397,395,500,824,663,861,446,647,812,673,477,842,761,492,1830,586,531,268,421,286,159,292,164,44,9
284,100,162,413,216,174,84,88,256,140,75,184,271,123,282,90,180,51,298,189,33,46,286,271,476,318,523,511,253,59,109,327,504,738,721,643,364,269,131,765,188,251,316,243,44,16,198,505,411,571,274,530,575,383,184,308,254,150,157,72,301,156,54,64,184,425,584,814,898,898,870,685,317,136,49,1076,256,44,127,213,417,550,887,886,738,427,359,370,283,68,140,87,78,101,136,4,23,111,312,509,822,843,857,891,665,571,324,368,242,24,222,246,198,283,264,168,152,114,64,112,185,129,158,28,9,54,26,10,35,33,28,35,30,3,227,56,325,573,605,410,184,82,349,331,525,316,15,91,145,15,195,238,353,54,362,171,85,247,273,234,339,229,111,227,294,408,322,173,15,159,333,258,423,389,198,248,140,44,142,114,240,194,689,684,936,869,1158,875,569,221,233,373,472,505,404,60,104,229,436,216,208,130,280,473,427,714,460,156,172,685,763,913,835,453,500,175,452,917,1127,1315,1357,1015,457,275,244,729,723,487,171,149,431,689,862,687,472,33,329,467,640,759,555,263,39,254,1037,1520,1273,1146,868,488,71,474,863,1030,1197,41
65,97,350,217,178,333,303,232,135,187,123,103,81,157,91,149,75,330,21,139,103,1,53,206,271,500,346,724,350,44,368,643,761,207,153,373,615,643,77,744,437,155,27,153,291,240,86,330,472,517,20,122,456,511,307,327,50,12,372,643,649,619,327,107,355,708,784,615,411,107,502,866,440,11,75,773,97,24,205,135,379,511,665,392,125,512,580,717,430,240,14,157,340,374,353,602,448,185,381,728,842,1026,391,104,508,636,568,186,17,113,136,20,97,422,433,330,20,144,336,239,153,157,37,31,66,62,23,16,45,18,10,58,65,26,495,526,18,402,529,257,45,390,483,11,115,354,308,38,101,35,70,30,63,206,344,206,43,464,390,255,215,300,265,35,332,591,140,99,218,608,197,11,327,414,323,170,99,39,345,213,26,226,700,589,970,107,445,897,976,624,59,770,803,355,46,92,184,322,285,375,168,528,802,365,32,465,880,356,283,642,590,26,536,1033,994,477,394,1140,1325,883,68,993,1013,618,88,491,467,237,362,606,408,129,658,764,168,404,719,459,21,668,815,553,109,969,1294,1790,77,960,1363,1033,235,572,1517,1136,437,123
360,151,307,656,186,344,187,238,65,188,45,571,122,184,328,183,10,101,38,270,185,114,124,73,112,140,224,332,370,428,855,511,767,691,703,477,723,258,270,391,109,15,33,176,246,280,343,441,746,350,438,486,427,538,250,279,404,464,396,246,422,562,703,807,700,750,889,709,590,671,489,422,286,128,52,1058,61,207,101,78,183,167,22,50,107,313,129,233,135,169,65,144,46,182,225,446,518,438,531,532,424,313,298,283,154,55,33,41,20,15,147,167,274,413,362,362,291,232,320,239,236,202,235,20,22,17,19,41,36,46,12,102,7,31,265,292,580,566,508,369,116,41,133,233,291,314,286,237,83,69,284,144,197,38,53,31,157,336,215,159,245,274,257,9,178,133,445,463,479,424,504,347,289,286,292,286,51,89,52,90,45,468,149,208,314,369,479,629,805,919,830,780,646,490,224,98,166,206,311,492,494,444,205,149,67,141,343,675,531,762,636,489,385,402,345,61,341,892,810,996,1189,1123,1106,893,721,521,108,120,148,422,713,757,608,629,586,156,252,272,475,474,696,837,1040,892,844,1527,398,144,97,338,535,892,954,1104,1168,354
264,99,355,425,327,320,265,364,87,198,266,658,2,116,69,28,185,332,74,64,75,91,33,195,16,125,150,340,494,407,637,350,531,532,448,634,387,502,413,547,516,359,102,43,140,58,377,79,60,2,130,149,198,80,117,360,163,132,252,389,587,599,682,600,768,595,602,818,608,786,828,569,757,515,370,614,147,29,334,253,428,583,529,523,445,448,562,505,329,268,64,58,47,165,427,528,731,704,841,872,858,917,684,629,705,638,445,368,287,51,254,55,30,140,167,108,32,63,57,202,228,215,173,15,15,29,46,25,25,53,9,76,60,100,563,447,356,216,27,67,266,447,325,522,379,237,187,227,98,34,164,237,200,6,195,337,30,197,49,26,111,189,222,282,247,263,280,186,250,94,304,131,200,141,180,118,152,162,135,160,107,577,155,127,83,67,247,291,278,273,259,263,140,339,315,146,5,40,147,3,382,240,422,403,511,298,696,379,631,378,335,338,365,172,139,45,47,910,344,604,469,634,767,637,720,600,518,357,436,118,5,331,62,277,365,351,730,630,607,783,622,521,504,266,309,1068,87,92,157,362,378,354,748,833,792,32
248,182,628,491,467,320,341,183,212,28,38,163,152,172,10,300,315,34,126,85,173,81,287,262,341,492,488,474,581,635,533,464,348,400,356,274,308,233,85,663,179,312,183,318,296,415,389,448,511,529,542,523,433,384,456,379,541,333,345,419,406,379,389,334,301,386,407,448,294,386,149,286,469,228,200,1027,86,5,1,93,128,108,250,250,441,470,346,309,306,227,103,85,164,383,357,493,697,738,788,896,827,802,818,647,653,642,561,375,345,130,62,52,18,33,42,19,53,112,78,8,6,57,82,72,46,19,47,3,2,24,41,39,51,59,130,54,282,382,403,613,521,499,463,230,245,40,22,53,52,20,0,56,92,148,259,353,360,436,387,400,300,102,20,168,120,293,286,445,434,454,462,369,329,279,308,102,170,88,122,270,311,521,471,555,578,641,666,589,426,399,357,133,67,48,70,207,195,180,210,56,119,121,106,336,364,315,448,437,549,608,577,638,553,425,330,315,154,505,378,328,573,665,672,796,708,637,712,532,358,117,39,193,369,471,537,600,633,664,636,635,468,388,176,98,124,282,434,651,790,1041,1110,1167,1213,1263,1191,208
421,278,221,168,262,127,24,12,54,26,142,710,151,154,98,101,175,197,10,170,433,204,234,192,529,335,432,407,544,361,414,369,405,304,139,264,338,284,57,664,99,84,267,226,251,457,348,264,459,439,510,391,509,496,400,496,288,306,115,218,76,66,195,142,405,356,412,411,325,407,411,214,322,382,232,964,27,51,201,328,359,547,527,545,630,587,597,652,538,421,382,416,300,227,264,165,47,76,91,58,48,33,44,344,23,92,40,136,185,181,223,201,230,292,314,339,294,307,234,197,168,62,78,65,7,32,6,23,75,29,102,60,166,26,524,432,412,189,236,145,93,369,260,252,282,274,219,149,86,31,126,193,254,241,286,359,335,230,158,79,8,78,125,217,281,324,357,401,404,437,575,412,373,297,117,166,160,4,94,69,335,496,348,372,423,472,458,515,377,327,243,160,101,16,62,76,189,172,155,138,127,119,35,385,68,240,266,363,813,709,825,902,833,940,958,944,977,158,690,566,450,275,118,28,213,361,434,507,591,605,588,513,218,224,213,145,163,218,456,603,704,859,963,1084,1139,2019,1225,1153,1095,1064,1009,788,678,543,327,108
11,112,192,13,333,17,115,61,276,11,167,1169,84,52,48,92,240,124,184,229,144,185,218,152,154,382,97,126,18,123,2,50,176,14,36,17,136,333,299,659,82,37,42,84,82,116,47,128,33,196,60,114,5,74,165,15,338,391,87,143,432,598,475,445,491,614,509,333,496,532,341,320,220,25,135,726,125,101,300,53,123,419,203,290,356,197,32,119,25,97,44,213,202,298,442,385,534,746,540,870,609,695,445,483,654,348,354,37,178,154,120,25,283,294,308,396,427,337,420,266,315,232,255,58,49,14,76,19,7,10,30,3,27,16,269,179,23,197,205,313,561,626,540,492,427,415,219,75,83,22,44,204,141,55,120,14,49,175,250,161,181,389,371,215,285,195,89,1,20,118,55,11,145,52,137,59,112,1,36,13,209,545,150,197,258,476,455,529,501,591,590,629,641,564,607,469,287,63,45,93,338,195,638,603,518,588,626,638,537,505,500,415,283,235,68,18,261,606,401,529,817,893,793,923,939,1133,872,456,728,498,136,113,29,189,247,543,436,502,683,659,655,564,632,882,730,1485,357,169,21,122,245,339,608,620,827,0
290,91,176,16,99,346,353,203,72,384,38,47,50,41,38,33,17,190,135,29,404,288,71,168,593,254,156,613,406,2,9,31,525,547,548,585,674,348,327,12,215,29,420,310,112,69,86,306,119,255,426,385,288,274,263,201,255,145,388,236,461,533,388,539,449,312,120,280,549,478,612,664,712,465,527,408,247,242,72,25,311,390,202,551,692,852,910,754,742,602,372,311,396,497,353,803,720,729,828,662,546,352,306,149,35,310,515,214,197,418,215,149,211,206,354,367,473,387,474,382,193,147,214,34,61,17,35,11,38,16,0,54,27,19,88,191,347,560,646,635,218,150,334,369,484,386,245,166,103,188,177,154,80,189,296,214,205,18,212,153,112,59,24,31,176,323,575,357,357,270,169,85,140,64,17,110,84,49,227,134,155,372,59,186,179,574,672,872,895,902,799,490,342,34,372,317,55,106,208,297,530,428,384,205,105,0,345,640,754,677,99,14,564,732,1098,1227,1023,418,775,480,208,535,1024,1150,1127,706,466,438,270,320,601,341,384,178,262,364,646,613,223,313,45,192,904,915,909,1693,743,303,47,392,1095,1150,1395,1066,923,195
200,42,45,11,440,367,212,232,113,122,295,834,77,51,88,174,73,119,62,118,20,495,200,86,88,363,550,519,89,157,387,661,285,366,385,531,682,511,300,20,324,193,394,285,48,71,433,297,59,141,469,405,162,118,66,107,120,261,281,214,323,598,497,317,199,190,814,906,1091,945,623,13,320,526,468,527,134,10,85,305,430,642,319,80,53,353,830,868,535,561,327,176,178,85,71,190,410,641,798,776,715,8,322,434,1005,717,544,431,73,201,48,36,101,330,394,520,527,349,58,173,312,201,225,66,30,0,7,36,72,23,55,45,80,17,201,215,655,622,352,289,392,587,292,25,354,389,221,70,43,75,49,10,174,85,85,293,437,336,6,193,312,82,93,305,418,105,174,257,294,586,407,139,126,145,217,75,123,180,263,303,377,356,147,45,196,741,952,857,626,31,431,816,868,443,154,313,196,19,245,343,504,169,122,506,495,303,181,367,762,138,142,333,963,873,708,16,659,871,1066,762,221,538,1094,835,661,143,412,669,549,141,552,610,483,331,217,568,442,269,160,730,834,395,53,491,931,1701,450,120,889,1128,939,414,287,707,1087,57
258,182,204,134,224,293,331,351,299,186,213,837,94,123,88,203,72,114,126,209,246,332,102,165,100,63,362,549,307,61,430,331,526,731,422,405,12,15,271,618,254,193,22,41,35,98,352,172,100,204,108,230,364,146,129,263,122,27,225,21,5,33,475,708,698,959,830,485,179,146,407,589,638,735,293,408,134,125,166,141,357,452,506,576,407,129,44,520,332,651,573,606,461,551,416,406,744,723,704,490,168,115,645,559,1043,814,618,390,222,148,261,288,161,110,113,415,507,441,477,365,198,86,140,2,47,9,41,32,5,13,67,8,64,61,252,531,588,250,122,451,566,443,283,25,379,271,231,56,19,189,117,128,291,185,385,131,48,301,268,159,10,174,223,398,163,33,205,320,482,353,393,81,135,127,190,183,26,220,48,26,197,289,563,850,764,489,322,143,930,961,623,558,267,165,356,356,344,152,120,377,567,369,21,204,440,616,369,140,366,516,745,369,243,386,923,965,1508,724,810,245,836,1101,1489,956,450,80,544,733,851,416,353,636,801,243,364,100,303,590,509,513,118,445,770,749,892,1160,173,796,968,1253,926,365,287,827,1358,62
3,81,530,565,424,306,453,211,428,310,446,433,158,79,24,109,8,56,45,24,59,7,38,17,270,305,339,183,256,521,176,452,725,685,749,499,817,660,452,108,456,827,566,676,603,147,314,447,116,9,162,308,104,103,162,126,299,307,325,456,163,440,700,486,652,584,1003,836,861,456,608,852,567,594,436,1385,352,111,187,16,0,70,152,178,121,282,216,167,146,8,188,12,317,349,446,616,540,466,617,644,812,696,725,417,598,559,552,505,337,122,162,7,195,278,228,262,566,430,379,246,246,265,256,1,83,92,23,42,16,10,6,23,10,34,256,151,40,80,269,294,411,353,413,296,368,312,161,130,121,108,9,202,195,161,293,198,144,191,283,49,290,78,212,114,379,408,260,288,294,316,415,267,244,403,415,200,183,167,55,43,273,327,254,361,537,541,271,359,287,358,353,128,139,126,168,318,164,78,29,398,304,188,248,95,77,141,362,312,346,400,487,772,816,910,1345,853,910,113,1055,671,751,260,168,84,19,421,413,493,602,478,579,504,460,499,356,460,353,15,8,190,546,437,930,681,757,899,807,1035,990,1057,1180,952,1092,809,746,104
306,94,847,627,38,100,645,276,235,206,89,1393,204,138,62,111,35,36,122,149,211,98,323,229,327,267,297,199,598,285,421,594,497,511,104,669,486,20,479,75,428,231,585,320,14,442,295,263,58,252,24,423,542,28,306,323,316,31,65,479,596,348,173,523,756,714,59,787,784,620,314,961,995,467,153,1308,307,12,0,317,18,3,266,710,338,167,609,848,112,264,480,489,282,36,40,191,537,626,219,487,806,876,95,200,917,520,51,320,508,322,216,165,180,243,293,26,164,306,66,36,183,336,5,21,16,15,21,50,27,11,20,76,84,116,196,326,126,386,462,47,491,260,16,511,311,147,343,221,14,119,150,274,185,211,322,113,235,416,21,338,101,191,64,20,412,38,76,509,411,71,483,398,443,50,153,105,152,244,268,37,156,145,699,200,524,928,724,230,831,855,41,230,433,19,504,90,13,301,109,456,468,204,567,461,78,240,392,110,541,434,404,847,676,95,604,1119,298,793,1250,590,481,731,709,430,767,335,596,479,14,621,724,192,435,532,89,325,572,52,406,293,209,477,455,8,957,1653,66,882,899,176,854,996,344,754,905,112
423,82,177,571,533,633,347,320,362,88,34,652,330,59,25,51,205,134,132,27,192,192,445,112,168,419,317,447,541,432,405,753,530,531,755,733,636,397,719,279,522,567,431,325,58,249,114,178,289,237,32,60,259,190,18,39,185,69,24,108,231,306,651,554,593,683,943,785,1020,943,1029,1127,978,765,848,1052,624,299,133,49,39,272,319,499,526,573,744,512,740,402,455,448,218,46,78,150,335,732,608,646,708,1050,977,449,1040,1032,921,537,668,276,425,280,140,58,73,79,56,168,30,8,144,113,141,43,34,32,3,20,81,53,16,104,5,0,96,1,295,289,394,472,526,327,576,301,387,236,54,29,20,184,1,181,175,149,69,149,102,181,4,41,48,122,24,16,90,99,127,144,32,0,204,12,51,230,63,97,236,203,425,304,302,207,168,274,91,277,339,100,323,18,205,229,289,372,71,62,33,259,143,64,45,310,58,206,170,591,187,497,415,588,642,410,414,350,253,390,392,542,46,9,56,50,319,388,515,483,467,456,823,564,800,257,90,95,153,109,175,287,156,421,346,469,773,797,891,1708,803,845,544,627,670,454,333,411,179,248
200,315,328,357,263,577,452,316,363,160,147,737,114,22,79,201,24,32,22,86,158,207,109,233,398,200,370,550,455,190,278,301,61,382,266,38,125,115,246,624,123,403,239,268,359,434,257,455,276,300,459,169,168,314,157,162,214,327,234,299,498,527,604,690,652,881,897,940,860,1035,1156,810,912,934,784,738,370,424,348,30,10,175,333,421,637,596,418,621,435,489,756,785,464,421,318,12,227,42,109,90,399,134,428,117,244,213,76,431,360,183,1,20,121,185,301,411,283,173,354,354,210,180,172,15,22,15,26,28,7,41,46,54,45,52,209,47,49,170,224,334,521,498,412,398,246,329,182,2,62,150,12,137,54,88,107,70,116,66,132,26,137,58,50,264,301,383,269,437,260,424,373,510,283,249,216,240,122,17,171,351,447,232,387,602,588,756,651,630,522,442,580,82,177,17,76,91,314,258,4,29,154,30,119,142,231,447,562,568,336,415,53,115,360,65,117,339,328,754,654,796,926,983,858,1029,712,708,464,567,133,114,49,85,437,521,688,811,668,295,262,342,72,170,326,448,535,562,902,988,983,1147,1299,1164,994,788,589,128
353,76,764,795,658,614,985,539,394,427,38,1,88,15,249,284,287,301,172,184,208,134,201,181,224,457,586,765,718,699,626,641,506,533,172,322,127,11,231,395,282,496,709,551,802,525,745,527,660,534,456,54,316,40,329,224,205,8,57,98,309,463,427,422,654,842,1068,1198,975,1018,966,1005,1100,973,608,221,235,69,10,274,432,402,620,716,765,716,898,1001,777,657,532,125,296,90,98,229,82,153,427,332,415,541,680,606,598,632,854,540,528,332,174,28,77,240,172,434,267,263,154,78,180,144,81,75,27,47,7,58,1,5,39,21,35,78,32,337,338,426,705,448,455,240,308,153,168,16,85,38,46,74,205,263,189,7,146,156,251,35,75,24,102,18,301,265,386,238,152,401,261,302,137,285,256,199,229,263,357,154,357,317,340,295,333,420,576,204,491,615,557,811,578,675,404,295,57,15,143,314,186,487,298,199,346,373,282,41,232,207,449,463,659,662,780,858,994,949,1142,242,771,680,275,95,112,147,194,416,528,286,475,354,349,287,124,50,186,113,231,484,483,449,121,156,309,164,124,774,375,588,657,835,903,1049,1166,801,954,140
216,25,184,354,749,473,144,317,545,373,45,1680,211,129,155,404,262,48,530,333,0,222,373,120,166,411,625,230,439,737,585,210,174,735,674,520,80,938,673,723,294,574,587,342,171,517,560,8,576,583,505,480,341,500,620,88,69,90,346,137,140,414,237,400,387,123,744,887,856,501,327,794,804,648,35,1358,485,217,438,340,72,545,853,877,551,162,872,851,680,254,52,420,268,284,323,559,584,492,21,438,1043,983,394,79,814,877,758,82,162,304,137,5,176,425,585,82,170,513,571,323,37,47,93,68,67,79,69,1,103,28,67,12,33,29,95,589,432,64,464,564,406,176,498,273,140,67,240,115,29,257,131,316,261,83,218,293,80,80,141,65,143,49,94,221,319,398,411,3,210,601,596,352,157,176,270,165,240,345,109,387,146,233,609,801,901,273,289,711,947,691,73,478,461,208,14,199,44,599,245,218,185,353,697,299,125,433,166,198,347,387,417,428,797,924,374,246,973,599,844,27,891,1056,507,8,590,813,123,258,815,247,226,616,519,256,303,329,392,47,386,682,303,140,775,795,379,326,1014,1137,159,325,1196,1158,614,292,1293,77
298,229,161,118,393,770,682,898,401,1,8,1076,612,325,538,148,94,177,250,344,111,27,67,412,266,392,21,189,237,651,947,731,605,426,286,217,454,817,716,153,536,426,262,179,312,667,661,518,401,118,77,285,722,665,605,517,541,234,49,155,79,296,335,354,326,119,46,271,168,998,1136,929,771,611,343,612,223,549,93,114,175,258,561,592,919,851,601,523,217,162,188,207,149,302,116,116,117,2,374,467,828,1056,895,769,710,540,303,85,372,301,195,181,48,70,179,134,267,225,350,384,259,74,67,26,16,69,59,79,47,86,21,39,111,40,163,392,440,305,182,38,256,328,362,271,271,35,40,43,75,68,156,155,163,168,68,334,228,116,100,38,44,103,101,134,29,244,350,460,468,464,410,390,92,73,201,349,198,224,347,133,378,139,67,272,296,521,852,750,930,877,485,291,226,10,114,24,83,262,409,350,89,63,32,315,453,232,468,171,17,479,594,692,786,441,451,116,399,716,876,1112,1075,810,574,13,208,394,400,179,16,49,186,386,372,144,252,255,449,439,396,157,67,372,584,882,937,1655,633,279,258,371,734,1098,874,868,412,309
228,107,779,3,527,468,233,849,178,435,723,279,492,211,430,354,166,518,382,259,421,105,609,99,248,232,296,601,58,448,705,59,753,869,184,885,751,406,758,835,384,488,17,641,899,53,597,585,235,568,506,563,853,356,487,596,457,274,373,87,412,22,218,731,582,156,623,695,132,910,722,469,895,735,209,978,216,193,122,457,488,292,626,735,468,1026,788,284,968,613,61,475,345,61,298,10,283,798,351,602,803,532,660,997,596,626,857,109,430,404,109,134,277,19,303,368,117,560,284,111,246,84,32,20,0,61,34,63,1,104,6,5,20,72,437,511,230,590,99,432,362,155,395,111,245,106,75,147,21,40,286,59,121,191,9,123,112,70,366,73,109,178,239,278,148,250,354,175,451,305,19,319,241,50,68,96,5,224,360,215,338,166,96,648,680,353,1051,441,298,778,399,253,509,207,195,165,33,284,182,267,254,441,289,451,363,60,489,325,259,578,161,767,770,129,1418,1077,647,914,792,787,1214,483,473,942,17,614,451,527,403,380,138,92,568,426,454,532,283,710,600,172,718,540,731,591,149,355,1129,101,1006,879,304,1363,718,614,843,18
314,187,129,273,501,657,852,672,613,500,263,258,188,383,574,351,516,293,303,124,95,243,168,326,181,59,18,597,495,885,1052,637,892,395,395,8,109,253,692,279,748,771,596,559,43,18,241,439,628,900,810,715,732,688,334,197,105,46,153,33,322,498,622,522,613,465,753,379,457,55,163,544,554,683,466,841,452,263,190,245,542,859,644,826,774,518,522,116,3,195,208,216,74,76,183,394,650,534,432,390,117,72,234,318,697,673,608,424,564,195,4,72,83,35,9,197,384,490,510,317,272,119,123,41,15,69,45,80,15,2,28,3,38,5,453,490,489,266,8,186,219,440,446,319,320,169,81,84,16,93,104,361,273,236,35,190,42,117,158,315,120,145,184,94,189,197,419,552,475,266,212,109,147,47,71,100,191,397,325,398,471,192,667,926,676,669,604,376,246,221,212,83,373,161,19,25,8,183,360,124,71,248,292,241,275,614,381,475,480,89,33,311,268,657,941,1096,1399,530,1157,934,510,363,146,415,342,704,487,205,195,61,346,302,738,83,435,261,239,42,551,785,871,720,483,420,30,535,673,777,1051,1490,1069,964,796,557,239,47
37,218,527,645,359,665,444,554,336,47,817,165,613,299,458,393,70,430,373,292,392,86,103,95,467,55,553,381,486,786,246,846,604,548,824,386,780,500,233,37,202,513,546,171,656,270,369,615,10,775,361,258,867,157,476,559,73,117,228,253,127,139,347,233,118,815,499,434,1121,336,487,830,207,690,609,1048,466,27,397,20,494,280,519,805,110,1025,862,462,656,372,116,408,129,131,9,160,522,552,417,1021,496,386,915,337,713,718,28,430,281,72,28,36,305,307,89,472,241,143,337,35,332,239,21,65,100,21,34,7,41,17,26,2,37,26,572,98,580,259,424,350,123,430,182,362,309,125,183,17,170,96,73,269,125,407,447,121,285,61,76,12,239,171,32,403,105,210,210,249,227,227,266,409,36,257,247,118,140,72,355,441,160,236,743,4,769,758,318,750,416,311,706,154,294,96,249,232,167,2,237,269,271,556,1,583,368,398,474,197,691,12,725,1025,122,970,709,585,1222,145,1169,1076,330,1059,430,490,761,32,375,79,628,80,406,553,460,758,199,598,61,717,230,252,866,223,1011,731,743,1513,153,1110,795,344,1126,542,911,1082,232,61
518,144,513,156,422,440,150,607,337,304,153,3,234,185,168,314,47,35,259,88,9,39,290,135,108,199,173,38,360,430,364,487,141,294,513,33,518,142,592,126,43,339,244,328,470,128,385,524,173,667,320,294,493,233,388,477,91,684,480,59,132,244,481,132,503,383,20,735,588,55,599,706,100,528,686,663,255,342,63,74,195,22,438,179,314,762,472,133,516,607,193,568,550,64,91,312,252,28,407,699,280,635,752,15,532,796,69,552,528,15,211,177,130,42,160,301,16,259,244,193,13,267,64,17,108,75,5,10,39,28,1,48,5,46,68,300,379,323,427,101,368,32,208,168,183,166,216,119,45,114,62,0,165,181,169,329,65,232,148,102,195,3,218,187,305,106,175,516,48,369,134,9,176,169,8,39,21,191,217,84,316,382,107,543,684,252,853,524,269,650,275,407,381,48,129,34,138,153,316,175,413,199,554,506,249,450,78,515,373,269,691,13,983,703,259,1078,274,749,1308,131,946,701,625,761,182,662,338,419,305,399,432,193,341,438,605,489,178,747,112,548,311,325,924,19,682,1623,771,887,135,840,870,321,1125,153,755,195
293,10,459,542,589,11,300,233,31,52,140,1184,282,325,317,347,161,195,60,33,14,209,235,31,276,435,112,325,731,413,664,475,514,772,501,653,621,49,188,466,68,320,211,262,469,221,351,487,434,414,504,363,374,330,85,14,26,95,156,67,145,94,50,135,344,108,230,419,268,455,397,110,67,88,36,788,45,34,74,10,68,120,137,361,491,409,504,506,591,538,597,427,433,276,21,91,28,131,192,73,47,96,21,114,230,63,326,423,152,146,59,33,68,276,314,208,139,83,220,93,123,99,106,51,42,74,66,6,49,40,14,42,15,23,417,452,462,278,63,134,272,294,259,350,255,203,102,80,163,100,4,75,213,65,277,149,540,221,212,177,266,157,195,272,390,462,299,404,400,356,275,96,323,205,9,60,90,76,191,200,336,97,708,665,926,792,889,846,849,629,536,594,274,132,69,12,55,101,74,27,102,440,93,374,338,208,542,174,399,180,82,194,207,539,556,587,1064,650,1122,1069,1156,963,572,130,189,303,199,419,512,375,278,448,160,144,44,415,374,382,613,638,307,256,129,6,106,396,662,708,711,1008,992,821,1019,931,701,120
290,6,38,508,183,220,530,29,125,420,37,1312,286,60,196,72,440,171,169,122,312,48,174,0,172,68,115,529,314,147,464,229,289,399,208,118,712,282,639,257,127,302,82,266,356,12,319,198,349,581,322,364,623,320,443,411,224,337,382,525,8,498,466,226,303,800,719,376,586,774,56,683,445,47,513,52,34,245,14,143,269,399,149,310,633,145,625,772,213,415,731,452,219,315,378,222,138,312,646,245,442,875,148,550,993,259,468,589,214,77,302,208,142,91,428,333,26,271,211,80,213,267,148,11,2,38,28,47,10,14,98,7,53,76,173,515,110,502,225,404,339,70,305,22,129,11,70,48,15,186,241,199,39,103,83,147,272,66,374,34,107,46,166,44,224,158,31,475,484,130,491,236,176,136,27,129,11,8,324,389,80,9,482,211,587,751,140,829,850,15,814,562,62,238,118,67,91,348,202,348,475,285,453,93,361,530,41,387,119,552,463,437,809,486,572,941,45,663,727,234,1108,418,513,952,92,464,167,489,454,330,513,74,422,264,295,598,26,658,22,337,803,97,938,541,386,1546,122,726,983,80,786,762,647,1043,386,148
115,153,156,410,437,593,625,397,215,24,204,1641,178,357,209,86,306,135,176,159,64,71,225,234,42,251,151,447,406,208,116,376,623,834,751,633,220,220,161,619,191,392,785,184,53,5,368,646,521,551,603,381,125,133,522,492,419,381,570,499,439,538,703,548,418,77,32,68,181,565,691,738,687,391,348,311,81,51,57,12,25,387,530,645,520,655,438,20,209,22,326,224,377,257,368,385,312,500,963,690,822,978,538,200,323,65,351,442,394,426,386,154,202,178,306,434,296,510,366,161,72,58,25,44,10,47,45,28,0,48,16,28,11,15,208,359,611,434,246,108,377,442,400,149,0,1,217,68,94,211,39,84,56,115,287,414,152,206,119,326,197,18,159,4,28,449,331,323,201,206,33,79,227,127,309,208,12,106,88,198,383,184,705,775,779,758,410,153,304,429,545,775,436,471,181,224,102,87,87,445,749,561,443,186,153,19,355,563,389,279,11,345,830,856,1074,1189,518,386,452,774,1070,996,703,305,17,332,560,674,92,16,384,575,438,470,281,260,526,431,529,496,257,537,590,899,875,1515,664,15,188,901,1101,1024,880,459,30,65
79,105,375,403,174,5,129,8,71,172,31,780,164,71,178,24,200,65,192,36,67,193,70,41,24,172,20,246,226,472,162,659,709,614,739,663,731,723,819,70,635,358,265,31,174,177,34,14,344,196,204,88,234,166,598,551,217,117,253,249,225,31,41,14,107,319,46,65,170,401,68,340,342,69,83,818,137,64,210,53,230,286,394,504,747,421,479,546,420,516,225,376,109,137,24,321,405,323,327,550,734,471,442,325,315,295,244,167,284,282,328,348,274,363,412,488,392,261,259,313,142,155,170,5,41,61,6,6,37,43,43,22,54,34,45,254,426,583,542,540,527,427,88,280,60,63,235,166,0,35,21,151,409,261,331,323,234,284,290,111,159,29,122,255,134,18,73,175,5,309,4,40,104,123,212,5,140,266,194,312,295,191,460,632,640,828,993,931,991,978,841,871,808,669,388,506,95,219,135,250,386,347,223,72,77,20,351,454,207,463,596,401,585,814,538,450,392,659,155,165,403,407,573,691,962,786,440,627,381,264,229,42,245,387,555,479,668,632,497,610,334,64,82,517,628,73,683,1009,1021,857,1109,1230,1099,894,834,239
512,235,358,247,20,280,6,20,23,195,79,1220,194,83,135,149,69,248,269,18,129,214,42,39,121,216,547,520,110,343,504,95,461,687,234,126,811,472,29,403,56,20,52,32,188,347,67,20,120,367,49,361,376,321,164,145,438,176,169,661,489,78,399,717,653,316,704,895,678,193,678,805,282,102,420,163,164,27,224,193,414,261,55,193,612,461,237,186,709,572,40,121,289,567,541,257,343,580,863,411,587,809,661,199,705,756,483,165,401,559,428,55,284,600,357,114,404,331,281,23,203,282,292,33,20,58,30,14,43,39,76,35,12,89,560,187,326,511,0,368,442,196,540,224,292,555,64,122,20,212,101,218,256,3,324,279,76,282,279,128,281,7,180,336,257,231,195,47,532,444,26,430,404,60,66,69,281,94,61,120,206,60,597,97,603,962,504,562,838,424,138,871,804,234,368,121,306,286,217,468,112,459,511,224,369,471,82,486,557,33,743,656,174,993,591,336,1173,19,246,1530,1092,159,959,1163,68,886,625,342,780,58,543,654,121,552,763,123,938,682,499,577,357,496,770,167,607,1502,348,649,1392,501,762,1357,282,683,1208,126
148,53,178,14,106,10,21,25,296,184,49,998,37,165,180,256,167,49,171,96,61,356,100,157,230,189,35,36,117,330,320,438,421,565,451,381,356,199,47,265,170,73,68,228,76,154,78,17,24,63,135,191,285,131,11,172,381,118,304,300,306,315,613,440,416,586,669,601,508,524,421,511,361,288,284,342,68,94,204,182,218,398,357,364,536,566,369,454,547,347,362,260,278,347,302,344,291,606,540,612,674,612,585,254,481,276,362,218,206,302,229,308,405,266,282,236,118,107,86,2,75,8,10,22,16,23,34,21,9,2,17,3,49,21,356,284,212,89,188,287,430,523,465,243,67,92,143,215,132,102,50,53,168,156,61,57,49,105,37,274,173,90,87,17,109,177,373,319,245,315,182,177,160,97,43,107,7,86,172,85,446,74,542,526,492,451,403,293,101,77,146,181,369,534,545,507,146,24,153,341,296,407,361,354,170,62,63,389,291,241,372,157,9,295,384,672,882,781,1072,876,925,613,512,36,288,453,467,636,667,360,119,89,121,245,493,396,444,299,54,12,166,477,604,539,604,1239,345,77,86,434,551,831,912,1034,926,124
194,40,373,70,45,162,132,55,76,48,186,1048,1,68,116,85,34,45,5,77,237,309,202,82,252,294,405,301,81,397,342,460,333,87,201,244,501,335,101,121,146,382,148,85,99,212,75,189,122,140,159,221,34,31,203,153,188,156,188,351,232,1,122,459,561,734,612,366,69,344,538,642,508,150,35,471,8,143,201,16,60,305,469,419,591,217,110,182,336,295,362,347,182,325,144,218,72,307,632,522,518,390,225,291,457,472,449,256,319,177,97,41,164,314,323,388,215,46,130,193,162,154,68,8,12,15,32,7,77,1,14,24,78,33,41,330,494,244,115,399,531,305,155,312,332,314,8,150,205,32,24,36,95,275,148,103,7,252,191,59,44,55,203,162,158,338,361,348,108,244,377,284,297,73,53,12,63,129,47,233,296,81,431,280,220,235,495,785,842,223,199,604,756,582,128,226,73,169,20,310,331,151,99,139,427,231,187,281,423,173,78,411,552,614,381,270,896,235,705,305,357,1028,1018,609,158,352,694,734,186,281,386,498,222,185,511,462,169,37,484,350,27,177,617,383,437,745,526,794,767,237,242,808,912,707,28,30
647,151,94,60,153,34,63,190,114,19,431,1175,91,118,100,342,132,103,140,247,51,10,46,230,228,14,162,173,32,70,183,333,242,197,0,12,293,20,86,8,174,166,136,144,198,211,125,358,487,406,279,217,330,284,359,382,262,271,169,9,140,314,437,753,342,560,844,528,547,644,512,670,644,409,502,513,75,427,106,179,109,377,489,399,582,518,566,278,577,413,264,134,50,66,278,322,375,622,617,780,631,840,730,458,616,536,671,568,549,321,238,41,73,49,180,72,91,121,40,60,263,205,222,9,24,1,85,5,1,17,53,8,45,65,297,261,163,6,4,187,343,361,588,446,359,379,287,194,136,80,70,31,198,25,242,240,59,25,48,27,138,189,282,120,313,438,533,447,406,648,515,462,390,238,184,180,38,103,46,283,326,594,566,551,692,702,890,875,749,859,794,486,312,182,109,102,179,6,362,531,507,626,513,545,253,410,132,7,39,381,601,464,720,973,999,1350,1337,911,1181,1456,1620,1596,1397,1174,970,1078,815,720,513,375,328,332,348,438,333,444,719,848,320,511,729,735,270,268,215,1161,94,111,133,283,198,555,402,648,655,174
313,181,356,249,172,135,219,153,117,82,7,745,221,414,429,287,426,356,185,156,9,68,82,205,202,285,427,489,635,624,345,499,498,607,707,743,535,627,420,35,220,27,89,32,65,135,340,213,548,241,265,210,476,514,695,511,522,140,30,120,26,196,228,459,446,709,704,710,835,841,869,977,769,596,395,942,227,326,136,242,52,255,297,609,546,646,525,584,591,371,264,157,79,59,51,428,342,614,561,649,759,834,864,545,1038,804,707,508,298,255,233,185,81,90,54,26,245,83,4,9,7,54,151,197,16,49,8,44,68,3,7,85,46,13,272,495,637,702,621,535,471,380,335,252,188,5,23,45,103,71,74,207,202,63,137,384,316,216,512,110,398,297,130,350,65,54,17,123,30,169,72,8,113,97,18,76,67,68,111,265,296,83,683,615,665,862,811,709,746,1063,770,881,869,897,836,672,285,220,47,331,91,277,206,223,428,574,415,360,542,404,326,161,171,225,124,41,272,868,464,345,680,929,644,1029,1026,980,728,689,786,791,708,656,464,145,76,56,299,400,591,814,742,686,1011,935,761,1773,1072,1034,844,1109,701,467,753,475,168,101
26,37,785,896,606,522,549,324,451,279,480,1083,97,128,83,117,194,241,235,286,143,108,124,102,107,29,80,50,311,398,345,474,565,619,321,618,997,669,491,200,591,573,348,177,529,656,464,322,401,631,309,551,479,522,462,434,436,299,379,247,473,289,389,157,152,181,124,203,162,0,127,4,81,66,40,372,5,195,37,131,199,405,476,492,402,367,526,479,553,490,323,255,130,177,147,29,92,31,216,186,108,562,332,175,229,320,391,255,250,113,107,15,226,36,144,142,292,219,224,149,126,67,58,48,133,10,24,42,0,9,47,71,60,8,229,337,446,512,738,632,611,622,469,338,296,193,229,127,31,68,52,218,118,71,395,262,328,421,358,590,383,223,259,304,178,256,70,213,197,3,51,25,32,5,147,308,99,285,59,118,87,477,77,282,333,343,482,285,465,559,629,476,402,521,531,573,175,370,142,200,76,69,132,130,45,185,531,632,463,803,812,643,762,978,1048,1014,975,124,812,956,772,814,429,163,295,175,64,166,89,579,470,527,555,771,357,674,367,420,9,36,90,155,452,480,815,851,1025,1156,1251,1572,1579,1388,1567,1562,1394,9
265,23,147,13,236,150,162,145,20,89,27,409,13,98,30,45,120,2,4,170,151,78,40,231,42,310,156,299,12,349,489,336,94,190,295,517,89,50,72,399,150,311,31,53,126,12,21,53,172,265,289,35,29,433,326,232,119,150,382,504,351,36,311,517,472,435,287,464,483,581,367,17,318,221,331,258,75,64,85,4,104,332,362,50,133,300,281,444,205,53,200,365,269,185,120,21,412,439,467,90,180,460,606,57,138,220,426,363,281,64,44,227,199,183,136,9,178,189,64,64,5,115,133,40,0,47,26,1,10,0,25,23,45,35,407,346,95,280,367,128,156,419,218,201,165,247,89,146,106,24,140,136,76,145,9,209,158,51,127,88,20,210,189,6,292,350,99,165,353,332,332,143,218,136,275,40,92,178,218,243,195,264,18,304,531,654,146,422,770,659,119,392,566,303,0,311,23,71,283,177,88,307,418,88,249,347,319,85,296,156,341,526,328,357,674,784,280,826,994,823,48,567,895,744,263,631,699,115,449,504,129,396,548,485,336,389,523,66,317,361,28,333,328,239,491,1308,506,192,669,873,502,399,870,883,55,135
66,117,83,6,34,65,62,241,3,39,125,878,33,66,82,28,161,76,26,64,64,301,135,205,234,250,381,314,415,334,278,405,414,268,421,193,384,398,174,113,176,73,88,57,109,78,18,128,136,200,307,363,276,309,215,394,323,454,510,435,230,351,392,424,408,529,341,565,328,276,257,330,209,163,100,476,12,18,292,199,111,367,236,214,310,405,399,369,143,325,320,164,59,78,28,83,110,92,105,162,173,261,169,95,305,206,183,331,181,203,318,248,277,305,228,263,169,138,165,131,120,84,149,39,87,3,88,49,11,22,36,57,14,56,10,101,189,314,408,412,428,352,243,287,127,139,29,6,96,42,45,19,143,0,4,210,202,111,148,15,65,145,177,358,399,244,370,401,275,232,344,319,345,159,220,183,3,182,174,159,134,87,165,154,239,158,420,398,277,419,467,423,344,266,316,328,96,56,118,106,344,468,247,521,221,447,189,126,36,100,235,454,707,605,862,765,847,287,1102,991,880,762,617,393,401,29,16,204,415,444,544,415,366,398,236,168,207,8,22,304,300,440,573,529,682,1382,557,491,326,330,67,20,181,255,489,180
174,67,540,658,259,130,50,144,2,52,255,962,358,480,267,315,194,28,54,39,102,298,288,461,151,195,36,60,171,356,391,221,384,296,503,905,700,972,535,73,772,661,433,243,118,126,94,260,81,330,21,254,205,398,367,164,271,85,23,76,66,47,337,409,405,388,293,189,74,84,11,160,26,38,42,1102,140,353,357,155,225,8,157,161,1,73,6,90,68,137,96,13,56,317,447,533,667,832,815,855,914,736,806,524,653,806,443,423,70,326,183,56,21,51,56,168,135,190,191,111,25,55,61,38,37,10,70,35,24,48,36,34,88,85,286,533,468,547,481,337,414,269,128,1,313,114,247,157,142,12,121,33,177,5,159,209,106,49,146,77,195,292,250,139,241,367,86,91,194,94,8,221,152,201,102,71,59,83,294,287,514,190,666,848,810,1048,1028,820,1060,852,1046,654,591,558,147,44,317,327,258,552,265,270,444,168,90,118,173,164,398,363,748,730,859,666,863,726,526,751,412,33,6,458,639,747,976,948,863,790,728,405,236,94,163,193,484,586,622,527,595,638,195,260,193,12,16,472,488,855,910,1006,1384,1387,1405,1576,1080,39
134,73,664,134,346,368,141,384,158,222,127,133,462,168,409,285,43,455,211,85,154,378,104,88,389,158,474,310,365,654,306,435,628,210,453,832,51,456,469,153,466,236,472,624,294,593,442,381,544,597,44,514,395,182,332,341,7,382,420,375,6,261,765,163,517,614,276,486,802,406,341,793,346,379,319,563,254,73,349,366,110,588,298,374,535,59,681,470,89,205,151,100,352,47,293,541,7,292,870,168,483,903,237,463,565,229,315,210,112,192,149,117,177,105,124,254,58,259,163,75,107,38,213,29,33,39,21,66,33,32,8,1,25,10,229,503,44,516,351,361,470,102,265,107,95,283,47,228,112,177,29,99,188,116,98,148,256,34,311,13,31,201,39,229,66,449,186,358,430,159,251,226,234,23,142,1,148,1,160,313,214,387,739,622,80,816,688,327,1281,611,411,837,68,555,388,135,298,72,155,35,280,370,232,806,151,202,497,18,792,201,689,571,258,797,395,548,1188,733,1223,1461,103,1201,774,387,1179,403,526,642,77,613,93,663,357,377,664,318,459,546,220,741,290,564,636,276,785,1310,809,1198,105,1338,1111,450,1421,640,790,293
171,205,246,19,167,244,143,282,331,234,397,1254,272,291,251,113,96,125,25,76,270,164,169,200,204,258,150,65,342,228,480,701,659,719,483,768,766,650,732,143,693,170,568,310,256,155,343,91,27,284,51,59,273,79,235,190,226,230,301,111,438,254,389,710,535,846,534,542,443,505,510,586,370,62,16,352,44,16,286,323,449,414,472,886,601,471,329,362,477,396,184,240,205,159,271,376,494,466,550,599,464,674,708,442,486,608,523,269,239,129,39,47,191,237,70,188,235,140,154,41,192,112,174,49,3,43,44,36,99,6,37,10,2,51,164,355,516,602,603,610,442,234,239,133,157,44,51,5,82,76,38,175,178,49,168,387,466,289,220,117,105,205,18,255,514,375,388,392,256,376,323,355,430,334,89,186,93,195,192,74,316,155,52,34,81,342,361,330,454,509,490,585,802,710,400,156,65,166,77,26,149,540,297,476,555,347,320,443,394,238,44,245,533,611,834,1099,1334,1118,1698,1562,1839,1199,1306,1119,1145,827,414,277,139,243,103,629,563,691,948,804,681,466,281,119,217,285,399,745,820,1411,1067,1228,1410,1356,1471,977,938,923,748,108
323,259,505,120,39,263,143,395,97,45,84,494,20,157,75,365,377,272,319,6,72,191,64,74,135,443,538,662,740,715,390,124,67,114,650,145,556,355,605,89,367,20,16,94,306,86,260,270,179,65,257,73,38,390,407,211,379,497,580,735,272,119,26,108,347,603,931,770,904,795,555,144,345,133,158,967,235,113,140,170,293,225,102,84,162,253,14,199,217,329,302,86,412,160,426,327,794,536,681,555,496,278,34,268,63,137,450,260,382,516,390,395,432,532,157,145,99,90,26,83,32,93,75,75,35,88,9,52,6,39,13,32,136,68,478,532,294,49,359,304,497,379,167,89,176,383,276,66,226,60,162,96,166,80,119,237,64,75,51,403,221,2,75,290,305,291,162,297,205,43,112,300,2,313,316,140,266,3,487,276,453,542,742,449,317,402,267,268,841,792,791,848,802,183,68,244,577,103,52,21,248,366,282,447,110,150,560,423,572,361,404,220,1078,972,1436,1178,1024,468,211,753,976,1339,1283,1096,667,239,157,539,575,635,41,91,514,451,743,326,54,147,618,359,582,321,40,245,880,1311,992,1081,654,145,175,814,1165,1163,1570,100
220,42,26,170,4,168,180,40,37,62,17,212,43,71,132,25,9,17,43,16,140,159,142,101,199,14,15,50,191,217,283,301,326,260,198,128,128,44,37,259,260,69,73,9,17,62,85,110,233,57,161,229,76,104,76,149,129,100,34,101,151,180,131,344,358,501,305,252,335,260,257,153,32,1,76,578,27,39,57,206,143,71,89,62,33,16,169,32,77,40,9,41,19,77,22,84,203,182,272,386,334,351,405,134,340,288,225,61,166,47,84,113,7,80,93,131,139,148,83,94,69,46,57,63,13,9,15,11,6,9,27,0,27,12,198,325,218,89,41,215,263,301,213,95,96,28,60,87,86,3,14,62,14,12,90,136,111,95,140,42,102,169,176,140,94,11,129,192,310,293,223,177,146,104,94,140,176,130,214,170,129,265,285,105,91,52,234,242,405,637,478,441,211,190,21,166,159,207,40,4,124,154,161,150,174,40,32,162,262,341,271,75,5,261,381,466,735,302,550,537,156,221,310,510,564,479,409,324,62,217,203,218,171,149,9,239,378,285,258,133,49,177,349,543,583,1067,372,233,108,224,427,719,670,782,535,17
99,210,252,470,107,98,201,277,106,144,100,108,99,23,86,229,161,35,322,342,162,240,129,362,38,39,100,56,83,73,237,169,269,413,319,437,275,355,458,761,319,62,245,120,206,111,17,2,99,109,119,96,89,78,219,65,54,225,30,23,32,329,201,215,362,18,21,42,194,76,13,116,82,61,103,934,102,82,38,179,105,75,163,344,349,293,387,420,151,57,37,157,160,137,266,435,344,466,626,359,422,328,404,57,307,381,387,348,257,394,365,425,251,320,345,185,303,104,75,122,86,177,109,3,71,56,42,11,29,52,1,30,7,63,530,534,599,543,261,191,44,31,353,409,283,444,220,298,131,44,59,49,18,32,170,157,268,175,410,215,395,217,236,14,142,97,206,272,197,505,322,469,239,260,137,153,17,174,88,219,199,660,253,220,241,90,79,55,30,152,212,358,329,650,469,358,226,265,25,16,91,288,429,423,251,345,274,390,73,6,281,528,729,1024,1055,1293,1513,659,1376,1599,1508,1171,837,725,202,360,70,339,389,455,538,429,425,257,44,40,251,413,423,636,497,706,659,576,697,1810,106,2,276,456,566,991,994,1077,1502,17
146,29,228,65,151,13,16,56,5,98,39,491,22,191,24,9,63,29,72,122,185,121,159,49,232,169,126,313,84,241,102,275,144,120,434,95,279,268,68,244,61,148,109,102,130,96,77,24,131,35,139,181,44,140,148,138,156,15,315,200,134,374,198,364,414,16,442,178,186,387,16,285,145,55,216,300,16,18,12,131,55,67,84,112,139,14,221,95,38,135,130,9,123,188,23,266,246,3,359,139,168,297,77,180,259,74,198,202,124,224,86,133,218,11,134,140,83,157,101,125,85,51,8,48,43,6,22,45,51,62,39,39,1,41,256,123,306,80,335,37,289,79,249,74,193,139,111,141,1,55,40,56,29,105,29,90,71,133,66,87,198,34,227,112,268,65,133,73,164,170,108,179,15,8,144,11,71,142,56,14,161,327,239,417,81,447,290,473,498,153,526,136,414,239,98,148,143,128,102,58,110,148,185,62,96,212,174,72,165,300,113,510,62,458,291,584,370,422,718,102,810,282,608,395,356,378,180,422,190,300,172,272,147,284,50,453,30,292,147,277,102,285,303,426,479,57,583,96,649,279,532,560,398,670,183,4
264,96,413,259,167,130,30,58,97,196,42,250,4,5,5,9,137,77,137,252,63,269,220,337,421,487,294,646,424,486,678,531,627,553,239,456,265,277,246,398,26,65,162,58,128,29,17,359,401,367,470,445,329,125,379,292,256,297,466,337,283,401,270,524,227,380,372,429,373,277,319,65,195,185,119,731,13,125,58,134,237,334,285,165,265,121,294,140,157,37,286,169,122,314,266,461,521,558,569,833,574,765,619,151,642,697,688,400,447,360,412,363,374,294,419,354,175,262,121,79,97,8,75,59,18,18,20,20,26,17,76,24,43,32,220,151,89,222,388,489,619,547,587,464,275,561,128,87,200,94,144,35,6,101,151,261,149,279,320,266,300,193,171,52,109,27,237,220,279,370,281,478,246,323,172,129,125,39,182,161,87,491,472,408,540,536,658,641,508,574,274,383,110,58,206,126,175,4,29,7,53,268,201,259,111,266,196,436,447,560,416,445,471,558,368,236,265,801,98,228,202,621,745,698,829,1020,721,602,454,524,268,47,152,230,245,485,398,508,503,520,664,638,385,159,144,969,364,557,495,885,1140,906,1238,1363,1133,111
98,252,39,51,199,268,261,216,97,36,17,40,21,122,265,130,162,279,161,78,27,162,317,173,182,263,549,404,6,315,423,851,728,382,392,511,500,375,36,645,135,197,120,48,218,115,40,243,403,466,174,130,264,234,526,616,440,280,255,550,681,808,706,387,393,845,754,727,413,159,395,678,705,427,10,934,99,106,201,220,345,357,372,89,121,128,208,299,235,360,139,285,50,45,234,482,693,560,407,11,572,646,789,191,95,99,483,550,532,348,256,61,99,347,318,437,3,128,104,212,282,161,212,58,4,71,18,63,18,22,3,30,27,97,563,516,84,408,621,475,93,310,435,328,69,245,217,299,75,167,150,29,34,74,224,152,27,276,175,79,216,348,160,37,308,324,355,158,251,486,285,249,16,180,116,98,28,195,412,146,169,206,319,720,900,759,332,203,932,890,702,171,596,523,458,179,119,3,174,263,490,115,172,393,643,289,77,574,261,40,332,672,731,11,633,1528,1348,41,249,1266,1582,1122,207,548,1286,1125,288,170,529,148,383,658,419,12,367,764,485,41,506,667,516,20,636,1082,581,478,1013,1282,910,85,825,1518,1360,362,485,18
152,12,46,190,208,399,389,141,351,13,19,386,103,14,148,3,111,90,113,130,118,221,306,70,75,64,46,66,480,759,600,846,451,539,777,399,345,21,85,551,19,409,411,141,59,143,1,224,328,458,534,328,434,320,425,229,17,215,309,78,64,163,334,214,388,948,881,974,726,541,631,716,384,207,251,523,35,25,87,154,56,111,498,425,285,325,298,414,254,185,345,181,182,329,308,127,262,53,95,292,452,464,608,625,582,738,407,355,614,327,305,237,344,250,175,116,165,56,131,77,63,89,48,24,10,91,50,15,1,21,7,40,38,54,14,481,508,545,482,318,41,330,419,501,379,236,144,158,161,3,8,37,43,64,112,25,170,341,191,309,371,116,122,284,520,408,284,304,261,96,2,144,174,130,113,0,85,111,5,20,89,189,545,593,780,976,894,1036,626,437,24,97,161,582,587,133,302,235,201,202,263,157,228,127,395,470,487,433,304,164,485,746,882,1259,1333,894,927,337,179,854,1179,1502,1395,1317,1013,657,108,223,467,601,587,391,46,315,432,552,682,223,20,192,213,693,1102,780,624,1428,71,722,889,1429,1615,1442,1157,664,191,176
240,226,112,19,15,151,189,134,190,9,136,1181,49,135,123,60,10,283,42,45,109,77,119,151,446,5,109,464,386,528,577,444,689,403,520,761,443,716,605,199,611,203,340,319,230,80,21,118,127,199,533,151,406,211,353,169,262,151,142,50,8,70,0,34,174,235,70,101,275,64,135,93,83,95,167,573,45,10,59,1,152,188,280,326,192,228,220,252,290,305,12,95,8,156,274,399,420,407,663,699,659,553,644,105,799,647,526,588,374,449,290,388,417,391,243,296,397,222,292,140,108,275,143,74,18,59,36,80,4,58,17,39,69,10,550,303,125,94,334,404,551,565,556,584,388,175,230,60,33,272,36,139,284,106,170,195,343,311,318,146,97,93,132,20,227,214,332,324,468,217,230,377,242,296,98,70,223,77,27,118,233,425,274,375,334,192,153,166,77,192,188,74,416,549,327,409,170,290,88,41,68,308,265,169,223,527,545,334,362,210,1,102,311,271,587,1006,990,1360,1680,1582,1471,1867,1443,1274,914,640,723,171,62,225,67,349,453,625,480,510,304,22,28,116,312,648,813,796,1069,1670,1221,1386,1174,968,1254,615,806,443,137,99
99,109,63,164,36,56,17,112,30,0,45,538,62,133,48,139,17,132,90,93,105,145,71,105,32,2,83,104,64,67,160,77,36,86,219,88,167,79,130,492,17,75,40,98,225,141,211,132,279,329,248,337,193,405,340,197,189,535,333,292,218,277,144,196,197,178,219,189,187,16,22,0,17,15,17,494,24,60,203,55,55,104,75,43,44,82,121,31,91,147,131,239,281,341,226,263,405,522,485,359,351,373,278,398,393,180,205,142,183,0,56,126,103,154,88,189,132,169,208,170,99,107,119,50,78,48,20,32,18,30,13,2,51,15,336,367,265,310,158,110,28,163,180,270,219,176,227,260,21,174,40,19,120,23,64,82,12,116,19,118,153,214,252,208,346,300,166,328,143,255,310,293,186,188,117,87,83,7,81,108,9,340,149,3,26,23,20,80,28,18,253,277,268,209,199,179,162,168,121,85,35,36,76,263,237,215,375,343,329,526,690,592,445,483,516,260,321,434,308,64,163,253,417,160,527,343,577,613,361,326,235,314,122,120,8,167,290,376,379,624,433,603,700,650,652,1454,660,594,446,394,285,238,173,32,143,18
176,181,304,178,138,56,209,263,112,121,31,795,3,158,26,83,50,218,5,115,108,158,61,38,170,192,350,74,128,221,406,303,251,291,75,318,517,384,320,125,79,252,182,100,100,22,80,111,93,47,152,306,233,288,107,6,86,334,209,395,523,372,115,37,456,562,633,462,289,29,290,564,392,266,224,308,12,91,51,78,72,22,69,252,372,312,163,124,53,46,191,199,197,233,267,326,236,9,130,275,432,404,417,179,80,297,345,435,205,225,149,154,95,150,208,256,217,133,12,61,43,12,93,59,38,37,11,21,28,28,6,40,54,62,264,425,218,95,335,476,284,27,310,436,280,81,114,113,36,58,42,182,163,133,33,98,234,215,144,20,217,316,164,92,277,294,265,136,91,347,297,226,71,76,98,14,37,0,148,168,325,333,245,33,192,524,835,568,191,107,319,495,445,408,144,330,77,15,165,181,51,69,239,379,321,62,314,311,283,43,402,635,707,342,157,633,1171,316,400,271,726,1052,885,315,227,715,667,294,78,347,330,237,54,521,336,144,101,221,490,351,159,472,626,475,19,159,866,1047,830,120,484,969,1148,620,85,73
90,37,79,273,233,179,121,120,238,4,282,74,164,287,79,179,21,4,253,197,58,84,256,76,238,313,318,303,454,477,746,713,549,720,700,657,627,525,491,402,603,291,199,49,240,196,122,31,273,240,149,338,307,336,340,371,501,375,632,611,580,521,533,745,542,583,669,646,400,475,621,252,77,95,39,888,126,25,86,110,141,52,3,29,3,171,310,296,551,341,366,364,450,330,353,266,313,104,12,161,46,13,229,77,101,291,283,430,331,444,205,348,351,247,126,266,326,237,83,102,5,8,20,41,48,24,43,89,19,0,10,36,56,47,287,249,104,35,193,316,362,510,579,436,408,421,347,269,77,38,45,110,98,199,165,68,2,23,48,171,140,225,300,387,400,324,513,354,396,355,336,357,459,129,112,97,194,219,17,267,684,490,576,501,691,774,895,863,985,922,612,694,911,774,346,218,205,10,164,224,345,325,135,397,295,203,378,199,41,27,159,257,481,463,608,476,833,1260,987,1328,1407,1339,1333,1138,1127,1215,704,847,709,433,468,158,32,148,594,399,752,539,446,923,908,969,585,990,795,1998,812,1106,1125,737,838,855,652,611,630,12
87,21,238,157,110,257,108,67,290,145,76,675,128,39,118,71,4,78,28,25,108,126,59,74,110,15,70,91,6,177,336,167,160,259,299,72,214,450,162,203,271,180,83,221,94,6,140,216,143,277,181,103,222,220,28,239,311,212,104,260,277,105,11,242,210,248,40,291,347,263,144,283,370,116,138,425,45,18,69,41,9,44,85,100,116,143,177,180,104,153,216,108,101,174,173,104,142,32,193,283,155,217,295,96,81,228,235,251,13,241,108,112,26,89,35,44,6,54,78,44,22,70,81,21,29,12,1,19,16,26,35,8,61,70,147,116,340,101,226,225,35,196,249,22,197,191,34,220,27,61,2,95,49,79,42,16,99,99,29,89,20,115,114,17,158,130,52,257,221,45,146,214,181,19,67,124,135,1,46,45,272,327,18,210,420,162,166,568,517,15,337,339,59,279,290,32,205,108,32,98,55,187,167,78,314,146,202,254,97,194,308,79,273,407,134,419,612,205,482,739,435,326,704,239,250,604,248,252,379,72,209,325,0,202,262,2,476,293,281,342,217,325,469,17,519,1044,83,555,694,174,573,836,280,497,630,115
175,15,225,193,173,159,241,178,233,124,227,434,167,121,93,84,52,74,86,33,36,129,9,63,50,35,50,105,255,235,203,309,261,208,333,333,314,215,249,101,223,190,134,210,217,198,86,145,168,230,270,295,177,330,196,213,281,316,369,298,268,301,231,142,244,201,122,145,137,31,99,67,32,96,57,5,82,126,127,4,27,33,60,109,76,136,184,246,271,276,242,216,175,200,152,74,1,39,77,174,158,156,171,108,209,184,283,227,271,259,197,132,174,99,146,98,55,78,67,59,25,14,84,7,28,37,43,1,11,9,8,19,13,28,178,133,130,24,17,70,177,156,181,205,197,245,127,130,110,8,4,42,5,91,48,40,72,18,6,43,8,86,108,98,107,162,192,273,177,254,176,205,197,132,97,49,83,35,72,50,174,213,241,298,376,365,443,475,480,475,477,480,369,248,207,122,78,4,86,91,224,245,282,264,205,155,243,227,182,68,19,78,24,123,198,200,313,469,411,505,543,617,547,567,479,483,512,453,395,274,247,231,9,74,44,24,136,147,265,197,321,421,400,531,558,1136,547,506,563,530,488,544,454,316,300,106
25,94,542,406,517,233,119,374,207,204,4,83,24,85,47,100,36,206,259,184,62,8,89,104,111,61,323,44,150,34,162,115,71,28,325,368,182,452,320,69,386,406,412,259,401,543,373,405,654,361,71,70,306,4,295,14,102,17,180,377,26,338,305,473,611,523,700,637,447,684,934,715,672,423,553,589,240,356,282,184,116,150,165,158,495,313,445,509,520,587,750,444,486,289,296,299,152,350,258,366,314,165,230,642,373,330,184,165,222,445,221,296,70,148,55,97,148,200,177,110,142,10,48,15,44,27,53,144,120,57,72,22,34,21,46,284,381,527,519,503,543,513,421,396,222,30,80,40,142,65,60,5,135,104,91,140,260,201,300,139,232,27,212,236,370,312,360,289,552,413,357,314,187,97,224,98,159,38,274,23,147,512,88,97,50,3,310,100,191,273,582,507,513,301,599,402,421,328,118,261,7,368,347,424,508,527,484,588,242,157,43,184,198,556,571,886,1171,889,1300,1557,1491,1544,1567,1135,1160,967,850,603,62,152,175,451,458,614,774,504,560,508,278,318,114,505,596,767,965,1589,1070,1389,1511,1498,1582,1374,1151,957,680,215
163,265,353,403,693,566,181,474,430,346,280,1448,457,196,203,59,171,97,309,141,38,128,187,5,62,227,310,256,558,216,587,259,624,485,644,571,409,480,321,272,313,633,349,396,548,257,447,522,358,547,467,462,556,479,662,635,703,592,525,566,655,546,712,691,569,552,684,307,426,311,471,195,109,116,18,580,134,83,135,26,7,22,89,24,82,208,192,120,233,218,388,343,287,263,398,287,593,464,324,154,280,95,267,552,184,318,74,189,151,97,39,37,121,41,87,316,73,206,271,228,91,128,148,83,122,86,15,22,85,30,44,42,23,9,259,82,5,161,211,371,418,524,551,678,355,366,389,255,113,129,66,59,4,83,157,118,51,77,97,166,165,170,322,274,288,352,448,321,296,259,366,204,264,432,155,70,12,126,131,80,3,389,18,28,29,47,83,236,11,14,174,196,126,193,371,263,259,278,533,225,346,162,92,254,4,181,266,242,492,475,815,732,1084,1066,1124,976,1406,23,1078,1055,886,707,614,319,48,99,79,94,238,596,359,709,727,759,718,667,450,178,219,35,240,11,693,654,839,1283,1034,1026,1533,1420,1532,1440,1449,1401,1360,96
82,61,194,57,57,99,175,242,121,180,170,608,196,69,70,29,6,43,46,36,56,37,2,20,62,50,38,117,132,75,207,301,350,138,35,147,316,349,232,208,85,171,192,102,53,74,273,69,37,239,242,271,54,169,283,300,309,95,70,263,376,439,294,158,21,127,331,310,265,155,9,183,278,404,192,83,57,160,78,0,36,7,70,121,126,205,41,54,215,176,289,162,25,168,150,184,242,228,267,118,43,172,343,166,207,114,110,307,322,182,89,77,32,92,57,59,119,73,13,28,36,72,60,16,40,23,17,23,5,33,20,34,35,3,249,163,67,260,272,167,125,292,298,19,93,208,161,36,53,75,46,19,38,27,127,67,23,148,138,48,116,189,97,15,157,205,98,21,119,162,213,108,4,85,60,153,134,75,191,214,77,217,236,332,359,248,81,220,534,463,238,142,347,410,295,53,113,113,79,173,157,97,166,134,247,103,55,181,229,20,178,444,204,52,309,699,626,203,254,784,870,437,13,435,531,301,37,334,328,234,78,252,302,29,273,449,291,8,183,307,313,207,406,493,237,153,639,613,413,114,546,801,532,175,261,28
28,36,273,366,376,250,440,256,294,222,268,735,129,103,90,162,236,491,17,81,89,93,46,219,136,58,296,495,410,319,406,682,777,361,783,587,683,578,701,158,341,236,112,214,78,235,92,67,178,18,57,51,43,87,95,342,393,88,528,403,493,455,621,499,612,647,797,625,558,488,440,537,545,501,303,763,321,60,90,183,40,168,393,172,542,240,274,106,77,97,138,229,241,113,367,476,536,730,517,605,648,760,918,696,676,714,500,306,252,222,153,187,10,27,68,166,242,218,298,137,214,248,210,124,64,18,74,18,27,31,18,26,69,34,351,140,1,110,313,499,327,428,555,540,391,477,348,171,154,94,52,9,213,38,112,90,9,14,315,235,125,263,248,212,223,522,199,312,373,235,110,248,1,161,11,370,277,115,82,4,98,436,15,81,99,21,155,44,83,6,205,298,453,267,446,138,442,303,153,31,184,50,28,358,345,463,661,676,535,809,829,811,1154,1187,1139,1057,1096,152,905,664,664,475,128,167,60,410,334,531,541,729,367,752,642,649,507,326,115,28,316,265,485,1060,812,1075,1288,1479,1450,1450,1453,1640,1709,1593,1626,1490,1246,354
188,276,180,6,79,168,193,259,250,175,100,1243,246,104,227,263,87,75,138,27,58,122,6,37,228,38,378,602,580,324,305,634,681,527,411,247,324,88,29,305,260,19,415,252,353,11,102,125,276,378,433,600,634,466,298,848,334,519,516,510,551,691,608,577,592,783,491,627,493,384,546,160,65,149,72,468,46,215,91,7,233,226,392,230,210,515,648,526,444,391,304,330,188,426,328,446,481,435,395,344,8,518,330,165,118,96,85,41,141,155,166,147,41,14,58,30,58,109,262,204,129,154,128,0,7,10,31,9,3,26,27,10,36,18,569,439,129,169,334,438,530,590,550,211,208,90,116,153,29,12,107,113,119,93,63,68,226,324,230,381,317,149,34,289,323,420,296,547,193,147,134,33,71,146,55,208,275,312,221,386,461,558,548,390,622,349,49,82,352,548,745,741,890,543,515,50,164,208,211,357,351,72,9,141,455,552,581,837,471,258,65,382,494,917,974,1392,1413,759,1071,1128,536,165,362,763,734,1100,949,696,414,66,355,163,623,802,646,387,59,117,516,768,859,1205,824,1075,387,1174,83,846,954,1324,1536,1580,1399,1107,737,269
31,11,369,324,327,155,428,243,562,76,94,570,32,73,19,49,15,4,7,226,325,39,182,76,95,20,158,104,45,182,103,276,283,115,58,22,163,42,54,346,406,207,159,234,152,519,113,264,8,490,336,586,409,584,406,231,396,581,577,511,534,577,531,634,797,920,718,641,881,620,381,506,594,398,191,666,103,159,138,200,277,5,432,255,303,442,688,366,362,352,428,160,154,156,164,43,268,182,481,340,415,624,507,66,604,428,400,347,420,322,442,373,365,345,287,234,127,288,318,139,194,93,61,65,7,2,46,2,46,42,38,32,39,5,482,678,477,444,259,190,96,234,360,273,416,359,233,287,236,79,7,99,53,136,75,76,131,29,51,160,357,358,460,387,249,201,201,57,216,164,114,22,32,63,144,13,252,190,84,327,279,46,556,613,491,826,834,593,887,801,940,694,948,617,369,322,160,129,280,256,539,490,557,506,594,240,335,263,74,31,435,568,855,1091,1345,1241,1556,1019,1690,1726,1473,1248,1218,1148,913,444,254,69,281,422,549,621,772,846,683,579,344,410,90,127,406,358,764,883,1190,1553,1381,1770,1701,1588,1748,1265,1284,903,841,39
173,150,21,228,346,72,149,466,534,25,349,999,27,104,71,261,313,121,74,43,105,98,449,92,273,127,343,85,160,465,395,439,428,595,221,3,472,575,396,374,398,315,61,351,296,11,394,277,332,315,390,59,186,344,382,269,14,373,720,209,26,595,665,543,205,380,799,491,288,310,740,493,102,346,522,109,56,113,65,39,213,244,445,150,74,370,552,254,18,447,357,281,89,190,326,436,491,153,345,619,378,173,503,583,635,22,418,519,495,69,236,298,497,198,80,160,292,241,29,112,163,270,120,124,26,109,11,36,74,23,10,6,5,69,525,391,292,692,318,356,635,247,354,520,242,310,279,116,4,116,34,84,136,225,246,262,261,76,155,188,56,215,98,134,348,328,51,348,126,138,165,270,197,111,61,14,320,207,301,18,327,214,863,61,783,778,557,449,884,677,21,854,748,192,616,664,13,108,326,318,467,79,683,631,226,319,682,18,848,742,138,887,1278,399,818,1375,921,1041,1611,1399,209,1092,1194,469,945,1095,456,459,805,4,436,473,173,804,514,191,684,681,113,807,711,298,1153,1052,143,1180,1383,243,1150,1720,452,943,1686,971,620,73
8,160,51,440,290,223,387,285,334,456,329,598,77,242,98,185,87,14,213,11,312,136,268,104,79,100,336,293,353,254,119,218,270,642,340,76,364,446,213,281,28,54,276,131,152,177,113,132,197,495,465,396,202,483,851,780,337,101,374,561,492,566,268,146,305,656,718,460,291,178,351,572,520,212,330,443,267,390,244,95,218,233,158,299,109,253,246,688,439,49,115,377,488,635,306,123,37,221,551,732,636,433,115,606,604,492,516,374,249,549,309,354,164,18,188,47,430,173,151,171,21,13,170,39,47,20,30,59,18,98,78,56,30,26,414,563,209,238,746,619,137,552,595,385,22,496,447,222,151,122,45,55,80,107,120,94,181,174,295,31,237,318,86,231,338,311,48,263,392,377,183,143,251,154,311,270,245,258,125,24,292,19,793,376,59,394,862,764,602,268,743,818,570,24,493,318,3,94,291,193,230,463,451,147,393,606,79,409,689,612,113,687,1267,732,1,912,1484,482,171,1014,1407,1491,382,661,1141,1375,406,615,855,421,382,510,494,167,442,483,496,198,672,608,168,453,1159,796,183,924,1191,1062,245,1009,1890,1629,453,970,1629,17
12,130,55,12,157,278,35,225,112,45,29,640,127,121,67,13,72,130,4,58,71,69,21,80,76,28,136,58,160,114,38,260,269,348,362,179,80,274,98,228,8,7,32,163,45,261,23,161,313,290,425,404,471,482,383,449,305,411,171,235,18,14,18,50,87,174,247,260,346,413,491,246,358,163,152,164,152,153,2,0,70,138,335,395,337,485,492,356,372,401,401,482,259,326,193,37,26,117,74,221,185,308,383,60,295,334,277,256,283,165,160,222,155,270,126,149,232,108,113,149,150,3,6,52,76,8,15,21,28,51,10,0,66,7,67,172,285,322,498,378,321,386,327,143,193,77,8,107,56,1,22,84,92,14,97,37,130,38,211,189,103,93,102,35,49,19,210,148,262,63,38,60,95,134,2,9,114,97,202,326,262,78,347,410,386,612,517,490,623,541,647,718,460,397,292,368,113,67,77,287,199,334,448,238,348,496,355,256,159,195,58,78,24,211,168,322,338,735,341,643,712,670,739,637,671,633,566,739,338,378,367,131,45,15,148,11,438,275,417,454,390,474,548,724,523,1207,385,221,320,293,75,57,37,62,78,10
91,158,77,231,175,71,104,216,9,71,108,64,224,95,214,55,297,320,42,9,28,149,237,25,371,1,265,35,81,307,461,67,419,481,19,447,496,7,155,249,96,126,167,12,66,142,367,179,152,201,102,129,349,116,126,111,232,98,171,187,338,229,178,551,702,105,541,772,62,554,615,248,105,358,99,702,130,46,344,337,197,219,422,352,29,458,456,62,262,346,208,77,23,208,356,170,239,539,302,222,664,474,40,245,476,119,152,334,187,16,105,291,199,69,408,259,80,135,239,104,77,191,145,4,40,64,37,26,22,11,31,26,23,56,423,315,217,449,53,417,226,174,483,20,159,266,46,232,184,74,122,67,190,195,17,45,114,160,270,47,44,126,95,200,108,283,14,101,241,323,4,150,95,17,176,51,114,93,45,274,400,311,193,642,380,378,675,388,278,751,324,288,634,183,245,216,180,216,79,233,135,184,192,212,320,4,397,273,219,553,291,414,392,10,737,857,138,860,940,215,1156,723,516,759,466,340,575,98,415,178,248,254,175,258,113,351,336,207,656,93,520,445,156,736,432,111,987,133,666,948,25,977,847,195,911,7
27,81,285,540,305,238,221,215,84,2,4,531,205,83,76,205,381,124,289,263,101,94,61,137,351,203,208,118,50,74,183,326,480,487,462,451,45,218,135,239,24,227,64,155,30,32,14,325,241,386,279,324,223,302,231,193,238,115,394,445,422,439,511,413,362,229,309,104,160,253,232,292,308,217,256,293,75,257,42,12,60,30,238,263,375,479,470,333,456,305,184,215,148,215,274,226,454,439,470,463,585,523,265,97,245,99,26,58,41,54,58,76,4,50,48,115,160,280,260,162,171,142,174,38,6,5,32,0,0,91,56,32,30,6,330,340,323,147,112,262,330,359,260,255,139,4,19,46,121,9,5,27,82,21,76,138,178,167,151,22,28,104,28,200,277,247,24,174,230,270,228,178,195,132,148,163,220,162,183,202,105,64,437,391,420,563,602,351,207,128,152,373,336,413,333,217,112,2,1,33,81,14,19,183,181,389,298,257,171,37,273,447,648,651,520,551,253,432,273,394,840,891,732,697,673,394,246,176,241,300,255,137,100,320,400,444,467,191,89,75,130,431,614,633,608,1259,33,268,475,659,887,755,947,762,581,98
216,0,349,117,7,28,434,0,54,214,145,558,131,6,39,127,96,72,80,75,6,322,47,84,245,246,73,238,343,304,212,388,400,197,177,522,475,102,239,175,37,188,242,233,204,130,116,64,208,58,92,236,171,71,249,545,262,250,44,381,485,360,99,519,654,412,61,370,598,485,117,446,457,354,227,726,311,122,79,163,141,79,281,314,233,29,310,367,269,86,271,236,323,122,12,50,378,462,204,311,499,457,116,251,467,529,118,231,264,204,50,91,190,205,123,60,159,271,44,15,18,138,113,11,83,49,46,0,56,27,58,11,73,52,282,344,70,399,341,171,487,301,149,362,292,71,144,54,8,7,111,42,66,219,66,111,30,249,119,169,19,52,20,137,148,51,136,260,203,12,342,142,163,3,105,80,191,244,219,128,191,364,158,117,542,674,187,318,578,445,130,525,487,32,340,129,211,166,251,283,252,269,332,270,259,335,399,74,501,337,101,625,246,158,799,742,139,923,876,429,718,965,550,394,691,478,133,586,246,480,359,227,390,534,21,394,311,16,469,251,284,540,279,218,771,1324,39,752,933,244,650,1058,264,330,839,38
74,43,9,276,204,145,231,65,128,113,4,1034,99,79,1,64,194,121,11,2,258,95,118,53,160,15,234,196,457,375,46,543,401,251,621,295,48,537,255,301,157,76,240,197,24,4,140,211,7,24,256,78,281,312,156,302,370,64,452,350,182,352,326,155,185,714,217,429,600,210,351,642,303,189,361,158,57,218,86,111,15,46,172,213,111,400,315,15,323,300,29,245,270,138,247,373,338,18,455,572,26,430,454,244,563,402,22,355,320,24,202,275,151,167,263,116,65,198,130,116,145,100,47,6,20,15,38,36,32,15,44,1,45,24,23,352,148,409,333,162,364,77,358,267,211,282,24,101,34,2,18,69,19,100,89,185,39,105,118,68,173,221,71,144,317,65,290,146,210,392,110,55,281,31,36,211,206,120,120,218,245,206,478,459,150,597,499,236,712,221,464,676,20,283,16,104,209,254,37,366,171,2,406,29,472,267,221,198,206,288,134,591,329,184,953,143,664,178,250,1010,359,622,1101,148,634,516,412,476,151,239,282,498,286,448,482,404,520,118,545,367,389,395,163,780,179,630,607,448,960,299,836,913,103,962,448,50
30,210,220,172,205,156,204,106,24,64,165,277,58,63,10,55,25,158,182,35,20,91,32,52,1,46,207,201,250,196,215,366,198,74,48,258,399,245,297,331,133,245,27,99,94,20,168,1,68,31,9,56,28,99,181,23,40,1,142,87,201,132,163,270,349,344,365,344,277,345,226,282,295,343,160,64,152,140,46,59,65,39,34,83,76,70,96,53,147,83,52,53,87,299,186,289,247,388,337,369,445,514,560,247,496,547,398,346,294,257,222,213,248,189,112,151,208,6,47,28,79,77,63,30,38,18,59,34,3,6,25,31,18,2,354,277,181,173,2,49,109,158,261,271,316,220,204,69,25,30,26,126,21,4,15,13,68,46,68,104,177,111,53,18,79,173,227,194,225,276,182,115,335,158,57,26,69,82,233,287,218,204,466,423,425,543,554,447,411,376,303,318,8,28,51,3,182,57,76,42,67,60,97,91,310,258,289,266,406,276,275,220,6,56,66,79,412,687,695,585,777,714,877,769,743,666,483,271,310,22,143,256,277,448,418,464,457,510,239,353,41,159,440,525,495,606,968,1000,975,1017,949,891,945,660,509,17
252,76,27,65,126,254,154,137,58,79,90,529,90,213,47,15,23,3,104,94,154,273,2,176,75,142,149,327,16,202,475,412,352,23,191,357,429,448,59,432,199,287,143,152,27,67,83,52,173,155,76,154,102,289,47,196,43,185,284,384,607,365,138,296,529,671,573,210,72,324,439,595,485,253,27,627,197,150,202,49,97,276,46,6,270,296,331,372,144,126,19,312,228,240,297,251,157,235,362,385,472,343,147,453,560,530,411,233,26,181,122,225,304,204,29,62,172,420,216,183,106,80,62,32,51,58,6,6,13,19,20,2,53,20,118,181,321,210,13,339,418,101,136,274,294,47,85,150,123,48,76,19,79,299,19,22,68,137,85,40,73,65,91,156,11,136,361,350,159,76,186,165,331,280,145,133,96,81,81,199,428,151,135,0,379,785,609,359,138,435,665,541,16,243,265,109,11,176,76,138,236,411,47,12,348,428,78,111,247,226,133,471,482,285,206,492,1105,140,111,662,896,899,163,270,754,494,258,209,615,296,31,457,482,135,179,477,394,465,85,371,331,96,528,751,268,322,676,741,386,23,686,977,732,154,532,75
493,188,201,229,47,190,120,581,508,377,640,989,259,145,210,0,107,63,115,314,125,122,28,606,56,211,261,106,562,698,693,887,530,277,418,101,775,841,730,524,407,19,17,29,326,13,33,256,361,241,84,423,80,32,186,327,667,802,1223,1045,316,501,413,419,738,1377,1568,1157,1085,570,247,186,178,447,566,1284,549,239,252,160,441,665,417,497,274,289,95,364,246,389,601,811,660,494,973,680,591,453,203,278,472,828,1068,435,814,661,358,366,26,141,329,508,562,712,539,573,319,101,87,309,272,218,233,20,55,116,34,4,54,9,33,71,33,201,315,130,380,677,451,128,53,606,757,424,250,267,160,424,22,192,249,107,242,19,122,141,58,100,131,177,205,252,500,402,348,220,563,588,432,374,462,80,91,151,163,240,23,36,508,682,617,222,695,597,186,364,740,1041,1719,1425,1018,73,359,585,617,99,53,354,487,41,210,869,818,962,405,44,431,331,580,212,101,923,1080,1494,600,79,1286,1603,1764,1789,1419,401,607,1355,1619,1402,768,246,656,914,634,123,548,956,1004,645,175,48,988,259,625,97,645,846,946,1981,169,715,1747,1623,2008,824,81,937,1810,257
89,43,348,117,208,31,80,255,275,130,297,312,194,46,15,161,0,116,257,77,161,4,33,53,21,230,465,355,481,358,418,31,80,387,684,556,596,511,106,520,60,138,63,146,105,127,106,208,165,243,323,117,82,36,191,351,320,361,395,497,599,435,489,404,232,170,100,450,479,669,559,519,410,244,156,551,19,184,85,48,131,291,300,76,127,177,143,315,396,251,301,209,323,229,290,268,421,414,107,284,38,201,468,362,576,486,339,353,106,120,17,20,175,60,82,204,227,224,85,183,162,101,78,85,22,20,63,6,19,11,63,8,1,8,289,352,245,0,288,393,296,265,46,131,189,182,52,23,8,90,35,67,144,215,91,2,33,43,83,16,58,140,260,165,228,111,257,320,288,320,231,250,115,7,5,84,70,82,11,60,185,10,261,404,613,516,591,297,103,164,453,335,394,262,142,10,236,131,177,176,261,223,381,176,90,155,230,376,327,168,206,353,563,778,503,354,6,559,946,960,1032,666,288,75,394,594,481,328,79,231,486,720,399,260,233,357,534,437,203,325,258,660,513,404,139,334,709,1089,914,874,385,224,374,695,989,7
28,146,165,250,183,245,272,273,83,149,49,1229,82,139,101,59,159,149,94,6,1,82,122,25,48,81,128,43,27,92,37,98,93,85,318,310,177,198,15,151,2,2,43,15,86,114,92,159,293,220,219,182,217,214,131,151,109,22,39,255,298,304,481,531,588,477,567,524,663,500,368,546,585,493,329,760,206,92,72,13,52,4,132,85,210,152,31,45,43,67,108,209,331,405,256,345,260,267,442,315,347,372,148,249,224,94,106,44,12,52,171,39,300,303,204,96,212,223,132,125,101,81,42,52,51,33,0,5,24,21,10,27,14,20,257,123,113,15,27,198,295,231,373,329,303,327,172,110,74,18,107,25,20,125,33,94,125,78,77,53,11,104,116,199,182,325,378,302,242,405,384,230,102,5,114,8,11,191,190,183,393,162,550,545,528,712,727,691,750,568,432,746,462,487,268,283,28,78,178,15,174,72,294,338,439,335,192,472,217,276,219,119,217,107,352,230,66,327,57,93,72,31,214,336,300,445,201,406,524,455,518,408,626,351,211,219,196,15,2,197,343,360,586,577,642,427,893,845,953,762,930,966,1045,1078,1025,28
210,30,295,420,445,298,209,316,287,51,65,93,45,139,146,183,210,38,229,100,217,170,221,125,59,0,104,109,29,281,246,250,478,364,532,427,614,497,387,24,188,168,171,7,132,15,218,231,483,339,588,331,471,374,364,286,278,326,299,357,427,432,538,543,580,793,583,529,538,768,686,483,430,436,258,122,82,24,16,123,13,27,24,30,8,9,203,100,97,37,209,13,272,31,193,391,219,345,464,293,366,353,257,162,269,164,269,155,151,31,102,101,142,226,331,225,213,282,253,107,110,166,165,2,11,4,9,45,25,16,57,7,26,66,34,95,234,411,524,496,558,399,259,167,54,80,135,1,161,34,57,91,87,217,16,87,16,93,57,77,150,185,305,199,27,19,80,205,170,110,229,178,135,184,221,53,34,74,56,107,155,139,174,63,196,31,51,241,215,290,399,601,551,425,363,436,222,96,211,312,293,341,219,346,243,224,101,174,418,335,682,673,693,506,520,462,78,262,145,464,635,938,864,960,928,669,771,467,428,167,90,205,355,371,548,354,329,160,49,329,417,657,553,615,695,1047,688,385,369,361,113,442,620,735,784,42
84,5,186,93,129,330,243,207,232,324,254,896,90,90,79,69,35,41,25,79,69,55,185,142,4,267,12,155,71,205,218,171,204,252,140,42,379,158,314,468,344,169,68,95,77,312,217,51,162,190,31,25,18,197,85,337,281,309,290,354,228,331,548,394,539,530,469,481,513,521,581,244,459,389,207,665,197,48,26,76,241,357,382,405,486,358,278,373,282,193,206,234,105,109,235,243,386,363,604,404,625,506,648,88,542,432,368,441,430,291,47,121,147,79,37,71,31,99,22,7,20,0,82,30,26,20,7,18,16,52,67,12,0,28,315,366,455,394,254,270,76,31,55,120,135,128,232,174,10,35,10,57,61,61,95,50,96,67,31,7,141,117,92,263,419,416,266,353,262,230,212,256,385,169,65,190,71,99,45,5,25,5,169,38,143,18,164,128,119,104,194,172,220,332,185,270,305,139,308,197,15,117,55,40,142,187,326,417,441,473,466,468,437,357,351,90,340,401,21,226,337,359,210,444,627,661,656,531,582,553,418,503,301,99,238,253,144,259,308,368,502,588,643,480,402,1012,498,319,161,158,193,185,293,494,542,103
128,23,543,379,455,117,1,14,150,390,37,6,310,37,38,35,151,141,317,290,25,51,3,183,2,137,351,323,63,206,560,412,477,551,236,26,85,376,400,64,37,85,88,192,170,120,267,456,605,417,368,196,113,579,483,528,520,233,204,114,102,108,147,512,603,815,966,751,764,304,167,285,706,520,391,183,81,82,136,253,324,373,389,293,15,410,551,663,761,341,310,344,60,63,75,21,167,384,482,642,650,772,316,209,445,393,688,676,200,227,352,139,160,110,108,332,341,438,290,191,154,42,8,69,61,51,79,11,69,14,54,21,9,59,134,540,498,365,100,485,639,423,274,169,311,487,357,199,101,59,61,30,16,505,36,149,128,102,90,86,75,100,14,178,369,512,304,83,68,407,449,496,314,229,95,240,11,152,29,7,69,17,661,724,669,409,143,335,841,962,680,618,189,220,611,406,6,205,361,290,65,106,429,610,226,11,565,231,383,22,513,560,1103,719,278,174,863,1341,1495,1100,458,142,1036,1317,935,530,90,670,795,631,24,192,676,741,399,3,433,603,298,209,485,678,840,534,114,81,1091,1150,1117,437,331,941,1550,1320,768,179
309,125,20,9,460,253,478,379,527,217,206,540,131,39,156,18,14,480,342,467,311,38,176,106,131,63,190,399,517,500,600,710,534,273,75,316,471,269,351,41,339,159,30,71,198,158,87,93,260,518,435,549,424,724,422,667,535,450,182,264,108,39,30,38,77,391,539,728,872,804,909,799,550,392,150,761,87,250,256,292,345,487,560,393,85,125,58,322,418,806,450,410,412,366,497,350,489,710,650,824,714,445,317,45,173,327,363,500,474,435,309,296,325,340,425,552,478,114,80,156,13,39,57,32,66,36,17,9,35,44,67,3,59,13,445,569,511,138,214,350,680,659,401,112,151,164,366,181,291,16,54,116,9,31,105,56,211,78,49,162,156,53,108,24,371,541,506,429,334,224,21,125,68,190,41,261,301,102,167,466,441,156,757,746,715,549,461,182,105,464,912,814,701,264,333,157,166,241,77,35,100,201,548,204,277,189,57,438,414,357,63,374,629,882,1192,1232,1112,40,82,628,980,1267,1430,1061,1011,323,436,905,689,649,418,32,127,438,1054,442,259,79,501,509,744,620,157,345,620,992,1252,1145,1036,256,142,970,1173,1488,1253,21
331,204,757,469,63,225,492,283,58,270,381,838,129,215,109,128,309,75,3,75,3,32,17,283,24,96,95,94,463,561,502,115,265,418,490,118,455,349,351,95,243,267,209,20,82,421,0,226,370,569,285,95,674,711,353,134,35,699,656,558,221,142,314,617,498,31,152,453,662,597,459,147,554,453,352,112,31,55,70,12,132,258,326,399,290,65,603,890,406,436,7,181,617,341,426,1,178,343,427,490,540,123,352,553,550,335,58,344,459,315,251,24,75,157,319,221,239,27,96,161,277,319,130,14,17,45,75,4,47,67,46,81,69,50,484,498,17,483,633,316,287,569,267,129,257,336,5,89,168,195,71,70,299,347,136,16,443,187,241,73,56,76,173,90,41,351,359,94,313,480,321,230,202,24,98,44,188,290,188,19,118,9,628,645,39,541,845,709,523,482,1118,786,155,438,611,134,329,334,154,572,629,330,222,737,613,198,715,506,410,438,944,846,89,818,1267,768,358,1507,1490,676,511,1259,1237,85,636,1027,584,329,889,683,257,903,758,266,568,1069,423,304,950,861,255,749,1122,598,368,1441,1366,369,714,1519,1118,210,906,1849,1100,33
1,84,52,58,116,70,3,153,43,58,66,429,60,51,31,40,104,37,94,163,46,144,203,286,227,215,258,345,234,156,332,224,352,226,318,166,151,179,192,121,91,137,59,151,42,5,14,38,67,20,54,77,21,0,35,87,147,225,112,104,164,67,161,226,272,338,279,419,294,251,205,161,179,175,106,129,46,85,45,0,79,7,50,146,224,224,152,208,101,78,182,250,141,122,70,26,25,111,81,53,67,70,26,206,65,85,167,114,190,100,211,210,185,218,174,178,96,158,105,108,71,17,2,9,50,23,46,4,14,11,7,2,7,7,206,207,153,52,57,107,233,211,231,271,296,185,114,162,61,52,68,70,58,134,9,40,78,69,61,124,100,164,154,191,47,123,103,30,81,1,15,13,102,18,9,15,39,90,100,149,126,120,104,222,236,331,388,434,376,368,415,416,474,368,342,382,80,65,80,129,231,295,280,304,380,380,361,290,160,73,71,57,132,155,296,363,561,675,609,682,873,936,674,699,628,506,460,264,212,40,127,270,411,436,451,572,453,439,481,422,330,259,177,163,142,228,403,467,483,668,719,797,839,758,930,45
341,7,168,165,120,268,475,72,405,73,158,508,124,186,87,21,248,34,25,14,20,67,248,114,151,216,273,62,3,540,482,103,371,422,226,518,233,344,275,700,359,203,199,37,204,403,162,82,47,281,449,24,498,245,31,495,219,20,843,399,419,835,754,613,917,321,702,707,17,574,456,185,564,377,166,400,123,40,24,35,271,369,301,438,357,196,555,462,239,355,179,110,275,433,64,688,338,31,687,447,36,618,474,250,660,266,324,534,125,185,558,228,149,370,164,230,347,62,148,218,47,186,224,115,21,43,44,24,45,71,12,3,18,34,471,188,601,192,381,477,497,522,208,408,178,373,41,159,297,82,145,74,24,194,29,236,139,324,397,547,119,333,247,241,249,330,299,165,487,213,104,417,102,170,354,62,5,186,325,216,123,131,130,554,894,112,912,833,305,1065,26,575,580,203,317,115,129,249,239,186,386,53,403,230,529,408,249,505,268,581,70,731,454,571,1113,292,1256,302,1049,1371,194,1478,375,896,747,273,730,119,826,152,515,87,641,431,524,457,424,373,302,759,188,828,589,817,926,194,1137,582,1293,983,552,1234,117,1258,788,155
97,1,251,123,6,55,60,138,39,21,8,557,68,140,129,94,72,131,84,72,138,88,200,9,103,47,16,208,163,284,66,308,496,544,291,501,498,437,265,64,36,85,137,195,219,102,52,195,71,187,154,184,20,225,52,58,119,16,112,82,183,39,201,72,194,301,231,126,287,342,518,371,274,210,344,246,66,84,142,7,168,114,335,83,135,63,66,16,77,99,51,228,116,195,131,201,162,150,159,31,12,83,118,229,174,254,277,86,270,200,60,1,220,179,134,73,140,146,81,84,64,86,80,0,6,19,39,54,42,4,30,15,1,19,201,317,484,380,249,68,132,149,175,405,288,296,145,105,108,32,52,38,75,109,221,156,171,139,130,80,139,243,168,311,240,99,161,131,275,13,207,141,171,221,234,93,83,160,68,46,117,222,133,173,199,326,406,573,683,798,776,650,491,236,120,56,7,316,235,71,180,31,28,183,253,369,162,338,325,82,208,502,554,728,920,952,1008,57,692,377,110,263,425,879,626,623,603,557,281,65,174,342,442,466,178,143,247,8,185,286,555,633,547,573,306,944,23,316,494,802,977,1036,950,1085,822,72
321,17,177,336,406,99,256,126,724,653,316,1064,392,203,187,144,221,28,13,80,179,195,135,120,280,11,77,185,102,80,100,37,130,169,4,162,108,102,122,720,299,11,75,138,95,289,111,224,219,260,434,456,475,321,420,492,296,532,449,39,72,71,86,370,250,192,576,575,813,811,774,812,804,708,639,798,503,492,534,503,165,190,127,164,95,225,228,68,197,154,67,209,365,223,448,568,474,498,454,328,477,444,496,627,384,197,323,112,151,109,297,108,153,194,23,73,282,126,208,156,92,26,3,27,27,59,47,37,12,36,27,44,35,97,144,361,414,474,628,641,668,545,577,405,508,430,204,126,74,25,124,22,91,96,90,84,70,92,236,173,128,195,88,133,459,195,443,424,211,269,579,439,498,176,276,69,300,58,266,24,207,225,148,609,401,444,614,704,993,685,774,832,775,428,259,126,221,213,134,326,440,430,449,529,224,377,621,278,104,36,37,328,200,434,709,627,593,1116,983,1018,1136,1073,849,858,881,769,585,551,539,282,517,211,154,206,89,70,200,283,139,338,680,681,816,923,994,1654,1169,1025,1027,1687,1300,1280,1163,1317,1035,29
87,84,246,168,202,230,223,326,247,185,47,344,27,77,36,75,149,89,24,236,15,156,110,98,161,35,14,86,97,181,24,88,102,71,236,185,214,136,155,419,99,63,31,13,109,28,141,152,255,359,427,370,427,554,396,456,342,514,360,346,439,385,478,376,252,225,336,315,193,108,239,99,135,4,32,480,108,136,107,17,20,192,126,22,183,119,121,48,53,51,230,59,268,180,259,220,292,501,306,404,415,442,491,153,440,471,442,277,261,216,104,123,40,36,79,37,4,121,148,104,47,88,150,0,23,22,50,13,20,18,67,3,25,86,34,1,187,274,393,380,374,386,438,289,225,199,79,47,102,31,65,84,41,40,143,191,9,172,31,285,296,129,56,188,99,29,159,138,243,177,164,146,104,65,166,42,3,73,133,272,230,82,312,494,647,617,671,653,628,785,534,538,328,341,259,187,95,100,160,335,315,341,354,369,128,206,227,18,50,298,360,474,563,793,851,823,847,424,913,919,1005,701,662,592,330,289,47,40,196,434,431,406,441,498,455,397,207,161,68,89,4,319,318,536,695,1013,822,1030,1008,860,1031,951,930,581,522,48
240,124,208,263,421,282,6,76,106,93,65,546,225,108,54,28,100,47,95,40,59,102,55,205,14,113,233,184,270,333,432,114,277,20,46,126,167,90,221,62,41,48,71,148,229,229,285,56,197,77,323,408,478,97,251,164,104,44,247,302,371,344,416,365,491,370,446,149,59,209,197,303,361,313,316,224,172,126,0,101,21,306,262,256,368,250,334,138,84,32,154,214,263,329,401,203,275,454,366,343,377,316,159,278,12,387,291,314,418,328,274,113,125,18,76,58,5,77,87,142,125,112,123,9,5,2,62,22,28,0,3,49,0,69,226,353,400,266,2,327,533,396,412,10,140,151,262,294,62,79,15,80,7,8,209,71,195,19,182,202,129,95,180,55,223,151,63,112,107,266,477,88,286,116,11,117,17,114,161,57,39,162,63,302,426,433,721,799,625,363,58,355,490,529,502,422,54,181,105,31,4,134,483,294,348,164,58,210,478,447,301,119,174,489,717,902,739,299,173,410,732,1150,953,937,416,103,330,528,555,303,35,194,620,563,220,88,259,385,467,538,112,165,546,614,700,1470,217,212,648,813,1061,1026,651,253,259,146
38,26,257,396,296,211,263,317,479,296,226,410,239,116,54,168,20,67,198,70,137,47,218,74,82,243,136,280,307,161,11,74,235,311,233,111,127,40,129,205,48,28,28,72,129,246,448,416,599,731,323,331,429,404,445,531,443,623,843,754,691,657,391,806,738,697,691,586,714,432,571,646,248,339,54,310,104,88,134,77,478,617,420,524,435,344,802,659,457,321,356,523,151,398,226,212,134,41,9,84,25,150,145,42,177,184,338,232,85,227,282,210,181,275,336,264,219,289,210,212,234,201,226,86,0,44,56,7,75,26,42,33,87,31,408,296,94,46,179,363,425,462,507,465,475,298,313,303,137,28,73,182,28,18,79,192,253,117,650,337,424,223,273,20,232,151,153,1,183,154,381,429,251,250,150,191,26,242,34,359,458,195,448,694,654,698,754,782,604,628,519,376,195,264,35,175,282,246,388,91,231,99,255,154,312,468,502,690,826,567,808,757,349,356,382,386,401,661,107,231,340,765,1042,780,853,875,801,770,606,427,334,44,43,149,845,551,462,482,632,741,478,579,110,27,220,432,720,1048,1083,1205,1474,1415,1668,1337,1432,103
964,268,63,336,685,432,199,61,105,61,276,1080,265,244,57,363,186,53,278,77,99,211,264,397,418,460,19,908,949,786,110,815,745,700,305,401,627,974,209,452,495,856,293,434,422,472,347,632,487,609,101,528,713,565,233,102,432,854,739,488,449,162,430,1060,819,774,49,695,1157,1316,543,144,813,536,453,440,159,355,226,529,60,406,633,612,325,106,498,924,804,447,7,88,202,198,741,425,738,604,192,888,1130,1203,390,764,703,799,821,440,18,255,459,352,590,402,55,202,669,394,398,18,213,315,347,78,101,164,125,13,31,3,116,87,33,28,464,40,825,827,453,313,904,532,18,490,507,394,85,349,245,161,44,44,71,69,180,320,262,175,303,417,150,246,220,53,180,785,317,190,259,550,579,363,103,398,333,415,475,482,344,334,141,382,998,936,644,541,1564,1346,777,42,812,1147,642,507,796,324,184,96,419,428,476,419,69,261,525,449,145,511,274,59,716,1170,626,730,1293,1855,1254,1095,1745,1744,1124,112,1320,1876,846,379,670,480,58,697,404,151,523,756,638,234,469,730,512,806,786,159,682,1152,801,1605,1195,1783,1553,117,622,1935,1797,324,1398,60
629,7,277,353,324,315,35,357,433,207,189,1133,55,188,249,91,162,64,54,222,156,300,220,229,299,435,31,366,656,646,585,183,597,519,444,318,43,199,445,203,92,350,2,65,4,398,274,75,334,463,242,213,166,147,484,376,334,266,110,89,301,613,658,715,379,218,843,838,728,312,283,606,562,675,128,597,26,240,20,0,2,182,479,280,306,107,399,490,627,267,198,177,153,346,364,456,468,424,53,192,813,876,663,151,228,366,643,464,433,164,39,159,259,509,497,321,5,359,246,246,153,55,111,62,36,63,4,1,15,32,42,43,8,118,327,81,522,442,146,259,453,509,21,362,498,338,101,102,185,27,72,88,198,304,161,216,182,106,76,214,255,73,264,394,288,231,276,374,126,67,251,442,393,72,108,68,101,113,158,484,509,587,245,103,661,862,703,286,517,718,685,512,29,712,267,121,260,273,143,262,502,315,49,265,317,313,59,461,381,106,642,823,525,60,615,1094,980,428,556,1273,1267,577,216,1059,744,469,472,566,746,7,403,456,258,120,570,349,30,275,475,147,258,747,682,314,579,759,1153,507,184,919,1541,859,272,1084,1418,189
99,51,199,190,253,179,386,204,247,147,68,881,107,172,92,262,231,218,152,69,1,33,127,80,239,203,258,334,264,91,126,2,178,19,92,121,72,353,240,331,151,438,46,290,332,104,127,59,171,227,149,369,347,227,391,376,212,156,256,63,18,57,165,20,93,79,185,144,133,233,192,261,387,255,197,592,175,32,35,59,249,271,254,511,530,525,395,422,531,476,294,339,214,236,167,119,149,185,155,133,234,303,282,401,440,217,407,324,164,194,222,26,12,49,77,98,18,29,13,14,35,6,1,16,9,60,30,64,9,17,52,18,48,19,278,354,318,284,316,102,73,93,176,314,165,176,158,77,79,7,56,52,89,33,26,94,83,60,243,93,85,134,13,200,58,76,409,478,297,340,295,180,226,222,239,99,9,109,6,79,5,60,120,286,250,251,331,460,441,534,569,435,473,292,86,21,17,260,299,473,295,245,318,107,167,66,79,74,258,394,609,440,379,258,301,112,149,614,298,335,726,772,631,657,750,685,338,288,134,3,224,299,465,507,550,324,349,258,152,402,299,371,654,602,714,1191,705,766,694,554,206,43,372,223,311,50
302,262,242,281,49,420,409,43,229,95,77,1037,243,34,228,176,236,199,141,14,60,34,199,10,296,292,225,629,76,268,555,363,255,444,296,25,509,259,249,343,135,34,470,46,181,318,240,483,171,207,535,187,204,503,547,160,556,795,309,430,741,595,74,661,714,245,523,722,492,83,688,482,162,368,295,643,54,0,275,310,207,141,355,480,322,201,571,164,237,336,315,240,316,224,621,142,342,660,413,235,603,606,61,285,672,156,292,372,229,2,324,460,274,119,340,205,47,304,416,251,16,131,192,41,48,47,30,17,45,89,24,11,161,94,301,304,422,165,620,316,553,462,98,427,206,69,86,34,272,26,12,37,148,233,62,246,88,75,50,37,132,296,235,213,518,6,407,400,92,623,432,87,242,406,385,14,167,306,249,134,239,425,215,280,704,355,70,580,527,288,1000,324,156,403,88,155,10,35,257,259,461,12,236,260,98,334,158,243,430,401,400,19,755,567,32,1148,937,848,1233,805,591,1150,424,885,731,36,691,493,464,474,205,669,302,225,757,127,428,221,105,342,107,533,430,603,818,1124,955,925,167,1032,937,616,1235,754,620,209
54,52,73,153,94,37,92,43,186,45,25,811,92,112,186,52,202,119,37,215,127,183,171,204,349,284,259,563,780,525,533,602,439,474,528,346,311,597,206,204,271,19,86,22,157,27,246,340,746,331,681,204,375,603,577,554,729,581,544,422,765,752,792,710,615,638,602,801,603,655,521,491,617,292,383,832,158,40,62,415,443,152,472,584,565,356,538,699,572,248,438,291,464,424,268,328,157,40,32,49,167,180,132,43,33,67,114,63,89,25,101,278,132,143,244,333,224,133,184,121,193,241,326,4,76,12,28,18,16,24,10,165,61,9,369,551,359,324,227,113,88,345,368,386,337,415,318,290,217,16,72,111,84,333,60,113,10,15,89,194,255,17,86,15,170,142,191,233,309,439,303,102,214,99,152,27,41,143,176,298,324,414,628,411,661,559,523,574,369,302,399,328,19,108,51,327,480,385,301,8,11,41,131,223,278,389,298,200,442,274,24,31,117,472,476,804,907,1014,1061,1066,1763,1060,1185,981,925,649,507,245,178,23,597,515,597,855,689,622,413,249,79,226,271,514,665,818,853,1256,943,973,932,811,759,533,342,166,304,50
351,88,438,232,239,200,36,151,282,143,32,1023,177,86,15,16,153,164,52,187,121,65,74,48,567,375,427,216,349,961,671,554,212,5,175,622,405,123,389,767,231,212,24,196,378,265,280,109,381,513,468,440,81,435,664,452,618,596,383,175,161,668,931,785,139,37,282,724,773,425,450,1,397,358,167,21,15,92,301,218,158,235,266,94,590,607,498,300,201,324,71,419,493,391,486,485,508,17,227,640,705,571,530,134,278,333,514,552,450,281,43,12,83,310,245,183,73,18,25,74,184,178,231,147,2,94,29,13,28,13,53,90,56,29,455,312,39,427,607,325,152,485,515,385,162,303,416,181,49,21,45,99,50,344,53,161,5,54,133,12,82,91,243,153,3,344,667,530,225,201,361,433,106,242,36,273,54,70,74,316,335,286,775,274,11,346,675,853,635,64,223,808,448,453,94,95,286,23,390,150,287,91,307,522,126,143,131,333,171,130,627,511,56,522,725,1241,1071,635,597,1350,1277,763,67,694,706,722,36,430,728,388,230,578,678,307,24,491,543,257,138,464,523,213,382,578,891,1100,117,817,1075,1195,373,430,1008,1029,732,218
568,185,405,106,440,592,199,96,341,221,352,1047,279,189,30,152,111,148,232,117,150,184,7,358,256,370,76,305,116,826,427,632,181,535,588,373,344,445,309,772,195,223,114,0,235,94,90,42,250,318,489,252,18,705,517,500,93,523,833,370,159,534,583,825,27,549,929,352,26,595,456,363,20,383,24,382,172,33,144,70,88,292,405,171,387,490,262,55,450,548,417,247,109,448,433,448,83,306,606,727,328,413,686,321,384,409,595,513,344,480,319,313,209,162,108,346,317,44,193,226,278,106,54,13,25,23,46,47,35,23,51,28,27,7,410,70,505,447,91,518,392,324,303,209,19,309,222,104,214,133,22,71,204,372,112,81,35,29,154,76,216,1,281,386,141,177,474,189,176,495,436,38,190,343,510,63,171,44,166,447,351,230,120,636,586,304,769,1041,536,413,840,592,3,532,273,60,114,201,206,370,170,479,619,236,335,408,153,302,180,191,331,227,375,963,597,146,1142,535,213,1187,1166,722,531,1071,668,355,1016,258,279,647,208,554,463,161,456,403,106,115,316,121,334,508,327,726,591,101,1204,1031,280,1046,1086,338,977,1151,528,92
159,8,250,320,397,140,103,134,42,81,103,262,140,220,10,249,310,278,254,191,113,140,125,295,160,341,478,592,515,357,601,443,555,474,259,411,142,216,276,299,163,307,31,111,400,535,289,290,397,461,632,406,576,530,283,475,411,363,346,242,192,280,100,4,53,6,167,232,180,158,270,217,127,164,201,623,173,129,126,136,99,62,44,161,56,38,55,134,288,310,468,221,366,569,454,588,635,877,733,639,578,832,680,442,447,578,389,445,72,48,116,138,29,192,265,248,366,455,304,126,213,211,172,48,2,34,14,73,28,15,25,15,12,71,454,417,373,261,273,24,32,141,452,275,288,363,63,187,301,12,0,89,86,58,41,48,74,2,99,29,106,253,2,158,36,239,279,10,78,115,68,157,17,356,280,144,371,264,390,340,531,170,718,623,333,397,771,603,810,771,628,660,413,299,335,179,124,137,172,259,381,590,302,653,430,397,306,299,123,200,245,314,306,818,691,1053,970,1092,1500,1216,1198,1254,1240,1086,888,714,452,415,360,37,181,232,417,554,495,452,397,592,138,241,121,87,234,418,796,288,778,1019,1057,1551,1400,1173,1194,1048,1106,219
48,118,230,402,78,469,212,193,352,665,77,942,47,115,351,23,90,174,31,148,19,32,286,192,419,267,186,178,653,341,584,666,334,497,784,619,455,491,144,486,294,195,143,223,92,250,230,39,534,448,157,422,730,134,283,648,516,58,563,570,398,209,908,538,308,666,757,389,358,769,505,63,542,288,186,1056,270,3,41,53,56,75,327,504,52,336,769,259,15,726,338,253,231,268,542,22,51,478,583,115,490,701,109,448,885,494,117,555,558,141,194,419,333,178,159,210,75,200,282,1,25,44,113,99,10,3,12,73,54,22,27,64,12,39,391,139,541,367,372,511,87,450,311,179,473,74,305,139,119,71,14,23,70,150,105,35,235,169,242,166,86,110,334,268,95,504,206,29,457,469,207,258,423,74,87,269,277,319,357,306,467,43,16,465,646,355,452,1061,542,324,939,600,364,456,81,154,39,43,60,190,321,29,322,547,163,316,135,9,401,185,563,488,233,891,590,456,1371,35,902,1472,694,561,1053,765,439,1145,229,650,483,261,387,132,527,374,14,654,383,330,498,77,590,174,573,904,252,86,771,124,975,998,71,1136,936,94,903,148
228,107,448,353,400,152,69,146,56,64,323,1142,111,95,120,98,390,91,73,79,115,121,186,243,224,104,525,677,229,664,667,392,204,578,660,489,410,558,13,832,384,126,77,32,263,403,297,209,252,477,614,1,238,716,243,16,441,461,427,32,550,718,442,161,920,893,526,224,830,760,197,434,545,320,55,1026,357,280,35,13,102,98,95,380,283,130,254,408,211,105,263,424,522,6,43,614,421,461,82,496,560,400,27,297,531,417,191,626,363,230,145,534,486,305,64,266,360,105,82,273,288,172,80,2,15,5,32,30,11,14,16,143,44,3,217,406,110,394,466,8,534,430,110,378,258,100,313,237,137,72,110,174,122,55,189,195,262,200,145,103,31,152,65,334,222,67,384,435,12,355,428,262,87,333,205,293,249,218,72,445,471,106,421,596,558,86,716,956,439,278,979,523,211,720,375,313,166,64,113,102,373,350,367,376,619,83,390,418,212,350,91,328,780,568,229,938,932,652,950,1127,214,675,1184,378,498,622,217,335,342,5,646,269,242,814,354,230,621,141,237,429,143,246,511,300,950,1471,93,991,1059,252,793,1363,582,771,1244,241
206,106,400,486,448,31,200,397,233,63,392,364,444,152,343,73,159,67,140,110,264,142,313,368,147,248,321,445,218,601,328,76,653,770,410,238,416,139,239,364,355,127,86,113,138,54,48,335,270,206,279,342,38,553,319,14,160,806,672,98,260,626,797,149,696,887,339,509,826,651,128,476,418,155,456,670,102,197,91,22,129,449,189,23,228,430,241,17,636,510,258,288,247,405,467,174,533,536,25,629,722,432,403,396,480,112,366,544,309,118,289,459,381,2,465,297,144,149,319,138,54,158,133,6,117,15,22,33,66,26,42,50,76,1,496,116,584,458,263,643,178,403,321,112,316,310,38,86,10,160,39,227,3,114,14,33,77,49,124,27,55,246,152,213,212,104,774,225,220,572,401,31,238,227,129,165,35,438,127,106,107,56,214,237,759,872,421,773,921,185,592,881,215,443,313,83,154,63,210,34,549,559,165,483,524,11,167,140,269,362,290,788,388,523,781,425,358,968,849,787,1245,767,589,918,376,456,643,378,590,143,427,600,41,637,725,82,562,216,336,159,84,436,386,490,881,1552,699,1097,249,546,1241,278,844,1160,338,189
177,221,132,227,373,83,45,187,177,145,63,1152,17,218,99,395,248,168,43,29,101,129,20,89,403,459,658,685,750,488,598,711,643,385,576,572,449,392,144,376,24,59,174,140,218,4,283,91,162,368,205,419,139,311,706,431,199,399,253,536,610,642,965,695,1027,1019,895,990,1162,785,651,692,549,666,560,334,171,0,136,26,71,149,133,243,274,232,223,329,259,270,153,295,271,426,296,298,440,451,530,608,466,788,544,351,649,711,525,289,413,337,462,217,162,172,179,189,209,261,188,236,104,220,1,10,44,45,25,39,41,5,14,5,11,101,297,425,438,503,336,147,23,161,42,248,363,225,214,177,31,42,73,87,1,235,139,93,123,156,121,193,195,316,9,18,121,38,42,67,277,176,257,163,288,263,83,145,71,9,58,245,371,177,498,471,380,481,846,528,404,598,396,181,227,76,211,102,121,386,38,2,138,239,251,575,288,397,506,202,140,268,131,74,363,466,888,1104,1087,762,1037,1240,1325,1106,1079,1105,678,385,436,116,64,223,522,506,774,653,546,475,322,359,140,99,488,510,518,850,653,1787,825,686,679,491,99,4,425,463,343,2
195,119,367,342,426,484,400,160,190,322,437,681,54,12,180,47,503,109,9,293,225,236,99,404,444,468,78,1029,995,856,559,47,601,1514,1470,1155,764,647,583,165,703,279,458,473,455,350,296,467,1089,400,43,159,721,835,933,750,279,117,393,648,944,865,1034,850,146,436,962,1504,1307,935,203,362,1107,1130,471,227,134,358,262,118,316,533,348,240,393,709,451,454,233,189,366,362,375,450,304,573,384,452,82,600,995,1211,1170,149,138,674,1024,577,413,169,91,39,81,221,441,545,636,410,94,261,108,198,109,124,1,67,101,64,41,4,16,20,47,188,169,21,718,642,189,60,488,565,101,73,423,299,151,41,82,173,133,172,38,312,200,358,101,50,90,174,69,7,23,65,297,418,336,333,353,494,515,545,610,234,135,122,176,150,122,607,646,377,357,128,332,755,1180,1209,891,244,757,804,1023,357,91,42,105,248,326,211,4,544,852,385,756,177,274,669,283,111,62,669,571,217,736,1462,1771,262,207,838,1522,1236,775,69,724,894,627,182,288,823,514,451,1117,815,881,102,537,863,550,162,561,443,237,33,815,1530,1314,554,277,1692,1594,772,663,679,1134,274
227,40,20,290,11,10,36,8,99,108,6,1115,124,58,83,97,135,18,61,66,55,74,154,29,84,3,209,240,316,489,786,451,554,641,603,527,607,510,426,134,711,433,266,470,41,96,64,43,278,38,242,14,316,190,13,264,141,78,1,94,161,286,245,168,273,301,206,284,297,203,130,80,13,112,44,606,26,29,49,34,167,32,67,14,35,30,4,152,0,4,9,96,209,252,218,244,333,436,362,745,553,628,499,278,473,453,509,496,359,139,183,207,80,167,179,62,110,176,144,126,91,58,30,1,29,50,39,30,58,25,0,71,63,56,97,5,175,195,308,382,284,254,215,162,130,163,76,91,74,45,5,88,177,204,101,224,239,241,105,41,25,149,60,68,226,438,291,275,346,303,147,228,145,205,240,129,103,160,92,57,106,24,92,8,99,21,76,187,209,382,268,248,281,209,244,123,29,128,300,108,378,584,639,357,409,304,433,354,173,2,13,159,291,301,478,630,827,689,903,1003,807,886,784,571,633,403,250,17,270,227,353,488,577,426,362,381,176,273,7,57,228,258,436,438,510,999,662,791,655,693,704,413,211,200,151,170
157,98,25,94,316,223,117,43,144,80,90,467,67,251,7,144,294,102,127,105,68,124,5,276,105,185,519,351,141,661,521,102,523,694,389,238,576,423,192,201,366,30,284,336,12,343,212,243,283,453,129,172,286,327,86,69,209,485,217,111,278,194,251,30,457,658,489,70,512,553,221,279,484,249,28,839,271,58,115,71,50,211,46,215,378,58,224,477,216,26,167,267,183,80,92,156,290,395,269,153,602,686,39,239,553,458,32,192,291,71,68,63,196,290,117,29,219,180,18,82,132,4,83,7,56,45,72,15,7,16,2,26,65,6,69,297,157,284,255,2,167,220,93,237,98,86,102,77,52,49,26,49,98,256,69,40,202,27,23,29,20,144,28,133,142,35,311,307,110,204,329,257,44,68,201,282,46,34,62,196,441,123,105,375,422,424,135,449,862,214,237,685,340,7,162,84,20,69,304,310,33,414,305,198,293,591,32,181,182,27,259,362,45,641,619,225,684,257,316,490,902,474,69,594,373,39,472,234,206,224,82,435,434,22,597,350,239,398,309,40,90,167,142,563,236,331,741,529,173,707,749,243,655,735,187,101
162,234,195,609,239,312,385,78,419,236,10,1311,188,4,311,155,139,122,329,16,156,63,123,324,555,196,274,740,42,388,422,284,708,779,58,597,522,40,456,268,50,231,1,207,183,455,272,206,590,400,77,409,422,76,514,578,120,57,437,563,77,373,840,313,688,1056,444,623,1000,282,438,735,351,225,294,506,6,96,141,47,237,410,157,660,526,214,637,407,72,263,304,67,180,385,280,99,288,564,243,229,786,498,318,525,484,110,470,301,113,293,314,236,16,363,404,11,415,324,53,222,123,38,26,47,58,2,73,11,20,12,16,16,4,44,30,451,223,352,315,261,609,210,391,313,306,328,3,326,90,60,46,58,21,194,69,344,285,90,224,51,104,78,156,108,354,302,159,343,288,101,174,416,172,292,453,10,131,244,195,118,72,46,376,116,780,782,9,877,864,111,830,605,117,522,309,183,197,1,141,139,45,147,451,14,136,438,179,125,9,297,385,449,646,384,808,705,131,1090,1024,289,1324,745,422,1283,352,560,640,73,406,24,471,28,449,229,253,250,237,286,132,213,494,92,453,294,504,1069,89,790,1003,256,1176,1040,553,1158,225,184
210,113,216,841,924,659,526,340,448,251,213,99,16,22,198,423,166,242,343,88,210,39,77,178,256,711,482,202,563,753,693,395,298,621,659,379,229,102,26,883,129,316,108,90,675,200,219,547,314,439,759,483,544,919,422,511,619,304,647,408,774,597,832,1284,1298,1087,1579,1121,1263,1098,1308,1101,1174,975,873,680,205,166,95,117,392,643,509,518,952,779,601,908,867,1023,640,670,551,569,460,254,354,730,409,545,488,479,648,255,319,520,262,307,334,216,57,382,118,210,408,381,177,328,275,86,197,76,263,1,37,79,55,46,51,23,49,107,39,14,435,546,780,752,532,286,116,113,34,131,295,275,413,178,80,134,77,143,343,125,124,38,33,140,35,208,232,50,313,252,261,300,42,53,285,127,244,230,116,268,147,117,348,328,188,628,666,268,846,1077,1233,1560,1331,1295,1039,1309,1132,1167,621,272,415,144,199,479,521,340,596,490,357,525,149,58,19,419,648,357,424,635,782,1129,997,608,836,682,126,10,331,597,783,666,644,757,1054,761,542,912,170,15,201,392,699,1167,560,492,685,624,482,300,236,23,522,355,873,865,1286,1053,1161,1624,1633,1884,1795,22
122,29,15,289,149,15,267,148,62,257,18,808,9,33,118,116,158,421,101,92,106,26,94,48,76,71,303,96,405,348,346,549,247,320,495,146,438,621,145,223,316,22,129,10,144,13,197,227,200,427,67,349,249,45,281,455,239,342,329,175,40,480,319,197,599,470,343,705,472,292,502,375,1,542,78,704,50,92,40,81,81,314,323,5,448,351,289,508,312,174,383,172,97,195,330,175,63,362,351,75,532,639,149,273,303,80,443,276,126,227,199,2,241,235,99,176,359,108,269,183,4,150,132,5,95,13,51,12,18,18,27,5,10,12,310,77,405,40,280,193,190,250,46,274,20,281,113,28,41,114,169,31,10,205,135,108,168,22,62,65,96,91,44,102,210,224,88,416,219,234,320,133,161,450,36,43,198,158,68,190,277,124,57,620,480,389,600,254,472,643,29,600,195,202,262,21,159,197,236,93,307,116,335,283,25,446,43,150,94,498,157,293,555,87,639,575,386,461,260,846,769,188,914,173,461,269,302,513,125,312,122,365,355,250,542,100,370,31,447,259,217,468,228,540,262,549,621,188,825,217,743,804,198,954,378,43
136,122,145,269,89,88,115,41,80,173,71,909,140,201,192,155,33,8,126,7,34,10,189,115,99,233,402,354,469,431,545,426,644,698,535,557,527,450,354,63,240,240,196,129,161,1,24,78,74,148,72,55,85,99,149,133,316,226,330,295,377,494,633,558,543,536,464,658,231,587,346,453,307,312,240,840,337,145,266,246,112,230,265,271,326,203,310,187,280,296,328,91,139,6,252,103,33,13,103,69,24,129,50,0,135,347,265,151,190,218,32,138,232,92,158,82,36,62,14,60,9,116,151,61,79,2,11,5,23,7,17,22,15,40,369,342,319,407,340,300,169,86,47,7,88,25,79,26,170,137,24,89,41,34,20,150,12,1,112,35,81,73,40,96,96,84,72,139,94,59,57,4,151,172,152,156,195,302,314,227,337,167,211,274,398,145,342,379,207,238,318,276,206,407,99,225,211,84,92,127,130,136,157,46,5,113,281,225,199,199,489,314,613,638,702,713,720,391,976,1027,958,724,635,535,551,231,213,75,211,132,295,296,344,395,421,385,317,323,244,68,100,228,11,126,52,576,136,204,163,263,395,237,361,540,328,53
12,92,103,297,41,174,83,156,310,193,144,1180,37,40,385,23,58,190,144,6,157,54,164,343,235,8,45,87,99,364,226,554,319,835,687,659,633,903,664,56,199,70,114,366,270,439,494,762,579,616,776,841,629,397,393,261,548,24,331,400,327,263,583,606,405,373,479,255,258,34,228,240,199,365,412,994,253,38,55,60,194,494,499,745,587,592,580,706,383,341,491,275,272,82,444,309,554,716,621,816,406,695,686,428,690,286,574,201,244,388,170,8,122,278,315,199,192,380,239,172,67,88,199,29,151,35,22,37,28,5,97,13,26,64,257,336,451,497,454,345,54,74,313,436,357,359,401,283,107,3,23,98,10,70,25,108,145,78,111,54,40,0,305,300,375,361,383,183,137,127,176,66,41,16,179,36,300,266,420,319,526,215,376,613,547,500,376,295,44,11,466,247,407,434,330,215,92,9,239,290,557,419,443,416,295,203,117,188,460,431,521,399,160,99,140,76,411,970,587,1186,1283,1278,991,1122,655,644,223,49,92,759,626,562,519,147,191,67,178,353,295,398,465,459,262,224,102,273,696,878,1020,1093,1316,1281,839,913,455,177
225,69,73,836,1144,697,570,263,661,718,75,1322,306,71,31,7,203,355,353,72,202,144,132,277,451,346,13,514,649,737,299,603,1147,1303,236,74,987,1170,614,484,576,664,675,159,776,821,32,349,1114,1032,613,396,383,995,797,693,223,402,668,783,829,670,396,283,1316,1179,836,378,332,1058,1063,687,143,867,570,658,33,162,176,128,523,588,131,3,913,1002,715,155,378,454,396,423,235,288,78,26,379,844,1032,715,29,966,1229,329,396,208,658,637,517,33,19,87,14,274,329,357,90,103,136,180,122,105,193,34,121,46,48,16,28,122,1,120,16,56,689,478,21,697,700,372,413,869,537,31,504,575,444,45,130,88,92,218,22,259,342,38,359,228,305,11,166,74,240,228,56,309,498,553,161,30,464,575,553,164,169,102,92,282,520,608,756,2,72,791,1037,1280,681,269,1213,1143,1106,233,554,897,496,3,70,109,122,651,269,68,431,580,474,382,309,474,80,391,688,50,722,1375,1160,603,751,1649,2009,1127,259,1355,1670,893,248,1057,1336,236,364,866,107,301,606,1020,117,473,617,391,186,571,670,137,600,1226,576,929,1512,1765,1137,471,1389,1998,1373,383,1261,164
17,194,366,462,3,264,480,214,77,269,32,711,79,190,80,111,107,93,169,0,124,147,48,48,141,296,218,36,615,513,324,129,566,490,114,316,350,40,252,149,279,314,415,163,143,248,104,18,379,337,207,225,624,305,29,308,304,123,171,0,324,325,277,222,294,603,520,139,478,462,263,16,400,470,142,708,154,94,162,226,218,361,195,97,464,408,105,376,421,239,42,5,162,265,202,220,127,180,454,490,65,233,622,249,9,406,401,126,33,145,259,32,110,17,102,319,233,146,85,127,151,43,21,44,109,21,24,10,35,19,23,8,68,45,128,72,365,164,100,402,169,232,356,105,178,358,146,14,163,32,35,12,9,135,25,156,17,32,21,123,104,151,147,250,113,145,433,292,90,272,384,200,34,215,393,239,42,52,151,262,479,125,36,456,593,234,171,627,585,82,496,671,194,320,161,19,272,155,140,211,63,143,488,180,176,216,163,59,436,47,370,549,24,526,523,244,228,862,858,211,905,963,426,685,647,592,219,343,224,251,468,86,407,431,141,327,368,166,279,275,57,390,399,169,579,1236,90,652,733,367,460,830,548,337,781,107
49,156,202,464,468,160,45,352,103,211,68,964,236,42,45,160,106,12,32,305,248,15,63,27,137,364,501,135,182,601,745,616,103,257,736,469,379,126,398,164,362,123,43,393,374,179,189,242,662,266,108,202,297,434,507,336,140,135,290,491,451,335,341,193,161,548,750,565,276,54,370,521,407,262,0,750,244,91,253,174,121,83,288,304,349,159,31,216,425,319,179,220,11,47,42,94,376,382,655,348,82,302,494,394,429,46,183,166,167,158,50,175,37,82,0,187,193,136,14,50,34,18,22,58,22,9,5,54,5,5,0,12,38,30,319,262,49,394,319,68,195,396,255,138,145,211,222,56,21,77,55,95,58,30,112,201,44,52,67,63,33,61,151,158,246,228,263,172,185,298,323,282,193,9,67,130,116,196,293,378,264,66,47,329,690,668,407,126,151,690,466,520,18,212,297,5,145,157,45,194,245,373,279,134,267,271,85,36,294,271,61,355,659,564,188,282,793,577,543,19,381,788,963,404,113,413,700,217,124,383,337,1,240,489,321,23,251,373,231,119,81,358,222,219,495,1028,557,332,815,913,675,394,363,810,753,8
315,88,261,310,516,858,629,386,190,55,174,1998,431,238,52,165,37,141,276,116,139,79,133,267,342,62,17,251,469,390,195,598,466,849,398,572,381,745,568,673,421,547,476,960,834,777,689,383,817,582,610,675,832,696,622,978,703,589,783,702,1012,702,687,655,985,938,951,869,643,841,691,486,580,321,404,1511,248,32,454,1,293,126,127,222,180,321,162,141,157,6,21,47,151,316,427,879,985,630,939,1059,1048,693,1007,645,918,844,565,508,496,224,43,8,42,220,180,411,299,208,26,147,74,25,319,10,94,40,19,70,122,6,51,20,139,13,315,170,26,174,487,353,631,951,673,482,287,429,294,76,220,164,335,77,78,243,7,137,29,93,25,175,98,428,376,37,310,91,88,200,48,83,90,131,84,340,374,314,487,776,640,403,539,96,822,864,628,948,809,1114,1009,812,1098,631,523,404,587,468,361,1,495,439,391,40,605,295,648,590,657,242,457,234,44,110,304,314,478,641,971,1185,671,1029,1078,1043,1404,1182,1222,788,826,890,848,666,47,497,116,65,111,288,295,398,887,1066,455,326,464,339,600,1725,202,566,92,484,725,509,804,1358,1063,40
236,108,397,407,495,330,219,162,27,100,273,392,215,432,221,163,139,118,63,250,350,388,364,296,433,275,529,354,195,181,67,332,232,412,351,401,360,613,720,516,511,203,286,43,83,142,245,209,448,440,615,625,703,729,782,805,560,468,872,421,442,185,120,36,175,475,427,546,692,834,1044,1008,965,851,765,338,413,181,243,431,523,697,698,758,831,669,703,535,456,238,37,244,341,387,584,527,696,667,416,381,210,30,250,307,449,587,383,316,184,90,245,283,64,223,557,502,288,203,181,12,224,337,352,9,27,40,35,6,8,50,5,15,24,24,177,200,204,98,13,64,181,187,281,261,182,155,13,74,123,136,239,212,118,253,90,173,158,329,292,185,99,58,98,75,1,28,173,311,376,310,404,449,313,68,119,225,436,442,608,524,515,251,646,420,447,276,291,27,45,327,537,538,897,656,205,69,66,322,843,974,868,843,883,773,623,346,823,781,484,260,19,302,463,723,1129,873,903,813,422,383,212,33,171,451,562,664,970,1002,1068,1104,1054,920,770,565,480,195,116,182,290,645,802,910,972,1152,1120,1172,942,829,691,544,300,177,51,239,279,7
92,114,377,61,102,26,7,25,93,82,19,1189,200,94,24,26,131,114,5,144,111,127,17,113,14,213,294,344,304,575,562,420,532,434,582,340,375,238,79,338,59,274,3,153,258,291,330,459,190,477,444,466,221,316,364,298,271,389,199,241,224,315,446,378,413,488,552,457,430,461,297,366,175,316,16,160,254,77,92,144,37,100,124,136,6,23,8,34,17,26,87,62,28,57,50,332,212,251,441,365,462,425,368,70,299,329,230,110,82,191,5,197,135,102,113,245,118,177,155,212,41,140,67,17,1,14,33,13,28,12,2,29,1,57,286,363,288,246,137,6,20,255,202,258,277,245,90,36,125,92,44,42,119,17,93,88,86,34,16,188,84,0,4,56,136,198,203,306,314,264,232,175,203,149,132,145,145,147,220,13,214,94,114,204,261,231,340,325,470,475,615,562,470,377,87,31,92,110,250,284,408,236,355,324,177,57,7,214,152,359,404,514,294,431,374,350,458,324,105,45,217,426,641,577,704,666,519,526,131,114,111,7,292,263,391,627,537,398,235,113,168,248,131,431,682,809,818,1034,891,740,791,718,521,317,91,32
72,63,363,593,363,329,402,163,235,16,112,256,0,77,65,124,42,59,46,49,25,46,129,152,75,190,258,267,330,217,376,270,239,158,64,233,71,92,116,246,2,9,167,192,313,155,247,394,408,462,482,265,541,497,455,397,364,389,295,400,250,324,333,403,265,281,373,492,419,454,360,354,305,357,270,791,466,174,228,89,28,114,204,57,34,19,157,86,38,77,108,20,17,205,210,263,362,407,481,551,471,590,492,163,607,434,415,386,348,350,269,287,154,32,137,180,135,205,79,191,49,24,20,35,49,17,23,16,2,30,51,11,14,68,277,232,134,94,36,92,179,208,214,300,335,144,216,113,35,12,7,12,8,19,14,102,50,10,67,110,105,171,96,232,45,69,55,140,39,44,41,8,109,84,3,125,255,55,400,375,289,138,434,601,563,617,535,755,771,866,701,479,431,416,278,46,37,47,226,289,290,378,315,402,273,258,215,149,132,225,328,492,396,514,679,913,1016,587,1013,1157,906,1012,694,612,342,273,17,117,68,350,455,438,476,261,479,231,154,334,19,15,74,312,585,579,618,947,853,890,712,571,827,792,606,657,381,54
392,101,441,212,587,824,759,508,357,93,277,2018,174,50,18,93,58,50,0,191,375,218,28,111,114,283,521,657,623,521,29,310,842,877,1046,1170,473,1,662,362,773,836,492,140,422,439,789,330,350,929,827,845,727,427,102,144,420,666,869,930,549,547,541,192,216,344,1102,1179,1204,1144,830,150,533,665,878,1068,466,134,138,221,90,139,231,718,667,537,9,383,375,568,648,631,366,335,413,705,390,173,212,462,881,1213,1189,250,412,113,473,586,687,608,495,392,331,204,199,80,217,276,401,243,193,123,111,124,58,112,29,74,63,30,53,25,27,52,350,178,676,701,430,6,517,842,571,243,62,149,317,92,110,41,70,118,315,296,18,201,98,311,223,129,288,29,98,14,203,666,457,435,201,175,280,422,351,522,316,364,381,180,473,271,96,105,555,935,1341,1283,926,715,239,838,1124,929,846,259,168,345,371,75,398,585,333,29,461,741,626,313,115,258,386,605,156,310,1090,1489,1432,900,261,1498,1627,1876,1644,749,187,1049,1257,1101,406,123,576,677,558,138,517,699,1023,374,18,200,783,693,158,775,1057,1178,910,1622,617,1521,1658,1756,938,269,959,1389,1528,94
190,38,217,268,242,474,275,265,237,319,26,51,87,36,43,104,178,7,61,57,1,46,79,56,218,14,54,198,296,364,592,641,701,626,522,667,213,128,288,269,98,151,219,303,329,401,319,171,215,104,1,12,42,99,309,316,213,321,305,245,95,220,308,360,269,438,449,725,456,600,645,542,573,478,396,212,300,143,54,52,95,182,44,352,134,54,102,155,66,4,244,66,64,109,2,63,27,69,171,144,44,76,122,280,282,305,283,437,174,208,309,193,55,27,128,130,85,83,278,148,43,142,29,38,31,71,68,12,1,13,41,16,11,34,257,322,362,313,297,152,51,181,168,327,269,160,229,18,81,31,48,21,60,18,72,109,90,90,26,11,29,93,157,152,1,212,247,206,10,26,182,185,120,200,34,27,5,21,184,92,167,198,200,6,4,69,253,139,525,314,488,368,475,211,136,92,84,159,416,203,124,257,52,22,28,241,292,450,278,348,176,60,194,112,375,716,990,718,1029,882,864,843,539,338,75,359,307,443,371,291,366,133,7,303,388,481,526,314,217,419,50,55,351,263,678,1016,775,859,776,613,314,225,272,311,607,24
31,48,500,194,237,67,141,61,112,317,336,661,171,63,60,6,107,49,51,4,67,11,45,60,155,199,235,379,259,461,522,418,333,171,118,253,488,494,454,73,535,195,139,101,213,98,198,169,558,195,313,188,13,109,211,196,411,204,444,335,399,334,378,477,618,435,638,409,523,513,401,36,58,120,231,724,288,159,138,104,24,138,384,374,213,140,294,53,68,148,40,76,37,80,1,9,53,48,193,224,361,444,380,361,497,517,418,360,347,315,111,178,52,146,125,47,6,49,1,33,58,57,59,16,8,38,12,48,10,30,3,21,20,22,265,332,217,135,113,119,354,304,241,183,214,31,169,42,9,21,52,116,41,53,91,66,31,133,16,132,26,18,141,223,299,334,14,28,254,182,227,247,260,227,23,116,209,90,213,208,287,14,409,468,754,647,777,533,701,269,165,286,158,531,258,8,53,205,340,340,327,130,69,119,47,185,287,269,252,32,122,326,574,753,706,944,574,123,429,155,431,649,878,738,680,414,333,32,383,146,383,412,317,185,120,343,306,338,194,107,92,240,504,808,818,1077,607,170,128,285,485,847,848,970,693,2
37,42,99,25,123,88,151,21,171,340,159,1104,121,97,266,52,264,84,180,26,38,226,211,306,416,401,538,601,548,356,441,415,421,495,501,468,418,276,448,535,165,60,26,60,104,281,268,401,355,235,375,222,382,439,115,345,104,62,134,213,214,440,525,657,710,827,759,747,657,758,702,563,400,560,321,515,172,103,89,38,272,138,315,393,145,462,311,321,320,210,121,16,45,84,166,344,330,636,609,517,644,596,620,18,462,569,388,351,159,108,127,111,178,242,346,280,343,234,138,129,207,44,6,0,30,35,8,69,28,4,78,25,51,53,184,123,13,200,159,222,288,309,305,307,238,208,240,70,18,64,61,37,130,70,6,57,40,6,1,129,216,271,165,188,228,223,182,152,294,205,87,150,132,174,193,39,68,61,65,55,130,222,229,280,396,328,425,611,448,366,327,539,316,11,87,42,118,114,240,296,112,333,129,193,204,124,32,27,42,335,401,624,608,495,804,778,906,948,1079,969,1107,889,758,886,581,418,310,260,166,27,185,346,288,347,677,353,378,435,434,299,319,406,381,144,55,780,53,89,38,24,127,164,545,460,389,53
351,188,30,385,239,227,117,145,134,93,53,1070,106,112,248,72,209,447,130,212,143,210,199,95,258,91,136,532,527,393,294,769,535,393,117,431,526,252,14,370,173,65,345,256,131,179,346,533,148,177,172,424,325,70,133,339,260,301,198,115,21,286,549,591,313,205,579,802,483,159,305,669,417,119,231,760,255,13,172,168,238,426,362,13,251,727,464,156,110,197,281,148,303,220,49,104,105,472,570,384,17,343,562,251,138,174,303,291,193,34,74,92,212,256,336,216,10,263,326,169,25,42,69,34,33,48,21,54,35,6,54,68,53,15,147,223,361,233,269,406,285,31,205,302,143,21,80,84,9,123,48,63,148,7,165,228,9,109,104,20,206,70,32,82,283,130,22,295,159,73,90,214,154,220,7,54,19,111,128,175,394,328,135,528,690,497,162,212,464,800,228,178,527,316,12,277,1,150,196,111,230,495,294,242,275,473,376,93,418,471,82,416,632,414,126,734,925,159,161,701,931,556,108,700,746,278,165,398,241,196,449,159,69,467,352,224,438,443,232,228,392,564,96,524,688,1205,200,769,869,517,285,756,1002,386,386,73
18,28,528,343,408,202,60,96,137,163,44,953,138,7,408,441,276,98,80,186,11,205,190,116,136,186,520,497,625,389,320,103,105,401,473,658,542,579,384,387,1,203,189,402,155,158,146,221,346,386,472,444,444,379,207,159,92,45,14,129,209,228,145,32,176,320,493,729,727,651,566,630,162,257,38,1012,61,16,112,178,314,501,540,380,132,93,96,180,211,404,344,197,82,141,6,58,339,414,527,538,596,517,347,137,63,53,173,258,243,172,170,84,65,172,230,236,302,289,172,130,68,20,4,24,25,3,9,33,50,17,10,15,33,5,287,287,65,114,272,388,288,290,47,137,53,248,140,101,0,40,131,79,180,49,178,90,101,47,87,236,282,80,97,126,252,270,252,182,57,79,112,5,261,76,163,165,99,183,47,317,323,114,322,507,638,605,381,369,95,174,537,435,441,645,247,40,56,336,110,83,149,373,498,327,238,163,98,90,396,378,447,377,38,334,668,684,937,459,837,582,242,87,650,567,696,810,157,60,132,478,429,248,129,9,334,402,577,497,91,121,373,451,581,384,302,807,239,581,713,920,840,681,574,122,223,110
40,68,413,528,333,393,291,149,86,56,7,1087,264,131,30,38,101,110,270,207,368,206,34,21,111,240,405,451,542,552,770,608,779,579,398,356,359,191,68,578,258,279,223,128,322,136,384,5,47,44,68,160,58,299,156,77,12,31,100,38,43,134,110,247,69,65,88,120,171,275,477,431,572,328,419,786,25,216,99,194,332,501,335,677,572,479,289,250,262,142,123,246,42,207,139,295,504,569,637,649,532,698,736,250,645,305,221,185,98,192,78,125,156,378,410,382,421,351,246,169,138,99,101,65,14,11,0,37,20,9,17,9,30,24,404,448,362,246,262,144,92,181,256,242,335,254,117,110,30,28,29,77,30,4,109,124,212,173,150,59,49,13,216,250,267,294,114,117,287,164,124,22,81,38,68,29,105,186,282,227,264,212,455,454,598,688,362,451,359,293,57,127,111,129,90,35,59,84,158,206,410,481,427,294,332,370,104,194,32,499,492,434,671,753,546,603,663,182,67,271,146,437,518,853,686,645,410,224,301,42,328,269,477,507,577,289,295,21,99,463,262,533,537,766,684,1236,453,238,180,265,214,523,951,875,999,102
202,69,22,447,319,91,367,390,188,218,156,455,85,99,130,248,202,280,163,79,104,204,118,223,132,441,128,266,564,354,295,609,308,172,566,680,46,494,415,481,379,251,31,390,0,387,382,88,318,408,255,179,411,302,104,72,257,209,177,58,283,365,326,62,578,521,231,408,698,421,179,746,440,113,217,118,9,62,113,221,16,298,536,207,214,435,339,170,433,387,145,159,147,92,257,275,1,297,629,255,376,687,520,75,536,415,32,245,338,55,137,135,144,303,268,59,381,233,22,212,172,51,26,40,21,84,4,58,0,0,43,35,5,5,208,181,338,74,332,271,170,313,128,196,193,92,94,34,65,3,26,37,95,38,55,144,35,106,174,44,127,162,75,238,130,98,286,235,92,308,388,42,142,264,120,57,93,179,228,216,52,135,511,318,139,509,671,167,598,700,237,310,602,81,48,158,217,65,32,410,171,147,418,74,277,436,104,256,298,153,469,323,335,792,665,554,937,34,267,940,606,37,754,597,116,572,192,301,324,159,494,246,355,488,130,546,357,112,304,291,228,641,325,588,663,1033,517,943,496,352,1021,666,434,1030,400,104
446,136,284,223,60,248,322,150,47,77,312,733,99,367,259,197,83,200,273,163,52,324,249,141,187,232,236,93,8,252,633,558,487,114,470,457,779,250,110,542,316,334,9,304,285,382,44,49,354,277,520,414,27,20,287,458,242,284,246,278,109,182,79,491,482,614,449,376,248,374,628,802,241,99,323,758,43,27,155,8,11,280,406,616,293,174,141,432,519,279,193,26,132,48,108,59,134,457,589,641,667,227,216,81,540,470,228,53,125,77,54,38,76,252,433,214,10,203,190,257,148,58,30,79,47,57,38,14,13,7,34,38,31,56,7,297,366,168,108,356,333,265,10,200,254,254,1,100,41,108,52,151,36,164,209,169,88,129,164,43,23,125,134,12,272,187,378,15,93,251,240,236,219,23,156,73,77,8,65,235,498,187,308,192,18,457,646,516,487,130,119,394,379,137,77,100,107,154,335,297,86,309,495,447,298,31,109,406,313,210,158,637,411,525,25,628,951,306,643,31,664,908,783,228,244,553,439,244,251,502,392,46,368,548,707,254,203,473,653,248,168,559,564,519,229,228,978,960,384,274,667,936,799,256,352,63
41,75,267,405,385,152,37,32,225,142,83,378,234,41,107,250,221,247,217,16,236,187,122,113,200,270,261,67,238,586,713,572,260,68,346,517,466,305,15,491,427,317,169,190,253,301,123,1,295,397,477,546,140,13,29,182,259,186,280,237,202,347,180,99,250,559,566,632,556,212,182,462,460,370,240,565,171,116,2,208,340,372,196,247,338,480,353,388,172,52,195,84,116,8,40,323,370,404,431,195,38,358,602,218,525,211,19,139,176,155,141,125,272,288,261,168,37,232,302,212,101,23,49,50,31,23,49,55,5,34,22,15,47,61,25,197,377,258,25,190,310,366,91,97,196,162,135,35,16,73,72,6,56,66,160,206,198,57,83,97,27,48,239,168,127,49,160,426,309,274,31,48,79,200,131,92,111,140,229,341,248,268,44,444,580,604,673,261,84,455,577,481,286,24,152,73,142,273,285,269,83,312,411,485,252,40,236,321,315,3,471,563,563,398,38,567,886,567,653,188,334,846,925,502,27,233,387,380,144,394,398,371,56,143,610,588,322,38,313,466,329,12,479,545,666,1072,60,429,956,968,639,13,607,875,850,154
279,0,88,329,400,432,93,482,70,109,68,956,34,75,31,114,109,187,162,55,51,103,37,56,315,434,130,206,174,34,263,467,310,560,698,511,507,249,45,525,391,262,330,166,30,29,199,295,199,292,501,349,260,56,193,13,300,390,359,333,449,472,463,422,495,268,96,45,137,330,406,476,525,446,342,79,71,49,82,7,43,19,151,355,315,505,376,83,26,28,112,13,127,180,222,97,203,288,454,401,537,580,312,56,139,19,51,184,269,227,305,252,125,162,206,256,226,93,75,70,64,11,5,14,11,80,8,22,24,4,54,11,8,42,146,273,345,199,34,218,386,284,290,98,90,86,58,89,98,111,8,27,7,64,191,169,24,7,65,92,88,39,175,261,262,282,132,212,105,0,59,78,219,160,39,223,160,218,45,287,320,207,497,462,434,241,9,178,356,599,508,521,483,195,156,52,18,89,2,118,373,346,223,137,72,105,323,211,307,44,257,398,544,413,694,474,54,709,661,909,815,902,576,375,1,391,257,304,328,153,28,418,475,300,167,103,228,350,284,191,24,302,257,611,564,917,417,11,405,550,933,1099,654,459,103,209
417,202,556,599,397,729,619,324,313,521,108,1568,375,221,8,8,98,0,348,146,253,316,51,155,188,535,333,350,861,1095,224,23,556,1177,429,110,1257,748,312,802,810,209,118,456,360,158,559,748,181,497,822,604,137,617,709,509,215,326,686,936,679,178,602,1319,863,833,549,1102,1166,723,189,1029,778,488,541,1313,341,15,178,14,351,500,165,333,807,705,76,693,755,340,243,104,301,384,384,190,7,664,1035,883,89,535,1262,389,166,550,1132,717,367,389,596,298,389,200,24,208,488,268,160,261,234,149,100,16,59,68,20,4,69,64,156,89,4,31,573,90,695,617,232,667,496,46,624,595,130,244,341,201,87,2,22,159,105,493,72,103,186,213,50,174,160,351,261,10,407,497,119,688,798,343,299,502,658,372,148,22,273,401,227,293,94,49,1006,1041,249,662,1424,1564,347,674,1027,859,65,532,344,254,497,219,439,331,28,557,772,92,276,768,560,501,395,204,717,765,427,612,1691,1103,13,1472,1752,996,481,1481,1438,360,952,1112,523,641,647,14,467,963,333,751,865,104,557,450,229,521,641,54,638,1217,423,407,1966,1144,178,1539,1714,572,706,1569,935,297
44,282,529,463,831,715,198,419,233,597,458,1678,193,518,17,92,125,56,5,164,379,9,601,29,365,298,265,479,460,700,492,550,613,978,831,933,883,846,927,606,871,672,453,225,283,395,133,122,304,122,114,4,104,76,252,307,334,803,726,693,648,924,1073,1010,913,1123,1019,837,629,1007,375,226,571,539,71,1282,293,224,319,13,174,235,584,598,446,635,541,793,638,896,333,290,581,80,335,290,292,248,371,357,693,799,507,85,878,1015,840,861,587,634,386,275,337,71,22,16,2,92,26,20,207,10,45,49,29,16,6,54,30,13,165,6,107,187,625,694,670,766,448,606,570,437,390,301,159,144,10,158,93,238,111,154,179,232,239,102,38,103,423,48,220,264,169,327,158,252,295,160,261,63,181,198,218,438,398,113,300,321,67,249,94,219,337,435,409,466,847,838,979,960,678,1058,473,583,306,6,248,173,273,636,767,677,856,628,698,427,671,132,42,71,198,608,473,452,575,420,1042,1538,842,1308,1116,591,1075,1275,979,876,512,787,432,792,533,708,351,297,234,165,117,70,98,305,508,563,666,715,1224,1344,1896,1959,1785,1595,1898,1704,1744,1407,1350,305
476,310,382,48,442,632,618,280,359,254,237,411,265,42,129,92,88,150,141,32,41,373,36,13,270,100,124,38,325,303,637,721,593,656,839,686,698,649,696,156,195,356,204,40,68,115,509,422,530,626,434,463,702,545,544,464,307,289,462,641,563,330,536,633,360,642,707,522,449,358,170,131,118,65,74,656,80,365,221,284,46,121,309,88,171,379,596,383,451,284,265,291,306,333,261,79,247,160,190,342,326,423,377,418,374,601,517,443,476,280,278,310,268,200,183,227,161,196,281,187,301,84,55,14,21,7,6,1,12,4,48,12,72,68,272,341,439,400,329,155,47,52,206,361,175,249,277,217,72,147,4,107,41,143,201,122,298,201,140,139,212,17,140,323,296,416,397,413,365,349,219,368,68,167,136,161,343,295,559,217,459,39,823,639,726,606,877,1005,809,554,704,562,139,12,346,57,234,99,164,96,311,186,325,669,371,370,479,349,113,256,431,440,514,695,875,846,1303,352,771,563,689,7,4,452,595,633,789,636,529,206,9,398,388,348,806,537,447,433,282,195,59,210,564,511,810,1087,950,1043,668,636,113,151,50,347,376,157
324,26,349,310,224,73,174,252,260,19,52,944,125,141,30,12,12,74,112,35,167,77,181,39,97,50,219,276,418,170,91,424,626,381,195,30,291,359,371,217,67,515,299,117,86,38,246,137,32,270,152,425,107,87,320,520,409,278,76,144,274,467,311,349,35,375,428,627,503,254,111,562,469,480,117,445,144,116,51,32,49,114,107,140,190,162,108,185,199,258,307,190,17,108,181,333,588,503,199,136,370,520,497,106,78,112,436,242,268,196,47,129,185,314,173,94,11,52,73,95,40,32,106,35,33,56,3,10,57,16,6,23,21,17,148,43,297,324,99,181,361,279,94,274,105,183,13,125,186,21,59,29,55,108,18,3,138,237,68,47,123,35,204,297,109,137,314,427,352,211,56,168,146,15,79,1,8,37,8,225,224,248,356,154,166,495,616,694,209,267,718,478,316,104,168,271,134,238,113,47,196,293,193,125,100,336,252,53,141,100,48,189,474,711,253,255,955,421,672,44,523,745,843,194,313,443,533,166,410,476,64,207,445,408,90,161,304,354,104,363,264,234,176,466,634,1063,153,668,852,487,48,612,717,719,210,22
88,133,366,169,375,251,374,311,267,229,225,74,124,4,174,24,230,25,75,54,35,58,59,110,141,79,170,210,282,263,301,335,221,102,195,158,121,104,103,219,62,206,201,110,73,139,179,339,464,390,184,517,404,531,596,306,571,577,512,496,585,545,461,674,516,781,551,574,600,616,516,546,397,379,427,938,147,110,79,52,44,122,178,70,105,214,308,199,208,254,283,112,40,9,149,128,40,272,293,460,208,376,346,41,405,455,378,437,306,311,284,256,194,379,266,340,198,181,264,130,84,77,8,37,13,7,49,13,13,42,30,43,81,28,236,288,346,310,228,224,38,90,0,181,251,227,140,130,94,23,8,11,94,73,98,220,65,57,113,111,142,184,83,228,420,138,270,191,232,252,272,160,49,124,138,159,98,65,273,378,232,14,144,154,316,528,225,381,543,465,543,384,367,302,312,149,26,77,133,265,240,335,466,350,433,292,364,110,112,46,98,225,513,724,585,770,790,668,1125,1115,988,859,1020,822,493,472,193,133,137,254,177,348,637,692,548,541,448,456,13,130,125,241,345,429,543,546,616,792,896,1000,954,767,823,624,529,82
119,125,202,54,155,285,154,108,3,166,188,1096,184,18,10,88,24,98,225,155,165,38,60,172,222,134,247,311,408,587,487,580,647,573,595,566,593,430,479,57,370,164,295,208,263,10,94,49,0,99,14,36,166,50,114,34,29,127,64,160,11,98,61,347,223,117,218,205,250,294,298,255,323,176,367,87,138,36,109,22,116,118,143,179,335,136,244,148,265,198,369,352,165,230,311,374,384,266,238,331,283,334,389,241,389,125,232,237,187,70,20,73,57,66,84,4,72,43,73,66,48,120,131,104,24,41,13,20,3,18,17,58,20,25,71,36,166,285,364,366,451,322,207,345,210,79,17,12,24,82,96,93,109,104,14,116,66,2,14,51,65,18,124,225,297,235,345,301,357,322,261,400,406,429,83,140,22,86,15,127,181,141,327,370,480,334,619,425,268,268,301,279,202,28,58,181,278,116,181,248,143,22,39,111,120,136,222,211,257,278,483,248,225,319,188,169,181,411,8,221,198,351,323,474,393,396,520,486,376,406,297,395,210,125,136,220,335,280,269,337,520,307,208,63,143,726,66,337,309,336,581,545,557,654,798,93
163,151,46,433,225,30,343,173,222,82,180,441,42,13,172,83,75,3,124,123,94,90,7,64,95,36,301,467,205,292,436,430,30,262,387,283,450,476,336,313,236,196,100,255,299,54,296,0,13,404,337,29,509,355,29,146,427,361,7,358,512,330,131,512,599,228,249,528,568,35,427,535,246,209,361,408,31,82,117,131,78,99,144,44,150,328,242,13,217,244,140,153,166,309,238,131,56,607,449,49,430,389,370,257,399,515,91,146,265,309,4,47,290,190,46,71,259,99,130,46,25,36,15,11,63,37,2,27,87,21,41,35,44,45,273,10,379,170,192,434,40,273,215,5,309,201,28,182,165,11,6,73,99,35,114,71,111,30,25,37,77,111,99,80,263,30,45,382,295,48,182,249,110,199,179,324,135,144,193,390,224,193,375,498,505,163,602,709,315,330,554,230,233,419,319,369,60,9,239,138,280,270,180,279,378,56,467,258,179,330,104,394,260,174,552,675,49,859,926,87,760,1027,184,580,848,50,455,470,264,618,52,522,426,114,293,503,39,361,545,138,428,6,519,385,51,255,718,216,810,675,238,645,885,406,653,117
585,295,444,48,675,744,697,34,469,347,338,1466,327,183,15,32,177,317,63,66,90,373,20,271,10,337,483,633,190,614,737,1104,450,396,981,1203,298,262,768,74,514,200,187,79,180,812,239,29,264,966,480,204,251,862,317,124,495,197,769,939,456,22,654,1027,952,472,359,1069,1309,637,108,593,969,543,524,1517,349,575,11,249,72,364,452,39,561,452,496,96,370,518,673,557,569,38,47,476,877,728,541,295,762,1073,540,158,504,853,994,367,256,290,403,472,327,28,198,413,529,124,165,104,331,154,119,57,96,27,12,50,33,97,13,45,29,114,47,576,403,133,608,678,175,421,795,353,354,483,546,55,162,147,114,38,176,186,192,101,196,113,193,112,97,216,230,78,221,665,304,144,494,785,284,194,34,472,701,198,197,17,216,352,473,416,192,200,975,1301,900,351,1102,1071,1030,151,927,908,18,184,511,154,219,74,9,447,333,524,464,692,466,184,382,211,328,957,573,52,1191,1460,903,1213,1623,1741,998,642,1639,1580,491,1200,790,55,666,905,304,450,865,802,168,606,532,116,316,862,164,719,588,402,633,1338,727,290,1278,1646,966,499,1957,1708,121,127
182,60,348,332,167,181,26,117,96,10,49,867,34,0,39,153,218,166,52,191,112,49,130,121,146,43,18,29,132,67,356,410,376,423,562,581,351,530,419,222,239,246,21,24,33,21,160,221,124,266,237,70,83,110,168,238,210,181,131,236,3,94,55,344,336,427,573,478,567,476,453,408,519,450,391,219,231,25,59,54,99,106,9,103,123,289,207,372,367,308,262,150,112,241,132,302,281,150,391,390,548,623,562,332,555,508,446,325,390,229,259,335,212,215,207,209,160,174,151,79,56,50,5,56,35,25,10,31,41,23,11,5,31,29,278,249,122,126,185,307,303,271,311,267,218,41,3,25,146,100,74,77,89,156,199,77,11,42,111,30,53,19,64,6,184,352,400,396,220,394,319,308,335,151,195,2,49,163,367,296,399,91,548,333,563,478,410,425,233,19,117,163,417,430,283,135,178,16,158,222,307,484,245,12,39,35,86,70,99,367,242,52,227,342,424,600,802,940,968,1211,849,463,484,130,112,91,277,507,388,285,250,94,11,196,342,378,394,358,154,14,203,480,502,564,478,1060,422,153,66,216,462,668,818,881,675,140
372,78,10,415,211,31,64,45,91,58,23,1173,48,61,147,16,71,173,230,149,338,301,185,189,216,366,426,657,404,499,425,414,278,321,301,534,149,153,19,743,195,177,158,122,57,24,104,14,197,47,90,69,162,103,186,73,111,25,163,14,27,49,253,146,84,172,31,101,212,193,252,47,108,286,168,870,38,41,252,354,289,358,116,514,332,467,584,316,178,457,298,418,226,196,232,309,202,405,242,313,405,368,362,338,405,481,493,153,352,165,280,28,162,176,196,28,92,33,14,85,13,32,27,45,8,42,2,59,0,46,8,35,2,67,282,176,19,197,371,436,472,595,174,282,136,139,6,72,53,100,111,30,100,281,291,73,268,284,150,291,239,262,194,173,247,70,7,6,138,34,58,87,41,118,103,11,96,202,287,219,346,121,568,584,768,462,612,438,395,263,283,115,272,331,572,181,225,165,78,247,429,473,638,472,452,576,219,307,21,272,531,447,670,1011,839,1152,1183,107,805,899,500,324,155,116,379,686,777,445,572,268,208,148,138,323,373,535,548,556,501,355,214,75,80,630,804,318,1247,1115,1152,1275,1309,1048,948,679,367,160
77,129,328,507,341,484,303,258,153,197,6,381,33,229,457,339,278,270,338,110,71,26,40,152,62,270,298,213,270,274,774,785,616,499,344,201,78,158,70,905,529,525,500,651,575,664,758,650,625,579,626,597,497,489,499,321,355,140,477,440,257,3,55,339,367,467,577,612,668,760,880,925,875,755,908,380,549,436,426,226,83,202,462,577,669,786,791,927,876,791,471,460,351,133,28,154,273,424,587,547,543,605,403,723,113,70,69,384,367,479,565,608,479,308,234,47,29,205,373,382,324,258,60,17,82,31,2,24,7,10,33,5,20,40,71,78,12,111,248,308,320,330,213,23,22,178,263,283,296,333,269,192,35,324,52,183,238,379,429,445,371,224,201,0,65,107,206,353,506,528,734,620,603,546,390,365,171,52,57,342,513,961,730,626,780,646,629,630,383,297,835,857,769,849,46,289,421,541,575,302,43,233,479,285,44,375,485,677,880,1144,1307,1229,1217,974,786,530,387,9,43,301,536,793,976,1086,1070,1228,1291,1196,1014,933,828,824,565,345,87,232,454,622,414,715,933,984,1046,1094,1201,1589,1206,881,968,664,366,263,274,2,69,33
44,135,4,325,86,71,139,201,61,109,104,936,106,24,204,86,289,108,17,16,39,159,9,93,145,147,252,160,94,120,116,388,492,275,152,181,183,245,365,622,14,179,181,13,62,94,130,1,122,67,143,100,174,292,239,178,469,331,344,366,330,465,331,334,396,386,301,490,354,159,336,112,158,35,8,688,92,272,26,99,39,210,53,24,74,104,73,111,92,103,168,225,160,245,348,334,357,400,491,304,264,210,368,185,328,113,202,9,123,145,116,170,226,274,296,307,378,226,185,137,185,187,102,39,14,1,38,40,1,20,26,25,14,39,340,323,185,241,78,15,96,122,177,279,279,271,218,170,65,40,61,71,9,233,134,27,114,46,9,155,183,239,237,307,335,410,406,440,406,389,252,250,239,234,173,51,100,80,14,71,188,15,364,233,453,521,481,530,407,501,395,255,174,51,160,359,134,150,407,264,287,306,185,118,166,23,82,125,285,223,485,450,741,766,845,1030,868,885,1117,1052,1129,1001,652,652,436,418,251,76,114,253,263,376,604,476,485,393,300,269,385,186,155,55,310,452,642,8,811,782,987,1060,1032,1137,1031,914,1066,7
800,220,411,83,138,79,386,32,229,176,150,726,81,127,236,18,150,49,81,169,58,267,37,28,109,421,289,347,245,448,772,728,75,161,483,578,910,211,150,679,271,397,18,108,135,39,294,248,301,229,34,152,454,321,386,575,126,157,239,399,417,743,632,295,181,719,803,759,479,164,583,638,375,380,109,956,289,67,165,141,54,412,410,403,140,99,483,445,368,206,86,246,281,71,218,301,374,839,19,273,584,841,652,150,34,359,572,502,453,108,47,29,217,461,448,293,235,94,309,249,78,84,90,67,0,35,12,45,23,2,35,32,68,82,437,23,413,547,357,208,586,477,199,110,300,482,41,67,231,59,37,3,196,116,188,179,184,95,10,37,245,65,8,209,296,357,343,198,342,549,253,28,16,209,135,211,164,243,165,177,29,143,534,845,425,119,626,853,958,652,274,457,428,523,89,120,270,12,110,133,223,20,479,183,97,87,436,349,3,363,546,386,179,841,1275,1066,194,983,1397,1361,951,26,700,1309,795,148,393,855,408,267,434,442,240,119,560,568,120,243,493,252,415,740,903,407,464,205,1011,904,293,746,1237,1310,163,420,1353,12
168,29,47,206,153,66,181,141,119,116,114,46,18,19,140,51,40,284,268,111,121,121,9,260,101,129,287,385,74,259,539,295,116,486,517,436,198,339,350,318,7,184,36,35,105,16,170,64,102,41,237,175,241,72,184,411,234,109,292,357,372,300,27,360,522,490,166,344,539,442,97,503,451,138,97,965,136,174,97,228,165,170,100,312,248,139,131,202,350,104,27,15,213,313,269,180,95,394,408,194,81,408,641,191,2,331,314,254,73,101,252,390,237,19,206,330,366,38,181,265,155,72,86,13,61,39,32,17,2,22,44,1,18,0,319,157,476,192,118,484,294,68,295,339,23,194,183,18,21,66,84,69,54,190,11,98,78,172,147,97,253,174,90,164,261,105,31,265,62,194,158,218,295,54,34,31,118,184,102,139,94,104,531,269,323,695,485,291,387,683,329,93,458,410,58,126,159,50,230,147,200,274,82,171,260,113,67,256,2,348,421,112,502,692,519,282,854,582,136,904,959,790,289,833,492,114,596,484,68,444,214,22,300,447,10,420,306,91,279,247,263,519,445,408,990,725,92,716,929,319,509,974,586,274,843,104
48,103,441,158,387,234,197,130,434,174,130,806,98,149,97,100,124,257,113,37,197,69,172,143,51,105,479,370,69,480,599,481,184,263,852,429,388,304,532,33,77,216,138,21,361,174,259,160,409,607,375,286,325,640,385,5,281,359,559,419,411,223,628,698,388,362,349,843,581,399,159,560,713,307,93,960,13,128,213,127,285,419,203,144,425,685,358,190,411,525,336,24,279,118,294,483,508,371,78,566,766,756,86,300,657,720,320,210,610,302,303,232,17,161,287,419,289,31,261,310,126,22,65,57,31,42,27,54,76,11,35,35,38,52,272,238,347,244,364,726,323,89,373,408,51,316,314,24,108,56,42,133,88,96,38,16,38,98,181,170,57,81,283,325,75,402,581,221,195,422,429,397,84,91,274,246,186,176,177,271,477,146,517,92,510,837,862,371,451,721,470,141,310,558,90,158,97,25,207,249,55,494,575,500,7,348,293,116,345,31,267,328,442,247,760,929,783,923,1154,1497,689,287,939,902,374,528,689,336,359,587,158,192,484,553,40,311,515,211,92,201,254,578,412,213,647,464,553,247,925,888,405,436,1498,1032,94,238
89,7,562,311,2,371,417,259,159,337,401,127,327,466,17,143,301,344,131,313,469,207,90,406,474,292,292,286,577,252,140,368,462,211,261,621,577,126,708,1430,710,103,753,911,516,92,387,846,820,169,24,452,844,490,310,264,877,781,413,253,822,811,762,102,487,844,996,566,241,816,940,313,396,884,1019,23,445,1025,936,281,453,799,850,195,437,886,733,139,423,799,516,1,574,663,697,11,392,597,326,180,519,571,214,37,622,362,99,425,505,113,399,559,401,153,614,379,51,424,391,161,160,321,75,20,7,29,6,26,35,40,25,12,36,26,199,118,130,229,205,129,279,230,13,226,344,88,153,276,183,151,156,313,91,150,288,95,186,271,117,38,254,265,77,226,370,365,89,370,394,397,84,373,352,99,89,480,370,84,160,539,433,705,388,660,595,52,424,631,423,93,372,744,495,31,136,667,752,549,233,532,1008,780,915,705,22,603,980,720,116,643,1034,745,74,697,876,204,577,802,853,311,554,832,874,217,368,836,900,250,479,839,1022,355,294,935,860,288,434,735,967,540,183,879,995,440,273,750,962,729,37,693,785,740,14,641,547,67
249,85,907,301,146,724,668,254,207,333,146,936,282,105,31,189,162,120,287,22,131,180,40,90,97,187,732,441,290,167,923,739,587,185,717,1056,680,290,612,77,226,155,254,178,407,261,12,122,701,355,298,301,397,645,599,37,483,876,593,609,76,416,906,893,859,25,428,1118,1172,454,536,771,1019,332,45,1130,311,141,184,88,353,698,50,293,1000,796,454,80,556,801,491,135,158,522,498,1264,573,80,437,1132,881,761,41,491,1206,486,388,177,650,602,469,280,177,413,508,562,274,191,531,431,164,77,166,148,33,54,14,50,35,3,142,113,111,61,620,368,338,815,453,155,541,518,115,395,210,123,527,317,172,58,84,20,67,67,57,55,252,39,94,277,29,5,376,483,243,267,576,645,632,48,447,538,493,264,62,266,281,375,504,78,105,281,1135,532,93,653,1241,892,210,323,1444,1110,126,409,352,454,123,233,167,399,331,132,503,641,685,121,786,140,75,481,106,269,987,596,591,1482,1496,21,904,1891,1573,360,475,1857,1175,66,775,714,71,944,688,23,759,947,499,200,687,421,105,565,322,341,354,416,64,553,841,357,1092,1487,1114,25,1302,1787,931,69
21,126,254,312,360,25,281,265,364,240,152,482,24,157,53,128,8,82,117,60,18,71,106,255,83,69,257,294,282,119,398,419,231,135,174,185,176,170,29,388,46,8,5,86,278,186,55,172,157,156,50,225,62,18,107,193,197,232,334,262,270,454,368,655,454,455,678,521,511,551,467,493,453,443,310,134,126,74,89,166,77,48,33,174,291,120,264,77,287,211,168,231,323,198,174,202,303,498,418,424,554,500,438,196,439,512,556,508,457,388,435,190,161,129,142,263,123,176,196,126,79,60,20,5,65,63,24,51,22,19,29,30,37,46,269,222,97,6,152,237,420,226,209,344,136,76,88,31,7,119,5,68,33,111,24,62,143,81,15,4,5,37,112,227,140,371,282,450,346,275,261,391,320,230,271,211,192,189,66,93,88,110,39,155,155,229,290,234,188,375,308,314,367,232,95,165,147,55,161,298,311,430,294,369,393,219,112,132,13,12,410,527,526,626,726,619,607,344,781,784,707,447,328,211,51,157,135,482,328,397,408,375,130,145,31,28,108,171,234,128,351,201,430,359,82,845,41,231,207,379,413,665,962,759,785,211
42,173,149,305,418,302,225,394,165,129,76,172,8,233,20,189,14,22,94,34,108,43,58,67,106,9,51,68,194,268,293,390,338,362,14,133,48,59,157,340,120,65,258,184,237,224,435,374,278,409,238,341,432,401,485,310,189,364,421,439,284,239,346,384,431,230,456,224,162,267,487,215,308,358,371,700,160,17,72,24,111,84,368,235,353,402,332,357,441,442,233,260,63,93,117,75,154,168,314,557,430,343,556,88,407,409,389,358,323,339,282,333,132,358,267,296,317,211,288,220,113,113,102,22,71,9,28,9,7,75,32,41,22,44,246,339,359,354,226,265,139,6,56,39,274,175,98,244,122,35,67,178,119,133,98,214,79,5,73,78,115,81,154,204,208,223,234,144,208,70,182,109,34,285,101,34,103,176,324,149,273,204,230,249,401,319,407,293,347,516,320,340,231,284,130,22,46,62,216,253,478,404,441,412,466,408,270,315,143,96,238,403,441,459,729,463,787,561,963,1078,886,934,771,742,596,374,259,53,42,206,335,473,479,422,542,484,325,94,31,107,226,315,423,383,591,469,814,898,869,802,981,714,509,546,418,57
32,17,429,598,480,353,85,70,214,470,439,580,464,354,211,56,103,200,347,401,337,307,214,96,133,276,323,432,453,510,539,428,366,77,173,474,379,522,653,356,316,129,73,120,380,668,784,964,968,740,760,506,269,36,203,455,778,874,974,994,839,809,481,243,155,414,531,713,950,1074,1084,903,548,249,131,39,565,760,1032,1004,769,650,164,76,312,645,825,990,887,736,314,31,92,463,632,706,791,646,386,198,12,398,525,486,740,474,56,138,410,493,591,445,347,117,313,431,423,375,311,128,80,158,329,31,68,48,8,30,26,3,23,4,33,36,278,228,215,12,183,333,425,423,238,22,182,384,527,465,494,296,44,176,193,26,435,286,305,62,3,269,267,414,286,189,0,57,160,292,221,169,266,107,52,61,123,216,434,365,240,0,26,652,172,293,271,317,130,63,37,148,202,311,453,511,236,161,233,523,614,791,665,680,714,757,776,489,72,470,668,815,921,863,808,388,10,357,727,718,972,756,785,787,477,98,166,411,798,972,957,1055,1081,812,593,127,144,437,748,1000,1236,1253,1131,993,732,230,180,127,708,879,979,1070,820,724,560,280,144,9
257,57,582,584,398,413,152,151,114,60,46,93,122,356,266,478,426,403,296,351,423,243,124,281,152,212,164,81,148,29,119,192,203,298,499,482,593,544,172,163,359,222,429,319,225,229,301,270,268,81,115,62,93,302,195,251,304,454,379,518,559,707,573,835,662,854,807,856,709,831,835,809,775,648,697,510,410,346,22,134,318,321,347,395,545,608,759,784,821,786,770,667,719,728,349,210,149,14,95,218,366,506,573,552,778,652,719,574,491,256,154,123,195,327,531,525,472,506,378,208,150,32,185,6,21,20,7,14,37,19,21,33,47,12,278,276,178,154,26,11,174,254,418,508,504,466,443,365,255,48,22,123,255,87,345,296,371,431,433,440,398,294,58,19,37,162,268,244,244,416,372,373,322,300,429,308,352,323,218,84,14,579,17,143,130,246,267,284,418,391,483,410,451,519,401,466,638,719,520,688,662,718,670,795,797,737,807,797,882,858,797,740,584,494,143,68,205,428,588,604,729,720,733,906,929,971,1185,1220,1108,1094,1053,993,995,860,785,597,436,326,182,236,37,290,183,251,517,201,833,988,1031,1252,960,1197,1205,1070,913,65
112,108,229,187,362,165,303,366,169,243,113,360,29,100,144,100,143,55,18,30,233,88,67,96,77,45,285,400,332,422,540,569,517,594,457,636,482,425,359,141,305,318,172,83,124,96,202,149,8,3,52,3,40,106,280,144,403,560,446,505,576,544,605,461,596,622,370,468,325,451,203,212,144,128,23,637,55,40,52,108,43,210,20,76,74,24,98,240,227,266,522,416,332,191,292,269,191,29,187,182,81,72,13,239,272,46,273,335,144,245,358,277,368,256,175,290,218,209,198,190,41,74,12,1,46,28,42,9,30,25,2,10,41,3,161,159,317,287,442,362,432,323,326,251,188,196,70,51,37,56,95,61,49,145,49,37,42,91,69,123,45,18,89,29,123,175,1,67,275,48,53,212,123,162,237,336,232,244,282,213,150,135,41,108,156,136,121,51,130,301,350,42,1,69,19,42,52,240,199,210,353,293,379,314,249,16,75,88,271,169,276,348,559,552,647,799,958,834,935,790,1057,854,858,649,875,623,369,328,81,35,7,49,163,401,310,296,281,213,341,254,294,413,179,33,312,516,33,30,26,56,104,119,242,379,438,85
31,3,114,25,29,183,223,30,294,44,82,143,209,146,146,123,41,264,228,118,290,113,21,138,361,373,315,425,264,56,4,7,357,495,539,603,581,369,225,179,7,10,112,40,111,12,159,169,445,334,458,217,368,315,212,262,427,189,310,253,353,324,231,299,229,158,33,339,376,621,573,481,568,271,190,119,61,34,29,47,94,183,310,464,574,426,393,178,264,34,121,129,121,261,337,357,349,182,396,267,12,152,78,154,482,411,454,317,275,247,143,381,368,315,265,500,406,126,10,100,66,45,12,8,65,57,31,62,1,12,51,32,4,42,360,379,246,4,253,225,426,328,223,4,94,137,189,126,59,30,21,66,3,79,82,132,103,129,85,8,171,113,181,189,5,26,132,192,410,370,149,244,154,156,27,212,99,50,165,490,443,85,306,138,134,186,302,365,670,602,586,468,378,51,48,232,150,108,30,21,345,363,329,247,75,53,165,220,394,425,234,176,3,415,640,750,931,787,974,638,586,34,345,501,710,688,573,380,54,134,210,492,325,117,59,130,281,476,427,296,104,169,327,623,580,855,792,453,122,104,681,622,916,1074,765,50
277,68,318,298,71,78,114,92,76,294,297,218,219,144,238,145,15,53,154,308,221,197,9,280,249,344,514,513,457,729,228,234,89,161,328,289,464,546,586,91,113,32,49,63,126,31,99,24,529,281,311,363,478,549,360,312,115,147,186,558,692,716,714,774,817,831,458,309,106,180,595,498,493,417,514,508,275,87,237,237,269,94,277,265,309,300,176,173,132,37,151,3,321,75,330,508,613,713,670,719,618,523,550,215,81,257,156,312,369,365,301,349,621,446,350,245,133,145,54,128,159,132,132,7,149,20,30,54,60,72,0,9,71,9,63,250,576,559,436,49,174,484,427,380,129,18,103,127,113,58,14,155,32,30,67,120,273,141,122,207,98,163,30,275,268,380,252,481,230,19,209,121,401,116,350,189,44,194,376,571,593,129,481,555,661,79,123,528,779,840,764,736,542,229,27,104,219,121,44,340,681,453,253,161,57,347,214,283,16,305,494,767,775,322,173,171,1055,985,1405,1417,1249,434,107,601,799,1004,776,258,114,359,513,450,122,210,416,828,532,170,175,262,285,551,727,465,172,220,681,1229,1067,972,706,64,513,1077,1144,49
85,349,263,230,378,417,546,262,200,278,191,1395,158,353,89,428,367,50,171,69,367,75,94,25,636,576,102,412,926,473,464,963,1133,526,238,839,982,605,103,1189,547,252,91,25,19,497,37,164,300,640,284,13,319,864,495,220,733,1105,774,648,392,1040,1262,820,518,1052,1204,593,227,1421,1021,651,37,479,470,235,104,238,52,133,725,454,294,56,143,728,466,225,203,430,519,415,273,410,373,762,890,294,536,1049,1233,407,440,686,614,530,242,861,985,515,173,549,604,461,236,303,627,497,149,95,203,414,201,79,3,70,48,17,98,88,67,38,28,20,117,614,678,109,569,665,0,710,556,185,370,412,120,45,151,77,16,512,72,152,93,400,109,121,177,132,290,51,168,303,242,271,784,453,27,369,637,566,9,350,671,43,407,195,192,357,645,84,53,297,1231,933,381,923,1064,1134,251,904,807,6,143,588,152,215,328,266,435,272,522,703,225,418,782,49,469,663,165,888,831,668,845,1330,1401,836,1718,1939,630,886,1779,679,465,1259,863,237,738,19,460,880,305,381,613,397,228,647,319,564,599,48,634,1235,745,486,1332,997,188,1395,1769,308,729,1639,915,43
178,51,169,104,158,174,10,22,72,216,47,619,155,218,12,78,64,272,132,50,32,96,46,134,306,277,493,370,416,342,288,25,42,119,313,369,313,373,312,280,157,33,191,129,78,61,69,47,129,122,52,74,112,235,234,309,447,472,450,544,513,403,555,577,655,506,426,218,59,6,12,268,176,202,207,648,47,100,68,85,54,106,67,246,128,288,184,351,292,366,190,232,275,128,274,287,399,465,469,566,524,457,346,139,282,165,123,40,90,29,54,98,269,197,257,325,222,323,291,148,137,192,92,0,57,7,9,9,52,44,18,21,83,41,302,219,32,149,303,400,371,285,78,95,60,18,111,131,43,58,4,46,5,190,17,127,84,45,9,17,284,202,132,118,21,186,176,388,326,211,232,458,303,155,290,194,199,188,198,372,363,78,196,267,156,94,240,396,495,624,722,634,369,266,211,103,65,13,85,86,302,250,327,334,225,138,60,8,277,231,323,255,274,198,511,677,879,660,962,839,581,446,184,491,416,567,272,93,140,60,300,378,523,315,50,146,119,354,328,418,247,143,264,541,806,580,910,666,451,329,35,438,754,719,1059,47
131,63,65,284,216,190,5,67,25,75,145,557,114,8,14,33,90,72,252,0,182,238,48,165,77,287,272,62,40,260,635,406,280,199,242,479,503,268,199,558,155,106,169,110,99,147,191,186,353,345,92,29,54,279,525,410,467,184,20,116,325,395,554,387,86,187,514,749,678,206,34,117,419,460,244,399,15,103,167,65,45,81,239,295,312,382,90,23,100,209,258,410,250,191,349,67,265,457,558,694,177,1,256,176,411,400,351,169,49,179,258,322,303,180,57,39,238,241,225,145,96,4,78,39,28,45,25,16,14,29,35,60,28,34,282,30,210,322,176,81,258,301,255,93,118,245,141,106,173,28,42,1,63,205,47,40,3,34,91,27,73,57,37,33,429,382,164,44,206,277,174,138,161,5,20,73,37,161,314,268,203,25,87,463,626,574,269,104,592,669,531,190,185,424,320,154,39,38,103,154,292,64,18,386,239,190,92,68,290,351,95,403,626,421,149,457,704,328,251,3,504,839,739,229,262,395,239,58,271,336,48,251,368,372,301,309,302,693,125,203,451,482,93,293,623,857,329,261,685,774,620,293,457,885,915,29
187,208,487,95,528,597,283,165,466,405,46,440,545,350,92,465,527,202,243,520,386,59,497,602,274,293,729,725,269,359,794,780,339,271,701,697,294,236,619,415,227,313,699,703,274,328,783,847,468,94,582,714,473,91,199,264,111,55,73,124,375,470,269,164,594,742,482,41,541,705,441,69,495,538,180,532,632,534,39,514,825,679,172,401,705,635,264,119,268,174,23,94,61,350,520,375,44,539,779,604,108,420,654,253,79,265,342,130,136,212,59,216,353,250,29,282,332,212,59,8,8,22,59,54,15,11,23,43,24,2,54,48,16,4,308,31,227,311,158,91,251,220,55,115,161,98,2,40,39,29,73,113,92,28,250,364,294,35,294,505,470,231,77,302,374,309,179,64,34,111,179,235,255,200,81,118,290,364,297,94,145,380,288,113,100,217,144,66,284,309,116,194,417,409,217,45,189,180,122,93,177,291,328,150,190,562,767,644,185,409,863,925,521,141,699,844,507,263,576,661,313,197,544,525,185,230,437,336,46,172,165,62,309,302,7,465,769,667,143,528,985,958,427,335,886,636,494,223,794,868,442,253,803,892,485,40
215,104,127,314,281,215,163,35,120,116,226,39,30,157,141,5,201,50,233,11,25,187,111,241,346,127,623,544,369,638,796,929,525,784,654,607,574,538,598,445,264,120,91,45,224,134,60,129,111,643,454,510,287,373,553,525,717,464,759,712,623,378,344,288,141,136,69,259,284,138,258,430,406,273,90,177,137,246,80,47,173,426,395,353,325,380,591,430,331,511,388,214,82,277,36,296,295,360,509,656,720,602,635,229,806,799,683,577,455,347,272,182,155,146,117,51,84,89,186,63,165,116,117,44,35,7,1,5,32,14,56,22,12,115,305,439,591,606,664,528,519,473,441,274,234,119,91,155,64,98,161,75,4,32,9,111,213,58,39,33,206,121,46,89,228,25,118,119,181,250,342,199,313,249,244,297,178,264,365,111,23,136,30,98,113,176,456,407,232,613,134,363,51,78,73,108,0,50,149,422,197,305,366,187,106,178,217,230,67,150,553,557,879,905,939,1150,1064,780,1198,1286,1141,1277,1295,1385,1087,783,810,247,411,242,93,181,50,318,197,402,451,413,589,369,376,687,506,441,223,1186,394,605,535,448,372,355,287,72,43,176
715,104,335,271,324,464,382,369,87,95,9,420,110,73,72,130,197,89,112,151,54,70,72,291,24,410,582,315,208,56,519,749,694,591,291,521,795,568,403,654,415,192,137,123,79,11,62,334,527,420,154,99,377,656,568,367,167,198,118,386,546,445,597,44,322,553,622,576,215,112,580,769,618,186,30,776,68,101,7,52,227,307,336,324,33,283,405,532,377,426,10,163,343,239,433,397,226,378,262,462,765,804,632,137,341,548,542,414,238,3,251,227,377,366,335,147,129,181,231,148,119,131,14,4,85,57,28,6,11,52,4,54,114,28,127,272,580,495,60,448,666,123,41,325,386,337,34,143,48,86,32,94,30,118,147,5,26,93,34,144,156,236,127,321,98,117,464,586,356,88,201,552,271,200,152,12,42,105,169,186,331,132,242,80,577,746,945,553,64,664,927,617,289,277,416,369,167,393,6,152,339,260,292,105,288,195,89,171,304,313,240,684,876,500,57,860,1166,200,317,512,1200,1226,786,165,512,823,434,264,513,510,100,482,306,188,100,409,661,152,167,292,227,270,417,687,355,1064,801,1140,966,93,517,1114,931,604,341,106
70,82,804,522,185,87,44,270,408,735,379,1376,390,81,131,373,509,248,230,345,184,208,154,71,51,6,299,481,241,244,501,834,797,765,328,121,5,43,174,351,438,357,142,148,209,46,307,423,491,740,718,713,846,636,523,362,100,29,158,9,66,94,343,141,107,65,121,371,242,520,381,915,715,721,580,294,357,18,60,396,184,401,319,116,77,335,418,600,610,509,574,634,407,219,186,298,321,363,629,775,594,870,873,484,625,691,505,347,243,99,51,151,48,4,167,184,210,52,33,37,23,49,14,3,21,9,119,18,13,16,25,128,12,54,562,528,646,409,156,24,445,687,691,534,383,230,150,15,154,6,80,61,72,20,26,226,19,246,301,261,261,42,56,537,301,357,375,474,583,518,363,329,19,181,12,50,265,202,321,208,514,280,181,162,99,190,207,817,689,851,848,727,823,323,128,1,187,420,486,231,12,22,360,525,231,434,156,257,275,524,601,693,961,769,538,500,4,1005,744,1159,1171,1706,1255,963,826,221,61,449,786,935,754,590,436,87,298,534,496,270,319,108,190,587,843,878,1148,1550,762,387,101,681,972,1068,1399,1681,1464,113
258,128,37,12,0,126,158,94,18,171,175,1295,37,78,39,109,124,10,45,131,76,171,0,99,332,409,247,643,447,88,73,81,515,397,245,364,94,163,31,498,258,25,126,82,264,350,53,136,286,589,504,240,307,115,133,111,455,366,558,504,534,419,638,406,132,443,600,543,700,429,138,181,72,124,211,21,106,132,103,51,296,370,646,465,559,230,67,69,172,250,350,479,616,445,417,515,410,139,86,329,512,382,644,379,460,413,188,163,124,303,179,273,100,220,265,310,86,63,4,341,277,170,270,97,42,198,63,105,22,29,57,83,92,23,235,195,415,617,503,136,251,398,561,339,26,110,102,119,90,34,91,4,144,29,52,97,171,212,52,77,61,377,272,52,112,434,558,557,270,98,36,388,469,386,36,117,196,289,308,90,96,217,230,639,559,942,794,682,13,381,716,701,731,344,97,278,511,1,155,260,358,230,36,425,341,135,151,37,269,453,191,74,414,804,1213,849,527,844,849,1221,1600,1182,342,128,705,984,404,178,451,590,599,263,135,629,754,209,82,192,484,376,183,216,431,772,1191,1428,216,746,1137,1519,1102,310,246,1061,1258,173
270,141,584,548,407,111,256,266,186,164,25,935,127,59,77,136,111,156,329,72,12,114,56,213,309,18,396,461,646,269,92,432,590,602,561,295,251,420,67,144,37,34,77,156,310,66,376,543,542,589,302,7,97,626,665,577,508,509,324,91,155,337,246,580,602,605,345,68,287,486,623,752,486,11,193,701,303,233,436,173,153,311,374,595,764,561,354,42,165,444,273,774,268,303,440,485,266,49,372,586,789,827,660,82,42,437,443,432,491,281,270,157,156,196,78,188,241,373,283,159,77,111,0,142,18,2,38,104,52,38,20,37,43,44,415,586,475,31,468,668,504,142,130,531,329,307,78,232,162,14,47,58,152,111,224,216,45,219,205,157,74,130,165,203,126,185,552,516,337,21,84,406,267,204,227,275,355,283,70,73,45,141,686,872,782,610,346,396,873,999,702,407,137,590,386,106,230,505,196,421,185,703,448,292,59,291,480,621,192,322,912,612,269,539,960,1277,1600,83,294,1165,1617,1032,556,41,1163,1179,948,129,473,848,342,260,547,587,750,288,87,529,632,422,314,497,832,771,509,194,1157,1323,1114,465,356,1318,1515,1068,523,26
6,332,181,281,348,517,277,19,277,134,234,33,52,129,42,87,109,9,59,89,59,139,172,368,73,428,692,221,621,481,488,423,710,462,451,529,790,460,340,43,228,145,207,134,68,88,215,450,398,261,384,313,306,268,233,305,167,245,40,103,324,390,349,426,790,583,708,662,776,586,670,351,650,392,428,584,109,61,24,225,271,335,309,390,484,483,489,534,93,448,147,51,239,88,138,158,307,467,445,622,663,480,595,116,515,849,642,386,361,498,388,363,266,211,230,54,143,81,52,129,35,95,95,61,7,111,117,11,8,6,64,57,14,11,258,232,66,44,171,423,521,588,425,658,462,561,353,197,247,30,4,11,12,223,56,87,185,122,95,194,418,308,237,338,333,387,362,113,209,248,205,125,253,201,265,340,210,338,289,86,189,4,91,73,101,154,45,28,65,240,264,344,472,462,729,671,619,545,225,643,192,105,42,20,104,52,324,191,594,271,341,503,986,520,713,444,761,74,618,506,269,207,79,202,340,631,715,703,802,897,947,870,705,662,507,447,441,388,160,136,438,499,878,722,1079,1065,1133,1361,1257,1413,1264,1384,1019,1103,604,11
65,158,32,284,421,126,176,196,19,219,126,1101,155,190,15,251,380,117,372,394,92,397,170,32,461,310,81,677,578,362,341,681,599,48,463,549,278,217,444,503,0,37,35,48,261,106,157,550,591,31,387,700,486,385,151,10,273,577,571,154,345,631,1063,349,431,718,941,504,257,742,599,134,271,276,276,1002,59,125,34,178,402,569,551,24,407,558,438,34,168,329,356,246,142,46,300,433,630,158,62,756,825,405,369,180,422,268,213,361,294,288,204,152,318,429,458,92,160,380,334,31,170,179,194,46,21,3,42,30,3,45,33,22,12,73,299,569,232,325,506,100,328,521,213,172,228,147,261,226,164,102,24,33,135,295,17,77,18,86,45,112,198,129,359,74,9,353,317,250,321,375,397,214,117,443,344,24,207,139,233,294,307,18,408,567,810,340,342,720,844,369,487,760,501,332,546,174,204,8,53,326,467,157,359,445,239,155,421,299,487,177,62,592,337,140,803,1023,363,1214,1282,1113,7,709,1212,483,506,874,580,212,450,256,221,641,188,325,726,623,100,669,246,270,334,190,680,771,258,166,1049,649,47,949,1274,281,684,1172,508,43
30,278,71,457,223,14,212,290,184,201,6,645,301,29,9,1,87,170,53,209,43,75,98,54,113,207,561,661,469,883,654,680,790,449,533,384,554,255,424,184,303,308,288,105,122,244,296,173,100,92,597,377,672,340,458,607,380,821,691,515,856,651,754,828,899,1063,809,557,763,702,554,583,285,201,88,59,64,116,151,236,44,209,133,153,82,151,97,143,49,272,194,85,186,345,488,649,453,444,704,660,438,560,584,157,464,576,539,624,466,434,264,492,464,261,290,390,217,231,189,124,206,242,218,86,0,30,88,2,44,40,7,6,39,50,53,116,332,500,613,491,443,314,224,219,22,115,412,262,267,154,29,19,23,207,187,81,69,36,103,194,158,240,134,238,153,33,100,118,88,271,8,27,203,63,28,250,180,113,176,226,258,123,312,340,410,432,581,345,296,233,141,73,315,65,592,651,537,325,120,44,287,345,212,405,334,400,339,327,48,355,473,534,764,930,983,1031,1122,174,1463,1205,970,592,498,86,40,722,608,551,806,663,429,705,549,240,102,103,296,163,159,220,378,138,219,90,361,91,652,1068,973,1386,1451,1502,1151,1058,1213,130
108,190,67,278,296,7,137,251,300,361,331,130,111,84,33,134,109,43,160,235,27,74,189,172,236,268,479,103,319,578,112,103,493,205,386,13,358,650,212,548,405,23,135,385,116,133,182,262,101,218,473,176,243,1009,430,376,406,545,750,375,129,540,571,697,120,495,951,740,131,553,628,586,212,580,540,183,78,22,188,211,304,12,595,385,38,435,534,37,148,264,664,302,4,137,333,492,391,37,663,566,459,309,326,193,494,21,249,452,360,262,139,355,315,179,12,205,301,275,70,169,130,148,149,48,8,51,47,32,37,25,72,136,21,5,229,312,583,214,394,439,73,317,280,42,347,362,13,93,48,16,73,97,146,137,242,20,31,99,109,34,208,31,312,297,165,302,386,256,161,134,304,189,121,372,101,245,156,117,221,376,484,24,121,455,827,199,284,841,763,343,554,763,242,219,325,34,128,20,213,489,265,580,517,290,272,491,18,238,136,39,418,687,189,548,1140,632,398,1112,1174,88,1285,1454,294,483,1224,274,358,725,204,677,742,58,670,657,190,535,814,179,658,485,135,742,426,139,1051,1337,171,1117,1368,731,654,1750,795,63,1063,149
147,41,423,256,31,520,319,162,262,317,118,680,295,41,34,477,134,217,232,288,18,75,20,43,122,231,360,27,9,448,710,241,221,879,615,19,500,891,329,632,370,633,58,159,284,51,262,246,331,315,487,612,21,511,503,727,301,47,224,475,562,441,64,371,943,548,281,677,1052,582,150,466,904,776,55,1282,383,179,120,152,350,132,60,231,422,331,80,414,802,471,242,49,171,41,363,400,320,404,585,752,323,136,601,354,482,151,559,545,350,134,242,175,254,203,102,8,350,325,228,60,178,254,76,101,19,48,60,39,46,7,43,57,25,86,372,93,400,575,15,407,396,107,392,436,93,298,272,226,127,187,117,211,48,137,103,127,131,99,233,180,96,329,211,165,459,486,128,153,465,472,67,139,338,244,257,48,10,75,275,327,350,107,317,720,565,168,714,901,673,239,808,503,56,698,626,82,412,32,56,290,324,198,297,406,125,510,536,30,534,122,264,610,637,119,972,1153,453,1235,1236,1330,19,1173,1432,370,493,1142,707,516,892,335,147,495,427,163,527,435,240,321,229,245,552,32,627,857,710,342,1187,1357,165,908,1309,701,509,1294,953,23
256,101,433,476,397,151,414,330,129,137,283,489,31,197,210,50,187,186,117,9,129,154,5,72,269,150,115,84,253,285,181,174,267,120,431,374,107,343,420,4,182,548,499,150,436,544,753,285,220,643,539,125,321,630,722,480,283,786,724,132,569,748,961,567,231,856,1010,251,345,1016,571,2,713,917,522,83,1028,899,492,381,832,649,36,681,897,491,354,632,636,139,500,917,516,49,683,537,209,422,762,512,2,629,617,189,612,666,267,263,698,600,203,581,413,91,576,363,2,378,226,122,355,118,71,32,13,45,34,2,30,5,1,8,25,14,17,173,214,5,205,355,94,277,358,83,260,402,235,296,379,240,59,376,339,373,329,417,146,312,407,114,178,338,170,96,303,363,119,334,459,323,106,400,349,136,426,376,50,243,569,612,258,770,464,230,228,379,566,290,287,651,618,152,310,705,9,745,909,451,691,915,518,176,1011,1039,383,527,613,1189,733,153,1193,1091,286,809,1014,173,848,1217,1093,69,597,1148,578,586,1234,982,225,731,1253,915,248,857,1278,803,70,1030,1360,832,301,975,1206,415,480,1233,1146,501,556,1031,864,82,389,1002,855,27,453,130
97,42,208,33,166,232,273,49,51,82,311,967,108,55,165,80,75,46,334,50,38,40,11,56,61,3,227,204,595,354,346,396,419,437,459,241,636,374,639,246,443,102,169,92,346,206,116,6,268,54,178,329,203,285,108,464,178,224,338,436,457,464,563,870,915,714,733,564,805,713,600,558,290,409,502,222,233,88,96,185,404,427,499,694,706,838,594,448,497,473,446,466,210,194,222,47,280,171,258,56,216,203,407,187,351,287,22,310,192,352,210,309,193,180,354,222,311,152,150,219,16,121,131,55,9,25,85,19,21,28,27,46,17,12,519,488,492,418,136,103,180,218,375,616,539,447,447,265,151,19,168,151,138,44,36,12,78,80,181,135,164,110,370,345,315,295,265,49,99,21,88,161,47,107,0,77,188,236,344,396,301,361,515,458,657,790,1098,993,920,1214,922,938,1052,616,464,578,34,127,315,479,459,625,283,516,472,656,349,234,109,255,406,631,896,1085,1220,1238,1523,1212,1665,1874,1563,1485,1252,842,541,292,44,45,457,491,731,791,612,863,1035,619,580,471,70,59,629,379,717,861,1257,1650,1026,1559,1541,1453,1308,1270,892,954,550,216
305,235,425,143,270,483,145,269,259,190,84,1199,103,252,201,380,64,252,78,126,30,4,214,17,237,162,259,444,421,94,304,645,552,87,566,670,708,48,291,154,482,217,431,131,28,187,138,161,305,279,9,402,632,578,54,304,460,448,176,201,624,805,719,142,479,525,605,0,483,631,638,305,269,351,308,205,102,247,43,6,224,411,295,78,498,615,307,94,86,493,307,340,78,426,410,333,267,60,436,644,615,433,239,369,665,206,238,588,568,222,192,278,279,259,56,23,340,262,57,22,215,92,207,9,58,28,44,64,8,83,7,59,77,112,362,487,128,537,478,307,619,436,10,363,504,89,369,215,19,128,178,34,60,104,69,36,6,49,70,154,156,180,415,80,205,294,225,223,126,373,133,17,482,208,241,133,7,307,368,116,106,248,417,870,548,58,658,887,394,175,959,883,176,763,563,60,119,185,237,512,309,309,366,296,174,403,454,110,664,271,303,401,202,614,672,1117,56,1266,1472,842,542,1345,1250,204,910,1052,435,417,793,390,573,684,247,418,693,151,524,778,68,504,378,185,820,855,72,479,990,327,724,1363,831,146,1183,1070,392,48
278,145,414,577,238,113,304,454,233,152,124,1181,211,193,74,29,105,6,52,41,275,20,76,219,105,82,117,71,434,464,191,463,62,36,370,619,320,2,272,9,72,134,299,78,16,10,443,623,573,273,2,215,902,775,440,634,165,257,517,518,672,612,298,195,313,464,711,605,371,94,241,449,475,263,146,232,175,163,271,241,114,19,112,647,574,382,433,139,405,532,557,403,482,76,69,201,445,530,618,323,419,95,209,665,472,392,344,9,227,467,414,284,280,201,4,28,103,154,135,149,116,56,68,34,18,51,78,68,7,1,65,75,8,18,153,465,492,167,522,619,305,77,349,379,248,61,95,208,233,94,63,12,1,30,151,88,260,173,51,298,21,158,264,158,461,73,241,420,485,380,36,255,355,139,249,121,141,11,182,98,242,27,424,419,283,4,351,904,979,719,112,508,947,525,77,239,401,177,208,341,333,5,306,633,339,303,25,496,435,226,562,885,437,294,791,1139,1358,583,663,1359,1368,1109,199,602,1238,1023,352,567,871,718,35,695,1016,643,9,446,1015,551,38,687,933,314,294,977,1143,1633,23,1024,1740,1260,432,702,1289,1397,874,208
210,5,244,373,249,261,310,163,247,146,11,208,38,128,82,65,106,16,102,76,103,196,130,155,267,47,230,106,12,100,182,270,231,526,598,514,550,319,341,109,8,226,420,478,642,523,794,709,685,697,644,551,495,206,493,332,6,159,8,346,585,734,668,722,975,1048,989,979,770,664,385,121,118,489,481,190,861,984,967,952,712,542,364,222,167,339,418,564,792,808,738,744,620,405,196,59,186,498,569,607,752,643,390,404,88,86,264,384,594,636,357,119,6,160,319,394,527,374,341,290,120,2,270,52,27,4,20,29,0,9,16,19,3,21,166,169,23,128,179,293,328,316,130,109,149,190,367,407,487,359,85,63,181,125,388,442,426,339,257,231,21,228,246,230,390,451,291,231,148,55,6,45,170,204,514,483,414,349,428,356,264,453,41,209,192,372,513,582,590,544,547,633,650,581,701,668,499,257,754,660,658,339,24,309,374,674,757,873,1049,978,967,764,523,298,356,631,902,1086,1046,1057,1141,1117,549,454,57,84,187,616,744,785,1094,1122,1043,953,824,754,427,131,138,98,385,558,728,925,962,1247,804,716,502,639,397,268,171,10,121,34
417,264,198,62,333,33,138,80,141,70,51,618,163,53,126,7,4,6,266,136,165,55,75,156,77,108,286,193,505,277,468,261,393,139,55,363,381,223,136,153,177,19,165,202,163,6,34,179,186,195,262,290,199,261,124,143,142,148,150,390,306,436,494,520,609,410,222,100,137,126,284,239,412,408,73,200,26,44,53,10,178,220,467,251,205,264,98,50,49,52,157,85,118,163,317,460,487,656,558,418,406,204,183,397,33,217,210,350,259,208,304,259,264,224,134,70,44,52,115,142,9,92,153,15,12,76,51,23,53,24,48,98,16,19,93,303,408,308,182,163,276,431,334,139,23,52,163,107,25,80,16,62,36,60,238,205,105,183,247,362,270,189,90,214,261,336,100,30,113,234,209,357,148,64,21,5,12,129,290,157,279,265,92,96,129,493,592,603,577,536,317,113,298,460,374,312,96,17,183,121,115,225,369,460,420,119,92,142,455,449,320,385,271,537,653,948,913,193,297,507,701,1029,973,811,428,105,238,452,444,402,105,404,606,625,358,62,243,548,666,498,360,58,407,683,880,1615,540,22,496,850,1158,977,675,432,232,33
356,101,311,324,11,456,231,398,166,77,43,965,28,71,214,192,242,173,67,153,135,184,50,246,216,234,100,48,301,342,376,629,129,136,386,503,357,99,292,457,300,416,120,27,14,336,273,126,98,440,604,410,296,89,166,550,482,551,238,626,90,87,430,522,666,1125,694,390,107,341,843,776,490,177,129,760,302,55,52,132,124,83,514,351,317,501,317,20,252,476,460,415,297,313,253,78,81,216,354,483,824,685,317,208,229,536,700,606,277,233,37,27,158,152,409,396,129,161,68,11,55,53,102,103,58,50,91,16,2,48,21,3,31,49,525,337,272,630,518,307,109,581,484,341,49,231,278,198,75,140,103,13,202,120,174,183,339,84,29,292,241,180,118,162,344,5,188,97,239,450,229,35,141,251,31,71,80,138,84,555,281,417,53,457,716,950,644,141,311,874,1081,633,354,262,475,412,150,273,180,99,215,664,703,265,111,743,756,550,189,417,774,888,466,293,853,1483,1394,279,454,1279,1757,1273,332,645,1171,1050,587,85,781,722,282,355,469,816,298,95,688,1109,814,164,872,1013,892,262,510,1454,1193,1256,150,1027,1467,1618,932,16,1132,37
9,167,4,109,182,108,175,91,158,21,101,619,70,62,13,41,12,137,40,51,137,1,37,111,197,207,204,156,149,336,260,317,213,224,278,181,349,293,315,138,157,150,68,165,183,8,68,133,10,98,98,124,114,97,41,82,259,134,172,215,174,276,307,318,429,250,412,393,309,254,371,380,324,207,256,341,182,50,4,107,196,153,223,196,190,309,207,181,182,216,169,48,69,15,45,109,239,174,159,193,224,304,361,101,239,206,362,193,232,224,191,90,152,183,159,94,101,59,127,77,31,19,32,13,45,18,24,26,14,33,17,14,6,1,191,73,4,75,186,296,286,281,330,237,184,196,98,69,75,12,10,32,22,143,43,82,13,37,125,132,166,69,187,89,27,75,41,17,51,35,66,71,21,98,29,26,0,84,150,186,215,80,167,271,302,331,345,385,404,504,551,391,424,359,286,168,84,55,23,221,194,299,209,275,330,360,262,208,279,74,24,106,145,269,434,476,546,580,819,681,777,670,675,782,560,598,509,310,179,75,92,211,320,383,427,471,413,386,404,496,387,275,167,4,0,226,220,312,463,582,606,815,730,756,778,41
139,4,74,59,218,336,109,92,234,168,107,1194,243,278,143,7,58,14,72,0,141,311,331,220,22,227,116,108,20,370,392,412,441,676,668,375,39,95,2,722,240,602,73,218,211,360,155,189,439,349,93,143,17,101,210,478,506,710,569,687,624,239,249,211,272,77,316,428,818,767,395,746,613,518,399,487,155,248,138,42,105,387,262,303,457,115,155,5,6,189,397,423,224,252,526,435,338,417,127,582,286,133,13,291,90,441,437,701,552,477,593,300,405,124,157,112,32,28,120,33,223,24,68,2,74,6,14,38,25,43,38,14,1,7,39,343,636,570,462,134,159,537,571,490,332,421,37,266,67,84,19,87,1,195,80,300,205,112,1,163,247,409,263,198,144,197,285,371,238,62,140,21,118,102,354,41,22,99,13,214,141,90,450,928,813,803,101,214,337,695,1004,1011,674,637,383,120,380,80,322,198,582,387,364,6,182,33,212,472,753,457,61,455,747,1137,1080,1119,802,1099,623,1175,1629,1593,1507,854,127,260,847,1060,777,355,43,470,416,463,396,197,412,912,823,785,146,249,619,1045,1331,2013,519,78,473,1088,1391,1665,1301,924,375,172
305,62,198,137,371,320,195,257,301,90,266,351,152,4,172,184,70,131,108,45,165,171,62,143,142,16,379,371,47,160,523,102,372,571,386,297,492,440,263,394,72,247,344,15,75,20,170,358,251,152,368,466,205,157,710,75,427,634,257,227,539,616,137,260,735,557,153,757,485,238,464,672,312,33,623,14,77,157,33,135,93,15,3,121,478,226,193,358,529,192,291,327,539,183,387,580,258,69,415,636,319,178,524,156,17,525,467,136,326,303,146,17,55,284,167,51,322,181,26,176,221,74,80,47,35,6,72,43,7,8,56,68,16,61,640,328,538,718,131,588,288,129,527,133,348,315,177,169,252,96,125,5,316,187,86,258,253,195,271,69,269,433,81,260,181,130,459,30,359,486,28,301,257,102,19,97,216,283,130,59,289,159,31,645,855,175,708,1109,511,691,1081,281,729,856,146,341,310,25,12,25,399,25,500,140,317,683,300,574,637,209,853,555,348,996,784,744,1678,298,1087,1498,365,1107,1304,284,700,1165,170,1058,340,238,603,399,602,105,795,814,204,651,176,602,903,65,840,946,157,1615,786,811,1630,720,699,1634,733,1099,1280,200
247,18,445,77,57,31,437,129,215,272,209,433,77,165,171,50,192,118,24,85,307,38,88,38,121,318,161,460,429,194,465,208,15,596,372,56,622,61,340,94,118,412,288,92,163,44,42,32,300,167,150,266,107,381,485,125,432,510,272,414,630,272,311,922,325,444,636,99,438,579,156,430,622,105,195,293,97,88,7,140,188,23,247,354,43,190,379,274,162,597,221,160,484,249,78,328,293,144,503,478,282,383,551,310,551,565,248,388,629,366,249,231,65,208,377,341,64,234,99,132,251,180,12,11,8,56,56,7,67,10,85,128,42,7,418,355,412,659,31,651,188,548,433,442,613,120,446,124,48,88,128,47,100,343,264,222,385,101,261,240,330,320,235,279,27,335,175,244,210,67,482,362,189,281,68,32,104,120,228,164,330,314,107,480,744,294,961,509,492,1044,140,967,677,430,624,59,629,8,341,19,620,45,386,223,387,700,118,732,391,870,766,351,1240,112,1107,893,589,909,272,1409,1102,634,1503,351,1001,706,545,821,75,827,127,619,153,688,451,536,1093,260,707,441,720,747,388,1239,200,1279,1184,1025,1692,170,1569,1072,608,1561,168,19
124,228,71,191,343,381,47,296,284,34,149,68,43,92,271,13,213,151,116,85,140,46,120,169,48,451,450,178,175,506,136,20,339,508,62,260,519,282,504,193,127,230,160,30,185,162,43,349,15,292,530,166,255,484,321,283,503,551,20,440,352,326,155,662,832,39,523,695,532,343,806,538,116,462,554,346,160,55,63,196,77,84,243,163,141,28,263,375,133,272,462,496,28,346,375,339,21,363,660,303,95,550,511,500,415,672,275,157,596,242,45,396,290,221,29,237,381,51,43,113,17,35,120,22,37,25,22,8,5,43,20,34,32,111,486,414,376,606,45,667,385,352,441,144,376,406,19,111,118,110,23,169,89,271,89,278,168,140,373,304,274,322,38,329,316,320,479,52,167,273,17,56,172,300,51,20,63,173,337,117,355,116,135,571,732,258,611,1220,359,713,964,41,697,768,43,670,264,235,168,102,331,267,551,637,399,613,367,337,439,256,742,376,431,911,595,937,1449,747,1172,1486,9,1172,1439,61,1140,822,330,896,280,497,418,320,379,67,907,243,172,770,52,727,686,290,914,637,900,1507,233,1273,1556,187,1151,1741,140,1392,1325,71
476,21,63,165,174,142,14,93,47,114,73,888,83,53,167,9,0,91,213,71,353,68,30,130,106,109,245,493,333,253,538,513,527,404,649,803,721,515,388,492,371,238,315,117,83,86,103,102,146,238,140,277,306,285,337,218,105,139,184,139,5,69,198,213,60,271,309,166,265,75,151,246,193,128,149,565,6,44,101,43,246,21,46,95,103,63,12,86,116,74,247,143,318,360,678,638,567,583,739,903,849,650,633,172,685,540,506,594,518,324,329,384,291,205,216,145,198,173,81,49,28,92,32,4,22,57,98,73,48,0,63,9,27,1,538,485,333,19,116,286,346,513,623,633,586,410,275,79,229,84,38,93,126,98,79,224,309,316,298,432,281,409,313,134,79,89,4,270,373,268,174,372,365,203,84,5,25,262,110,348,331,276,459,629,638,771,477,707,619,69,230,4,50,270,538,289,478,431,22,317,4,225,318,288,633,748,818,616,1041,673,551,466,168,44,6,379,595,1233,1100,1327,1288,1503,1656,1602,1376,1122,718,408,163,28,360,675,705,849,1052,856,835,796,413,322,4,231,785,970,1145,1312,1325,1473,1432,1735,1678,1524,1382,1031,954,132
524,32,128,247,16,20,215,317,185,278,214,375,36,137,56,112,0,71,85,73,158,109,152,250,262,297,23,15,231,358,558,579,573,486,684,349,98,8,215,584,259,509,185,49,124,301,178,616,464,580,425,314,314,138,102,13,229,173,291,438,370,370,520,634,822,851,633,721,679,415,147,87,179,305,257,927,217,150,37,213,250,131,104,79,138,133,355,334,308,487,484,239,332,629,456,473,589,535,585,661,611,317,290,195,6,198,274,271,340,344,170,300,268,392,246,249,323,274,273,134,276,123,111,87,29,59,16,42,18,121,41,0,10,119,509,599,357,132,256,505,609,473,285,211,143,236,359,248,100,31,54,39,136,156,187,244,367,55,37,179,376,319,266,237,31,305,398,405,462,307,337,86,67,99,151,10,121,235,5,179,221,390,221,315,586,872,1041,1095,1099,734,443,137,357,562,428,393,74,6,214,683,457,203,20,271,594,638,666,579,322,68,516,782,1082,1191,834,696,78,993,1126,1427,1795,1471,1147,602,134,469,844,790,487,265,198,467,778,904,694,550,85,507,839,925,980,848,265,205,614,1273,1334,1417,1224,947,82,515,1062,1637,1643,292
109,7,211,318,374,305,334,252,598,76,113,1065,25,17,16,185,48,145,32,18,283,207,159,324,309,296,365,416,472,564,501,401,477,582,533,481,526,498,430,505,93,259,229,250,10,110,65,163,282,40,124,155,183,16,113,230,40,438,338,357,443,425,434,555,807,607,580,498,795,736,910,628,369,242,281,143,136,203,123,254,210,460,486,356,615,604,558,534,683,185,307,436,305,257,57,186,70,2,154,269,291,346,373,92,354,320,425,288,386,259,407,247,211,324,218,275,200,155,329,20,117,104,9,104,120,74,4,16,23,67,23,133,68,2,673,660,493,364,330,89,77,166,197,273,269,252,311,197,68,32,156,160,85,108,91,170,121,90,42,152,221,192,272,274,366,400,298,531,35,175,189,293,89,2,94,171,200,77,79,89,178,338,257,56,195,108,457,150,441,567,706,338,586,639,589,678,291,205,186,60,244,348,434,524,369,800,697,760,817,686,720,403,555,220,44,257,390,769,564,787,845,1183,1334,1266,1082,1211,1170,944,758,329,150,153,151,538,445,741,766,1004,862,833,960,937,892,738,319,1484,210,49,387,565,615,986,912,1379,1211,261
124,69,137,134,7,39,2,15,104,59,58,329,10,48,196,59,3,12,15,38,157,137,77,211,226,64,20,395,264,232,43,274,305,183,22,140,318,150,4,142,48,35,22,9,54,46,151,143,35,46,158,181,87,30,23,337,297,183,9,132,441,366,233,50,186,402,342,152,101,240,350,150,64,136,57,18,56,26,54,61,15,176,170,198,76,87,101,188,307,73,59,105,140,288,372,130,101,286,266,358,94,151,228,167,167,7,147,182,262,197,89,27,115,192,134,89,59,156,30,88,121,10,26,6,41,3,35,1,2,13,17,21,20,18,248,109,203,341,168,164,347,216,2,193,212,114,98,199,115,58,20,45,24,102,104,74,45,124,207,4,174,98,3,100,168,102,141,223,181,98,164,199,126,24,21,58,86,103,205,201,43,126,289,345,214,50,387,514,276,18,378,491,188,160,324,90,91,227,23,159,144,50,200,238,181,106,417,158,120,300,302,44,400,479,301,163,565,338,346,390,704,746,173,490,514,330,146,357,181,87,279,221,33,281,358,60,267,334,38,275,384,93,133,548,413,479,476,616,311,171,726,745,121,357,805,111
131,9,174,242,78,217,64,69,235,242,9,746,77,228,113,160,254,125,133,79,45,366,453,454,323,424,864,354,683,616,536,525,579,607,380,131,321,406,283,197,64,75,105,12,239,141,156,270,281,543,88,428,240,238,546,446,580,564,454,833,735,840,883,628,809,991,675,960,987,455,533,271,389,282,176,203,111,21,121,67,552,458,192,466,457,201,449,415,453,327,394,431,359,371,389,273,281,338,519,608,517,532,334,607,389,334,208,98,165,33,168,77,24,61,29,31,132,9,42,51,55,105,119,58,6,100,2,11,66,108,27,4,83,10,19,342,451,587,700,613,656,445,415,277,77,255,73,77,142,78,6,22,193,38,70,38,108,48,19,98,162,361,440,418,363,363,247,324,87,154,17,238,40,13,24,137,61,324,443,367,612,149,657,854,813,919,961,933,1012,875,809,812,485,240,218,167,99,218,146,157,174,186,69,308,275,273,219,737,630,507,823,680,524,399,368,90,289,999,521,1015,1058,1089,1248,1038,1127,1175,1175,779,396,300,17,301,735,681,438,596,667,495,299,10,101,542,628,874,857,1495,1311,1398,1239,1462,1468,984,980,656,252,103
5,170,52,70,120,100,84,129,483,141,283,302,172,9,259,176,151,28,238,191,247,54,478,362,173,694,209,371,785,280,329,533,237,222,697,418,157,577,266,405,139,3,269,71,30,304,37,92,161,1,64,333,161,18,400,441,244,514,515,395,2,673,780,239,647,707,382,405,599,195,306,525,439,58,336,244,92,250,98,179,479,79,115,346,517,291,218,324,430,367,246,472,334,127,348,651,475,166,781,598,10,492,563,270,314,570,402,54,404,374,97,77,293,335,46,307,332,17,77,207,101,62,45,35,15,5,41,9,32,1,48,51,26,162,561,42,661,422,315,612,53,536,123,167,322,81,220,170,161,163,130,310,3,113,101,233,248,296,150,100,284,33,249,161,267,125,74,289,345,26,391,250,36,250,256,103,74,269,370,544,83,182,796,651,386,852,625,405,1139,633,659,870,459,309,530,39,285,104,295,204,354,230,141,374,32,529,410,70,791,343,403,865,57,890,983,30,1577,343,569,1725,963,758,1458,410,924,881,0,708,410,406,560,342,605,168,427,352,199,580,202,749,591,390,994,435,615,2034,123,1277,1331,402,1356,1247,468,1475,951,97
214,218,54,361,271,390,345,46,334,249,210,603,270,115,127,12,22,56,216,5,118,110,110,174,163,36,42,268,215,458,590,422,518,83,227,261,172,428,243,142,189,169,241,5,208,112,246,97,245,361,61,514,365,338,477,379,481,669,267,325,789,183,394,529,270,583,562,115,510,612,124,699,258,98,180,255,205,153,57,45,20,300,571,60,423,487,10,418,408,27,371,252,171,433,363,31,484,503,22,667,648,125,723,286,244,693,253,362,348,75,330,354,102,199,355,199,100,196,42,234,188,103,114,62,28,2,46,94,52,8,38,23,4,19,483,54,629,88,538,377,574,325,266,410,65,464,208,329,26,109,28,20,24,121,221,95,219,266,22,241,26,303,166,235,189,464,132,339,342,56,407,99,55,418,14,85,288,188,88,83,402,352,352,727,191,924,907,572,862,101,954,687,395,713,135,547,36,122,119,365,127,314,183,448,294,477,418,373,603,171,779,77,663,973,950,1260,303,1098,603,1070,1200,489,1565,52,1043,593,567,845,344,462,247,421,348,797,77,633,207,688,496,551,837,482,1062,318,1203,1641,917,1170,746,1678,16,1631,1039,906,1447,149
165,258,122,205,325,147,538,271,210,518,230,1061,223,128,96,74,197,182,257,248,70,151,80,166,348,304,193,215,434,523,328,217,553,612,468,647,90,117,278,575,215,89,231,119,148,58,485,423,319,633,76,365,454,98,775,490,146,552,381,584,485,410,632,699,190,365,695,112,540,630,125,345,422,55,385,109,171,72,162,139,60,220,360,234,298,676,80,660,529,274,649,260,65,495,356,56,677,337,123,563,790,130,705,241,377,500,89,405,617,137,169,443,106,251,328,55,314,383,102,218,301,6,150,67,30,50,10,19,32,26,50,26,81,20,163,576,150,664,137,567,560,414,518,111,385,18,384,194,3,22,17,96,105,181,8,135,252,164,225,226,437,24,346,24,207,70,156,198,222,198,137,176,256,100,317,143,21,140,220,314,9,19,671,216,675,338,918,728,234,1097,248,694,621,166,468,97,70,70,193,6,179,206,511,415,292,263,573,347,284,455,591,1205,222,1087,174,983,1184,1012,1349,197,1291,1033,991,1278,9,1305,341,752,431,529,380,796,396,496,565,338,724,272,753,11,953,134,850,621,294,1739,188,1251,516,1393,1351,527,1713,201,1520,42
27,93,403,62,364,413,37,620,257,54,384,549,11,301,54,151,77,74,28,320,158,3,106,46,65,121,388,719,1,494,285,71,413,611,199,418,511,211,106,59,225,420,61,22,541,198,44,658,375,229,607,121,38,582,593,21,750,609,361,299,517,454,86,102,627,613,108,637,616,216,310,404,236,43,402,235,31,51,138,147,37,480,307,212,327,323,59,514,470,242,408,527,413,34,168,282,408,84,300,610,460,76,642,407,147,561,681,265,138,430,368,0,126,163,122,68,138,313,199,24,123,263,149,31,118,17,70,48,91,29,60,55,41,12,593,211,632,433,332,676,216,479,446,122,482,251,128,107,213,60,85,72,144,21,117,79,195,73,183,89,283,328,33,293,225,285,343,149,318,437,73,415,225,104,213,177,86,263,17,94,369,432,54,674,622,295,859,1173,384,894,1012,359,903,645,80,523,77,305,290,102,215,27,671,396,193,701,42,357,655,23,945,312,479,1062,588,924,1311,367,1208,1768,229,1460,1377,12,1163,733,37,930,458,569,361,157,601,148,844,550,336,797,318,432,915,29,900,949,355,1697,770,568,1648,739,780,1505,386,1145,1479,128
62,50,285,217,188,218,247,242,220,195,116,408,75,77,68,23,88,27,119,56,20,5,99,17,171,121,230,231,245,296,260,379,238,181,167,259,232,250,170,76,134,21,80,80,23,64,1,254,159,225,357,194,205,236,302,278,233,74,292,220,149,175,37,109,0,122,55,21,173,18,121,4,45,43,1,114,47,23,17,43,25,104,64,168,26,104,47,80,186,165,132,185,162,148,134,225,237,250,227,340,303,269,276,235,239,190,167,153,132,103,10,6,23,57,75,82,124,102,132,56,96,155,105,10,49,33,23,17,8,51,25,2,27,50,334,300,307,223,202,160,72,4,86,189,146,108,188,139,154,3,7,81,72,10,80,28,80,14,117,97,25,199,170,153,230,172,141,250,137,148,99,118,23,7,84,52,75,37,19,79,81,197,72,126,92,121,252,282,204,276,397,363,295,300,378,230,166,157,64,23,196,96,240,271,384,418,344,338,385,232,112,21,100,145,261,298,325,563,688,721,709,870,849,624,603,555,443,268,161,160,11,47,310,282,494,462,409,269,336,369,383,176,45,37,186,181,318,489,429,580,673,660,819,787,929,99
81,39,9,471,399,335,136,588,345,121,113,844,183,123,123,75,292,161,332,73,92,49,116,10,61,490,380,114,84,379,665,146,289,756,567,164,393,418,104,292,316,298,118,483,110,79,331,326,108,384,892,106,257,592,545,79,391,519,427,236,113,401,782,488,106,462,938,570,160,529,713,269,163,221,598,279,354,94,34,20,195,343,361,168,180,430,500,92,363,607,402,302,146,427,421,495,482,146,670,239,514,111,518,944,788,198,483,623,521,28,237,388,89,134,139,361,335,189,2,166,426,308,114,97,38,31,17,11,50,42,20,77,2,75,278,576,365,308,688,16,544,433,109,430,427,64,344,220,143,121,294,134,209,234,135,126,330,295,82,288,270,179,235,187,243,281,276,237,503,103,138,251,235,137,189,205,41,148,212,185,37,141,537,189,194,857,814,368,869,1093,667,392,840,865,99,560,229,75,283,173,401,340,197,531,636,74,509,539,280,555,609,127,933,674,70,1152,1400,235,1068,1676,755,374,1416,1023,184,1353,703,110,664,424,125,443,300,485,705,182,499,621,175,475,622,150,665,1058,305,434,1649,688,967,1485,1031,463,1473,1126,54,192
190,54,67,188,295,12,187,172,218,177,111,467,61,39,38,61,5,80,165,143,38,63,131,22,26,105,36,132,73,164,188,111,268,79,232,287,26,212,33,232,185,92,102,47,159,34,226,147,195,440,31,177,340,67,363,80,223,289,170,282,243,175,127,233,120,262,425,63,313,268,15,310,185,110,163,158,25,76,65,117,99,77,289,85,284,275,106,262,143,79,339,205,29,250,37,12,173,219,43,311,292,107,331,161,142,449,149,197,242,24,149,208,0,40,179,47,78,170,53,104,143,23,59,38,11,22,17,42,45,12,9,0,34,3,105,283,34,327,44,259,126,274,144,114,145,101,130,112,106,11,12,3,115,21,48,90,14,116,174,140,182,87,172,21,161,8,180,28,205,164,3,96,25,209,19,68,41,39,108,124,169,100,53,304,281,63,472,281,367,484,24,428,227,217,296,198,69,159,126,195,153,170,177,157,363,70,351,108,283,302,313,341,203,469,11,729,452,596,743,129,815,224,646,532,287,480,144,475,15,410,132,304,67,354,205,243,375,149,265,142,424,127,521,296,434,1074,335,697,107,643,548,391,700,19,894,39
195,159,500,497,461,497,329,171,296,448,328,35,35,84,232,78,55,149,3,175,245,38,111,83,129,61,28,24,74,171,344,312,455,456,479,486,599,584,494,115,458,448,240,197,242,221,25,115,49,184,149,141,157,316,229,552,372,196,253,197,262,129,100,249,39,134,188,325,214,315,210,448,298,307,273,804,117,98,106,8,48,212,84,11,335,342,337,318,204,230,192,259,150,100,56,11,43,261,95,120,229,310,135,464,305,195,318,78,77,121,130,157,27,249,161,91,15,66,176,27,45,188,187,3,0,13,16,39,39,23,12,80,35,88,447,378,128,33,119,348,509,452,510,465,434,426,140,72,89,57,48,78,137,88,49,404,287,421,366,206,185,121,63,95,455,162,351,441,379,508,400,419,318,138,343,193,306,198,44,155,11,269,259,56,296,418,537,891,509,645,620,813,736,798,560,226,138,167,314,427,528,642,580,610,374,545,225,152,11,345,529,624,1109,1219,1421,1264,1050,33,1218,724,782,484,1,58,352,666,881,692,654,586,586,426,18,34,444,368,390,656,813,632,606,380,334,27,244,868,570,659,1187,1246,1568,1586,1433,1361,1370,61
95,83,112,277,318,419,260,527,432,586,228,1768,257,4,334,202,141,161,13,134,135,74,272,160,218,107,127,166,114,285,131,283,153,95,124,71,39,167,214,487,114,55,131,386,405,192,733,504,789,688,904,892,868,552,675,747,466,333,553,101,329,81,30,252,395,337,476,562,517,563,698,509,404,360,507,198,345,144,126,369,463,442,538,682,586,468,764,716,519,496,303,230,385,365,57,210,430,342,575,638,644,830,675,319,728,562,607,529,549,340,325,207,101,75,135,62,90,190,131,52,163,124,199,5,29,17,21,54,40,31,49,10,1,51,78,35,215,339,490,673,627,632,576,764,569,392,277,284,66,141,196,168,66,79,111,86,46,79,22,250,366,412,233,247,242,75,426,392,376,160,294,174,254,68,305,196,189,83,12,90,241,188,118,191,179,317,368,309,186,16,131,62,153,53,253,288,322,119,297,545,357,169,500,124,152,81,123,126,485,410,656,738,896,1207,1256,1399,1513,670,1901,1576,1559,1614,1449,1103,914,1069,509,563,48,155,425,346,420,496,622,581,749,592,576,518,457,671,156,60,231,534,313,467,650,1000,889,929,1238,1299,1110,114
87,135,390,562,228,254,216,132,62,106,145,781,39,61,70,0,24,209,4,118,85,52,31,0,310,78,390,357,444,154,303,430,283,204,422,321,16,75,275,296,63,117,51,479,226,210,141,124,203,57,152,122,199,354,322,393,251,333,216,205,349,292,362,186,321,278,451,178,391,234,444,257,353,202,151,325,8,4,185,146,354,165,543,297,692,541,496,577,706,546,766,572,454,467,402,497,476,658,472,539,700,711,693,653,679,498,642,554,376,415,385,313,300,141,528,74,101,181,199,330,270,184,192,104,114,137,51,21,2,16,56,70,12,125,92,19,367,435,596,627,579,524,244,264,77,245,274,304,251,171,95,86,55,89,163,119,48,150,155,306,443,191,194,259,279,83,154,236,353,248,291,281,339,86,410,277,3,62,99,112,69,357,0,166,167,100,578,676,600,892,1193,810,699,600,238,216,34,270,317,274,665,434,463,235,132,165,251,548,542,374,681,591,367,240,60,347,545,1289,1217,1615,1640,1532,1643,1418,1225,816,86,25,348,811,716,864,718,760,445,107,30,516,464,990,715,848,615,626,599,1313,134,364,901,1076,1389,1741,1829,1639,1396,10
4,165,102,346,600,273,242,5,279,137,285,471,34,48,162,66,141,292,188,258,116,119,106,4,77,320,92,43,72,128,392,486,338,139,158,38,219,342,340,124,113,24,84,177,178,23,258,507,466,416,95,243,378,701,611,974,712,283,133,135,383,249,475,436,526,486,453,167,44,123,537,343,172,499,9,552,32,98,152,158,111,413,149,48,335,715,632,657,538,336,204,18,223,245,175,260,396,508,502,301,483,83,67,589,285,686,505,333,177,64,58,116,19,134,200,429,424,317,293,289,96,1,132,72,127,73,76,57,32,3,50,100,41,1,242,18,531,518,611,124,471,705,488,271,33,340,368,413,160,162,43,34,131,240,157,121,265,194,115,7,175,351,299,230,126,299,483,209,131,36,211,261,294,391,81,124,87,86,220,143,17,262,474,452,753,732,657,58,351,827,1009,821,256,147,400,455,340,256,452,625,355,13,344,522,654,265,224,501,784,734,155,509,1096,1165,819,199,301,1482,1625,1488,1052,94,716,1402,1355,856,213,532,815,981,518,60,640,929,562,109,596,881,786,448,7,838,1181,1089,577,773,1047,1274,1407,780,181,903,1711,1714,1158,247
278,128,439,50,241,179,470,364,444,407,122,316,141,97,266,16,161,51,143,36,86,21,12,34,86,106,207,288,115,251,363,391,558,322,367,193,38,222,181,388,284,249,256,159,151,195,320,719,619,340,627,256,120,16,240,350,738,582,650,527,633,582,672,491,837,461,631,413,303,102,20,253,168,187,303,188,7,46,25,135,31,323,167,287,363,383,482,588,367,682,487,541,486,569,356,525,509,408,527,579,427,53,170,392,332,169,528,462,375,379,278,247,316,234,214,192,330,206,304,143,200,122,110,23,16,18,5,6,33,20,4,92,53,11,452,231,147,478,705,748,527,208,164,388,598,436,333,94,174,109,68,2,47,253,243,9,181,83,124,261,363,119,46,204,323,412,367,406,325,14,0,80,73,151,92,26,4,42,161,68,190,63,541,857,743,718,905,557,339,66,284,644,890,789,644,141,85,17,373,438,283,12,80,350,690,466,291,1,64,484,818,824,919,462,184,366,1184,1435,1544,1708,1574,841,231,524,877,1211,1371,919,551,20,578,948,874,621,559,40,536,877,731,742,288,41,312,1012,1356,1858,1166,1121,573,341,965,1347,1776,1771,1228,215
75,60,482,285,708,255,423,96,19,89,282,1051,188,133,155,67,276,139,5,137,84,37,238,395,342,226,147,262,136,50,240,217,125,187,348,447,738,601,264,180,206,73,39,155,31,203,25,44,259,226,538,402,592,417,711,654,831,669,583,335,301,207,142,180,35,155,455,452,224,632,299,433,540,493,318,247,6,116,74,316,88,254,456,325,572,388,646,471,457,462,273,299,111,70,89,86,274,167,105,188,168,277,248,587,503,500,538,532,477,238,170,157,231,390,97,240,63,76,70,108,34,55,187,44,11,66,31,50,18,88,51,104,10,39,455,129,10,500,687,714,431,172,155,157,363,348,261,187,146,116,184,6,142,238,342,73,99,4,252,351,357,183,74,117,319,297,404,547,252,251,186,50,26,115,52,44,102,156,151,63,42,7,237,332,629,1011,1011,1024,802,471,80,237,544,637,556,315,366,187,397,409,349,254,174,406,295,661,763,366,362,141,407,824,1043,1077,1111,718,204,1242,1172,1444,1512,1771,1321,985,86,269,756,946,977,910,267,6,674,784,1038,738,374,267,389,821,932,1037,819,365,272,77,1014,1328,1547,1482,1126,618,370,884,1268,46
510,29,322,331,705,492,26,185,81,244,244,652,134,142,22,100,95,27,16,67,236,260,221,220,123,208,281,246,610,150,81,242,621,344,464,420,355,96,90,431,522,250,154,48,208,610,394,224,50,44,409,601,537,369,616,521,281,70,270,183,431,616,648,593,498,183,8,69,182,240,398,634,511,424,260,335,41,50,62,89,141,422,277,458,22,121,471,250,532,638,506,505,381,334,202,129,102,81,196,581,525,509,519,273,273,205,41,248,164,410,275,376,318,156,282,154,101,116,12,96,96,248,145,73,70,16,42,24,16,16,70,52,33,2,245,144,351,557,539,152,229,573,624,268,94,80,150,256,218,43,37,31,41,16,29,78,204,256,85,282,39,173,240,130,336,52,85,290,589,346,248,236,154,66,41,86,172,103,191,140,430,88,583,589,555,206,32,435,849,731,784,492,255,93,509,274,254,11,243,340,106,6,308,403,543,405,257,459,479,508,318,101,380,1056,1041,1135,634,819,713,1492,1569,1272,807,42,428,850,1041,683,374,502,671,570,170,308,481,639,721,412,90,421,643,642,346,332,533,1150,1064,1064,345,255,1082,1275,1167,1071,252,2
205,67,149,291,420,555,478,619,255,306,393,693,181,455,479,156,179,121,182,46,14,54,82,67,258,229,324,604,242,611,426,191,581,268,183,269,328,378,687,12,610,344,174,192,138,173,316,154,723,380,419,518,65,24,336,498,772,663,708,415,719,611,624,613,645,502,430,216,199,43,161,153,479,195,444,393,153,288,183,246,204,538,23,183,10,146,217,136,338,575,415,632,366,285,430,534,422,505,275,455,251,390,290,109,16,170,124,416,545,312,323,292,262,225,160,37,98,75,185,199,179,77,102,55,6,2,4,88,5,87,63,38,39,91,571,452,346,12,96,530,712,716,415,249,73,203,216,44,149,116,15,265,82,40,199,189,142,48,117,240,196,255,311,282,63,111,169,454,353,256,385,257,365,102,153,62,387,199,230,220,272,342,123,55,133,403,637,976,1201,914,874,655,401,44,328,358,322,9,267,119,84,319,702,89,134,199,449,328,708,457,295,248,905,871,861,1243,1159,283,634,102,580,948,1342,1560,829,825,245,269,593,631,520,206,72,74,318,545,427,257,22,295,461,761,695,801,627,1132,127,473,902,1253,1452,1327,1090,700,32,111
18,106,645,109,705,139,279,244,439,105,277,174,69,357,73,143,146,283,269,10,305,68,126,110,71,366,324,60,366,285,218,416,346,18,385,462,99,617,502,261,606,2,497,561,16,374,70,177,463,390,338,682,373,480,545,357,431,814,599,5,586,580,162,313,866,394,166,583,241,245,642,498,24,412,432,382,71,130,27,182,118,146,160,467,298,137,471,497,53,700,566,74,242,481,406,173,122,595,338,82,488,418,160,777,602,269,242,683,210,278,582,177,3,192,128,129,7,149,148,227,108,36,124,94,67,9,28,61,118,47,33,71,83,132,285,374,558,28,524,301,356,594,33,434,239,209,412,38,153,222,25,35,95,81,90,192,235,62,39,294,20,198,211,350,453,129,390,586,49,303,428,73,234,330,59,184,24,305,325,206,483,417,92,446,846,267,974,844,199,831,844,194,724,470,148,480,242,69,44,245,152,50,444,5,523,393,316,725,126,510,238,678,609,297,944,1170,163,1228,944,761,1677,792,811,1195,303,1007,1076,185,579,195,462,392,237,308,24,526,512,266,578,206,773,476,723,831,71,1159,799,450,1362,526,713,1451,299,1062,1241,105
457,76,333,446,418,133,131,219,455,35,10,1190,306,185,450,124,308,52,53,326,145,173,65,85,10,109,329,118,444,147,6,514,660,239,157,25,479,512,314,498,169,530,470,275,201,316,276,315,139,617,662,607,28,210,580,443,531,587,79,458,584,512,695,356,1,98,592,1051,701,449,248,373,648,641,235,307,106,90,66,164,86,28,290,286,533,275,180,189,324,393,208,409,115,138,225,282,278,702,457,57,114,264,606,531,592,143,55,650,578,443,140,48,117,81,170,204,191,90,96,73,207,194,258,162,20,38,18,70,18,9,61,54,9,15,190,355,580,472,48,736,656,199,89,566,308,329,82,130,268,0,27,214,205,19,161,153,331,207,19,66,327,50,10,467,268,77,384,393,313,3,305,283,71,132,34,74,252,320,38,217,349,324,465,48,298,857,1093,800,80,453,911,767,536,320,547,394,88,193,492,119,206,260,362,22,401,821,355,111,420,736,402,488,844,909,565,238,1314,1339,1208,19,900,1401,1371,439,582,1251,842,26,591,727,328,74,823,692,180,346,847,525,89,575,907,634,359,698,1217,1705,42,1057,1386,1350,223,529,1507,1577,575,186
227,61,249,118,178,586,473,218,11,394,220,360,273,200,147,85,116,69,195,145,224,147,53,38,55,354,349,381,133,336,566,609,326,278,601,784,560,115,108,136,446,111,466,254,57,34,370,446,486,36,513,760,739,106,142,337,349,604,391,502,19,253,506,805,863,533,190,404,768,598,551,51,520,518,616,260,94,40,169,327,270,61,187,452,849,548,337,113,527,625,269,304,177,37,98,249,546,764,668,325,162,602,1044,346,260,162,564,609,343,256,159,63,95,353,322,365,206,28,243,199,238,210,146,35,26,2,111,55,18,33,15,33,7,106,219,376,569,378,25,697,629,251,271,398,309,20,194,150,97,36,20,53,188,102,61,193,349,0,157,180,6,200,453,94,4,535,373,148,199,353,377,195,165,150,11,56,100,146,234,186,227,327,424,587,825,662,104,606,985,773,351,484,861,493,215,338,294,200,294,282,149,270,569,540,97,475,836,571,23,772,723,478,101,991,1235,614,332,1189,1636,1085,87,1072,1720,1075,205,794,1160,620,408,761,682,17,648,505,294,341,916,699,311,476,1035,719,168,759,1325,1564,329,1065,1641,1042,109,1054,1395,1181,39,261
70,178,254,476,121,226,458,311,170,149,267,802,42,58,250,26,291,89,61,82,15,125,295,164,137,75,173,707,383,424,29,429,731,669,282,198,398,445,315,381,309,192,287,52,248,293,96,42,546,636,402,342,53,399,636,562,301,304,64,297,408,410,756,876,527,211,544,858,833,570,371,270,478,576,411,458,191,165,46,97,199,21,225,472,673,646,198,239,236,641,548,450,144,122,84,205,244,715,695,645,250,193,688,562,719,222,112,209,370,380,226,256,241,193,56,197,388,366,180,10,123,130,89,66,34,3,13,42,48,10,2,8,46,65,322,552,336,268,459,573,211,309,552,326,112,178,213,217,22,119,63,172,48,26,240,339,155,163,354,221,77,298,303,220,186,344,307,16,17,460,328,346,120,4,91,53,12,4,83,494,360,275,39,211,811,968,925,245,744,900,1001,213,53,463,450,38,138,212,163,262,306,438,49,499,796,555,407,429,585,512,19,633,1104,821,256,769,1530,800,244,661,1537,1260,741,208,1063,1215,582,369,805,953,32,512,802,365,69,626,959,236,73,700,985,654,476,1091,1241,1562,449,1252,1796,1162,101,1295,1802,1194,277,118
217,136,58,406,235,21,129,214,302,195,39,340,17,281,68,139,7,375,191,221,331,168,149,95,170,4,311,191,124,38,210,336,128,281,532,666,482,282,604,204,297,337,298,58,195,42,34,58,115,60,47,234,135,31,348,230,215,61,92,47,84,260,522,516,338,472,574,794,472,721,719,719,542,582,531,809,308,141,64,23,105,294,111,90,87,829,446,342,220,79,210,124,97,159,119,451,289,153,523,499,552,611,594,382,599,642,670,499,428,351,252,204,249,26,34,99,69,91,290,156,101,210,209,12,9,28,5,20,6,41,12,80,3,3,355,349,98,17,2,304,363,445,315,423,441,411,443,199,217,115,4,92,83,251,76,189,39,108,160,81,250,113,206,384,565,569,575,445,526,392,197,126,372,273,215,122,5,10,98,188,324,317,467,407,330,754,660,1046,498,621,625,611,386,308,29,127,215,333,451,488,598,518,430,350,345,281,213,126,150,252,508,554,776,978,1185,1530,1401,1361,1731,1617,1528,1495,1343,1468,1233,1076,1050,254,119,297,119,140,334,284,594,538,621,913,629,687,361,653,548,527,362,1065,83,112,96,67,388,420,287,797,1091,207
11,106,531,350,318,316,17,243,93,316,34,341,16,171,26,96,209,48,27,273,200,1,244,84,283,270,5,293,30,4,741,292,571,482,531,408,629,611,763,580,442,362,558,169,107,131,10,29,46,60,506,368,342,158,211,406,47,167,46,13,190,123,208,109,340,180,223,51,182,88,34,162,102,15,169,593,16,11,95,224,157,120,33,1,250,150,237,290,171,69,104,203,152,115,128,382,300,487,622,672,743,619,719,287,496,346,544,638,645,437,214,417,405,351,288,252,122,313,365,136,237,30,80,39,108,26,68,85,61,70,20,44,35,5,390,455,627,611,632,537,201,272,23,226,325,250,245,320,291,139,187,82,170,117,202,202,123,25,147,154,168,247,401,262,355,256,236,178,127,10,44,57,234,88,76,114,80,150,171,372,293,152,516,695,608,942,1125,1227,1060,1064,821,578,661,222,179,3,113,13,442,491,340,224,13,64,115,42,657,480,568,687,790,641,815,1050,502,325,144,815,151,285,740,857,878,1290,1102,1162,1197,1132,941,338,258,24,42,751,467,821,699,881,590,521,273,209,221,230,597,515,1044,1441,1337,1553,1582,1630,1601,1261,1134,31
73,174,205,415,558,538,533,226,250,222,179,921,77,77,109,79,69,58,184,26,187,98,132,68,82,61,75,43,365,313,594,571,736,438,342,340,2,156,373,498,326,485,218,18,220,284,159,357,360,372,259,547,301,645,239,272,4,91,59,214,413,430,615,354,600,500,879,847,756,826,565,653,241,327,240,517,113,57,117,294,139,131,385,556,452,364,276,502,395,270,42,44,209,68,70,277,50,8,34,180,229,525,505,720,688,645,589,595,332,416,342,338,374,203,162,208,155,6,114,114,42,22,47,29,30,9,41,26,29,21,8,47,28,70,366,529,561,484,230,124,371,559,567,506,489,252,76,143,181,231,121,200,93,129,231,72,144,389,184,218,27,55,235,285,434,429,123,17,27,45,171,196,138,236,274,8,140,141,66,162,292,307,475,721,865,991,784,766,587,14,284,729,713,991,692,542,66,224,131,335,254,176,185,342,452,443,605,276,208,25,512,614,930,924,774,1064,417,850,579,1229,1695,1658,1750,1164,595,306,210,515,827,774,551,371,318,337,778,730,774,350,34,428,428,955,955,860,553,1010,223,864,1339,1367,1673,1425,971,490,119,6
172,17,275,325,436,421,169,449,195,247,313,62,392,18,4,97,208,73,150,142,24,200,54,200,68,370,22,131,405,599,268,136,395,307,352,510,578,302,453,376,43,34,10,30,147,164,71,206,503,585,342,367,484,481,468,306,374,261,346,211,125,9,50,233,195,72,259,159,326,186,363,432,375,474,559,41,182,28,182,72,88,235,449,340,259,683,319,412,527,498,577,718,413,445,319,353,265,131,154,44,41,38,43,335,91,546,250,183,238,167,196,206,260,320,379,290,286,288,234,173,71,67,121,9,66,11,23,79,21,15,54,119,49,61,576,675,750,518,360,363,149,146,73,130,318,234,357,126,102,132,207,74,147,26,77,117,254,139,53,151,91,134,351,454,349,222,470,471,444,329,315,429,224,272,28,13,109,34,82,180,271,351,229,284,683,488,478,450,595,412,356,50,119,21,109,42,183,239,256,425,277,92,99,133,90,98,487,324,442,609,803,731,813,1062,766,1302,1334,328,779,726,759,544,501,88,277,66,419,473,566,556,715,796,416,687,776,358,44,17,15,396,364,759,1012,868,982,1528,1308,1535,1416,1498,1341,1294,1184,1040,766,74
92,42,407,51,265,15,464,95,7,283,170,1329,320,120,276,14,53,127,68,9,23,116,80,197,33,66,210,163,281,554,543,234,402,422,633,656,666,494,145,265,291,398,56,62,40,197,88,289,155,110,295,484,454,354,392,300,203,13,111,14,131,126,236,472,555,323,352,289,507,539,421,194,333,86,93,448,189,125,71,261,124,173,206,109,144,158,34,14,107,205,408,237,404,359,424,585,595,602,822,639,789,712,760,448,857,594,414,352,414,247,206,169,59,33,174,94,106,24,15,15,111,18,217,9,27,25,16,93,33,106,79,45,64,33,186,12,161,278,438,355,598,382,515,228,331,121,62,32,132,177,12,112,51,140,252,309,313,225,169,205,183,155,122,332,125,400,457,499,240,276,324,495,311,195,165,108,209,34,55,90,14,516,49,156,92,15,116,72,265,390,201,350,266,555,548,34,168,49,210,154,222,477,524,643,737,512,252,621,266,264,84,243,204,554,439,928,958,1103,1217,1540,1697,1281,1481,1114,1122,788,411,227,38,548,324,558,656,813,779,521,453,413,167,92,104,624,485,1017,1176,1471,1507,1494,1391,1496,1415,922,832,884,553,37
131,106,56,214,138,549,237,295,125,233,239,951,103,27,108,13,180,101,1,2,233,51,32,23,11,82,110,332,148,37,26,355,462,222,13,276,28,488,260,147,129,287,23,210,443,336,339,209,339,277,564,641,210,211,421,659,748,642,308,78,316,427,676,757,516,217,112,563,539,473,196,158,294,330,287,33,144,186,120,331,227,14,122,190,421,529,539,267,143,553,511,507,370,505,158,230,12,421,355,816,655,49,4,535,675,546,454,3,67,280,210,213,163,142,98,82,141,260,112,226,223,91,104,45,48,110,3,28,22,47,7,47,38,30,397,48,496,547,239,388,564,492,142,301,398,284,11,120,62,26,86,163,34,29,201,30,134,186,178,135,323,9,65,201,508,398,44,288,369,520,171,91,11,66,181,156,173,157,268,101,56,118,408,788,803,237,249,860,1057,873,151,184,712,540,262,320,195,235,327,229,221,114,513,428,288,17,478,549,351,244,743,746,657,283,870,1516,1166,313,714,1475,1448,745,235,1260,1362,660,161,862,867,235,439,861,589,184,544,898,482,160,726,801,453,172,1086,1260,626,641,1044,1358,1017,32,876,1473,1408,496,680,45
130,57,347,413,435,319,261,373,318,358,57,356,66,39,8,108,115,11,129,168,19,119,228,224,115,266,21,7,27,59,104,128,23,131,84,140,406,65,35,312,159,38,271,123,317,320,350,325,80,318,68,213,342,335,330,505,389,376,575,483,774,594,650,719,825,881,612,845,812,692,601,549,511,500,235,506,85,52,30,337,166,159,347,265,388,721,468,607,642,484,459,446,404,300,67,44,100,56,74,48,133,213,208,390,344,176,180,332,455,112,317,362,524,188,409,169,251,343,327,314,75,93,109,124,1,101,18,9,23,52,47,92,79,64,324,466,658,568,482,339,237,313,41,60,77,231,270,185,27,16,12,180,144,78,72,19,10,347,9,25,17,85,253,396,424,417,293,422,286,133,218,109,139,34,112,172,276,155,520,318,114,459,347,252,259,333,456,322,530,784,925,859,619,968,626,224,224,131,87,252,376,379,548,519,598,300,418,339,92,90,89,55,311,801,1199,1028,1423,1337,1338,1657,1541,1344,1380,1298,1264,885,472,436,50,248,490,587,651,513,788,914,675,607,500,237,70,241,511,736,1061,1196,1422,1504,1438,1258,1302,1345,1245,1063,1104,150
202,346,186,278,214,59,35,154,45,81,330,1295,49,138,94,112,154,47,170,298,16,92,0,251,313,331,458,523,493,450,330,637,407,206,109,14,88,108,44,314,319,278,306,126,79,34,324,90,307,280,433,368,627,540,695,529,386,300,555,473,50,306,285,62,278,165,89,251,396,112,265,539,452,165,360,582,70,73,61,209,195,137,276,253,48,204,240,139,150,200,261,248,401,189,252,451,295,501,409,318,591,707,757,585,749,742,529,625,601,288,278,332,448,309,264,241,288,252,179,94,164,172,184,23,70,18,5,35,49,0,6,30,16,35,496,364,156,82,406,525,645,530,309,160,23,65,322,107,262,3,105,6,106,123,179,53,204,51,392,267,233,35,70,303,384,279,292,71,77,196,50,47,93,195,87,203,273,148,102,46,92,381,168,174,463,461,797,867,1054,981,843,951,256,260,0,423,590,378,297,228,360,183,627,695,548,417,73,198,283,729,796,930,970,662,358,221,455,1468,1286,1552,1500,1626,1271,948,429,55,332,786,932,834,640,196,117,401,419,864,879,758,679,124,392,606,750,934,1408,1715,750,482,101,542,947,1413,1523,1534,1278,68
503,208,314,400,477,539,103,303,451,48,54,415,171,341,61,233,69,13,47,172,297,26,10,101,35,33,240,204,266,178,304,103,165,22,253,342,100,284,174,194,166,208,90,143,40,397,356,342,565,387,536,612,608,576,603,912,583,686,668,342,697,326,482,201,114,348,174,199,187,220,28,75,95,83,71,470,0,74,57,218,190,143,117,72,54,18,391,44,335,530,351,342,381,399,725,452,469,672,827,576,510,671,612,618,484,505,373,451,370,246,19,118,34,108,27,67,53,218,360,133,219,232,243,10,87,9,72,56,33,50,26,16,52,39,376,141,40,205,213,510,523,514,632,447,600,286,319,172,93,16,65,95,159,119,86,66,169,231,230,392,267,219,323,240,88,195,79,77,24,185,17,131,80,168,19,160,81,93,88,348,507,11,432,755,685,930,782,1041,1090,941,1295,1120,924,938,579,215,39,12,211,356,574,483,546,395,671,595,286,270,24,329,398,886,809,953,1165,1081,1416,1158,1736,1715,1788,1753,1294,1213,1067,803,424,192,63,290,411,692,965,543,533,690,668,444,308,322,23,367,810,980,1093,1140,1310,1574,1425,1356,1659,1625,1410,1378,1352,107
52,51,102,78,50,198,29,251,199,118,102,844,202,97,166,7,7,269,244,111,75,249,182,32,40,131,35,111,255,123,244,340,234,364,444,93,427,295,317,174,249,240,202,63,75,2,218,123,331,186,223,394,238,92,125,47,105,126,297,95,692,275,326,536,573,893,775,487,524,646,680,327,113,331,166,616,85,156,21,148,272,151,6,96,66,119,30,23,368,157,405,507,345,533,484,432,487,346,430,254,393,193,45,450,10,181,79,163,159,145,243,151,377,169,244,446,330,182,136,199,120,65,20,35,25,30,7,50,23,17,58,3,44,19,482,417,417,359,373,312,122,58,25,78,75,70,138,139,179,301,73,65,27,23,186,70,192,136,249,62,268,99,26,221,50,368,359,281,236,143,241,35,168,208,60,26,135,221,428,254,211,226,485,632,651,583,543,678,762,626,364,398,560,446,381,519,578,238,189,73,92,215,10,68,312,182,164,164,526,623,656,764,675,877,722,1019,1156,167,988,795,923,662,542,393,316,95,153,120,194,376,538,613,815,702,697,565,581,290,344,271,34,52,150,255,119,115,763,741,1040,811,759,1119,1053,1127,1047,74
194,26,291,59,18,424,501,75,220,13,77,880,57,112,202,32,341,412,126,186,229,119,28,109,256,22,511,441,658,267,55,721,717,849,325,183,445,494,406,83,277,321,22,100,439,494,330,257,101,363,534,399,401,156,365,395,666,922,664,337,255,291,320,838,929,443,57,317,945,820,620,17,294,128,323,447,10,98,102,152,168,216,2,75,403,584,418,295,1,225,311,220,237,290,355,341,277,198,532,876,950,498,24,305,574,710,538,326,190,109,37,226,356,140,235,80,308,291,97,115,74,36,5,48,35,10,91,79,5,34,16,2,20,19,134,366,399,479,48,415,375,452,162,273,386,273,30,37,68,49,53,38,78,186,155,13,29,143,168,37,227,32,174,316,353,236,97,443,413,431,276,47,66,246,258,216,167,107,167,75,122,104,612,702,472,38,298,671,889,813,122,583,594,230,59,68,225,238,360,484,459,188,73,455,660,35,122,231,10,134,55,471,65,296,1000,960,1011,626,917,1355,1548,785,109,818,1074,430,119,445,536,515,380,856,736,160,203,695,553,511,236,484,404,58,644,535,547,874,903,1110,1017,262,297,1222,1558,681,262,33
707,255,525,178,562,113,505,323,247,116,110,1691,15,199,175,366,459,30,380,14,436,210,242,218,516,99,756,519,254,1255,882,103,935,899,181,746,484,626,910,165,414,416,137,77,101,207,66,340,453,32,817,633,26,579,411,130,628,760,13,329,1151,475,334,1330,818,943,1331,676,742,1258,563,574,845,196,515,922,334,182,4,148,268,521,168,713,429,60,661,175,102,426,617,151,186,806,384,321,616,855,591,614,1034,372,825,37,214,735,977,196,528,364,401,256,473,373,68,519,434,28,407,37,44,107,301,39,30,54,12,16,25,5,86,16,8,73,402,383,728,87,795,253,790,701,320,571,73,476,276,7,334,74,115,181,52,140,0,238,83,182,21,264,417,35,419,230,457,144,621,765,401,484,548,133,287,486,66,54,183,224,388,15,484,415,321,746,653,542,1306,674,1137,1548,142,1076,543,342,789,5,36,87,541,256,409,658,475,846,71,215,130,297,482,665,667,63,1233,241,1040,1633,197,1793,1348,567,2028,695,1261,1438,72,1887,549,927,769,628,1292,465,1042,556,679,772,79,756,2,731,295,607,555,979,1046,1228,1071,450,1018,1607,629,1409,1201,345,1868,67
78,56,120,32,95,30,19,125,34,0,52,873,32,14,2,77,58,315,96,145,130,94,170,69,280,144,97,248,246,413,421,380,491,528,533,336,445,472,376,270,180,220,104,98,167,169,212,157,265,398,355,467,370,357,359,239,168,366,280,184,267,99,126,14,154,88,48,61,98,98,116,31,178,82,44,743,60,28,141,105,89,172,235,336,269,321,362,345,225,209,144,55,44,286,15,295,306,297,310,410,393,434,376,15,358,358,384,282,314,229,236,278,274,351,377,249,279,247,219,166,47,53,80,45,2,7,58,27,28,79,14,24,40,24,380,315,318,207,139,0,39,104,270,200,250,217,222,76,38,48,26,83,74,111,87,32,37,94,7,55,79,14,15,57,152,2,165,214,288,138,164,226,130,143,41,41,227,98,185,131,286,146,416,299,378,541,391,446,267,244,102,155,131,46,117,3,58,180,118,36,55,61,74,3,220,242,306,171,224,316,87,94,190,266,286,329,354,815,855,835,877,878,887,1029,903,827,390,85,135,4,199,416,496,384,650,501,399,462,166,117,15,207,283,596,641,467,860,893,932,792,836,577,576,434,270,19
70,77,238,111,102,38,24,73,233,279,101,465,120,158,292,99,94,280,467,14,244,421,286,556,429,209,779,549,521,170,65,266,469,426,350,564,556,858,459,38,386,27,152,44,268,294,18,424,246,159,264,329,54,11,82,366,241,217,379,360,610,711,887,851,1000,1127,1197,972,576,741,418,56,49,27,252,798,228,0,107,184,103,263,167,416,181,189,328,211,180,66,328,98,22,226,72,377,420,190,220,175,56,69,379,706,488,389,562,373,444,621,291,444,407,295,374,339,191,122,6,90,18,230,77,106,122,62,48,1,1,4,28,46,27,39,122,298,547,474,360,179,27,213,304,437,361,365,32,63,106,76,11,91,31,213,113,45,141,172,158,158,291,136,28,159,261,330,329,616,469,354,156,180,60,183,146,29,16,206,268,296,479,277,378,131,119,301,512,492,808,1116,880,672,534,341,325,183,380,417,41,36,163,444,518,567,370,211,199,92,88,391,645,776,620,474,265,284,487,1157,1335,1467,1483,1242,839,657,284,94,654,784,344,551,378,69,347,523,621,546,606,520,23,206,781,741,585,841,557,1035,337,469,893,1052,1354,1262,1191,1032,453,28
650,287,136,369,4,332,298,390,282,206,252,23,235,58,406,3,4,70,282,321,118,180,318,385,354,128,443,500,502,470,383,767,809,580,855,547,596,774,370,271,224,542,257,84,329,132,84,74,75,126,428,129,162,147,263,497,331,845,744,780,518,892,981,966,820,1169,999,969,782,825,738,761,353,559,157,1010,72,199,42,230,198,38,220,184,90,80,78,11,1,179,289,325,389,319,395,426,408,497,652,407,517,572,445,552,238,140,284,9,35,100,87,115,61,126,271,148,135,232,108,77,4,60,143,20,29,73,11,5,21,33,15,37,5,55,507,425,333,217,249,57,113,202,366,231,211,277,173,265,119,261,177,12,126,222,52,69,22,0,12,110,34,218,237,324,469,473,285,511,330,391,452,266,275,339,123,96,5,35,265,370,422,344,484,736,938,761,1091,755,1051,900,842,501,584,402,255,109,90,146,115,536,421,527,567,513,142,404,322,195,148,100,306,361,360,747,828,718,1071,1253,1338,1252,965,1274,1031,1009,959,901,608,895,304,369,292,131,139,259,25,230,656,342,749,469,453,708,893,706,618,1567,689,582,585,679,582,330,119,196,14,167
249,71,116,431,380,273,241,84,2,199,40,816,295,95,179,202,131,261,384,193,125,471,196,130,304,371,638,583,720,678,544,823,640,716,739,707,391,504,413,617,56,120,205,148,33,150,17,125,69,200,114,111,229,335,463,451,467,605,582,617,566,867,1006,876,1004,840,889,1041,723,834,534,462,453,411,397,994,331,159,390,122,86,261,176,513,359,443,140,27,13,104,114,154,168,334,679,550,734,545,906,631,790,802,638,53,507,733,494,360,267,81,96,81,205,49,51,83,99,52,100,155,69,125,128,21,21,32,72,6,50,36,56,54,70,70,75,275,330,439,485,494,366,507,560,237,294,291,234,160,319,76,76,192,131,202,25,214,184,150,142,40,82,27,107,134,82,204,148,275,120,121,175,431,173,16,15,191,101,243,159,437,589,409,685,810,755,739,1031,868,665,945,849,763,715,577,553,127,43,64,20,249,349,330,602,526,399,549,519,6,78,335,226,489,554,602,665,1041,1191,953,1305,1239,1112,1112,1188,981,736,657,562,396,169,38,0,92,86,525,576,317,382,370,327,219,98,16,57,233,203,769,621,653,802,933,851,909,992,910,885,249
24,161,86,110,48,146,125,122,91,25,142,619,78,7,180,249,132,167,117,68,10,183,341,221,195,79,115,215,237,333,525,746,378,472,562,205,227,14,4,532,75,295,311,88,15,328,128,384,342,259,422,195,260,345,464,190,334,154,194,105,14,125,299,339,502,604,579,734,615,592,425,377,210,191,92,664,53,144,5,100,185,266,288,330,308,290,80,105,46,160,12,113,58,143,95,173,168,91,271,325,388,501,529,155,668,461,372,227,156,207,207,262,245,188,142,197,15,156,144,21,11,27,5,33,18,2,11,1,8,4,63,40,9,0,232,61,54,255,451,346,293,161,51,43,132,270,140,226,86,13,195,165,187,93,68,74,54,77,100,245,186,175,70,86,81,183,168,279,267,139,189,16,6,114,70,4,38,104,231,142,124,104,126,202,282,454,747,616,604,677,358,262,103,87,35,256,1,201,184,89,361,74,15,123,11,214,280,353,344,275,23,138,435,487,883,589,666,98,370,75,242,416,683,850,684,550,245,75,85,361,306,299,11,28,270,307,324,383,127,125,171,344,405,506,390,1186,25,163,373,515,820,862,819,619,386,33
262,169,146,188,84,188,329,70,211,273,21,723,162,52,75,51,101,6,104,29,18,209,350,377,302,431,255,246,337,424,552,337,506,340,342,246,301,177,252,431,37,195,152,330,249,2,343,324,404,539,420,640,472,549,489,421,387,390,496,11,240,89,239,33,175,85,240,25,31,10,121,35,139,59,36,973,127,15,25,94,62,31,151,167,109,176,153,6,269,325,311,497,368,454,556,519,883,662,635,526,448,614,715,158,555,407,299,275,70,198,27,320,176,135,233,130,259,154,172,153,31,140,185,150,42,59,2,38,38,58,109,17,47,69,17,285,292,377,609,460,539,524,371,376,335,263,36,169,236,59,158,233,268,216,204,133,400,83,321,299,202,85,15,164,33,225,247,242,387,440,246,328,130,95,90,102,87,190,100,331,507,514,647,762,909,610,1123,786,1121,699,904,736,624,316,230,97,171,41,79,207,114,321,110,5,272,170,59,23,399,295,560,825,843,1037,707,1161,1068,545,1307,1112,1180,1238,966,758,483,686,110,125,77,341,355,333,388,283,524,92,180,133,231,169,308,509,859,790,1058,1151,1217,1015,1311,1408,1173,1300,1049,995,473,22
127,90,162,271,457,184,270,102,93,294,99,727,186,30,130,249,115,145,224,444,17,165,74,246,287,553,663,775,853,939,487,798,722,497,511,374,279,120,114,909,209,47,258,84,253,36,59,72,122,61,220,230,156,115,177,9,99,93,2,18,264,92,148,304,418,458,494,662,647,707,778,881,522,508,358,548,39,83,435,366,191,538,471,299,150,240,191,98,14,5,314,309,322,555,571,698,719,572,689,644,583,591,299,11,254,172,153,60,79,209,56,413,314,156,253,35,108,16,73,28,89,101,189,117,78,82,11,40,27,30,51,24,27,3,159,85,225,448,441,580,544,319,340,216,102,48,35,5,153,61,9,12,184,32,44,54,376,263,9,258,161,41,66,69,174,268,402,181,402,409,368,430,195,260,207,177,210,341,312,354,352,172,495,838,687,794,921,770,907,805,723,403,308,179,35,53,83,172,78,98,30,293,527,405,338,403,319,194,269,232,396,546,805,914,1088,849,1124,124,916,627,304,83,95,309,556,504,745,720,279,132,6,38,254,526,433,480,218,309,12,19,309,634,725,919,849,1890,722,692,408,166,79,464,502,862,1041,229
6,281,43,40,240,244,287,324,368,534,386,580,516,371,491,406,210,400,280,51,97,62,409,216,354,657,368,751,514,682,754,675,574,464,546,323,329,389,485,129,239,54,2,154,262,14,24,169,70,467,146,89,96,455,431,411,568,570,901,799,861,1029,830,1206,1109,827,963,765,807,654,604,373,512,373,308,399,124,94,14,137,15,98,83,96,138,28,197,131,341,423,541,630,500,761,592,678,634,716,811,639,541,607,533,251,628,431,417,415,452,777,487,528,489,550,511,316,423,313,137,116,204,115,112,18,75,73,13,9,31,55,12,61,37,2,89,284,422,536,442,532,542,451,347,136,253,1,131,130,39,87,9,104,9,73,168,34,98,189,6,255,335,171,284,141,171,134,283,59,124,186,154,86,58,15,12,115,161,40,214,377,402,291,291,556,292,446,498,438,440,270,149,164,1,30,201,173,187,63,152,64,269,268,179,497,196,2,387,364,82,73,268,335,502,838,946,814,1392,871,1234,1321,1110,748,1001,635,196,79,219,44,469,638,347,404,138,56,367,93,85,267,600,172,294,328,113,116,268,640,505,577,553,919,1424,1221,1222,1035,1423,46
80,45,154,33,288,250,235,242,122,183,35,283,418,476,243,221,11,163,324,450,334,266,294,230,421,248,212,160,523,744,833,467,153,325,270,247,88,472,275,228,265,207,115,16,56,97,21,106,78,134,73,277,83,19,335,487,610,621,730,492,307,288,590,933,920,750,729,296,274,160,203,489,589,245,254,434,385,276,288,244,66,41,63,84,96,48,311,323,130,53,402,537,296,137,66,165,482,518,587,694,529,174,92,40,217,365,284,422,536,443,414,127,90,356,532,339,172,125,181,27,63,100,0,38,33,51,23,24,23,42,34,27,52,10,232,465,519,180,190,453,721,427,90,33,235,338,244,127,169,0,1,128,98,32,118,407,48,12,65,255,35,176,85,308,285,417,24,66,370,228,542,309,201,49,64,35,16,44,4,341,446,44,447,484,350,196,110,515,747,1062,586,557,3,382,568,399,309,204,141,138,27,327,213,36,2,72,222,309,222,410,482,609,848,578,135,364,954,759,1002,1116,280,555,1022,1384,992,457,74,300,657,499,14,168,297,158,157,106,276,279,127,325,535,622,302,135,289,74,1104,760,841,9,625,944,1205,1020,650,52
37,200,129,264,291,273,65,107,98,44,58,778,153,12,41,120,203,226,437,62,76,373,274,126,53,131,383,328,676,638,762,103,242,279,677,452,568,335,51,159,220,178,168,211,69,193,471,349,462,293,367,203,258,76,26,176,510,511,411,661,746,839,711,238,144,468,731,747,1007,599,419,214,67,5,195,867,196,266,323,244,176,130,366,462,442,522,465,370,510,271,343,524,60,165,148,161,369,503,895,868,771,687,530,11,1,210,366,351,298,265,32,363,227,333,235,182,120,107,222,149,90,26,155,41,77,62,5,30,66,16,47,68,41,32,510,630,422,5,292,480,567,486,142,238,285,242,312,342,205,189,19,56,27,107,160,209,201,197,121,68,56,95,191,79,118,225,211,684,426,227,138,75,106,301,155,262,110,212,357,498,381,115,466,193,4,431,479,704,755,977,659,441,16,556,327,532,220,36,47,64,85,184,221,375,237,167,127,271,371,500,289,270,325,703,885,973,570,926,681,1038,1270,1016,950,373,247,375,732,634,488,16,106,319,374,30,439,624,443,222,301,373,565,375,506,286,432,87,1015,1232,884,618,31,672,1064,1264,1191,86
138,172,213,25,81,317,201,94,87,155,51,617,23,253,96,127,131,57,36,12,106,87,43,198,100,343,178,107,24,225,482,532,512,290,165,148,234,323,399,37,197,130,56,132,103,186,10,220,10,221,109,33,36,222,407,501,334,271,150,74,183,427,482,653,844,544,114,243,484,472,613,616,286,65,2,935,148,100,40,9,40,71,57,313,230,338,359,230,62,21,91,235,271,438,425,428,485,304,64,157,424,549,631,4,370,55,41,154,354,358,259,345,243,168,30,52,203,208,183,154,100,78,90,47,8,23,45,19,28,28,57,41,26,7,215,29,230,380,352,125,120,365,366,200,28,17,200,71,200,68,99,31,59,32,84,185,163,6,83,115,143,220,126,145,246,149,160,96,110,343,356,239,227,144,118,53,122,45,48,190,296,142,408,599,286,75,254,400,714,717,538,53,154,482,300,259,16,195,12,91,197,372,191,53,102,168,173,42,166,186,640,550,232,237,590,748,889,28,65,299,771,861,535,518,62,343,386,350,21,193,348,208,88,163,373,302,60,161,188,263,325,125,301,557,582,1130,136,525,777,1106,700,45,353,665,1100,80
276,51,180,14,210,167,13,61,212,63,93,905,60,272,143,108,61,45,117,12,7,87,200,354,20,85,206,468,152,204,457,296,20,462,471,317,131,186,434,521,96,188,98,30,95,71,12,26,137,211,410,234,119,246,381,529,2,185,592,513,159,301,550,620,324,359,711,610,167,248,622,531,120,427,396,5,52,65,15,48,115,265,135,203,285,302,267,140,190,281,314,292,31,108,330,361,279,184,530,590,311,97,486,54,304,194,328,457,326,86,265,323,300,91,213,299,258,6,112,229,149,53,39,31,52,18,9,2,17,51,71,24,47,46,205,163,422,256,194,423,189,94,354,198,192,264,262,31,67,83,56,90,4,119,121,29,15,38,148,34,193,25,252,158,176,251,245,24,143,280,185,119,202,111,319,68,21,57,310,378,122,138,422,530,292,197,526,685,161,288,587,356,32,290,355,30,112,42,243,53,78,338,54,49,217,177,133,412,190,297,329,155,302,649,474,278,876,207,44,857,1136,404,535,756,422,227,596,182,216,16,124,109,291,134,381,224,169,243,279,78,431,185,231,534,582,303,746,665,221,819,1003,204,710,862,419,41
107,130,189,163,228,106,99,88,39,145,5,1101,189,103,63,49,16,49,26,45,11,232,147,73,434,258,245,232,422,434,469,475,595,340,338,298,394,362,118,352,104,55,45,30,48,28,143,55,251,161,208,157,67,176,256,393,414,323,339,397,456,449,504,458,496,420,406,351,349,379,314,239,159,151,196,488,115,18,21,137,100,224,181,179,131,253,105,65,106,19,96,82,129,143,214,159,24,260,234,179,209,198,253,256,77,148,62,123,19,168,42,257,81,32,213,106,82,102,129,28,46,13,76,50,18,8,56,17,0,73,9,4,51,36,22,190,267,301,421,424,454,328,138,87,115,126,85,60,68,126,33,116,102,88,29,95,40,23,41,139,61,213,347,86,108,150,91,160,38,56,19,62,29,178,76,30,82,5,47,169,424,316,71,277,344,354,176,294,290,96,176,106,145,247,238,262,370,56,4,98,197,290,214,179,206,179,67,1,110,143,357,507,588,590,907,947,770,254,779,479,490,397,101,50,195,89,299,138,286,169,55,172,64,255,61,302,284,371,293,225,9,25,69,334,449,403,833,805,896,993,848,761,690,551,421,85
196,128,79,201,107,150,40,309,57,78,238,739,35,7,53,198,95,25,43,6,45,74,155,142,7,165,236,441,524,413,327,137,172,270,299,466,294,398,79,615,241,220,168,22,104,25,41,36,97,127,248,261,365,252,393,179,0,38,220,507,525,656,720,455,221,17,392,466,710,596,423,425,16,3,180,862,199,127,195,48,67,109,287,261,318,200,58,17,103,21,264,192,299,332,332,312,288,177,103,308,341,462,645,202,247,110,83,186,185,243,291,265,314,191,3,59,227,250,161,222,77,68,62,9,78,51,23,25,21,16,26,42,27,27,130,369,307,195,22,194,365,325,237,52,125,213,173,83,65,1,1,139,40,11,61,70,183,72,65,154,123,69,64,246,190,263,254,74,238,388,300,267,219,3,71,20,70,116,175,338,369,76,488,349,314,19,372,509,600,606,289,204,182,334,288,161,24,6,110,112,205,237,37,109,33,183,322,64,70,169,482,544,458,71,390,698,1024,323,653,90,477,800,909,497,302,84,397,470,315,11,106,237,113,89,112,402,183,317,137,501,270,242,162,480,647,1305,585,129,225,691,994,1069,645,217,352,13
406,66,36,81,55,431,185,380,57,34,65,335,267,450,216,383,34,307,435,138,118,132,18,32,426,280,200,47,118,365,559,647,769,445,17,351,561,650,408,292,320,111,362,56,146,19,81,446,338,255,258,172,269,229,389,782,630,679,305,257,245,722,865,788,1278,807,664,240,360,670,692,753,455,295,191,810,27,91,43,199,2,80,42,229,385,451,490,285,134,141,144,57,129,238,409,531,763,628,685,381,201,103,440,347,763,523,510,400,199,206,233,234,400,420,430,273,6,14,112,91,91,148,89,49,63,107,39,42,3,29,71,119,43,12,535,247,180,491,558,470,15,370,574,464,238,57,118,33,93,23,95,224,126,216,97,85,221,331,170,1,68,383,247,141,129,263,371,650,379,100,95,313,230,335,245,94,136,287,359,386,101,92,172,664,779,677,680,530,342,549,767,761,443,163,252,415,117,17,379,276,188,251,155,201,402,283,178,256,903,416,42,595,769,1229,1076,606,67,1206,1282,1604,880,173,487,1127,1076,979,395,1,474,352,319,16,506,900,462,6,275,710,382,149,457,780,959,791,310,427,807,1378,1113,615,40,970,1378,1418,1101,123
203,199,441,128,94,223,24,100,157,83,146,1322,137,120,59,218,122,88,178,82,191,135,113,230,78,2,1,85,119,423,251,465,449,546,551,730,455,516,624,247,143,144,219,166,246,20,180,47,227,169,257,109,366,154,634,722,615,430,623,535,441,524,397,70,166,2,129,89,223,467,447,651,486,509,464,277,282,30,67,125,122,396,511,464,432,499,390,186,118,46,119,245,463,548,582,728,707,732,648,655,439,466,464,278,110,8,157,222,208,438,418,665,558,590,363,370,384,281,257,292,85,78,0,16,25,40,62,28,33,130,56,103,25,5,333,445,414,495,519,703,573,545,468,450,284,323,254,73,353,114,2,31,127,46,73,115,51,7,69,38,138,360,189,218,290,372,309,228,380,430,434,362,349,35,234,41,81,82,105,381,434,149,847,861,609,816,886,923,1037,717,656,656,518,335,252,322,139,192,138,190,119,29,160,71,1,77,115,448,366,399,579,504,919,839,887,827,1263,1161,1620,1255,1373,1234,1254,1375,810,893,897,447,559,505,343,110,0,57,51,126,82,206,260,526,356,664,595,734,743,821,972,1126,1189,1194,1245,1293,1256,1352,1149,46
116,71,312,638,67,293,238,416,6,319,2,890,103,67,133,24,201,331,132,358,311,60,314,24,345,287,61,530,442,213,729,936,490,301,1002,753,143,717,425,881,550,517,162,646,373,62,457,492,18,762,539,110,445,654,387,91,2,640,614,91,431,508,650,428,637,930,738,118,905,910,466,361,762,522,78,1294,332,74,216,4,179,29,132,343,574,33,374,489,346,292,265,482,247,165,40,359,750,350,31,577,825,164,470,676,637,151,588,506,387,1,185,178,177,36,167,408,257,165,242,260,32,177,68,21,68,8,55,6,21,39,0,105,35,26,426,296,171,520,184,225,459,120,346,513,144,256,100,79,106,80,131,143,86,266,21,49,28,63,47,112,75,27,313,269,46,465,267,6,231,219,222,131,384,303,241,70,17,134,557,174,34,17,615,368,482,658,809,12,739,976,18,736,597,338,256,150,141,279,54,341,274,200,359,315,113,255,369,308,430,92,643,722,4,721,1075,336,747,733,313,907,1352,906,425,1024,599,239,665,261,156,546,243,637,433,217,609,284,330,595,199,388,635,118,727,717,346,614,892,43,923,1382,328,1115,1420,435,924,153
150,24,342,203,346,129,205,52,259,72,313,246,148,102,54,31,133,301,99,91,176,105,20,251,316,213,326,377,326,209,338,261,280,201,81,189,95,69,61,686,186,307,292,247,221,141,423,158,295,93,144,24,73,174,131,173,195,179,136,393,497,429,628,600,651,570,703,705,610,493,524,431,377,347,137,608,32,58,114,33,256,147,87,236,130,12,97,55,9,166,40,95,107,309,188,395,456,523,563,615,660,720,711,493,604,382,520,513,311,380,283,138,214,195,202,230,191,251,279,209,134,44,56,37,7,13,1,41,2,23,25,20,67,1,282,394,438,271,228,169,22,87,185,226,252,316,41,83,58,69,82,92,74,70,146,20,71,60,149,89,36,119,43,94,49,68,206,282,170,192,352,146,226,178,77,72,84,66,184,128,76,330,303,280,307,195,297,247,76,120,107,46,44,238,123,16,139,95,94,260,266,316,354,380,400,442,331,306,321,17,164,100,316,488,438,706,916,722,880,917,1042,919,761,571,424,231,80,80,378,238,426,500,297,314,228,61,4,128,161,136,372,391,553,609,437,1228,238,240,134,6,121,311,447,555,536,50
166,176,233,285,59,291,242,14,199,222,16,510,129,10,92,99,31,117,37,40,2,146,143,217,3,265,271,147,543,349,100,476,617,52,559,823,174,466,624,615,310,127,27,241,215,66,311,45,288,447,11,171,491,207,37,391,453,309,121,378,433,89,245,620,682,249,801,739,264,512,825,221,291,642,30,877,221,18,72,63,107,118,225,396,213,273,412,158,43,264,342,293,51,45,152,283,181,244,468,538,174,601,653,81,406,475,194,247,223,210,58,202,209,304,201,234,305,57,192,196,8,52,30,70,1,29,29,8,28,8,6,0,16,30,341,14,346,232,222,432,114,282,300,103,214,228,142,79,6,105,190,84,74,21,74,45,148,24,90,91,172,53,181,235,67,311,332,38,300,209,60,105,252,51,84,92,114,356,160,135,295,108,142,314,634,322,215,617,508,6,498,206,194,412,253,267,14,196,158,193,435,171,83,305,109,190,316,120,354,31,377,405,126,622,529,180,912,235,113,888,552,303,789,522,231,400,175,243,347,135,539,211,354,489,61,459,180,366,251,93,334,449,137,499,406,174,778,199,637,900,313,462,803,241,580,130
450,80,398,357,174,651,142,170,335,85,113,94,159,124,203,98,66,455,13,180,89,73,147,60,376,156,525,777,26,375,675,390,773,757,96,570,960,75,530,776,70,574,403,166,261,100,504,486,128,433,342,129,436,429,48,543,555,272,263,552,439,273,661,796,348,635,962,464,496,1067,308,432,905,477,267,603,215,228,119,349,159,188,373,40,236,682,50,468,486,403,142,275,125,261,20,146,504,316,471,784,545,426,748,538,296,673,416,98,266,374,49,19,218,405,126,420,406,44,343,161,79,85,70,40,40,37,39,19,30,7,13,10,7,55,432,115,437,514,193,471,160,361,322,29,449,112,111,161,91,97,37,56,253,171,105,250,116,15,256,131,121,156,99,30,269,91,195,437,241,91,449,471,158,257,387,80,177,120,348,249,20,88,486,224,574,905,337,778,746,20,685,709,35,512,30,278,117,90,120,211,552,60,232,365,135,477,116,214,489,95,614,140,566,965,41,1153,1039,466,1158,903,482,1094,682,428,706,175,691,660,385,401,82,529,75,480,515,189,520,344,357,645,82,504,338,739,924,984,1098,680,557,1205,819,764,1293,526,725,212
283,99,406,246,196,442,149,33,29,144,181,1003,161,251,236,138,361,283,66,67,22,1,507,176,68,383,614,112,570,897,528,79,789,716,715,99,349,433,120,779,152,265,58,267,146,129,172,442,321,213,460,497,286,96,341,230,624,53,251,325,613,683,185,388,992,719,498,194,714,841,376,90,641,527,400,985,52,7,114,102,392,459,278,80,692,588,316,65,34,278,335,147,318,29,259,659,704,624,308,678,749,390,125,224,714,579,76,187,290,356,166,86,123,396,377,405,38,139,255,108,14,29,122,0,95,66,52,7,8,32,78,6,141,24,270,399,242,376,553,129,425,525,367,161,341,311,108,237,4,43,67,47,143,128,126,98,18,7,29,156,294,87,449,168,223,221,332,367,245,383,479,343,82,135,121,245,196,291,290,153,217,74,582,224,557,923,850,265,663,841,692,169,407,350,78,8,327,349,247,56,264,409,356,244,228,264,54,343,184,188,486,538,99,878,978,444,519,827,1258,154,1021,1253,669,471,728,560,85,747,742,48,434,364,205,579,514,166,380,488,137,248,388,7,598,547,10,137,802,524,194,1112,1092,374,1142,1072,465,59
344,264,418,713,620,304,283,278,307,128,248,1303,186,83,419,697,338,27,280,661,433,86,197,544,252,221,525,853,538,242,331,912,1071,804,271,318,616,691,556,1000,272,300,39,107,281,414,398,29,379,851,713,751,445,88,28,506,310,307,177,373,322,548,111,311,909,1021,1158,617,114,776,847,773,501,18,271,1046,52,141,52,349,232,419,691,780,348,217,481,721,706,539,175,177,205,253,12,81,298,689,788,608,103,358,988,651,622,337,162,148,276,57,175,237,437,393,218,136,265,426,409,91,58,67,22,50,41,9,29,27,19,23,73,21,28,53,453,140,300,564,489,127,142,308,451,142,59,272,348,166,58,62,75,16,80,234,105,5,95,130,131,142,2,243,454,396,24,285,463,476,33,12,283,299,63,242,38,62,7,143,32,382,304,28,613,426,71,569,708,1114,689,436,344,754,679,367,2,89,262,95,24,179,80,53,402,290,434,76,311,464,141,153,598,844,444,327,541,1250,983,266,194,1045,1371,1438,613,323,901,1109,657,31,652,541,292,156,666,325,423,163,330,293,220,162,658,504,495,274,886,951,613,380,948,1540,1446,578,301,1145,1348,52
209,247,160,270,441,646,65,30,173,184,40,582,63,32,58,15,333,481,353,6,389,104,107,126,193,535,511,377,297,398,793,691,450,331,345,727,596,869,120,741,408,367,284,349,114,446,213,133,203,326,645,639,487,218,38,59,134,247,302,393,585,861,643,551,73,673,1049,1456,950,641,282,294,369,626,281,293,45,53,2,260,486,454,502,133,312,484,465,566,422,230,113,41,2,112,284,360,616,535,742,500,82,226,822,467,884,422,340,42,196,250,69,364,211,391,589,322,74,234,405,416,34,116,162,23,41,47,37,10,46,30,23,76,13,1,378,66,443,522,412,170,338,378,540,159,1,195,216,221,172,12,69,58,35,90,13,26,89,68,80,357,161,149,275,409,402,407,33,313,517,446,357,141,350,59,41,367,311,200,469,398,449,208,268,2,445,710,807,799,376,184,484,614,583,291,26,98,382,38,8,62,274,201,300,533,285,272,4,50,292,193,14,397,667,481,300,234,435,1418,1211,802,30,547,1087,1131,629,4,290,591,662,127,165,570,439,151,65,263,472,184,114,89,362,171,61,19,897,1033,128,182,955,1219,1005,675,403,949,1308,107
238,88,410,405,151,329,217,232,344,197,336,314,4,20,14,170,255,223,197,32,18,36,239,231,247,483,445,349,656,725,870,869,471,734,664,584,663,524,542,614,398,457,287,505,93,226,153,475,149,223,350,633,508,408,592,595,501,633,605,831,227,443,97,90,210,205,211,134,106,270,327,452,533,298,127,681,225,50,133,104,346,238,531,408,773,580,635,456,521,468,439,286,351,134,210,352,274,728,814,629,723,834,942,407,747,801,580,551,349,427,250,60,9,107,118,227,93,113,108,58,10,139,125,11,104,34,16,76,105,69,6,60,37,31,9,217,372,464,595,546,678,394,586,459,436,295,447,263,270,102,0,141,77,154,64,89,208,114,244,256,330,184,299,219,273,460,294,295,224,323,241,332,461,228,241,184,47,248,59,117,77,38,365,263,537,379,644,589,551,780,972,661,640,285,51,162,36,163,37,184,241,51,131,296,201,408,120,223,52,220,478,337,567,644,800,748,832,1116,1072,1164,1070,1378,1291,1163,944,1025,956,729,605,524,529,371,401,123,141,1,46,111,291,314,465,464,589,715,590,1149,912,613,756,1058,749,767,442,637,566,312
62,59,455,36,181,176,199,81,241,263,25,666,280,76,67,191,157,93,130,164,57,33,103,85,100,210,419,464,438,96,52,534,769,720,419,141,82,526,496,59,85,66,89,39,140,215,286,278,461,13,214,386,596,395,268,262,225,53,197,617,721,874,933,833,116,350,554,841,897,790,253,28,171,284,195,350,56,101,261,422,649,304,111,156,123,418,437,548,318,670,199,25,171,348,365,326,634,764,594,155,243,513,628,350,523,428,51,222,314,335,320,336,540,284,76,32,346,335,259,177,84,164,28,43,22,18,103,37,44,69,41,118,37,15,260,536,454,60,453,624,355,233,2,396,434,343,7,165,209,138,89,146,412,11,102,177,187,243,226,65,290,232,25,171,140,350,256,132,42,325,481,128,244,177,20,83,162,34,141,334,461,291,441,218,95,460,747,1110,906,206,188,692,710,620,283,26,212,328,45,15,259,13,248,425,560,136,260,557,628,323,280,626,814,545,207,547,1118,977,1287,677,243,790,1155,990,469,46,567,368,399,169,205,305,146,114,496,240,235,311,379,668,324,275,871,631,577,993,649,1036,1108,700,316,373,1298,1322,847,213
86,85,212,180,142,211,368,410,165,215,177,304,330,82,87,121,221,16,151,232,48,212,126,53,80,208,362,595,507,201,448,426,542,441,638,127,57,599,304,771,142,128,106,190,116,270,240,101,184,658,692,535,37,252,453,640,328,564,578,89,251,511,764,963,761,466,116,484,831,870,436,177,83,315,342,158,269,468,171,605,122,227,38,240,575,615,481,182,25,222,406,434,606,643,363,306,1,365,772,853,740,335,0,78,621,626,371,122,17,244,183,155,385,442,288,41,141,379,375,282,121,117,88,124,17,67,42,61,11,58,22,37,31,72,430,135,379,601,344,158,335,588,374,67,185,327,335,114,88,63,84,100,162,193,179,84,292,129,237,153,375,366,22,92,392,346,227,46,405,378,216,10,217,162,346,43,72,314,235,227,44,57,484,497,781,490,104,471,1013,835,731,37,374,677,192,262,17,80,87,142,97,65,204,341,119,59,317,459,118,217,512,513,482,100,580,864,1209,301,46,923,1208,1171,425,434,826,630,290,39,365,240,89,187,476,8,120,363,386,12,98,676,316,25,660,1010,551,1304,550,1204,1048,461,449,1159,1196,1071,190,57
191,110,112,246,403,495,151,209,268,110,9,768,238,13,22,296,11,21,189,15,14,132,30,221,551,232,350,555,352,184,759,849,383,94,899,631,347,537,706,271,186,41,325,39,209,385,160,250,370,23,342,508,333,51,292,642,550,416,57,220,583,612,226,540,774,1146,484,303,894,869,629,452,596,598,184,1393,156,239,56,77,321,255,60,317,433,415,104,286,389,333,168,29,210,462,454,376,318,264,726,712,314,450,678,98,115,147,568,582,153,238,163,332,338,293,169,217,495,201,192,137,151,74,14,13,63,78,7,12,16,16,43,29,77,19,169,536,371,447,621,307,282,639,392,219,484,293,78,164,257,56,24,89,112,170,145,18,130,150,13,276,216,134,213,272,134,231,450,126,173,400,198,94,397,45,26,14,30,10,126,475,609,400,166,791,612,253,400,991,618,233,757,868,156,352,659,412,83,351,130,298,119,339,260,367,354,513,224,378,572,464,570,905,621,285,925,1300,217,821,1505,847,437,1291,1367,51,1010,1027,305,436,524,120,351,534,220,208,452,226,608,167,21,829,575,43,694,572,154,866,1069,396,896,1426,869,401,1462,1261,148,198
37,108,64,299,86,83,233,43,3,110,79,1046,45,132,55,26,209,69,59,14,238,104,273,208,450,303,607,408,763,463,901,682,773,711,987,570,705,537,441,2,204,340,219,139,59,108,73,167,218,43,176,56,96,56,105,267,328,311,490,734,744,704,767,1007,782,602,836,651,781,706,620,390,496,410,125,1418,22,40,87,30,23,14,38,210,124,40,201,294,233,174,304,397,313,272,312,272,196,211,273,194,27,51,36,39,151,136,325,256,536,225,345,309,384,395,426,348,396,209,258,306,114,0,80,65,38,8,14,51,4,54,100,38,97,24,240,311,391,523,537,498,651,590,514,366,400,279,352,114,201,135,15,19,88,167,115,151,55,155,209,351,213,341,289,397,164,202,4,119,16,334,139,369,39,221,171,45,371,39,41,14,269,75,47,45,139,5,88,137,298,42,104,103,158,17,133,192,227,370,284,499,147,25,296,99,257,218,153,81,136,390,542,655,885,924,1068,1293,1400,1270,1470,1391,1451,1636,1197,1200,1153,992,824,798,379,451,80,193,182,460,383,571,514,662,471,756,398,599,548,605,364,1424,236,219,195,236,67,172,152,353,270,183
345,100,312,384,132,514,76,150,374,133,17,834,61,32,262,260,48,71,109,99,74,253,365,181,428,259,353,445,250,874,343,440,1070,183,528,710,204,637,135,897,375,267,471,68,1,351,223,184,114,520,148,368,506,27,494,425,89,467,601,137,530,724,97,846,834,267,1193,1020,230,886,434,412,877,517,328,332,201,226,84,101,250,163,240,531,65,534,475,82,510,475,83,308,421,139,93,582,521,172,719,470,439,940,280,194,664,2,688,370,21,247,393,131,289,411,134,306,584,192,234,166,55,113,208,35,33,58,29,11,19,5,107,45,92,36,141,480,351,543,602,326,568,177,420,237,310,407,184,202,84,68,15,190,25,124,115,12,231,13,347,311,237,447,68,449,34,457,181,153,408,33,416,108,160,326,58,95,211,266,121,142,445,288,173,657,224,777,699,214,865,488,732,799,85,800,205,428,221,414,12,324,6,279,13,411,514,108,560,235,479,402,535,642,303,864,382,1390,889,959,1442,66,1092,1187,495,1241,82,896,305,666,642,498,644,385,497,62,886,52,617,340,408,546,474,945,272,1139,311,632,912,509,1121,145,1248,1007,634,1623,7,111
290,84,406,87,21,154,65,79,57,104,90,1039,59,42,197,273,126,12,14,171,145,222,47,133,259,486,232,396,251,97,26,113,133,104,178,476,347,575,573,618,294,324,262,37,72,79,208,206,345,455,476,376,651,626,516,377,460,630,754,539,799,680,713,1057,955,1023,844,1069,940,1043,834,724,746,808,637,144,69,128,137,21,63,185,103,302,217,63,151,297,172,40,182,300,265,329,312,476,518,674,585,562,443,571,413,93,394,204,61,73,187,143,232,237,103,166,256,353,154,57,104,33,31,114,43,47,26,65,29,15,12,4,64,28,95,50,108,309,527,592,622,647,352,190,133,42,123,254,251,183,134,34,27,269,168,267,65,3,61,229,215,365,281,175,82,124,42,122,488,740,589,362,428,274,294,244,111,263,129,106,23,260,375,87,773,593,669,913,1002,889,790,904,847,622,840,319,75,23,576,152,250,4,96,6,41,265,432,288,381,383,533,187,360,5,270,693,826,1054,1268,985,1626,1505,1364,995,659,436,245,141,159,547,565,617,512,525,217,18,20,190,651,542,546,645,255,114,69,261,729,289,881,1250,1368,1364,1498,961,1316,789,627,169
389,183,33,213,299,74,490,310,45,101,54,584,86,118,227,113,359,274,388,60,86,75,427,103,344,67,221,453,514,414,681,903,558,517,651,357,0,3,57,1025,421,92,10,84,90,128,234,608,416,269,277,4,191,105,20,95,228,224,399,276,351,733,793,810,895,1081,1099,943,647,426,289,236,65,200,233,757,78,205,44,194,200,292,153,186,294,333,305,693,475,690,588,414,355,674,772,676,791,819,908,790,635,481,289,193,1,209,246,290,325,414,410,430,291,363,588,569,465,386,370,150,14,115,173,107,68,114,76,48,16,16,37,51,41,52,416,199,88,277,599,777,538,409,30,201,224,201,364,273,209,91,80,218,88,219,184,116,232,227,120,313,184,105,202,2,174,451,185,296,259,48,107,23,20,79,2,1,64,190,38,15,451,18,636,738,795,791,680,656,405,130,123,390,433,451,387,506,94,110,189,49,53,260,264,483,225,46,111,62,462,584,761,638,449,257,189,432,641,1158,1254,1164,1195,848,528,27,265,628,410,533,627,255,166,322,339,448,101,95,400,425,311,496,291,318,355,809,903,1031,921,970,301,379,429,943,1037,1111,1139,83
219,221,268,437,20,297,97,49,34,319,226,615,310,173,124,124,49,34,39,55,69,35,131,298,84,442,394,98,361,467,384,19,718,641,263,544,744,535,206,464,390,180,38,361,30,250,198,180,534,357,509,30,248,464,251,52,263,225,399,294,23,608,813,641,45,685,997,559,140,709,937,424,5,359,600,160,139,143,89,30,98,332,333,164,323,677,465,264,211,440,410,377,185,117,83,387,631,352,381,709,768,507,330,306,636,100,155,446,423,298,6,276,402,402,271,137,333,406,132,196,211,155,86,58,18,33,11,7,33,7,36,22,62,3,269,510,74,527,361,5,523,551,20,336,528,138,334,229,123,177,127,178,74,208,195,207,327,102,71,157,93,94,335,333,160,400,204,28,304,137,91,14,360,110,42,57,106,247,166,107,199,173,638,786,187,471,854,861,1,767,808,316,293,790,471,138,205,360,96,318,74,5,44,179,340,248,239,235,252,441,419,311,208,824,727,138,1033,655,497,573,1487,877,164,969,797,265,653,728,26,424,364,203,423,245,329,580,32,239,486,336,399,676,414,341,1153,1252,507,1180,1057,28,778,1049,398,632,1171,18
393,337,172,45,200,214,96,133,185,203,156,1019,40,47,67,58,247,195,199,32,31,125,63,195,55,256,488,318,391,23,428,577,311,452,582,471,479,390,495,296,341,101,146,33,145,51,99,292,242,296,355,171,183,160,96,249,625,543,455,396,446,94,124,142,636,769,954,747,464,57,238,627,803,679,656,186,32,28,28,254,64,233,138,18,187,306,559,512,426,561,235,87,141,183,19,263,260,802,792,729,470,260,41,163,545,656,735,702,512,258,81,125,157,241,318,550,417,224,62,87,55,39,9,18,91,13,26,54,14,45,37,5,55,54,499,435,138,267,555,600,352,65,257,421,396,407,7,3,196,226,207,120,245,229,231,118,161,167,348,242,75,151,422,342,348,243,255,336,389,163,38,92,84,228,298,162,591,33,396,395,517,246,129,340,384,686,1103,892,385,79,307,667,724,505,331,132,218,135,117,193,243,82,157,347,356,300,153,13,516,483,436,25,426,794,1010,766,866,883,706,1164,1177,1048,689,202,746,954,843,180,108,233,316,278,368,198,582,206,5,289,687,522,223,342,693,933,560,1261,224,1219,1172,1068,627,59,577,1096,1204,2
246,149,480,477,250,389,280,252,59,90,253,33,46,143,143,40,93,305,351,33,316,368,484,215,131,464,516,35,281,627,815,379,44,556,620,331,187,521,1044,1451,458,395,881,1049,715,190,770,1032,873,198,449,907,1117,737,122,472,743,746,889,467,384,847,890,652,134,843,812,711,202,394,798,949,689,15,800,896,792,103,533,911,913,356,93,703,1056,710,71,556,753,608,23,477,762,543,37,536,687,659,9,570,805,433,215,426,743,362,360,716,761,79,595,844,497,161,636,662,169,266,526,635,173,379,404,44,20,33,26,18,8,9,7,2,27,9,101,66,18,129,140,69,35,109,72,51,74,61,3,119,9,24,42,15,17,507,144,42,100,18,299,163,274,325,68,18,165,80,265,13,246,349,329,79,326,402,184,151,359,483,365,45,679,1218,603,293,293,678,750,622,46,471,816,565,166,656,372,114,873,813,707,77,746,1135,1092,494,181,937,1156,1109,785,232,955,1405,925,214,1111,1272,868,260,998,1326,804,48,944,1132,987,160,753,1310,1139,275,458,1126,1346,809,33,1065,1455,1214,633,411,1230,1319,859,96,911,1509,1041,510,433,954,717,358,254,530,685,58
186,31,243,5,83,189,128,159,192,304,151,1055,55,71,56,1,157,344,162,389,29,17,131,162,386,298,503,544,559,663,616,614,651,487,334,261,173,318,170,431,45,46,129,2,150,157,245,35,332,311,295,109,320,443,419,439,254,348,305,634,426,813,583,985,1113,813,1021,765,796,923,838,564,676,744,465,315,189,112,155,219,462,167,344,415,339,293,318,400,530,421,544,424,486,274,484,653,651,676,707,931,710,945,953,158,781,595,606,529,377,291,434,275,80,149,274,141,176,196,152,195,157,6,15,27,16,37,40,0,20,7,40,25,3,17,317,429,486,565,680,393,247,87,40,22,403,75,412,159,101,151,36,15,202,60,22,2,30,18,366,203,304,286,328,235,223,37,71,43,84,179,50,18,366,335,211,15,106,330,434,414,479,78,674,589,604,781,700,739,574,534,364,312,229,118,188,77,1,125,74,70,159,286,256,308,379,744,708,498,603,586,425,41,41,32,130,585,594,1357,1405,1108,1473,1438,1301,1162,1002,900,546,362,311,223,447,437,467,642,588,598,165,57,151,440,455,713,725,897,1006,1524,1055,718,815,921,707,504,277,31,110,113
337,21,186,97,41,160,200,319,206,96,164,661,157,208,229,101,125,189,533,294,537,426,566,16,179,299,773,823,880,831,699,258,153,10,297,439,519,548,787,311,294,304,139,270,275,363,258,481,344,243,144,134,21,86,71,169,59,12,78,43,71,427,713,767,940,946,1052,1096,772,808,385,479,41,113,193,1617,96,120,101,357,632,583,714,430,529,220,226,172,183,86,11,282,444,526,398,426,387,31,91,307,363,679,754,378,612,721,410,315,246,178,118,343,423,350,369,466,284,235,46,101,6,30,72,52,105,15,31,8,9,2,1,5,18,75,246,131,452,597,482,560,266,196,132,196,304,258,337,189,76,36,198,246,231,242,226,147,132,83,138,163,247,221,89,49,132,91,310,396,363,235,365,264,185,227,70,49,43,199,340,88,332,337,247,1,246,504,471,651,927,925,816,706,699,172,96,178,185,103,96,116,322,660,432,677,97,113,161,354,729,581,645,594,312,61,525,683,1223,1108,1500,1089,1053,675,181,8,374,850,467,639,453,120,243,146,353,108,221,6,33,409,626,479,484,453,308,76,397,571,1039,822,861,810,349,492,142,546,1146,111
79,205,157,432,387,109,183,273,165,90,380,1001,235,54,184,75,338,59,82,78,269,87,355,561,361,262,100,253,345,268,103,180,172,330,167,157,349,706,194,677,437,222,363,240,205,71,44,16,232,197,484,435,348,323,790,568,727,803,676,661,581,779,598,538,968,768,587,875,429,389,387,299,338,146,36,702,79,130,39,144,189,254,359,243,353,330,467,722,368,284,303,416,526,393,456,458,487,551,624,694,794,664,778,280,670,786,259,437,421,412,434,277,354,422,399,397,346,156,160,152,151,234,178,24,70,53,42,49,75,102,9,87,39,34,476,435,457,414,159,102,326,352,418,535,237,103,240,42,62,36,88,180,175,299,179,174,280,108,80,227,284,252,305,144,239,273,31,172,260,154,373,336,213,288,68,257,17,39,200,146,66,346,26,142,201,553,652,972,847,933,839,605,657,357,236,39,304,387,288,5,20,57,141,260,694,585,428,339,215,214,99,415,568,595,1271,1201,1365,601,1275,608,560,257,319,571,466,637,728,606,742,333,187,135,682,506,635,737,191,151,127,8,186,728,933,907,1062,1335,380,310,134,164,399,776,1107,1042,1202,133
319,18,23,150,522,108,80,93,46,331,356,532,246,14,320,322,398,16,74,272,467,424,231,624,534,519,5,76,301,466,635,149,111,125,237,196,421,295,160,1357,125,2,168,189,172,112,244,258,7,91,344,219,63,58,196,593,686,636,557,81,299,762,906,823,469,13,490,998,659,665,553,47,197,67,43,139,266,261,239,201,364,91,232,390,321,268,291,296,287,152,208,145,482,763,739,496,399,165,392,775,577,678,327,49,228,462,264,518,560,492,122,134,618,520,486,226,9,46,126,137,2,84,231,6,8,34,44,38,17,35,46,3,81,69,348,501,218,437,567,415,38,351,367,333,15,131,185,227,83,76,10,30,84,397,330,149,334,92,77,188,156,35,10,382,31,105,358,450,193,45,37,258,172,121,51,35,126,33,102,97,212,76,632,429,92,437,745,789,751,537,124,686,473,361,139,437,191,153,162,275,82,165,429,780,397,84,561,803,269,29,612,908,632,129,732,1032,1204,250,313,963,1220,954,362,276,926,913,377,195,458,609,121,242,526,403,192,664,874,424,290,461,677,787,97,558,952,1731,205,462,1109,1209,856,77,926,1403,1113,130
151,7,283,415,85,171,144,158,538,152,550,690,33,115,24,224,166,248,223,195,141,94,81,78,289,55,49,604,503,381,434,516,562,263,414,169,52,545,332,112,372,402,427,38,130,39,247,191,395,293,273,82,50,24,380,395,491,448,571,706,652,643,428,609,415,115,60,279,175,525,593,511,578,537,442,247,153,117,168,162,93,81,345,350,527,554,456,395,359,331,296,111,97,43,96,22,79,88,474,354,666,599,770,615,720,575,457,337,254,212,11,2,94,52,99,399,302,227,326,310,314,202,195,11,81,43,64,4,110,61,46,16,179,43,422,114,276,518,654,585,111,73,362,512,408,420,208,111,189,72,117,111,141,33,69,8,272,212,66,239,45,35,227,393,378,238,32,31,250,276,252,396,202,62,26,12,222,63,165,380,470,436,534,503,211,42,260,655,475,694,981,868,480,89,250,274,421,29,15,351,633,542,395,162,32,209,510,336,736,427,73,782,832,1101,956,1011,722,519,399,912,1216,1428,1373,975,175,147,478,542,616,325,466,255,618,938,898,372,43,253,511,1169,780,588,274,470,612,1007,1426,1343,806,708,217,658,1192,1276,1495,7
21,11,265,238,158,147,372,231,167,65,331,778,28,150,90,131,320,294,126,352,276,442,294,129,130,352,460,385,194,20,414,242,808,462,470,12,300,660,761,324,48,283,547,3,52,74,246,109,63,157,11,50,52,454,306,271,336,95,277,206,350,504,783,866,465,113,229,729,767,785,828,395,171,366,472,715,477,66,163,169,299,433,304,135,104,321,240,563,619,315,564,316,299,88,64,218,506,593,813,889,565,290,295,543,631,789,681,488,202,41,49,90,188,451,351,370,190,47,61,162,308,272,287,35,93,75,106,6,29,69,12,25,32,23,453,412,136,236,382,518,181,106,322,209,267,172,202,196,145,45,60,136,140,125,85,69,268,193,99,187,214,209,165,35,180,373,237,209,205,258,311,454,65,227,161,181,20,10,91,80,529,314,552,689,379,342,480,635,708,637,69,192,572,408,408,38,269,168,229,44,438,604,329,262,481,496,322,135,214,449,408,17,396,687,908,741,54,873,1150,1118,790,347,221,906,735,606,135,278,399,272,73,402,450,389,13,428,703,468,222,189,788,1022,418,111,488,818,734,632,47,971,1086,996,759,12,598,82
203,24,37,359,3,287,238,76,29,258,43,660,81,211,21,97,8,161,241,205,394,207,304,249,8,252,382,146,62,434,393,9,419,762,316,60,534,581,133,598,295,429,34,185,342,97,146,169,182,197,263,227,534,100,202,377,328,387,99,247,635,698,256,468,803,832,282,142,710,679,464,282,337,547,256,968,306,155,17,5,441,393,388,68,611,479,650,6,239,408,504,191,117,143,303,491,470,303,121,534,620,552,28,444,695,514,23,195,244,383,123,68,10,206,404,252,20,215,281,224,34,82,206,70,37,15,28,16,31,37,50,88,74,0,391,354,28,393,452,20,221,484,176,383,411,98,197,142,198,151,90,3,124,164,380,88,141,143,161,56,170,220,49,276,270,189,411,241,184,315,429,211,108,23,257,71,223,11,159,44,308,19,448,30,477,762,476,23,645,709,379,393,406,449,18,241,27,319,170,181,197,345,152,500,460,214,123,345,293,254,670,341,129,670,1071,360,896,771,1057,22,999,971,584,459,942,700,124,377,373,309,367,231,268,609,103,319,670,234,313,600,599,61,720,680,131,346,793,595,510,1167,1057,73,648,1043,644,181
33,50,253,242,272,128,55,134,332,152,304,82,66,43,22,116,4,70,50,82,56,65,84,69,16,580,340,62,159,676,524,154,485,574,703,294,27,440,672,215,259,413,438,174,74,170,313,139,217,375,377,36,105,338,270,291,126,5,223,360,565,763,385,462,145,808,771,976,62,160,653,772,613,99,145,732,403,149,130,55,361,435,362,311,346,505,649,252,105,201,59,488,303,145,300,430,107,582,657,884,397,248,614,743,645,310,126,176,290,260,261,255,126,66,225,417,235,271,25,165,224,119,224,73,61,71,7,12,55,40,51,26,90,41,472,478,189,362,514,337,110,462,429,25,141,509,174,24,305,271,40,40,7,57,90,25,18,161,177,172,265,137,163,118,368,51,250,340,449,102,1,176,255,161,147,109,12,116,27,260,251,131,314,214,491,780,859,341,471,759,867,430,407,623,493,24,370,232,147,56,391,184,300,522,382,15,334,715,372,121,729,553,213,254,1334,745,602,973,1474,1470,302,828,1198,1305,299,743,862,579,285,700,331,46,628,669,262,331,603,771,143,417,974,511,50,809,1122,1469,373,1188,1416,761,70,1150,1360,631,236,222
395,176,245,274,377,194,236,135,177,192,414,1074,245,1,279,153,339,50,159,180,297,201,120,182,455,379,438,11,88,223,550,571,726,610,591,225,184,500,578,154,67,195,184,109,145,159,124,142,167,197,504,664,648,424,413,255,377,76,248,127,352,101,251,299,443,423,670,752,729,579,420,205,78,315,403,608,94,127,244,393,326,58,203,318,477,478,776,608,611,530,190,164,98,210,184,294,207,314,381,560,844,776,951,421,518,213,255,155,22,45,201,11,74,232,385,381,452,581,399,182,278,57,51,115,26,131,74,16,52,64,18,38,6,40,300,410,537,419,37,350,490,504,508,328,17,216,231,250,15,58,88,16,7,21,19,214,98,28,213,0,86,179,104,218,389,285,304,126,101,260,395,293,236,178,140,301,99,345,59,341,238,254,311,244,260,284,648,840,877,727,557,62,292,380,284,317,34,228,37,100,216,243,449,147,530,424,25,298,717,753,706,591,203,251,848,1228,1219,457,639,18,300,1028,1223,1342,854,341,279,552,606,605,257,159,252,611,707,376,162,267,719,839,669,62,212,444,995,1599,850,497,1,642,925,1480,1251,992,696,69
185,200,171,45,182,226,234,164,68,94,167,643,75,151,128,200,90,146,54,4,87,212,269,84,126,492,269,527,374,547,400,658,850,635,444,552,771,389,303,185,220,150,319,93,95,271,38,21,31,283,20,227,27,13,164,181,256,348,412,488,412,524,366,626,428,285,510,515,506,315,312,317,43,278,68,1100,80,19,91,81,49,58,180,367,38,269,291,313,419,389,535,540,397,515,336,430,274,147,35,69,291,243,244,291,442,305,188,256,244,257,400,371,252,253,343,293,207,156,96,86,32,18,30,133,20,36,14,51,60,5,24,54,12,10,84,87,249,312,339,416,528,510,565,501,286,320,230,153,175,227,57,52,7,31,51,132,21,58,227,133,271,316,135,206,377,209,128,584,329,343,414,136,246,235,101,57,22,108,71,36,253,161,491,299,579,501,664,754,753,643,437,498,508,237,333,93,52,238,416,334,415,334,288,213,485,126,112,73,96,291,444,96,456,783,894,883,1036,1165,1319,1390,1314,1274,1368,1224,963,1151,826,584,579,582,342,4,350,379,322,365,730,639,805,867,759,954,759,911,714,1630,651,860,425,763,348,231,417,223,78,18
71,97,41,224,49,230,598,522,218,337,297,11,314,24,113,257,256,136,174,30,125,2,203,196,171,250,511,12,345,361,16,492,598,297,320,773,325,471,382,344,287,526,35,293,329,28,273,518,137,359,627,158,420,711,312,115,302,470,253,389,36,254,531,987,112,448,845,453,329,793,1047,140,517,616,96,898,143,12,30,304,498,438,38,719,710,244,452,797,664,114,319,443,506,400,236,437,664,618,273,425,910,558,226,575,727,404,184,360,547,195,18,69,371,400,133,342,589,350,154,234,352,119,129,53,57,5,55,7,47,31,42,22,79,28,195,317,467,167,595,440,229,612,135,298,420,41,155,197,195,120,146,29,7,76,36,56,232,70,164,227,10,367,7,243,311,307,132,399,61,109,520,362,29,171,208,283,76,53,52,191,276,272,169,751,497,41,651,907,10,462,752,536,358,626,22,181,405,264,203,156,363,406,201,745,629,131,231,486,507,812,523,597,773,243,768,1406,623,1161,1430,1041,456,1352,911,452,1231,685,191,897,238,487,542,258,488,325,346,786,393,503,889,257,518,876,112,885,1211,880,863,947,134,1103,1347,440,1257,1378,459,94
81,193,217,284,199,139,187,6,256,48,106,705,285,64,120,286,183,165,169,30,186,109,110,474,292,351,384,184,357,334,62,166,124,186,27,127,3,282,235,656,521,272,522,400,196,246,277,166,374,283,127,100,257,39,243,62,175,154,278,88,481,398,626,924,495,989,1017,803,915,1030,970,709,842,768,252,412,78,22,101,461,450,619,641,846,595,867,875,829,814,556,182,463,396,24,138,58,55,226,170,163,169,11,173,144,66,291,79,79,321,80,339,474,426,382,483,491,476,365,396,337,356,318,206,1,73,61,19,9,4,22,10,81,42,23,149,327,428,522,671,584,459,426,157,269,7,98,227,229,108,93,23,89,211,242,294,343,152,294,302,19,268,76,404,165,461,381,468,411,543,370,326,230,321,146,361,28,183,38,154,68,205,364,45,15,76,8,101,105,335,358,668,747,530,686,392,528,423,218,81,292,368,382,338,345,686,530,498,388,479,348,99,314,361,419,476,505,1085,1234,1294,1321,1444,1589,1356,1164,825,831,649,208,19,28,276,516,380,694,518,758,790,428,637,248,196,108,373,677,1113,1000,1154,1331,1265,1308,1275,1140,1193,1344,1080,52
42,106,365,165,315,590,292,0,296,152,182,239,330,218,78,450,25,18,122,152,191,140,169,100,56,336,454,38,261,645,475,159,344,631,465,238,323,564,738,487,417,626,87,239,374,486,219,170,641,533,250,100,267,493,537,51,11,413,295,287,473,297,188,143,602,772,592,685,258,610,873,615,130,278,321,11,42,72,166,367,326,256,186,457,931,730,249,421,608,550,379,310,86,92,193,558,695,568,432,124,588,862,753,408,77,505,513,462,305,8,156,48,173,373,354,276,174,204,469,288,99,12,97,45,70,37,17,1,87,6,109,27,22,11,386,424,44,452,455,138,278,602,405,126,241,401,162,114,221,112,14,71,49,8,126,125,319,237,4,237,196,36,342,408,238,42,396,298,170,177,380,470,81,99,88,62,169,106,146,93,366,46,295,678,693,424,1,817,958,622,168,625,806,351,33,624,162,12,239,255,192,537,466,78,296,621,422,138,558,606,208,401,987,756,235,859,1531,490,8,1059,1458,1086,116,974,983,646,328,449,617,67,559,671,37,369,653,467,463,654,523,105,528,936,358,141,935,1944,400,478,1216,1237,564,552,1368,1258,600,224
217,18,90,173,6,72,134,371,211,202,137,630,231,88,136,97,70,14,0,222,389,353,125,291,1,155,402,510,657,492,277,352,135,101,209,430,464,596,453,111,112,125,252,148,183,465,262,160,40,237,227,301,216,327,46,304,205,121,63,349,359,289,410,523,645,641,533,219,131,144,257,482,621,480,429,530,92,76,55,213,256,115,55,101,129,345,365,349,357,309,315,115,189,185,291,419,465,509,680,617,510,466,192,2,10,50,140,127,118,220,44,49,7,138,135,272,336,378,247,159,41,50,97,28,5,54,50,20,24,13,11,6,29,33,308,332,503,293,98,125,286,348,296,401,126,13,16,71,235,109,53,131,17,137,21,119,124,240,106,68,91,4,149,459,261,384,112,86,262,121,309,230,116,120,134,84,202,80,98,44,171,40,349,393,415,392,330,248,11,209,466,405,501,467,232,14,151,376,313,35,36,71,268,339,422,404,292,2,258,376,615,580,520,487,214,94,411,984,1004,1020,1070,691,385,28,361,369,499,374,389,215,58,309,540,313,421,130,111,320,375,356,550,409,310,231,294,409,914,983,849,640,652,94,114,824,861,40
374,187,338,59,395,17,109,129,139,226,119,708,129,201,283,214,73,177,104,122,192,155,191,154,481,144,132,407,92,307,442,120,465,195,347,498,34,663,297,258,363,44,383,153,184,353,58,400,6,299,286,106,318,110,144,274,173,61,72,369,192,192,362,409,159,721,537,366,738,253,584,436,181,352,298,716,178,43,16,168,423,153,365,180,253,516,202,327,453,32,131,167,236,160,206,292,302,297,721,338,428,551,344,385,518,277,439,296,48,48,99,249,62,205,254,11,319,188,27,142,66,65,38,35,61,14,11,17,5,30,28,11,29,0,352,187,306,4,435,139,517,266,191,213,51,349,45,124,54,73,56,18,49,71,112,100,162,137,126,131,149,132,132,47,231,31,249,182,122,316,86,181,113,105,11,78,181,18,123,176,198,101,336,456,316,597,249,383,710,197,636,427,239,516,6,239,22,283,20,142,27,350,217,203,459,19,545,275,256,407,251,625,110,709,666,513,866,294,955,743,383,907,267,653,525,224,629,72,459,152,404,74,344,314,240,659,89,650,380,484,518,222,602,27,847,1309,464,845,162,777,813,313,1059,439,703,60
531,165,60,93,304,437,196,45,8,197,205,1122,190,83,138,40,190,18,47,44,281,34,135,125,99,195,287,359,354,130,256,782,516,610,184,123,611,762,455,241,107,194,243,368,233,6,40,338,248,418,161,150,360,454,254,379,262,144,107,71,146,717,831,639,512,662,186,203,924,686,747,767,609,5,25,875,403,108,265,14,311,333,312,494,646,601,351,146,370,494,368,429,560,507,575,278,266,165,237,579,866,959,910,51,206,102,228,653,413,564,200,373,190,119,0,142,318,515,288,351,85,89,18,48,27,31,4,87,17,39,93,2,59,51,442,402,32,316,566,588,209,270,453,494,228,207,282,208,80,59,6,223,14,130,102,18,152,137,78,9,322,315,140,173,154,360,328,200,51,34,146,415,138,366,217,229,121,116,192,76,55,158,490,554,565,390,38,152,617,813,710,305,132,273,408,368,57,72,127,61,1,424,394,384,141,451,430,567,263,168,498,702,672,338,455,895,1292,658,602,22,940,1257,1415,770,61,334,865,432,73,71,502,585,360,139,518,743,401,17,222,543,384,130,478,877,972,1299,152,601,1280,1433,1004,398,448,927,1654,255
347,48,237,428,425,73,407,511,409,259,279,1148,27,82,263,140,329,379,275,321,194,66,263,410,123,457,568,247,8,490,493,30,330,779,439,19,366,409,428,632,123,361,98,276,214,498,244,426,541,279,139,883,717,192,400,286,596,370,155,299,280,174,425,831,368,45,760,870,667,204,370,746,630,47,285,731,88,60,76,232,672,450,123,18,902,635,230,235,416,754,436,187,143,325,272,384,630,471,109,560,962,848,238,152,630,745,387,63,307,486,260,407,266,332,205,524,494,316,2,181,195,245,32,11,2,50,36,3,62,2,35,5,6,65,572,421,153,620,411,32,517,657,51,331,552,176,281,378,211,105,80,8,145,21,283,102,106,255,301,86,40,213,249,180,446,304,12,260,431,356,15,205,353,202,120,229,143,55,261,329,288,375,368,573,736,341,256,715,816,173,439,934,553,84,271,225,189,191,164,135,311,268,79,388,394,303,407,507,286,426,768,311,160,877,1117,590,485,1181,1307,500,783,1440,1118,192,1050,918,367,379,619,497,191,631,208,357,452,512,240,768,212,35,511,839,187,687,880,1689,170,993,1488,718,367,1419,1408,427,901,193
305,109,266,254,136,114,274,19,41,80,125,83,6,122,85,63,2,283,41,153,212,128,11,123,26,339,271,313,20,76,241,506,267,243,248,141,259,387,360,145,233,18,63,179,9,15,0,250,210,327,272,132,86,90,186,183,182,379,549,218,234,286,160,92,163,493,515,639,586,338,44,3,142,298,504,278,70,120,12,8,39,343,310,487,371,144,24,201,309,179,297,320,402,218,519,349,139,225,50,288,333,621,602,252,442,314,4,171,110,126,199,283,258,340,182,228,44,23,165,154,117,197,126,41,0,27,19,7,0,33,16,26,13,44,239,90,268,409,446,113,47,322,329,254,87,117,216,104,35,66,68,69,54,94,154,22,67,92,182,146,73,47,310,214,98,44,207,311,370,132,136,42,302,37,27,48,8,165,82,57,229,128,279,95,58,446,684,740,507,422,142,413,482,381,226,74,190,124,30,43,270,334,200,69,304,444,273,261,77,270,617,620,509,13,183,747,1131,336,444,88,482,810,905,623,284,141,308,411,374,21,510,298,543,102,56,678,524,522,5,233,617,832,455,88,533,364,805,710,496,169,578,867,968,609,253,109
625,215,447,257,254,190,266,146,147,61,201,245,51,13,178,3,66,37,31,100,40,560,294,35,171,225,565,298,213,147,57,484,529,677,561,606,380,53,145,686,354,257,50,136,45,91,276,262,266,113,88,528,471,533,319,619,479,356,385,180,174,51,218,553,785,943,928,651,730,396,162,127,192,476,313,593,533,227,340,127,213,354,596,567,721,456,464,357,41,50,341,249,250,361,276,534,745,833,666,585,572,332,12,175,468,636,631,558,450,490,331,159,71,249,48,66,198,314,329,270,199,333,201,17,46,19,2,31,16,20,73,9,20,100,309,402,478,230,135,320,649,575,190,53,116,101,275,122,34,67,133,173,120,26,73,47,77,189,253,261,118,67,389,260,108,109,350,484,356,268,236,285,119,155,109,148,1,60,63,74,316,18,534,753,659,492,247,204,491,901,809,500,555,128,199,177,247,103,13,292,307,114,4,410,502,447,279,193,482,761,666,623,65,306,607,841,1138,306,674,58,481,998,966,915,489,35,214,329,718,126,83,539,576,659,170,14,629,714,668,375,13,586,970,852,969,1577,72,677,1116,1097,1148,710,257,543,1189,191
407,103,228,344,421,390,253,56,302,135,201,953,337,192,22,251,67,31,174,97,42,168,157,53,104,399,96,339,470,492,358,220,548,495,380,390,287,231,534,580,226,25,438,306,101,155,197,136,275,228,366,429,285,263,303,326,177,333,235,491,471,520,140,700,571,553,339,388,258,217,288,173,23,29,5,762,0,0,59,30,30,7,34,133,193,237,220,325,104,198,619,578,264,488,471,475,530,407,139,185,24,257,176,89,81,133,123,199,148,203,364,314,381,380,399,521,563,357,439,275,196,128,65,59,53,47,13,47,30,4,10,15,61,7,390,202,151,31,61,317,275,278,484,324,388,349,202,119,130,65,119,102,64,135,222,113,19,117,93,104,73,121,163,328,420,299,537,292,305,143,141,393,72,335,3,88,307,84,66,3,212,399,155,265,224,381,412,175,436,391,609,215,230,77,4,241,61,280,115,342,18,121,89,31,127,25,4,475,353,1019,654,753,1047,792,972,1124,1224,164,1199,1105,959,983,752,594,730,219,75,51,23,276,474,383,560,382,569,351,719,347,269,159,121,0,461,614,594,289,739,996,847,1271,1371,1414,1409,1352,1374,113
280,66,400,116,245,214,112,71,213,132,12,177,103,111,131,24,28,100,13,152,130,99,285,245,254,292,196,484,270,91,389,443,269,230,63,5,44,185,48,633,179,131,143,344,294,312,269,326,198,433,423,124,181,225,237,317,602,283,529,231,390,391,730,619,667,736,1077,833,690,785,727,698,729,618,577,546,247,100,30,211,80,492,540,559,439,566,793,580,575,703,482,503,212,255,376,294,184,289,319,36,178,187,161,345,94,62,117,97,40,92,179,279,261,171,284,357,461,293,344,142,167,242,185,56,63,32,45,63,44,79,17,6,25,16,521,485,548,491,413,350,69,185,139,344,295,214,273,126,169,118,18,180,287,1,24,16,40,47,70,104,286,318,139,298,296,364,24,126,66,293,175,189,7,271,35,44,65,123,79,329,263,241,509,532,746,847,896,1040,1039,868,856,919,650,332,211,27,110,310,202,190,50,101,46,154,186,311,441,346,554,605,1012,745,1001,1032,800,900,657,537,373,301,32,406,561,570,622,813,598,627,346,398,291,251,462,459,724,612,819,617,870,944,790,838,480,401,37,677,398,574,628,878,1010,1122,1350,1362,1402,47
18,2,223,194,68,137,14,266,24,247,33,263,75,22,52,60,63,54,163,32,50,39,75,149,150,188,234,93,207,125,358,89,256,259,217,228,71,312,34,234,158,43,58,24,97,25,88,33,218,193,114,167,168,175,103,177,321,132,148,280,82,213,246,24,353,224,252,327,0,364,299,108,365,70,247,199,1,37,123,22,1,144,161,50,229,132,160,353,39,301,146,28,256,159,106,147,196,78,307,206,243,322,119,204,234,102,355,140,173,197,80,157,123,15,216,104,39,197,100,100,136,24,19,0,39,41,12,17,2,21,3,20,11,9,252,75,267,55,339,90,289,142,235,13,90,36,2,124,47,67,52,69,4,102,115,20,105,6,132,103,64,42,147,12,86,39,92,72,223,188,52,96,103,107,108,17,10,23,41,47,184,204,240,140,169,334,34,548,228,376,355,163,420,56,315,4,128,30,73,102,73,198,190,64,242,36,357,51,187,131,265,271,492,359,375,540,77,494,185,609,443,389,580,306,432,90,423,26,295,35,262,47,301,186,452,37,419,14,463,256,339,337,347,338,183,1048,179,570,158,676,301,463,572,349,592,32
225,190,46,12,128,31,102,24,132,34,177,615,72,96,200,51,197,91,121,173,100,377,36,215,97,36,278,324,62,487,176,205,384,296,132,360,141,12,97,248,144,209,45,39,160,125,121,35,115,169,73,117,287,37,353,156,135,332,297,154,420,624,115,410,431,233,453,474,172,287,448,71,58,250,204,740,13,263,245,7,151,345,289,51,206,352,47,260,406,95,81,454,236,258,184,328,302,288,672,358,233,545,397,191,480,309,112,302,398,222,37,295,302,19,218,274,69,263,157,21,57,153,90,52,56,7,30,53,35,35,45,15,18,24,89,369,107,281,379,241,523,47,432,218,261,308,95,154,226,172,65,51,85,250,153,188,78,8,230,10,143,27,280,109,157,193,93,264,196,161,356,60,280,173,41,86,80,97,35,8,134,103,162,261,479,197,627,577,31,701,361,138,571,69,314,299,36,143,133,190,16,406,49,311,338,185,529,22,502,406,169,660,129,703,549,450,928,289,706,990,216,823,632,290,996,27,616,411,353,412,333,556,84,598,292,523,594,54,657,468,448,400,426,671,40,630,763,274,865,369,617,1035,99,982,737,19
84,53,100,66,175,46,35,11,270,14,65,1012,222,85,0,204,176,46,192,2,56,45,275,338,348,329,220,87,25,56,281,258,631,605,542,260,322,149,18,954,453,342,240,328,303,265,185,190,149,125,162,52,165,138,56,466,454,539,674,671,606,601,607,1,106,119,500,506,559,721,642,643,285,568,247,746,55,94,204,362,223,189,266,9,132,157,368,429,515,289,433,596,511,740,604,813,750,453,498,263,137,37,286,239,465,617,630,493,656,517,536,378,267,114,68,54,130,210,173,351,222,93,225,45,84,2,44,14,6,25,17,94,88,34,455,482,291,115,420,633,505,343,32,266,437,260,274,184,169,227,111,99,21,145,73,1,7,68,272,104,270,226,123,275,348,160,93,183,506,449,457,404,415,108,149,127,142,9,5,126,197,480,327,178,356,847,806,851,764,453,41,376,559,854,453,188,67,58,306,202,31,379,506,327,539,375,110,265,447,411,654,325,59,300,689,1242,1112,102,632,50,516,1099,1355,1449,997,423,56,320,684,731,317,43,406,892,758,565,174,439,590,504,693,484,87,632,585,1960,917,846,237,305,668,1282,1542,1323,785,75
29,133,168,171,176,30,35,28,129,130,279,976,18,98,65,174,109,203,75,66,155,190,70,252,188,267,344,62,168,280,267,351,351,236,300,553,454,80,26,703,450,177,207,24,117,16,40,25,292,201,628,84,14,157,366,526,212,416,50,144,178,113,204,570,854,670,550,346,221,576,506,520,672,131,173,887,130,63,165,62,117,175,451,826,377,187,174,8,345,180,309,393,263,205,193,2,222,353,705,827,626,484,10,305,321,472,553,391,281,7,27,139,348,293,289,390,114,93,147,312,192,91,210,47,101,58,7,0,14,37,61,71,72,21,486,719,345,7,536,817,403,73,400,594,289,115,409,450,177,63,25,155,7,295,40,13,318,152,347,29,315,303,154,29,468,276,285,1,193,433,311,183,34,174,22,229,224,90,334,257,500,276,237,31,126,710,1119,719,342,448,641,1054,568,182,93,478,406,322,104,256,164,313,369,449,237,9,693,699,78,17,555,862,585,364,511,983,1501,284,152,609,1119,1375,917,156,778,1069,823,395,318,566,539,30,545,722,483,161,505,1084,894,187,462,1006,982,486,34,781,1403,1000,220,637,1034,1448,1337,461,608,125
181,47,46,393,5,168,193,146,99,83,64,450,29,36,66,8,39,67,57,185,320,14,197,87,119,228,5,273,304,160,233,81,492,246,343,480,205,307,322,454,429,31,311,208,245,267,73,246,200,54,246,63,267,258,150,231,334,31,229,159,125,362,428,264,572,379,397,520,213,511,468,30,528,350,100,700,24,93,147,34,90,77,78,295,178,172,229,251,174,388,123,124,327,115,128,272,397,13,392,165,54,540,435,341,669,397,240,426,30,141,247,223,109,330,106,56,235,99,168,164,7,1,142,8,33,5,56,41,39,33,67,3,10,73,447,56,398,316,361,301,249,386,167,316,4,231,15,123,11,31,4,70,83,156,74,226,52,271,16,106,135,55,257,150,282,217,244,43,238,199,24,193,108,142,182,40,88,53,175,83,255,202,206,297,536,2,549,493,314,783,237,522,523,108,301,8,274,235,186,168,252,15,578,6,347,423,239,296,62,403,157,562,141,520,740,28,864,191,725,977,224,1055,154,681,497,473,547,122,500,30,541,15,610,170,466,464,256,647,115,639,169,821,462,544,729,325,975,242,811,809,524,1115,120,972,409,9
248,147,204,57,144,40,290,274,78,131,76,830,141,192,128,98,70,187,100,245,6,15,206,34,51,379,124,25,138,388,666,472,214,89,175,275,560,500,217,447,88,362,367,31,85,121,280,275,127,8,74,294,351,166,136,10,159,125,277,521,464,321,425,300,141,405,545,702,621,305,26,269,476,481,302,189,30,87,23,18,61,148,134,84,133,125,242,255,361,219,143,51,57,145,329,281,424,370,300,162,83,294,539,291,548,275,143,67,244,217,255,281,203,141,13,42,112,97,92,110,71,54,56,63,36,17,16,54,25,13,33,19,8,1,392,281,15,226,507,437,99,225,244,335,31,46,157,254,1,36,7,86,82,177,97,185,270,214,219,81,240,283,189,72,194,270,235,81,19,240,329,283,208,118,13,3,14,48,73,177,179,118,420,243,88,174,292,766,659,307,96,297,389,167,106,121,116,38,32,361,374,270,94,373,503,268,215,161,542,429,233,89,545,870,514,282,123,855,974,1010,376,197,682,984,584,329,20,547,499,20,266,648,422,156,310,548,428,448,42,411,671,604,96,318,826,1373,699,78,684,981,1101,734,17,732,929,216
221,122,0,190,240,153,109,112,23,233,189,460,24,131,33,178,377,327,183,75,95,394,179,388,202,122,129,283,649,586,162,231,246,275,130,245,323,172,291,1100,112,166,221,109,11,92,105,40,33,50,10,3,153,255,381,604,587,164,90,189,587,776,1097,824,833,319,159,449,450,379,545,406,424,331,613,801,63,160,66,49,139,159,58,330,402,142,415,517,210,377,275,115,191,297,640,414,734,442,594,533,88,227,374,232,530,442,470,544,476,268,68,26,447,402,538,467,349,281,18,211,23,24,139,56,26,43,70,95,45,69,86,4,54,110,679,660,356,75,576,738,577,154,264,501,500,299,0,168,59,74,105,163,89,78,136,140,184,0,201,237,401,261,55,381,343,178,99,244,516,298,312,195,58,150,138,263,74,103,114,327,354,88,430,235,313,43,674,937,1032,903,254,442,690,773,630,241,69,428,296,73,525,673,681,326,243,474,792,558,354,268,705,1017,923,300,285,1069,1499,699,1018,265,874,1366,1419,1167,406,717,1215,1140,697,88,324,882,596,592,273,815,805,664,90,549,991,1156,547,11,733,1425,1240,1035,315,939,1409,1673,1179,742,326,322
91,39,338,353,463,414,318,273,163,175,420,221,585,711,820,637,456,154,123,156,526,545,503,661,739,744,857,778,535,312,354,568,729,836,990,1172,965,1014,904,667,360,88,367,719,909,1226,1297,1267,1408,1115,981,743,347,3,415,95,319,581,548,784,891,1133,996,1106,1125,980,1068,784,558,115,120,314,451,901,982,905,1237,1036,1017,654,545,301,14,315,607,714,1000,957,926,847,604,320,217,213,383,662,795,829,810,649,647,409,30,67,482,615,678,648,570,295,18,432,679,869,784,662,434,199,18,242,365,537,292,33,16,23,0,1,17,37,9,13,26,24,88,150,193,207,73,3,130,10,3,46,14,93,15,142,2,60,216,61,0,386,413,422,355,262,63,127,240,412,451,479,549,456,385,219,28,112,296,421,557,583,763,703,380,263,216,18,422,1387,917,928,982,1072,1053,1016,958,760,384,18,281,436,28,326,674,821,373,55,249,735,261,438,905,1206,1282,1427,1472,1293,322,56,474,930,1353,1465,1384,1082,950,677,444,29,536,737,888,1402,1377,1496,1439,1314,897,697,433,71,142,711,947,1278,1550,1450,1513,1423,1220,829,590,838,50,576,890,1070,799,907,790,531,286,78
7,104,41,30,158,133,25,88,18,142,143,451,77,102,78,67,71,46,266,83,208,7,291,173,30,302,136,32,254,91,48,307,93,116,237,117,8,182,143,553,115,60,25,30,44,50,95,29,19,52,71,78,57,137,174,201,276,13,266,393,113,254,444,146,168,397,168,155,263,140,135,281,108,64,211,271,21,71,252,124,58,127,125,107,154,180,255,33,172,263,131,99,354,235,132,368,282,21,451,361,17,287,209,72,276,297,78,92,365,217,21,238,116,124,184,15,17,173,79,62,28,136,47,12,23,10,40,10,28,17,22,18,48,36,14,273,51,314,197,229,311,108,303,75,242,183,93,97,22,76,16,10,41,38,126,179,52,37,118,110,62,75,107,11,162,142,152,235,90,71,57,177,244,29,139,114,20,78,42,111,145,336,211,290,46,351,345,280,452,137,413,363,133,360,61,291,203,212,69,93,176,117,344,98,288,186,240,333,26,381,226,360,482,204,651,205,449,349,98,788,473,514,712,105,611,298,479,573,81,455,7,393,259,250,321,323,368,174,397,211,337,442,31,511,401,378,581,166,714,383,494,655,21,672,353,42
28,78,52,10,48,12,65,19,26,94,196,191,43,73,78,103,108,10,61,124,175,58,16,145,112,78,164,164,84,86,72,132,247,146,259,114,45,82,20,144,49,85,118,52,165,51,83,4,101,90,155,97,95,8,156,106,196,239,246,345,212,244,140,264,214,195,228,109,73,90,64,158,99,178,150,344,85,223,241,158,120,145,72,61,69,6,93,9,32,145,154,256,164,229,248,236,347,294,371,342,311,310,319,127,419,202,211,199,183,119,157,70,119,60,87,111,65,47,30,67,9,49,57,20,36,20,42,40,19,23,7,51,48,28,121,193,260,317,327,267,330,232,86,50,7,105,46,110,182,98,45,33,104,103,111,126,153,124,100,160,66,32,117,25,160,184,196,263,210,193,163,71,151,138,214,136,50,52,26,4,4,290,64,101,97,117,31,9,49,129,113,243,236,274,195,235,173,251,139,11,60,61,152,186,323,306,186,313,455,422,266,325,182,106,5,157,161,532,360,493,568,667,813,631,608,772,520,367,330,209,32,159,236,304,491,442,315,411,369,402,410,319,106,46,1,188,221,372,512,536,607,651,755,671,865,126
259,123,6,94,14,60,19,48,149,39,59,335,9,39,176,10,4,123,2,357,176,57,114,209,154,240,240,5,204,210,69,101,283,168,109,42,300,98,14,376,106,173,122,60,163,163,98,18,29,7,175,166,185,0,348,381,84,245,510,401,184,603,598,271,331,442,470,23,311,452,215,33,307,308,213,574,235,201,238,27,112,282,134,0,118,224,138,193,11,78,387,280,113,374,481,206,42,430,476,142,246,539,250,101,241,433,373,27,260,374,299,71,325,227,119,180,212,81,35,68,172,78,25,36,28,28,26,55,7,38,46,11,4,5,316,407,31,529,244,329,395,64,340,289,73,377,64,101,143,118,36,149,51,115,236,131,134,61,189,156,153,44,210,71,236,319,32,151,242,26,226,234,80,145,58,79,62,34,35,241,171,375,212,406,347,240,592,370,235,742,591,103,738,401,323,514,57,228,231,152,284,89,443,258,132,531,425,318,594,114,394,370,66,653,557,217,1041,52,252,986,949,391,1227,692,490,673,341,470,532,106,379,237,371,716,68,641,465,185,606,445,428,825,169,789,870,999,865,887,133,1012,932,143,1097,864,176,14
565,477,15,66,193,264,151,58,105,180,329,756,70,140,379,329,76,29,130,317,237,133,292,272,424,131,85,67,518,144,382,11,2,191,553,290,140,100,167,847,14,233,17,154,209,19,110,38,138,48,172,200,275,279,479,434,142,273,693,915,795,552,31,438,590,813,915,272,5,301,491,397,387,438,346,769,69,152,366,288,348,458,447,97,143,179,218,356,441,578,456,321,134,269,672,678,453,428,34,439,516,684,425,307,205,94,449,577,539,387,332,12,423,336,450,348,104,57,140,115,199,167,206,23,1,39,33,12,6,10,52,7,11,32,62,658,553,97,545,657,438,20,573,619,402,60,362,284,41,312,169,179,19,88,12,91,351,58,167,154,200,94,294,366,250,27,433,287,349,10,17,647,246,217,111,10,150,78,11,80,252,114,499,178,207,578,960,631,251,6,785,956,479,99,590,386,228,78,322,386,274,563,727,390,271,564,562,113,478,1013,752,69,692,1122,1057,355,627,1222,1291,1100,55,1080,1322,911,39,523,916,747,10,405,642,309,532,883,770,148,465,1045,467,107,652,825,639,166,739,1696,1174,270,685,1332,1330,473,379,1145,1382,116
263,89,41,181,12,3,50,181,88,85,264,642,66,95,115,36,78,116,145,132,4,126,89,106,62,79,243,182,296,418,532,641,479,698,664,308,611,341,289,356,205,158,260,28,34,10,46,28,115,19,369,187,271,165,163,186,237,153,290,138,63,248,155,220,445,261,429,288,330,372,344,513,301,355,388,894,155,109,91,209,234,106,362,302,397,334,287,323,199,269,285,73,132,87,52,195,119,278,194,154,190,11,103,221,1,54,100,74,94,149,91,198,121,249,178,213,144,92,112,143,64,130,9,12,45,50,30,13,48,4,3,50,31,1,21,87,312,377,455,428,480,268,254,177,113,64,20,119,66,11,4,33,51,62,82,152,64,84,85,106,92,313,274,364,171,403,395,146,177,131,43,89,79,84,45,55,36,40,279,113,447,4,431,401,312,565,678,662,793,624,631,633,384,281,120,25,228,223,145,210,189,25,86,44,58,292,399,378,331,543,422,612,550,554,289,147,57,545,140,267,522,510,691,684,676,849,620,432,393,169,70,146,274,457,408,386,403,429,261,239,71,199,321,344,731,613,750,785,962,757,1113,934,918,696,492,155
174,111,266,124,182,307,221,13,376,146,93,1163,134,117,162,117,146,295,281,271,20,92,3,207,473,321,369,302,345,734,651,518,723,719,695,549,676,741,446,659,369,509,290,99,112,19,112,8,104,356,217,23,168,284,98,60,5,54,74,361,497,618,651,755,841,694,661,693,839,802,791,487,521,490,496,175,329,165,11,82,83,280,363,318,369,405,442,585,458,264,461,195,395,315,435,373,280,138,362,275,549,316,457,445,281,131,98,20,9,146,97,101,332,231,543,384,297,404,327,248,88,169,54,2,16,1,22,6,17,43,72,80,41,85,284,116,94,309,518,673,637,552,634,481,341,358,108,5,88,9,83,25,50,143,279,8,339,277,312,327,259,125,237,62,101,73,164,438,345,343,277,24,85,305,82,170,48,5,156,282,150,454,450,593,632,743,538,831,783,719,736,557,301,307,120,60,189,79,140,459,178,38,16,202,254,274,461,428,566,591,670,1127,917,684,733,901,750,79,478,216,435,136,4,76,376,456,614,759,537,383,552,368,9,2,212,268,492,636,643,832,913,1060,875,558,463,1807,549,363,61,103,55,469,741,525,1089,58
70,31,487,87,301,16,303,30,43,60,21,115,12,142,123,25,8,64,45,215,200,48,247,162,329,474,186,414,773,40,377,495,17,599,260,558,624,26,198,124,227,368,51,100,1,155,12,35,361,293,88,591,512,23,184,355,162,146,481,271,144,673,429,281,995,745,311,1008,392,432,754,283,576,545,77,1109,133,157,85,342,19,63,439,5,511,324,30,550,161,20,58,42,422,24,357,530,240,716,820,276,784,760,261,490,630,256,309,550,70,20,266,140,13,257,370,50,416,308,68,235,178,33,63,6,29,51,83,8,26,14,70,32,4,28,460,154,508,59,620,313,478,385,204,583,32,419,292,140,141,4,165,56,223,11,21,20,168,209,174,118,244,56,189,463,221,441,5,310,281,9,321,180,293,218,147,53,69,121,334,140,228,173,221,639,440,27,702,898,129,917,395,336,844,87,639,212,203,56,197,24,459,288,361,562,82,496,268,328,564,68,965,399,559,748,223,1310,792,1219,1254,78,1354,1233,287,1214,139,819,652,67,588,46,537,259,473,209,485,402,226,802,135,701,317,378,840,110,961,1570,624,1158,182,1223,982,649,1333,402,1042,69
91,124,209,12,45,87,230,103,233,257,185,944,319,9,138,125,293,134,129,236,129,375,101,73,21,240,179,414,528,398,574,587,751,749,615,729,531,430,406,539,559,385,158,124,74,108,39,39,172,456,604,460,302,128,76,279,400,306,267,206,244,194,103,10,419,97,175,266,149,582,419,270,216,426,149,950,214,20,83,55,252,397,423,694,488,270,428,629,445,321,192,69,114,187,189,69,260,331,174,399,367,354,128,151,254,25,104,42,136,285,207,78,221,433,402,395,404,288,235,182,139,211,149,49,16,17,80,49,0,65,30,47,57,45,2,252,388,445,707,621,702,545,347,273,107,65,175,92,186,222,3,41,85,27,28,338,81,260,64,11,309,68,258,435,297,273,234,286,258,243,347,220,142,214,85,176,109,80,269,52,383,24,461,474,441,895,781,834,907,975,710,576,747,595,355,100,19,119,120,219,309,125,46,165,46,176,596,389,526,606,628,650,694,838,578,679,335,436,149,502,379,639,778,918,967,924,620,712,562,221,291,108,212,227,556,516,669,679,458,567,357,42,441,595,819,609,1280,1191,1166,1325,1385,1422,1142,894,924,174
469,25,166,247,0,189,61,312,127,137,261,179,250,187,92,27,110,176,8,55,208,200,123,283,121,378,487,371,622,583,336,348,117,301,479,745,798,422,380,63,239,41,221,124,137,6,112,417,142,145,325,263,250,66,94,228,101,387,337,572,511,745,585,505,457,191,286,262,674,968,804,747,602,440,110,613,32,4,63,73,154,306,211,85,15,27,313,504,311,328,365,282,219,286,259,720,695,589,293,166,90,281,740,378,751,730,544,519,186,215,28,18,118,61,214,360,470,479,405,271,94,33,133,1,136,6,92,6,41,10,39,111,29,70,123,447,580,516,68,154,415,592,578,387,137,168,275,154,288,95,212,300,169,60,238,349,68,52,210,333,398,254,298,283,362,132,198,16,91,211,484,248,254,133,128,79,127,253,60,293,60,207,75,65,475,885,749,850,848,409,228,310,347,464,401,111,134,364,94,293,116,318,284,355,260,140,157,249,641,752,278,86,569,794,1156,759,840,81,331,861,1243,1400,1030,784,270,778,1012,850,521,65,25,573,779,208,70,135,581,714,593,149,59,632,864,869,751,1346,656,498,1205,1325,1178,743,345,400,1078,50
129,94,125,204,183,151,115,291,178,96,95,918,87,15,148,8,67,127,177,114,6,66,234,282,176,58,437,478,161,223,492,506,90,190,458,521,364,123,368,199,51,51,287,7,350,236,39,6,156,238,334,413,157,83,340,411,264,75,206,167,501,430,246,141,485,707,684,250,202,579,550,297,1,244,353,337,69,15,60,172,132,1,182,347,238,99,64,254,434,268,99,10,51,85,201,342,291,249,212,565,608,433,6,422,550,542,252,96,170,119,302,182,188,6,210,324,334,47,8,68,116,25,38,62,98,53,26,26,23,18,49,10,34,1,360,66,458,461,55,337,486,219,40,403,256,95,72,156,104,49,36,7,50,59,190,123,137,28,180,124,133,293,76,124,322,298,26,264,400,131,109,199,233,125,184,63,64,44,209,229,293,137,65,270,621,453,231,378,741,726,183,151,542,379,42,189,292,13,114,115,17,111,249,8,225,249,141,166,435,363,2,655,586,462,154,891,879,100,406,1062,949,469,365,807,756,282,418,370,260,73,338,148,290,240,66,166,461,354,58,467,517,182,302,849,708,622,574,858,808,41,822,1136,623,250,798,49
208,106,217,23,6,123,146,130,105,93,62,992,83,22,30,57,92,30,52,186,180,294,356,118,1,66,136,98,212,508,435,511,376,373,395,336,60,11,187,383,236,267,359,212,176,31,72,101,160,270,280,248,167,265,240,257,238,307,410,201,436,254,365,478,319,369,365,114,97,276,245,295,320,393,117,631,124,127,128,25,46,35,121,8,197,160,152,216,102,168,104,146,125,48,34,4,125,105,252,302,264,325,500,409,542,401,350,211,233,183,149,190,222,286,229,224,265,200,67,32,13,81,45,45,16,16,17,8,12,60,28,17,18,1,399,365,391,217,25,176,255,340,358,291,184,182,99,211,301,6,109,35,16,38,63,1,4,134,219,184,188,93,54,177,84,265,221,253,222,147,138,96,160,18,157,31,61,13,85,300,218,278,166,100,18,126,314,342,830,475,602,658,481,292,183,91,139,29,77,22,81,180,131,273,279,246,233,103,182,279,481,669,604,589,517,389,6,515,404,711,910,993,1020,960,671,492,70,191,326,446,462,186,85,164,484,657,620,577,351,127,162,293,610,699,737,1377,706,487,99,174,273,901,912,1209,1011,94
57,121,141,189,205,68,272,27,10,91,80,906,79,31,151,168,76,143,269,193,169,78,43,45,285,313,454,436,245,80,76,261,581,690,475,333,190,11,214,361,143,214,209,166,25,142,246,277,367,132,0,14,24,38,64,167,273,290,251,350,246,506,454,339,221,78,253,213,494,639,559,572,379,265,205,323,45,55,32,21,371,123,216,269,34,5,51,189,282,119,134,172,343,235,105,244,467,589,578,405,438,225,133,324,352,408,271,354,306,165,210,196,114,324,220,136,51,8,188,204,178,101,152,3,72,88,18,2,20,18,44,28,35,16,313,151,202,367,464,359,176,127,315,412,466,237,143,24,90,21,6,55,37,114,9,0,126,148,259,16,18,111,232,219,113,70,97,254,355,258,167,63,34,48,5,21,61,6,110,35,2,155,132,273,482,536,552,548,374,26,214,426,549,535,211,29,200,158,129,58,6,223,202,341,217,154,2,344,444,289,375,54,328,486,906,813,727,89,58,380,681,983,923,822,347,7,334,408,593,284,30,1,483,469,323,122,190,385,517,595,301,200,342,657,784,1268,588,293,12,693,759,1056,1117,881,481,15
643,2,248,104,21,77,210,2,1,5,314,82,111,108,71,257,280,196,351,325,67,309,283,377,223,20,179,501,799,329,31,414,536,690,406,24,401,373,453,17,39,6,208,174,75,66,362,291,13,219,271,316,337,209,156,510,390,193,142,345,682,633,812,425,69,422,600,913,551,473,184,189,439,416,222,887,210,112,305,181,212,163,351,384,571,763,559,176,107,97,14,295,530,435,682,409,466,257,2,566,915,761,629,271,234,309,571,415,327,409,413,325,98,101,392,573,430,223,3,54,233,126,198,133,86,48,20,13,8,72,0,21,0,41,19,380,720,404,197,546,551,323,215,316,362,190,40,154,166,30,54,0,23,373,295,119,59,448,423,158,1,334,187,236,144,219,434,223,95,254,390,180,322,33,174,172,44,60,67,137,472,367,368,249,152,662,966,806,241,49,825,774,679,273,207,568,320,48,176,327,63,349,584,780,378,162,763,629,517,82,602,1049,848,307,764,1216,1411,104,217,1108,1408,1135,550,422,907,1253,656,106,522,733,133,274,614,693,319,373,880,1123,559,37,1121,709,1022,202,1047,1656,1083,597,447,1234,1630,1139,301,525,1226,178
58,102,67,92,149,82,166,141,33,40,134,174,74,96,53,43,109,79,23,144,209,206,106,142,81,150,193,219,319,221,269,97,94,117,217,234,240,235,209,275,82,40,25,16,14,120,23,99,61,228,90,85,90,172,78,223,42,35,34,67,83,203,237,319,467,377,500,342,380,258,106,45,82,152,212,260,2,103,204,54,12,36,117,195,224,321,265,195,225,141,290,229,265,300,251,239,205,225,90,15,236,188,422,304,324,370,280,184,174,147,147,214,133,94,24,65,103,191,154,103,75,106,123,36,1,28,16,8,11,36,1,32,6,22,106,47,215,348,339,211,64,178,213,261,145,137,19,66,78,2,6,78,100,2,7,119,131,151,82,110,39,104,130,159,133,2,191,127,107,234,90,38,16,61,85,9,78,69,73,78,41,247,47,338,308,416,448,384,300,71,138,328,495,362,296,187,9,78,75,6,2,272,331,347,353,178,87,209,318,480,429,252,49,138,445,570,655,262,526,70,149,473,563,673,555,271,102,164,268,296,201,73,201,415,544,416,244,8,283,408,532,496,271,62,245,323,573,604,544,451,96,198,464,697,883,79
308,186,251,332,45,85,48,256,340,100,43,98,62,103,46,187,169,20,398,488,56,83,105,405,318,61,150,410,420,431,218,256,416,554,1038,506,22,66,358,705,212,6,130,236,1,163,21,228,103,331,128,250,67,260,100,68,161,589,356,222,66,490,519,838,790,762,101,256,673,899,879,606,102,54,136,520,12,101,62,176,307,604,663,483,167,7,174,521,419,488,606,408,409,356,79,84,301,699,928,814,530,137,85,359,599,630,463,329,346,80,101,127,208,581,455,400,260,26,167,141,233,233,335,31,12,22,8,13,48,9,8,0,38,5,118,469,619,455,50,381,729,335,110,142,486,415,65,122,93,164,110,70,149,118,229,138,58,175,390,376,59,144,342,125,116,316,504,433,147,13,448,402,196,101,9,36,149,160,111,110,1,402,606,704,651,442,96,646,997,1045,378,14,746,773,628,143,76,189,20,425,361,559,211,352,928,828,390,34,588,796,581,216,384,1052,1262,1094,101,1267,1681,1633,1053,138,789,1330,1208,609,556,712,600,28,241,821,609,363,649,798,941,438,185,941,1087,808,133,781,1196,1950,743,86,1061,1742,1412,712,324,1036,1694,124
81,132,137,90,172,295,25,133,160,2,44,529,6,250,82,397,45,307,244,443,262,162,171,6,151,258,281,415,583,490,713,529,349,165,38,193,80,12,411,761,201,102,123,62,250,197,76,157,194,301,434,339,16,208,408,307,417,440,381,557,632,624,667,714,802,683,380,409,211,71,277,127,213,347,24,814,76,26,280,329,454,111,170,308,131,350,79,66,180,49,145,262,414,265,366,486,52,103,29,56,342,421,329,180,371,404,478,232,200,268,167,308,490,363,481,481,394,395,320,353,191,149,218,7,45,15,87,39,29,35,38,22,42,73,239,440,441,538,379,250,9,332,425,535,474,413,76,9,97,55,151,32,45,228,137,362,289,175,61,261,254,257,198,117,158,87,281,316,366,446,266,293,354,203,257,89,330,219,169,84,213,53,768,591,504,861,756,530,756,442,19,166,507,589,512,394,330,223,185,359,470,479,268,302,56,150,335,374,728,814,391,369,29,491,760,995,1308,826,1335,1381,1228,781,232,1,142,791,603,564,493,436,103,425,444,608,859,393,642,122,238,462,709,652,968,564,782,1562,52,363,534,1027,1132,1380,1520,1278,996,157
151,141,68,42,286,6,35,402,1,13,76,1085,44,97,294,297,89,142,216,56,48,376,264,156,296,435,191,533,556,265,557,645,576,8,403,622,293,88,416,459,126,38,57,20,17,197,49,51,187,130,81,16,227,348,179,30,285,242,586,197,112,574,466,645,312,921,963,685,58,476,854,248,114,446,361,254,64,172,116,135,69,376,289,75,200,501,697,181,75,315,191,446,194,262,268,568,500,483,48,433,837,647,121,295,576,497,106,10,427,409,303,236,157,419,270,242,53,270,185,92,81,104,147,65,51,74,32,8,101,90,27,8,22,8,489,430,297,506,412,161,639,409,139,492,413,78,271,224,96,28,9,136,67,140,161,83,352,107,4,179,116,60,240,239,70,433,205,107,288,695,52,246,382,295,258,68,49,69,72,272,268,440,538,628,535,29,491,897,701,167,1066,718,70,270,462,195,371,162,143,307,9,427,641,209,341,462,372,384,662,665,199,788,654,87,635,837,340,1285,1540,805,188,1351,1021,174,895,1056,171,710,604,154,538,506,241,745,560,32,404,899,113,957,818,83,732,935,196,172,1042,488,565,1237,980,112,1138,1315,589,153
242,134,31,36,95,212,170,174,286,148,17,478,19,88,125,116,96,23,85,196,69,73,114,239,198,96,54,17,74,160,248,365,444,279,427,416,478,447,430,184,333,172,47,111,153,119,221,135,307,144,204,272,265,308,234,310,269,265,242,265,260,554,427,588,741,446,559,498,384,368,292,300,257,131,232,263,150,64,28,108,204,164,292,291,351,252,306,260,247,339,151,306,322,144,120,75,88,171,70,195,172,254,298,328,307,380,190,168,125,223,21,22,24,106,84,198,226,172,144,125,96,111,77,18,55,40,29,20,77,53,65,50,12,50,154,239,327,421,444,443,224,119,13,150,161,186,288,304,26,1,50,49,108,118,19,123,102,169,135,24,44,26,7,26,188,257,203,345,312,283,257,233,138,195,101,130,32,206,107,37,258,52,391,390,468,544,603,651,575,665,499,298,330,63,188,117,196,268,5,127,44,184,173,93,268,303,482,308,209,49,163,316,373,453,507,823,878,422,927,788,493,378,43,216,224,369,511,514,410,232,283,132,309,352,344,444,612,489,358,428,253,138,353,604,650,851,845,778,794,582,646,498,333,62,241,47
238,130,395,156,514,484,252,164,322,220,121,1872,416,159,19,215,179,124,398,201,23,177,342,101,18,356,411,562,419,657,709,776,659,749,769,833,797,918,914,501,788,158,239,160,326,14,341,140,60,41,89,157,36,124,35,350,43,444,334,752,726,1081,819,1328,1359,1264,928,1549,1321,1102,1037,1108,1025,830,434,976,172,42,164,387,383,817,433,749,902,761,744,700,707,423,196,72,126,266,354,521,623,541,823,817,1098,1250,980,492,802,713,781,949,695,279,486,234,442,235,386,358,83,128,236,135,69,177,51,11,163,4,56,3,85,48,59,27,114,57,685,682,450,367,33,74,358,519,537,636,548,353,332,518,220,13,105,196,145,92,41,317,118,272,185,245,190,183,329,611,567,270,553,322,569,323,211,560,310,331,206,367,384,105,287,216,156,529,169,104,309,508,424,812,642,646,1090,1014,785,853,694,548,398,100,63,488,536,447,273,709,840,735,900,403,963,887,519,182,68,47,171,99,346,1574,1156,1474,1400,1458,1362,1352,1721,1460,1199,763,1059,470,197,46,183,308,751,821,857,1026,1532,982,965,812,1045,390,420,1336,13,115,612,783,811,1229,1483,1179,1328,115
120,33,85,81,25,93,7,4,96,78,380,612,140,174,123,56,58,88,61,48,138,96,60,87,279,303,156,468,428,334,394,386,544,590,389,563,552,355,476,141,163,180,152,86,5,72,87,159,226,180,232,128,261,416,135,376,255,64,32,41,84,5,132,241,34,156,117,103,294,55,64,68,159,105,84,619,129,163,164,186,249,466,344,373,533,383,448,282,472,35,301,74,195,244,164,394,350,459,555,483,530,703,551,158,543,521,330,390,353,275,208,366,454,411,398,521,398,513,327,279,236,206,144,64,46,51,1,9,90,3,11,65,50,12,434,507,458,464,482,376,206,188,66,177,297,208,306,121,98,205,196,4,79,107,98,89,22,84,93,54,204,280,317,142,252,285,149,57,80,266,29,86,106,120,83,56,218,211,274,302,341,149,538,650,895,810,942,839,850,833,723,466,388,246,68,85,129,31,26,2,173,46,128,361,204,339,504,656,602,500,625,483,320,303,278,47,61,1002,679,997,904,973,1008,978,1078,1062,721,292,346,69,6,265,432,482,701,592,822,578,271,39,25,178,513,698,885,1073,1211,1185,1194,1263,1392,1390,979,961,726,124
486,234,337,79,141,169,64,66,169,123,265,895,302,332,112,85,65,34,135,98,18,209,14,153,363,387,352,112,224,211,535,420,82,187,483,206,299,193,278,475,75,30,80,102,177,287,210,126,153,256,281,304,232,116,329,444,665,215,250,205,605,724,651,392,339,819,900,723,272,260,420,641,606,391,123,692,284,234,205,289,479,348,11,81,488,671,327,282,73,267,382,564,467,379,37,275,378,804,725,463,75,635,700,314,381,17,204,439,529,323,283,92,98,432,526,424,84,106,218,241,199,180,96,7,13,15,36,120,37,22,53,14,3,34,235,564,364,106,544,470,44,335,399,254,66,277,355,163,15,138,62,86,89,139,118,61,74,236,215,164,276,157,26,95,188,202,185,472,254,159,247,217,308,102,144,40,105,96,373,479,311,330,100,383,622,815,450,139,765,1049,682,88,627,791,222,129,268,29,124,21,11,229,382,171,300,535,405,96,197,606,458,269,934,839,786,315,1048,436,871,283,921,1076,769,158,565,952,400,99,438,182,306,645,348,196,517,316,31,389,638,256,271,745,883,231,392,1078,904,145,660,1239,1164,338,765,1243,951,15
69,89,10,108,66,66,86,135,62,40,0,455,317,345,296,584,342,517,292,275,723,865,318,197,161,297,262,153,186,329,191,34,78,318,436,191,318,407,511,311,337,125,202,299,27,148,323,226,102,284,253,233,268,333,200,112,350,200,292,31,54,32,6,57,4,37,15,8,94,5,313,313,20,313,314,310,273,306,314,18,321,345,285,318,246,22,315,73,169,309,307,368,340,308,7,118,55,316,500,301,314,190,359,306,317,80,111,317,10,53,315,123,34,320,447,372,313,309,361,324,311,2,140,11,25,12,13,11,9,3,9,10,3,30,316,315,39,312,312,314,73,312,62,43,313,25,86,316,2,2,313,58,146,315,316,183,148,305,525,354,24,316,567,493,318,113,379,308,315,52,255,319,78,146,308,287,191,312,27,160,316,313,78,176,315,414,453,16,72,16,111,22,22,23,34,59,0,67,309,317,273,315,310,309,355,310,159,513,325,844,539,312,180,263,306,402,387,307,304,578,345,311,348,746,9,326,638,283,308,620,710,304,316,5,151,314,198,422,305,218,128,321,1063,1032,324,312,239,547,302,614,302,55,3,18,84,37
374,405,162,203,67,238,218,210,189,149,51,2,24,87,6,157,259,236,109,36,318,236,304,49,264,190,38,478,37,202,4,501,166,145,392,158,120,51,23,64,216,200,67,10,203,118,56,128,31,385,276,279,245,142,453,102,164,120,54,317,200,61,345,253,170,27,93,44,91,78,113,162,243,106,250,154,17,190,66,71,195,44,354,139,266,127,42,80,100,163,420,310,26,27,134,100,206,35,37,107,7,66,8,313,33,21,160,71,186,22,61,245,73,126,151,6,0,82,111,166,23,7,21,25,86,87,25,24,49,59,35,28,5,102,54,11,48,7,16,24,19,190,1,1,130,26,31,183,69,127,247,59,146,165,21,148,42,47,16,66,76,25,38,82,128,155,197,28,26,28,11,78,71,188,39,228,39,164,38,176,4,76,212,92,248,219,24,219,118,78,63,76,177,290,2,86,447,443,135,506,177,557,899,501,197,519,217,353,490,41,644,884,543,103,389,136,431,706,277,450,918,776,148,343,255,317,832,774,21,693,841,245,414,391,174,861,915,250,498,675,71,613,506,171,932,904,83,567,352,400,829,245,686,23,66,157
195,80,83,255,347,106,138,57,60,148,194,769,173,22,21,164,85,150,107,304,3,27,103,165,331,417,295,493,184,34,114,289,515,521,502,425,249,32,82,238,258,381,301,331,246,89,67,471,386,292,307,360,271,11,23,16,134,199,222,211,241,390,503,434,689,675,495,447,176,31,205,312,420,541,353,284,209,68,98,104,8,13,81,186,383,547,443,415,351,320,162,167,233,266,166,303,123,113,66,107,405,362,465,452,628,349,319,304,212,193,33,157,61,119,68,143,5,192,127,182,168,193,74,21,5,17,11,61,14,45,16,28,23,1,53,234,351,520,484,83,172,273,374,524,256,57,112,140,132,38,92,32,92,40,0,35,155,151,160,71,190,246,260,241,252,43,157,290,340,300,214,213,162,28,117,60,27,8,67,152,143,257,46,49,367,426,530,611,619,432,252,115,455,399,501,278,49,145,329,373,413,203,62,120,398,487,522,151,174,246,347,540,761,504,147,247,777,1029,1112,1012,737,434,5,444,1012,933,632,404,14,333,684,663,661,260,29,425,626,686,638,267,167,358,699,741,742,1271,346,324,761,941,1114,927,722,240,125,4
302,63,12,281,29,68,218,47,0,25,9,224,4,119,22,170,139,117,248,76,113,108,16,23,4,169,250,10,9,94,123,47,200,184,151,101,95,9,4,94,169,475,154,94,115,102,182,78,149,2,90,38,316,46,208,70,17,139,78,55,154,30,23,33,207,4,321,33,148,35,48,88,142,171,65,49,89,59,183,9,202,33,59,70,65,30,185,100,12,163,49,51,108,98,104,184,77,174,50,14,119,187,98,192,75,40,196,113,110,9,42,11,1,59,51,11,84,3,16,9,7,11,4,3,11,17,0,11,54,21,19,15,21,15,43,44,4,6,14,26,71,6,47,80,8,86,106,22,162,77,100,128,75,44,4,118,103,54,13,5,76,4,65,149,77,66,103,53,138,91,127,9,78,129,47,193,212,77,248,28,0,2,253,33,132,158,214,10,102,162,171,77,44,42,77,18,252,119,446,596,578,378,107,167,400,539,533,437,193,119,409,648,788,740,618,340,20,389,760,1022,1104,1029,765,406,15,520,900,1141,1231,1108,801,307,211,574,903,1058,1025,787,380,80,567,937,1009,969,663,228,242,682,950,974,657,164,418,214,4,3
348,224,403,40,10,84,142,364,9,44,31,94,0,144,215,41,158,57,18,79,336,165,84,121,177,185,193,268,172,58,44,23,187,65,304,280,20,217,120,79,178,261,144,87,108,14,125,145,44,114,266,78,311,194,139,186,125,352,13,263,14,210,178,306,403,97,385,185,198,130,19,226,83,224,121,137,135,132,141,165,143,42,143,287,23,48,139,5,166,223,137,44,49,365,204,193,68,64,0,167,131,26,127,154,172,259,42,13,284,3,318,64,51,75,243,176,44,122,72,17,22,58,73,39,81,27,31,29,53,4,18,35,123,154,30,24,7,174,59,100,140,283,23,204,62,21,72,127,51,159,189,137,123,103,81,39,150,101,59,54,227,181,14,88,347,104,47,298,142,78,168,367,281,50,22,47,123,25,35,289,79,191,81,161,4,277,179,61,234,20,144,49,74,192,22,163,969,537,52,393,834,1135,1312,1272,1119,883,471,117,388,710,1006,1156,1234,1172,1017,786,693,372,60,183,442,645,881,1050,564,1342,1394,1315,1186,897,497,10,537,882,1228,1522,1641,1597,1391,1042,595,71,429,875,1245,1520,1560,1465,1146,691,132,477,1020,89,3,66
75,59,85,218,6,241,219,410,146,300,29,92,80,32,16,93,246,125,54,98,39,139,13,14,184,238,395,66,426,161,203,143,151,270,38,123,70,53,201,140,29,177,58,87,106,270,274,1,176,29,95,63,105,132,207,139,168,68,87,236,119,68,124,17,135,71,164,182,125,153,180,134,112,125,304,110,408,314,296,228,191,189,46,49,92,53,141,40,117,98,14,182,92,59,195,259,190,23,119,40,111,100,103,86,22,82,11,16,149,93,73,109,148,16,39,67,52,76,237,13,9,11,55,16,82,37,2,57,114,27,35,7,14,30,41,68,18,89,17,57,102,28,94,92,50,113,118,53,57,127,162,63,58,6,75,215,53,247,51,34,280,181,110,191,72,75,245,55,11,343,80,13,96,151,205,44,113,311,107,116,407,48,45,217,60,79,50,45,99,5,99,92,218,92,5,256,387,686,177,565,800,262,586,1020,722,59,568,477,282,928,1009,409,387,845,561,132,862,861,90,830,1250,873,22,776,414,22,830,1182,725,269,978,951,149,678,884,397,380,872,710,67,608,932,395,322,797,615,133,836,799,88,727,895,274,59,82,47
24,375,316,397,141,131,101,237,307,142,25,159,131,38,138,294,177,14,88,180,182,89,13,193,446,79,47,193,57,91,81,62,58,52,77,372,93,256,44,165,38,374,129,11,157,212,26,94,126,286,463,52,266,72,35,71,18,382,77,252,174,405,35,52,125,3,155,168,225,28,87,480,78,104,104,133,101,236,27,257,6,326,196,132,53,323,117,194,170,48,71,82,90,165,104,78,242,99,56,47,51,273,154,73,245,181,52,257,115,188,76,95,64,217,70,96,96,245,118,59,30,46,69,59,25,52,24,4,77,96,46,30,80,40,214,35,106,33,37,87,120,54,72,77,7,17,1,76,67,18,262,51,78,3,24,273,26,42,125,209,89,338,184,13,234,126,408,112,91,359,34,146,2,110,145,4,243,107,82,42,64,59,39,92,216,26,164,28,56,200,171,20,55,94,146,243,299,403,553,10,643,911,437,304,802,672,8,655,705,125,636,1116,847,153,511,669,204,712,1200,1008,173,684,1004,543,177,920,917,216,665,1154,858,36,749,804,284,411,840,693,53,620,830,514,253,742,648,86,587,869,365,448,952,754,26,63,102,326
59,147,83,56,92,249,118,163,8,30,220,401,233,326,141,205,70,123,172,143,37,239,231,38,191,37,65,244,15,28,90,108,130,63,276,117,150,200,27,360,4,120,103,55,265,48,87,296,62,246,113,17,13,94,151,66,386,87,45,187,136,211,446,191,26,3,85,71,90,215,262,172,153,36,146,93,1,17,287,44,183,93,387,106,22,263,71,101,63,175,156,142,66,51,117,6,193,74,32,165,151,167,26,108,30,181,164,202,33,99,26,77,92,334,129,127,91,74,337,69,1,35,2,53,40,43,22,30,69,105,56,87,25,40,119,68,18,40,10,84,21,125,75,109,71,87,220,68,65,21,61,83,213,28,152,131,109,124,2,64,71,164,23,111,204,2,140,200,183,22,56,191,59,174,14,429,65,62,248,21,193,179,75,158,340,342,10,361,302,46,140,71,49,87,2,193,681,485,4,504,771,800,511,122,272,508,455,209,223,630,894,956,737,364,47,455,765,739,441,45,389,711,763,576,41,277,700,967,927,697,260,225,643,642,598,356,41,421,667,707,581,222,180,511,662,585,325,144,583,876,858,501,31,321,2,58
593,52,723,6,51,342,186,121,782,186,7,509,825,328,284,341,201,7,237,563,199,295,92,444,139,575,377,487,101,140,231,7,556,465,9,144,142,510,1122,122,109,151,73,647,745,68,99,71,111,256,93,77,621,259,781,173,283,581,12,9,372,181,454,244,519,318,61,90,193,535,52,227,560,69,315,315,400,471,279,443,637,29,246,72,57,190,290,133,224,279,139,245,138,594,64,522,101,75,504,493,30,353,89,422,365,202,101,100,262,372,139,142,271,546,262,108,250,180,124,292,143,214,265,257,111,191,78,112,42,70,102,177,103,95,274,157,511,244,40,100,115,280,66,15,92,45,172,237,106,259,39,478,491,133,3,174,453,426,521,275,230,422,408,121,817,237,199,427,238,324,116,89,252,20,145,170,613,290,100,64,174,266,519,362,120,101,81,300,160,637,101,166,357,307,466,141,832,1058,447,402,744,384,272,539,21,929,1198,947,15,538,278,519,1150,891,118,1037,1301,401,710,893,2,1268,1834,1096,138,1215,807,557,1701,1372,67,1318,1420,205,970,1283,528,879,1542,932,460,1296,715,612,1763,1400,56,1108,918,471,1629,1129,611,280,142,558
373,12,383,29,411,34,346,104,106,35,191,514,155,159,179,167,96,456,137,84,258,337,0,133,66,25,336,9,234,425,169,230,201,68,37,88,86,353,534,186,259,211,635,8,53,339,493,183,18,457,95,586,75,207,193,146,260,98,122,172,149,402,140,132,231,273,155,429,55,208,119,507,237,80,118,221,276,54,428,201,54,9,238,169,63,398,261,70,8,234,440,109,194,49,231,64,95,29,368,46,44,359,210,218,125,166,123,42,99,224,118,229,0,14,144,65,63,136,111,110,45,63,18,153,47,71,32,79,59,105,92,50,21,82,6,135,276,80,108,214,158,68,61,141,91,128,93,202,202,90,208,93,278,122,52,137,63,36,181,198,144,239,251,62,333,2,0,97,117,16,59,39,87,155,40,405,23,344,212,217,252,17,367,204,149,30,249,39,141,264,127,154,366,362,120,148,534,722,801,699,617,410,228,30,87,203,214,278,283,339,445,580,690,765,777,777,666,282,42,385,691,882,957,912,218,812,782,683,709,612,520,339,104,187,490,682,870,926,929,788,677,540,296,162,58,43,142,258,465,595,781,791,784,249,108,278
37,750,245,164,439,627,315,634,538,841,858,113,431,788,220,425,531,912,639,834,155,243,326,424,50,232,432,343,39,653,507,818,105,1007,295,893,1171,311,161,675,97,785,355,476,138,247,584,533,234,300,123,275,168,1515,75,365,5,120,43,15,782,61,248,606,632,116,211,248,217,465,99,654,691,360,366,238,866,313,302,387,66,1018,47,343,200,293,134,582,15,137,952,521,587,18,618,244,812,257,67,356,618,240,910,5,221,580,188,240,182,179,913,698,419,185,54,13,369,212,635,555,87,146,5,279,190,29,106,90,61,140,258,213,265,67,99,567,112,43,0,40,137,306,279,285,127,136,217,293,328,1,60,78,209,148,138,427,26,322,325,331,142,253,452,386,345,435,295,82,288,460,472,317,203,689,15,28,232,28,2,616,184,137,601,445,105,257,1108,275,727,971,383,871,840,135,213,99,262,1305,1614,1198,128,564,618,83,1066,1572,1344,634,329,660,375,355,1280,1567,1119,378,574,1127,687,599,1429,1840,1237,176,690,1189,543,469,1502,1646,1032,9,932,965,367,629,1419,1359,771,179,658,662,125,929,1411,1207,383,341,462,20,676,1308,1024,480,225,726
508,233,56,282,185,229,242,250,566,382,245,227,517,405,662,436,512,373,865,49,101,108,104,58,516,599,73,316,145,223,527,281,138,82,124,141,156,258,191,414,299,348,578,69,126,564,590,1034,73,276,348,425,613,276,95,29,90,96,722,128,58,467,918,106,137,66,1074,50,197,87,262,40,237,63,167,514,151,493,477,268,407,356,234,231,230,109,186,98,210,202,182,19,114,324,178,76,319,290,346,228,25,986,163,187,364,86,476,524,576,193,157,263,165,244,182,47,432,68,200,282,169,140,202,91,287,129,226,77,125,43,126,311,10,6,176,189,233,117,75,164,172,14,313,318,470,270,1,10,39,580,260,230,210,65,365,269,11,201,69,16,313,59,423,598,184,101,29,139,255,400,399,128,175,101,178,537,334,519,52,595,489,31,612,243,84,251,437,297,118,167,287,7,1094,394,187,244,738,1064,228,722,691,23,343,271,910,774,142,889,746,32,270,283,933,730,137,868,872,98,359,222,895,886,48,975,510,116,476,17,826,987,166,754,738,49,389,95,674,822,227,371,342,169,341,71,644,717,163,262,65,174,97,428,844,527,17,398
363,277,493,817,458,1230,15,175,854,294,370,92,178,706,595,726,195,1066,306,993,490,304,206,681,750,721,23,564,338,184,451,649,1191,659,809,53,684,1277,272,95,699,803,26,934,357,934,228,223,609,288,418,48,344,598,429,647,614,151,220,54,134,457,242,13,654,362,1038,458,695,261,290,547,180,177,7,616,795,522,476,290,524,119,528,568,110,182,761,75,148,177,38,288,6,525,307,643,490,51,66,327,324,37,275,240,1374,212,410,396,286,95,257,459,495,239,193,61,406,362,8,8,99,139,126,125,196,77,15,186,289,106,113,349,188,1,18,472,266,26,375,12,119,206,477,71,150,209,611,247,590,202,70,191,137,983,216,79,17,160,181,858,193,719,75,658,111,386,181,88,663,406,592,451,487,258,176,745,546,607,130,61,208,572,404,25,558,605,652,490,7,64,124,120,642,691,160,384,937,1098,1178,1010,714,318,155,605,992,1241,1268,1341,1124,679,191,192,414,593,582,414,257,242,175,270,520,787,1112,1044,752,553,87,410,710,1195,1147,1059,771,434,171,32,60,67,110,30,37,198,380,514,688,675,588,390,25,388,544,814,813,125,971,386
367,124,434,88,32,161,151,184,679,219,119,209,317,705,319,734,302,336,95,610,223,46,442,146,422,283,40,76,467,407,589,71,255,366,311,538,96,451,147,1223,186,342,76,169,713,39,337,446,89,991,373,30,24,351,545,3,199,311,26,186,243,961,598,383,34,346,391,415,510,780,314,734,588,300,38,531,523,271,33,1,148,643,1116,477,133,99,69,266,463,602,260,283,131,310,210,99,7,308,576,668,221,79,449,90,16,33,564,212,14,175,139,511,161,156,37,24,55,287,328,216,221,156,72,59,16,19,81,112,296,64,75,178,89,8,61,35,371,83,266,81,22,526,138,58,104,316,199,417,217,76,262,6,198,66,653,53,73,434,251,467,284,68,56,619,344,558,109,376,98,179,368,28,102,469,241,183,34,238,67,47,0,22,511,628,305,255,206,14,488,69,117,323,422,345,290,45,387,334,222,28,275,432,628,627,616,449,334,132,109,128,194,155,101,93,237,384,683,1003,1230,1289,1194,861,468,23,512,926,1238,1234,1173,1055,877,879,942,768,865,774,664,315,117,585,1117,1525,1581,1679,1546,1278,940,506,83,403,711,1094,1266,68,415,75
161,170,190,157,180,543,145,92,135,199,202,517,5,327,21,143,140,37,5,140,112,171,166,249,465,157,367,558,302,79,362,546,410,168,286,600,460,229,265,789,160,125,244,610,102,108,276,497,374,204,418,229,205,311,319,634,542,56,9,340,706,615,210,82,787,1001,834,54,181,787,412,125,69,384,367,250,8,24,42,143,28,154,227,458,350,89,332,409,213,380,127,272,209,520,413,280,145,319,755,670,473,39,528,155,741,134,226,501,583,344,71,8,193,150,386,124,16,136,250,145,101,40,0,150,50,95,8,72,7,24,64,98,23,26,438,602,250,326,700,449,338,616,587,4,359,378,151,153,229,11,45,27,153,3,57,263,271,77,77,303,191,234,268,193,116,270,268,239,224,340,363,201,323,285,89,72,173,15,138,56,549,81,306,165,553,641,618,1,708,1083,427,270,824,662,233,81,302,121,367,127,385,341,110,42,368,515,179,494,735,550,265,719,685,288,535,1067,1087,553,1080,1535,1048,159,1038,1273,408,457,830,583,67,474,215,269,360,413,383,585,749,33,709,692,314,298,939,834,18,673,1245,509,379,1236,1305,200,642,1267,943,90
74,42,336,526,680,747,728,608,411,186,49,356,356,351,231,17,265,569,821,990,1026,933,729,471,192,48,212,277,243,109,70,276,461,575,621,583,467,306,127,351,130,175,151,83,19,117,196,240,255,224,173,79,9,101,157,166,138,59,47,168,279,363,395,387,347,276,199,132,64,16,25,24,14,23,76,83,203,259,297,316,316,299,281,263,239,213,186,164,142,125,110,100,83,63,28,17,77,152,234,314,380,415,408,278,274,157,51,30,62,25,77,207,341,435,451,400,273,114,41,156,214,213,175,53,0,8,16,38,15,21,11,32,49,24,67,73,48,7,39,81,100,93,74,25,20,59,72,76,63,49,57,90,146,97,239,235,170,45,117,285,422,497,482,403,258,83,74,205,265,260,203,101,18,122,199,236,231,188,133,111,115,425,249,357,473,561,610,603,541,430,279,97,91,260,395,479,497,442,334,190,36,104,203,232,203,103,29,191,349,480,574,622,621,599,553,511,501,95,586,675,765,860,928,949,929,867,755,603,441,249,73,66,146,169,111,13,170,348,509,638,699,696,623,475,290,42,138,317,432,448,380,253,91,58,143,20
159,109,506,375,176,58,268,418,449,342,171,602,288,508,671,767,747,569,323,10,282,501,635,664,592,437,233,2,220,387,416,375,241,65,141,316,418,473,447,304,238,103,25,107,157,167,122,51,33,112,168,208,182,121,36,63,152,223,265,281,256,205,121,28,55,121,155,171,159,118,61,1,46,75,86,108,97,117,116,101,63,13,38,74,119,156,189,212,232,255,266,271,282,291,328,370,410,453,457,427,392,307,200,341,48,142,188,164,57,74,209,304,329,288,174,32,121,259,341,367,325,244,150,24,46,9,62,40,31,5,25,32,6,27,60,76,59,20,30,87,111,98,63,5,38,66,71,56,26,24,49,110,189,157,293,266,191,56,101,290,435,509,512,436,302,123,42,154,235,242,186,83,27,109,182,207,201,188,170,152,140,124,199,300,433,565,673,727,730,680,581,440,258,27,160,288,362,376,304,195,70,86,214,345,410,420,356,232,75,77,217,306,378,402,381,349,295,72,309,389,512,626,742,836,924,982,1003,974,869,734,569,404,260,144,62,58,96,204,367,564,753,902,989,1001,941,547,666,475,295,129,16,18,51,194,364,110
95,228,122,26,65,195,320,442,535,600,603,114,525,405,267,89,116,325,534,734,892,1025,1094,1131,1080,975,858,649,430,173,50,293,507,660,799,917,938,914,834,1065,601,437,271,94,88,253,342,453,484,503,465,423,328,255,144,35,97,183,301,407,476,537,572,567,563,536,480,410,333,233,124,29,77,186,250,276,409,436,461,451,449,405,367,330,279,224,164,97,30,22,87,182,259,368,458,559,631,693,751,749,716,661,572,854,303,160,8,122,220,276,270,216,150,29,122,260,378,481,532,552,535,467,399,43,28,3,99,48,8,4,24,15,2,21,135,166,163,151,115,53,2,62,122,170,178,184,154,120,94,75,74,117,188,46,434,574,719,842,913,959,936,854,747,583,401,205,5,153,315,420,522,559,576,563,532,496,456,408,351,312,309,525,323,381,453,531,642,757,863,960,1039,1093,1108,1094,1042,938,813,669,500,293,98,110,348,559,769,941,1074,1176,1232,1216,1187,1096,942,726,510,264,8,349,527,789,1004,1196,1347,1497,1567,1611,1593,1561,1476,1356,1229,1005,809,581,317,45,221,513,783,1032,1280,1470,1618,1699,1720,1060,1607,1448,1255,1037,756,529,295,117,44,112
34,151,1162,253,847,1483,1239,335,525,744,249,669,743,179,852,1573,1335,160,1236,1894,1452,249,906,1295,816,49,611,461,170,702,626,23,778,1087,743,80,816,983,538,705,526,459,24,334,309,80,416,474,188,218,473,395,54,225,309,91,247,402,293,63,489,705,504,53,451,706,563,161,140,280,172,14,11,95,256,434,214,11,274,502,532,413,138,200,466,616,546,326,25,295,555,644,542,296,84,463,740,759,467,101,640,872,649,484,419,554,288,93,211,59,426,422,33,641,890,540,171,764,789,350,186,454,353,23,60,41,33,8,17,41,23,71,5,92,84,85,175,109,63,181,108,110,259,190,34,206,202,92,21,29,46,138,294,98,20,490,753,510,189,852,984,443,360,853,733,100,495,592,205,336,586,360,168,526,530,241,120,305,298,224,230,1020,258,101,618,1060,1018,377,600,1413,1600,1008,28,1002,1420,1151,371,332,629,393,22,218,62,626,938,694,73,1004,1506,1299,527,353,979,1114,998,752,438,20,504,1121,1523,1474,781,329,1385,1945,1719,775,354,1182,1390,954,268,219,241,46,294,81,538,1204,1398,826,329,1471,1987,1099,426,720,1283,1154,608,175,82,195,165,66
163,209,1094,1583,1751,1509,967,292,338,666,630,764,389,971,1295,1236,763,17,834,1505,1821,1732,1229,527,163,643,763,534,32,526,901,983,742,248,334,798,1003,958,683,0,94,313,363,226,25,293,429,440,278,73,164,314,346,237,49,172,371,459,435,245,8,301,555,673,678,545,338,134,24,80,54,7,80,122,156,391,127,97,9,139,327,468,566,665,667,592,509,391,268,120,34,192,361,503,637,731,772,761,659,476,192,122,415,200,614,451,181,77,195,100,175,479,726,727,460,45,400,729,794,630,325,3,227,26,46,88,36,11,27,26,6,78,20,66,26,79,173,227,191,50,111,226,248,166,16,106,178,148,109,93,139,245,304,178,37,315,663,894,886,603,140,381,761,924,769,397,56,422,602,522,267,72,359,509,510,395,264,102,24,0,2,328,66,213,486,843,1148,1342,1311,1012,445,220,844,1280,1439,1300,937,479,67,191,235,98,238,582,886,978,865,485,1,502,900,1126,1172,1115,1004,960,962,288,1057,1034,864,541,64,515,1090,1552,1836,1875,1678,1275,782,306,79,270,224,23,294,577,717,663,296,299,974,1576,1946,1555,1700,1177,601,76,186,196,28,330,510,392
185,10,1375,1364,1247,1046,780,447,120,181,435,72,707,700,597,391,122,168,486,780,1023,1180,1238,1221,1095,883,601,270,67,412,711,952,1099,1174,1156,1033,859,641,430,146,27,142,257,307,326,298,252,182,95,9,66,147,214,258,310,305,300,240,166,42,83,204,319,416,494,520,504,452,379,285,173,69,43,135,228,306,387,467,527,574,623,655,674,684,680,648,632,598,570,541,519,484,480,477,474,496,544,580,638,697,744,779,777,352,631,481,303,99,90,263,379,446,427,343,210,40,143,310,443,507,521,484,401,1,86,91,112,15,35,21,75,16,17,9,125,78,6,77,163,230,283,286,270,230,150,85,30,9,14,38,76,125,145,253,64,59,235,423,630,819,969,1026,1010,917,736,511,258,3,220,413,531,586,593,554,464,395,307,241,213,225,297,849,513,670,833,1002,1168,1309,1414,1489,1505,1486,1424,1303,1134,955,747,530,318,113,63,195,304,356,361,325,248,150,21,73,166,207,195,137,6,172,396,245,893,1135,1337,1482,1579,1619,1610,1537,1443,1319,1167,1019,849,688,516,350,202,72,30,94,109,64,14,136,275,452,613,1230,838,874,833,734,552,313,27,285,614,6
302,11,916,1365,1590,1546,1233,728,172,297,501,539,9,569,1147,1561,1659,1388,795,60,688,1240,1458,1348,968,458,62,425,540,394,9,451,877,1135,1127,875,442,41,413,1040,618,399,104,194,348,392,259,56,178,359,448,405,271,65,148,314,400,362,223,16,235,449,604,673,648,519,339,160,5,97,128,66,26,133,206,302,231,166,71,66,199,374,494,610,678,694,657,620,568,514,473,426,342,225,55,134,339,524,702,827,882,828,652,880,52,215,338,277,61,231,458,492,333,14,420,728,853,763,516,204,76,251,312,31,19,28,17,24,46,112,2,114,22,5,155,131,45,61,150,163,106,10,132,208,216,139,40,27,62,48,11,43,142,151,524,638,591,361,43,472,826,985,907,613,190,202,505,615,511,248,80,387,569,601,475,258,49,86,109,29,52,338,32,192,500,861,1183,1372,1385,1179,765,233,321,811,1128,1252,1135,855,496,143,86,152,27,249,617,998,1264,1388,1312,1044,682,285,39,220,296,293,300,63,579,917,1287,1649,1896,1976,1845,1535,1092,554,18,464,788,922,856,614,281,46,270,298,112,269,777,1310,1777,2035,2039,1571,1328,745,197,199,366,293,56,200,368,208
41,105,1158,1282,1343,1354,1299,1188,1005,768,461,1127,270,663,1038,1369,1661,1874,1979,1986,1892,1713,1436,1114,749,393,47,252,512,687,792,815,771,685,567,417,249,107,27,884,238,297,333,340,293,220,139,39,59,147,235,280,320,331,326,293,243,178,96,10,79,166,224,285,322,325,323,298,242,179,141,69,8,78,130,50,253,284,319,322,344,341,333,323,299,261,217,153,100,54,8,65,138,206,279,350,426,461,487,475,446,379,312,593,89,27,112,166,157,100,1,144,304,474,614,713,770,759,726,638,534,429,322,2,16,53,17,8,27,1,28,31,5,38,160,135,97,32,27,92,126,155,139,116,79,57,35,34,50,93,158,219,296,113,377,370,307,191,48,130,302,483,644,739,799,795,733,620,464,298,127,48,173,286,365,396,391,348,280,193,97,450,132,224,310,368,408,406,370,292,190,64,63,174,280,349,397,403,377,289,207,73,68,209,373,503,631,735,820,830,800,719,577,424,224,12,240,197,698,908,1111,1288,1386,1481,1513,1484,1437,1353,1247,1122,980,834,625,451,245,47,159,356,542,680,775,863,889,856,804,186,605,480,346,272,216,205,249,350,482,111
338,92,470,1156,1571,1530,1071,359,307,642,554,1382,569,1004,990,435,463,1360,1875,1808,1173,232,640,1133,1127,724,133,366,516,325,151,659,986,948,572,15,593,917,891,161,77,290,414,247,80,372,530,447,198,99,329,378,317,111,82,270,277,153,114,415,645,677,504,166,198,453,526,413,221,47,43,38,59,182,258,364,283,204,57,121,334,508,606,601,497,343,148,28,162,301,420,546,638,679,627,459,182,175,534,825,959,855,534,523,298,490,397,105,178,302,123,251,640,822,669,250,268,629,731,577,259,63,274,4,11,37,13,89,31,35,5,11,44,21,127,151,109,5,115,154,106,32,160,215,150,42,68,108,73,42,70,165,271,94,48,347,732,918,758,259,386,918,1092,875,323,279,672,732,446,25,414,607,504,206,142,375,436,363,252,183,225,770,350,242,65,516,1012,1364,1410,1117,515,231,920,1358,1447,1188,690,149,244,389,241,94,445,605,441,17,635,1175,1467,1391,1028,516,21,333,513,621,725,287,1193,1401,1475,1282,813,116,674,1380,1827,1940,1678,1135,479,117,475,515,298,17,260,260,62,608,1231,1707,1828,1475,769,405,937,1422,1462,1152,673,300,196,374,671,50
203,64,776,579,366,122,124,338,527,603,617,171,312,8,325,744,1147,1462,1750,1905,1951,1887,1694,1370,999,611,216,141,470,665,788,820,769,638,465,260,43,138,313,984,419,380,300,169,16,134,290,413,516,544,537,473,339,245,61,100,297,435,564,658,710,692,669,614,509,428,335,233,157,78,8,30,57,105,83,27,61,23,1,44,79,116,104,120,92,64,44,19,63,120,168,207,226,260,275,291,297,248,241,139,84,39,166,447,337,367,367,268,122,88,308,522,671,774,776,697,575,388,198,5,138,250,333,11,49,47,44,25,15,2,37,23,36,100,203,225,221,196,141,70,5,85,152,189,189,170,135,95,57,71,123,191,285,92,473,505,468,338,154,90,343,571,759,848,881,812,673,477,250,21,189,354,484,554,585,549,496,398,318,243,232,436,305,447,610,828,1026,1222,1400,1532,1635,1672,1642,1565,1433,1265,1055,798,549,290,64,170,368,485,575,580,556,481,403,266,178,89,73,118,198,337,499,236,942,1168,1319,1465,1540,1570,1554,1447,1327,1147,995,774,616,428,282,150,84,24,30,111,176,339,502,691,861,1083,1251,1734,1430,1375,1286,1076,824,494,145,179,471,111
310,72,710,628,462,252,18,190,337,383,339,456,64,338,586,767,846,806,640,395,108,183,417,557,590,529,357,165,45,229,347,395,352,240,77,98,264,365,409,349,292,157,13,96,187,219,196,139,61,27,96,146,169,158,102,21,59,147,238,306,340,334,296,226,142,64,16,63,77,69,35,8,55,109,151,209,194,198,199,184,168,137,107,73,33,3,37,71,90,108,129,143,168,195,244,299,361,425,480,495,487,430,332,314,73,37,96,102,52,50,173,276,345,350,286,170,31,103,202,259,257,214,139,25,24,0,17,2,37,0,6,21,0,8,77,86,72,45,0,36,74,85,80,57,24,4,20,40,26,16,26,60,114,67,271,309,294,211,69,99,278,427,504,492,412,266,96,64,187,257,255,216,122,24,67,145,179,192,179,151,118,5,142,207,301,424,548,660,737,763,733,636,493,311,131,39,173,252,262,206,104,50,221,361,474,527,526,466,356,227,99,19,99,146,140,114,84,113,66,124,200,325,469,628,770,880,942,963,914,838,722,575,419,272,143,62,40,80,196,360,571,770,947,1063,1106,886,932,748,549,363,218,157,168,246,373,3
38,30,85,92,271,421,511,543,501,387,221,646,229,454,653,787,839,801,684,487,253,6,207,363,441,437,354,206,32,155,321,455,535,559,533,450,341,209,75,428,127,174,177,152,84,9,99,194,271,309,324,284,218,125,9,94,190,253,302,306,287,232,163,81,6,67,110,138,131,104,59,4,59,123,175,98,245,258,264,261,262,259,261,276,289,305,316,319,319,311,302,288,291,292,297,293,296,278,242,189,117,31,57,102,193,215,199,136,35,83,197,285,328,312,230,116,24,152,252,302,303,258,181,4,17,14,13,24,8,33,1,13,25,8,24,68,98,106,83,34,23,71,109,121,104,73,36,10,1,13,46,87,123,47,102,30,86,221,368,486,569,575,524,402,243,66,91,213,276,281,243,168,75,16,93,140,167,160,124,77,14,186,78,81,39,32,152,307,458,608,729,809,844,817,756,642,510,356,194,46,77,157,206,197,139,33,96,250,382,489,546,558,530,468,400,322,271,122,255,287,346,422,499,586,671,733,794,834,853,821,750,648,510,342,174,25,108,198,248,244,185,93,33,183,330,617,580,645,645,582,457,281,81,99,242,3
133,8,886,790,496,104,279,523,545,353,48,461,341,223,94,499,835,981,851,502,30,401,663,692,515,219,64,218,177,17,272,472,520,401,140,147,376,455,396,188,53,85,132,102,21,99,184,213,165,47,80,177,199,124,7,153,227,206,88,74,235,357,388,331,213,61,75,169,203,176,95,2,52,43,20,45,200,255,258,222,162,69,28,123,209,270,297,298,264,226,182,127,56,38,150,269,359,423,443,373,232,36,155,0,336,266,116,26,76,1,143,286,335,243,39,193,352,395,307,147,13,125,159,24,35,17,7,38,11,21,56,41,20,6,1,53,86,66,5,77,131,124,56,34,95,103,60,12,11,0,17,0,79,57,286,272,130,114,367,527,517,339,58,228,403,419,291,80,132,263,258,134,48,208,284,258,161,67,13,29,69,134,16,134,346,542,655,650,497,230,114,456,711,817,742,517,218,56,206,211,75,99,231,249,130,89,352,590,737,769,681,486,264,34,134,244,312,106,494,639,798,891,864,674,350,38,408,696,846,833,696,477,257,80,17,71,200,341,415,363,144,193,565,878,1029,900,772,437,102,139,237,203,117,54,101,11
277,138,1212,543,373,1162,1500,1285,646,118,561,729,99,829,1323,1256,542,505,1459,1954,1736,958,63,842,1115,856,279,312,563,379,119,679,1023,940,481,144,701,972,844,91,53,375,402,157,172,419,438,212,116,359,440,312,59,183,312,262,60,188,429,524,467,221,118,447,627,602,388,79,177,268,192,26,121,157,63,57,338,468,485,401,260,73,92,267,428,540,578,526,407,225,11,189,371,545,683,726,653,419,45,407,765,915,784,550,12,335,403,226,73,239,177,145,529,742,632,215,292,650,698,459,85,217,315,83,8,53,62,6,3,18,56,52,96,78,234,218,85,85,170,129,14,159,216,152,18,89,121,95,66,75,105,100,10,8,480,580,410,11,545,926,947,573,33,616,893,751,305,220,546,544,224,198,510,578,393,68,220,345,306,223,212,760,504,651,631,308,254,912,1399,1541,1241,567,237,953,1303,1249,837,268,178,354,210,130,471,595,376,144,787,1306,1502,1324,822,204,359,705,878,936,968,233,1129,1101,887,379,361,1149,1765,2019,1822,1231,437,337,830,991,834,507,203,64,194,535,961,1217,1135,644,198,1115,1794,1585,1615,863,66,506,662,477,210,96,311,155
32,145,1208,1723,1338,285,782,1187,800,34,561,778,374,1067,1036,159,1096,1877,1622,429,971,1751,1500,505,500,868,557,50,389,176,376,833,784,178,615,1105,995,385,364,972,633,163,279,343,74,299,440,197,235,507,454,84,305,392,175,175,423,343,8,439,630,496,56,440,699,570,163,234,394,249,14,149,4,256,413,324,23,345,555,552,347,87,153,366,504,542,434,144,200,504,611,563,361,74,260,572,754,695,299,295,789,889,535,314,523,528,208,109,159,125,407,372,59,584,803,514,115,618,694,338,139,389,328,15,22,59,65,81,28,65,23,26,16,83,26,144,146,2,166,218,72,126,237,153,39,187,191,65,48,77,119,192,248,297,167,569,741,425,263,879,990,464,367,927,806,165,493,702,356,217,556,421,13,422,501,286,30,217,215,198,268,790,439,194,357,979,1270,977,105,951,1640,1560,738,393,1237,1365,808,11,550,527,66,342,306,206,884,1161,795,116,1045,1528,1349,696,70,645,926,1010,1006,427,570,75,902,1614,1832,1346,299,911,1725,1816,1188,182,658,1008,830,369,35,20,280,551,467,109,948,1599,1604,784,500,1699,1945,1379,335,543,837,601,305,317,686,81
352,50,531,852,735,237,325,610,469,66,232,496,161,495,457,17,645,977,734,33,693,968,689,74,437,524,235,118,221,9,299,406,191,225,546,529,201,210,426,197,89,147,185,41,128,165,33,151,257,169,37,204,220,71,125,221,132,75,259,283,134,119,302,323,176,32,199,221,124,3,40,3,62,78,0,61,216,226,131,22,176,271,287,208,49,127,275,329,279,137,50,226,344,352,250,44,190,377,432,309,40,260,417,339,81,159,208,76,84,85,99,273,234,35,340,423,208,132,355,321,103,111,194,16,23,30,10,28,12,9,6,4,15,8,15,77,59,30,102,77,21,113,117,32,61,92,61,16,3,15,65,137,142,19,213,358,263,58,398,497,269,159,467,451,127,247,395,221,112,314,244,37,295,322,126,122,245,195,96,53,75,167,69,311,495,440,82,401,752,741,352,219,671,769,491,38,339,441,292,46,72,4,182,300,172,176,553,712,502,32,441,696,637,392,121,106,298,30,644,646,390,98,648,1008,949,496,178,730,930,712,243,183,384,309,125,38,134,348,468,318,121,662,986,845,281,595,897,883,489,25,238,252,181,214,393,21
804,20,584,1550,1671,847,332,1054,918,146,485,593,353,1101,1142,266,1051,1928,1710,531,943,1770,1507,463,574,968,517,212,539,169,560,970,679,156,959,1131,625,168,695,875,249,182,346,137,200,369,229,136,435,422,122,261,413,208,206,437,314,154,568,639,286,257,624,640,311,94,389,408,211,12,114,43,76,157,67,75,379,424,247,74,366,506,486,310,39,237,476,581,507,269,99,430,643,633,455,101,339,720,837,575,10,548,785,681,44,338,342,35,227,152,202,529,457,44,597,730,370,251,643,574,152,295,498,39,113,62,8,29,33,41,5,3,37,45,5,130,202,131,54,198,172,24,183,192,21,139,167,82,6,3,15,138,297,41,15,512,755,446,279,913,932,300,537,973,702,7,616,700,234,339,580,332,164,497,483,182,140,294,290,258,302,735,131,318,829,1053,783,6,950,1533,1365,474,675,1413,1388,651,271,794,689,165,245,178,307,791,766,124,809,1447,1369,621,358,1075,1248,1015,640,244,152,83,1201,1477,1254,442,681,1670,2026,1537,414,832,1620,1587,898,41,499,538,213,0,123,566,1014,991,344,739,1700,1942,1253,331,1311,1744,1295,437,231,365,212,166,532,50
30,130,1473,1668,804,534,1381,1250,317,560,642,1138,727,695,228,1316,1623,790,694,1831,1813,626,805,1458,1032,78,563,471,131,551,348,349,936,911,231,595,1039,773,78,1218,545,177,202,243,38,351,385,69,348,507,301,71,333,299,39,273,370,97,365,598,387,119,592,666,321,156,453,422,156,102,134,5,128,112,61,287,406,313,39,259,468,526,386,98,269,578,668,466,70,303,558,614,506,191,218,568,755,641,201,425,859,787,289,359,640,439,3,233,72,256,330,24,571,761,347,381,842,684,74,470,583,272,125,99,42,39,47,13,5,88,5,24,19,43,102,57,177,159,17,149,174,29,162,204,78,103,174,148,69,3,92,246,323,11,199,567,618,155,556,950,652,166,879,911,296,486,783,417,269,621,354,252,638,504,10,425,525,327,90,8,23,264,430,732,701,158,737,1375,1283,401,794,1601,1471,519,652,1243,1039,322,337,506,158,250,269,220,807,1028,533,455,1305,1458,864,40,743,1055,1000,764,480,138,586,1248,1579,1229,262,965,1857,1915,1053,243,1292,1584,1118,290,385,570,292,1,91,586,1021,899,53,1105,1885,1710,619,1007,1729,1698,850,156,693,621,337,348,661,346
80,129,1504,1379,270,1022,1483,785,292,757,257,753,489,402,1321,1202,98,1597,1983,891,848,1796,1355,37,947,874,56,501,249,440,771,293,611,1118,747,203,919,852,218,1207,574,220,201,298,6,293,279,71,410,367,27,399,380,24,417,385,55,484,517,119,450,673,388,172,553,536,163,239,349,187,51,73,60,193,146,84,372,393,202,138,430,513,344,23,345,516,480,260,86,424,612,504,161,297,649,712,397,151,703,872,495,235,775,427,152,389,457,68,219,62,370,418,60,651,736,130,592,805,318,316,593,363,58,17,117,127,9,88,57,33,48,42,45,66,135,21,182,143,76,211,110,97,215,83,106,173,75,21,72,95,150,150,59,159,476,117,485,780,388,429,943,638,238,888,716,71,677,580,68,544,416,133,531,408,63,430,442,172,42,136,141,583,521,469,34,811,1250,872,251,1354,1608,761,575,1467,1305,316,661,933,470,176,342,64,511,466,295,1101,1203,358,874,1574,1239,218,737,1092,930,600,250,35,815,1351,1331,489,814,1845,1865,802,656,1662,1620,727,298,849,767,353,102,198,380,242,395,1204,1487,763,652,1846,1927,101,774,1658,1382,447,357,534,328,335,606,48
29,116,788,1715,1469,184,1072,1327,506,463,615,844,809,623,467,1493,1427,174,1323,1924,1108,416,1432,1240,213,665,661,18,538,336,425,953,625,345,1115,994,136,713,885,15,275,489,197,207,303,8,343,405,89,323,452,212,196,405,203,218,445,234,258,597,461,68,584,638,231,259,495,339,15,166,106,54,81,58,245,249,162,141,411,471,312,19,342,539,505,246,147,502,630,478,113,290,582,657,457,28,494,860,751,148,588,931,609,587,591,507,47,254,114,245,283,120,607,599,12,648,789,277,408,689,390,143,382,67,71,20,70,12,31,57,39,7,60,9,96,108,152,19,205,183,47,239,200,23,184,144,10,94,52,29,89,83,131,144,366,114,712,787,126,761,1092,487,538,1040,634,278,803,522,195,611,383,183,563,400,47,400,426,226,23,106,200,721,542,408,124,827,1199,817,238,1286,1589,849,438,1372,1342,488,464,809,484,25,164,184,552,427,292,1081,1263,601,532,1355,1381,688,197,784,986,892,683,232,461,1251,1594,1144,64,1364,1974,1501,234,1084,1685,1298,365,508,807,554,178,110,385,591,220,698,1527,1548,495,1038,2024,1421,486,915,1506,1123,308,172,170,79,362,240
132,4,336,73,248,543,705,702,505,206,92,82,254,35,297,638,871,903,726,393,14,390,633,699,583,351,69,149,236,190,19,209,407,498,469,311,80,155,328,456,346,215,37,100,175,160,60,64,187,255,241,160,30,99,187,195,128,14,141,269,333,324,239,125,13,127,199,207,168,96,21,35,55,29,33,137,189,228,232,206,177,135,94,54,1,75,157,236,299,331,331,312,294,268,234,179,96,23,165,303,396,432,376,413,91,59,137,129,35,94,195,193,90,82,272,394,413,307,135,46,183,242,224,22,67,36,68,15,23,6,13,22,32,13,99,47,27,79,99,65,8,41,69,43,14,61,83,67,39,21,49,118,205,60,225,91,113,332,482,495,368,132,136,351,444,395,234,25,163,270,276,196,58,87,194,245,241,190,139,109,103,481,198,199,131,12,230,472,675,775,742,573,301,1,270,454,520,453,305,118,56,137,112,16,236,465,639,696,641,476,255,42,122,217,245,265,308,101,549,716,857,918,877,714,457,162,162,437,625,714,689,561,377,194,64,12,75,226,448,652,789,779,604,295,92,693,735,849,802,638,437,255,179,193,303,13
98,28,1735,1763,1699,1500,1191,830,438,70,222,188,460,386,161,165,578,996,1344,1652,1824,1847,1717,1459,1099,703,271,107,382,565,622,527,355,86,178,444,655,784,804,1031,624,440,238,34,152,296,362,395,357,276,151,2,165,301,426,479,486,440,348,206,58,96,237,355,430,467,473,429,367,244,130,3,161,272,360,453,439,424,382,354,329,305,303,301,308,321,313,286,258,228,201,187,188,202,230,239,243,205,139,17,130,290,428,71,586,534,411,212,6,236,423,503,503,410,214,11,216,385,503,555,525,453,346,58,118,10,45,75,16,14,37,53,55,44,42,115,161,165,138,68,22,111,194,221,202,169,112,54,40,50,94,162,241,128,250,151,19,229,483,733,932,1031,1021,901,685,389,78,194,417,551,578,521,395,219,76,62,137,163,102,15,110,834,338,415,441,421,342,191,14,250,528,803,1053,1221,1307,1293,1194,989,728,409,84,212,476,673,789,833,805,723,585,419,270,139,44,13,56,138,274,345,613,730,845,881,826,730,579,372,149,69,239,384,465,483,418,291,102,129,413,715,1046,1352,1606,1806,1923,1912,1808,1272,1298,969,645,393,227,187,245,446,718,45
40,70,796,917,718,266,228,544,539,285,67,90,211,110,506,765,701,315,259,764,977,809,365,137,464,498,289,13,217,191,27,308,486,444,190,141,427,523,403,63,91,229,201,54,112,188,112,46,221,286,219,30,154,244,197,47,144,262,252,117,92,272,353,305,149,34,174,228,182,85,3,25,17,87,146,159,106,14,104,209,275,292,257,179,65,69,204,299,347,328,253,134,0,146,264,354,395,352,218,13,213,377,403,393,93,92,164,111,10,104,74,77,256,342,261,33,219,369,351,175,40,189,212,6,4,7,7,14,1,23,11,11,17,5,45,20,28,67,70,24,41,94,96,57,8,48,62,58,41,39,22,32,122,83,221,110,109,343,467,372,105,227,454,452,233,74,308,349,176,74,277,314,185,33,219,291,227,111,10,16,1,36,63,204,374,466,388,126,249,610,788,710,396,37,416,603,551,317,47,120,114,50,253,362,297,45,300,607,750,684,437,118,163,350,423,452,495,223,568,495,244,164,593,927,1032,864,492,26,370,607,652,520,303,107,16,59,196,321,312,114,267,686,969,986,693,95,331,689,768,613,347,158,119,217,307,3
118,20,875,472,283,822,736,148,413,463,60,232,238,282,694,526,204,918,992,321,581,1018,687,68,591,530,80,286,210,165,401,222,248,592,492,8,467,582,275,470,366,242,30,181,81,141,212,55,208,286,128,133,262,142,100,238,143,107,299,250,14,299,378,170,138,323,253,32,127,122,2,63,0,125,187,93,68,224,273,189,12,184,301,297,160,61,263,340,260,63,145,279,295,215,46,175,342,376,183,156,415,396,106,11,328,153,83,144,8,152,74,182,330,170,198,432,311,72,361,318,43,180,188,13,8,21,5,3,17,0,7,6,18,29,87,32,66,85,0,90,80,17,98,73,29,84,47,19,40,21,33,88,78,69,277,285,1,393,511,201,305,574,349,144,464,339,66,351,262,71,321,246,60,313,291,40,191,234,121,33,38,158,78,316,455,276,205,677,757,333,358,825,771,232,394,677,472,26,269,209,36,155,30,358,496,232,293,715,717,291,289,658,658,376,21,232,390,208,520,351,66,607,934,777,150,598,1016,843,227,423,704,528,144,114,104,41,73,159,512,671,357,328,952,1042,471,540,959,872,302,253,423,252,87,172,372,15
63,72,707,722,723,687,591,499,364,194,39,616,326,488,645,774,868,957,996,1000,987,914,820,710,560,414,265,104,44,176,307,401,479,535,557,561,545,494,438,522,292,216,134,59,19,84,145,189,224,239,246,245,230,217,193,169,140,117,90,82,66,56,64,57,44,56,31,29,22,9,16,34,64,89,115,167,152,194,215,227,261,278,283,301,295,282,273,241,209,177,117,76,23,44,90,150,203,243,281,303,317,306,287,350,192,125,56,19,79,135,185,218,226,221,193,159,113,58,13,31,68,92,106,26,31,43,24,21,3,38,23,32,8,7,49,64,80,85,93,91,79,65,40,18,4,18,26,23,15,1,21,44,82,14,129,144,141,133,106,57,13,45,107,154,210,256,282,315,316,312,301,266,241,210,166,144,123,97,99,91,82,208,92,115,144,153,178,202,200,219,216,211,215,195,176,167,133,115,96,81,77,85,94,121,150,181,230,270,319,352,395,435,452,462,471,457,443,160,353,306,229,176,111,20,37,119,194,244,293,324,321,316,265,204,125,22,91,219,353,502,637,749,856,911,943,539,905,829,730,593,433,268,75,95,267,32
196,87,1333,1421,1475,1466,1400,1262,1076,835,568,1067,59,414,704,1011,1280,1483,1639,1728,1758,1705,1608,1429,1194,925,618,306,17,331,587,831,1008,1124,1192,1171,1109,1006,849,686,467,269,83,92,233,367,454,510,527,505,480,395,320,207,81,16,151,273,372,485,550,636,676,678,684,660,617,547,466,351,241,108,15,113,223,238,363,395,416,411,373,340,289,229,153,84,4,73,146,237,320,413,502,581,678,743,815,871,910,915,908,882,802,646,593,427,261,82,90,246,384,474,530,540,498,424,312,203,84,14,95,161,186,22,43,15,50,86,5,23,38,48,1,37,181,203,203,182,157,87,19,61,124,167,209,223,197,155,123,69,31,15,39,32,171,293,446,581,740,864,969,1025,1034,990,904,758,595,394,188,11,168,317,446,516,548,536,479,379,262,141,18,462,302,424,537,611,667,704,714,710,688,651,587,514,435,343,241,128,3,118,252,352,458,587,655,724,778,810,825,848,858,874,878,912,936,964,1002,239,1051,1070,1070,1059,1021,986,938,868,802,720,661,584,497,402,319,225,145,44,34,123,190,259,318,363,398,411,428,737,391,338,265,186,71,63,229,413,616,225
531,178,166,1160,1704,989,352,1152,825,123,630,810,751,1013,181,1140,1738,981,579,1716,1545,279,979,1223,490,432,658,64,585,592,165,956,966,161,809,1097,524,357,780,383,96,431,226,213,400,143,309,488,262,204,455,285,100,336,170,182,385,200,227,571,471,15,487,657,417,70,434,461,236,33,138,81,24,52,188,551,230,47,388,595,478,69,387,661,615,290,123,492,652,547,226,207,568,700,526,91,408,787,761,277,409,827,661,673,465,491,114,205,110,224,321,56,563,629,99,594,795,345,359,685,439,78,383,84,37,70,1,20,80,67,20,48,71,40,168,7,158,154,3,144,116,71,210,136,69,240,208,47,90,174,227,224,57,56,559,432,115,716,775,163,646,929,413,458,858,476,278,684,391,251,592,330,259,574,373,96,409,353,136,15,35,221,349,653,566,41,887,1284,819,304,1321,1486,660,539,1275,1084,254,516,699,270,174,186,230,616,467,250,1035,1214,571,481,1230,1256,636,145,704,909,879,436,265,430,1200,1571,1128,64,1360,1973,1452,103,1188,1619,1052,93,571,542,137,19,277,768,821,119,1015,1769,1435,98,1359,1499,1294,19,1005,1106,552,59,64,287,145,199
325,272,1694,1504,1122,627,103,338,607,661,502,874,322,823,1280,1574,1709,1586,1230,721,142,400,812,1032,1032,792,411,16,426,719,840,773,570,241,114,464,698,825,789,419,373,80,191,377,473,434,314,125,83,251,360,385,319,188,19,171,318,442,502,484,392,266,101,75,228,336,402,419,400,321,218,105,1,91,165,207,201,147,75,37,148,262,371,462,514,560,565,554,541,530,548,565,600,645,692,724,722,703,627,508,334,127,74,297,370,393,320,141,68,276,391,401,264,6,285,562,758,823,757,589,375,168,12,9,9,46,47,10,13,3,33,102,49,9,164,58,52,141,173,139,53,76,194,273,286,249,177,118,82,91,136,175,162,93,149,425,707,927,1010,913,654,274,135,493,730,825,756,551,271,34,285,454,518,475,363,197,46,47,59,26,146,619,370,381,283,87,215,540,876,1154,1374,1483,1491,1367,1140,839,504,177,85,220,215,81,158,465,786,1064,1255,1335,1323,1216,1034,817,616,442,352,319,370,487,566,627,578,425,145,221,598,964,1248,1436,1497,1440,1309,1096,824,527,253,4,147,179,73,207,572,1010,1455,1814,2024,1633,1967,1672,1282,867,509,288,250,394,708,305
