Subcarrier_1,Subcarrier_2,Subcarrier_3,Subcarrier_4,Subcarrier_5,Subcarrier_6,Subcarrier_7,Subcarrier_8,Subcarrier_9,Subcarrier_10,Subcarrier_11,Subcarrier_12,Subcarrier_13,Subcarrier_14,Subcarrier_15,Subcarrier_16,Subcarrier_17,Subcarrier_18,Subcarrier_19,Subcarrier_20,Subcarrier_21,Subcarrier_22,Subcarrier_23,Subcarrier_24,Subcarrier_25,Subcarrier_26,Subcarrier_27,Subcarrier_28,Subcarrier_29,Subcarrier_30,Subcarrier_31,Subcarrier_32,Subcarrier_33,Subcarrier_34,Subcarrier_35,Subcarrier_36,Subcarrier_37,Subcarrier_38,Subcarrier_39,Subcarrier_40,Subcarrier_41,Subcarrier_42,Subcarrier_43,Subcarrier_44,Subcarrier_45,Subcarrier_46,Subcarrier_47,Subcarrier_48,Subcarrier_49,Subcarrier_50,Subcarrier_51,Subcarrier_52,Subcarrier_53,Subcarrier_54,Subcarrier_55,Subcarrier_56,Subcarrier_57,Subcarrier_58,Subcarrier_59,Subcarrier_60,Subcarrier_61,Subcarrier_62,Subcarrier_63,Subcarrier_64,Subcarrier_65,Subcarrier_66,Subcarrier_67,Subcarrier_68,Subcarrier_69,Subcarrier_70,Subcarrier_71,Subcarrier_72,Subcarrier_73,Subcarrier_74,Subcarrier_75,Subcarrier_76,Subcarrier_77,Subcarrier_78,Subcarrier_79,Subcarrier_80,Subcarrier_81,Subcarrier_82,Subcarrier_83,Subcarrier_84,Subcarrier_85,Subcarrier_86,Subcarrier_87,Subcarrier_88,Subcarrier_89,Subcarrier_90,Subcarrier_91,Subcarrier_92,Subcarrier_93,Subcarrier_94,Subcarrier_95,Subcarrier_96,Subcarrier_97,Subcarrier_98,Subcarrier_99,Subcarrier_100,Subcarrier_101,Subcarrier_102,Subcarrier_103,Subcarrier_104,Subcarrier_105,Subcarrier_106,Subcarrier_107,Subcarrier_108,Subcarrier_109,Subcarrier_110,Subcarrier_111,Subcarrier_112,Subcarrier_113,Subcarrier_114,Subcarrier_115,Subcarrier_116,Subcarrier_117,Subcarrier_118,Subcarrier_119,Subcarrier_120,Subcarrier_121,Subcarrier_122,Subcarrier_123,Subcarrier_124,Subcarrier_125,Subcarrier_126,Subcarrier_127,Subcarrier_128,Subcarrier_129,Subcarrier_130,Subcarrier_131,Subcarrier_132,Subcarrier_133,Subcarrier_134,Subcarrier_135,Subcarrier_136,Subcarrier_137,Subcarrier_138,Subcarrier_139,Subcarrier_140,Subcarrier_141,Subcarrier_142,Subcarrier_143,Subcarrier_144,Subcarrier_145,Subcarrier_146,Subcarrier_147,Subcarrier_148,Subcarrier_149,Subcarrier_150,Subcarrier_151,Subcarrier_152,Subcarrier_153,Subcarrier_154,Subcarrier_155,Subcarrier_156,Subcarrier_157,Subcarrier_158,Subcarrier_159,Subcarrier_160,Subcarrier_161,Subcarrier_162,Subcarrier_163,Subcarrier_164,Subcarrier_165,Subcarrier_166,Subcarrier_167,Subcarrier_168,Subcarrier_169,Subcarrier_170,Subcarrier_171,Subcarrier_172,Subcarrier_173,Subcarrier_174,Subcarrier_175,Subcarrier_176,Subcarrier_177,Subcarrier_178,Subcarrier_179,Subcarrier_180,Subcarrier_181,Subcarrier_182,Subcarrier_183,Subcarrier_184,Subcarrier_185,Subcarrier_186,Subcarrier_187,Subcarrier_188,Subcarrier_189,Subcarrier_190,Subcarrier_191,Subcarrier_192,Subcarrier_193,Subcarrier_194,Subcarrier_195,Subcarrier_196,Subcarrier_197,Subcarrier_198,Subcarrier_199,Subcarrier_200,Subcarrier_201,Subcarrier_202,Subcarrier_203,Subcarrier_204,Subcarrier_205,Subcarrier_206,Subcarrier_207,Subcarrier_208,Subcarrier_209,Subcarrier_210,Subcarrier_211,Subcarrier_212,Subcarrier_213,Subcarrier_214,Subcarrier_215,Subcarrier_216,Subcarrier_217,Subcarrier_218,Subcarrier_219,Subcarrier_220,Subcarrier_221,Subcarrier_222,Subcarrier_223,Subcarrier_224,Subcarrier_225,Subcarrier_226,Subcarrier_227,Subcarrier_228,Subcarrier_229,Subcarrier_230,Subcarrier_231,Subcarrier_232,Subcarrier_233,Subcarrier_234,Subcarrier_235,Subcarrier_236,Subcarrier_237,Subcarrier_238,Subcarrier_239,Subcarrier_240,Subcarrier_241,Subcarrier_242,Subcarrier_243,Subcarrier_244,Subcarrier_245,Subcarrier_246,Subcarrier_247,Subcarrier_248,Subcarrier_249,Subcarrier_250,Subcarrier_251,Subcarrier_252,Subcarrier_253,Subcarrier_254,Subcarrier_255,Subcarrier_256
56,109,118,368,150,25,129,167,19,101,316,6,37,269,227,205,123,177,123,36,160,248,91,29,129,14,2,36,70,226,156,122,126,183,206,61,113,316,113,132,88,199,0,188,60,42,170,45,57,50,233,54,5,146,268,12,199,35,228,191,36,217,273,94,134,67,262,198,39,104,94,245,99,175,546,158,146,165,82,16,22,103,143,258,428,75,29,120,137,106,70,175,111,87,129,296,241,109,146,174,101,94,9,161,182,77,127,103,219,26,222,143,60,49,52,23,88,46,74,1,49,109,9,80,16,43,84,74,47,23,21,32,39,4,361,208,181,666,905,695,40,780,1125,641,376,1218,1285,296,965,1743,1349,273,892,1429,1174,306,509,763,509,52,130,590,492,39,714,1104,769,238,1405,1783,924,564,1748,1974,1348,273,640,1218,1316,1179,786,475,178,13,241,638,1080,297,56,192,251,63,195,78,43,108,57,252,243,66,54,99,259,158,113,202,40,57,36,233,247,18,110,111,157,257,99,50,344,165,35,148,271,84,1,362,132,236,340,193,77,119,99,257,167,299,236,119,125,63,219,123,5,9,32,359,36,244,67,129,251,4,106,174,84,91
15,21,9,12,8,21,44,33,0,4,27,14,37,70,42,32,4,15,15,24,89,87,29,70,88,23,55,66,24,32,52,47,72,38,27,39,36,51,29,39,17,67,3,67,10,27,77,46,41,9,51,19,73,127,42,4,35,26,58,37,0,1,1,9,11,19,38,26,2,18,13,490,155,681,949,240,714,937,321,389,555,171,105,60,329,57,680,1019,334,861,1380,665,607,1255,757,283,25,597,107,468,241,147,171,166,326,32,391,421,23,338,318,34,120,79,33,104,158,27,315,323,41,386,317,18,2,0,24,3,23,4,18,8,2,18,9,6,37,9,54,11,4,3,24,9,0,44,1,9,9,2,70,3,1,23,96,6,15,25,70,49,32,14,2,11,17,18,34,1,14,19,44,4,38,11,10,82,19,13,51,80,7,2,62,26,71,40,28,105,42,77,27,40,8,46,82,17,16,94,42,15,21,14,89,13,13,4,67,89,12,1,77,18,4,18,64,27,1,33,31,28,73,54,26,13,33,18,37,92,28,7,40,36,42,46,2,40,109,68,50,66,21,34,46,81,32,4,56,36,73,49,1,30,39,21,21,7
42,101,276,310,385,234,1339,513,1415,470,766,624,117,164,278,14,871,730,822,1643,375,1688,1811,436,2044,864,969,1274,15,633,69,162,313,561,602,1571,301,1560,1004,487,1433,457,922,865,143,644,206,266,85,214,6,404,227,380,545,31,663,506,434,146,14,203,353,116,217,212,154,56,119,67,883,441,626,651,417,692,214,788,88,913,251,914,643,605,880,165,764,125,529,145,380,63,457,175,573,484,116,747,37,916,514,492,674,71,528,344,108,190,128,190,59,427,474,335,889,38,1011,514,861,740,528,769,222,96,15,7,12,9,64,25,64,73,85,2,205,16,251,118,306,146,374,102,429,27,461,101,415,213,285,261,142,242,101,182,94,232,133,343,41,468,226,430,496,226,660,107,553,379,323,450,122,354,121,332,141,469,90,643,261,646,655,296,805,193,668,505,310,327,96,171,8,7,206,44,92,241,61,61,541,248,417,469,252,543,46,557,144,560,410,426,613,157,660,188,575,394,366,429,200,625,96,778,255,779,229,389,1076,377,808,882,134,820,358,368,268,214,49,545,306,724,1115,144,1507,916,917,1640,255,1273,948,419,817,234,11,44,21,29
2,0,3,4,9,5,576,1052,1141,823,188,477,1026,1308,1263,953,443,71,463,645,538,194,252,617,729,506,2,603,1142,1453,1426,1060,2,214,799,1118,1090,707,32,690,1230,1420,1174,579,134,781,1206,1305,1085,675,173,242,485,451,162,273,680,895,787,0,1,1,3,4,7,0,4,1,2,1,0,0,2,2,0,1,2,1,2,2,1,1,2,0,0,0,0,1,0,0,2,0,1,2,1,2,1,4,3,1,0,4,3,0,1,1,0,0,4,3,1,1,1,0,1,0,0,1,0,0,2,0,1,1,0,1,0,0,0,0,2,1,1,1,2,0,1,1,0,0,1,2,0,3,0,3,3,2,2,1,1,0,0,2,2,2,3,1,0,3,2,2,2,0,2,0,0,3,0,1,0,1,1,0,0,0,2,0,1,0,2,2,1,0,1,2,0,1,1,1,2,4,3,0,1,1,4,0,1,2,2,0,1,2,1,0,0,1,0,3,3,2,2,2,1,1,0,2,1,4,0,4,2,0,2,3,3,3,1,1,2,0,1,3,0,3,0,3,1,2,1,0,5,1,1,2,0,4,0,4,2,2,2,4,2,2
295,643,295,20,110,140,52,521,713,139,890,836,119,815,802,63,814,695,84,550,460,109,530,334,308,332,72,61,95,134,33,212,451,268,591,163,615,742,186,860,783,201,1047,788,404,1044,631,402,1081,491,654,899,146,640,638,14,486,426,165,519,659,323,543,545,266,628,1017,243,220,358,735,357,637,297,154,559,40,613,64,429,1273,649,151,453,691,777,45,713,75,341,269,374,192,835,443,591,174,413,98,264,1005,87,503,244,138,120,97,183,22,58,495,821,655,382,179,60,351,54,99,515,56,279,225,58,128,217,73,283,169,1,57,311,88,145,42,295,41,84,411,214,73,288,214,113,231,673,42,172,237,269,535,371,429,8,469,134,161,675,175,589,557,605,147,8,376,75,317,627,303,176,891,211,317,376,36,298,413,0,169,313,451,534,54,803,415,134,591,371,34,154,299,9,673,513,465,25,1293,476,665,673,908,497,577,99,517,453,627,427,215,488,51,975,614,425,733,1143,631,493,773,691,38,275,811,196,125,845,151,423,372,459,1277,453,449,44,126,641,1145,131,382,78,104,116,9,427,430,268,87,154,102,37,655,303,89,1009,25,231
37,44,54,91,20,110,571,608,281,212,581,596,221,354,846,990,726,179,362,668,631,352,57,76,45,300,483,415,45,477,902,970,30,28,507,697,432,117,629,794,469,209,923,1351,1282,761,14,649,1018,1031,794,466,208,70,37,33,39,200,419,2,86,34,18,126,202,39,6,35,151,178,243,737,1029,947,448,287,992,1396,1340,849,163,448,736,653,355,99,86,323,639,780,565,40,598,1067,1173,880,23,115,343,281,82,22,158,569,968,1043,612,204,1024,1445,1255,594,168,647,715,493,255,184,252,282,136,187,527,39,5,2,9,28,52,41,10,1,4,20,227,105,93,275,323,188,68,308,401,307,79,129,258,284,250,204,158,68,103,297,425,381,141,184,414,412,24,131,362,364,158,145,387,447,299,29,227,357,326,189,55,14,52,91,52,99,297,432,402,195,94,337,408,43,56,14,136,33,25,80,14,72,35,39,107,307,401,379,256,112,3,35,2,33,15,156,330,407,313,78,176,275,170,40,208,201,2,299,540,611,50,156,207,505,631,588,389,135,74,176,144,62,16,94,249,393,396,231,60,313,396,296,77,112,184,89,141,36,14,31,20,36
57,24,135,22,65,49,122,226,115,301,101,42,47,199,33,68,64,132,117,82,178,41,236,133,348,36,177,129,6,123,347,64,61,29,41,123,51,131,216,15,32,206,24,68,86,114,162,240,20,224,291,233,469,120,112,343,251,75,317,311,52,132,137,177,297,55,183,66,125,323,92,364,105,214,157,216,186,31,210,203,45,136,174,184,108,207,193,2,131,188,256,253,15,327,142,26,56,225,24,65,110,34,102,16,128,57,38,114,110,27,120,171,136,14,15,281,177,7,44,23,123,28,107,23,44,57,105,43,49,12,13,94,86,19,131,377,302,50,295,205,59,48,108,19,419,642,238,600,1104,673,459,1164,911,60,661,834,404,192,415,245,246,237,124,609,594,215,1118,1144,160,964,1264,533,309,558,342,209,300,276,70,547,1065,797,131,1142,1299,589,461,79,45,138,283,68,147,206,216,45,69,189,14,153,78,245,249,75,119,108,197,264,56,189,35,130,266,408,255,192,35,73,33,41,136,134,130,87,210,18,108,304,101,97,72,69,325,93,30,198,239,69,198,21,115,50,64,163,23,123,218,62,125,125,181,258,107,79,290,41
145,125,102,143,325,175,38,474,671,424,329,104,210,165,88,335,444,776,572,222,248,553,743,418,311,93,69,134,299,544,291,736,208,318,29,11,334,696,767,482,428,153,142,745,999,834,632,49,398,845,902,903,330,144,754,701,563,33,157,47,485,135,777,457,15,142,1309,497,511,621,385,75,973,615,593,581,365,477,177,20,619,457,529,131,953,325,93,249,120,175,279,68,115,85,72,787,145,441,60,255,515,190,202,144,21,377,1037,86,499,90,573,221,639,565,391,231,117,241,577,269,194,131,93,431,207,533,151,109,225,93,39,241,193,21,163,87,35,346,175,177,116,327,110,9,9,455,329,159,28,233,267,509,3,219,576,593,707,555,24,186,19,448,369,121,159,609,26,501,67,4,115,424,278,126,613,655,701,195,50,363,21,147,951,155,155,1033,166,423,355,665,498,152,7,275,1457,123,595,1105,845,1113,353,107,155,125,197,125,108,737,567,1281,516,645,145,245,769,501,369,251,815,753,767,567,965,619,125,74,136,51,775,57,295,465,0,287,23,198,362,361,131,295,1059,875,449,120,503,714,165,691,911,179,108,280,194,555,239,58
23,7,5,4,11,57,69,68,53,108,2,59,15,68,15,4,61,3,16,69,103,57,9,41,27,26,104,98,92,106,5,119,98,92,0,46,97,77,48,26,42,40,29,16,49,60,17,59,56,7,108,9,32,30,43,29,15,28,74,41,22,10,29,20,24,67,40,18,7,54,626,419,113,246,611,905,1082,1169,1090,911,616,269,68,393,634,715,690,523,276,25,358,651,874,972,926,751,38,171,117,351,456,454,367,224,52,109,254,296,238,128,50,245,409,498,476,366,186,32,207,330,330,234,82,43,14,36,25,80,41,17,23,2,57,5,11,88,30,7,1,33,25,56,14,62,19,0,21,60,68,50,25,28,30,55,78,28,36,8,61,11,13,18,55,23,47,64,16,33,21,5,11,27,66,65,17,24,7,20,2,13,38,19,62,27,60,3,90,67,92,18,14,89,9,3,91,86,6,32,59,153,9,20,35,11,85,16,2,31,22,69,174,24,26,33,1,34,36,29,39,73,11,0,134,26,36,59,49,75,66,27,93,31,135,30,14,65,13,30,107,21,42,23,194,57,41,30,52,75,40,42,39,30,51,24,25,35
185,4,12,13,1169,668,311,1119,1151,362,727,1330,988,54,1117,1408,697,551,1438,1316,262,1061,1633,1060,301,1496,1640,601,921,1811,1417,31,18,1858,896,706,1733,1502,219,1202,1683,966,429,1470,1408,345,928,1465,952,231,1187,1232,417,672,1201,837,84,889,1013,411,455,14,12,3,9,6,3,3,2,2,0,0,12,2,3,6,2,0,2,7,3,2,0,1,1,1,8,1,5,2,3,1,6,7,3,3,7,3,1,2,0,2,1,5,3,1,1,2,4,1,1,5,0,2,0,5,2,1,0,1,2,0,0,0,1,1,1,1,1,2,1,1,0,2,3,3,1,1,0,0,0,5,7,1,0,0,0,4,0,0,6,1,2,4,0,1,1,1,5,5,1,3,1,3,1,3,1,2,5,0,4,0,1,0,1,2,0,2,2,1,3,0,1,4,4,0,0,3,0,2,0,2,2,4,2,3,5,9,2,1,4,6,4,2,5,0,4,11,2,5,5,5,2,2,1,1,0,13,9,0,4,8,4,1,5,8,1,11,8,1,4,1,10,1,14,10,3,1,1,7,0,3,13,8,0,7,20,11,0,1,3,4,1,2,5,3
23,51,4,317,69,39,90,189,45,246,242,222,100,108,23,85,368,45,429,89,110,33,44,36,243,401,179,109,111,152,188,34,71,281,46,84,454,54,7,143,72,48,75,124,260,93,67,223,232,93,88,263,168,322,187,112,294,205,328,185,89,218,117,26,205,20,177,185,12,129,51,151,68,60,245,42,113,7,76,6,257,166,10,79,17,101,87,233,272,247,187,77,136,186,0,97,58,128,161,155,25,41,134,99,78,96,75,35,67,24,199,95,75,64,72,15,78,52,9,14,2,103,41,109,73,17,73,1,15,17,37,20,28,21,472,345,77,552,606,66,689,855,71,929,1009,13,1054,990,48,924,743,33,438,358,187,75,63,256,357,166,162,328,299,79,153,261,388,277,84,620,843,361,589,1221,835,353,1414,1241,38,1312,1592,506,1026,1726,970,387,1311,115,197,62,220,146,318,52,119,274,45,260,16,171,6,12,351,79,6,83,297,104,28,186,7,276,3,10,192,314,279,63,2,326,203,269,153,98,142,326,13,83,151,112,9,31,219,69,3,130,142,115,120,93,50,261,390,284,79,90,48,131,117,220,10,102,15,254,35,223
109,168,659,11,173,425,698,725,40,373,107,45,579,754,130,1231,1242,129,1015,1164,426,320,597,361,52,46,339,146,531,1247,878,572,133,1377,403,1641,1128,318,912,263,436,66,707,666,340,1229,1035,196,1373,1310,15,1235,1042,251,942,217,904,702,769,302,721,751,157,413,119,515,509,777,745,193,172,335,545,246,430,862,464,654,1221,432,971,1307,231,1091,1119,88,1067,750,484,1027,142,973,825,553,1301,344,115,1128,229,1225,618,615,946,68,684,386,356,431,232,543,9,695,409,489,704,54,648,324,312,389,92,7,155,257,27,329,196,149,275,53,157,89,121,263,578,45,129,284,192,470,579,99,655,350,371,450,99,424,91,495,392,352,792,159,840,838,242,1020,534,495,147,77,527,303,339,492,192,825,533,496,1203,650,569,1232,651,415,828,339,273,268,260,433,193,1057,809,634,1698,375,1029,645,444,48,59,511,153,106,545,351,54,747,667,312,122,584,604,217,339,428,86,138,89,305,115,432,757,383,462,998,610,304,814,495,171,406,853,381,200,573,914,207,992,1292,278,1031,1204,136,831,636,320,600,166,938,505,686,1243,550,660,1061,560,118,465,628,32,43,913,329
521,244,175,174,456,923,701,50,213,19,359,154,590,1024,722,61,203,211,633,412,412,983,949,260,145,257,791,507,325,1105,1002,213,146,349,1035,911,223,1101,884,18,368,411,1157,1033,225,1056,710,235,373,415,1295,975,270,1074,588,385,504,562,1204,820,389,1024,463,429,383,438,1256,659,412,1032,378,588,493,499,1124,621,530,1046,280,629,507,571,1160,314,874,1010,2,772,336,650,839,348,1099,712,424,845,66,754,291,662,964,55,724,363,486,506,285,765,211,618,502,193,404,83,468,140,429,381,48,181,155,274,71,554,335,112,129,171,20,29,35,120,344,57,269,54,127,38,215,31,363,399,11,158,42,335,102,514,669,71,342,71,489,428,402,886,486,261,407,212,684,92,826,980,223,515,352,519,543,231,1039,919,57,571,118,527,500,474,1135,733,43,445,55,492,395,363,957,712,112,480,0,439,341,353,878,646,143,564,30,468,376,283,810,477,173,411,39,511,484,23,363,504,1,214,40,455,694,337,252,386,93,314,137,406,1022,753,16,443,27,566,495,338,1041,840,21,322,224,716,573,240,923,640,112,284,344,817,476,223,721,491,169,110,428,894,630,590
11,20,20,35,64,83,584,629,616,569,478,352,192,31,121,251,365,423,449,449,417,355,262,143,6,167,357,552,740,907,1019,1068,63,952,785,557,289,10,271,529,758,946,1099,1202,1254,1267,1241,1177,1079,947,778,595,396,200,1,191,367,512,638,52,162,48,20,64,99,22,7,55,56,61,614,782,932,1044,1115,1173,1177,1163,1123,1050,947,812,654,481,309,153,0,108,188,229,252,248,214,180,133,100,28,43,34,65,127,208,344,519,691,893,1092,1258,1377,1430,1395,1302,1142,934,702,476,287,135,48,32,69,152,257,14,12,17,12,6,17,25,62,37,2,71,107,58,11,99,193,282,343,383,399,402,388,364,342,329,319,321,330,357,383,408,444,463,468,453,415,355,45,170,56,55,176,275,357,416,454,453,432,382,312,221,134,54,18,78,124,146,155,156,148,123,84,37,32,30,27,46,167,31,52,129,49,127,95,80,393,324,277,226,199,167,135,105,67,36,11,7,12,3,15,45,74,97,111,115,98,73,45,3,33,70,27,133,151,170,175,169,157,132,96,52,2,55,122,186,256,309,365,395,410,393,359,305,232,146,65,19,81,32,17,29,129,14
118,4,498,957,787,48,332,140,371,181,219,384,136,652,650,435,786,75,785,831,71,993,676,738,1082,152,899,580,207,544,94,404,356,60,176,101,119,53,104,48,3,109,133,179,140,290,14,272,324,30,564,179,516,443,236,439,190,266,575,472,163,204,1216,196,805,136,149,343,791,706,368,472,597,794,746,207,432,552,265,747,406,342,73,420,368,333,685,4,506,409,197,531,155,272,340,82,212,229,484,503,143,220,422,178,575,192,171,807,86,375,98,172,130,253,67,299,129,692,237,68,130,53,327,95,205,157,53,283,202,224,63,126,265,42,120,300,389,120,91,70,28,457,160,251,207,2,194,545,401,2,618,33,277,8,16,19,68,327,656,321,362,365,236,324,184,87,137,122,195,221,605,507,394,224,223,283,218,54,154,581,518,67,490,547,570,605,23,394,445,1073,5,389,486,292,1,94,71,363,278,510,401,816,397,75,420,138,369,79,986,585,1257,607,112,334,273,170,277,464,1256,286,874,37,743,258,779,874,181,51,245,150,209,39,601,265,587,723,276,368,1658,329,799,83,370,531,304,365,408,67,365,1251,311,285,446,470,26,815
52,609,413,172,475,409,542,413,246,381,53,307,63,518,203,806,857,349,1323,772,920,1507,349,1116,949,54,680,356,302,259,26,180,88,593,144,809,490,731,1120,39,685,408,266,213,145,212,204,560,89,481,126,336,407,263,165,314,57,554,365,188,450,79,76,540,122,644,235,230,641,262,528,145,271,1056,464,403,147,538,329,539,701,191,68,278,654,329,230,877,26,123,358,233,326,92,387,689,841,127,426,175,394,255,493,532,315,101,104,132,157,171,243,608,91,550,146,281,365,463,216,476,71,393,33,75,342,75,129,99,108,483,268,181,127,94,217,79,130,40,237,187,113,0,140,509,37,6,311,746,2,583,111,907,234,449,623,99,369,412,459,457,137,442,343,241,376,133,175,119,441,315,338,47,108,517,658,60,275,171,550,785,566,382,654,153,136,279,57,90,7,808,158,386,130,25,223,518,100,91,271,422,99,99,896,653,241,608,126,681,653,281,41,1135,164,240,264,199,720,517,3,627,996,371,377,695,443,421,658,664,637,178,311,963,376,327,279,460,579,740,510,19,933,421,90,206,91,751,429,322,504,90,955,117,288,494,661,133
19,18,4,29,61,31,164,244,573,704,611,313,88,493,793,952,938,770,508,203,63,235,256,143,87,370,582,622,487,186,210,598,12,870,712,359,97,525,856,956,780,381,161,691,1097,1293,1316,1174,943,688,446,255,167,166,252,366,471,508,489,112,7,79,69,78,24,96,24,29,18,54,81,14,42,10,62,29,17,4,10,25,54,27,10,43,2,32,8,6,61,24,23,29,36,19,18,5,5,0,8,7,7,6,83,76,15,59,20,58,34,57,47,5,36,20,20,24,47,8,19,20,28,0,40,26,36,14,26,24,12,0,4,2,6,27,7,21,15,8,6,26,1,7,39,39,24,50,30,13,81,13,29,41,18,38,0,3,58,30,11,61,40,18,7,20,37,9,31,29,24,23,105,15,8,52,28,84,32,53,42,55,6,8,2,15,46,30,5,56,17,42,8,31,9,126,26,23,1,24,50,61,61,71,68,14,69,20,14,32,80,71,15,3,22,11,48,9,14,18,36,37,16,91,66,7,37,24,100,55,35,4,16,1,17,3,5,35,74,89,44,29,49,19,35,27,28,21,45,5,8,44,56,73,13,55,13,10
2,6,4,14,52,10,434,165,110,249,250,162,7,202,314,218,76,360,382,66,326,461,169,304,514,249,272,558,309,251,600,382,32,635,481,125,636,572,29,619,622,35,586,633,37,614,659,7,714,753,8,869,969,90,1010,1293,377,990,1534,43,31,17,34,21,56,10,34,3,20,15,14,63,37,12,6,23,28,1,27,2,2,17,6,18,40,15,0,16,12,47,21,0,4,56,1,0,3,36,46,2,28,3,15,12,15,3,28,17,37,17,63,23,11,1,2,6,7,21,10,12,9,8,4,2,19,13,4,8,1,7,9,6,32,0,17,0,18,5,9,16,23,5,20,12,14,10,15,0,20,31,0,12,13,4,35,24,23,21,22,15,13,1,48,16,37,24,27,7,17,17,30,44,22,21,13,10,65,15,58,9,6,11,31,11,1,6,16,5,16,40,1,19,17,25,29,53,7,39,2,3,58,1,43,39,8,62,12,15,4,16,46,1,11,20,31,52,6,37,17,37,50,44,19,80,43,28,39,22,9,22,45,28,10,58,15,37,6,84,43,0,49,10,28,48,1,24,14,6,34,41,12,11,36,63,37,4
23,75,17,173,80,77,669,574,432,237,12,231,472,685,852,960,1002,994,927,817,664,495,299,87,132,344,546,712,833,900,877,786,32,430,184,68,310,545,743,910,1040,1126,1180,1201,1180,1120,1034,921,801,670,554,452,376,308,260,219,182,144,106,20,56,118,31,34,22,70,3,77,5,41,52,143,249,371,508,626,737,819,869,872,844,763,650,502,322,108,113,350,594,811,993,1141,1237,1272,1234,1135,1,798,579,348,116,76,252,373,453,459,415,314,169,2,171,312,405,439,408,306,162,9,183,333,429,470,451,34,37,18,0,6,27,46,8,14,37,3,258,226,176,113,39,42,123,193,247,282,287,282,253,218,185,153,145,147,173,212,264,313,359,380,392,364,11,243,159,59,29,135,213,279,325,346,352,328,278,213,129,36,54,133,198,237,244,225,185,129,60,5,72,69,6,81,25,3,73,72,7,56,65,11,382,357,316,273,224,169,124,81,48,31,29,39,66,99,143,173,195,200,183,144,88,7,73,167,246,321,24,413,416,412,377,339,282,223,163,91,21,61,147,234,329,415,483,519,523,494,429,359,262,161,66,21,101,76,150,27,59,25
4,71,125,154,174,251,11,192,98,174,67,22,40,262,16,101,106,258,487,75,228,2,73,108,185,46,157,224,77,36,196,42,289,148,227,120,216,112,37,143,137,261,193,127,9,272,112,60,97,119,95,61,42,43,143,88,11,67,119,120,282,269,16,394,220,223,108,44,183,48,66,32,95,23,380,192,105,23,74,172,106,293,11,194,174,52,28,12,44,16,276,160,19,57,376,202,19,205,54,139,269,73,25,95,151,106,245,51,134,231,151,333,73,8,37,268,49,49,57,61,115,148,28,2,7,32,23,8,94,59,160,22,106,49,598,338,308,897,666,249,1038,712,550,1207,293,1130,1325,185,1730,1350,542,1798,1213,523,1493,774,497,929,288,448,77,92,569,747,33,965,981,225,1472,1072,727,1850,1089,617,1648,1221,62,863,1082,838,330,255,760,1081,1028,454,514,151,89,144,303,22,266,22,259,44,8,349,138,52,8,212,217,22,29,288,143,18,134,165,50,33,14,23,26,30,86,67,157,241,32,86,191,314,321,358,262,254,147,160,33,82,23,91,163,220,306,250,143,99,160,192,616,318,1,140,8,68,26,70,118,215,4,42,223,386
3,32,73,33,7,32,29,28,6,9,29,11,9,38,21,62,58,10,42,44,56,23,5,65,30,41,77,21,16,35,23,23,1,77,28,21,37,80,70,3,97,44,32,152,23,18,2,44,31,11,37,51,53,74,41,28,23,12,59,88,16,39,41,25,28,26,68,6,21,14,42,440,634,557,232,219,598,820,834,666,377,128,21,22,235,543,802,900,720,306,225,731,1090,1203,1079,773,2,25,286,403,322,141,83,236,256,135,72,280,401,402,300,157,37,4,25,92,146,121,9,166,323,403,361,9,25,24,33,12,16,16,4,24,11,9,37,4,1,35,37,21,24,57,33,16,29,20,6,2,7,21,9,2,12,5,25,9,9,35,58,6,2,14,66,5,45,16,45,57,1,0,56,4,50,9,3,60,21,40,16,26,8,38,95,96,20,54,54,37,30,15,72,41,13,1,87,49,46,59,16,20,4,28,21,35,47,71,40,26,40,18,66,73,78,23,14,96,78,27,106,49,13,47,120,11,2,92,16,18,28,58,52,52,9,2,70,7,20,33,37,68,51,37,84,72,31,99,35,26,31,14,54,11,11,24,19,5
1,665,379,125,735,150,934,1358,427,924,1467,824,229,953,888,283,186,246,23,145,345,991,963,77,1373,1814,780,801,1580,1061,61,530,27,241,64,910,1307,457,1152,2002,1285,458,1651,1254,10,670,285,372,205,778,1245,332,1081,1646,760,779,1472,878,277,131,40,659,347,433,119,315,607,125,24,1281,1152,1275,215,976,1165,254,809,730,286,872,329,791,1133,117,1078,1090,96,1180,938,361,1231,785,417,1026,430,500,158,160,738,323,616,905,84,786,697,310,923,382,680,966,211,653,717,102,324,172,115,35,277,260,104,403,218,33,245,217,96,22,155,82,269,10,160,7,188,352,519,149,222,151,129,125,279,523,41,697,807,2,961,951,97,958,736,205,750,262,555,483,452,1015,173,918,1478,522,945,1451,655,570,929,294,298,120,548,692,179,1253,1331,197,1128,1548,742,438,1033,696,108,498,196,473,131,401,379,21,555,619,98,70,675,724,158,512,542,91,729,507,332,838,508,462,975,558,292,778,566,34,276,41,163,102,398,869,675,161,1099,1298,643,485,1033,658,53,141,214,367,152,990,1209,424,958,1523,850,320,1102,880,2,468,278,137,168,372,784,274,855,438,232,83,431,149
59,25,29,27,391,81,239,551,829,1081,1254,1340,1319,1214,1011,741,404,3,406,802,1146,1423,1605,1663,1594,1421,1112,728,266,240,754,1222,32,1800,1868,1797,1581,1244,838,370,115,574,989,1291,1475,1526,1460,1295,1021,688,305,74,447,744,955,1095,1133,1071,922,719,482,33,38,33,22,18,5,20,12,1,3,11,1,1,2,2,1,0,13,0,1,3,1,4,5,0,0,0,7,5,0,3,0,4,4,1,8,3,0,0,2,4,1,0,2,5,0,4,0,1,4,0,2,1,6,2,2,1,1,1,0,2,2,1,1,0,1,2,0,1,3,3,1,1,1,0,2,1,0,1,4,3,1,1,5,1,3,2,1,2,1,4,0,2,2,0,2,0,2,1,1,2,0,2,1,0,4,2,5,2,1,8,3,1,3,3,3,1,4,2,2,2,3,2,1,0,2,1,0,0,0,0,0,3,2,2,0,2,6,2,7,5,12,2,9,1,0,1,5,7,1,5,11,4,5,5,5,1,1,1,6,3,11,3,5,7,7,3,3,3,7,0,5,11,9,7,7,2,5,3,3,2,8,12,6,9,11,13,0,4,4,5,12,15,29,56
6,3,1,1,5,4,613,68,786,1229,1265,889,262,391,928,1165,1108,790,297,162,458,442,119,362,817,1024,866,356,300,937,1363,1436,1,540,150,765,1083,1024,540,194,928,1389,1429,1018,344,395,977,1237,1158,815,314,148,453,475,204,235,677,911,801,5,3,0,3,4,3,0,2,3,2,2,2,0,6,1,1,1,2,0,2,2,6,0,2,3,2,3,1,0,1,0,0,1,3,0,4,1,0,1,1,2,0,1,0,3,1,1,3,4,2,0,3,2,4,0,0,1,0,0,1,0,0,2,0,2,0,0,0,2,0,0,0,1,1,1,1,0,0,0,0,0,0,0,1,1,1,1,2,3,1,0,0,1,0,2,0,0,1,0,0,0,1,1,3,1,1,2,0,0,0,1,2,3,2,1,2,0,1,0,1,1,0,2,0,0,0,3,2,2,0,2,0,4,0,1,3,0,2,3,4,1,1,1,2,1,0,0,0,1,1,6,3,2,2,1,0,4,0,3,2,7,0,0,6,4,1,0,4,1,1,3,1,0,0,0,5,1,2,0,1,2,2,4,1,1,1,1,0,3,2,2,0,2,5,1,1,4
913,145,339,474,686,165,258,154,617,1181,1047,273,269,105,442,644,97,685,1039,661,61,39,563,1084,893,112,612,755,140,272,189,1143,1657,1074,92,495,24,762,566,278,1327,1282,439,363,121,737,1174,572,489,1169,683,250,338,309,1139,1169,207,712,780,64,661,83,767,1293,791,331,753,77,570,562,347,1105,882,46,693,407,623,778,16,847,1002,255,696,519,299,777,320,531,955,375,534,725,44,781,466,376,904,373,533,706,14,582,345,462,735,208,526,561,114,433,15,595,494,121,502,168,291,185,237,334,8,277,67,50,119,171,329,212,133,299,8,14,51,109,223,297,67,443,182,196,206,237,404,28,422,448,26,199,54,478,441,61,560,423,72,219,94,684,629,9,590,458,53,265,118,834,919,221,432,441,13,372,50,718,1148,603,292,465,20,530,327,456,1038,893,114,278,47,634,605,170,483,791,294,268,278,258,694,654,43,570,394,107,427,218,352,720,548,15,251,52,472,675,307,197,574,388,94,126,321,890,1021,612,43,157,155,561,264,277,865,982,504,60,161,708,1053,506,272,724,567,195,130,503,1091,990,375,309,267,140,511,315,458,1058,770,169,279,235
19,21,74,35,91,65,601,703,633,392,29,377,706,898,902,735,447,103,215,450,557,519,361,126,114,273,289,131,164,509,831,1009,56,760,389,29,397,612,608,399,19,436,889,1231,1404,1387,1213,931,603,289,54,86,107,35,68,183,242,223,104,95,32,18,60,77,15,99,21,35,68,154,187,7,289,649,1017,1330,1507,1507,1322,983,571,166,135,280,249,72,181,416,545,540,361,65,301,639,881,979,86,740,499,287,174,226,426,725,1043,1271,1307,1113,712,177,352,761,955,930,734,485,290,214,268,403,528,574,496,24,34,11,42,3,13,29,46,41,18,0,22,107,203,256,228,139,4,156,278,361,378,340,283,224,174,142,110,63,14,134,263,376,435,407,294,116,119,242,322,305,193,12,184,353,465,477,415,288,159,39,23,11,61,152,238,253,187,45,133,294,413,444,387,71,10,9,67,172,46,11,42,13,114,83,416,460,448,402,334,250,175,125,127,172,264,359,433,436,372,232,66,63,127,94,16,169,334,456,513,510,9,302,117,73,263,403,476,459,382,240,118,13,3,60,190,336,465,532,516,417,266,103,33,106,101,15,137,74,44,44,68,42
51,54,72,42,146,314,44,102,107,109,102,44,199,73,40,102,169,101,26,230,186,11,8,72,165,347,14,43,11,42,10,24,240,203,496,34,18,87,688,193,104,215,122,217,68,208,87,3,216,198,161,302,300,147,56,258,276,220,160,320,30,165,74,97,167,113,108,183,21,66,68,68,68,127,130,233,135,136,129,64,307,59,171,109,373,108,78,125,207,188,153,115,277,16,134,291,71,144,80,265,110,104,350,179,122,332,137,214,128,228,54,76,173,212,1,166,3,56,14,174,35,33,95,21,43,178,46,52,50,43,64,50,22,22,157,400,267,120,294,178,45,11,8,154,445,427,241,939,828,171,1123,1068,97,767,916,431,235,541,291,109,128,30,333,224,452,995,590,590,1404,949,289,1005,807,126,191,138,156,458,681,335,591,1286,1006,119,1219,1293,429,78,74,177,295,240,131,352,3,0,18,137,44,26,49,423,152,264,88,30,260,250,278,112,171,264,313,377,264,19,83,41,269,49,113,227,136,153,39,563,25,139,87,19,213,155,213,120,358,271,54,20,78,111,27,16,19,131,167,159,198,208,125,99,246,69,12,50,7,24
131,48,857,301,24,21,653,328,296,527,310,33,10,35,216,471,546,299,204,662,695,545,1,581,586,371,186,124,112,426,601,494,947,176,571,625,607,210,314,415,607,489,380,205,681,862,602,80,684,879,723,158,589,845,387,152,401,400,71,133,108,1029,232,149,719,373,85,573,386,703,637,295,1305,281,46,53,450,535,479,689,731,233,259,109,293,295,248,871,161,124,78,799,190,279,467,179,366,621,553,591,673,1043,313,100,233,223,279,673,21,337,180,607,262,27,211,741,441,249,136,91,337,95,236,61,203,73,191,198,105,108,1,127,199,363,194,54,101,86,102,114,85,59,671,176,931,263,261,439,404,18,383,123,91,115,45,431,127,237,315,378,295,339,439,206,137,400,149,449,483,279,445,317,417,253,595,49,499,425,945,1583,291,169,219,39,327,37,333,117,924,325,1179,367,88,522,509,433,29,771,207,367,25,1195,6,76,70,251,537,277,355,398,572,631,73,136,206,171,591,46,50,1181,225,346,1207,100,313,507,881,25,203,302,255,340,177,403,399,751,213,569,353,723,115,56,799,327,305,70,551,479,441,326,1635,151,154,311,537,335
1,19,9,69,17,20,81,110,74,78,132,61,33,27,69,5,35,48,94,43,129,23,40,81,17,32,4,113,81,40,34,122,33,78,31,25,4,139,71,40,81,94,70,87,52,41,5,55,87,5,75,52,65,8,3,33,71,9,97,89,146,54,120,20,39,42,56,35,23,62,385,655,921,1121,1220,1225,1139,993,770,494,212,99,380,583,718,740,664,488,277,38,253,507,737,906,970,938,130,581,326,75,123,246,307,300,239,122,8,166,298,380,408,338,215,42,131,299,407,441,395,273,103,56,169,20,19,48,24,15,26,12,10,49,19,26,1,4,69,3,20,31,29,53,56,15,4,63,39,52,77,44,61,57,63,33,48,53,27,24,56,81,3,39,59,15,78,1,33,31,26,60,7,20,137,30,103,41,14,55,62,16,13,95,74,189,21,17,9,6,28,70,59,51,85,34,31,47,64,18,63,4,132,21,94,35,113,4,124,33,26,42,94,24,6,58,11,6,94,29,87,64,84,90,75,18,97,116,42,5,90,0,20,25,33,11,102,65,23,61,23,159,45,119,25,133,68,36,107,61,32,67,76,35,4,28,25,42
192,199,375,306,425,140,864,158,247,449,456,234,1301,893,608,448,367,202,453,708,309,711,313,774,707,1124,776,78,78,67,481,998,854,888,366,861,543,196,251,134,621,120,123,334,515,531,25,207,595,517,80,182,64,98,296,157,913,192,332,31,254,751,580,564,442,443,168,437,1332,23,418,746,602,505,89,649,789,222,449,467,75,75,331,61,415,518,244,147,117,421,274,107,98,55,97,295,1,234,361,267,175,379,261,323,73,502,128,255,11,133,269,84,319,209,229,28,42,461,409,525,837,21,940,160,295,78,112,40,236,77,321,213,5,227,251,70,75,129,263,154,113,81,576,375,283,365,52,32,71,281,40,602,177,341,576,270,607,51,42,126,864,232,40,576,816,78,303,358,85,743,429,164,334,359,56,273,271,130,494,682,992,399,313,713,430,1199,48,291,687,361,258,334,640,136,202,279,212,429,76,123,297,147,626,263,16,316,657,21,327,298,473,834,243,280,743,955,589,668,634,26,431,848,448,174,545,441,911,160,492,30,129,538,1024,404,80,292,77,951,157,390,182,1599,13,471,386,333,14,709,1319,736,279,936,109,88,992,255
26,0,7,87,70,60,474,669,472,10,490,763,639,189,398,853,982,783,346,122,436,494,319,60,112,67,217,595,850,786,367,236,42,889,615,68,443,624,369,210,833,1205,1152,666,37,720,1157,1241,1018,622,226,41,137,104,47,69,206,426,643,49,26,60,7,11,22,21,74,24,108,193,306,685,976,1018,731,160,531,1115,1376,1234,768,171,311,523,434,180,26,6,260,654,971,1017,709,151,448,854,84,722,376,109,80,257,479,530,246,329,970,1358,1279,736,57,735,1043,925,549,173,7,5,82,44,171,478,696,76,7,34,0,54,0,21,9,31,23,16,180,157,15,177,318,314,162,81,298,401,348,201,32,74,133,161,206,263,273,190,7,241,407,411,236,37,10,335,202,51,301,412,318,71,216,409,430,302,120,26,52,9,63,51,64,253,397,434,325,94,172,362,408,67,12,14,22,74,53,69,19,39,10,25,80,258,355,363,283,177,90,57,87,137,137,51,135,329,457,416,238,0,158,126,20,212,329,289,94,171,101,563,576,460,252,9,251,415,451,384,264,156,148,208,273,266,126,100,316,430,391,235,46,66,52,78,261,93,22,128,72,72
293,159,395,1211,387,217,355,479,985,236,411,14,489,64,1479,1127,899,633,1605,156,146,150,693,717,571,557,615,939,863,989,150,375,199,415,32,641,609,247,48,381,137,785,587,591,613,475,221,499,67,625,4,447,467,330,70,147,1197,103,669,174,115,197,585,477,445,293,889,442,651,745,757,475,690,1203,277,928,1010,24,621,581,33,512,516,263,574,36,499,320,280,387,15,270,75,204,9,377,293,132,827,452,575,1161,415,872,1224,56,933,712,242,616,106,314,199,280,400,227,616,219,536,731,31,799,498,143,102,91,37,37,100,6,141,252,200,173,151,369,45,267,30,389,29,52,116,187,244,187,123,2,14,618,915,13,283,591,50,208,47,201,4,317,106,45,258,345,449,225,483,709,53,971,411,243,665,451,217,579,307,295,207,93,347,267,449,145,289,344,579,300,717,128,30,133,281,253,255,108,40,559,423,410,821,597,297,82,347,1505,369,301,24,150,1061,118,16,77,289,279,449,674,599,985,33,523,519,284,356,187,549,729,777,67,325,61,697,783,801,2,227,676,1175,202,241,268,517,1285,288,114,905,244,476,159,449,193,24,149,379,575
141,127,148,71,715,23,477,786,965,559,492,1471,1610,815,243,896,781,184,218,124,448,949,807,15,992,1495,1275,323,677,1074,780,37,269,231,405,834,638,211,1126,1586,1159,58,1005,1471,1047,96,579,537,51,607,436,354,1250,1487,737,614,1685,1745,735,381,951,64,323,102,557,124,154,941,130,349,618,747,268,499,954,562,273,889,585,234,868,686,103,851,943,328,592,1075,774,236,1029,975,127,808,977,306,163,808,296,465,811,406,386,946,693,182,932,864,21,747,620,156,629,329,356,586,136,452,499,55,504,411,184,40,40,449,180,2,142,155,131,167,365,100,196,343,208,174,432,151,245,240,174,536,347,343,863,662,123,922,978,291,554,806,333,275,395,1,476,696,611,352,1009,1169,529,634,1261,825,315,984,570,503,1091,637,457,1246,1139,246,818,1363,1053,130,761,1132,966,329,465,549,523,521,341,112,609,303,543,533,8,1085,833,35,481,331,266,661,600,162,443,847,767,344,218,564,494,113,168,13,314,554,430,40,662,1204,1195,473,1057,1234,1045,383,122,247,77,115,92,45,370,719,745,369,291,818,962,598,64,577,537,26,425,54,1112,1361,47,429,519,203,241,287
87,594,418,192,239,108,175,669,448,291,295,200,585,227,581,711,118,1234,1087,340,1536,1104,478,1346,876,250,740,432,175,298,17,0,822,437,89,750,776,92,811,517,347,572,111,191,153,214,188,74,405,221,344,354,9,238,0,84,329,430,244,5,56,147,780,57,599,371,396,8,655,235,181,163,944,18,505,332,91,57,571,56,123,531,367,293,303,486,383,916,235,5,545,270,51,88,160,857,839,885,33,5,607,101,535,573,89,102,580,663,15,16,452,155,501,97,456,28,101,90,0,209,61,147,290,219,58,133,240,37,109,84,489,248,16,160,295,248,254,296,487,137,133,400,116,112,256,43,16,26,542,203,410,5,566,543,566,150,670,213,129,581,321,217,112,341,174,810,169,716,650,404,49,133,964,181,47,37,196,9,28,246,219,177,182,255,1119,577,341,104,1192,453,348,83,596,512,58,286,1275,369,126,440,808,1098,56,220,134,699,369,437,570,523,404,9,765,865,179,292,154,524,373,195,113,347,511,1071,182,99,457,289,515,236,813,506,913,538,61,47,255,652,1367,576,1269,338,1223,383,612,670,12,708,15,224,81,106,37,247,236,326
6,3,4,33,29,26,681,38,612,637,2,689,798,225,552,964,688,34,648,750,398,81,266,97,162,62,377,755,614,106,851,961,37,439,795,416,350,744,356,562,1216,945,126,1184,1481,853,150,902,1049,671,104,315,407,359,338,408,403,156,319,32,7,83,5,45,44,76,46,10,25,54,49,14,19,6,82,59,34,69,17,41,32,81,64,24,8,53,21,82,58,44,58,30,29,1,1,26,81,32,5,10,60,42,6,42,2,27,61,34,29,11,15,19,51,3,17,8,38,4,18,22,11,8,28,17,2,7,13,12,10,18,4,29,10,27,9,3,7,5,10,41,46,26,29,21,2,29,5,1,14,52,9,89,4,27,51,37,9,3,24,20,45,9,5,8,5,37,22,8,30,28,0,57,16,9,27,10,30,50,29,23,79,28,47,1,14,3,27,25,68,25,10,76,38,10,16,0,9,37,9,15,10,11,17,2,16,26,19,7,10,43,74,41,66,3,78,53,86,45,46,30,3,61,73,53,32,21,6,6,14,3,67,49,9,40,50,6,49,67,28,36,49,2,49,41,7,114,0,24,15,10,27,14,48,110,3,2
92,5,16,9,981,180,766,1235,857,99,1061,1305,679,421,1297,1290,398,829,1494,1173,36,1204,1617,951,393,1528,1615,612,893,1797,1481,114,38,1891,1108,408,1608,1659,593,857,1660,1303,70,1195,1560,853,404,1336,1298,395,763,1310,932,31,939,1150,552,382,977,877,192,11,22,0,6,4,16,10,0,4,5,3,14,8,4,0,2,1,2,1,2,0,1,4,1,1,0,1,3,1,1,0,0,2,6,0,0,1,0,0,2,4,0,1,2,0,1,1,2,3,0,0,3,0,0,2,1,0,2,0,4,2,1,0,1,0,0,0,3,1,0,2,0,1,2,1,0,3,0,1,1,0,0,1,2,1,1,0,3,1,1,4,0,3,3,6,5,1,1,1,1,2,1,0,2,4,1,2,1,1,3,0,4,1,0,0,4,1,0,1,0,4,3,6,2,2,0,0,0,6,1,2,0,0,3,2,5,4,3,1,1,3,0,0,0,5,4,6,1,2,2,6,8,3,1,2,1,4,1,6,3,0,9,5,2,2,6,12,5,5,10,7,1,6,13,5,3,2,2,3,5,0,15,2,1,11,1,3,2,3,9,0,3,4,7,19
6,11,79,22,39,19,213,333,340,283,207,124,1,133,272,368,345,190,47,305,456,429,213,121,402,534,408,82,297,551,562,296,19,494,666,544,167,288,629,687,432,31,479,702,576,137,379,745,738,320,320,888,1081,770,39,804,1383,1387,793,38,8,10,60,46,22,18,17,65,81,55,29,23,25,11,19,22,12,18,42,17,2,11,23,2,12,2,37,25,7,40,48,27,2,5,17,23,13,34,18,39,23,45,15,22,10,13,13,12,28,10,1,30,20,4,0,11,15,21,16,6,12,8,8,5,2,6,1,0,6,7,2,11,12,3,6,17,5,12,9,29,8,44,10,30,6,24,20,31,20,30,1,4,3,38,16,13,36,28,23,16,15,8,10,21,21,1,16,10,19,19,5,12,34,15,21,8,22,4,0,3,26,11,32,19,4,14,18,14,5,14,4,23,1,41,9,29,61,26,21,14,4,48,9,31,15,22,38,7,28,57,4,3,14,2,13,45,29,45,16,28,55,3,5,32,17,45,8,33,33,31,33,37,16,42,36,22,32,16,4,23,2,7,43,19,9,64,47,36,55,24,25,45,42,19,20,36
232,35,230,455,88,375,850,750,466,49,135,216,724,1064,956,471,142,111,442,917,1010,812,64,413,233,268,803,773,220,510,886,631,16,520,388,375,1139,1259,637,44,324,24,706,1296,1141,411,284,399,84,803,1141,810,191,717,722,39,631,728,85,814,1285,810,63,520,326,449,1043,1128,479,357,704,287,545,938,621,182,848,911,206,536,752,32,768,1088,549,300,741,513,232,758,678,144,835,852,111,559,745,55,594,683,176,612,735,190,450,535,90,572,715,178,397,555,210,327,456,9,488,517,88,154,210,102,47,106,18,85,5,15,115,74,118,164,12,472,9,170,65,280,273,114,429,302,36,316,129,338,575,374,139,482,286,236,563,392,253,811,726,125,462,449,190,791,949,405,317,636,297,306,681,470,216,867,855,270,250,402,24,717,1076,782,32,466,321,284,691,746,210,426,705,360,144,449,393,197,629,832,403,130,330,173,354,635,657,214,266,388,81,352,502,585,138,143,217,8,396,629,554,222,142,264,4,384,593,387,50,501,544,213,251,325,31,540,904,784,245,117,103,373,865,867,655,82,261,15,517,897,815,297,197,401,5,368,661,397,10,159
22,0,20,4,93,94,663,132,496,737,371,374,900,824,139,657,1052,824,170,420,637,405,34,141,22,350,463,134,506,978,880,216,171,895,578,125,576,391,270,898,913,258,721,1371,1329,620,352,1050,1221,832,258,229,389,336,273,368,563,597,315,73,53,141,136,11,60,66,78,6,177,2,457,828,686,3,901,1462,1278,430,634,1282,1252,619,94,478,402,117,14,243,644,759,394,359,1034,1187,747,24,18,718,439,158,114,300,415,131,528,1176,1239,545,573,1385,1346,558,398,858,698,241,33,15,39,115,456,665,485,1,47,17,15,33,28,30,27,5,31,40,166,264,174,76,300,311,88,242,422,363,117,141,261,264,171,86,41,183,317,312,111,203,440,374,73,290,100,168,205,400,245,148,493,491,185,235,474,424,186,38,89,41,5,101,283,380,270,32,336,461,288,54,361,27,71,26,94,29,17,94,142,9,3,4,534,368,77,156,240,212,140,128,153,177,76,146,387,463,283,34,301,276,87,118,98,127,366,428,175,205,116,662,476,54,376,585,553,298,37,150,174,157,163,233,303,244,40,256,431,412,169,95,222,136,97,252,215,66,13,82,158,56
219,349,130,273,640,419,181,59,301,183,106,325,331,253,678,387,292,761,558,103,629,890,136,717,1038,240,671,740,59,349,342,28,550,65,173,90,108,184,118,18,138,95,35,104,89,262,192,100,249,558,202,269,314,157,217,341,171,252,468,22,199,237,235,595,0,434,809,1519,367,226,386,178,89,377,209,101,323,230,300,420,21,585,490,48,588,616,194,697,15,317,50,733,176,376,203,171,247,398,21,251,936,501,65,123,245,562,32,186,93,194,192,502,491,119,44,373,32,199,185,844,95,5,130,5,151,321,141,91,81,222,9,54,87,250,106,584,113,238,52,493,89,105,33,602,42,148,141,871,125,290,449,432,69,756,459,261,147,288,810,139,71,668,78,199,222,533,71,209,255,467,698,162,187,411,189,345,77,802,273,6,32,71,220,450,180,526,740,345,19,12,907,177,408,230,278,476,1,150,175,212,350,461,216,601,112,724,70,206,90,111,97,219,329,892,273,322,73,19,722,29,1010,230,699,44,760,197,756,629,8,581,57,671,521,705,219,537,101,137,323,70,481,140,168,310,180,657,153,369,1185,727,653,204,262,484,753,264
63,148,331,137,63,146,143,102,182,4,450,12,40,340,59,73,155,29,217,338,54,99,331,241,60,30,30,147,154,207,95,33,57,41,147,4,214,43,313,186,184,254,56,11,205,67,140,228,108,106,92,150,22,16,234,46,283,90,29,96,4,7,161,245,11,294,355,216,26,396,137,122,82,57,178,1,324,133,273,302,90,102,102,5,179,140,13,273,2,37,311,131,81,143,115,14,29,60,88,80,98,185,26,172,50,140,143,95,140,78,108,5,136,209,192,28,66,168,110,60,94,22,2,18,19,87,144,63,95,42,57,21,2,148,655,829,742,297,315,850,1088,770,15,898,1277,930,92,1254,1938,1629,433,837,1659,1672,999,7,713,805,415,57,122,490,403,91,327,835,1061,751,110,1177,1749,1606,722,356,1171,1481,1392,1100,746,413,123,145,355,612,922,1316,1554,46,92,2,268,47,81,237,119,175,146,112,135,12,148,109,26,188,87,67,48,91,102,362,158,32,213,139,325,404,295,244,19,56,162,77,216,108,46,102,115,168,123,335,461,119,306,160,299,122,372,54,172,220,35,36,116,276,171,11,122,137,26,40,109,66,111,226,44,186
7,29,30,92,9,41,18,28,15,26,15,91,115,27,12,20,14,26,4,35,39,59,63,77,31,68,62,2,95,51,118,52,72,62,59,15,14,23,73,16,58,110,11,68,138,26,53,9,71,16,14,21,40,18,45,9,18,23,54,44,14,4,34,4,5,14,69,41,21,97,249,334,686,336,456,999,825,122,562,711,365,55,163,98,321,121,499,1040,910,31,979,1375,899,109,912,1047,59,206,591,437,13,249,129,199,338,117,268,474,296,52,289,245,73,21,18,70,29,242,325,116,238,419,266,7,33,3,2,7,13,14,2,0,16,15,14,9,9,7,8,60,46,8,19,35,41,16,26,44,10,44,6,21,2,44,57,25,47,5,91,24,15,28,55,33,27,30,58,20,11,11,68,16,24,16,50,16,91,32,16,11,39,36,3,37,42,70,2,9,21,47,70,4,46,18,106,16,17,45,37,44,46,33,9,38,12,1,36,104,16,59,17,20,41,19,2,96,21,7,77,49,57,39,35,59,59,76,27,15,70,13,18,29,18,2,31,40,18,123,32,0,2,33,30,30,33,47,28,66,30,14,69,39,42,4,27,33
73,174,92,493,403,508,875,566,226,397,4,249,109,551,490,252,961,784,136,912,793,52,569,476,65,193,265,600,74,1053,1031,143,1114,1218,34,1077,949,19,545,140,352,42,680,807,20,988,1213,311,939,1202,249,702,583,211,511,101,800,596,539,125,272,705,362,245,862,247,762,463,23,35,296,97,549,485,320,840,304,676,829,34,757,627,230,665,197,492,446,296,765,296,644,913,52,835,611,376,507,36,671,450,381,701,164,543,422,285,474,129,570,154,499,441,182,498,79,423,301,268,471,72,308,252,6,35,102,113,102,28,12,53,144,42,170,361,54,153,86,265,20,343,159,298,385,16,373,373,26,313,162,208,148,403,496,317,940,386,680,819,42,525,164,102,227,59,283,1,518,477,326,891,453,510,1002,553,419,987,530,443,699,6,545,97,632,667,246,1243,1082,588,8,54,469,215,74,789,543,237,275,33,618,226,299,602,400,150,483,343,18,237,261,22,324,183,386,587,55,620,720,127,550,678,143,339,218,177,778,496,567,146,862,712,25,659,695,226,315,432,146,49,63,161,55,391,419,152,317,666,457,163,620,547,87,243,79,96,518,9
10,0,2,6,1,0,603,1024,1048,709,99,538,1027,1265,1191,884,406,77,437,595,494,161,243,563,644,415,60,632,1129,1402,1353,1017,4,202,755,1054,1028,665,26,650,1162,1351,1125,584,97,715,1129,1240,1057,688,218,177,412,402,148,248,632,842,761,6,2,2,5,5,3,0,1,0,3,1,2,0,2,1,3,1,2,4,2,0,4,1,4,1,1,0,0,0,0,0,0,1,0,2,2,1,0,3,0,1,0,0,1,2,0,1,0,4,0,4,1,0,0,2,0,2,0,0,1,2,3,0,1,2,2,0,0,0,0,0,2,1,2,1,1,0,0,1,3,2,1,0,2,2,1,1,0,0,3,2,0,3,1,0,1,1,2,0,2,0,1,1,6,1,0,4,0,0,2,4,2,2,0,1,0,0,0,1,0,1,0,3,1,0,0,2,0,0,0,1,0,3,0,1,2,0,2,0,2,1,1,0,2,3,0,3,0,2,1,1,1,2,1,0,0,3,1,0,0,5,0,4,3,2,2,6,1,1,0,0,1,2,1,1,2,4,0,3,0,0,1,2,1,0,7,3,0,1,0,2,5,0,0,0,0,2
26,109,201,293,744,514,300,71,244,242,196,520,125,521,453,240,737,290,506,650,25,716,899,212,1053,653,529,584,97,511,319,65,282,220,98,201,136,105,252,145,220,121,58,71,94,146,297,31,368,364,302,430,24,412,432,77,333,252,226,425,2,271,189,771,274,362,92,548,282,54,393,447,36,98,292,684,277,198,612,427,291,933,532,474,546,133,9,91,1136,455,661,344,164,189,514,428,186,1,126,711,35,346,1206,144,547,39,345,153,702,374,462,82,233,469,549,269,112,250,385,98,12,60,208,106,68,68,14,123,20,51,138,141,130,155,109,12,1,78,198,452,684,112,295,522,614,349,131,232,264,168,39,228,74,96,110,908,92,85,355,704,35,119,244,164,812,560,365,691,415,625,517,99,254,314,297,815,97,594,182,338,366,209,492,650,52,351,449,222,244,322,56,597,926,348,517,857,99,16,31,501,709,463,1214,228,700,932,584,917,382,123,487,54,159,68,602,1088,104,358,47,297,922,248,794,167,57,460,721,149,874,614,785,570,174,299,482,875,92,157,59,414,926,330,552,4,51,190,725,698,188,213,248,102,7,261,141,219
0,8,45,45,15,34,253,62,371,606,727,698,523,225,131,495,769,934,948,841,637,383,134,52,151,128,12,261,553,835,1020,1062,65,650,264,130,460,661,678,515,219,188,609,992,1263,1407,1408,1290,1094,846,593,389,244,180,202,303,457,626,744,16,122,36,47,111,46,98,13,180,14,54,455,748,1012,1228,1361,1379,1263,1012,659,259,105,387,517,487,320,66,219,465,611,637,533,316,32,269,538,701,68,688,524,302,83,73,120,14,236,598,999,1349,1538,1523,1299,922,485,98,149,226,154,0,138,195,125,60,305,58,15,12,1,37,74,10,0,82,22,2,33,163,254,284,255,172,54,77,200,302,360,384,371,343,301,270,253,250,237,208,131,11,140,288,393,418,30,200,2,202,365,455,458,388,263,104,45,169,232,236,183,86,14,100,138,107,15,126,268,385,456,460,411,57,132,27,32,31,72,17,144,24,154,162,64,218,311,322,275,193,91,27,1,22,86,181,280,347,401,395,328,219,76,82,216,287,295,221,97,84,47,448,576,649,663,624,556,467,373,277,195,136,131,175,256,360,454,499,481,390,254,111,17,92,135,146,152,101,95,57,61,51
55,16,159,133,329,0,101,71,311,21,383,69,219,361,296,488,92,269,164,24,308,312,39,22,282,61,27,149,41,248,17,188,316,48,163,35,84,41,290,109,64,311,214,217,23,2,48,274,1,200,43,316,251,23,125,230,270,112,267,12,24,30,131,12,145,11,226,217,88,421,137,12,67,63,57,70,32,31,40,95,89,23,37,126,234,88,166,76,143,178,30,99,51,42,210,80,55,1,85,218,60,70,192,34,35,277,18,79,65,74,93,170,194,57,102,6,126,19,26,17,5,168,7,79,6,33,16,36,15,49,9,4,143,18,367,185,260,301,25,162,124,85,81,175,439,127,632,724,288,1116,499,862,1003,55,891,594,266,559,98,232,16,222,1,503,350,597,1016,26,1185,951,504,1067,305,450,334,138,218,61,538,857,2,1148,1009,432,1440,712,693,59,27,224,56,183,29,421,69,11,147,8,42,113,193,264,72,124,5,381,92,12,311,319,210,90,404,96,234,201,60,58,8,8,218,195,126,269,326,426,148,180,75,193,11,31,94,225,131,40,443,195,176,109,53,259,189,18,184,18,247,216,36,24,203,119,15,117,239,113
255,27,1,2,695,1188,867,22,947,1268,747,304,1192,1297,548,601,1409,1271,279,955,1568,1159,56,1291,1662,935,456,1592,1665,613,909,1845,10,182,1305,1842,1148,289,1497,1650,696,696,1571,1347,246,1011,1493,982,183,1176,1309,586,510,1197,1030,205,717,1094,707,107,809,16,1,0,5,0,2,0,12,5,1,1,17,3,0,11,3,4,6,6,0,2,3,2,0,1,8,2,1,2,0,3,5,3,3,2,1,1,3,0,1,2,6,1,2,0,7,3,2,1,2,3,4,1,4,0,2,1,1,2,5,0,1,1,0,1,3,1,0,0,4,3,0,0,3,0,2,1,2,4,5,2,4,0,0,3,3,0,1,2,1,1,2,3,2,1,3,1,0,6,0,3,1,2,2,1,0,0,4,0,0,0,1,4,3,1,2,5,2,0,1,1,0,2,0,2,1,4,1,0,0,3,1,1,0,3,4,2,8,3,10,3,5,4,4,5,7,5,8,5,1,0,6,2,7,1,6,8,3,15,2,9,4,4,3,3,6,8,5,3,1,0,8,2,7,6,2,8,3,4,5,4,6,15,2,1,5,20,15,3,3,6,11,14,13,23
56,44,26,868,126,482,737,353,572,435,195,373,90,211,325,166,288,485,205,806,458,487,655,146,633,530,303,443,196,211,485,109,53,389,282,483,333,167,559,334,369,626,117,572,729,117,869,252,711,819,296,766,55,727,309,434,291,152,468,543,369,70,651,251,362,427,372,116,668,310,1006,224,80,149,75,219,328,684,570,361,459,254,431,226,1134,90,464,458,425,363,461,72,462,688,330,279,8,140,216,299,157,354,110,167,424,140,196,474,271,443,323,403,251,331,143,489,565,775,547,95,170,40,8,89,345,106,150,33,213,311,171,2,226,37,238,284,150,243,862,33,30,124,8,253,49,37,740,514,53,6,23,40,354,216,405,224,494,46,133,698,118,432,465,2,531,161,58,356,366,264,39,37,629,281,1012,199,371,967,837,1273,808,321,184,106,355,85,299,220,472,132,127,845,100,445,106,473,720,58,700,261,265,539,887,203,66,756,98,324,598,547,451,437,115,43,645,224,206,188,532,458,15,115,749,122,578,576,221,1319,119,245,464,255,406,369,1022,362,4,418,126,719,344,137,468,551,320,402,726,348,41,44,62,497,87,140,5,43
6,6,42,7,7,48,110,11,31,20,67,159,13,7,9,10,78,10,37,57,123,137,22,70,0,49,109,49,15,47,33,36,1,23,96,20,28,112,64,63,62,23,64,16,58,12,118,23,114,40,37,70,29,42,8,44,71,102,38,42,52,12,42,54,74,37,22,32,16,91,237,62,376,667,950,1127,1198,1150,1004,754,444,108,234,498,666,712,653,499,281,21,317,594,820,964,970,840,51,321,24,196,353,407,371,274,148,13,153,272,320,283,173,1,196,348,459,479,414,261,75,111,244,277,225,50,8,38,23,10,31,14,13,8,13,6,11,8,21,9,10,3,11,160,52,22,7,70,28,47,64,32,52,14,62,27,68,23,24,18,16,16,23,48,21,95,76,65,6,6,64,27,46,32,71,26,78,5,21,49,45,32,5,32,61,5,2,32,1,25,54,12,102,87,87,11,60,30,85,5,52,19,35,65,146,41,35,49,12,75,113,14,31,20,12,86,108,25,12,11,59,88,111,71,66,31,42,103,1,28,50,46,18,24,40,51,95,93,20,109,67,82,57,39,30,9,107,66,26,71,3,53,29,21,31,17,122,66
30,36,285,659,865,230,228,265,88,659,257,428,50,463,565,691,280,1443,69,241,703,372,1251,52,755,118,328,16,293,965,95,128,387,654,102,230,511,349,147,7,786,454,115,481,85,749,575,682,250,234,884,249,502,77,824,85,318,97,127,194,601,178,140,171,101,323,420,333,211,942,495,752,490,395,239,983,391,253,482,75,9,56,266,534,631,40,467,90,138,81,279,366,126,28,180,54,351,178,83,282,284,172,186,385,209,304,391,56,142,137,140,256,375,284,407,72,197,464,52,865,524,689,763,199,20,184,127,8,46,363,85,371,98,178,157,221,9,2,68,414,564,997,508,227,164,389,35,32,671,222,205,179,49,515,508,264,144,236,164,119,63,384,222,646,670,1135,181,2,445,258,314,410,160,396,60,189,32,268,32,9,584,40,1388,764,310,271,992,493,726,743,37,857,903,439,142,39,332,681,938,153,724,89,144,366,562,85,858,963,540,108,365,679,145,531,247,92,46,837,19,1555,724,899,64,5,445,528,874,194,1482,612,524,174,37,30,192,67,394,854,430,136,988,71,440,979,382,404,771,129,740,391,304,82,250,405,685,272
431,828,45,724,608,64,720,708,216,90,60,550,1064,788,89,477,418,125,267,301,982,1317,837,12,197,195,645,484,426,1156,1150,435,195,138,946,1273,442,779,942,471,315,237,566,1242,1059,85,777,503,282,721,27,1078,1293,556,445,599,186,904,416,644,1364,918,107,573,21,758,881,30,1048,1076,247,402,199,626,1229,469,615,941,361,515,451,368,1038,646,398,883,394,304,555,109,858,633,323,948,554,350,587,99,680,454,441,835,356,436,514,81,518,105,661,665,61,524,259,207,237,278,651,260,255,298,99,305,76,258,25,288,237,58,311,16,175,74,18,182,162,113,51,293,297,136,412,274,83,120,268,539,183,432,621,193,264,126,609,778,50,716,754,24,398,22,739,846,95,756,799,74,406,76,767,957,395,526,799,269,381,281,599,1145,805,127,670,320,358,399,163,834,889,366,294,298,145,401,250,415,778,594,27,246,61,398,503,169,356,558,294,135,148,142,430,426,181,186,276,59,484,482,8,505,464,122,59,222,830,862,545,247,354,166,263,0,571,1090,945,357,82,34,429,527,30,791,889,720,290,80,545,829,715,101,573,610,152,270,16,796,1100,351
8,100,84,73,98,86,649,465,220,63,342,605,807,931,962,910,771,590,381,168,2,119,179,138,30,141,365,592,807,958,1038,1002,20,630,322,15,340,612,803,893,858,743,539,286,16,234,446,595,660,667,592,468,303,141,24,169,270,336,357,124,21,15,204,47,43,23,20,30,15,118,196,426,685,944,1180,1369,1474,1500,1442,1308,1112,884,627,398,203,74,11,40,136,302,501,716,910,1048,1119,1098,107,799,563,305,69,99,184,158,14,222,511,816,1082,1259,1322,1272,1115,889,642,408,255,182,203,296,431,573,684,16,26,16,11,8,48,17,22,59,13,5,168,103,15,91,193,282,354,391,396,369,322,273,227,194,186,202,229,249,257,239,189,110,2,106,225,292,133,307,236,118,18,170,305,407,468,482,452,383,299,207,117,69,43,47,95,164,251,342,410,449,450,398,297,59,74,48,72,62,24,84,103,80,24,138,453,341,236,144,62,31,22,50,107,176,256,324,364,377,345,275,177,52,69,163,245,274,260,202,122,13,112,222,324,414,467,484,472,417,343,242,128,3,88,176,218,229,205,145,74,17,92,156,195,206,184,132,70,88,107,51,45,54
148,225,89,190,84,29,333,571,376,526,183,133,265,375,163,731,809,238,86,21,366,1095,694,667,305,405,341,531,427,741,585,1,15,631,205,249,481,50,73,245,203,383,629,724,76,266,569,639,323,469,315,611,98,201,256,297,56,475,339,639,128,445,82,191,169,198,292,409,247,251,710,745,115,825,1284,821,212,861,848,520,185,657,729,187,462,707,277,215,597,329,163,384,176,193,480,87,165,709,543,50,863,1289,790,215,1059,1122,225,325,640,402,112,296,92,241,424,144,388,796,562,130,829,842,204,351,106,163,124,142,205,263,6,40,209,4,677,84,307,389,71,26,169,359,513,93,60,343,485,50,197,74,168,10,81,265,181,733,123,365,277,33,339,386,621,102,164,305,575,10,483,147,479,821,125,214,211,309,551,349,111,463,335,439,439,27,15,446,365,317,228,769,83,919,223,795,831,177,805,209,339,212,175,174,285,583,375,391,154,525,316,367,347,463,437,131,699,92,653,473,835,139,359,837,649,939,206,283,497,999,687,715,965,1245,172,357,585,697,428,248,336,350,58,475,489,239,171,391,413,321,937,69,562,67,529,75,649,651
32,6,225,223,125,472,591,299,498,93,313,205,446,406,732,115,1048,612,889,1207,158,1420,689,810,1021,160,828,453,202,236,24,160,357,462,741,103,1003,492,667,711,286,665,20,408,33,251,190,445,94,588,93,492,233,254,241,38,187,139,598,437,243,739,423,1886,129,33,811,43,35,347,791,399,322,318,97,423,286,412,142,571,559,22,232,1019,733,1504,514,1075,875,65,462,583,457,74,731,99,519,195,163,711,35,190,711,352,757,77,3,15,580,326,949,203,485,167,216,161,23,44,50,405,137,92,256,171,85,479,183,78,32,463,6,179,221,15,177,203,649,189,173,71,167,61,483,257,599,62,4,737,95,911,51,102,379,128,967,256,118,941,256,201,348,723,274,155,771,179,111,350,321,136,523,252,217,335,729,69,241,295,107,513,56,633,33,473,109,625,608,947,383,168,128,26,54,1277,407,192,304,883,685,707,110,145,407,999,729,263,28,159,209,813,755,397,737,117,597,181,304,643,327,19,1231,481,454,307,257,67,379,953,631,61,589,72,75,166,300,431,847,220,339,569,721,41,59,1001,547,423,661,243,287,8,473,107,259,63,147,155
7,4,78,387,204,195,326,505,379,50,541,688,335,250,573,348,52,171,130,421,146,518,922,629,154,789,947,501,160,623,567,144,449,52,351,171,507,999,674,295,1054,926,105,604,596,83,243,85,312,365,76,619,686,153,566,832,405,445,865,259,174,245,220,226,137,62,50,292,132,166,1016,197,633,676,46,497,403,146,455,189,310,490,73,498,586,65,584,665,128,503,590,49,459,362,180,486,112,330,467,18,428,296,273,540,160,464,626,134,442,489,56,276,133,147,134,148,272,22,263,193,103,221,38,48,85,123,79,159,88,34,21,47,4,34,225,7,179,117,83,148,12,115,34,205,116,208,441,274,220,566,383,128,454,253,208,325,50,447,283,274,146,272,407,623,156,495,663,150,479,602,158,344,378,47,389,185,364,653,278,416,742,429,157,444,306,37,28,107,99,5,250,374,372,50,351,79,284,183,589,376,109,312,103,136,174,4,186,269,148,137,370,299,27,284,181,105,198,20,360,397,13,511,687,330,61,563,408,54,133,26,58,102,373,488,242,259,687,686,220,419,732,538,29,430,330,0,67,198,311,101,652,41,265,241,188,84
2,15,59,63,39,75,379,373,882,826,225,556,1097,1095,588,168,843,1174,1061,603,79,297,359,98,215,311,9,625,1123,1270,869,69,8,1093,902,275,477,880,689,78,1065,1738,1747,1030,23,1007,1577,1599,1224,647,97,284,390,360,317,429,663,927,1041,2,119,23,22,132,44,49,18,30,68,85,19,16,75,59,54,57,63,2,1,9,2,39,16,71,8,78,33,25,25,25,26,105,28,12,51,89,53,42,15,7,22,39,42,26,56,33,59,8,85,49,50,112,28,19,32,40,0,49,47,36,15,57,7,7,16,7,42,0,36,7,23,14,28,14,15,5,46,9,15,14,12,11,4,42,26,137,91,19,9,23,8,40,50,8,81,14,46,59,16,21,26,8,35,11,50,5,56,68,50,15,46,39,95,14,57,33,32,26,37,1,30,32,53,71,49,36,66,146,60,21,5,1,59,4,71,56,26,20,22,134,64,47,21,157,143,54,26,133,19,37,82,42,12,43,36,96,141,47,43,49,40,29,57,106,139,64,63,1,42,87,44,182,50,77,16,7,28,54,4,54,43,33,46,94,119,15,26,70,101,104,99,80,61,15,6,15
11,3,13,16,11,17,429,147,153,298,272,100,131,314,290,22,306,405,148,266,462,224,248,503,267,274,550,267,316,594,260,366,9,275,393,690,300,406,713,305,408,706,259,455,685,168,564,702,42,745,793,61,982,965,113,1214,1206,24,1325,12,20,9,22,64,43,28,38,21,17,51,4,19,41,47,10,15,10,41,8,6,8,1,0,17,4,48,8,31,2,55,11,16,19,19,10,20,13,5,22,12,18,13,13,53,16,23,3,35,9,45,11,13,14,34,23,6,0,2,0,17,6,21,3,18,21,15,2,18,15,9,2,1,2,1,13,14,5,9,26,15,0,15,7,3,11,31,2,16,21,48,32,5,38,12,13,44,16,15,47,40,24,18,17,15,39,9,52,13,38,28,23,85,28,52,59,2,19,19,26,27,53,48,44,33,54,5,19,40,25,5,14,7,1,0,16,3,32,14,50,6,42,41,104,23,19,33,19,2,18,17,34,4,6,32,4,21,11,19,4,11,30,3,12,55,4,46,6,58,29,26,4,41,30,30,1,28,40,4,18,21,2,15,23,39,19,40,34,9,23,48,52,30,30,5,24,19
4,23,40,71,14,46,502,581,314,170,588,655,321,270,802,997,759,228,316,617,605,342,52,59,88,364,551,447,14,553,951,939,66,134,610,663,276,307,697,616,67,686,1245,1317,849,65,717,1176,1204,891,438,61,131,156,135,167,296,489,657,22,49,21,5,1,0,47,9,19,140,21,668,777,492,98,808,1323,1402,988,230,562,1065,1095,747,273,26,24,182,335,239,147,662,1052,1100,775,196,386,1,760,521,241,140,262,469,502,167,487,1152,1442,1125,302,610,1179,1160,686,119,223,254,160,168,347,538,529,239,20,6,23,18,59,3,19,0,2,32,36,49,142,268,228,19,238,406,360,135,144,329,365,281,159,56,38,148,279,362,328,143,137,373,421,244,74,52,373,170,160,417,447,227,113,399,486,364,108,111,195,137,30,20,68,224,319,259,18,276,483,483,291,6,34,60,50,42,54,74,49,33,60,76,23,222,27,180,308,327,243,135,72,82,131,140,25,180,365,439,311,72,163,228,105,115,283,278,69,261,539,30,528,231,111,383,514,487,362,186,17,96,138,121,96,133,235,331,334,181,68,284,358,239,27,138,149,3,48,47,28,96,90
14,30,30,44,73,15,40,88,224,195,90,44,352,95,167,383,29,200,189,164,50,85,39,65,67,174,203,240,282,136,9,276,247,326,504,82,33,37,47,383,26,268,130,265,1,306,229,292,77,282,297,234,51,236,1,261,188,237,22,182,139,5,314,66,157,8,23,40,103,85,8,250,35,33,313,164,56,299,209,183,231,63,302,59,136,49,310,266,87,23,74,206,68,119,1,108,136,19,13,22,56,230,39,120,57,99,362,120,158,4,70,57,113,57,53,42,8,213,43,64,60,66,54,5,101,73,35,4,26,70,30,67,4,28,94,291,709,950,780,233,418,1009,1031,425,581,1353,1444,681,680,1792,2011,1235,17,983,1398,1065,298,400,610,361,92,368,547,540,301,85,615,1135,1171,519,542,1473,1740,1383,622,225,804,1133,1163,1049,823,572,518,431,414,91,438,108,255,320,23,95,234,178,174,311,233,158,233,57,117,172,193,101,302,171,445,101,462,11,251,29,70,81,66,35,22,85,50,95,90,448,70,186,251,6,5,78,147,35,140,15,321,309,213,268,275,19,286,71,4,168,248,141,26,23,71,8,2,177,416,113,60,63,243,67
0,9,18,12,63,31,153,21,42,28,50,16,65,41,40,11,2,25,46,21,3,97,51,0,44,17,19,70,52,48,11,26,47,83,63,54,3,48,16,78,7,62,38,7,4,37,10,7,2,4,82,43,51,20,7,47,14,62,25,12,5,6,33,54,104,0,116,40,106,5,360,224,65,102,262,391,479,511,523,491,428,317,168,11,235,476,722,951,1153,1277,1370,1386,1373,1306,1219,1098,16,815,639,466,273,81,102,250,377,461,499,489,431,363,284,204,128,59,27,12,31,83,143,220,294,357,373,44,1,12,4,7,4,11,21,4,0,3,19,15,3,35,14,21,25,59,1,28,19,16,2,14,2,23,42,0,21,12,6,34,25,35,55,2,26,39,14,48,12,10,17,40,24,3,40,55,28,17,1,30,51,115,32,37,26,54,40,28,4,30,9,13,54,9,19,26,55,30,2,59,16,21,6,58,0,16,30,77,58,22,10,22,0,47,61,25,78,93,13,44,23,66,61,21,11,88,2,2,31,8,1,61,3,28,65,19,4,43,46,5,20,3,47,51,30,46,89,13,71,35,7,77,12,73,12,48,78,2,29,2
161,41,9,3,906,1086,1187,1242,1196,1101,910,693,402,67,279,616,950,1213,1405,1529,1561,1504,1335,1076,756,367,68,516,962,1341,1637,1830,17,1833,1632,1324,936,509,54,410,819,1150,1401,1533,1569,1488,1311,1068,757,402,49,310,635,862,1048,1126,1133,1057,906,723,499,28,30,31,23,21,2,17,8,1,2,10,2,3,6,0,4,3,11,1,8,1,4,4,7,3,1,4,9,6,1,4,5,5,2,7,1,5,1,0,4,9,3,3,0,1,3,2,2,6,6,1,0,1,0,3,4,5,2,2,2,0,1,4,3,3,0,3,1,4,2,1,3,6,3,2,5,4,0,1,1,0,3,4,1,4,1,4,0,1,4,2,3,8,1,4,0,0,0,4,3,1,0,0,3,0,10,0,0,3,5,2,5,0,1,2,1,2,1,2,1,2,0,5,1,0,0,0,2,0,1,2,2,0,2,4,1,4,1,0,8,6,8,2,12,3,3,1,3,5,4,5,5,1,6,6,3,2,3,7,8,2,7,0,8,5,9,11,6,0,5,5,2,5,8,17,1,3,6,1,5,0,8,5,6,10,6,9,12,16,17,12,20,27,14,7
2,0,1,1,1,2,781,1074,524,460,1234,1261,540,428,1124,1192,664,123,693,727,269,275,446,44,629,1041,829,27,965,1473,1195,285,2,1267,1070,245,688,1104,725,255,1150,1353,665,447,1336,1471,822,131,883,1026,628,21,479,432,42,535,607,104,650,1,5,8,0,5,7,5,3,0,4,2,0,1,5,1,2,1,2,4,1,0,1,0,3,0,1,1,0,2,0,0,1,1,2,4,4,2,0,2,2,5,0,1,2,0,0,1,4,2,2,0,1,3,2,0,1,2,1,0,1,0,0,0,1,0,0,1,0,2,0,0,0,0,0,0,0,2,1,1,3,1,1,1,1,0,1,2,0,3,0,0,1,0,2,1,1,0,2,0,0,0,1,2,0,1,2,1,2,3,1,0,0,1,0,3,1,3,0,2,0,1,0,0,0,2,1,2,0,0,1,1,0,1,2,1,2,0,3,3,0,0,0,1,1,2,1,2,1,1,0,2,0,0,0,1,1,1,0,3,1,1,1,6,9,1,1,5,3,2,1,5,2,0,3,0,4,2,0,3,0,0,1,3,4,0,4,0,2,1,1,1,2,3,5,2,1,4
643,785,39,522,482,361,901,612,24,192,452,640,0,933,960,101,302,195,687,138,902,1284,444,479,125,413,361,742,1366,801,257,583,147,423,383,1198,1124,155,748,354,354,96,907,1153,142,842,650,174,360,605,1151,414,892,1105,125,529,71,889,549,786,1211,286,666,283,736,698,494,1140,507,630,640,400,665,180,1065,615,659,886,98,774,81,904,563,674,1080,15,814,305,679,524,522,863,104,921,362,662,591,454,773,187,933,290,700,521,504,475,369,671,85,689,254,457,286,337,244,346,338,205,366,140,189,160,167,12,531,25,118,70,116,223,63,99,53,102,98,309,88,410,136,530,164,414,292,270,200,415,501,160,651,217,399,66,542,407,516,866,169,560,289,529,332,643,974,81,777,386,402,311,531,864,62,850,681,154,399,295,692,109,800,836,40,355,11,542,209,602,941,265,472,334,212,263,427,807,418,384,467,56,330,46,611,504,150,384,84,312,237,287,550,272,281,305,51,398,4,563,470,32,449,201,268,79,573,878,298,483,483,84,182,417,800,486,422,855,393,134,161,803,687,228,777,545,47,91,551,662,62,782,755,269,135,215,710,235,610,379
40,20,153,7,111,197,115,202,467,628,618,443,144,228,579,845,971,923,755,503,253,48,60,47,86,291,535,732,841,823,650,361,37,314,554,622,508,210,190,616,970,1183,1215,1073,796,448,91,222,457,587,625,565,441,302,170,103,123,236,415,126,40,76,56,1,167,70,48,144,16,51,95,135,449,787,1106,1366,1480,1455,1275,972,597,234,64,226,240,100,135,388,587,660,586,364,44,286,562,717,54,646,472,278,121,55,111,291,588,927,1234,1414,1397,1159,766,292,137,426,520,446,282,125,64,133,306,519,698,44,43,20,35,36,13,59,61,42,69,21,139,12,155,259,303,286,204,84,53,179,263,311,319,310,288,273,263,263,245,198,95,40,193,318,390,373,26,105,95,282,415,477,437,313,147,40,205,296,317,264,171,81,18,29,101,200,320,406,448,413,314,155,45,35,111,4,16,60,84,154,15,21,35,26,494,433,360,285,213,144,106,86,103,151,229,290,311,274,177,37,97,186,194,119,29,193,336,429,442,377,227,148,18,96,197,267,325,368,360,325,255,164,93,62,93,182,303,414,469,448,352,218,72,49,113,130,116,19,15,45,34,2
3,145,0,295,53,333,275,426,160,614,245,481,569,59,487,211,134,101,23,204,260,259,645,174,691,693,224,821,324,413,422,38,184,122,195,567,88,868,719,551,1132,123,947,611,407,605,15,276,25,68,292,231,430,582,259,877,110,911,525,300,196,61,11,207,339,29,283,96,31,447,605,120,653,331,532,513,310,500,188,440,159,457,147,532,55,599,108,558,281,445,373,305,377,223,368,149,312,116,320,126,318,147,369,149,428,47,445,40,360,75,238,45,173,46,146,99,139,157,133,210,156,266,203,28,13,120,95,5,9,17,76,0,8,82,338,111,209,89,91,37,85,153,165,172,244,142,252,107,256,121,284,101,309,25,288,31,199,20,164,118,175,125,424,70,460,319,319,440,113,366,14,258,87,287,161,458,42,570,221,499,422,273,471,8,359,121,225,406,162,143,123,389,374,38,59,100,240,50,112,69,44,100,36,182,103,207,202,88,243,61,148,127,12,51,4,60,153,36,311,345,176,628,259,502,176,31,542,312,92,144,218,342,60,564,639,176,896,549,455,882,237,584,565,52,327,82,57,271,1,690,543,133,28,182,365,6
63,236,50,54,353,851,82,110,92,128,62,189,424,297,64,366,508,333,174,397,776,744,225,559,838,792,51,568,713,309,29,437,44,172,4,175,328,74,46,111,46,246,187,75,247,261,227,178,431,464,319,181,502,606,248,49,382,380,325,69,143,585,213,257,147,176,154,456,102,494,69,402,652,1138,931,36,782,39,113,280,519,66,804,273,686,99,407,174,151,6,234,290,571,16,150,149,1080,44,271,21,489,237,356,603,787,139,163,113,485,315,484,299,266,465,167,282,64,500,362,10,525,175,215,92,193,326,111,88,236,47,179,2,234,123,431,22,18,89,56,1,87,30,509,54,200,164,14,592,660,386,285,549,39,97,45,358,673,272,16,347,621,628,254,385,757,315,874,327,85,36,608,479,238,341,66,965,383,900,44,446,464,22,186,336,801,111,588,264,380,1777,276,519,165,553,22,466,564,199,26,520,308,945,102,375,141,936,671,306,698,945,517,257,303,141,1266,498,309,292,497,629,1600,319,18,4,861,798,28,668,411,528,608,776,469,393,384,31,577,29,56,927,469,132,720,231,86,262,149,701,200,314,489,265,154,840,521,564
36,401,1006,570,369,1073,236,675,652,136,242,20,273,271,527,315,106,360,938,532,87,318,661,613,418,64,344,553,625,392,150,98,108,486,504,420,243,259,314,579,426,194,156,599,728,598,248,410,765,987,612,21,635,858,496,94,498,537,151,709,792,592,53,92,579,212,37,338,346,324,74,420,119,749,1264,307,361,140,464,576,394,289,335,294,183,223,369,114,478,796,188,327,533,495,49,542,92,129,833,93,112,151,127,131,469,108,63,651,70,148,304,53,43,441,68,362,206,213,403,53,507,460,102,105,198,125,400,73,63,47,105,272,285,2,203,372,321,15,217,25,78,449,394,713,441,255,263,263,192,306,244,250,331,118,29,382,575,91,744,307,155,32,262,747,141,112,421,340,82,408,146,75,487,178,952,75,87,13,245,623,437,227,34,302,578,1020,73,183,563,178,18,720,53,390,241,561,324,659,452,749,216,80,164,16,223,594,939,328,254,334,21,82,271,9,341,34,372,733,372,891,556,864,264,47,140,210,938,26,279,140,294,305,1254,208,973,157,326,103,347,938,198,637,81,817,598,498,834,31,599,335,190,339,174,45,628,210
40,1,26,39,12,99,420,485,553,620,662,682,664,619,546,455,363,270,191,123,63,21,13,34,40,42,19,21,84,156,228,315,51,461,532,571,613,634,645,637,629,593,553,506,453,404,367,343,325,314,321,326,332,336,338,338,336,330,322,133,111,69,85,60,165,34,208,15,56,40,203,217,221,231,237,243,240,230,213,185,151,117,75,48,31,24,30,52,79,104,142,180,212,241,269,270,55,223,170,76,51,193,367,554,754,935,1097,1235,1327,1362,1337,1256,1124,949,745,534,333,161,31,57,104,119,113,52,0,34,24,0,1,37,36,43,55,38,104,33,57,147,230,300,352,382,389,377,351,322,291,270,253,245,252,265,290,320,354,387,417,430,439,415,143,319,244,164,70,15,93,161,219,252,258,255,223,182,115,32,55,150,239,320,389,436,469,480,463,434,384,87,70,92,30,31,45,170,8,64,9,137,390,376,331,274,202,123,44,37,113,192,257,309,364,400,415,410,371,300,210,90,37,176,289,398,488,542,71,587,580,560,527,470,414,342,264,180,99,1,84,176,262,343,409,452,469,455,415,348,248,139,23,81,170,52,90,9,91,61
50,639,187,707,128,531,344,1033,469,397,399,223,409,557,541,885,511,194,536,98,322,335,128,434,219,347,501,26,307,235,111,379,665,332,267,12,737,207,463,585,8,209,309,0,1061,475,323,1539,691,425,367,191,919,251,257,829,221,177,153,1861,359,73,779,833,845,419,237,355,309,240,706,1006,90,1242,1066,518,1322,646,335,874,259,503,682,12,658,281,591,508,218,729,193,582,466,465,611,53,32,460,575,1076,306,1074,1266,102,1301,854,541,906,172,524,316,238,221,234,355,197,705,490,446,927,292,727,877,13,123,255,157,78,60,323,101,89,180,59,133,420,501,21,445,205,315,72,631,511,483,607,134,81,132,195,314,647,211,6,953,283,81,5,290,121,943,373,543,645,281,359,90,385,391,719,264,132,21,677,47,128,751,497,483,1167,671,457,349,651,133,269,815,108,235,395,105,91,1677,208,50,399,705,187,48,661,87,239,295,389,857,335,276,340,125,699,555,927,528,377,373,17,84,78,21,412,177,491,553,28,501,143,165,491,317,475,459,130,237,446,297,295,317,52,709,156,404,361,140,625,420,915,50,37,136,225,63,503,55,449,759,565
17,0,16,15,1157,1133,802,261,390,950,1278,1260,899,274,443,1098,1442,1403,983,291,540,1251,1611,1551,1053,252,662,1426,1796,1674,1083,167,24,1592,1868,1625,950,14,911,1526,1689,1380,716,145,952,1415,1471,1136,487,290,915,1272,1231,858,271,375,862,1088,964,607,100,1,12,13,2,9,4,8,10,0,5,6,3,5,0,5,0,1,1,1,2,1,3,3,2,3,5,3,1,1,0,4,4,3,3,1,2,1,7,1,0,1,2,2,2,0,1,0,0,1,0,4,6,3,3,1,3,1,0,1,0,0,0,1,1,1,1,0,0,2,1,0,1,2,1,1,3,1,0,4,4,3,3,3,1,3,2,0,1,5,0,3,2,3,0,3,1,3,1,4,0,4,3,2,5,1,5,1,0,1,3,2,0,0,0,3,4,1,2,0,0,0,0,0,2,0,2,4,0,2,2,1,5,0,1,2,5,5,5,3,2,2,8,3,3,1,1,3,1,3,2,1,3,3,2,0,0,4,1,8,0,2,0,5,4,0,4,7,5,4,8,3,13,5,3,7,0,2,3,2,3,4,9,6,3,6,5,0,3,1,5,1,0,0,7,18
14,39,15,2,39,47,712,738,491,51,415,750,846,704,366,51,444,705,793,708,483,213,8,108,9,254,572,811,844,667,293,180,9,827,792,526,79,410,802,941,767,331,279,832,1226,1347,1242,970,618,305,33,110,136,60,31,110,93,20,232,28,43,75,92,10,39,24,12,66,17,18,0,88,18,21,13,16,7,53,104,37,43,20,49,46,10,48,23,0,53,9,52,2,3,12,35,85,5,8,6,66,7,25,17,59,48,26,1,45,30,8,30,5,8,11,9,1,44,7,34,55,3,1,23,1,13,26,5,22,16,1,14,35,39,14,1,31,6,1,22,8,19,3,4,4,17,30,28,16,12,16,9,4,23,12,13,0,2,14,46,40,42,16,60,53,13,25,29,51,12,20,52,23,42,52,57,21,60,42,37,7,12,61,13,18,0,5,43,21,46,26,16,22,1,1,60,27,7,37,19,78,19,43,27,44,6,14,50,46,59,15,1,83,28,29,61,7,59,2,29,17,19,8,34,11,65,13,33,41,52,87,29,16,26,31,17,37,107,38,6,5,90,17,19,27,24,30,38,35,61,2,98,34,32,68,8,21
65,307,303,677,115,329,102,1275,987,567,1536,732,841,1122,275,449,297,69,351,485,240,1192,952,607,1833,883,1036,1738,359,1151,994,202,36,164,310,606,957,330,1628,868,1219,1716,150,1304,960,216,601,178,11,388,176,748,1129,114,1504,1072,745,1619,590,200,105,653,471,479,84,401,268,8,32,913,395,1472,590,1172,806,913,995,511,1036,197,965,13,1025,263,1141,812,798,1286,110,1303,586,952,867,571,883,348,473,227,1037,72,1045,453,795,732,430,846,63,806,198,637,292,496,223,470,175,451,189,384,131,356,91,455,258,379,135,3,99,15,191,213,123,635,191,65,352,353,306,399,186,364,133,329,225,416,266,636,141,848,85,864,425,666,596,350,564,182,502,222,770,14,853,652,925,1253,123,1082,496,393,366,20,38,336,78,687,798,381,1293,433,1078,1073,314,1032,435,562,805,31,806,503,641,407,111,0,887,395,212,275,7,573,93,50,212,99,456,199,646,515,450,810,148,576,721,97,706,663,298,665,214,513,450,851,247,1293,574,959,436,129,1166,942,289,819,180,273,217,496,440,1279,365,1325,1412,256,1434,785,423,640,157,20,469,182,942,1312,161,1063,339,317,373,327
5,32,27,24,19,4,276,152,54,13,60,108,161,217,282,362,381,383,331,213,55,134,324,462,519,492,355,142,107,359,544,647,45,475,235,45,350,588,720,712,568,310,14,333,587,720,697,508,172,227,641,951,1104,1044,754,277,294,864,1313,28,15,7,21,3,75,0,29,71,56,17,6,3,52,5,8,18,48,6,2,34,35,52,13,8,27,10,17,33,21,40,36,13,11,28,27,80,21,52,23,16,13,36,32,4,34,45,1,15,28,1,26,4,60,8,13,1,6,8,16,15,7,5,0,26,3,7,10,17,1,21,13,25,16,20,10,6,13,17,17,26,32,5,27,1,11,21,11,7,25,0,18,15,0,8,36,9,23,11,0,27,6,14,15,36,0,11,0,16,56,25,25,10,52,22,41,0,48,33,41,11,67,19,16,11,3,14,25,42,0,47,32,0,41,9,13,19,6,5,9,37,22,37,16,24,67,12,74,15,63,32,51,16,4,34,16,8,17,16,19,0,1,20,31,40,48,46,6,28,21,36,9,20,36,46,6,21,10,15,10,38,25,4,13,45,50,14,33,26,94,5,19,13,46,0,38,20
1789,413,198,173,539,1083,756,33,437,180,363,156,640,1170,922,100,294,82,418,90,864,1399,892,113,189,399,535,106,1286,1471,658,160,170,569,595,372,1589,1506,296,270,102,783,486,613,1526,982,139,449,250,926,405,972,1523,519,537,500,539,848,83,1203,1284,77,844,308,682,685,414,1269,803,319,759,72,660,364,762,1151,276,694,635,307,603,24,977,755,296,908,323,618,410,385,807,43,820,641,287,793,22,661,294,643,762,157,911,371,386,403,366,599,161,863,472,291,383,159,364,248,651,242,283,184,187,124,204,317,522,316,424,174,157,86,52,137,318,269,170,214,184,256,197,513,115,321,198,140,107,317,568,81,504,404,150,272,383,719,155,601,725,74,512,69,568,395,504,909,319,528,536,241,513,182,884,806,40,658,164,444,238,660,991,407,318,346,115,335,228,848,846,154,384,314,177,191,328,858,631,27,460,185,252,202,336,701,579,51,312,132,328,295,71,560,658,107,268,81,422,530,22,559,658,76,303,141,826,619,198,827,660,125,59,606,870,390,394,720,363,34,162,720,899,250,444,598,222,41,365,954,926,188,586,629,32,52,481,983,797,42
6,26,76,63,46,73,249,533,677,652,430,79,337,707,961,1060,991,787,500,200,64,229,252,142,94,385,627,755,697,458,79,332,28,864,829,606,232,212,617,909,1026,948,693,300,145,567,891,1070,1088,981,777,568,392,292,279,329,426,535,632,93,0,1,118,110,64,106,137,119,73,135,413,773,1071,1237,1246,1085,765,354,86,493,783,923,893,715,438,144,89,175,103,122,435,762,1020,1156,1136,975,21,453,219,87,96,240,494,770,983,1046,894,533,29,514,960,1213,1229,1039,728,426,233,185,285,441,554,541,386,6,47,43,41,15,33,2,5,5,22,13,157,89,41,203,332,383,336,211,46,111,218,276,277,261,254,266,299,347,367,357,279,152,25,206,346,395,46,195,12,225,386,463,437,328,169,4,149,254,282,255,183,97,36,19,60,171,303,432,496,472,393,244,77,46,2,89,54,9,175,136,51,48,28,140,537,493,381,243,111,30,12,43,104,176,250,278,270,206,91,51,170,247,227,113,74,276,438,525,503,404,214,61,114,261,379,447,464,439,366,264,166,97,67,111,214,346,466,549,553,477,338,166,9,95,117,67,43,3,90,21,52,55
9,44,9,160,0,126,227,69,148,100,1,6,51,51,90,182,37,35,47,55,45,91,4,2,7,73,44,74,2,93,82,122,136,5,148,118,44,18,4,59,132,63,52,141,149,99,4,34,112,160,80,9,113,3,42,39,7,53,32,20,75,113,33,63,136,108,107,110,53,39,37,126,21,64,93,2,45,6,36,2,74,35,2,75,104,84,21,76,143,16,39,21,130,13,118,34,61,25,35,40,39,11,33,99,50,88,37,82,25,16,89,4,132,18,37,39,68,7,33,21,21,10,45,4,29,24,30,2,35,56,4,0,65,4,67,223,461,386,40,475,535,136,465,629,140,588,826,289,658,1073,541,394,909,669,33,521,438,8,283,187,103,222,214,60,196,372,320,68,514,636,159,524,833,562,50,574,746,578,165,224,487,516,417,361,289,22,426,37,146,107,51,140,51,5,139,14,113,36,3,20,50,66,155,125,101,70,113,92,43,119,68,81,15,118,55,141,137,16,22,16,4,31,88,75,100,155,55,108,177,9,11,110,109,87,32,10,66,71,105,103,113,112,22,150,89,33,68,51,49,36,96,80,55,112,12,106
11,5,13,50,23,62,8,45,66,16,24,1,75,23,90,12,12,6,108,5,85,52,98,52,89,36,34,6,47,76,40,12,9,8,71,66,29,16,88,75,17,21,11,22,51,9,46,9,30,37,25,7,32,3,13,30,0,16,16,58,30,40,43,11,66,108,21,34,47,20,255,112,553,854,927,736,369,39,373,535,520,342,70,153,230,91,223,663,1087,1326,1295,1011,550,24,437,759,9,761,524,212,76,234,229,78,167,376,490,453,295,97,68,147,137,72,3,25,34,170,315,411,392,253,44,8,13,20,7,0,19,30,13,11,21,6,6,10,22,33,0,28,11,0,7,10,27,36,26,49,54,13,28,7,14,2,8,40,51,75,51,40,4,4,37,71,2,18,12,22,16,35,9,4,16,82,7,20,2,14,2,49,30,49,58,0,8,4,32,25,21,34,47,11,37,73,37,35,11,9,40,82,49,22,59,5,33,0,4,33,5,106,25,26,43,78,43,37,28,9,18,75,30,25,65,18,44,4,16,2,59,38,4,60,63,94,54,11,1,58,33,14,35,82,95,63,42,2,29,15,16,4,7,45,7,12,13,37
12,1,37,40,41,154,28,478,702,596,194,341,783,957,802,389,117,551,783,783,584,299,47,53,44,287,576,721,616,224,335,831,71,899,439,134,555,659,401,121,704,1158,1314,1128,640,10,599,1017,1158,1032,751,448,246,195,250,334,364,267,57,10,30,118,43,87,45,16,139,201,62,33,509,766,817,585,91,554,1138,1489,1496,1162,619,51,356,510,396,131,127,203,35,344,806,1141,1215,965,486,58,63,638,561,333,106,35,190,532,915,1126,1001,504,238,948,1362,1337,932,371,85,286,227,91,45,175,426,646,694,40,4,11,31,32,47,3,41,65,55,20,61,223,277,182,26,254,408,412,276,69,119,240,285,293,280,271,247,181,47,119,297,404,407,289,84,131,29,303,171,78,338,489,466,271,30,303,454,452,317,145,19,29,13,87,136,115,2,174,349,441,379,163,150,147,2,169,109,10,5,144,12,48,27,56,362,399,368,298,213,131,87,76,123,168,184,117,21,194,335,362,267,81,88,170,101,97,338,526,585,476,274,45,321,527,620,592,462,291,115,19,55,4,77,138,127,0,201,394,498,461,290,56,143,235,194,46,152,132,51,55,6,22
13,1,1,3,3,5,373,284,897,1209,1147,754,182,403,882,1100,1069,818,401,21,312,367,156,256,699,1007,1024,709,174,443,987,1300,11,1028,483,140,709,1030,1012,598,59,748,1288,1493,1308,818,210,359,776,939,839,533,144,208,389,307,23,467,882,0,6,9,2,2,0,0,2,7,1,1,0,1,3,0,1,1,2,5,0,3,1,0,3,0,2,1,0,0,1,3,0,2,4,2,4,0,3,2,2,0,1,1,0,0,0,0,2,0,0,2,0,2,2,1,0,0,1,0,1,0,1,1,0,0,1,1,0,0,0,0,1,0,0,0,1,2,0,0,2,0,0,0,3,1,2,3,1,2,2,0,0,1,0,1,1,0,1,0,0,0,1,2,0,0,0,1,1,3,0,1,2,0,1,0,0,1,1,1,0,1,0,0,1,4,1,0,2,0,0,1,0,1,1,2,1,2,0,1,3,1,1,2,3,5,0,1,0,3,0,0,3,0,0,0,2,0,0,3,1,7,0,6,8,2,3,2,3,1,6,3,3,2,2,1,1,1,0,1,1,0,0,2,1,3,1,4,0,1,2,0,3,2,1,1,4,0
25,272,258,1,588,147,838,656,99,641,887,125,801,636,197,409,37,18,425,366,595,1205,256,1108,1242,114,1263,898,297,794,393,176,23,139,245,730,268,954,1211,68,1263,844,423,830,229,360,160,260,56,608,525,537,1170,213,1198,1064,504,1473,198,237,74,122,202,46,592,188,132,129,125,337,772,901,178,951,222,779,511,557,731,274,747,45,791,369,710,656,486,851,138,990,216,816,473,551,629,243,106,125,619,0,782,194,841,543,699,813,402,862,163,751,29,567,21,505,4,433,65,408,24,459,22,416,27,220,84,193,89,21,140,134,16,199,11,36,396,222,534,35,442,154,346,28,392,24,588,212,668,494,426,647,235,610,20,519,153,398,197,313,254,341,167,415,634,150,830,346,688,753,209,830,172,557,254,545,319,676,775,419,1178,338,968,975,157,890,499,425,706,327,124,68,580,127,303,112,239,22,11,195,533,536,492,171,234,193,347,128,524,260,372,608,153,407,421,31,226,11,29,187,388,72,652,699,219,1094,154,590,1090,237,681,470,224,104,505,141,796,788,415,1226,491,838,948,64,592,182,294,15,397,175,676,812,388,184,206,292,26,162
37,258,105,71,275,16,1172,420,476,891,771,288,236,576,518,150,99,14,229,39,599,1082,725,459,1445,1337,152,952,1159,481,240,320,59,202,268,878,852,130,1247,1415,344,951,1309,456,529,669,31,418,122,503,689,44,831,1085,267,898,1325,402,970,282,435,127,25,720,307,403,580,275,118,367,1187,485,505,802,383,228,429,132,265,216,179,522,298,349,781,432,376,789,363,443,735,142,614,634,125,763,450,380,733,133,649,530,324,772,224,602,726,12,631,449,137,355,75,145,48,239,67,311,372,2,365,366,17,125,59,286,78,85,43,133,18,21,133,78,95,245,287,78,375,204,230,350,6,277,72,309,287,243,641,346,422,779,324,452,643,155,386,318,161,364,47,607,432,331,914,589,282,819,580,74,418,238,154,143,242,549,332,347,888,686,126,834,758,6,593,487,133,468,150,307,221,12,320,451,333,202,309,102,185,497,278,183,318,7,257,121,250,450,184,287,485,297,77,320,302,56,187,254,47,437,442,162,838,810,823,926,922,109,650,544,103,366,51,552,458,236,832,737,17,746,905,343,470,711,276,231,215,204,195,374,798,101,369,512,694,54
155,2,18,21,1151,713,73,867,1260,1024,281,655,1278,1270,652,349,1214,1478,1018,32,1016,1590,1383,466,719,1593,1650,902,362,1477,1861,1307,24,1215,1848,1539,483,811,1631,1613,781,398,1375,1586,996,64,1067,1460,1110,233,742,1281,1135,448,450,1062,1092,577,189,801,973,2,2,0,9,6,1,2,10,4,3,1,7,8,4,6,1,2,0,2,0,2,5,2,1,0,0,1,2,0,3,2,3,0,0,2,2,6,2,1,0,0,1,0,1,1,3,1,2,3,0,4,5,1,1,0,0,1,0,0,0,2,2,0,2,0,0,1,0,0,1,0,3,1,2,3,1,0,0,0,2,1,4,0,3,2,1,1,6,1,0,1,0,0,2,0,2,9,1,3,0,4,0,1,0,3,5,5,3,0,4,1,2,1,2,0,2,0,6,4,0,3,3,3,2,0,5,5,1,6,1,0,2,0,4,1,7,4,0,0,6,8,1,3,6,4,0,0,1,6,6,1,8,1,6,2,7,11,0,0,1,5,4,9,4,6,6,7,1,5,15,9,0,0,7,0,2,2,2,6,0,3,13,4,6,2,8,9,0,2,3,4,2,9,10,8
31,91,189,25,123,29,252,96,54,240,285,0,107,283,119,95,116,379,228,110,16,302,177,393,125,333,73,196,43,64,212,362,90,148,88,134,31,119,162,335,153,120,149,99,147,56,157,82,162,50,174,192,262,152,207,12,146,120,150,157,70,256,105,260,92,18,212,130,306,136,148,130,168,103,230,159,29,127,207,172,51,127,22,58,92,82,181,10,229,213,7,147,226,252,218,95,18,51,111,176,58,146,0,278,17,196,183,36,26,26,80,104,100,27,58,0,38,3,108,54,95,109,27,75,85,33,176,26,85,27,16,57,126,19,246,37,342,275,1,190,167,113,126,23,234,565,390,383,982,712,329,1145,849,90,870,835,123,492,411,0,286,37,312,208,367,808,515,474,1111,777,199,923,682,3,278,125,104,449,612,45,856,1275,505,793,1480,925,363,284,271,128,282,14,171,34,98,16,170,65,49,185,46,236,31,105,136,102,98,12,115,228,182,149,74,59,27,31,47,251,191,81,14,210,16,149,357,348,106,144,156,192,342,81,241,150,27,184,19,183,52,15,28,113,95,34,142,167,90,114,101,131,55,241,164,183,188,100
126,96,695,649,194,47,173,406,583,580,297,180,52,217,310,595,597,272,105,508,861,605,133,72,384,499,600,289,268,196,312,564,62,402,288,69,209,379,386,553,438,31,569,754,846,528,148,446,762,798,441,96,711,879,578,57,475,544,421,95,141,251,1071,285,663,238,209,378,637,230,191,1031,234,1,49,109,440,599,921,116,250,89,338,388,672,562,0,42,746,141,93,768,407,366,277,431,495,493,537,704,465,867,386,981,846,869,996,459,366,6,272,192,315,304,543,109,258,257,326,164,46,491,601,127,192,189,258,56,113,231,130,134,417,60,50,258,74,120,52,398,169,13,537,602,285,193,63,346,775,318,128,61,103,539,370,567,324,747,334,569,307,287,285,327,300,656,257,500,341,431,407,84,237,68,30,771,462,155,83,247,240,191,225,585,657,222,14,150,700,799,84,614,615,160,307,245,219,60,977,273,55,199,281,869,671,229,206,274,316,1654,647,7,448,576,29,1163,140,79,764,341,700,131,313,251,355,194,414,423,130,105,586,336,630,176,306,332,191,773,463,1060,286,327,126,208,300,110,225,129,333,619,355,872,370,254,318,37
2,17,49,19,55,30,23,82,4,16,2,1,24,59,73,0,5,90,6,17,26,96,54,127,13,2,12,20,44,14,4,49,7,23,37,25,35,18,54,14,182,45,40,38,5,86,69,11,32,71,33,54,70,104,103,83,57,3,44,13,11,16,35,130,10,32,31,108,4,19,818,1051,690,120,929,1240,868,43,758,1082,757,18,636,799,429,221,637,605,111,497,826,638,31,716,991,639,49,650,771,408,81,393,355,81,174,218,31,231,298,100,256,477,328,67,410,462,180,211,411,266,66,271,180,12,1,4,0,34,14,8,9,19,4,15,2,42,7,8,36,0,47,56,28,41,69,25,33,29,57,31,60,31,13,51,43,81,20,67,52,48,33,3,10,55,54,119,132,26,53,16,100,40,26,83,67,88,57,43,30,93,37,101,36,34,61,20,48,43,12,6,41,25,55,24,4,73,49,64,119,39,45,39,145,112,0,118,6,56,90,47,79,9,86,32,8,74,13,54,41,24,42,47,35,95,151,115,107,6,92,16,102,17,33,30,65,61,74,59,132,30,40,5,129,64,10,58,75,27,89,126,4,69,7,47,36,23
341,5,256,141,930,716,246,721,343,6,223,805,465,561,1120,580,81,70,484,141,964,1383,580,444,303,127,193,1174,1293,3,1140,900,85,199,1013,813,524,1596,766,234,114,567,423,895,1560,569,628,643,324,141,907,1321,109,1216,858,234,269,679,744,530,1423,535,533,507,411,390,735,1133,68,999,614,379,399,679,739,299,1135,402,637,468,546,560,549,970,70,910,369,672,552,490,553,489,832,179,879,169,611,339,647,307,774,664,459,779,135,563,273,682,205,845,145,639,263,421,89,494,138,563,284,384,226,232,41,36,169,63,223,321,211,333,33,187,97,317,117,255,117,434,266,419,358,255,274,393,426,353,665,39,600,70,526,13,759,296,717,716,197,382,301,556,360,949,227,574,434,295,152,659,652,410,1076,470,390,293,386,201,798,1017,164,724,581,86,52,592,663,220,1000,506,285,201,443,244,527,962,318,379,387,120,158,587,740,61,484,390,154,127,406,605,161,468,481,8,174,188,513,319,429,682,256,182,18,561,51,826,1032,252,450,287,209,203,978,872,119,807,416,4,138,832,416,658,905,360,160,127,484,22,797,845,61,264,14,308,56,904,826,671
199,300,324,1254,680,386,474,695,557,175,1071,268,19,233,362,111,501,399,944,604,198,120,513,334,507,1104,448,321,532,628,278,32,402,654,561,9,355,339,510,694,140,26,393,967,407,195,740,1183,584,51,2,244,527,327,342,377,1016,210,352,937,639,132,25,453,367,157,365,227,137,73,1395,645,476,277,217,314,440,557,458,141,65,16,194,612,823,359,298,396,176,244,20,267,109,81,159,206,163,224,218,296,148,0,8,30,412,443,7,63,56,47,383,93,459,182,410,331,99,270,85,516,799,91,608,348,113,250,172,11,130,68,9,12,84,106,23,7,59,98,9,781,317,141,156,118,94,401,93,265,149,263,35,591,34,9,297,149,109,99,21,224,234,47,365,306,42,311,8,560,570,5,254,607,151,66,85,559,237,77,95,305,113,845,154,427,674,505,798,227,777,320,130,516,476,449,1098,419,550,553,704,754,114,164,112,299,585,959,494,563,753,540,686,277,282,63,213,722,67,45,666,107,33,28,919,257,708,531,678,406,140,91,279,568,28,574,127,708,899,459,179,740,48,261,468,306,331,1156,0,521,334,222,227,555,411,210,217,280
19,27,31,1,34,17,483,168,618,457,208,773,697,2,800,1056,573,258,810,760,270,172,240,6,126,95,530,744,404,346,970,950,39,523,792,346,351,616,153,661,1083,670,356,1271,1427,719,361,1119,1172,637,25,405,422,304,286,382,379,119,344,63,47,106,123,87,13,118,143,47,91,8,244,256,882,1117,643,347,1262,1476,855,188,996,1102,610,9,254,136,23,125,541,828,589,153,926,1184,732,83,47,776,420,62,11,174,141,329,956,1111,437,734,1529,1296,203,880,1203,700,23,374,311,187,262,373,210,266,684,9,39,30,1,21,5,17,9,49,3,19,207,60,169,255,84,232,414,282,69,370,409,206,60,239,290,237,101,97,297,366,205,117,384,377,91,253,87,125,207,349,145,245,457,315,85,410,438,183,115,231,158,54,58,136,151,17,274,404,254,97,379,359,83,81,5,31,40,80,28,5,17,33,142,10,359,443,275,25,260,280,143,31,39,106,61,142,342,344,93,206,322,171,64,134,24,257,297,34,377,632,257,82,441,706,591,199,202,415,389,229,94,36,30,34,205,377,399,176,174,405,357,92,137,139,41,208,189,61,47,46,74,41
129,35,577,133,183,295,641,269,58,163,1041,563,140,997,86,43,399,689,747,196,204,60,442,447,455,927,345,553,329,70,369,279,221,186,1307,679,223,176,723,76,1267,647,134,102,477,255,438,65,621,637,471,541,973,475,1049,216,294,535,261,933,509,42,82,357,410,28,125,78,419,455,882,213,1416,1168,687,1577,319,954,797,116,711,323,358,433,229,459,304,636,40,615,412,682,678,458,732,4,36,316,884,965,505,1392,429,1129,997,511,1129,186,630,336,318,120,291,99,380,457,281,829,257,813,751,388,870,55,393,50,16,46,185,287,283,109,18,16,501,63,217,10,299,179,154,331,64,114,103,149,230,353,218,305,57,165,590,151,263,286,227,188,61,57,643,187,287,376,347,165,139,603,663,339,119,833,661,805,483,31,272,192,97,561,101,79,169,447,495,335,121,879,359,607,329,261,193,401,109,281,301,413,239,190,225,387,539,787,361,745,297,393,291,245,165,200,621,82,409,901,1593,163,537,227,385,339,1279,448,463,1027,365,157,1047,343,35,265,184,585,616,72,11,98,148,743,241,133,86,149,143,655,215,99,234,317,73,791,2,319,500,73
237,351,341,365,133,48,237,657,465,33,381,199,403,857,559,96,900,1261,589,316,1371,1477,1006,88,778,1022,597,11,419,311,64,213,429,482,820,633,151,855,1067,393,193,620,284,87,215,24,282,539,281,162,485,590,198,319,296,83,36,205,407,305,819,464,1075,451,116,533,245,231,239,201,234,308,113,277,44,108,723,1,285,22,447,433,268,248,413,375,67,283,228,244,145,498,306,443,133,52,35,469,415,57,201,467,201,127,482,87,362,58,733,224,87,309,255,379,687,406,93,211,52,43,157,100,165,373,58,135,131,235,79,65,58,75,4,291,175,165,341,85,18,275,243,127,371,111,313,17,511,98,193,49,193,256,713,355,157,399,104,287,655,84,434,31,643,96,0,527,312,154,321,228,183,297,521,240,283,83,355,203,66,26,609,389,565,315,87,112,213,149,271,639,26,231,337,739,483,253,873,405,20,549,1872,355,103,149,661,285,1017,745,458,271,1455,45,6,0,339,16,385,777,288,365,227,451,619,271,537,521,447,431,80,401,257,433,91,176,695,104,326,461,228,101,119,162,213,91,9,577,348,1023,269,133,515,489,889,1095,197,151
25,21,49,38,34,65,500,578,614,600,541,426,280,122,37,179,292,384,428,435,407,336,229,96,75,259,473,660,827,955,1024,1014,165,803,602,345,69,223,517,780,1008,1196,1321,1401,1430,1408,1348,1251,1130,985,831,665,487,318,154,13,92,169,205,30,27,112,189,128,18,47,51,115,26,115,237,225,186,132,52,46,152,260,354,425,463,466,429,347,223,59,130,349,569,779,953,1086,1164,1183,1136,1039,27,722,518,294,75,146,332,482,592,620,593,489,327,135,59,232,342,395,365,262,114,58,226,368,460,501,484,18,94,40,32,7,4,17,4,12,34,16,24,88,169,253,327,386,418,425,414,380,332,292,258,230,217,227,247,270,301,328,342,336,302,238,151,52,50,182,289,373,436,462,465,439,396,336,270,209,158,119,98,103,112,149,187,236,289,340,385,414,441,443,427,17,5,131,20,65,18,89,66,4,63,45,435,407,356,292,234,161,91,6,84,177,243,324,364,371,356,302,233,131,29,76,167,264,337,400,452,496,50,533,533,502,471,430,375,322,274,212,166,124,88,64,51,61,80,112,147,182,200,199,183,144,97,44,5,111,85,25,48,19
0,2,37,16,68,19,1008,594,31,618,1028,1121,865,388,161,711,1076,1221,1120,839,467,114,123,157,54,432,836,1103,1092,823,303,306,99,1111,1086,769,213,437,1039,1399,1385,946,237,541,1220,1615,1732,1601,1331,961,588,299,136,154,294,470,612,656,556,30,23,49,102,64,2,112,44,87,109,11,9,78,14,44,14,4,56,70,35,40,59,14,49,78,15,88,11,23,61,16,7,161,63,66,51,23,109,12,19,139,66,122,32,5,5,59,21,71,44,33,33,32,23,0,42,46,12,25,36,61,44,49,8,7,4,21,4,5,23,18,19,21,16,21,14,9,12,33,1,18,2,22,19,15,9,11,1,65,15,2,37,60,50,11,18,56,87,60,9,30,11,33,19,96,39,43,46,36,5,5,25,9,4,51,87,56,43,12,52,35,35,33,8,56,35,30,1,92,122,57,21,109,112,35,7,16,43,15,30,49,118,30,42,22,11,42,44,106,25,78,1,9,37,25,63,8,56,9,91,43,130,162,14,116,12,19,68,32,22,35,26,53,75,68,1,71,47,155,8,110,2,33,11,11,5,47,16,80,104,9,6,32,29,71,11,19
123,191,120,381,71,449,412,945,720,75,8,534,183,928,1443,465,1237,1806,712,1039,1584,569,560,663,38,138,411,786,45,1323,1598,31,611,1772,64,1616,1193,206,744,47,439,282,1125,538,1115,1736,396,1374,1584,63,1260,729,540,592,425,718,376,1079,239,275,637,137,645,250,554,303,41,403,137,204,546,172,610,772,162,1179,706,785,1361,187,1297,1016,649,1390,122,1323,781,777,1119,186,1055,286,959,756,603,1241,212,1150,1114,303,1218,520,715,746,253,683,134,793,32,1009,494,906,922,487,1019,52,814,165,471,57,316,174,488,257,35,75,283,81,127,113,48,45,119,347,100,282,15,147,233,378,176,743,414,538,917,131,751,545,334,470,226,453,256,769,167,836,841,274,1070,531,293,823,41,638,130,571,323,619,875,217,1275,790,754,1389,352,1017,1040,222,1044,297,903,748,689,1251,3,1303,893,51,56,29,59,53,93,309,1087,457,676,74,180,187,564,606,54,632,798,139,610,605,79,477,109,298,192,274,492,107,471,670,167,636,609,5,469,210,669,196,487,742,193,1220,994,480,1349,809,392,797,215,204,221,588,204,1362,1018,647,1630,1007,306,1064,1113,584,624,829,871,591,309,127
10,65,25,44,45,56,607,359,65,478,704,606,211,340,823,1066,996,667,229,162,388,415,277,58,106,115,90,450,825,1037,948,541,3,551,786,644,204,347,765,882,647,128,499,1050,1374,1400,1146,692,209,191,417,474,403,289,220,256,392,586,736,107,63,3,85,182,15,84,72,31,64,212,144,173,592,995,1276,1306,1032,515,131,714,1065,1143,925,563,221,52,115,350,632,782,701,365,134,622,963,1043,86,567,261,74,97,268,465,532,349,89,660,1180,1427,1308,852,220,355,691,725,553,337,239,287,409,465,347,46,7,40,27,15,27,38,30,41,20,66,3,14,179,294,280,111,125,341,441,402,256,67,98,211,271,309,329,317,265,158,2,157,283,349,325,205,18,108,343,352,185,110,420,608,590,368,55,232,378,372,279,157,82,78,138,212,253,203,62,138,329,414,352,165,75,95,139,33,76,4,9,53,135,42,59,38,175,329,384,348,236,122,44,33,89,181,242,223,126,60,233,307,252,76,94,215,185,9,249,508,680,69,616,373,73,217,419,519,499,388,250,141,95,134,219,317,360,297,129,87,257,330,273,116,44,130,106,6,214,20,149,44,81
4,0,57,26,19,7,469,415,362,319,259,213,181,145,120,104,100,99,102,109,126,155,190,222,265,319,359,411,461,512,551,592,34,667,684,715,722,732,736,738,731,705,676,641,602,552,487,424,351,269,187,100,12,111,215,307,403,485,547,64,10,40,45,17,48,14,4,18,13,38,6,10,20,36,8,21,34,4,6,24,49,56,8,41,24,12,43,7,4,12,14,13,18,51,37,26,2,7,8,13,1,35,10,18,10,31,11,2,42,5,9,7,40,11,13,16,8,14,14,8,14,20,22,8,17,2,1,0,9,15,8,4,24,9,19,27,1,37,19,15,21,30,6,32,16,9,3,1,25,23,3,3,2,22,15,20,14,17,9,23,21,20,4,10,27,74,16,12,10,12,53,11,21,15,16,10,16,20,44,21,41,28,29,64,13,26,27,43,5,39,20,1,1,17,2,27,0,26,14,18,42,13,25,22,52,0,8,50,8,12,53,48,11,0,60,45,40,40,18,31,28,55,4,19,67,40,20,19,15,0,41,17,7,51,34,5,12,30,9,25,49,29,20,14,6,1,29,25,12,4,31,22,21,17,9,65
93,263,79,250,539,402,558,439,1324,1697,1317,365,595,1013,851,372,86,32,403,805,520,459,1495,1829,1205,30,1135,1739,1472,531,483,738,261,393,356,482,1467,1671,768,787,1922,1916,785,479,1118,777,7,539,362,415,1150,1152,269,1006,1769,1518,401,939,1767,476,857,59,945,345,255,1101,202,93,1269,177,101,963,926,151,658,897,337,381,675,286,279,560,150,481,785,517,92,797,1057,672,154,912,885,156,564,633,73,709,717,50,792,850,256,592,845,338,509,937,486,401,891,563,150,526,213,311,380,72,545,499,42,412,261,112,177,93,278,207,151,303,73,37,82,417,210,104,430,513,340,31,78,34,105,125,542,710,364,336,834,795,135,617,794,334,297,564,248,287,432,8,412,948,478,541,1277,1143,311,540,879,597,15,341,213,270,697,480,288,1056,1167,513,410,1066,1033,505,146,540,540,180,23,62,751,495,411,37,429,689,439,673,896,601,105,362,513,277,206,578,552,208,167,475,600,440,55,231,249,113,270,108,367,842,952,500,394,1184,52,597,237,525,375,140,16,126,385,636,604,40,831,1371,1084,207,647,970,701,127,265,156,285,486,22,744,1060,86,317,187,215,58
219,29,14,10,483,1120,1098,401,576,1235,1132,346,698,1340,1179,282,855,1476,1194,181,1019,1594,1216,62,1189,1719,1188,92,1390,1817,1130,307,24,1841,961,501,1611,1680,727,658,1584,1484,479,820,1531,1259,248,911,1427,1035,42,936,1280,807,134,934,1116,587,277,890,927,0,9,5,1,3,6,5,9,3,5,4,8,1,2,7,2,1,1,7,1,0,5,2,0,0,8,0,4,4,0,2,0,0,2,1,0,1,0,0,4,1,0,0,0,7,1,2,3,0,0,7,0,3,1,2,0,5,1,2,2,0,0,2,0,1,1,3,0,1,2,3,7,1,0,2,0,0,1,2,1,2,3,1,3,1,1,1,0,1,3,1,4,4,3,2,2,0,3,4,5,0,4,3,3,3,2,1,0,1,6,0,3,1,2,0,4,4,3,0,0,1,0,0,0,6,0,1,1,0,0,2,0,0,0,2,9,7,5,3,5,5,2,2,8,3,1,0,5,2,2,8,9,0,2,4,6,1,5,9,5,6,11,3,0,0,15,12,8,7,8,6,1,6,9,3,2,0,1,0,0,7,7,4,5,7,4,13,8,7,6,1,3,2,7,23
4,45,18,34,146,42,10,33,19,52,73,62,10,137,23,96,61,102,124,49,11,39,24,21,101,40,51,148,33,18,94,213,141,54,80,180,0,100,54,141,32,43,148,18,71,126,100,81,59,74,51,148,186,144,203,185,73,62,21,87,140,68,92,73,12,17,37,81,18,143,48,32,55,167,108,154,148,57,50,7,78,115,35,116,28,142,217,99,18,167,38,78,51,4,215,46,106,51,59,37,0,28,26,66,11,42,86,77,131,26,0,122,16,44,23,104,60,23,55,20,16,2,43,20,49,42,21,41,37,25,44,33,57,56,247,386,278,114,494,492,70,480,592,68,600,716,52,784,958,249,706,974,445,291,638,405,94,318,145,146,19,86,98,220,234,82,201,443,363,122,623,668,217,385,741,668,270,232,593,644,427,111,106,207,334,560,692,2,195,12,23,16,72,112,68,36,111,113,8,93,129,114,61,93,142,65,30,77,30,4,47,93,176,52,125,76,49,117,23,1,63,66,33,9,12,17,121,3,66,178,31,57,21,14,2,48,45,28,39,28,136,118,47,165,34,33,3,11,46,149,96,89,67,6,57,30
2,6,7,70,66,33,61,85,37,18,37,14,14,68,14,32,37,51,0,28,7,26,0,39,18,78,2,47,21,5,25,58,19,25,47,26,70,1,25,4,48,40,4,90,38,15,10,14,87,2,39,23,30,2,23,49,7,17,31,26,44,47,56,62,8,10,61,25,69,23,244,194,627,726,397,177,667,871,711,324,51,226,151,107,317,245,139,705,1126,1145,704,15,712,1105,1053,650,28,361,555,446,148,133,236,89,184,401,403,200,82,282,315,205,73,15,41,108,112,17,227,379,363,161,111,9,3,11,15,2,3,6,12,11,28,15,18,30,5,37,14,34,36,10,40,13,32,21,25,23,31,12,13,51,2,36,8,11,30,23,37,7,63,18,0,122,34,8,87,30,13,54,38,49,0,26,15,34,14,26,49,42,15,75,20,23,38,23,19,10,70,5,77,10,34,9,34,35,42,13,8,34,5,59,70,64,78,108,52,9,57,11,73,27,106,26,68,68,32,41,22,37,59,61,33,83,12,28,44,32,42,21,0,37,8,16,67,24,4,28,72,33,13,35,30,54,32,26,23,68,70,85,50,87,33,7,9,86
48,375,897,1084,541,100,59,407,951,1242,718,240,174,69,442,779,669,151,557,780,378,164,366,80,974,1434,1289,505,60,151,756,1387,1595,900,4,454,134,554,919,591,236,900,1055,532,215,333,281,1015,1343,911,35,578,277,612,1058,788,129,895,889,220,578,649,115,1062,1222,811,114,650,357,414,992,830,8,835,865,203,470,619,18,868,1004,554,334,768,345,425,760,435,320,830,678,193,722,581,241,747,575,290,889,720,25,614,381,381,819,405,311,749,448,349,504,33,522,644,131,408,420,10,354,140,351,380,10,91,98,359,81,293,333,137,132,148,373,457,165,527,325,113,333,100,4,138,172,472,357,32,221,57,525,685,275,367,549,176,278,483,4,660,992,555,78,516,150,422,812,506,268,789,690,160,363,185,489,1054,1108,511,234,345,115,724,915,406,353,725,609,86,334,177,327,860,896,424,27,216,14,402,621,379,131,394,437,80,298,381,41,473,600,443,31,249,251,158,592,620,450,125,191,2,424,980,1015,550,30,257,31,576,806,709,77,653,663,195,323,365,259,776,1084,673,45,145,295,769,1079,723,164,250,172,253,659,513,75,433,675,457,28,80
12,36,70,58,23,77,689,556,259,125,500,734,738,509,119,340,722,931,916,713,415,116,82,102,26,271,520,672,655,440,88,314,58,795,702,389,36,448,698,698,428,41,580,1058,1349,1397,1214,877,474,122,119,217,196,99,4,51,8,118,306,25,96,94,106,31,30,46,15,84,86,44,477,790,1026,1091,928,557,21,531,987,1241,1246,1027,663,304,51,18,91,336,604,793,813,650,329,76,466,747,62,761,546,296,121,119,317,641,963,1135,1047,678,97,529,1012,1232,1150,846,465,172,58,102,221,288,217,4,288,30,54,43,24,27,10,4,28,32,67,15,123,18,185,297,307,206,27,157,304,365,337,253,156,85,39,11,31,111,218,342,412,416,319,144,69,252,52,314,161,55,276,422,443,348,155,65,246,351,359,293,186,93,55,80,144,234,302,305,237,94,96,274,381,23,184,26,61,68,147,2,55,109,30,86,404,432,371,273,155,81,53,74,135,202,263,258,195,80,68,195,259,240,123,40,184,258,217,64,182,422,34,727,736,641,487,306,124,11,112,135,101,17,62,97,57,54,208,366,447,422,314,164,9,94,120,78,7,253,92,49,7,25
40,34,271,160,46,120,16,106,122,199,12,346,80,270,60,237,25,114,79,450,154,15,27,21,127,185,385,324,210,14,37,35,229,155,103,193,143,46,245,47,108,243,64,246,24,404,222,114,375,100,326,292,249,115,558,1,365,28,90,202,78,62,250,20,81,102,110,185,52,107,94,292,93,294,239,178,60,27,22,312,276,12,56,120,213,2,21,198,5,118,3,134,55,186,101,69,75,65,129,13,86,175,68,18,9,324,117,95,179,56,19,120,129,161,9,166,55,41,202,63,176,156,20,91,27,38,130,88,24,38,20,57,63,29,364,270,158,351,123,134,162,164,96,7,347,465,128,897,642,538,1184,434,749,1016,261,713,720,62,434,150,57,6,302,136,478,707,34,1015,968,161,1088,753,296,687,240,10,176,39,659,820,204,1360,1074,452,1561,866,527,39,132,86,24,69,165,182,343,241,250,146,229,244,145,116,100,188,144,72,59,31,174,114,174,95,290,405,107,77,212,90,197,55,260,3,117,288,302,372,498,106,238,93,325,67,89,217,110,41,244,49,18,118,126,115,132,266,42,59,167,75,257,100,185,106,29,150,48,6
18,203,96,581,122,470,734,452,2,416,408,172,67,59,306,477,511,155,257,675,453,282,346,526,533,315,174,247,438,380,272,42,473,426,535,216,180,483,631,334,239,511,602,653,375,328,762,915,309,275,896,921,132,500,865,503,94,503,290,227,155,434,139,410,309,104,2,472,874,370,898,450,309,668,159,585,689,84,136,524,422,538,688,1385,53,488,101,581,132,101,171,151,496,207,323,411,461,737,80,408,726,408,693,1341,251,674,463,4,717,25,19,118,315,161,341,368,165,80,110,133,423,120,237,95,283,169,184,179,50,89,75,148,45,186,105,98,160,103,130,18,86,162,864,321,153,941,120,487,289,635,199,765,597,248,68,225,188,241,361,591,84,43,414,18,196,5,820,264,550,578,740,576,71,209,162,764,507,776,599,151,824,853,792,668,344,169,119,255,175,115,157,251,258,442,81,123,635,358,288,553,66,697,1060,563,96,646,102,35,451,227,215,547,708,456,599,842,212,126,675,133,457,43,233,1036,410,735,206,1164,216,538,162,283,453,893,212,521,316,645,838,227,746,141,628,17,178,306,140,12,244,52,941,366,439,191,207,57
23,90,278,127,231,377,454,141,206,70,83,324,61,644,367,587,848,28,893,574,395,680,117,298,113,29,255,335,307,820,238,812,294,185,949,412,495,421,136,71,312,5,675,390,647,907,160,1039,404,729,663,320,589,108,412,113,411,187,577,55,81,41,392,276,296,243,182,229,26,299,132,416,386,300,590,98,703,90,730,303,642,478,406,568,130,487,36,311,66,217,1,243,15,302,103,336,267,323,388,224,502,94,498,7,437,15,394,23,403,35,434,23,460,13,423,32,336,26,233,18,154,65,107,54,14,90,227,49,101,154,2,17,3,212,57,107,5,210,43,275,150,240,194,167,195,135,184,129,199,112,184,149,163,248,259,295,436,176,536,52,254,202,247,143,144,0,247,16,380,234,337,500,40,559,301,352,433,92,324,1,210,69,353,41,676,297,872,27,139,523,211,443,202,102,69,159,97,373,416,463,574,167,605,166,460,347,197,254,58,100,101,102,130,224,63,233,307,7,280,206,34,136,97,95,354,86,259,255,104,539,408,356,724,136,518,396,75,128,61,242,330,189,712,291,593,688,35,503,388,104,303,239,143,304,13,134
7,103,44,70,54,83,167,186,37,114,96,121,117,59,81,17,72,133,94,29,148,23,6,45,79,41,104,22,108,137,30,12,25,57,72,117,87,79,128,96,175,79,246,62,105,85,36,12,139,15,67,73,36,51,4,25,28,49,12,145,36,127,39,5,22,88,12,7,65,28,1313,1537,1606,1525,1292,934,493,36,419,788,1056,1219,1215,1036,720,316,116,507,830,1050,1184,1143,1003,702,291,142,101,827,930,912,767,530,293,26,172,289,360,284,119,71,330,540,639,673,564,368,123,134,346,472,452,317,115,7,65,26,12,2,39,10,2,4,83,115,4,55,37,5,42,21,38,27,125,58,58,70,48,60,51,45,56,98,65,70,34,26,83,80,40,90,16,72,103,74,122,37,27,29,29,81,130,27,26,168,14,15,172,78,20,40,63,228,164,32,26,43,141,117,95,299,178,113,26,56,27,18,62,2,11,286,4,73,91,134,53,52,39,9,60,11,19,119,19,72,20,249,205,102,56,19,305,121,120,17,3,36,51,11,73,27,81,81,51,5,82,159,155,107,67,3,11,113,89,47,8,73,31,57,105,48,27,24,170,62,109,12
3,33,91,69,90,77,288,91,83,302,498,690,794,915,927,985,878,854,720,604,436,304,176,45,86,185,239,315,296,287,150,49,12,213,399,525,612,685,704,757,660,609,514,437,344,215,169,88,53,24,51,48,123,154,272,310,411,497,553,55,77,39,7,54,173,14,103,72,79,13,389,490,632,797,922,1087,1094,1202,1190,1182,1108,986,849,637,354,99,180,409,653,849,980,1084,1161,1183,1111,1027,49,718,469,302,79,93,298,353,447,420,405,238,114,17,138,285,355,359,301,244,115,64,241,374,476,509,563,40,40,68,0,2,20,30,67,8,14,9,176,260,269,369,420,391,279,242,228,146,33,28,26,3,91,39,117,118,145,48,142,70,1,68,82,156,4,370,317,384,404,329,183,235,187,160,129,25,70,44,252,96,108,295,43,452,425,447,439,419,652,276,368,97,36,137,33,114,73,62,1,75,51,16,398,389,377,314,267,231,110,6,100,151,301,388,377,377,401,371,250,102,89,116,220,352,408,461,602,584,102,682,718,642,630,535,484,350,323,213,91,4,69,133,212,210,193,178,179,112,47,15,26,73,100,106,107,112,75,59,10,40
38,1,26,92,21,33,522,612,272,282,682,622,90,599,1030,951,387,318,799,833,527,111,142,97,129,276,149,276,763,968,702,38,12,916,623,17,543,570,65,644,1085,935,243,653,1301,1394,940,199,481,844,818,553,259,111,113,156,78,157,499,3,14,144,112,60,111,53,18,25,34,119,541,758,538,115,906,1438,1394,778,143,944,1274,1069,516,10,242,130,95,157,125,634,1030,1016,512,251,884,1092,32,337,76,207,92,36,73,474,924,1047,611,267,1133,1480,1108,261,542,890,736,358,113,94,135,17,302,634,715,45,44,75,40,6,55,5,42,10,25,80,28,160,244,139,112,339,386,221,68,313,394,305,114,75,206,271,282,234,107,95,309,428,358,110,185,362,162,32,242,336,168,173,465,508,273,108,399,456,284,55,76,54,49,79,25,230,371,316,73,245,444,373,68,49,99,138,77,159,34,72,55,31,62,92,406,120,170,308,273,150,45,32,103,150,76,112,329,411,301,52,174,244,117,81,191,106,147,424,563,463,140,242,579,708,588,288,53,287,343,269,176,155,217,258,199,1,240,411,426,276,58,119,177,119,13,116,118,183,40,60,24,143
36,73,150,185,257,76,341,145,70,229,341,372,329,217,40,190,413,646,848,1029,1158,1247,1279,1289,1213,1109,938,700,433,189,120,345,206,590,560,441,228,68,435,800,1157,1491,1758,1957,2018,2031,1905,1684,1415,1059,671,274,59,392,623,773,845,857,840,173,401,145,204,262,116,74,22,108,616,172,932,803,577,263,62,395,648,807,855,804,644,377,50,333,725,1101,1355,1528,1563,1442,1199,820,399,83,533,911,157,1325,1310,1133,847,463,11,440,842,1171,1352,1379,1259,1005,643,241,146,461,659,726,667,486,250,23,266,447,556,210,368,19,85,168,30,22,25,35,150,21,79,32,97,124,82,12,129,266,418,551,636,692,669,598,470,299,102,83,238,340,416,406,345,230,77,80,136,354,429,482,482,452,370,272,154,14,147,287,410,511,591,603,573,508,428,320,226,97,5,128,248,360,468,259,205,110,146,329,74,133,271,84,116,82,435,471,480,432,336,197,16,192,371,537,651,689,667,579,442,277,115,85,260,443,613,760,872,933,952,890,573,530,309,32,218,413,558,627,613,551,428,298,165,18,79,165,219,268,302,353,442,555,673,746,774,747,662,85,84,26,54,23
55,189,23,67,879,1123,78,301,431,280,495,394,595,17,453,661,549,409,937,159,347,380,709,411,430,479,751,334,867,901,975,813,398,81,649,847,295,671,779,340,384,190,127,450,42,191,545,397,709,272,657,40,519,191,177,795,167,843,175,141,966,469,201,629,881,110,151,347,278,94,515,238,1297,1572,724,507,1308,1082,162,423,656,328,73,445,339,378,860,632,119,743,1044,339,572,879,448,350,638,689,213,971,1134,266,834,1351,869,255,962,802,165,446,466,134,310,259,61,326,471,236,392,738,552,112,705,309,73,131,151,35,96,29,295,137,117,78,155,288,137,369,209,375,98,207,405,353,223,429,272,305,210,6,545,459,219,50,303,268,260,343,371,397,24,539,425,135,737,46,206,253,305,142,513,601,221,791,200,317,389,512,59,315,59,179,19,30,483,26,707,76,151,117,59,305,27,220,407,515,107,215,133,3,644,693,733,1107,30,1,86,380,74,491,325,68,539,244,493,137,1111,1219,741,395,390,85,821,143,439,321,108,669,447,987,358,827,43,777,254,873,69,141,328,389,221,453,381,117,7,536,253,1001,410,483,295,261,79,404,665,98
72,3,6,1,539,8,561,1003,1251,1212,887,378,259,861,1281,1434,1264,807,140,590,1216,1567,1575,1226,584,218,1017,1587,1801,1616,1041,205,16,1462,1824,1777,1304,569,286,1077,1544,1654,1372,799,47,702,1232,1460,1327,904,286,382,898,1205,1179,898,434,111,592,899,986,25,4,12,8,12,8,16,12,0,0,1,15,4,1,4,3,4,1,10,0,4,2,3,3,7,6,1,1,1,3,1,2,3,3,1,1,4,1,1,0,1,1,0,6,0,5,1,4,5,0,0,1,1,5,0,0,3,0,2,1,2,0,0,3,0,0,1,1,0,2,1,1,1,2,0,0,2,0,0,1,0,0,1,3,3,0,3,1,0,1,1,6,3,0,2,4,5,1,0,2,2,2,2,1,1,3,6,2,1,0,2,2,3,6,0,1,0,0,3,0,4,3,1,1,4,1,3,2,1,0,2,2,3,0,5,7,0,8,3,4,2,4,2,0,6,4,5,6,2,1,1,9,6,6,8,0,1,6,12,2,5,2,1,5,5,10,10,7,1,4,9,10,3,9,5,11,0,3,5,17,3,0,0,5,9,3,8,2,17,8,3,4,15,23,36
5,361,629,281,307,316,625,529,29,817,1312,1093,130,961,1409,794,180,739,418,351,722,152,931,1438,915,390,1383,1416,499,486,814,372,1117,510,106,996,1239,496,798,1679,1440,234,987,1358,639,319,705,185,571,846,42,1051,1468,692,776,1678,1243,219,1403,119,993,585,18,319,195,237,159,1203,257,385,748,1525,994,215,1045,962,133,635,706,205,451,571,117,539,708,216,570,995,594,400,1084,825,114,897,806,66,227,647,175,809,581,337,924,561,386,988,593,366,860,469,365,699,266,333,506,123,284,207,199,366,63,594,550,161,145,47,63,121,349,389,197,217,149,3,409,268,603,312,220,442,144,241,219,200,472,136,533,875,448,410,976,701,57,595,436,173,486,125,546,806,101,578,1052,673,199,810,651,3,471,350,192,507,234,470,932,644,276,1129,1195,383,642,1176,780,66,644,549,93,367,76,375,111,145,126,431,151,244,289,208,912,348,346,500,101,413,498,36,719,869,352,466,886,635,63,378,373,6,256,275,115,566,768,546,172,853,231,719,39,625,628,256,19,172,560,660,116,728,1367,1168,296,689,1115,829,156,173,38,332,345,271,1097,1377,768,89,267,365,233,43
49,527,635,23,32,52,320,1104,674,928,1605,313,1200,1255,64,739,590,193,196,55,847,1141,103,1662,1412,639,1893,802,998,1109,24,444,262,125,783,807,625,1639,516,1482,1629,270,1688,791,827,836,277,281,562,250,1078,980,775,1558,246,1107,947,131,717,891,4,185,745,813,773,125,206,863,315,310,346,1005,590,811,857,437,836,126,617,57,482,120,645,39,846,550,566,934,77,911,298,720,379,609,495,642,31,539,873,346,938,164,1010,10,1031,222,924,433,710,468,494,330,382,164,460,82,528,109,509,87,385,87,363,68,28,129,34,34,81,52,215,240,111,137,308,470,353,508,516,410,552,226,433,194,219,436,329,655,735,481,1010,54,919,422,493,436,229,240,285,295,457,615,397,1059,11,1258,621,977,1002,426,863,148,527,353,663,454,1220,125,1345,1031,660,1439,227,1025,556,621,452,597,913,407,76,90,30,1037,19,232,27,727,124,223,32,141,32,243,63,290,472,73,769,535,440,1049,330,778,910,23,625,247,198,170,543,157,1242,824,583,1658,298,1230,1056,167,561,38,21,564,431,695,1289,187,1365,1128,554,1198,50,684,15,483,352,699,257,880,124,293,1021,707,116,8
33,40,6,19,4,3,574,708,716,595,357,68,249,532,736,885,945,909,808,651,450,242,63,74,119,57,85,315,541,775,922,988,71,770,512,194,151,474,772,969,1027,954,744,452,153,138,364,522,596,610,551,463,301,143,26,153,245,281,265,17,62,13,23,67,33,54,41,11,4,46,29,6,4,28,57,20,24,12,14,1,79,52,20,15,25,29,13,46,3,88,68,18,0,0,15,19,136,24,53,59,22,9,10,44,12,15,1,45,21,1,35,10,5,47,0,21,13,9,2,27,0,21,16,23,12,24,20,4,26,0,7,9,11,6,31,2,8,0,43,25,49,34,13,26,24,11,1,38,53,100,96,44,5,83,41,21,12,12,19,11,10,6,8,16,11,13,10,13,26,16,28,56,30,4,38,5,23,48,3,64,57,30,31,13,18,1,9,29,29,42,60,12,13,30,3,120,46,9,78,38,16,37,37,11,14,26,39,6,30,53,34,43,0,94,57,23,5,6,91,21,76,43,47,37,29,29,48,24,2,23,41,30,32,66,80,8,9,8,72,34,46,29,45,76,64,121,26,54,9,32,35,7,61,5,49,43
56,90,239,165,629,1202,925,153,355,151,461,615,81,993,1197,577,83,30,679,1015,519,452,998,671,12,20,645,1324,1199,125,619,608,144,230,397,1118,1551,637,230,536,186,690,258,779,1358,935,196,486,138,1003,762,391,1373,981,40,602,9,900,963,28,972,938,60,406,80,795,1121,292,755,875,165,481,160,691,1089,471,524,810,9,564,392,511,967,435,509,675,69,582,501,251,730,316,640,741,88,644,480,378,673,55,753,628,191,716,180,556,435,340,664,132,523,464,173,429,105,531,141,411,475,56,266,9,347,498,414,231,147,151,245,116,198,168,401,36,165,250,64,309,68,547,373,279,451,16,370,188,537,645,35,542,363,245,359,233,748,565,276,651,92,428,215,548,1054,539,384,670,140,465,144,624,1157,670,245,680,115,517,387,455,1140,848,14,459,138,474,553,174,826,822,194,307,74,464,704,244,482,669,276,244,184,248,724,504,62,430,255,91,275,57,532,692,409,65,282,147,586,368,221,722,626,96,226,213,641,776,145,445,449,257,112,130,624,832,529,78,314,200,126,190,411,857,788,240,59,119,501,446,125,674,723,279,197,79,741,1023,413,494
9,0,7,6,17,28,436,393,352,324,274,255,224,203,187,187,170,170,174,177,194,220,245,284,320,359,399,437,481,532,566,618,29,668,692,709,736,731,757,755,736,745,718,706,693,647,610,574,529,502,444,405,342,318,250,218,167,117,90,45,19,10,52,31,40,12,30,25,20,34,69,22,41,36,60,8,49,30,33,43,15,68,35,42,17,26,8,26,36,9,42,19,48,31,13,19,11,12,5,38,45,25,74,12,54,12,61,55,7,43,0,16,67,28,0,6,1,12,28,54,13,19,10,1,0,0,0,18,8,19,12,5,0,24,11,8,5,6,27,49,1,12,1,3,0,15,4,10,16,45,12,7,9,43,23,11,39,20,16,17,9,20,28,10,0,60,79,18,29,40,44,16,26,40,28,12,9,45,28,50,79,4,11,2,35,4,78,18,44,4,26,7,19,11,4,27,4,31,70,16,7,23,98,32,7,42,17,20,22,2,9,10,32,91,4,33,21,47,9,36,92,26,94,25,25,67,9,64,7,2,11,40,46,9,77,79,3,63,19,89,22,37,2,39,38,28,35,18,11,3,26,11,6,26,17,12
255,19,269,129,452,253,729,296,318,968,1215,766,260,1104,1090,392,192,66,494,609,1,1060,1791,1499,311,1237,1903,1389,155,790,735,37,114,68,736,1169,763,420,1565,1755,709,873,1828,1354,107,1171,990,99,902,571,505,1248,949,286,1464,1582,457,1095,1771,295,543,235,587,597,461,54,172,497,71,503,1771,1549,67,1143,1104,59,740,604,172,685,513,236,809,723,15,778,929,303,625,935,445,376,744,305,458,642,262,740,814,9,921,1028,114,941,1091,128,939,1049,219,686,741,107,363,131,387,428,150,676,496,217,539,104,564,76,153,162,23,71,175,183,135,24,237,387,267,532,154,380,478,5,493,428,71,372,59,433,391,356,1098,917,136,1133,1180,327,545,581,93,279,22,512,355,169,634,1068,704,169,897,902,325,263,398,137,218,171,297,850,877,61,1084,1557,836,502,1216,876,172,90,65,256,489,677,97,935,269,106,265,723,361,227,238,283,128,150,368,166,157,293,48,508,628,317,163,602,628,311,10,94,74,242,121,424,1143,1282,576,612,323,1500,658,355,697,357,119,101,531,1130,992,11,1178,1636,974,166,1028,1119,507,162,399,204,31,241,816,846,135,411,548,73,203,202
25,32,164,22,140,191,137,279,383,6,22,43,230,148,78,20,18,163,241,23,219,92,349,109,656,132,116,42,29,386,112,110,182,1,56,33,327,93,101,168,56,302,22,292,143,88,85,79,85,84,140,0,102,43,132,26,150,210,136,163,153,26,316,50,459,359,214,109,400,272,23,43,255,253,82,150,64,105,5,90,56,247,202,4,198,306,101,198,205,63,215,143,153,51,56,314,36,22,119,255,77,259,5,21,80,9,120,53,53,303,49,94,66,106,4,54,95,191,32,57,74,47,53,84,7,7,2,21,23,37,50,160,0,25,383,403,334,101,183,535,865,1168,1372,1337,1087,635,58,587,1204,1721,1991,1927,1645,1318,888,443,2,271,428,411,25,255,159,85,19,51,183,328,574,900,1208,1400,1515,1558,1559,1549,1577,1538,1506,1419,1312,1213,1010,889,779,782,806,2,84,75,151,0,67,271,18,141,133,47,174,119,273,198,56,130,68,132,23,594,102,378,43,203,331,14,105,255,241,53,104,8,126,8,241,199,59,258,46,23,273,185,290,257,92,99,46,198,59,22,233,123,77,61,8,84,254,160,95,163,118,95,224,562,94,106,188,12
8,9,49,38,63,44,14,42,22,35,65,7,2,47,35,35,62,26,75,48,22,45,5,13,17,37,14,90,39,33,32,23,73,33,66,23,31,74,33,30,25,32,80,23,7,70,47,98,32,30,4,35,93,7,20,71,3,32,50,18,36,59,33,4,87,42,52,65,33,9,335,268,185,103,34,29,77,104,108,117,131,128,118,99,77,45,9,42,70,106,127,137,167,187,207,216,16,253,250,265,278,264,255,226,181,141,99,48,8,20,33,41,27,5,44,101,162,239,309,371,407,425,405,18,25,6,19,23,10,12,25,38,7,16,16,4,0,1,27,34,9,21,27,28,30,59,56,13,24,11,12,41,54,37,8,23,3,4,19,32,6,13,0,30,4,16,26,40,13,31,20,33,15,16,35,35,7,8,30,4,45,7,12,33,8,72,44,30,45,9,4,76,97,16,28,6,25,16,4,70,21,0,20,35,96,30,27,143,46,54,34,10,29,6,2,2,41,49,1,2,23,16,102,59,4,22,25,48,12,19,35,56,75,16,6,79,19,14,47,118,43,83,31,12,21,67,14,8,27,12,23,14,24,7,25,92
42,10,51,95,112,36,612,686,498,114,349,731,906,829,513,55,401,735,856,781,541,242,4,120,56,161,475,744,863,751,434,20,44,744,805,613,224,245,637,817,711,351,188,743,1194,1414,1389,1159,807,436,138,19,36,50,178,252,256,148,45,92,36,9,76,38,72,65,4,89,96,82,424,795,1116,1258,1183,874,369,209,740,1119,1251,1128,821,443,140,11,90,339,660,926,1021,891,551,96,358,701,166,782,572,311,116,103,297,638,1020,1259,1228,887,308,351,896,1180,1150,876,508,189,50,87,211,301,253,34,286,92,14,18,8,49,13,49,3,35,0,16,230,168,9,191,341,388,312,151,43,205,301,327,307,268,225,188,148,82,3,121,245,345,375,321,186,6,35,324,341,221,10,283,505,597,530,326,85,126,241,243,172,89,20,19,73,178,300,382,399,328,161,62,293,64,96,107,61,4,88,111,34,145,65,1,202,351,406,366,273,169,88,50,71,143,240,328,359,297,149,34,194,257,189,13,202,355,393,291,92,158,20,595,721,755,703,573,387,197,40,61,73,20,67,142,169,115,25,205,365,432,383,255,114,12,26,16,4,22,151,67,0,9
12,0,2,5,2,4,886,1034,767,156,525,1061,1303,1204,828,277,242,630,787,658,321,82,387,427,151,343,885,1259,1348,1082,537,123,3,1114,1184,912,320,348,924,1157,1005,428,279,957,1387,1438,1127,592,24,436,693,682,437,50,309,487,366,5,493,2,4,9,5,1,0,1,2,3,0,0,2,1,2,1,2,1,0,7,1,0,2,2,0,0,0,1,0,0,2,0,4,1,0,0,0,0,0,0,2,3,0,0,0,1,0,2,2,1,1,0,1,1,0,2,0,0,2,0,0,4,1,2,1,1,1,2,0,1,3,0,0,1,0,0,4,0,2,0,1,0,1,0,0,1,1,1,1,2,3,0,4,0,4,0,0,0,2,2,1,2,4,0,0,2,2,0,0,0,1,0,1,1,1,0,3,1,1,0,1,2,2,0,0,0,1,1,2,2,1,1,1,1,1,0,0,3,1,0,2,0,3,1,2,0,4,2,1,0,1,1,2,1,3,2,0,1,0,4,2,7,3,4,5,2,0,5,0,2,1,0,0,0,0,4,0,2,2,1,2,3,1,0,4,2,7,2,1,0,1,2,2,5,3,0,0,5
57,209,119,378,30,109,721,738,141,529,851,263,427,861,508,313,726,634,147,648,711,174,439,500,25,423,327,100,408,106,161,94,803,465,113,353,801,123,559,1012,491,460,1061,763,309,929,979,2,743,943,307,762,834,330,253,558,388,14,317,441,344,330,382,809,200,652,508,67,476,915,512,953,647,64,175,7,164,900,296,612,567,468,296,58,834,213,621,526,39,229,241,60,60,208,659,402,79,353,628,404,116,102,75,794,57,570,51,503,272,144,80,417,54,180,341,411,391,199,483,362,74,179,306,313,74,365,191,553,360,212,191,164,26,84,452,93,265,95,30,77,13,210,896,18,249,275,341,244,393,71,299,316,298,133,124,271,33,157,30,1318,462,379,515,172,641,122,25,389,255,81,531,430,397,480,244,830,143,58,734,40,201,884,326,142,441,279,89,316,749,444,300,733,112,196,439,738,476,739,854,436,950,421,466,232,475,730,158,504,4,40,248,146,733,127,140,638,26,922,404,250,224,559,153,378,1076,70,1003,82,490,52,463,189,218,392,576,501,326,149,559,72,687,431,542,65,468,441,435,515,310,282,733,203,223,1074,216,216
237,16,8,22,1111,1187,1179,1103,919,689,385,40,322,672,986,1253,1423,1487,1440,1291,1060,716,314,143,598,1022,1385,1644,1801,1805,1677,1406,12,538,18,512,975,1341,1581,1700,1676,1531,1269,905,492,53,380,774,1070,1261,1330,1303,1173,957,669,355,22,288,554,752,889,13,32,24,20,25,16,22,18,11,7,12,4,13,9,4,2,2,3,1,3,0,2,3,1,3,4,1,1,2,0,6,3,8,1,1,3,4,1,0,3,7,0,0,3,1,1,3,1,3,5,2,5,2,8,3,1,0,3,1,1,1,0,2,3,0,1,1,2,2,4,0,3,1,3,1,1,0,4,1,0,2,4,0,5,1,3,0,1,2,2,1,11,1,0,0,0,3,2,5,1,9,5,0,6,0,2,5,4,1,1,0,1,2,0,3,1,2,4,1,0,0,0,0,9,1,5,1,0,2,0,2,6,3,2,2,10,2,1,3,3,1,1,0,9,6,5,3,4,5,2,6,2,1,1,1,11,11,2,4,5,2,1,2,0,8,8,12,12,0,7,2,3,6,4,13,10,1,2,0,4,0,8,3,10,6,12,3,11,7,0,5,8,8,3,20
46,232,103,160,81,181,33,39,83,18,165,229,15,377,86,75,30,133,93,58,293,125,352,19,309,69,76,177,207,39,22,313,327,346,298,89,38,156,41,204,66,205,199,44,422,151,87,207,91,121,1,23,231,265,220,211,53,286,290,235,55,89,172,145,46,476,97,255,344,63,56,2,116,221,253,136,289,164,103,109,131,181,86,149,44,242,160,278,116,56,24,56,138,61,166,233,70,9,129,54,140,150,250,62,231,147,100,178,135,158,74,46,247,87,29,29,277,12,76,2,44,44,78,107,81,47,35,42,79,59,79,88,65,64,309,361,49,385,229,91,180,148,139,53,343,614,94,801,846,168,1121,838,400,1032,583,379,776,232,275,205,23,51,278,210,329,743,378,655,1098,340,808,1021,165,568,431,126,141,50,449,929,335,981,1431,260,1265,1350,45,8,39,228,172,226,48,265,6,196,0,38,36,71,38,164,15,87,161,134,17,209,204,102,121,289,90,93,107,111,203,9,109,268,165,51,106,117,20,105,73,396,368,48,269,204,199,83,61,1,18,202,234,119,6,135,265,8,357,11,317,62,20,162,150,58,235,258,20,110
452,252,10,443,625,271,242,492,145,502,967,901,336,73,163,305,896,1182,824,264,135,23,565,1156,1109,412,155,387,45,559,921,632,188,835,837,223,404,631,10,791,1234,892,242,431,281,386,1088,1243,839,80,657,393,385,1045,927,121,836,1105,577,302,785,395,542,1287,1154,215,527,595,29,884,1170,696,346,846,626,122,725,643,64,810,1050,414,402,813,410,399,848,486,195,806,662,10,553,569,10,660,650,138,577,593,172,433,480,17,607,656,219,438,417,64,491,433,18,538,475,23,209,72,298,355,44,289,152,158,49,30,148,172,23,220,78,94,175,257,114,309,462,130,280,340,40,273,245,286,589,476,18,312,101,406,757,545,117,545,365,212,653,474,298,825,850,270,359,464,37,773,903,499,249,706,361,372,805,534,251,902,867,316,379,536,25,815,1074,802,38,382,392,267,809,785,227,384,640,354,144,561,419,130,588,694,445,36,286,106,228,504,573,358,116,356,129,238,488,574,343,68,257,134,330,757,732,381,201,335,44,478,788,567,97,527,631,168,389,466,65,601,928,724,236,257,160,395,893,985,648,111,189,45,460,847,821,348,105,318,139,1533
5,16,42,6,40,15,116,127,142,174,207,235,267,299,328,352,365,375,385,395,416,450,482,507,501,478,458,438,421,407,389,358,47,278,227,187,142,85,19,61,132,200,274,346,428,508,590,677,764,841,923,1007,1100,1185,1247,1296,1321,1312,1261,71,80,4,16,11,57,11,15,18,13,37,16,20,8,32,66,1,92,7,18,32,43,19,1,0,9,14,13,0,7,10,9,37,7,12,46,11,37,68,12,3,26,13,36,2,37,20,12,7,7,51,4,32,44,64,26,6,6,2,12,33,7,19,10,8,7,3,1,10,11,4,23,0,9,12,10,11,2,5,3,11,8,1,16,8,4,4,1,13,12,23,49,11,12,26,4,34,50,19,50,2,15,3,11,21,13,20,4,14,46,30,13,3,3,0,36,11,22,13,15,39,16,23,13,89,48,36,2,44,14,2,43,33,8,19,2,44,37,1,92,0,102,14,28,1,18,10,17,2,16,2,33,72,20,28,17,24,30,29,60,30,15,23,60,30,14,61,47,48,19,39,28,21,78,58,73,18,28,10,13,10,19,32,15,65,10,11,19,27,33,0,29,11,9,10,40,1
30,33,195,153,1,25,131,207,364,541,528,213,313,776,878,556,12,401,493,290,12,97,45,305,428,246,208,654,774,462,83,523,49,343,19,214,162,65,248,211,77,460,648,456,67,593,745,422,137,482,358,90,459,405,49,578,771,453,152,11,18,44,18,125,36,81,39,39,4,5,760,276,385,800,742,279,231,480,378,102,77,21,203,311,119,328,712,717,263,387,812,746,262,254,484,322,8,99,58,305,283,85,557,708,346,289,726,623,139,307,397,190,29,23,88,93,78,294,266,18,323,379,128,9,21,15,5,7,14,11,26,12,5,18,476,521,140,433,754,557,17,568,781,588,218,138,415,628,740,609,147,499,1021,1091,658,61,691,977,896,580,21,255,667,967,1007,694,72,623,1078,1139,843,353,159,593,897,1025,906,513,105,712,1092,1107,781,270,260,652,880,101,32,66,248,78,61,177,42,46,25,66,884,827,729,583,301,171,796,1327,1448,1026,187,693,1235,1252,889,446,136,57,299,684,1125,1312,972,148,810,1433,28,897,140,389,582,500,429,543,717,696,274,444,1111,1359,1032,338,381,807,839,608,357,214,187,86,188,594,911,37,92,89,88,25
23,105,37,13,30,51,75,67,3,31,47,6,72,76,107,128,38,40,174,130,0,30,64,36,37,21,171,28,49,13,64,76,91,44,102,95,87,29,61,140,115,17,3,71,50,55,12,97,6,6,13,66,53,45,18,161,6,138,72,29,62,94,91,24,7,25,12,124,98,56,589,940,1231,1491,1649,1708,1661,1536,1346,1054,711,332,51,389,686,874,980,973,892,699,462,143,210,540,849,1090,0,1186,1069,875,600,351,118,73,218,313,331,239,132,56,253,448,603,672,659,561,394,176,61,243,356,386,321,1,44,29,60,42,3,18,68,78,20,28,0,47,26,1,9,23,39,57,22,19,20,136,76,63,87,12,33,160,74,76,130,102,122,29,133,66,8,73,40,32,9,67,22,79,27,40,97,138,74,3,64,149,69,79,23,62,81,7,74,126,72,8,69,101,46,13,197,82,63,73,106,56,107,98,126,4,68,98,27,55,29,47,77,33,48,6,21,117,62,76,182,148,194,72,6,185,66,103,118,67,80,150,150,12,186,19,61,30,8,126,38,65,38,65,157,29,29,91,36,91,52,89,69,75,114,83,184,44,174,94,116,72
15,33,103,22,37,103,829,429,295,640,251,508,891,460,458,1096,910,91,689,838,399,135,267,11,208,12,478,762,410,414,1023,862,54,735,799,145,519,516,162,825,767,108,1088,1362,663,491,1277,1202,455,346,711,568,265,122,148,104,184,566,710,74,129,50,45,136,43,46,62,160,122,130,625,685,97,814,1357,1006,84,1171,1487,842,211,895,842,323,89,75,145,125,301,804,859,238,681,1210,938,82,19,838,447,27,36,141,73,445,998,903,21,1140,1498,736,508,1227,967,158,443,498,283,188,206,69,321,654,524,33,1,36,48,0,2,18,73,12,40,13,175,0,232,269,40,262,359,156,181,369,277,16,212,279,217,89,58,212,314,242,29,323,395,139,244,397,90,245,410,136,316,516,236,278,563,396,29,348,356,160,0,17,6,95,250,325,154,186,453,382,10,419,470,79,179,18,65,5,32,84,106,15,136,75,236,491,377,50,209,238,106,18,68,164,106,135,388,398,101,249,357,169,78,109,98,282,183,193,551,575,132,324,673,620,223,233,482,432,180,45,106,50,65,204,337,261,59,401,487,236,117,297,185,16,67,97,298,108,95,2,154,56
136,216,241,137,85,282,108,1001,213,37,818,803,109,358,257,268,333,180,549,103,894,941,434,404,290,633,1360,62,162,934,330,509,740,1260,1025,542,224,820,67,129,377,934,569,456,845,477,215,906,839,453,442,967,574,528,373,358,292,281,149,613,431,337,434,538,94,195,604,55,91,556,900,952,727,622,415,81,238,498,514,483,165,301,367,234,813,619,143,540,88,613,227,195,273,223,237,303,659,7,182,279,231,55,62,59,254,458,20,149,75,63,243,27,430,238,251,326,237,323,161,499,920,446,280,50,150,46,84,186,164,106,87,127,490,153,123,15,68,205,324,318,297,269,150,399,186,448,189,234,932,653,564,432,271,92,281,456,382,543,892,324,514,30,82,116,262,93,844,206,587,164,500,566,702,245,63,42,112,455,40,463,473,216,185,285,33,806,300,259,841,101,752,94,836,510,1039,224,369,215,0,217,420,267,495,304,444,696,223,288,206,214,327,256,271,831,535,110,736,954,420,415,225,168,1251,434,286,259,462,393,803,528,4,779,294,987,80,231,50,418,763,116,226,512,311,196,518,829,12,1,524,7,200,146,217,113,248,108
35,15,438,461,140,362,195,592,997,316,832,1144,223,755,807,129,317,236,60,253,457,44,904,1102,79,1419,1248,335,1335,746,362,538,149,62,450,597,225,1161,902,444,1381,786,531,987,259,460,189,386,199,608,754,245,1188,640,786,1231,82,1059,724,3,196,178,428,251,235,216,311,406,348,459,52,657,741,83,817,480,444,586,165,561,62,671,252,621,633,206,704,182,547,460,325,681,27,736,486,424,18,61,588,103,531,192,601,437,494,690,190,674,80,565,178,456,228,385,288,322,358,253,396,109,302,51,136,151,205,33,39,68,19,78,46,53,54,108,239,213,260,259,194,232,142,116,236,173,321,358,209,488,26,489,222,395,357,192,445,46,451,97,444,229,195,508,319,826,192,748,715,158,662,276,228,184,131,68,359,433,149,733,531,331,832,340,473,530,126,454,93,363,348,46,590,334,245,105,474,531,51,390,858,89,540,97,320,18,374,302,202,533,299,256,520,256,268,365,6,230,26,307,27,594,510,341,934,443,71,880,197,465,369,56,116,168,232,232,673,426,448,1014,494,627,1009,245,566,459,14,76,310,207,901,484,793,113,278,245,278,19
99,63,163,92,151,423,99,401,631,299,539,102,237,113,205,36,199,108,277,213,412,737,76,141,465,245,695,122,409,52,703,535,618,595,319,345,416,487,383,617,303,457,485,171,217,1259,321,677,510,20,35,128,397,1017,299,315,845,721,369,165,417,721,441,167,665,271,25,357,411,197,855,1008,312,1590,465,989,1076,110,752,185,422,89,424,291,210,1020,290,805,1140,190,1178,810,416,884,26,762,260,640,653,375,1187,245,1242,968,316,1281,446,565,783,45,381,209,187,105,365,68,339,433,99,725,347,535,720,251,99,327,161,341,171,177,126,177,177,227,107,17,100,103,457,36,527,148,78,333,461,95,312,365,358,127,154,206,261,243,541,595,907,523,489,463,130,421,611,681,285,360,77,575,248,157,6,377,707,281,129,36,367,171,763,503,279,851,445,380,229,857,519,127,116,459,161,412,834,1051,427,13,136,370,295,119,789,381,599,79,259,665,609,783,670,361,407,795,1249,331,9,503,707,343,473,361,1646,821,26,64,475,77,193,1153,411,973,469,349,91,167,208,9,657,244,200,221,115,351,693,801,751,1439,456,319,71,555,1027,487,405,491,120,188
113,371,819,85,213,347,613,167,546,130,379,342,242,592,721,184,726,1300,966,359,1397,1469,653,508,1038,854,318,157,303,44,123,197,307,707,98,765,1128,589,322,1026,655,55,319,261,196,259,65,342,731,518,163,661,520,16,312,28,32,295,377,157,577,196,237,302,580,99,667,483,126,769,925,28,66,65,232,171,175,156,345,713,295,417,235,39,152,1263,200,991,347,253,402,184,269,412,191,549,417,413,579,483,123,799,485,377,751,75,235,581,295,60,515,5,27,555,74,85,423,58,155,300,126,130,501,421,112,329,131,179,193,247,343,105,113,139,75,387,103,136,135,505,155,185,51,160,46,64,95,393,323,393,835,307,211,581,183,403,523,48,29,12,191,455,1197,46,517,487,30,569,541,833,137,299,119,243,433,283,33,402,301,513,452,493,103,431,278,309,665,110,797,947,189,711,1175,112,415,392,393,747,39,811,298,106,83,484,109,713,65,403,809,507,225,422,329,23,310,58,85,21,625,31,397,472,12,20,78,162,101,463,603,204,470,184,126,435,432,71,249,280,61,239,637,187,43,53,274,260,659,36,855,403,467,640,643,201,427,331
21,43,90,70,45,25,842,1006,805,261,391,924,1146,1012,578,12,592,996,1126,1010,681,298,6,124,41,394,771,955,866,479,107,691,101,1126,820,290,319,827,1014,736,77,759,1517,1956,1948,1560,939,286,280,646,798,745,575,403,346,417,585,823,996,10,24,22,13,38,79,47,16,98,35,1,0,68,26,8,13,20,38,58,61,41,24,34,37,44,40,26,53,7,77,41,8,73,19,69,119,25,53,58,12,44,4,49,104,25,56,43,52,13,9,3,17,15,54,4,27,1,44,39,69,1,36,27,0,32,3,10,2,13,13,0,18,39,19,10,24,31,9,22,24,43,25,14,13,43,21,52,62,0,61,50,67,83,19,29,52,40,75,47,40,88,65,98,10,43,3,24,4,88,23,24,121,64,31,0,27,92,6,56,68,48,6,3,75,56,87,75,0,127,156,89,41,107,64,83,29,139,151,121,102,65,22,47,73,102,55,8,164,28,63,20,115,58,14,87,12,135,2,37,116,21,118,15,102,13,61,18,11,71,77,71,14,32,97,32,28,17,0,7,54,92,14,14,5,44,14,8,48,23,128,21,24,25,72,33,74,26
10,36,20,48,40,18,477,336,156,39,261,465,655,812,927,986,998,951,863,728,563,378,177,20,210,375,519,599,646,642,587,476,116,162,38,233,418,594,728,823,889,917,914,864,811,735,661,576,508,440,392,351,312,292,266,248,230,211,192,113,20,119,121,61,64,80,21,18,30,118,97,229,380,535,689,818,920,992,1031,1016,958,859,717,547,345,117,114,353,590,790,962,1087,1165,1184,1150,1059,2,729,514,289,70,132,291,400,450,435,366,248,102,56,203,313,389,409,369,282,152,2,143,280,385,444,461,50,4,51,16,18,0,45,32,42,26,59,89,20,50,129,192,258,307,343,362,361,363,344,326,314,301,298,300,318,342,371,390,411,412,391,354,290,71,88,32,161,277,391,469,525,545,531,491,432,345,262,176,107,47,23,10,12,39,70,114,157,191,226,253,40,68,131,2,42,80,38,95,54,59,7,107,92,67,42,17,4,4,5,29,69,126,184,245,300,336,351,333,280,207,108,15,141,255,373,462,537,39,614,624,612,580,533,472,396,306,211,102,2,98,193,278,346,380,394,381,346,293,214,134,54,31,104,174,8,70,85,0,33
16,25,59,16,66,1,506,291,41,261,288,186,18,185,304,229,28,314,370,97,286,448,198,268,510,268,266,580,329,270,652,402,1,697,515,163,700,609,53,674,657,18,636,656,13,647,637,52,749,687,136,935,860,149,1156,1139,2,1263,1424,20,24,7,31,1,65,36,40,34,15,21,34,5,34,17,64,37,7,44,1,0,4,48,53,42,15,17,23,1,28,11,23,3,1,8,15,21,14,18,67,13,62,4,1,21,27,27,53,18,22,11,0,13,16,1,6,51,15,1,5,9,35,5,0,10,18,13,4,2,9,3,4,19,13,12,12,5,4,0,32,1,2,13,6,11,16,5,21,11,21,8,12,16,42,2,38,0,2,39,41,4,8,4,2,22,9,0,11,6,3,16,15,22,10,22,5,69,19,34,26,43,1,19,20,24,20,40,10,47,6,6,29,6,48,6,39,15,14,15,14,50,24,39,41,30,22,29,53,87,24,17,3,37,54,65,44,24,5,36,21,22,29,45,42,13,87,0,4,3,33,31,5,9,17,14,31,47,13,18,33,34,23,68,40,6,41,9,13,21,10,15,41,18,31,1,19,29
132,0,7,10,949,245,623,1194,1122,438,528,1239,1270,622,392,1247,1431,835,251,1241,1565,1044,66,1206,1689,1265,114,1153,1795,1458,294,1101,14,1610,458,942,1742,1581,562,748,1582,1522,623,608,1430,1431,666,447,1273,1338,677,333,1110,1224,650,234,930,1073,614,137,780,16,10,4,2,0,11,4,10,6,0,3,13,5,0,3,4,0,2,0,0,2,1,2,4,3,2,1,4,5,0,8,0,1,1,1,1,0,0,0,2,4,0,2,1,5,2,1,0,0,1,3,1,1,4,4,2,0,3,0,2,5,1,0,1,2,1,2,4,1,0,0,1,0,2,0,3,1,0,1,1,2,0,1,1,0,4,2,1,0,0,5,2,0,3,1,2,0,1,0,4,3,4,0,5,3,1,0,2,4,1,3,1,2,0,3,4,0,3,0,3,0,2,1,3,2,2,2,6,3,5,3,0,0,2,2,4,10,4,1,1,3,5,4,0,3,8,0,8,1,3,7,2,2,3,5,0,5,2,4,5,6,9,0,5,7,12,16,3,3,5,3,1,2,3,8,1,0,2,8,1,9,12,4,2,2,3,9,0,0,1,3,2,7,1,7
88,115,73,265,237,141,37,23,165,35,240,213,42,65,108,5,8,574,186,61,18,29,12,29,174,139,120,74,5,118,151,63,46,137,94,376,227,247,105,129,39,22,158,85,113,152,432,43,1,157,137,203,282,122,174,5,380,154,109,112,19,139,108,414,172,321,330,146,49,127,50,39,365,29,177,71,666,171,144,174,22,120,95,181,16,193,140,304,53,84,363,163,35,147,52,46,147,116,43,437,146,2,241,240,60,2,213,98,43,164,250,133,56,68,172,139,50,43,181,153,162,137,112,99,94,57,44,0,19,98,46,37,113,115,175,250,222,97,111,328,631,924,1166,1369,1403,1332,1232,944,572,169,211,480,693,771,782,719,633,376,157,36,12,351,376,422,428,465,502,684,864,1073,1244,1370,1451,1457,1500,1458,1463,1432,1411,1335,1190,955,642,319,114,543,844,157,40,180,213,116,68,203,314,136,174,98,162,113,161,158,6,322,120,153,33,200,119,21,157,203,348,203,231,213,8,275,186,547,182,170,106,216,104,200,308,369,1,170,50,181,153,67,198,186,221,60,196,262,81,54,19,257,0,413,74,120,210,74,289,414,191,216,63,102
57,134,12,285,30,142,131,107,66,535,863,624,227,945,919,255,333,366,5,17,458,927,577,440,1304,1271,392,692,1165,687,43,280,176,191,257,827,845,141,789,1177,714,234,910,737,40,431,345,80,283,78,552,463,308,969,826,136,1086,1108,158,382,5,251,431,88,49,226,721,82,575,308,855,1128,374,717,1051,284,721,843,13,805,714,166,807,581,200,678,407,299,691,300,482,824,303,563,817,249,225,604,7,442,244,336,508,69,625,465,238,651,327,286,445,58,300,191,202,298,22,337,233,95,232,104,57,61,28,33,136,233,108,47,286,275,244,2,353,50,306,228,127,210,67,252,2,371,339,117,535,432,94,533,458,46,515,398,137,501,219,345,460,46,72,430,210,675,497,183,693,486,136,523,259,273,355,159,649,424,420,930,543,308,758,509,83,401,232,140,309,417,85,286,94,993,253,258,327,151,202,61,256,124,171,184,108,408,415,130,419,721,499,217,774,576,82,451,288,96,244,5,419,537,84,693,1051,453,879,1062,682,106,495,362,79,88,300,348,42,518,962,744,126,972,1019,292,405,479,183,15,193,406,348,171,903,3,258,366,25,165
19,92,36,16,88,36,617,347,56,231,501,722,873,976,1021,1026,990,927,828,700,556,385,201,38,112,215,279,280,233,153,35,92,127,332,421,487,536,551,531,482,402,293,176,43,88,212,287,330,341,312,255,164,52,78,218,376,537,697,838,48,62,27,118,82,106,43,16,17,30,98,653,857,1044,1214,1358,1472,1538,1550,1509,1406,1236,1028,783,531,285,68,119,268,375,438,472,472,452,407,333,260,108,107,63,62,110,227,383,580,791,1004,1184,1324,1408,1417,1368,1254,1093,893,685,491,341,243,213,241,326,431,529,18,7,0,23,38,5,36,10,43,20,17,231,225,194,136,57,31,122,196,259,298,320,326,318,293,274,247,224,213,221,234,264,312,348,378,388,378,74,270,180,77,27,134,232,314,375,418,429,427,398,343,268,180,92,2,73,133,169,175,160,110,37,61,174,147,87,88,73,85,65,43,3,167,76,55,214,210,207,201,180,153,117,89,75,63,80,105,140,183,226,248,251,233,178,100,17,149,279,407,503,591,101,635,616,579,550,501,462,419,354,279,167,44,80,213,321,398,425,418,365,277,172,74,26,106,177,233,279,77,174,112,30,16
11,0,3,1,4,0,1024,1014,630,41,576,1067,1334,1324,1072,659,187,253,568,680,549,223,205,601,824,780,442,54,614,1090,1392,1438,8,758,179,397,886,1100,1024,596,10,677,1232,1531,1500,1172,661,112,364,704,830,731,451,59,324,571,596,363,51,6,0,6,6,0,8,3,4,1,0,0,2,2,1,0,0,1,1,0,3,0,0,1,1,0,2,0,0,0,0,0,0,2,2,3,3,2,2,0,0,0,2,1,1,0,1,3,2,0,1,0,1,0,1,0,1,0,1,1,1,0,0,3,2,0,0,1,2,0,0,1,0,2,0,0,0,2,1,2,0,0,0,0,2,2,2,1,1,0,2,0,1,1,1,0,0,0,1,1,0,0,1,6,1,1,0,0,2,2,1,0,1,4,0,1,2,0,0,3,2,0,0,0,0,0,3,1,0,0,1,1,0,1,1,2,1,2,4,4,2,0,0,2,1,1,2,1,0,1,2,0,2,0,0,1,2,5,2,3,0,5,1,8,1,0,3,2,1,2,1,1,1,3,2,0,0,1,0,0,2,0,1,5,0,0,0,0,3,1,2,3,0,3,0,1,3,1
6,86,198,30,137,0,28,25,222,322,11,112,276,363,60,5,63,129,171,271,88,67,89,247,305,120,199,80,182,220,473,68,21,60,8,124,124,544,295,243,198,173,121,99,27,44,69,363,79,251,277,63,48,88,205,5,437,255,138,6,147,114,104,93,8,252,171,60,190,82,74,167,424,115,3,271,24,143,218,41,11,136,196,86,54,127,126,143,168,167,49,37,128,164,206,208,211,185,66,129,189,275,123,215,71,186,248,32,13,29,18,7,140,40,0,156,24,115,14,20,109,182,22,63,11,49,40,119,23,35,66,3,30,150,380,207,238,368,28,180,159,103,140,91,465,441,331,937,413,738,1149,176,914,935,39,712,544,109,267,19,202,166,272,23,549,668,74,972,881,180,1145,755,268,740,343,21,66,60,596,727,174,1292,1052,464,1485,892,520,56,229,133,17,275,228,299,91,209,107,229,416,163,60,52,60,64,132,244,162,10,41,270,89,92,50,90,216,237,98,147,48,5,71,183,464,102,148,125,398,357,71,179,150,35,59,91,197,97,131,252,111,253,56,362,231,145,119,64,197,79,38,116,485,211,74,50,124,168
23,758,528,83,685,345,251,404,525,112,115,139,368,392,580,223,144,353,756,717,399,144,218,589,506,538,330,49,282,332,547,359,54,103,94,198,408,586,317,144,250,595,850,706,471,244,517,825,863,335,74,713,819,555,181,419,507,203,105,115,398,675,374,320,867,374,448,719,61,448,180,164,408,4,557,397,442,292,441,15,583,12,21,446,1153,217,507,165,203,539,456,12,382,532,157,183,475,203,52,147,746,616,178,382,640,142,477,50,60,12,681,108,84,102,109,223,449,29,15,422,331,237,345,230,233,61,78,307,183,165,269,47,146,311,19,147,140,355,60,203,167,98,66,74,219,209,199,250,8,291,500,208,571,459,420,287,1024,78,157,67,784,803,64,133,772,230,380,164,237,152,491,79,61,551,129,342,5,178,598,511,182,393,1180,92,547,84,28,756,91,282,118,90,193,437,536,127,82,729,245,188,13,188,423,330,379,626,228,206,273,456,26,58,651,71,522,327,26,184,55,475,77,12,329,286,132,341,275,1088,1707,704,143,122,167,779,678,467,816,67,759,507,926,680,257,109,643,675,324,264,1932,219,358,525,903,245,166,601
18,12,46,46,105,33,30,56,19,32,41,5,29,51,67,19,1,41,77,54,76,11,26,11,94,25,11,92,5,76,12,26,59,88,83,24,5,6,15,16,46,104,43,67,14,34,1,23,109,81,11,1,41,10,70,98,52,81,7,95,10,152,16,76,27,17,1,27,5,62,83,304,529,769,950,1075,1151,1151,1102,1001,843,644,402,128,122,346,538,654,738,743,684,592,431,234,0,240,23,572,652,636,563,449,309,147,2,123,235,295,303,264,164,39,118,258,379,444,461,414,313,159,16,119,206,24,14,26,2,2,39,14,16,4,6,9,88,16,3,51,76,21,23,20,45,53,71,4,13,41,38,18,4,97,71,5,16,2,8,28,29,67,48,29,14,43,18,167,90,87,35,11,103,93,62,12,89,48,0,35,45,71,31,36,49,76,17,30,50,32,89,79,48,32,52,83,94,102,37,69,19,65,134,27,15,67,38,42,21,55,30,24,74,19,195,87,117,54,148,25,11,32,31,58,34,48,17,129,105,75,50,6,21,78,9,57,67,129,16,20,203,13,54,4,11,12,25,22,133,57,26,73,61,48,43,6,59,71
7,10,54,78,86,181,100,348,538,634,601,428,132,208,535,795,943,973,899,744,542,321,131,15,60,5,177,425,702,937,1075,1088,116,684,342,24,346,600,719,701,553,286,42,413,751,1017,1173,1227,1183,1052,864,653,462,321,241,257,358,533,721,100,9,11,95,98,16,17,153,167,56,114,394,288,80,188,508,833,1121,1336,1442,1415,1256,1000,696,403,174,38,20,113,280,497,738,952,1117,1200,1184,1074,39,621,373,190,115,181,361,630,927,1180,1341,1356,1215,942,582,197,135,358,434,386,249,92,12,21,77,251,454,0,3,12,47,26,1,11,33,46,14,86,195,187,118,0,133,262,354,393,385,339,271,207,151,105,68,38,6,53,115,189,267,333,381,387,341,249,71,67,232,375,468,487,425,291,131,43,194,291,307,262,162,60,28,74,56,11,108,223,318,386,421,413,374,196,5,15,171,44,9,42,106,41,110,54,121,11,106,166,169,136,66,16,110,177,226,224,180,105,5,85,139,130,73,40,169,307,418,484,537,534,20,442,360,250,120,11,84,154,177,146,90,0,87,170,227,241,213,132,15,104,213,273,266,196,93,26,112,134,69,121,97,107
20,4,13,9,831,1185,1038,481,293,994,1308,1098,426,449,1172,1431,1128,350,619,1356,1553,1147,229,816,1550,1670,1100,60,1068,1763,1737,1007,4,1304,1847,1631,760,410,1374,1730,1362,455,626,1392,1552,1073,181,770,1337,1335,787,66,838,1228,1080,498,254,841,1056,812,257,3,22,15,6,13,23,0,20,9,9,0,13,1,0,2,2,3,3,7,1,3,2,1,2,3,1,1,3,2,4,0,0,0,1,0,0,3,0,0,2,0,0,1,2,3,4,0,3,2,0,2,4,7,2,3,2,0,1,0,0,3,0,2,2,1,2,1,1,1,0,1,0,1,0,2,1,6,2,1,1,5,0,0,0,0,5,3,0,0,2,0,1,1,1,2,0,4,0,1,8,1,2,2,0,2,1,2,1,0,0,0,0,0,6,0,2,3,1,0,2,1,0,1,2,3,4,2,2,7,6,0,0,1,3,1,1,2,6,7,14,5,6,2,8,4,4,3,0,8,7,2,8,5,5,7,3,9,7,12,7,1,10,4,10,12,4,9,6,6,0,3,10,5,6,3,6,7,0,0,1,1,9,10,1,2,3,18,6,6,8,5,13,8,16,30
40,340,421,304,281,220,262,330,167,202,88,481,19,916,559,824,1222,134,1276,612,733,769,105,377,79,1,434,243,577,752,50,922,376,318,997,490,579,708,20,376,6,91,441,390,656,1027,244,1278,430,974,768,465,646,243,511,230,415,322,463,403,299,439,8,53,104,105,0,381,695,120,65,394,279,427,507,355,722,136,819,131,764,381,633,578,384,659,82,584,101,449,160,358,142,408,235,453,202,388,482,266,568,153,565,50,489,26,438,71,471,95,590,17,615,133,492,201,336,109,309,48,343,109,351,154,33,111,268,95,61,26,49,175,226,63,50,74,159,162,277,380,257,581,65,595,87,476,43,386,60,479,155,658,51,810,143,809,384,681,499,443,53,302,319,404,424,460,724,155,910,414,664,799,186,788,187,550,271,388,211,412,243,478,375,588,661,574,1059,105,375,97,32,5,230,1720,420,18,234,871,131,796,400,466,553,135,489,78,315,145,210,115,224,193,215,426,20,587,435,355,704,47,532,276,189,39,205,148,701,235,816,868,245,1068,484,505,646,118,186,130,169,310,67,527,579,161,789,439,454,813,209,741,839,1,297,143,91,240
73,157,837,505,403,409,748,227,299,428,125,465,580,243,345,965,1103,337,833,1598,1308,215,793,1382,900,385,109,422,149,45,100,443,453,678,63,748,1285,766,69,927,904,405,224,518,119,196,366,230,330,662,513,74,468,408,142,21,14,194,103,1155,301,551,855,1063,59,441,144,663,605,1149,327,393,391,581,359,133,113,206,277,53,549,295,503,367,165,20,524,140,235,1187,24,10,393,89,258,943,771,63,217,731,625,26,248,355,741,343,50,534,283,155,421,79,187,569,397,297,186,166,216,599,365,457,53,25,129,173,115,79,135,303,149,107,114,289,469,227,139,68,215,225,263,119,107,69,248,327,541,242,687,7,595,271,879,431,305,22,309,121,171,417,1157,773,783,931,373,391,90,113,521,253,325,251,49,203,107,381,923,195,445,147,181,138,304,216,1149,27,309,517,77,84,525,1325,345,81,95,149,563,1149,505,295,703,186,192,119,519,605,555,165,389,671,301,805,871,12,603,423,421,581,545,627,71,196,899,84,107,841,571,705,1081,493,961,459,1347,435,1011,356,321,571,451,335,565,1093,703,525,861,303,723,853,283,385,18,502,238,188,285,397
686,446,176,92,658,1088,714,2,368,51,315,270,345,950,1019,363,48,39,576,703,197,703,1150,748,16,18,784,1346,920,222,1085,658,39,196,629,1557,1380,293,490,448,201,463,213,1070,1287,551,334,410,290,828,349,722,1271,731,298,465,323,953,600,546,1218,765,222,685,192,945,685,550,1270,789,259,542,127,962,779,242,1103,774,205,611,7,772,838,90,837,536,145,631,85,482,588,247,899,501,483,820,230,480,383,545,914,223,666,635,99,528,10,714,625,202,590,173,323,185,422,469,138,550,249,312,257,204,276,63,87,477,154,13,32,44,338,210,56,206,63,215,24,321,7,429,418,99,405,101,355,165,406,742,430,332,401,151,481,43,809,880,308,440,328,434,460,198,1018,935,77,545,216,517,507,454,1176,934,59,544,139,568,540,399,1182,1036,100,402,108,597,601,127,917,939,278,271,215,434,655,219,514,747,399,98,205,198,598,524,113,496,298,149,289,81,408,662,247,269,331,92,436,391,164,512,458,34,182,97,726,792,343,434,523,111,183,126,809,1064,627,65,326,6,247,115,451,946,849,278,19,173,473,401,32,545,691,363,39,169,607,853,358,709
22,4,3,24,17,95,272,49,204,440,637,787,866,877,871,817,722,620,495,374,250,120,14,90,155,162,112,8,110,242,387,520,69,674,686,672,595,490,321,99,147,401,638,817,949,1013,1008,966,881,771,642,498,315,93,104,307,483,639,737,41,60,4,31,40,31,48,61,4,52,31,12,1,14,43,14,22,16,20,7,101,23,50,30,10,15,80,26,40,17,35,7,12,11,12,94,56,24,4,12,39,27,58,32,42,38,9,36,53,0,32,29,0,8,3,24,2,41,12,8,15,8,37,0,9,5,28,10,0,40,0,2,10,8,50,9,17,0,19,15,9,18,15,55,35,11,37,26,15,7,51,2,9,38,9,81,5,22,31,36,19,18,13,20,40,55,6,46,25,38,58,35,7,11,75,9,20,49,68,35,21,20,57,20,22,32,56,16,22,30,64,14,36,56,88,9,7,20,23,1,74,37,5,18,57,54,10,162,56,46,53,78,49,86,11,9,26,22,48,41,57,2,98,53,17,35,11,12,4,12,55,72,5,5,111,6,9,96,62,26,23,17,1,15,16,6,30,68,64,17,17,50,17,37,29,38,5
35,56,6,73,51,106,670,596,479,328,149,39,237,406,557,650,716,719,680,602,506,373,225,67,113,285,460,637,793,922,1011,1050,101,966,847,670,450,213,52,305,556,782,974,1121,1211,1247,1229,1159,1048,883,698,482,249,26,186,384,552,691,797,56,117,64,12,48,40,33,4,50,84,42,330,553,777,995,1179,1333,1430,1483,1478,1408,1295,1125,917,672,415,148,114,369,603,802,965,1092,1165,1198,1171,1098,16,819,612,380,129,124,372,596,788,919,1002,1014,968,871,725,558,389,242,132,77,73,133,245,385,530,663,755,27,23,13,42,27,16,30,41,38,11,16,35,45,135,223,297,351,388,393,385,364,335,307,287,272,265,270,292,322,354,389,419,448,454,442,413,361,20,188,86,21,131,227,306,369,398,402,381,333,265,182,93,7,72,148,213,249,282,288,287,274,242,201,137,236,46,103,27,33,89,111,73,116,4,52,534,493,445,382,315,233,148,43,53,157,247,334,395,416,401,351,265,156,27,100,222,330,425,498,561,599,97,649,658,653,626,594,528,450,360,254,139,33,85,178,261,318,360,387,383,342,281,197,90,26,144,260,359,71,58,57,47,26
20,9,12,41,42,35,185,169,160,169,186,210,221,250,280,310,339,371,393,415,443,452,468,461,464,445,425,384,357,297,252,187,25,61,8,74,135,207,278,346,413,483,550,620,675,726,767,802,810,825,817,800,757,716,654,590,494,393,276,28,19,27,8,72,17,35,22,21,47,6,1,30,11,75,30,69,41,24,13,35,27,15,12,35,10,72,47,1,16,30,33,6,41,11,6,21,25,7,5,11,22,1,6,30,6,49,10,16,1,2,12,12,7,25,1,7,77,0,5,20,11,9,2,13,2,6,11,3,6,12,0,5,5,12,6,24,3,5,1,3,38,32,17,12,16,54,17,9,4,63,18,51,36,0,3,10,1,1,44,9,18,6,10,6,40,30,38,8,5,11,16,18,3,42,7,24,9,47,2,13,8,20,14,10,7,13,17,4,22,5,5,29,0,72,19,0,24,36,44,5,27,40,7,11,23,42,28,41,34,13,5,15,15,16,17,42,1,16,8,27,35,33,17,30,14,18,15,24,9,2,7,37,93,12,40,38,52,36,31,49,19,27,5,49,31,1,2,21,35,26,7,19,12,15,33,1
45,215,1,196,169,153,26,303,153,248,167,105,91,106,310,179,101,223,118,80,19,188,102,192,268,242,78,146,39,480,186,64,64,206,526,74,137,81,177,247,262,77,210,109,0,216,258,18,144,168,101,73,42,148,43,105,95,135,167,240,138,37,11,273,186,231,226,219,168,30,99,61,50,129,148,63,167,375,60,213,282,54,304,22,32,170,95,95,341,164,163,30,146,81,32,21,181,21,142,22,68,2,112,111,81,68,331,162,80,33,78,157,45,56,99,8,143,140,252,20,44,130,53,37,30,70,37,9,49,9,47,1,39,26,351,103,749,937,274,739,1187,403,856,1239,199,1222,1538,216,1537,1867,460,1120,1514,672,399,753,267,258,140,201,18,128,258,509,442,138,330,822,773,59,1114,1322,534,538,1265,1314,623,309,1117,1426,1043,308,406,889,1190,1313,1026,189,175,164,254,223,379,105,119,43,66,116,54,101,160,85,392,77,188,54,198,179,81,14,58,5,164,127,111,95,97,7,133,30,205,129,75,50,244,158,160,75,288,60,9,9,282,43,6,98,36,59,234,7,153,151,54,203,356,356,18,385,226,161,220,7,295,23,75,67
0,16,19,63,47,18,14,13,26,37,11,35,81,8,57,28,42,5,42,14,56,4,58,63,8,24,93,75,56,13,9,3,68,71,59,11,54,17,9,30,40,50,23,56,11,59,37,35,47,10,25,51,33,68,41,20,47,28,62,2,37,24,11,4,44,11,54,33,0,7,306,51,380,791,963,851,498,61,321,533,533,359,122,97,127,70,451,893,1188,1224,968,470,113,619,950,1039,53,572,186,137,319,289,98,164,373,421,301,63,178,321,343,259,137,45,42,108,205,262,202,32,183,364,420,26,14,15,40,9,5,18,22,0,26,8,28,0,6,5,3,21,20,26,18,28,47,29,63,68,27,26,77,15,116,3,16,9,12,2,26,44,90,42,7,25,31,41,23,35,28,5,30,13,11,61,37,81,46,60,27,19,41,82,47,35,21,2,28,61,0,37,66,45,37,11,39,5,47,33,4,4,18,52,8,52,39,16,27,30,73,19,47,14,5,11,21,29,32,1,76,42,65,37,46,30,38,72,7,4,40,5,32,80,108,27,56,36,33,112,95,7,39,54,23,35,41,2,31,9,81,20,1,7,0,70,3,57
23,36,53,46,43,106,533,260,76,414,686,857,890,795,596,328,42,216,409,516,540,447,268,34,222,447,600,652,587,423,165,118,12,593,702,687,549,288,55,443,818,1151,1374,1478,1448,1307,1079,822,554,325,148,50,32,91,214,373,536,664,728,26,47,30,9,118,59,32,62,127,49,40,145,385,666,960,1234,1459,1576,1566,1424,1167,849,513,225,29,79,67,47,237,473,725,951,1126,1217,1207,1080,865,28,332,119,1,23,168,429,734,1044,1272,1367,1311,1104,770,383,4,295,470,502,411,242,60,60,83,11,198,436,61,35,40,21,52,3,4,3,3,77,7,34,111,239,315,334,304,218,111,0,103,175,236,266,278,282,280,289,304,330,361,381,370,316,220,91,59,21,316,371,357,279,137,26,197,337,433,460,435,360,253,141,46,10,16,23,110,228,351,455,513,521,438,287,106,47,26,52,128,13,31,0,166,2,15,151,195,208,199,183,145,88,11,79,162,223,247,207,109,18,139,221,233,176,48,101,268,415,515,574,602,50,568,508,422,309,197,75,24,80,97,57,23,124,220,302,365,392,375,312,223,100,16,104,160,165,117,36,57,55,34,47,14
12,421,101,171,288,402,990,436,333,385,69,296,214,734,604,333,1112,1001,14,880,966,353,333,424,3,48,379,640,292,671,1490,973,5,1586,1330,42,1042,926,51,316,59,522,144,910,1310,379,1056,1547,628,778,1203,446,574,616,311,847,151,1245,1529,678,19,117,504,138,88,126,418,161,175,169,63,572,314,578,903,194,768,948,178,705,740,9,704,534,222,768,318,556,829,61,779,593,285,774,204,688,531,183,902,552,419,821,140,563,406,252,500,114,623,226,530,599,141,708,285,426,489,65,363,125,173,0,268,104,99,160,136,127,44,105,123,123,232,250,115,107,116,108,199,250,135,379,84,367,375,186,550,188,444,478,170,564,199,555,661,181,889,641,371,932,373,365,608,48,386,107,451,491,234,930,747,275,1144,877,216,975,640,251,711,185,492,378,318,710,216,605,787,183,143,116,385,141,547,203,174,24,867,576,134,451,454,14,480,545,199,290,398,141,82,66,113,140,83,358,481,207,315,649,398,61,421,349,120,180,345,100,331,861,790,48,975,1138,418,623,912,418,161,284,112,172,292,762,480,466,1016,741,216,832,656,83,545,140,872,326,365,70
36,89,189,588,47,702,1169,332,697,1089,547,456,992,632,239,654,392,148,225,153,308,239,837,595,507,1198,597,555,915,268,299,197,122,136,449,727,149,834,1021,164,899,940,54,713,506,100,242,197,255,340,926,399,863,1349,398,923,1161,468,314,75,649,910,623,94,238,369,1125,275,90,168,10,505,474,317,683,64,730,486,451,787,14,771,436,473,735,83,767,446,511,804,49,784,531,370,666,50,200,248,382,389,227,520,12,552,331,312,502,11,416,180,227,164,186,167,267,299,209,509,63,469,299,246,307,39,112,45,9,39,153,78,91,174,198,154,142,322,246,225,417,15,378,160,227,103,256,161,331,509,46,607,495,277,591,216,349,278,142,157,250,292,607,659,230,625,814,188,663,753,158,473,407,68,206,274,516,135,907,771,356,1143,739,377,924,461,307,453,2,250,108,216,390,97,262,264,175,66,181,746,470,154,196,250,43,67,101,259,151,268,568,435,229,679,449,145,340,4,78,352,618,9,921,989,56,1071,58,0,767,691,105,355,277,23,125,211,421,15,868,841,157,1054,804,117,671,522,34,151,22,163,267,740,289,196,338,13,456,143
0,2,0,1,6,5,318,259,825,1165,1250,1069,681,202,255,647,891,954,827,540,180,163,391,416,203,178,634,1053,1340,1411,1246,878,1,141,627,973,1067,935,517,60,661,1155,1439,1429,1148,683,173,306,659,845,836,651,350,9,319,494,459,205,162,1,1,4,3,2,1,1,2,2,1,2,0,0,2,2,2,4,2,5,1,4,3,1,1,1,3,1,0,1,1,4,1,0,1,1,3,0,3,1,2,0,1,0,6,1,0,0,2,3,1,0,0,1,1,2,0,0,2,3,0,1,1,0,0,1,2,2,0,1,2,1,0,2,1,1,2,2,1,0,0,0,1,0,2,0,1,0,0,5,3,2,0,0,1,2,1,2,0,1,1,1,2,2,0,1,1,0,3,3,2,0,1,0,0,1,2,1,2,1,3,5,0,0,0,2,1,2,2,0,1,0,0,0,2,3,0,0,1,0,0,1,2,0,1,1,1,0,1,0,0,2,1,0,1,2,0,3,1,3,0,5,0,4,6,0,5,4,2,1,0,1,1,2,3,1,4,3,0,1,0,0,2,3,3,4,0,1,0,1,0,1,1,2,1,1,2,1
54,3,14,15,1180,1133,943,668,281,151,580,959,1241,1366,1357,1190,874,435,75,597,1078,1429,1616,1627,1437,1073,553,46,661,1215,1647,1870,15,1605,1160,577,63,696,1213,1546,1679,1609,1345,930,406,143,664,1086,1330,1395,1281,1026,653,222,234,603,883,1048,1052,927,710,30,20,22,5,4,17,7,14,5,5,8,14,2,2,0,7,1,9,3,2,3,5,3,3,0,4,7,2,3,1,5,2,3,0,7,1,2,1,0,1,1,4,0,4,1,4,3,0,1,2,2,0,4,7,5,7,2,4,4,3,1,3,1,2,4,2,3,2,1,1,0,1,1,4,0,0,1,2,2,0,4,2,0,1,3,2,0,0,1,2,0,0,2,2,4,2,3,0,0,3,0,2,3,1,4,2,1,7,4,2,0,1,3,0,1,3,0,1,0,2,1,2,3,2,2,0,3,0,2,0,3,0,3,0,0,0,3,7,9,4,10,3,1,1,12,4,9,2,1,3,4,0,1,0,3,9,9,1,3,10,8,13,3,7,5,11,2,0,3,7,1,19,9,6,4,10,4,1,0,6,5,18,0,10,4,5,14,10,15,10,15,28,17,16,8
39,146,2,756,487,780,609,95,550,1002,419,410,727,548,38,790,661,24,630,688,164,450,379,255,108,185,4,169,331,110,199,183,106,206,172,640,347,428,841,692,168,1151,930,115,853,1041,500,442,981,490,311,904,623,58,609,506,155,136,385,84,816,165,742,214,219,1019,317,445,307,148,262,367,587,296,428,335,7,152,479,476,112,33,340,247,269,408,71,340,942,404,380,107,507,196,332,326,233,182,60,179,590,119,143,275,452,198,119,104,148,803,181,183,635,363,63,26,258,228,91,110,559,276,525,36,14,130,43,148,111,47,206,311,174,168,91,70,16,203,64,79,778,284,202,61,300,337,397,101,251,585,630,359,431,82,344,451,356,210,731,337,539,165,295,562,68,236,292,84,840,315,649,22,23,79,855,333,698,74,78,333,323,362,157,623,250,321,108,151,417,312,35,224,284,373,457,95,60,604,561,564,628,311,855,379,186,407,1029,20,116,608,1069,695,673,325,69,738,490,477,374,413,441,477,467,718,5,1007,789,331,156,216,510,71,185,161,480,12,352,337,554,60,119,431,190,317,437,1071,23,52,650,40,415,488,513,398,827,125
1120,159,367,365,1331,865,398,1100,488,150,386,1286,934,589,1572,879,183,158,886,624,1066,1870,978,409,535,286,112,1167,1988,757,814,1134,79,99,1072,1513,372,1370,1342,125,396,584,1091,82,1663,1427,185,710,118,811,232,1838,1297,753,1400,73,722,525,1691,657,1361,1569,200,945,269,1148,9,1800,1385,609,1157,72,1037,94,1619,933,985,1538,116,1065,36,1152,481,1349,1233,557,1252,72,1179,164,1073,540,1132,1143,603,1210,38,895,89,910,206,1187,891,550,825,298,438,567,1040,42,962,390,485,110,530,125,631,314,411,380,192,299,255,173,427,59,78,359,285,59,419,221,57,39,174,201,289,105,606,497,360,553,203,332,524,910,224,1054,435,607,192,736,382,1099,1207,252,974,93,685,224,1233,341,1043,1270,47,545,226,673,496,1458,849,785,916,101,281,589,1269,224,1405,1270,51,476,290,859,273,1526,1071,456,743,20,418,305,1337,914,481,894,271,348,111,816,626,304,904,531,23,13,571,294,219,868,554,104,28,469,539,289,912,899,12,239,268,338,588,1507,1009,240,723,58,33,780,1443,603,750,1028,425,95,505,973,243,1117,1305,271,320,235,633,38,1285,1315,52,541,180,513,108,1221,997,1221
9,105,60,251,34,349,79,102,173,0,267,122,71,60,74,31,211,213,107,193,269,31,103,24,185,127,306,102,131,120,80,152,317,198,316,184,42,28,348,498,119,101,3,121,73,29,114,14,239,95,232,80,334,97,26,86,41,179,343,225,98,130,0,269,168,297,82,456,207,65,0,195,130,253,80,12,80,203,153,139,29,96,279,76,148,38,24,57,434,93,228,25,209,148,318,145,54,99,81,120,50,158,56,53,229,57,226,179,133,123,48,76,9,228,94,41,102,146,173,64,5,11,82,71,22,16,19,94,65,30,91,35,126,21,319,315,143,376,27,182,169,109,23,274,349,196,776,257,905,899,482,1263,184,975,719,371,669,22,260,52,6,273,201,368,584,79,767,741,313,1125,524,727,854,59,504,248,141,150,406,871,87,1260,992,776,1569,208,1166,124,59,6,24,55,29,95,40,55,112,289,156,213,77,186,18,235,57,45,127,59,242,213,19,116,116,40,13,12,33,172,36,74,7,151,280,235,176,220,185,206,236,45,7,166,135,284,178,24,196,175,315,44,116,79,77,191,5,286,75,281,175,155,65,289,15,38,161,141
43,188,2,445,418,210,430,85,571,388,338,253,189,120,167,335,451,13,599,608,86,619,555,92,348,414,141,64,452,430,73,271,577,294,216,330,442,156,632,553,243,684,664,165,431,715,267,461,986,356,394,766,477,655,800,167,518,437,71,564,659,296,442,562,108,491,258,566,347,486,37,449,35,716,464,123,929,253,169,590,795,406,646,303,335,363,861,592,35,475,636,506,39,191,262,848,115,139,11,254,68,695,58,295,385,63,42,251,629,198,18,415,552,444,209,79,112,81,146,363,99,129,217,113,407,73,172,130,157,49,252,82,61,213,126,391,194,64,40,630,96,116,137,90,310,116,370,0,223,165,246,334,406,19,74,283,428,151,562,577,184,410,384,412,154,154,72,365,217,575,276,227,929,244,60,462,962,808,643,175,157,767,325,297,122,51,442,423,463,341,226,298,239,784,438,143,636,437,233,281,96,438,959,406,1139,140,71,532,202,392,163,663,185,755,763,519,487,543,185,609,901,34,268,1119,744,670,328,293,59,170,831,691,379,318,1140,164,332,508,581,644,101,127,307,71,251,74,535,313,95,969,366,407,698,630,574,293
27,14,94,125,131,80,207,497,528,164,683,311,581,958,358,637,1046,546,323,765,505,18,220,40,64,244,624,441,383,1041,764,273,79,681,218,675,241,476,535,215,950,754,322,1269,1133,13,1114,1230,399,524,814,503,109,43,102,321,604,587,42,35,173,67,67,20,4,39,177,139,53,7,270,735,397,635,1347,912,402,1434,1280,138,923,1081,422,247,371,137,98,386,530,84,731,1096,529,558,1167,776,147,695,518,86,5,194,61,560,992,489,723,1456,862,542,1376,915,218,869,637,77,189,200,284,395,186,372,723,34,36,26,13,24,6,56,19,37,12,27,114,192,29,294,240,115,375,237,136,358,241,46,240,265,140,64,254,308,130,185,385,247,117,364,231,128,92,99,266,323,33,419,387,54,454,410,20,310,314,101,62,82,80,161,210,41,269,411,177,237,412,172,194,79,59,18,46,37,92,48,1,46,31,37,337,463,266,72,280,240,110,38,23,72,257,317,97,254,400,176,139,222,25,131,9,289,320,59,515,595,259,473,707,384,179,523,444,119,148,222,163,124,121,58,141,353,349,26,351,420,135,198,192,29,103,105,334,73,55,33,140,14
2,18,69,0,50,62,14,40,63,56,73,90,64,67,23,72,74,23,180,104,141,111,85,82,242,65,76,28,164,65,25,19,42,66,29,60,149,70,124,78,58,90,68,149,18,201,211,1,43,35,193,104,65,14,55,59,41,23,21,15,112,62,9,40,105,41,27,22,50,29,1369,1464,1183,521,303,1029,1506,1627,1328,741,0,703,1137,1165,811,226,422,880,1046,854,368,283,913,1277,1303,953,30,320,787,918,761,401,18,265,350,244,6,297,489,460,208,177,530,665,579,283,111,444,568,429,133,190,336,29,9,31,29,14,16,8,29,34,34,22,19,1,14,54,27,17,26,20,37,41,19,81,4,42,45,39,87,17,50,25,74,61,30,16,59,160,0,77,113,65,38,26,1,143,3,89,94,66,122,23,64,136,51,276,36,7,151,208,124,75,164,109,43,168,45,15,50,20,1,141,125,46,5,130,34,1,43,120,261,77,66,59,106,52,63,56,25,32,5,64,14,18,10,10,55,119,73,228,41,53,28,55,125,81,44,12,48,51,1,22,16,57,101,19,19,53,17,10,84,127,24,115,120,150,5,101,92,57,108,5,75,18
23,190,478,64,1323,533,827,683,317,205,107,519,1107,383,1367,375,21,395,57,209,511,513,273,815,529,866,833,539,735,4,419,132,291,322,1121,328,839,755,525,668,93,525,285,189,707,722,154,59,533,293,573,301,182,459,508,85,621,117,897,127,849,877,867,337,465,253,290,749,1149,367,368,359,619,695,518,240,63,446,452,289,148,27,538,807,225,726,436,648,403,626,643,28,400,437,303,15,51,496,315,63,300,252,307,169,328,595,177,313,186,109,211,420,493,203,492,116,155,219,502,43,670,546,126,73,257,197,149,337,65,18,33,79,265,121,129,465,178,181,17,421,51,95,107,6,280,523,441,565,597,78,203,579,459,625,98,801,325,1243,199,142,139,1021,1051,355,603,62,413,583,82,129,228,279,59,228,626,20,193,461,169,225,481,48,835,987,94,435,259,231,455,554,73,535,545,96,94,69,727,171,1055,25,135,693,665,833,161,435,374,495,233,213,379,441,253,59,453,136,110,427,71,1103,79,44,1443,402,519,16,316,543,447,38,1015,403,181,365,1617,468,1035,27,845,375,1582,699,971,341,14,520,637,301,281,27,671,285,735,137,687,321
136,251,210,515,66,129,83,1027,551,166,229,315,259,877,633,44,329,255,271,317,989,351,783,91,306,99,745,163,278,367,559,1327,945,439,145,333,645,911,19,79,353,445,691,391,475,1017,3,467,119,121,173,709,183,173,48,355,137,681,296,755,281,273,407,116,423,489,246,181,652,361,1155,582,799,1269,380,515,822,286,449,431,184,677,624,206,1082,1157,268,1117,1339,388,619,911,492,397,528,0,19,602,21,914,1046,379,698,1265,891,275,1023,846,268,522,579,93,139,88,202,339,49,651,673,38,942,1012,56,125,215,215,54,175,309,101,118,98,98,160,351,269,124,84,141,137,310,331,763,65,89,8,277,134,94,89,139,130,276,153,719,176,150,108,167,695,199,64,101,76,17,791,769,363,129,358,831,342,555,30,525,6,879,825,182,511,753,461,449,29,409,58,319,247,623,113,325,1421,317,387,103,899,321,465,943,431,385,14,265,808,431,280,163,214,107,925,17,77,255,773,289,291,90,269,643,849,58,245,344,144,1585,1093,39,365,851,651,212,325,801,817,541,367,871,20,721,177,601,303,234,869,941,1267,521,20,529,403,15,25,94,192,203,160
51,205,403,801,509,128,608,768,228,194,256,127,565,562,156,784,1400,1104,274,1403,1715,1109,81,1140,1234,635,160,339,373,89,259,48,987,741,286,766,1458,1235,19,926,1205,591,372,659,259,283,570,173,280,671,425,177,575,448,9,207,43,290,32,191,140,382,187,170,479,6,78,329,294,467,155,321,595,643,477,863,605,635,31,199,767,47,4,675,17,397,232,363,283,101,1151,183,471,168,142,286,52,881,352,943,791,267,311,110,247,156,83,76,299,471,64,423,423,631,83,14,899,149,403,70,469,162,255,357,171,36,63,307,387,115,119,49,62,397,195,211,139,104,381,124,114,21,539,737,74,221,429,351,407,173,1125,228,73,305,340,293,1199,545,513,347,187,815,465,172,453,54,511,119,470,183,188,299,549,591,173,773,411,111,15,133,182,967,368,80,199,397,919,841,308,4,98,450,426,429,26,177,43,925,769,243,105,498,604,394,625,366,1107,168,79,641,585,143,75,633,199,689,183,19,65,145,339,396,257,857,140,449,228,212,230,56,78,431,246,509,111,302,1095,573,282,21,1265,723,921,0,29,129,325,301,981,785,334,873,472,525,203,165
4,118,344,102,286,268,1052,22,738,1029,523,380,1036,743,141,615,317,67,0,383,332,280,1001,839,190,1252,1170,7,1013,787,32,418,109,409,147,952,951,210,1421,1282,25,1207,1229,127,753,636,62,420,149,779,321,783,1241,305,1048,1230,181,781,646,514,309,262,203,37,323,250,507,74,285,68,1044,1171,42,874,627,247,617,196,457,490,241,752,315,728,974,6,960,729,429,976,291,834,800,303,971,310,14,636,270,670,9,817,426,663,957,63,761,577,207,575,37,418,119,444,359,285,451,87,457,59,398,258,224,366,147,57,279,292,52,7,58,11,223,9,184,235,432,96,388,361,121,279,28,249,81,491,309,449,821,105,791,660,255,704,137,486,267,397,411,308,396,70,828,908,66,1040,1025,22,955,809,78,559,143,292,132,502,612,80,810,844,41,777,645,81,555,225,200,262,827,150,324,23,96,202,61,1018,272,118,584,43,590,581,64,428,94,264,217,309,556,226,367,651,358,168,425,299,43,133,139,348,67,713,985,344,182,1213,623,366,705,362,1,183,272,8,695,982,363,699,1246,616,443,956,544,320,502,39,455,9,677,696,505,642,335,30,435,101
11,8,1,9,23,3,216,15,133,220,274,255,273,304,253,216,54,125,274,435,439,370,187,72,326,474,487,308,2,277,549,557,4,187,197,437,653,624,389,49,344,637,700,513,178,317,627,776,658,185,300,830,1100,981,542,172,899,1384,1481,3,18,21,15,17,11,17,31,35,5,36,59,51,7,15,64,52,8,39,59,31,32,39,48,28,14,37,25,22,22,49,10,39,69,24,54,29,10,3,15,40,65,10,6,30,16,31,49,44,17,33,14,4,40,97,44,38,15,33,3,14,0,21,20,23,9,7,17,22,11,0,9,8,8,9,23,26,9,2,9,8,22,50,47,9,1,76,38,29,2,38,2,17,9,37,52,15,6,55,15,14,0,28,29,3,1,5,20,2,37,17,71,39,56,58,26,43,31,11,49,0,9,86,21,70,6,28,8,12,22,15,36,27,30,6,4,16,32,2,47,0,30,11,49,2,44,12,38,36,23,27,28,68,33,25,23,3,50,54,48,17,30,13,14,28,22,24,1,10,15,53,12,86,55,22,25,74,21,33,49,45,19,42,17,36,28,18,31,56,58,18,7,27,15,15,0,11
15,24,2,1,14,60,704,509,255,38,352,596,784,891,928,883,776,635,460,293,135,6,85,102,47,75,265,486,690,859,988,1013,148,811,584,331,23,328,670,961,1189,1299,1282,1171,986,747,535,331,178,51,4,24,12,114,259,419,568,705,792,105,19,21,29,94,60,39,24,33,9,4,16,9,54,36,55,0,75,39,70,56,2,50,53,72,31,50,61,28,13,51,47,108,50,45,6,4,44,72,85,7,41,18,23,23,30,62,52,45,40,31,31,14,65,9,20,18,34,5,5,11,3,9,15,32,21,8,2,13,2,5,20,9,2,27,28,20,20,25,41,34,8,16,50,14,10,26,18,30,40,33,2,37,36,5,19,48,18,6,1,67,27,57,2,3,7,5,31,83,17,11,1,7,8,55,3,55,46,31,7,19,11,15,1,12,27,40,86,48,64,86,47,16,35,69,39,36,11,32,13,58,62,52,7,15,12,2,22,78,25,33,7,42,37,23,2,3,32,3,0,97,3,24,33,36,18,59,31,25,104,45,45,44,15,24,63,49,56,95,11,2,50,7,3,0,4,3,22,49,36,77,80,23,61,64,19,39
42,33,22,133,129,16,221,389,556,690,766,777,723,616,460,286,121,34,151,226,264,247,185,80,66,237,425,628,808,959,1063,1096,0,958,776,539,245,75,414,740,1034,1278,1445,1539,1564,1510,1391,1239,1051,866,670,505,355,213,106,34,20,37,28,79,7,117,39,38,18,35,139,78,81,59,69,174,295,432,567,703,834,945,1027,1066,1045,960,815,616,374,107,175,433,672,860,1001,1083,1107,1067,986,859,63,522,349,197,78,19,33,104,251,443,666,881,1076,1203,1259,1226,1121,941,730,509,311,163,80,64,108,197,314,62,11,54,40,36,16,24,16,36,8,28,71,167,244,298,320,318,283,235,166,102,51,12,2,4,23,49,72,81,72,43,2,63,137,215,277,332,33,380,367,324,268,177,79,27,115,201,255,277,263,214,139,47,53,142,209,256,280,268,234,180,109,36,36,2,45,48,3,130,77,30,20,109,21,55,340,286,245,199,161,125,108,97,100,118,142,172,203,240,254,266,251,207,135,37,83,217,363,495,607,676,129,726,702,652,603,526,449,375,295,202,104,12,97,190,267,319,337,317,252,166,63,44,135,196,225,215,180,16,21,133,6,34
0,6,26,1,58,6,503,463,414,355,306,284,286,295,319,356,379,397,392,355,314,232,119,12,146,275,392,462,514,514,466,381,20,88,78,249,411,552,647,716,706,648,528,370,157,77,324,547,726,853,903,853,721,497,198,142,515,869,1161,7,11,16,17,6,11,13,18,12,23,12,47,7,52,20,36,48,4,39,4,23,21,7,42,13,5,1,13,20,2,25,42,17,45,13,32,10,28,6,34,17,11,15,11,27,28,34,3,5,10,2,4,9,0,44,19,5,1,24,5,11,19,29,5,3,4,20,2,16,12,3,4,14,8,5,1,19,8,6,17,3,32,26,9,2,23,25,3,16,17,49,54,3,20,7,0,14,17,27,8,2,10,18,12,8,2,20,21,10,35,5,37,22,28,11,14,38,24,17,4,16,37,53,62,2,25,0,0,54,6,27,11,43,18,8,74,11,4,28,7,18,26,16,12,18,29,14,13,41,25,39,18,35,4,50,15,70,24,98,23,8,1,10,25,6,15,25,4,8,27,4,39,51,28,44,67,24,3,24,18,69,11,36,25,30,60,31,18,63,2,58,47,35,79,28,18,11
64,14,9,4,61,555,949,1199,1235,1035,624,93,478,984,1327,1440,1270,858,261,401,1018,1465,1633,1499,1080,456,307,1035,1581,1833,1730,1296,15,226,1019,1574,1805,1679,1256,590,164,857,1382,1592,1487,1097,513,136,746,1184,1338,1251,905,428,115,617,951,1091,988,708,326,0,21,18,1,10,1,12,4,0,5,9,11,5,4,2,5,0,5,1,1,2,1,0,0,1,5,2,1,0,1,0,3,4,1,1,3,2,2,0,2,4,1,0,4,1,1,0,2,2,0,2,1,1,1,1,1,1,1,1,1,5,3,1,0,2,2,0,2,1,0,1,0,0,1,1,0,2,0,0,1,2,1,2,2,4,1,7,2,0,2,0,3,0,3,1,1,2,2,0,2,3,1,0,2,1,2,1,0,6,0,2,2,3,2,2,0,1,0,2,1,0,2,2,1,2,6,0,2,2,0,2,0,3,0,5,4,1,4,1,1,6,2,2,1,6,6,3,3,0,1,4,6,1,4,2,0,0,0,2,1,4,10,6,0,7,3,9,13,9,2,10,1,7,7,7,10,2,1,5,7,3,15,7,7,2,5,2,5,3,2,8,13,11,16,33
49,50,233,20,192,645,260,151,100,187,133,86,116,262,379,43,103,597,417,296,156,465,785,594,63,515,667,187,45,334,344,238,269,416,112,377,286,87,100,221,443,124,436,255,146,218,403,547,20,692,847,321,325,716,700,150,50,461,548,64,81,35,411,46,692,585,583,753,367,578,428,344,93,650,37,161,73,334,155,493,98,566,104,316,189,750,111,1,663,303,47,58,226,760,74,588,324,112,98,247,32,328,424,320,337,144,227,479,378,174,302,88,584,236,536,119,727,676,378,374,21,557,250,54,46,105,19,178,142,316,91,71,171,130,342,108,221,191,54,335,404,209,3,556,401,157,189,414,338,179,648,155,156,420,105,104,668,91,452,213,27,591,408,253,273,181,446,684,685,517,400,408,102,176,862,200,165,393,403,193,50,465,129,472,82,294,483,485,401,522,712,9,834,18,328,271,304,195,911,317,192,252,258,774,823,319,63,810,605,584,369,84,109,258,417,571,906,221,42,34,560,329,102,552,827,184,672,119,620,33,744,248,220,536,97,795,321,450,812,338,289,177,65,415,354,68,831,81,65,335,361,355,358,50,0,188
78,125,623,204,403,319,27,6,38,56,10,188,261,111,220,377,119,475,364,142,283,689,172,329,366,219,458,507,240,342,348,283,855,84,443,504,229,583,505,54,259,335,68,368,79,175,231,13,496,156,422,382,223,283,518,89,216,347,228,177,138,3,416,407,525,835,227,333,613,263,169,623,380,233,387,463,179,397,395,321,302,555,856,210,241,458,600,50,74,135,179,509,52,151,245,879,681,9,326,221,543,131,89,97,242,381,535,0,395,234,137,73,397,273,413,825,278,393,137,112,67,113,28,251,237,115,149,223,43,191,87,127,161,105,7,493,225,385,399,241,235,136,44,559,187,312,34,22,441,361,68,575,755,136,127,59,429,180,269,161,637,122,353,551,24,10,145,1037,343,283,34,285,214,304,1079,253,563,77,87,873,835,327,511,32,177,117,569,629,510,739,167,165,289,205,176,41,553,211,1572,515,122,523,97,69,73,2,490,1035,1273,425,525,102,305,299,479,979,1769,157,671,383,395,134,293,467,180,278,196,116,889,611,471,654,905,138,401,911,311,625,208,500,221,208,419,843,365,1607,135,465,0,223,753,298,130,643,241,191
489,51,204,335,69,616,971,919,484,37,18,499,1063,1278,967,436,30,61,498,1068,1218,547,275,633,390,342,613,422,336,1174,1213,626,81,209,250,1135,1482,1263,338,230,144,397,1056,1067,479,232,896,510,203,655,540,409,1199,1296,611,180,509,89,832,1253,973,3,698,638,153,759,767,52,787,1043,646,178,614,315,412,1092,871,152,563,671,167,518,765,217,675,936,591,199,693,369,418,821,591,308,881,666,133,715,451,265,860,645,242,909,661,31,601,337,393,869,486,251,569,282,237,389,94,555,555,49,292,89,269,223,10,81,177,455,305,561,375,68,491,207,174,13,223,210,169,450,349,18,253,97,366,509,293,246,538,254,280,491,144,486,817,551,82,450,233,327,764,488,68,686,656,168,280,267,262,936,1024,568,103,316,36,703,893,478,130,567,529,72,363,206,199,827,979,699,105,175,43,513,778,778,292,258,336,93,287,459,267,117,451,402,186,183,251,87,302,427,339,102,168,166,47,586,724,644,55,106,41,527,950,960,448,98,309,102,377,599,456,186,669,773,496,1,221,137,682,1051,866,354,69,87,413,720,751,454,32,258,65,372,636,355,19,405
172,282,99,314,716,393,222,34,292,110,132,260,92,418,192,117,488,91,268,399,478,76,597,643,36,865,372,159,409,294,162,361,952,512,458,124,121,677,544,330,569,386,427,443,255,437,162,552,367,80,591,134,151,664,437,216,139,288,210,773,683,716,342,8,920,336,261,363,397,123,498,87,304,143,90,67,224,287,157,372,383,225,115,563,229,243,695,430,358,629,454,508,374,488,566,652,33,416,362,174,385,19,11,106,64,168,140,823,512,90,95,636,49,697,271,383,277,93,151,118,392,52,71,94,285,35,163,33,127,35,8,250,258,56,110,127,95,286,22,101,737,181,881,320,265,104,104,314,58,172,124,469,365,236,93,92,25,688,19,25,326,334,439,350,201,136,365,46,416,397,116,569,28,599,400,66,187,396,305,456,23,248,411,416,334,517,53,303,382,468,196,154,254,495,233,540,269,366,747,99,198,182,276,1169,945,432,208,518,1070,1153,396,1066,421,208,132,165,205,486,111,561,265,535,221,227,390,950,345,401,472,452,2,151,183,39,782,195,818,639,826,317,556,19,934,671,16,706,212,725,410,522,132,444,313,227,317,640
33,40,109,109,1,341,64,112,58,77,165,19,22,50,70,248,98,96,85,96,40,43,80,119,26,140,98,185,122,81,174,18,321,193,191,32,70,124,351,134,122,28,325,157,99,57,7,88,71,63,342,88,158,21,286,141,345,127,95,28,202,12,57,292,2,113,286,85,84,234,105,85,143,104,77,155,99,327,226,30,509,178,188,208,186,175,13,125,6,175,82,108,73,303,233,85,39,23,99,215,87,67,64,134,25,46,390,127,42,155,116,321,0,46,195,265,77,84,148,203,112,64,71,134,40,98,32,23,126,68,104,49,63,77,277,63,654,1014,717,185,1067,1162,367,841,1338,729,557,1586,1365,160,1102,1424,788,51,596,594,95,334,249,122,337,391,190,119,379,609,529,181,535,1200,1082,191,798,1343,1248,705,77,734,1168,1180,837,460,112,97,361,738,1175,53,32,46,216,67,81,94,94,56,60,219,84,150,9,177,191,192,78,171,406,78,42,208,224,125,165,236,44,528,245,60,161,265,309,118,199,193,111,60,283,40,448,135,96,5,349,33,276,243,32,241,105,123,37,276,366,122,241,618,102,238,397,172,192,11,251,11,119,81
8,18,11,40,6,7,63,37,20,91,62,118,11,79,73,41,62,65,11,96,80,49,23,48,21,21,18,60,84,23,87,31,68,80,47,14,25,73,26,89,23,6,58,48,23,47,56,7,56,37,24,18,50,66,23,93,32,33,21,1,22,30,2,68,11,97,79,21,25,20,202,264,625,537,7,625,933,772,302,194,412,318,62,43,146,523,799,640,18,772,1271,1210,598,238,866,1024,22,131,346,500,303,21,223,155,138,386,383,124,181,358,294,130,11,46,9,25,79,254,330,198,91,358,401,14,1,18,16,13,6,17,14,11,19,4,9,11,19,2,3,30,18,70,49,16,59,30,29,7,4,10,42,23,9,74,43,64,92,70,68,0,14,37,26,73,2,11,62,14,28,1,4,25,52,28,26,12,5,41,4,7,10,47,34,8,18,14,21,34,54,10,6,1,48,7,52,9,70,42,11,34,35,36,118,18,45,41,4,32,54,2,18,14,53,41,3,16,52,28,30,70,45,11,101,12,92,89,8,35,2,63,9,27,11,49,81,5,7,46,59,25,68,44,22,9,30,47,56,73,48,82,85,74,68,96,37,12
3,15,15,5,41,30,585,254,139,505,757,807,661,357,21,392,673,825,837,749,558,334,110,45,116,61,123,393,687,944,1099,1085,19,593,200,190,481,628,583,371,13,417,838,1184,1390,1433,1319,1090,804,517,296,169,144,230,370,517,640,689,655,84,118,116,44,64,49,61,78,121,186,25,596,823,988,1029,932,707,367,22,408,732,929,982,883,665,385,92,129,242,207,24,261,587,880,1090,1169,1101,18,641,365,144,46,102,307,615,948,1197,1295,1177,862,406,87,507,767,833,720,511,286,143,129,242,436,631,752,13,3,33,40,75,7,29,17,17,67,2,211,192,125,11,128,263,356,378,337,240,136,27,53,101,137,156,191,234,295,349,392,404,363,257,102,73,1,367,416,356,230,37,170,337,439,467,413,315,191,75,5,21,2,72,154,217,241,208,115,25,201,375,512,49,86,100,50,119,111,5,114,71,70,146,313,161,42,16,36,18,26,83,139,169,182,171,91,14,140,243,284,252,136,37,229,404,507,539,496,384,98,68,87,237,343,399,420,395,339,266,189,115,90,74,112,167,244,317,358,345,262,121,57,208,311,328,265,66,25,81,5,18
12,0,3,3,0,2,1007,450,449,1155,1260,703,158,953,1278,1061,441,252,717,728,328,195,477,265,319,960,1200,852,39,846,1399,1361,8,151,926,1169,796,34,873,1207,850,62,1018,1533,1332,548,361,1025,1170,824,188,350,564,343,150,558,574,108,568,2,4,10,1,3,5,0,3,1,3,1,4,0,3,0,1,1,0,4,3,2,4,1,2,2,2,1,0,0,0,3,0,1,5,4,1,1,1,3,3,0,2,0,2,1,4,0,1,1,2,0,1,3,1,3,1,0,0,2,0,1,0,1,0,0,1,1,0,1,1,0,1,0,0,0,2,0,1,4,0,1,0,1,1,3,2,3,1,0,2,1,2,0,1,1,3,0,1,1,1,1,0,0,0,0,2,2,0,2,1,2,0,0,1,2,0,2,1,1,1,1,0,0,0,0,0,0,1,1,2,0,0,0,0,0,0,0,0,0,1,1,0,5,2,1,2,0,1,2,0,1,2,0,0,0,0,0,1,0,3,3,2,0,1,2,3,0,0,1,0,2,0,3,1,0,2,1,0,5,3,0,0,3,7,2,2,0,0,0,1,0,1,2,2,2,0,2
23,122,273,191,58,222,6,604,659,73,731,779,147,763,449,220,405,105,96,136,272,271,840,258,932,978,241,1036,470,455,507,2,70,114,123,287,530,61,720,707,312,1005,362,727,784,184,735,157,508,165,428,125,530,346,486,725,39,903,644,107,51,118,56,345,261,31,25,261,72,106,214,594,266,428,438,207,341,174,274,176,341,4,361,275,238,466,23,499,180,435,336,264,455,31,459,209,173,271,322,272,298,281,278,292,245,353,157,438,18,454,188,308,257,126,127,95,25,228,12,292,99,272,158,10,85,93,26,72,92,18,58,89,80,88,26,320,51,296,89,237,62,212,32,294,19,442,171,450,409,246,466,36,372,30,267,10,267,51,309,183,194,372,170,486,16,480,231,318,314,139,274,99,298,86,461,137,505,488,214,592,228,316,401,64,234,228,21,405,631,151,434,112,287,358,69,18,38,193,268,292,107,183,138,163,205,307,138,414,84,348,229,125,164,26,68,18,118,99,137,357,177,408,606,33,205,567,221,599,173,235,59,80,261,449,90,712,526,332,859,395,514,664,32,373,93,91,164,292,166,716,399,347,373,605,220,105
0,7,43,0,4,25,277,241,204,159,109,61,13,30,64,84,96,94,78,48,4,51,113,178,260,327,397,452,497,528,547,543,64,481,434,379,312,229,139,40,64,173,291,410,523,622,700,766,819,844,842,811,762,682,573,428,257,75,103,55,12,23,12,43,22,32,4,12,8,18,9,7,0,4,36,11,63,1,3,3,34,9,4,52,70,21,18,35,1,21,3,26,9,0,49,23,2,0,11,22,5,19,1,25,26,28,11,10,9,11,26,26,9,18,4,22,1,4,25,2,14,24,2,19,7,2,6,11,4,3,3,8,17,10,7,36,22,4,4,29,17,43,20,3,14,2,2,15,4,23,50,39,23,27,10,4,9,4,3,13,39,29,31,26,1,6,6,26,9,33,9,32,2,33,35,7,13,23,8,23,35,40,45,33,48,17,11,30,34,21,14,75,25,47,27,16,12,19,13,48,25,26,58,22,102,14,4,5,24,3,12,12,44,70,17,2,39,88,4,43,5,27,47,22,51,47,32,26,36,66,56,6,10,4,2,27,8,11,19,19,48,24,94,40,16,32,31,9,0,4,7,10,22,35,13,33
6,1,58,5,54,32,725,685,34,686,577,216,893,769,60,867,985,401,370,735,510,26,215,50,210,117,377,789,576,235,974,946,131,666,820,216,499,604,40,800,889,102,959,1406,848,321,1253,1348,634,299,831,741,358,107,106,75,246,709,858,85,62,61,46,12,155,0,6,23,183,133,618,641,58,855,1402,1012,154,1287,1547,758,398,1053,856,214,227,156,119,94,355,811,747,18,875,1235,749,206,12,812,260,132,61,176,9,610,1061,686,438,1427,1376,269,970,1339,686,244,655,448,128,86,158,33,458,649,289,16,60,54,24,14,43,32,32,29,17,29,70,244,135,169,350,174,213,448,326,37,337,375,197,46,230,312,248,38,242,392,276,55,345,365,82,252,73,99,278,408,139,324,536,295,190,489,409,92,182,259,224,164,91,31,196,335,316,88,274,484,327,124,473,27,36,20,85,74,87,19,9,29,93,36,156,224,420,367,168,17,100,116,160,230,207,17,264,401,233,104,310,188,96,218,15,329,451,151,387,734,42,50,511,717,513,93,246,410,384,241,47,91,151,182,232,251,120,176,400,316,20,293,197,130,306,104,267,109,92,146,0,41
47,92,295,1,337,591,622,263,465,116,324,1,245,273,76,549,30,550,514,562,406,501,483,117,587,149,428,358,264,449,68,563,1178,352,533,61,616,258,387,589,261,646,33,717,330,792,530,777,709,327,919,225,905,30,859,152,677,231,335,171,511,418,80,341,605,1018,207,884,333,276,619,684,113,573,250,64,556,597,571,548,75,487,604,21,1038,510,351,299,619,166,533,348,511,157,209,1086,532,446,130,258,178,195,157,342,92,382,198,16,322,43,28,109,370,36,516,49,80,210,228,262,28,1,123,230,140,12,169,42,4,39,119,400,170,99,5,292,118,233,148,119,219,394,279,224,19,116,416,380,583,395,317,373,442,101,521,438,68,70,410,463,640,15,453,209,303,670,204,743,646,436,424,848,38,566,112,280,127,853,3,700,75,524,184,536,297,109,137,247,291,927,303,725,153,394,468,878,408,172,174,1017,493,659,105,146,549,313,722,552,491,378,1360,116,292,99,837,237,165,166,1242,608,1221,46,547,304,703,172,136,580,653,202,339,80,20,15,521,1479,203,126,939,164,32,232,248,500,595,303,497,418,0,140,599,40,906,11,157,74
38,12,116,13,98,8,66,86,0,131,89,21,2,165,84,30,107,56,56,72,87,137,80,5,65,168,10,16,69,149,15,72,314,128,66,50,106,143,9,3,127,80,23,23,121,38,27,9,18,78,154,19,8,75,86,40,95,33,49,11,39,86,40,34,66,114,128,91,34,6,203,1313,1511,478,988,1734,1092,335,1395,1306,193,992,1195,335,735,991,256,707,967,274,748,1185,574,631,1347,910,12,1099,909,41,654,599,77,374,287,141,346,100,373,494,46,547,620,95,546,647,123,478,549,50,405,322,107,8,43,10,1,13,21,25,46,42,48,42,91,32,78,6,9,28,5,15,45,68,67,0,15,20,46,72,52,25,2,77,0,40,3,101,1,41,90,6,45,15,34,15,0,46,24,28,31,54,18,55,12,28,49,12,79,36,50,56,47,31,41,182,34,238,31,2,6,11,14,51,40,7,52,2,81,40,4,75,142,133,16,81,63,105,82,116,76,45,182,9,41,9,66,21,112,20,152,31,109,133,31,93,186,83,93,46,71,105,130,89,99,8,70,88,67,56,16,55,198,23,59,121,11,120,67,109,13,65,41,225,2,74
0,30,183,103,351,459,365,99,289,312,354,771,59,293,357,258,26,173,304,315,164,165,376,432,255,57,490,480,406,184,252,583,668,445,7,370,754,829,215,135,629,798,655,209,330,839,792,705,171,482,910,951,615,17,489,1069,934,485,94,701,1024,896,409,240,758,1049,891,338,299,828,1033,817,249,395,921,1304,706,87,568,998,999,592,80,709,1082,856,401,293,834,1041,802,127,587,914,844,488,180,764,980,759,223,517,985,606,334,319,842,917,502,137,666,976,508,166,700,789,385,228,675,595,127,386,620,27,52,10,18,19,34,27,11,22,1,35,458,313,64,388,453,189,306,647,409,106,370,643,543,122,345,649,617,143,335,623,689,334,218,638,820,415,25,594,765,656,227,297,701,726,472,45,494,748,710,376,105,550,709,738,129,212,610,756,633,216,260,651,781,530,227,234,662,753,549,139,317,549,772,446,153,323,680,784,574,122,399,752,815,511,98,369,694,747,520,58,485,745,509,689,71,398,725,779,517,44,487,637,667,503,111,338,623,705,465,235,250,536,627,471,188,177,439,658,404,193,120,428,546,468,223,106,384,469,341,294,133,27
14,21,116,12,412,287,174,108,76,62,22,214,366,238,72,182,3,130,296,174,358,193,106,94,118,21,81,113,28,61,98,142,66,73,464,35,104,40,121,69,85,88,183,138,156,13,39,49,170,114,309,195,54,150,86,302,361,192,143,64,149,143,200,70,217,84,36,171,138,176,41,58,501,79,152,8,661,178,82,62,15,40,226,266,27,25,41,184,126,25,263,59,458,25,92,106,144,124,274,59,212,148,198,273,475,78,37,99,261,249,40,140,11,22,65,63,266,86,75,33,597,238,69,89,33,110,49,56,63,27,5,62,74,16,364,93,240,540,645,446,71,682,1059,755,8,842,1221,856,47,626,877,650,199,73,166,131,214,254,320,247,323,206,322,307,243,229,149,15,255,581,866,776,381,350,1080,1394,1098,301,722,1511,1633,1124,108,969,1524,1548,988,138,38,238,78,36,261,45,11,37,188,185,10,261,351,147,81,33,285,303,61,142,61,179,181,85,78,4,123,59,2,96,120,87,167,211,146,356,205,266,212,100,692,202,77,164,292,343,33,52,310,246,209,338,136,235,23,193,237,128,172,102,38,290,223,178,356,85,133,46
67,19,1,2,1000,486,241,899,1241,1136,585,201,942,1349,1257,695,160,1012,1482,1410,813,134,1083,1611,1561,915,103,1148,1752,1699,989,127,27,1841,1723,961,145,1190,1706,1587,851,182,1127,1573,1413,721,218,1053,1417,1231,584,252,937,1246,1035,456,283,844,1052,838,331,11,15,4,0,7,6,4,19,1,6,7,12,5,3,2,1,0,2,9,1,6,0,0,4,2,3,0,7,3,3,2,6,3,2,0,3,2,6,2,8,2,0,3,3,4,1,0,1,4,5,4,2,2,3,2,2,4,2,1,1,0,0,3,0,1,1,0,1,3,2,7,0,0,1,4,0,1,2,0,1,4,4,1,4,1,0,2,0,2,4,0,1,8,2,7,0,2,0,0,0,1,1,4,3,2,2,3,1,2,4,4,0,5,2,0,2,1,0,2,7,1,5,1,2,4,0,0,3,1,1,2,2,2,3,5,1,1,4,0,10,6,7,0,3,0,6,1,2,4,8,6,0,5,3,0,1,1,6,6,2,3,1,5,1,5,2,1,4,7,2,3,5,6,8,3,0,4,1,3,10,4,3,12,10,9,1,1,2,3,3,1,3,2,3,13
126,4,175,337,254,421,340,212,235,210,327,117,435,392,78,716,651,232,236,707,596,44,599,813,289,558,669,321,362,412,47,172,766,225,121,247,264,113,243,318,69,203,47,139,284,169,126,546,424,17,654,507,48,321,541,400,87,277,402,1297,1045,992,487,442,418,384,266,307,774,927,732,611,64,15,464,375,862,150,413,6,177,517,122,255,161,46,1221,349,736,757,170,414,213,802,91,405,116,697,317,563,428,496,71,205,83,480,703,301,306,15,158,9,403,420,149,678,19,57,43,682,115,207,226,397,164,110,120,176,36,208,265,40,333,75,206,84,328,66,244,158,395,106,201,217,66,452,401,42,518,241,86,379,365,66,373,92,704,238,469,719,322,226,390,483,230,248,701,832,296,647,706,4,345,382,176,142,844,501,139,369,341,109,244,16,304,75,243,276,707,266,438,236,540,59,292,646,310,419,733,351,487,83,448,113,287,5,661,351,498,1014,786,741,615,419,581,530,313,382,108,777,559,189,390,181,872,167,844,900,1100,323,886,307,421,64,229,343,525,127,22,37,57,245,1166,1403,801,175,849,705,453,358,171,220,785,470,57,405
609,378,159,506,732,461,1184,504,519,217,352,143,1107,835,509,1034,249,240,405,721,255,1432,766,406,466,327,92,1222,912,667,1316,314,369,415,766,625,1626,576,765,565,290,173,1139,522,906,1188,25,640,259,444,688,1280,124,1095,405,507,56,908,246,1147,892,516,720,320,412,674,997,425,1144,165,710,71,709,179,1014,316,912,582,544,357,727,397,825,648,626,705,455,629,445,587,462,687,399,810,242,674,162,510,393,722,383,823,112,612,208,501,401,722,337,764,195,492,283,439,363,422,380,363,268,175,174,54,145,74,1,71,70,394,330,188,32,23,123,264,183,147,142,103,193,233,449,169,422,85,212,410,366,449,588,225,368,226,306,579,593,362,715,142,497,311,361,545,724,321,762,10,488,248,567,350,1048,97,766,377,301,79,786,174,1012,836,314,437,219,168,684,753,323,904,347,279,22,272,134,822,545,284,576,73,66,419,451,191,629,322,238,77,375,5,615,431,155,316,38,21,399,559,11,583,473,110,138,439,14,848,994,59,453,229,5,540,958,18,981,586,189,17,411,96,1036,808,253,679,95,71,467,657,341,1037,441,299,97,302,198,1024,720,250
4,480,553,109,351,1353,551,229,203,496,9,262,10,517,857,590,443,1276,781,537,1515,1208,128,1138,1034,346,319,447,161,25,238,254,4,788,1130,526,760,1113,647,368,1086,353,368,447,38,474,66,390,686,313,281,534,354,75,251,157,142,366,132,208,11,1281,75,102,672,494,434,553,330,519,1124,446,26,156,428,330,18,176,981,176,486,330,25,453,113,733,12,136,386,120,196,306,689,420,564,264,498,849,187,394,363,958,272,89,255,161,163,344,687,649,351,24,394,408,25,130,8,200,153,777,307,146,101,277,30,94,195,101,223,63,54,175,36,155,424,307,258,84,54,431,399,56,50,245,222,622,393,230,61,501,366,429,666,63,730,687,154,224,61,8,248,32,101,122,646,120,310,629,232,383,205,285,9,397,554,47,514,272,6,168,198,294,573,475,458,680,681,251,247,125,661,360,57,449,778,4,386,26,418,380,178,217,303,387,102,262,722,355,156,273,175,495,672,126,357,341,865,461,266,272,94,220,453,210,417,401,45,253,734,393,595,1354,337,407,524,760,311,126,1316,1108,321,882,681,784,722,74,416,615,431,668,17,411,307,78,278,89
32,43,85,157,68,131,692,606,483,321,135,51,245,422,570,680,759,776,751,670,549,383,181,39,266,484,683,840,945,991,967,879,116,547,333,91,153,391,613,813,966,1081,1149,1174,1155,1083,985,865,737,606,493,397,328,286,260,250,249,257,257,193,93,20,74,36,97,81,65,92,113,5,49,95,257,439,606,747,862,939,976,962,908,807,670,496,303,83,142,370,589,784,945,1067,1142,1160,1122,1029,19,704,500,282,77,97,225,287,281,204,72,99,289,469,615,700,711,652,531,367,182,2,150,256,310,318,283,23,8,16,6,28,28,29,35,10,82,1,151,203,240,257,253,227,181,127,83,40,15,5,7,15,32,48,58,66,52,42,12,25,64,108,156,206,19,277,294,294,272,228,173,106,42,23,74,110,119,111,74,21,45,121,207,277,343,386,415,411,374,315,220,60,9,203,28,112,65,0,21,189,9,60,435,388,345,297,239,183,117,62,4,57,94,117,123,90,43,19,88,156,205,248,256,249,220,171,119,72,96,5,12,25,22,3,10,30,40,56,73,95,120,157,208,258,298,342,356,354,321,271,195,105,4,92,184,51,124,116,44,68
24,28,2,66,28,11,480,103,583,620,138,489,826,651,66,552,912,769,300,186,449,371,102,92,18,413,737,686,147,549,1032,963,10,289,705,604,93,491,710,296,517,1222,1310,708,286,1090,1340,1026,396,201,520,517,362,255,334,486,523,289,164,33,17,13,7,39,16,52,45,43,26,46,75,26,44,13,36,67,27,19,43,27,46,87,38,30,29,46,26,41,8,98,6,35,34,21,68,2,0,38,49,79,8,7,7,20,30,64,50,23,42,8,44,63,76,44,12,6,27,7,1,9,5,10,28,18,4,7,5,0,13,10,18,20,29,4,5,26,3,12,33,46,65,0,38,17,14,26,58,5,42,18,10,9,37,0,17,32,36,49,6,45,2,12,85,13,167,14,29,52,62,39,9,14,54,49,6,76,80,47,32,54,26,2,52,24,20,10,72,67,4,25,17,74,71,49,16,1,64,34,33,2,62,73,68,36,99,18,11,39,55,36,17,33,71,13,15,82,51,37,3,70,28,44,41,26,24,25,91,46,1,46,4,76,53,79,29,34,1,45,56,6,58,1,17,59,49,76,84,6,41,26,19,18,22,17,5,41
65,431,575,1,149,299,452,1017,348,287,82,547,574,181,1057,1266,529,653,1467,1323,196,944,1091,331,183,40,542,174,986,1653,878,747,240,1617,76,1360,1446,424,488,336,286,126,833,1320,427,1110,1787,966,592,1505,1083,149,1017,664,367,759,50,832,674,172,977,701,53,331,236,429,675,302,135,329,199,422,148,544,799,149,903,1171,193,1017,1211,252,812,969,122,608,488,144,440,46,509,379,358,807,290,663,39,143,877,972,112,1006,694,426,1007,263,743,666,313,713,24,784,408,589,887,22,764,536,246,472,91,548,105,93,17,146,122,71,275,149,77,64,17,65,109,192,148,380,543,44,768,582,348,860,331,539,655,13,438,164,325,258,336,733,238,720,1007,224,792,959,273,662,535,124,515,73,576,549,255,1047,744,474,1278,730,451,1027,541,244,464,152,212,78,471,715,166,1515,1552,183,249,511,511,37,617,553,573,368,96,105,4,1021,974,211,610,852,381,282,602,243,262,332,78,516,466,80,754,911,375,565,977,611,63,382,267,147,58,584,372,426,1198,1172,57,1202,1389,351,737,790,21,354,119,629,407,494,1187,793,295,1164,1261,552,536,1550,1533,162,307,414,239,3
21,1,15,10,42,26,379,308,199,82,11,77,134,183,231,226,167,49,103,253,317,279,126,70,251,331,266,80,138,312,355,239,12,247,411,415,263,11,295,474,466,270,38,338,504,441,173,194,498,586,407,5,466,783,797,473,94,688,1062,6,3,2,28,20,34,23,24,30,15,1,14,33,9,35,9,1,11,20,26,11,2,26,35,3,23,24,1,30,0,2,10,3,1,16,33,7,9,7,22,3,5,32,33,12,12,8,9,6,28,11,2,13,2,12,8,11,12,16,12,6,16,2,18,2,5,16,14,4,15,0,0,3,1,11,10,0,20,7,15,6,11,13,16,19,13,17,13,13,28,31,14,17,1,5,7,12,16,1,12,32,20,15,7,3,12,5,6,25,2,41,10,28,3,8,7,5,3,11,2,13,18,5,10,2,11,30,9,34,0,24,43,16,14,10,7,19,17,16,11,1,11,22,5,16,29,5,17,14,1,13,13,34,57,27,28,21,26,56,17,11,23,38,17,1,36,12,6,9,25,5,31,31,29,1,7,26,14,23,16,13,47,16,0,15,23,22,11,41,17,37,13,10,24,0,4,2
26,1,240,1,180,109,73,71,146,337,30,434,332,311,32,120,418,88,105,94,30,26,168,234,326,181,189,84,151,304,73,221,238,1,56,158,243,21,417,177,268,126,139,153,116,185,133,142,286,264,0,56,196,209,199,70,219,136,66,67,2,140,122,33,5,16,137,86,30,281,71,185,21,41,29,302,248,22,9,229,68,175,73,73,80,375,151,81,179,195,223,39,171,11,1,243,49,53,40,96,265,40,101,137,111,30,37,355,40,119,39,35,30,40,118,203,130,237,81,123,4,39,40,19,53,101,78,32,54,61,94,57,11,56,261,630,835,368,610,1268,850,460,1351,968,477,1484,1074,438,1608,1324,84,1116,1107,345,397,560,158,360,226,255,189,314,32,326,593,558,139,630,1136,749,479,1419,1247,275,785,1356,1114,463,346,834,866,704,502,376,167,343,1059,255,9,0,30,162,73,111,154,56,64,88,50,439,137,1,18,49,403,185,273,132,317,175,272,156,313,148,64,206,12,353,26,53,119,137,36,7,39,102,143,68,205,230,49,101,39,255,9,154,150,57,106,52,137,75,78,250,22,11,25,115,42,19,292,132,297,268,115,82
21,50,7,70,14,97,28,13,49,62,49,5,116,26,56,51,25,69,26,5,28,46,75,14,29,59,23,45,30,59,28,24,33,79,61,35,86,145,45,49,13,24,75,25,45,30,4,63,50,35,6,37,80,6,50,40,30,77,9,9,42,68,16,2,16,15,28,31,8,60,37,354,595,844,954,1018,1015,936,855,713,533,369,119,71,310,585,823,1014,1174,1264,1294,1275,1271,1167,1036,894,7,659,509,330,191,23,133,252,369,419,446,451,398,326,264,208,201,74,22,13,6,1,27,74,101,179,228,23,4,18,14,2,12,1,31,23,5,4,20,25,33,28,4,31,11,0,37,53,72,10,59,5,22,42,29,55,30,14,44,12,11,2,68,86,12,12,11,18,47,3,58,25,56,47,70,2,2,47,35,27,55,25,19,35,21,9,26,16,31,42,2,70,43,14,15,7,14,18,33,7,7,9,20,9,56,18,13,8,48,37,47,32,143,54,18,38,44,9,42,28,18,77,22,2,70,9,76,6,28,22,129,56,56,37,27,56,122,96,6,54,118,19,4,11,56,30,76,38,73,16,73,16,70,44,22,13,11,43,58,3
172,7,0,1,1086,977,827,650,424,165,128,418,681,933,1161,1337,1450,1488,1464,1374,1204,971,688,344,20,394,779,1129,1442,1667,1823,1895,22,1695,1437,1120,743,347,65,455,823,1127,1352,1496,1559,1521,1411,1246,1007,730,425,113,197,483,705,879,1000,1066,1060,984,881,16,5,0,2,2,0,5,2,4,7,7,5,7,7,3,2,3,5,0,1,0,0,5,0,3,4,2,1,0,0,2,2,7,3,1,0,1,3,4,1,1,2,4,2,2,5,1,1,0,4,3,3,1,1,5,2,0,4,6,2,0,0,0,1,3,3,0,1,0,2,2,1,1,2,4,3,1,2,0,1,0,1,4,2,3,2,3,1,1,0,3,1,1,0,3,1,0,0,6,2,5,1,0,1,1,0,0,3,4,2,0,1,2,6,3,2,1,6,1,1,1,2,4,1,0,3,1,0,0,1,4,2,4,2,0,7,0,0,2,0,2,0,1,5,8,3,4,3,6,2,0,3,0,2,0,10,14,5,10,4,14,3,1,1,0,2,11,7,9,12,5,12,12,4,2,3,2,0,0,7,4,11,5,10,10,6,17,4,2,6,3,1,3,5,9
11,0,2,5,9,6,743,1091,707,200,1038,1365,1007,170,671,1136,1069,550,119,570,551,119,391,571,215,500,1138,1298,798,107,978,1424,2,409,501,1075,1025,338,586,1189,1084,276,734,1455,1459,773,171,939,1165,869,231,342,565,336,167,565,525,8,687,3,8,12,1,2,7,1,2,0,3,2,1,1,6,0,3,0,5,6,0,2,3,2,1,1,3,2,1,0,1,2,0,2,3,5,0,0,0,0,0,1,0,2,1,0,1,0,0,3,0,2,2,0,0,3,2,3,0,0,3,2,1,0,2,1,0,1,1,3,0,1,0,1,1,0,0,1,1,3,1,0,2,1,0,0,1,0,2,1,1,1,1,0,4,2,2,1,0,0,2,1,0,0,0,1,3,1,0,0,0,1,1,1,1,1,0,1,0,1,1,2,2,2,1,3,0,0,0,0,0,0,4,4,4,0,2,3,1,2,1,1,2,0,1,2,2,1,0,3,0,1,1,2,0,1,3,4,0,3,3,5,1,3,8,1,2,5,1,1,0,0,1,2,0,0,7,3,0,3,3,0,2,4,0,0,1,1,0,0,0,1,2,3,1,2,1,2
271,237,85,311,849,395,617,407,686,571,217,897,99,825,448,744,642,474,935,245,739,6,463,351,352,171,276,51,52,166,64,31,572,22,333,405,586,224,803,173,1171,302,1026,654,643,937,616,1059,35,907,11,627,622,581,679,154,568,95,324,174,100,705,635,48,338,57,81,547,639,233,129,859,358,212,941,2,200,441,450,144,275,35,507,84,399,346,187,745,336,325,185,251,400,17,184,351,232,315,55,143,983,42,27,110,1043,238,4,931,769,441,125,217,753,395,253,239,173,99,117,477,271,235,58,237,115,215,203,33,9,125,229,103,275,237,112,50,106,133,155,57,77,341,238,91,47,70,46,253,663,136,331,311,241,263,129,499,361,865,166,261,487,539,135,252,465,316,701,585,729,681,865,103,1099,242,266,127,219,49,402,681,803,155,59,207,969,80,569,365,637,581,129,965,753,257,269,168,121,773,727,565,775,722,527,437,162,745,1031,193,139,62,303,42,381,955,371,805,333,695,45,867,10,627,709,156,1211,412,917,1583,210,715,511,197,488,298,315,291,721,449,351,37,123,120,783,151,1167,452,370,239,395,60,271,95,1093,647,535,713
1107,393,76,379,335,1072,504,529,545,0,53,752,667,318,946,473,107,93,372,217,1111,1013,140,760,249,47,647,953,67,1233,944,144,241,536,202,1139,1476,83,1045,271,334,338,1008,228,1308,1062,293,656,281,391,805,1351,73,1221,596,424,21,748,150,1143,1095,365,818,9,355,555,850,204,1209,509,570,328,555,119,954,752,652,946,234,630,353,705,395,973,42,948,322,700,315,693,350,789,567,650,768,428,611,376,446,501,675,410,759,129,530,170,375,355,583,270,626,100,202,285,176,465,258,346,287,212,63,184,2,4,28,47,313,90,131,451,105,196,2,164,205,141,19,204,129,426,39,437,29,246,255,453,254,736,24,624,15,434,206,755,39,911,208,553,90,486,87,944,319,856,630,311,279,495,298,749,926,137,831,108,361,331,839,12,1114,796,285,401,282,161,767,842,214,793,360,221,46,492,49,697,552,227,476,46,172,287,541,32,533,257,203,105,295,124,419,613,12,341,168,219,24,588,492,173,607,266,47,382,650,133,1012,730,30,251,122,72,834,1002,118,653,508,165,422,513,72,741,889,258,208,40,10,568,872,215,465,452,66,224,568,352,546,489
33,80,571,418,108,189,298,409,236,778,458,394,816,429,233,439,156,90,165,442,84,809,1173,174,1291,1489,104,1262,1136,62,711,222,70,98,742,447,693,1304,506,873,1282,349,751,732,58,421,50,437,33,707,532,428,933,309,588,724,108,473,370,89,430,185,178,127,75,264,275,1163,111,58,785,84,819,674,379,838,139,653,370,427,505,291,698,44,749,498,414,794,117,643,540,232,570,145,375,233,50,256,197,391,64,550,306,421,642,27,652,355,387,510,87,404,45,286,35,289,69,315,222,221,293,76,273,136,106,289,122,59,116,157,127,144,286,130,128,124,309,13,395,271,192,271,23,139,144,189,267,452,18,579,379,324,581,49,419,255,176,206,140,174,296,429,67,490,540,68,612,497,110,491,229,178,145,246,277,277,712,291,646,921,103,777,697,279,801,54,915,178,20,287,590,126,483,91,186,19,659,171,71,517,110,283,147,228,300,7,326,455,77,491,561,20,581,472,160,467,132,332,93,408,383,351,825,281,293,831,64,578,413,57,94,146,63,358,549,184,490,807,366,419,810,454,190,467,277,106,83,6,358,550,305,91,71,296,193,103
32,2,96,32,22,28,487,478,28,496,621,182,535,986,821,127,612,927,671,117,319,360,99,142,82,280,656,684,230,496,1022,986,43,375,748,513,111,582,471,196,956,1220,750,233,1153,1504,1128,304,511,918,832,468,131,6,33,27,147,442,633,114,42,36,57,70,13,172,27,19,71,114,352,251,943,1249,872,73,1104,1617,1330,418,556,1048,887,363,57,61,216,415,200,390,975,1143,705,121,862,1136,39,223,263,341,122,16,218,726,1017,634,356,1342,1612,925,257,1128,1203,632,40,344,287,181,250,419,403,51,459,11,8,20,60,55,1,48,3,32,14,36,159,169,13,200,301,185,95,345,390,192,107,317,348,251,101,59,232,372,379,176,169,444,461,183,187,391,24,4,297,371,154,225,497,465,125,291,500,398,111,123,150,43,6,134,306,330,109,229,449,404,128,186,348,4,124,80,86,5,104,101,50,62,78,25,398,325,113,121,279,282,188,79,52,85,47,121,386,519,370,19,358,415,155,151,233,10,374,549,376,82,3,738,580,186,222,456,470,336,152,14,56,70,123,219,326,343,189,115,397,463,259,79,300,261,8,268,334,10,96,77,33,141
14,42,115,93,88,87,14,187,600,515,226,93,41,206,100,11,157,281,133,83,28,165,150,21,42,99,122,40,134,77,363,125,55,248,53,60,76,308,197,221,3,22,21,228,195,93,178,246,176,1,271,165,36,22,244,35,536,392,253,125,482,118,58,36,167,28,16,192,59,154,161,76,77,87,134,105,189,48,128,203,94,16,159,0,44,23,221,300,102,65,72,328,27,223,140,31,96,121,141,200,90,184,13,84,281,186,34,191,78,24,200,38,63,18,241,234,50,0,92,209,49,44,56,135,20,64,14,39,41,25,8,93,24,117,333,316,23,248,275,136,61,6,102,255,453,312,240,730,825,233,745,1180,690,256,885,783,129,398,293,103,129,41,468,598,258,361,894,910,332,500,1082,893,178,471,515,225,87,247,451,123,683,1265,870,259,1222,1194,383,42,180,94,35,119,102,63,91,2,219,331,132,90,66,12,151,98,364,220,87,102,51,74,43,239,362,58,245,2,456,49,14,158,199,210,305,43,31,76,55,200,122,66,35,87,104,144,158,11,137,24,331,190,34,72,218,137,260,41,18,29,131,156,6,3,355,4,48,21
94,42,22,165,116,807,599,417,440,612,225,283,454,310,46,510,585,16,482,579,135,593,606,4,444,550,204,366,476,282,242,481,68,31,503,624,204,428,729,508,230,838,562,313,1027,519,262,980,595,380,782,393,534,780,0,561,488,176,432,371,57,89,945,555,20,353,53,1059,655,52,181,441,143,149,794,1021,298,308,499,831,769,132,1015,635,15,665,514,559,124,116,389,11,423,423,235,469,521,490,151,18,103,197,375,687,238,269,401,366,291,455,122,249,493,489,124,297,240,213,12,158,93,216,113,329,227,335,325,103,25,171,91,67,61,189,308,483,24,113,521,491,17,539,317,267,267,364,419,107,27,72,277,194,621,55,315,579,150,70,551,541,39,643,148,623,219,9,841,361,128,533,80,619,165,372,481,335,437,489,384,205,172,203,33,525,599,109,223,387,316,441,200,1069,90,1185,345,579,635,621,719,693,93,186,869,387,507,195,119,51,205,111,310,237,238,453,885,121,753,10,458,879,815,141,121,1243,637,174,100,138,251,779,493,325,401,840,614,559,23,719,173,1087,469,267,339,508,716,485,143,282,150,1271,801,301,479,108,236,587
0,13,7,86,13,49,88,41,7,16,159,85,18,116,97,37,63,3,59,162,72,20,31,136,29,7,93,15,75,7,38,13,50,26,88,61,49,81,1,62,16,91,103,35,71,62,30,24,97,37,156,81,17,99,94,39,18,5,116,37,7,25,118,0,65,81,96,66,8,34,575,268,1039,1135,434,574,1156,963,113,745,1008,524,316,797,577,111,660,605,4,653,799,282,515,960,687,111,29,813,269,367,574,291,109,305,145,154,265,39,290,364,78,341,476,191,262,487,265,158,400,237,117,277,102,34,59,6,8,25,0,1,45,17,31,2,36,16,20,18,25,13,4,43,30,21,25,74,3,19,70,49,32,40,10,36,32,38,25,37,1,26,12,81,12,26,70,105,62,7,11,22,2,15,43,28,126,26,80,5,21,15,21,125,22,56,6,62,11,85,30,8,11,56,60,94,42,24,72,31,44,74,50,32,13,76,25,60,40,10,38,78,5,108,39,15,74,3,72,97,5,23,12,85,51,39,2,52,12,58,71,33,11,53,29,4,10,61,62,18,44,89,45,29,2,41,130,30,18,36,10,8,89,7,38,15,6,5
111,421,259,503,70,784,189,142,199,26,115,25,93,334,98,842,399,209,160,330,326,420,377,369,361,168,635,1036,404,732,659,1484,53,862,2,126,168,145,378,175,192,248,64,414,809,504,102,484,170,380,241,139,231,66,212,545,170,526,92,341,221,149,0,984,494,185,491,657,522,60,663,833,518,14,597,506,51,388,314,97,122,36,736,344,780,494,593,111,560,300,634,54,536,406,86,507,428,169,548,417,130,347,175,174,447,568,268,396,98,118,401,152,656,289,595,268,73,346,403,379,639,217,627,82,191,429,78,195,87,105,112,282,203,371,33,494,210,244,146,73,112,21,40,297,323,189,199,362,224,132,219,26,8,664,120,392,734,61,110,822,476,5,348,183,337,250,184,296,677,258,285,185,234,486,570,520,843,345,830,1102,351,148,407,650,554,100,393,61,451,573,37,652,411,269,495,704,765,306,514,496,148,334,334,263,348,528,823,447,761,233,422,277,82,730,565,30,496,590,13,1334,387,591,5,806,129,107,0,99,762,262,809,132,468,1028,793,148,524,787,570,39,405,7,1280,588,242,452,357,139,534,124,53,67,262,605,144,165
90,262,180,495,305,373,1007,495,164,263,755,473,789,440,823,122,469,72,515,393,114,238,13,673,415,461,71,653,20,265,285,781,83,168,533,186,42,77,893,469,749,482,563,679,243,313,452,536,166,529,473,359,14,291,331,636,715,161,361,393,128,273,403,535,75,412,1151,259,401,771,310,893,497,508,710,437,405,608,240,301,744,439,80,637,845,495,402,867,805,141,536,610,205,423,393,93,167,883,329,643,1386,1036,150,794,1213,830,44,579,642,292,178,256,25,279,200,64,549,850,326,589,1103,719,294,353,62,243,31,125,267,229,85,96,122,327,135,519,101,123,380,109,383,34,37,124,349,12,537,147,91,531,479,389,111,323,62,271,18,116,265,184,40,86,173,855,803,272,327,341,117,411,182,638,343,395,194,280,629,79,443,351,39,349,253,551,330,673,777,348,547,439,749,231,581,207,444,121,437,767,1087,25,213,803,813,351,659,376,246,44,189,509,627,788,621,595,276,21,471,144,288,136,435,261,248,189,24,154,1383,870,99,79,343,52,1147,971,164,893,739,693,547,1335,95,393,35,57,817,429,270,83,895,653,235,711,57,785,521,189
209,379,452,161,456,111,732,4,349,24,317,89,563,134,589,942,249,1372,852,931,1500,423,1201,1242,134,940,412,83,253,9,85,402,245,502,1085,170,1133,1027,530,1052,207,750,405,255,240,432,362,225,695,98,592,338,237,471,109,160,151,82,358,375,245,163,172,236,227,47,311,149,139,111,157,529,403,454,381,705,1405,531,715,271,278,523,43,263,262,124,177,263,34,36,90,2,985,266,178,413,6,861,431,657,447,397,601,77,87,126,279,246,425,459,390,735,262,113,146,601,53,295,339,143,197,280,547,255,63,75,323,15,69,2,232,168,197,301,53,73,165,367,142,127,232,411,22,307,155,353,3,3,489,469,385,81,323,99,43,10,82,141,661,579,167,353,547,721,165,145,140,597,304,715,231,341,767,677,801,304,817,131,557,195,131,468,779,61,335,569,80,725,513,61,1041,38,157,385,82,723,16,957,368,341,177,196,344,91,368,92,929,517,1345,225,747,731,953,745,163,220,249,585,321,651,104,1005,227,306,803,84,429,367,613,393,537,703,299,781,408,895,101,184,185,220,267,343,273,385,157,179,321,1203,282,411,294,387,24,167,489,267
33,38,108,26,21,156,579,285,65,393,659,798,790,636,372,51,252,507,647,665,568,376,130,106,282,357,301,104,171,502,796,983,78,910,631,253,167,530,791,880,806,575,233,164,545,869,1086,1185,1163,1036,836,631,450,335,315,368,500,661,826,155,202,36,59,35,121,4,50,17,90,21,119,148,480,840,1169,1414,1524,1487,1313,1032,705,382,118,50,99,39,112,330,560,747,861,868,767,555,265,47,120,491,507,368,97,212,470,585,504,230,187,649,1061,1326,1404,1301,1042,711,396,174,95,140,272,406,475,431,271,12,19,41,53,8,4,36,37,18,28,45,71,162,252,313,314,252,128,25,172,280,325,337,310,281,271,278,292,307,293,225,122,17,164,294,381,404,4,258,103,79,263,402,486,495,440,327,171,36,94,160,165,119,41,39,85,79,12,98,231,352,436,451,409,159,65,7,16,58,17,57,60,106,102,120,37,70,150,179,175,142,81,18,34,69,65,21,61,160,269,342,349,287,146,25,212,332,384,355,238,74,135,260,404,510,560,550,505,408,300,182,121,89,95,136,191,253,329,389,430,441,368,248,80,80,214,277,276,175,79,70,38,22
11,9,54,7,22,9,632,79,498,706,399,216,750,880,496,130,689,890,668,172,254,392,205,119,288,67,444,884,917,458,287,865,35,584,76,573,638,184,511,1008,900,160,810,1441,1447,826,7,718,995,869,515,157,14,23,137,69,208,590,883,28,23,2,6,52,39,45,3,26,0,15,77,60,41,30,54,35,47,64,5,7,31,58,15,59,72,56,71,63,38,30,22,73,1,15,34,17,38,100,4,20,24,8,91,31,15,43,49,10,23,48,17,2,49,11,30,11,64,3,15,37,17,3,12,13,34,3,28,8,12,7,6,13,35,7,10,6,42,2,41,24,39,37,10,38,7,46,9,10,36,18,5,20,45,0,2,35,29,6,24,37,3,57,9,11,17,31,21,5,29,10,10,23,108,91,23,44,27,1,53,4,32,16,26,37,0,2,32,13,46,33,25,120,54,68,32,51,32,17,14,41,23,76,48,15,129,7,30,9,45,43,12,53,33,0,20,60,39,17,28,8,6,39,36,71,45,83,58,5,11,70,68,28,17,27,26,59,19,19,0,70,5,59,7,8,13,56,44,10,11,22,9,114,17,5,5,74
153,32,3,17,717,868,909,905,789,608,352,77,288,572,837,1000,1124,1105,987,782,487,115,324,652,958,1209,1327,1312,1205,932,568,117,15,771,1090,1322,1397,1321,1130,818,449,13,396,713,967,1132,1146,1066,810,587,236,98,412,643,796,861,872,750,558,348,65,10,36,40,27,34,14,39,13,10,11,6,5,9,3,8,2,6,0,7,2,5,3,5,0,2,12,0,1,4,1,5,5,0,6,4,5,9,1,0,0,2,0,2,7,4,3,1,1,1,1,1,2,1,0,0,2,3,0,1,0,0,0,0,0,0,1,3,3,1,2,1,5,1,0,3,1,2,4,3,5,1,0,0,2,3,0,5,1,5,2,1,1,4,5,1,0,0,0,0,1,1,4,2,2,3,1,2,0,2,5,0,0,1,0,2,2,2,6,5,2,3,5,0,8,4,3,0,3,4,3,1,1,3,5,2,7,3,4,2,2,3,12,2,12,1,8,5,0,0,0,2,0,3,3,5,5,0,2,0,1,5,10,4,2,1,5,1,0,8,4,2,13,5,0,2,2,7,10,1,8,4,24,2,18,6,6,18,19,22,18,18,25,28,9,2
29,35,8,11,4,42,111,263,323,329,304,275,256,226,190,123,12,119,267,374,421,354,212,5,217,380,448,384,202,52,296,475,37,414,188,105,387,595,652,528,256,94,429,654,701,540,196,240,637,866,844,556,48,536,1049,1323,1271,870,215,16,33,64,48,22,16,60,37,6,9,24,30,5,0,2,43,70,29,10,5,26,14,52,12,35,30,33,15,26,19,4,25,19,8,20,19,2,10,40,9,1,53,13,4,29,12,3,22,33,18,15,28,3,11,4,15,25,9,1,3,3,12,25,6,13,18,10,5,5,7,9,9,4,4,14,19,16,33,5,4,7,51,1,1,16,43,2,13,25,2,11,21,16,7,1,5,23,4,28,13,21,16,7,4,40,15,41,27,0,33,25,4,9,28,31,12,34,5,11,29,0,30,15,18,45,18,21,9,41,16,35,20,42,16,38,60,61,15,11,17,57,49,20,24,0,33,8,5,34,60,11,48,38,32,57,1,31,35,38,33,22,89,25,7,58,70,22,21,21,5,25,8,15,14,29,5,26,2,28,12,2,37,14,5,42,61,33,17,7,7,30,19,47,12,10,24,25
75,194,390,292,23,145,328,562,271,352,672,370,249,490,238,137,123,157,123,330,624,222,614,961,363,661,989,372,483,658,194,210,200,235,52,519,691,13,893,992,69,874,921,121,554,481,0,148,147,308,68,609,650,37,742,751,52,551,494,452,246,12,76,42,141,67,158,47,38,236,665,266,354,546,112,309,296,76,192,78,320,83,395,502,12,573,449,167,514,121,434,351,292,586,131,498,240,98,373,27,316,31,419,330,233,544,180,338,311,98,250,41,229,55,184,103,122,123,135,190,82,266,81,31,63,0,173,6,69,187,76,0,4,78,204,41,179,188,17,187,79,111,88,136,167,143,374,103,388,409,103,487,218,294,353,67,293,23,267,53,193,348,241,697,380,401,742,297,374,493,78,244,94,169,99,232,359,63,353,442,89,363,485,136,369,486,126,226,160,128,40,233,304,205,380,292,255,43,294,110,318,96,194,180,158,322,95,295,366,58,262,265,11,120,66,55,5,120,141,29,270,279,30,376,108,33,361,394,41,233,193,48,63,170,329,21,540,635,11,645,701,53,454,335,72,126,239,355,96,629,568,391,162,50,106,262
126,170,83,282,426,236,36,289,250,19,226,324,154,162,366,284,117,126,181,67,275,536,489,270,6,44,43,382,603,615,332,50,108,100,389,646,517,239,125,231,54,282,422,299,24,313,360,118,239,374,165,240,501,511,181,130,268,25,406,605,492,122,156,248,4,375,528,395,18,311,352,59,295,454,205,192,462,418,27,279,311,28,346,512,271,119,347,265,39,350,312,8,390,382,166,203,304,132,214,393,193,87,363,286,45,254,184,119,356,291,29,186,162,62,219,141,126,230,166,57,129,19,96,21,61,55,291,37,99,64,37,59,232,64,17,73,35,83,170,75,104,192,125,32,158,27,159,246,198,12,140,76,120,267,212,14,248,258,100,188,201,18,278,419,298,16,173,120,131,423,439,242,86,262,145,158,389,319,33,289,332,164,119,240,112,131,360,364,185,42,121,36,192,349,273,175,9,122,66,110,205,281,111,21,108,148,27,169,200,120,26,150,116,9,167,191,171,41,61,165,26,164,181,147,55,260,289,167,69,166,25,225,404,356,130,19,92,64,318,460,396,177,83,73,89,327,467,364,90,107,148,65,342,407,295,38
9,1,6,15,113,59,675,531,309,54,224,490,725,885,980,990,932,812,648,463,271,98,32,84,66,40,215,429,651,844,978,1020,14,823,605,319,3,320,623,862,1035,1099,1073,966,798,583,371,189,49,32,59,39,35,144,272,410,543,659,741,45,43,94,173,24,56,30,169,102,50,31,225,178,70,101,309,535,759,947,1084,1154,1135,1032,850,612,346,80,153,336,446,476,448,368,245,103,48,171,134,319,295,191,8,227,488,727,909,974,923,748,477,154,162,418,576,625,566,433,258,83,33,85,52,52,204,28,17,13,24,0,12,15,2,10,1,61,34,38,138,237,319,364,365,326,253,168,86,24,8,15,9,1,3,21,66,141,220,312,381,424,436,398,4,202,56,100,253,382,458,490,475,415,330,239,159,93,55,60,92,145,220,304,373,433,457,443,392,286,143,10,58,65,131,26,8,85,34,72,77,6,183,139,117,84,63,42,41,63,117,193,291,376,431,445,401,309,182,44,82,156,203,209,180,124,72,3,47,136,211,276,325,366,367,340,283,188,84,16,113,184,227,242,209,164,96,25,42,96,117,117,98,53,0,73,117,5,47,73
51,128,147,10,39,56,48,42,63,59,111,46,17,138,37,191,140,80,75,68,209,269,78,85,143,211,246,302,223,316,36,27,10,56,78,152,198,198,28,26,160,99,260,328,55,82,318,9,18,132,226,166,47,152,73,125,125,205,72,92,47,272,179,176,178,8,197,7,25,176,59,42,21,77,10,21,54,157,40,165,58,70,46,201,89,216,90,3,34,7,72,38,174,184,61,112,31,57,43,41,121,201,36,117,70,44,99,144,19,27,80,84,70,40,19,180,32,31,2,23,83,106,68,15,12,65,2,18,22,10,14,21,20,16,105,27,343,687,755,402,309,892,913,261,580,1098,891,78,856,1270,874,82,508,701,529,119,274,294,7,271,92,254,107,123,382,516,486,213,368,875,940,425,295,822,988,789,416,4,325,455,497,406,394,509,740,826,587,214,183,111,17,103,394,22,198,58,39,87,136,45,239,145,57,18,5,181,1,222,85,54,28,202,12,98,56,168,59,71,130,93,65,1,96,59,99,163,85,8,194,16,211,36,102,150,69,181,144,54,43,196,116,116,0,156,65,25,105,139,84,4,18,155,101,75,109,36
0,52,33,12,52,27,28,55,54,0,22,12,68,7,85,8,25,2,1,51,18,35,50,5,95,7,14,48,85,43,26,11,32,27,19,99,94,11,112,18,9,21,28,42,82,77,89,45,27,29,91,75,23,53,52,5,23,15,16,18,81,20,42,28,1,34,11,4,31,90,293,539,728,864,939,950,909,824,705,561,412,244,36,156,371,595,784,944,1055,1107,1136,1121,1054,964,859,728,46,451,310,163,26,110,233,342,413,462,465,436,383,315,235,157,102,39,15,0,0,23,68,119,178,227,251,9,9,29,30,4,11,23,6,16,0,4,1,5,37,2,1,9,40,1,41,54,25,37,21,65,43,48,26,9,43,30,28,40,15,9,20,27,51,3,20,41,4,40,73,96,21,37,55,28,63,28,45,16,0,25,23,60,71,18,2,20,18,34,26,4,36,90,28,69,19,30,78,94,9,37,58,8,60,9,1,81,7,57,14,48,17,14,16,66,14,23,7,47,23,44,14,97,14,89,35,63,34,27,104,12,5,34,3,59,45,20,14,32,33,20,7,43,61,57,125,11,2,37,6,11,38,51,1,20,99,16,52,7
12,1,0,5,2,1,31,539,970,1198,1241,1091,803,431,67,288,558,730,773,672,447,120,235,550,762,811,682,398,20,389,760,1045,4,1260,1128,857,433,64,554,992,1250,1327,1191,872,454,9,373,678,875,926,846,647,370,41,267,507,602,544,330,3,2,1,1,2,4,4,4,1,3,2,1,5,8,0,3,0,1,3,2,4,2,1,0,0,2,1,2,0,1,0,0,4,1,1,0,1,2,0,1,0,3,0,1,2,0,7,0,1,1,0,1,0,1,0,4,2,0,0,4,3,1,3,2,0,0,3,0,0,2,1,2,1,0,0,1,0,0,0,1,2,3,1,4,0,1,0,0,0,1,1,1,1,2,0,4,1,1,1,1,1,0,0,4,2,0,0,0,0,0,0,1,0,0,2,2,1,0,4,1,4,0,0,0,2,0,1,2,0,0,2,3,2,3,0,1,2,1,1,0,0,1,3,3,4,0,4,4,1,0,1,2,0,1,1,5,4,0,2,2,1,1,4,6,1,1,7,4,1,2,3,2,0,1,0,5,9,1,6,1,0,1,1,0,1,3,1,3,0,3,2,0,0,0,3,0,1
86,408,42,297,287,66,305,563,221,1161,2,230,511,294,91,183,518,596,286,48,419,30,310,426,167,581,899,14,509,223,219,148,364,277,516,97,49,264,338,166,194,59,483,222,522,46,323,40,495,252,80,132,343,143,478,450,309,409,181,32,289,20,205,173,925,346,369,401,354,459,132,152,632,433,2,192,1,97,686,214,235,313,230,347,62,652,75,96,621,45,122,297,98,78,309,626,1074,100,384,27,687,163,59,19,89,6,355,250,164,295,38,102,14,137,380,253,234,46,210,0,318,187,205,13,120,129,164,26,11,94,58,140,212,242,167,401,433,74,224,281,192,60,354,445,54,550,551,79,590,496,116,442,214,40,107,9,76,183,161,160,504,111,77,137,204,123,54,165,431,351,241,723,574,111,864,845,65,850,1049,432,404,928,819,109,691,956,473,7,309,303,58,237,63,240,191,327,10,544,91,354,315,445,86,185,42,423,99,10,56,625,80,159,218,678,76,172,145,83,201,417,454,83,123,78,647,135,545,574,93,185,22,384,211,233,176,361,111,107,641,81,186,78,415,242,265,61,61,172,445,29,802,13,50,484,121,2
16,44,92,1,78,22,206,18,193,394,590,745,859,921,936,891,807,689,540,381,215,66,57,154,202,225,214,149,75,19,126,224,35,407,469,498,490,454,376,261,113,46,212,380,509,616,671,676,640,560,435,277,108,82,269,449,612,744,843,152,59,82,78,26,187,185,47,101,7,82,604,831,1037,1218,1355,1449,1482,1472,1411,1302,1146,959,745,515,288,76,114,265,371,427,444,419,361,282,187,105,30,9,13,26,112,263,454,673,892,1116,1301,1435,1495,1487,1405,1264,1076,868,661,482,342,253,222,240,298,384,479,27,22,35,11,33,41,26,36,20,28,14,184,86,15,118,209,287,351,389,402,402,375,344,306,278,261,255,279,302,345,390,419,440,441,409,352,271,25,42,85,210,317,415,483,518,529,511,466,400,313,232,148,74,29,7,7,26,68,116,181,246,304,367,415,85,101,95,69,124,205,158,211,166,26,19,52,80,98,109,97,70,35,22,72,139,205,259,308,340,354,355,319,263,183,74,38,180,309,438,550,639,5,745,757,745,701,649,571,476,375,256,129,9,88,187,258,296,311,295,253,194,120,39,46,124,205,275,341,9,60,127,35,47
95,99,225,58,211,126,150,17,103,64,101,1,3,209,126,3,52,156,58,190,224,39,265,0,391,41,237,190,155,60,40,77,448,27,86,40,38,218,40,165,63,291,105,181,290,105,125,7,126,5,58,96,3,375,289,248,58,288,58,63,7,39,319,362,139,91,11,126,25,284,420,23,69,58,10,149,58,109,50,244,86,72,35,91,243,219,67,83,145,125,15,112,295,39,51,27,305,9,196,132,149,162,138,200,9,235,77,119,52,191,118,37,477,129,4,108,51,43,13,16,8,110,202,22,17,65,140,35,18,42,8,105,68,16,280,364,113,233,280,152,50,29,78,300,440,237,413,955,785,219,1192,1168,217,822,1097,491,363,613,170,239,59,259,515,274,443,984,796,35,911,1205,654,348,973,704,94,120,46,14,402,878,663,349,1415,1280,229,902,1095,95,19,274,9,118,100,9,23,88,85,75,156,111,57,59,176,55,20,162,209,62,9,132,105,62,57,109,105,456,149,11,61,54,50,286,75,361,160,120,81,301,158,118,354,51,511,128,268,154,54,237,153,76,131,282,18,76,87,91,189,26,114,114,305,135,7,28,133,88
26,77,255,165,531,67,867,353,305,922,1043,304,757,1160,527,391,647,107,359,172,499,859,397,550,1286,1065,29,971,1189,527,331,562,63,224,27,583,844,199,782,1277,797,200,943,907,267,343,419,0,278,37,551,762,337,627,1255,853,290,1323,1173,660,570,21,212,429,321,12,132,20,68,172,366,537,713,107,493,516,18,509,426,87,486,333,222,578,301,427,776,398,441,865,438,355,686,273,355,538,314,530,456,184,659,309,464,689,29,749,660,170,786,526,184,478,167,159,12,300,184,336,541,150,395,378,90,98,105,113,205,127,334,30,109,4,157,26,308,340,143,371,35,322,165,284,307,193,550,195,473,695,157,572,659,170,423,487,80,259,168,161,292,57,224,590,26,692,893,334,469,831,459,196,423,91,264,95,469,726,182,689,1064,472,449,887,537,84,440,342,151,60,625,127,156,421,94,182,134,202,272,46,198,179,311,60,417,343,136,509,445,12,480,557,213,301,521,270,112,264,29,213,85,277,573,481,109,802,327,335,593,915,395,257,323,102,409,98,504,892,549,278,980,947,239,471,642,285,36,32,260,394,117,935,1205,526,84,55,50,32
18,104,360,719,476,559,525,13,566,633,333,224,133,141,456,471,449,140,403,495,596,411,268,491,548,529,283,11,242,364,442,354,522,22,273,493,552,442,28,290,682,548,527,133,482,869,817,500,156,636,739,560,18,542,815,478,143,539,394,419,166,351,706,95,578,535,540,168,598,232,30,355,66,261,289,262,805,379,188,40,39,201,46,127,310,259,498,296,198,18,26,394,122,122,595,65,71,44,99,371,149,692,389,491,776,215,535,451,92,563,453,12,218,75,57,458,365,177,147,400,244,58,299,398,213,130,148,251,377,19,366,101,99,206,300,19,188,196,182,522,226,164,75,10,509,148,22,396,141,414,167,599,224,56,671,369,553,245,303,386,172,450,486,43,294,635,49,445,521,425,125,274,72,318,117,888,1042,214,80,16,150,742,163,796,144,217,991,33,540,50,206,314,444,394,191,506,271,169,206,142,479,534,372,85,261,960,199,241,300,247,89,293,365,929,77,882,135,563,237,442,161,52,500,108,840,394,67,1076,612,230,327,16,496,639,810,1332,344,695,299,119,468,278,164,310,47,687,153,358,547,504,282,380,547,1274,233,220
186,38,6,12,920,1120,1208,1204,1083,862,569,212,199,582,958,1238,1432,1481,1404,1211,891,488,10,508,979,1368,1645,1772,1755,1557,1215,737,16,404,962,1386,1654,1775,1714,1509,1150,714,211,306,754,1124,1355,1445,1400,1226,912,560,167,227,599,849,1037,1087,1025,877,663,30,30,30,21,23,3,26,9,3,4,7,5,1,1,3,0,0,6,5,2,1,3,0,4,1,4,0,4,2,3,1,2,1,1,3,0,6,0,1,0,1,2,3,2,0,3,0,1,2,2,0,3,4,2,2,0,1,1,1,0,3,3,4,0,4,3,1,2,3,1,0,0,1,0,2,5,2,2,0,3,0,1,0,1,1,1,1,2,0,2,0,3,0,4,0,1,2,0,5,2,2,4,5,1,7,2,2,2,5,3,1,0,3,2,3,6,0,2,2,3,1,3,1,2,4,1,0,1,0,5,3,1,1,1,4,1,5,3,4,2,7,16,0,9,6,7,4,0,6,3,2,2,1,2,5,0,0,0,1,5,11,8,4,6,2,2,6,2,4,15,4,16,8,1,0,0,5,4,0,1,9,16,0,12,1,8,19,10,14,17,11,24,13,5,0
19,35,31,104,48,13,93,120,21,42,12,94,171,72,8,135,75,55,90,63,55,166,104,78,56,133,51,32,88,31,88,194,38,130,67,30,45,85,70,69,235,43,12,19,0,118,109,78,68,70,94,44,18,78,178,42,21,41,40,52,0,65,7,19,187,52,77,143,70,4,1366,1213,541,389,1218,1699,1541,874,82,903,1337,1234,619,212,880,1017,665,13,677,1077,1010,474,331,1063,1367,1133,104,368,894,936,591,106,293,414,282,27,297,362,155,215,569,619,353,130,531,666,469,17,367,514,341,5,287,40,47,35,23,9,82,28,5,20,10,3,19,17,38,86,33,138,62,22,46,23,14,2,17,68,112,16,89,6,54,31,176,69,131,48,5,13,1,5,12,99,47,40,21,8,14,78,126,91,178,133,87,60,1,25,84,78,73,34,87,8,154,45,135,85,54,46,17,49,57,11,5,32,74,54,108,187,122,108,72,80,65,37,32,70,73,157,101,106,137,18,109,35,0,115,84,28,115,29,109,144,73,100,141,72,65,24,96,134,28,59,153,81,110,13,86,64,111,46,5,66,89,4,55,14,40,31,43,45,0,60,23,89
133,189,488,757,23,853,286,142,154,1122,22,341,2,577,36,1097,477,1084,290,450,1063,314,597,502,969,1088,94,181,404,520,73,42,823,565,839,223,26,529,263,614,278,263,591,62,171,490,67,799,884,65,143,27,415,136,94,504,302,19,349,0,30,22,1434,270,88,576,18,233,373,48,1056,862,146,451,648,312,297,374,216,29,230,295,760,62,896,307,748,114,577,343,713,43,616,351,24,483,650,55,501,480,38,253,269,328,96,586,60,431,226,146,320,488,527,696,346,516,182,277,634,61,727,330,450,56,362,89,161,111,39,40,11,213,207,158,209,234,37,28,345,335,15,4,25,445,199,295,567,290,213,230,65,25,224,152,343,605,150,216,671,292,319,174,151,298,382,1146,162,751,393,655,163,402,180,91,303,101,708,356,351,595,4,42,243,139,109,214,250,161,1088,2,567,105,321,63,255,569,826,277,542,212,352,522,547,491,194,258,1339,602,172,190,92,146,296,711,86,319,1439,751,135,416,877,115,1256,489,553,574,317,221,383,221,577,862,182,127,913,413,498,954,612,709,601,253,227,46,8,792,754,332,63,164,20,1169,62,182,8,209
805,881,60,490,685,227,639,972,428,167,6,711,1140,924,113,591,390,151,386,275,1140,1343,631,115,400,210,770,373,684,1255,1039,174,174,276,947,1017,11,983,1047,277,385,41,864,1209,493,661,1001,295,618,430,656,1359,946,258,850,373,627,578,342,1253,1094,60,728,407,489,823,16,918,1087,303,554,488,367,789,263,657,1010,406,558,652,67,688,411,460,1026,412,567,775,50,670,382,542,964,302,757,824,99,643,288,663,876,52,830,645,333,597,105,733,356,487,639,75,525,93,488,398,265,609,146,379,161,319,218,199,11,23,87,168,160,245,231,281,5,4,149,144,44,304,160,358,479,37,241,16,463,352,334,737,415,253,326,207,655,198,630,955,352,291,206,388,638,105,676,868,305,204,144,487,737,305,580,966,409,205,183,535,964,555,412,896,451,178,225,285,969,706,106,629,449,151,309,131,663,747,352,213,324,75,298,229,272,624,512,50,296,73,264,543,187,262,430,118,290,238,136,553,471,96,374,265,115,359,87,692,1032,589,35,231,153,676,517,349,945,982,148,124,285,834,862,158,659,792,308,150,122,740,981,604,149,518,274,206,247,296,959,483
179,355,93,169,353,809,781,102,111,403,22,365,124,1201,1021,309,649,1001,417,163,223,689,361,727,765,689,134,3,1079,585,307,6,320,130,132,481,313,443,41,679,553,893,385,287,411,75,123,911,247,583,375,341,57,182,84,717,79,285,305,389,763,519,205,357,693,326,485,199,108,763,694,427,549,964,58,564,500,280,501,192,287,375,182,316,651,286,450,790,388,433,519,6,543,149,494,801,465,920,1155,309,1077,1428,522,798,1362,741,458,886,547,143,455,141,297,168,267,511,85,686,915,118,885,890,40,3,19,121,66,34,57,209,60,239,85,121,95,15,64,60,733,169,149,281,0,451,201,55,383,873,175,521,226,144,363,597,60,675,63,429,339,21,317,246,719,363,649,311,161,467,258,213,459,511,313,4,154,165,347,269,166,667,4,551,131,257,905,53,92,168,351,785,507,104,186,321,128,63,44,785,835,97,83,497,533,147,52,155,917,573,1499,435,1157,721,363,7,87,177,142,413,274,959,4,261,1094,344,609,231,313,217,304,122,259,997,733,744,135,587,106,52,50,39,387,293,705,251,198,76,741,604,443,861,641,581,281,223,518,262
279,261,469,289,108,197,664,37,599,37,397,357,391,746,497,1066,791,1150,1027,1130,1251,794,1241,387,1118,73,732,173,202,16,139,227,595,679,613,1180,588,1340,319,1176,312,794,250,436,365,166,442,144,673,13,709,35,470,28,293,13,96,162,469,213,164,478,721,459,231,108,511,314,55,76,107,46,503,539,73,118,87,661,233,206,857,19,301,791,547,303,353,563,683,761,439,435,485,30,631,201,339,240,293,222,75,190,409,345,5,70,90,43,58,421,42,207,709,62,137,491,129,359,138,343,23,76,51,15,21,197,150,47,1,59,71,161,165,223,341,32,14,49,237,91,111,455,475,12,227,318,56,134,45,556,444,281,409,88,625,1035,124,171,617,779,901,42,697,621,104,529,611,465,553,228,214,231,245,61,265,587,287,22,593,329,510,549,455,252,357,139,295,220,409,165,114,237,158,341,167,245,247,523,481,301,255,104,273,931,74,120,517,149,395,356,579,286,99,40,401,609,311,73,139,83,251,563,32,210,1137,341,875,261,78,841,629,129,525,175,705,625,783,147,223,303,181,535,121,581,552,465,357,369,457,1077,871,523,629,641,235,228
25,15,12,94,21,97,647,265,366,559,57,630,754,93,774,996,349,560,894,444,226,420,100,188,6,478,566,20,798,975,303,627,19,399,371,552,27,537,409,399,1049,783,306,1308,1301,280,898,1299,772,98,606,568,303,159,148,25,307,617,573,36,91,14,51,83,86,83,43,134,201,70,246,354,982,935,44,1077,1478,759,505,1292,1049,153,548,573,197,11,212,394,96,608,1039,654,337,1133,1058,232,55,807,428,17,23,89,121,681,958,352,829,1495,902,476,1364,1033,17,748,673,224,39,79,192,418,414,13,533,25,14,22,7,41,12,27,13,16,36,40,140,72,253,136,197,382,200,195,431,295,54,322,334,146,85,249,306,188,76,340,369,90,288,394,120,254,96,4,330,278,116,448,366,53,428,429,104,232,328,173,12,78,44,66,161,181,9,297,383,125,281,454,247,69,39,68,55,109,74,7,29,137,15,22,338,44,250,327,208,48,24,61,136,254,265,62,259,440,274,89,310,197,66,149,67,293,213,184,531,476,92,504,659,342,195,538,471,145,134,207,167,192,244,169,124,442,496,183,252,465,303,51,269,155,173,365,147,89,123,98,83,18
28,13,8,29,93,48,495,86,411,355,202,532,217,415,617,160,461,595,135,351,390,45,172,0,223,39,428,522,5,635,624,41,103,459,136,455,135,399,416,255,824,478,496,1041,570,401,912,574,148,553,425,67,114,79,106,289,367,79,417,72,42,26,43,47,23,29,15,3,7,66,16,18,43,9,42,16,10,41,31,35,10,56,62,92,14,4,49,14,21,5,14,14,14,37,21,56,8,11,2,8,16,25,8,31,49,42,2,1,21,28,8,6,16,2,4,9,14,15,18,4,10,7,4,11,23,25,22,4,9,11,12,2,2,5,6,7,9,2,31,35,7,2,18,14,15,11,3,12,3,47,33,3,25,7,59,0,39,13,17,9,10,7,33,18,1,11,40,2,26,12,12,2,8,18,40,13,42,19,15,16,16,8,0,32,40,2,15,4,23,11,33,1,2,37,8,28,18,60,9,61,2,21,6,16,14,58,1,66,67,23,29,35,28,21,30,20,43,23,39,34,7,26,7,68,25,14,80,14,40,70,42,14,18,28,40,59,28,21,16,27,52,24,10,2,18,36,33,14,72,41,48,11,30,12,30,6
9,22,23,19,0,40,244,8,189,255,256,230,177,135,66,67,223,346,360,227,23,293,458,434,216,121,412,506,372,39,313,525,22,201,173,479,576,391,14,381,605,539,185,272,626,667,349,201,713,909,662,36,719,1204,1154,560,361,1186,1546,19,2,34,3,19,43,24,49,37,7,9,30,64,24,65,44,8,12,3,7,34,20,24,19,43,64,2,6,5,1,62,0,5,61,17,5,34,20,1,35,14,14,0,22,27,23,14,7,42,34,13,8,10,24,10,20,0,15,13,23,6,13,14,14,27,36,6,3,18,3,10,2,6,11,9,0,1,10,35,23,40,12,2,9,37,17,1,0,20,4,14,36,5,14,2,42,31,19,38,20,5,21,38,53,15,11,14,9,9,29,26,23,11,37,9,24,9,7,41,11,2,49,16,12,14,86,48,34,16,15,54,32,6,4,11,37,22,24,10,9,8,27,60,16,36,7,2,5,62,20,48,16,16,16,29,3,3,20,19,13,4,9,22,21,21,33,52,24,18,32,13,8,5,11,31,44,26,71,17,1,35,40,14,31,44,59,9,71,22,19,38,11,10,20,40,16,18
59,241,250,92,32,162,123,301,681,429,445,934,446,493,741,171,297,159,54,244,484,24,817,861,213,1143,759,442,1016,326,498,427,8,78,366,232,581,872,47,1104,854,453,1180,460,662,726,47,404,11,285,260,703,70,1044,966,511,1466,528,1077,12,261,53,406,299,113,130,452,578,122,279,1063,315,825,696,386,727,36,634,185,514,370,406,545,175,640,92,598,289,518,526,359,749,76,857,309,675,189,325,685,52,551,38,491,80,558,258,531,538,273,614,28,460,181,268,152,208,117,204,140,159,149,151,165,265,167,60,109,132,54,132,63,26,39,181,167,226,159,231,239,178,308,48,260,20,231,75,373,20,519,334,370,591,14,476,195,244,49,264,23,509,35,561,795,63,890,559,436,744,105,432,139,242,45,489,127,706,750,313,1147,549,724,1014,22,760,444,296,291,140,723,74,263,58,823,494,243,25,172,402,585,30,424,173,211,112,239,245,266,501,28,570,433,233,534,153,324,205,142,132,197,272,163,574,338,417,83,200,658,685,96,581,178,314,48,478,155,670,745,300,1064,446,607,709,11,330,18,136,222,536,38,665,710,35,671,275,494,299
35,46,74,160,18,26,590,271,151,519,681,562,177,328,785,1026,980,662,203,241,488,492,278,46,308,371,182,215,651,964,996,715,186,295,655,712,454,38,573,950,1003,688,97,584,1152,1447,1407,1091,609,126,220,350,262,64,120,133,64,425,780,21,127,53,83,87,22,79,128,56,52,98,664,503,168,310,850,1298,1487,1347,894,272,315,695,781,613,295,12,102,13,325,710,1019,1113,934,515,24,505,82,798,569,238,6,1,267,682,1029,1103,799,177,564,1161,1409,1254,801,260,138,286,206,63,16,151,406,634,673,17,73,38,41,62,24,14,0,0,58,30,247,215,86,108,282,342,257,68,145,300,357,348,299,240,186,105,6,151,306,416,454,380,198,44,276,413,162,235,27,287,442,430,246,30,291,458,466,362,191,47,4,22,98,154,127,19,149,321,437,433,291,40,230,0,11,208,58,47,27,29,91,127,142,190,140,273,352,353,263,145,51,35,83,147,185,145,6,183,338,403,320,142,58,209,197,64,160,393,534,570,120,288,46,197,380,476,484,400,268,135,43,31,99,208,303,297,178,42,271,424,439,298,62,135,221,163,7,186,91,118,26,24
57,73,53,301,67,203,228,425,63,30,5,363,136,243,153,7,50,279,144,80,240,374,279,59,348,253,35,73,99,219,134,236,216,14,36,300,42,185,27,40,8,85,167,50,142,32,227,53,160,11,376,61,11,109,74,84,306,164,2,175,157,4,54,206,9,21,101,106,89,142,258,22,132,141,51,9,71,112,401,147,82,158,203,80,99,119,18,369,64,89,123,1,42,7,133,155,290,88,115,217,84,181,61,61,185,77,261,98,51,255,113,105,160,59,233,113,54,89,148,46,2,44,9,46,74,85,18,146,28,22,113,68,103,115,500,572,662,684,611,395,48,416,853,1171,1355,1312,1061,582,36,668,1094,1298,1280,1118,853,470,84,315,481,522,12,457,414,392,341,274,144,134,518,945,1303,1474,1466,1397,1190,984,802,646,585,484,508,441,494,660,953,1216,1396,251,233,2,5,64,91,32,1,116,80,33,133,168,33,153,22,68,81,43,129,72,148,176,102,379,126,79,11,181,230,91,43,46,59,29,175,266,101,73,35,153,244,165,35,181,265,85,248,61,321,131,25,365,22,112,352,351,345,54,227,223,334,206,40,14,33,16,272,258
17,20,44,89,11,51,7,19,19,5,64,20,18,80,37,25,23,65,41,33,51,33,4,105,37,14,42,35,80,66,49,59,10,8,3,48,60,56,57,17,48,50,23,59,51,64,92,30,94,24,73,6,13,27,91,46,11,35,35,4,9,16,18,37,47,60,4,21,40,26,42,430,697,619,239,258,668,872,816,559,226,39,118,26,358,708,893,769,340,299,926,1352,1434,1184,699,132,30,636,659,469,149,151,314,264,42,245,451,504,403,210,21,85,74,20,30,10,131,308,443,451,298,42,213,52,17,16,9,25,39,8,7,21,14,13,9,16,36,33,30,1,30,16,4,4,4,7,15,45,9,22,23,73,12,24,16,28,22,16,12,17,30,35,18,11,41,33,30,11,88,12,65,1,16,16,46,14,26,15,14,33,80,21,106,30,42,85,88,70,21,66,102,49,7,6,11,42,28,29,0,0,34,33,3,33,19,34,24,24,40,54,16,7,17,164,72,69,36,26,65,20,7,26,7,7,21,46,14,19,22,49,14,36,26,21,7,33,34,14,106,9,11,113,47,6,6,23,42,81,2,61,49,29,56,2,35,32
125,31,3,10,182,515,800,1052,1220,1286,1243,1102,846,511,128,272,693,1066,1340,1508,1559,1496,1278,943,505,19,508,1007,1417,1702,1852,1836,11,1302,827,279,275,785,1225,1524,1656,1646,1496,1215,827,380,83,533,910,1177,1300,1323,1203,988,683,364,8,320,606,811,929,30,0,6,9,0,1,5,13,3,3,14,2,11,12,5,4,0,3,3,7,1,1,4,5,2,4,1,4,3,0,5,4,4,3,2,8,5,2,0,2,2,6,0,4,4,0,0,3,3,2,2,0,3,2,0,1,1,0,0,1,1,0,1,0,0,0,1,1,1,0,1,2,1,3,0,5,2,1,4,2,1,3,2,5,5,0,0,1,0,2,5,0,3,3,1,0,1,0,4,2,0,0,0,0,6,4,0,1,0,4,0,3,3,2,0,2,1,2,0,0,5,0,4,3,3,1,0,0,2,0,0,0,1,5,3,0,1,0,0,1,2,7,7,5,6,6,2,0,10,0,8,8,0,2,2,11,7,2,2,6,7,8,1,7,8,6,4,5,11,9,3,8,7,1,5,7,3,0,3,2,1,14,5,5,10,1,13,4,5,3,4,2,13,2,24
6,0,1,0,6,1,1022,1024,659,59,580,1087,1346,1303,1024,552,47,388,669,718,515,133,299,633,736,540,96,469,1016,1374,1475,1282,5,251,372,864,1094,1025,615,16,691,1248,1506,1394,962,359,245,724,1021,1024,836,467,50,297,468,382,48,405,852,1,9,9,6,1,2,1,4,6,1,2,2,2,2,2,0,2,0,2,2,0,4,0,2,1,2,0,2,6,1,2,0,0,5,0,2,0,2,0,1,0,0,1,3,0,0,2,2,1,1,3,0,0,0,0,2,4,1,0,4,0,3,0,2,1,0,1,1,1,2,1,1,1,0,2,1,0,1,1,1,1,1,1,0,1,2,0,1,3,0,1,1,4,0,2,1,0,4,0,3,2,0,3,0,2,1,0,1,0,1,0,2,0,2,1,0,1,0,1,0,0,2,1,1,2,2,1,1,1,0,1,1,0,1,3,3,1,0,4,1,2,1,3,1,2,3,4,2,4,0,1,2,2,1,1,1,1,0,1,2,4,3,7,2,0,0,2,2,0,2,0,1,4,1,1,6,0,2,0,2,5,2,1,4,0,1,2,1,5,0,6,1,3,2,2,0,0
1046,133,283,128,850,919,358,377,474,50,411,125,523,1070,781,110,362,2,517,692,129,958,1124,497,320,59,728,1144,572,521,1053,495,198,301,579,1393,1169,7,877,647,227,611,68,994,1331,387,500,585,261,769,461,757,1227,728,216,499,126,934,765,320,1089,784,249,554,22,845,806,44,888,684,173,659,75,659,871,145,713,732,40,745,308,605,795,161,633,711,50,688,484,304,764,166,662,797,73,774,500,352,576,72,780,559,242,634,239,443,344,393,640,209,428,419,90,363,75,469,219,336,340,52,27,73,222,155,82,4,65,64,212,28,60,162,98,174,298,2,27,58,341,108,316,389,8,258,20,492,309,201,595,269,326,348,292,705,337,501,864,210,396,278,403,778,275,579,828,131,429,242,547,853,438,500,751,320,361,267,479,1046,620,327,730,363,327,340,347,971,723,6,537,328,181,376,92,675,749,182,323,306,120,459,256,332,585,262,49,208,18,372,370,158,208,353,82,208,69,199,471,510,281,26,107,385,618,191,600,846,548,74,83,398,882,603,209,809,633,55,326,302,1087,1012,239,507,438,237,436,8,889,1034,532,140,268,240,735,503,285,140
1,15,17,35,24,17,156,181,185,177,165,157,160,167,189,212,231,245,243,220,170,88,17,141,255,343,384,366,297,191,57,78,52,305,373,406,391,329,220,75,88,251,381,461,474,411,277,90,131,354,560,712,789,773,647,426,128,204,524,20,17,3,30,16,55,10,43,14,6,12,20,7,23,2,3,15,13,11,2,9,15,57,2,9,10,26,0,5,22,13,17,17,3,16,11,8,27,21,36,19,10,12,7,7,24,16,8,3,26,4,11,2,16,26,18,12,25,4,18,8,2,3,9,5,8,13,3,7,4,2,18,3,3,10,5,17,5,2,2,4,9,11,2,21,3,6,23,23,5,10,0,19,20,11,24,1,30,26,9,4,22,15,28,15,37,19,1,0,14,0,13,21,8,44,8,11,7,27,27,9,14,16,23,32,35,3,30,2,13,33,23,16,17,22,25,23,16,16,6,17,9,60,20,8,12,56,14,55,33,7,4,5,17,3,20,24,14,20,8,3,8,8,11,1,12,24,15,16,5,26,20,4,0,18,73,54,14,32,4,9,40,22,4,15,17,47,9,21,2,29,12,3,2,6,2,5
54,38,6,5,65,8,232,30,168,389,586,757,893,989,1039,1037,997,919,806,658,492,303,101,109,302,492,654,779,863,899,887,821,203,535,331,98,145,399,647,858,1052,1208,1331,1404,1436,1431,1372,1278,1139,977,768,557,335,106,115,317,489,622,703,17,57,35,0,42,113,143,63,128,120,51,682,812,951,1093,1248,1379,1479,1531,1529,1456,1325,1134,889,614,321,30,248,500,713,896,1029,1123,1174,1182,1137,1056,69,752,542,293,38,211,442,650,803,904,949,932,879,773,642,503,354,222,124,66,58,102,192,319,452,580,671,52,25,43,27,0,5,0,24,46,17,44,45,17,39,103,176,246,305,341,353,343,323,290,263,239,231,230,242,263,288,314,346,371,385,393,380,370,66,331,302,264,218,166,108,49,7,56,92,109,101,78,40,25,88,153,230,296,361,411,439,459,474,475,476,16,24,149,36,33,16,12,18,63,11,119,102,65,38,7,4,17,33,46,68,101,127,171,217,259,302,323,318,311,277,226,158,104,50,5,38,69,119,143,177,201,210,198,162,106,53,4,64,108,146,164,169,183,188,194,205,218,237,259,267,260,234,186,126,63,6,73,93,50
35,151,196,306,59,187,239,183,46,103,109,222,305,321,70,86,142,5,114,493,171,119,65,210,32,214,399,292,18,247,138,155,4,247,38,74,107,280,110,278,1,245,184,26,168,99,167,211,435,9,432,231,291,73,173,217,119,101,119,21,91,254,148,10,177,33,50,149,140,48,10,102,102,238,124,124,60,143,152,143,136,100,156,109,255,145,75,242,88,15,4,56,33,331,106,208,63,182,212,240,76,303,70,7,36,37,147,16,99,48,170,36,41,19,13,77,9,166,57,66,31,13,59,12,120,74,43,53,34,88,19,13,85,56,312,344,72,260,313,153,23,32,75,303,440,213,486,965,699,293,1204,1132,104,861,1067,450,369,641,197,244,97,188,533,311,390,946,795,32,927,1185,607,396,871,697,111,92,10,54,410,864,695,316,1342,1355,292,850,1123,239,57,135,324,455,62,80,52,76,144,262,17,89,169,282,142,169,26,105,242,317,6,12,14,289,48,243,92,113,24,232,51,132,77,207,83,10,97,16,34,40,194,8,176,144,55,12,20,28,335,131,190,305,1,2,104,171,198,159,45,258,23,305,119,183,216,293,43,22
66,84,265,1021,253,53,689,386,311,547,413,218,189,196,400,401,71,535,708,464,20,539,546,401,121,338,428,506,169,64,438,496,34,129,461,596,400,64,329,701,623,236,498,849,708,215,592,770,720,77,538,899,448,271,604,287,16,312,283,22,517,805,74,1036,413,445,345,198,891,415,225,178,393,105,89,830,875,182,442,213,474,664,752,619,345,77,989,458,546,431,162,216,179,712,685,126,778,194,37,393,60,345,268,9,155,239,270,740,525,7,224,331,282,56,416,352,112,397,227,259,64,260,199,369,269,180,165,80,78,73,177,373,157,22,337,102,94,32,376,89,365,98,510,144,189,150,57,437,598,286,112,163,375,120,657,632,247,185,272,397,195,348,50,67,5,4,39,356,286,362,177,472,491,316,289,168,588,940,607,365,58,234,437,2,620,85,240,684,82,444,73,425,279,300,326,264,45,1050,766,169,101,127,484,526,120,888,932,165,52,140,445,935,1219,144,689,848,580,63,339,365,55,233,518,412,202,601,61,501,389,52,130,427,57,266,55,829,518,263,175,129,302,203,418,355,180,290,423,57,871,112,498,90,12,45,479,165
2,36,0,69,60,45,150,41,30,40,41,97,13,55,13,68,43,66,69,88,45,155,1,77,70,21,100,140,3,28,138,56,49,24,112,48,34,11,28,47,56,29,79,89,90,3,87,8,3,125,73,16,41,43,81,105,140,8,51,36,25,46,61,62,4,64,58,30,42,80,698,1114,804,80,959,1229,708,224,962,1007,365,454,865,571,124,654,581,27,570,726,291,438,933,715,22,749,41,435,255,625,463,34,286,275,13,201,186,95,326,267,85,424,419,45,377,493,173,257,411,189,168,284,80,47,18,22,6,37,25,16,5,37,21,13,40,15,52,3,9,10,83,53,10,38,12,63,0,38,74,44,13,28,43,24,16,1,92,37,51,106,56,49,44,6,57,18,35,67,65,17,13,0,88,80,1,21,19,10,2,27,40,70,8,68,2,20,68,57,47,7,25,12,3,14,60,15,65,9,24,36,49,43,16,87,70,5,97,41,11,140,2,32,20,66,20,4,101,8,66,38,66,2,12,154,7,3,0,85,13,11,20,64,44,16,21,149,51,43,9,102,118,55,36,58,12,47,89,15,80,18,16,35,4,64,48,27
198,175,1425,1111,543,1596,963,805,1808,838,1099,1791,410,1349,1595,235,1303,1359,36,1075,1076,8,815,677,12,507,478,186,327,476,472,151,563,694,196,802,1042,85,936,1079,87,1065,1193,81,1075,1157,27,1401,1254,64,1405,1220,145,1625,1378,404,1905,1175,819,1987,937,1160,1977,605,1440,1790,37,1697,1424,406,1426,979,622,1365,577,541,839,273,449,640,168,176,436,269,68,395,299,52,540,467,194,681,362,418,865,227,798,966,55,1028,845,397,1235,567,884,1268,199,942,918,308,976,469,698,685,178,774,300,581,576,232,738,240,470,64,14,235,43,369,319,165,52,118,559,317,236,365,2,356,212,223,322,22,288,147,173,306,31,243,304,12,317,156,123,226,18,10,132,64,62,99,42,128,149,82,236,66,133,184,17,314,40,248,384,80,531,400,155,741,299,475,714,177,521,954,97,708,811,94,723,679,85,645,549,18,618,380,137,484,440,75,476,442,34,524,529,52,701,704,55,752,898,74,868,856,148,1123,866,255,1180,832,259,1167,844,422,1185,756,517,1231,550,538,1080,340,609,804,67,615,501,17,444,264,169,187,90,31,321,207,202,620,171,585,803,68,976,981,128,143
23,269,43,281,73,476,1208,1035,337,347,398,277,763,587,139,1080,1656,1155,1,1031,1563,1235,296,435,594,305,111,32,587,1144,888,42,35,1974,1393,43,1126,1387,730,161,549,0,668,867,269,769,1422,1174,215,723,989,484,210,405,1,662,708,213,510,93,325,115,313,367,1365,805,130,237,167,60,142,652,1054,802,58,721,904,323,499,976,612,343,1077,934,121,824,1085,389,600,1031,442,551,1124,680,500,1181,76,329,1025,774,198,890,610,171,561,356,233,572,90,567,652,124,614,838,285,437,611,210,256,304,73,310,110,231,91,89,245,36,267,267,132,89,247,60,131,316,68,264,161,286,508,205,382,756,412,349,701,438,90,453,237,348,516,41,679,1063,602,504,1279,1170,1047,686,1024,490,192,449,54,514,648,33,831,1189,781,93,854,875,388,77,137,172,351,64,624,984,609,211,878,49,897,575,353,341,839,335,609,361,553,336,272,437,418,374,233,151,394,400,159,206,438,158,320,598,574,63,902,1052,508,330,1029,1093,250,495,625,360,237,370,146,736,710,320,393,1089,1107,544,54,484,493,73,81,353,764,854,496,284,1117,1294,894,119,669,1014,488,519,745,427,817,98
59,135,113,7,106,229,98,54,10,89,61,75,250,38,98,48,261,169,104,25,140,52,143,173,213,343,46,218,0,83,340,372,159,125,274,37,138,122,54,102,27,92,55,256,48,56,66,34,298,73,176,121,289,227,185,59,52,336,202,91,23,168,53,57,157,478,134,176,49,201,132,101,77,66,153,48,114,33,86,208,173,2,28,213,30,32,76,49,42,140,44,177,230,48,282,66,11,25,33,182,13,7,9,39,80,183,242,249,297,57,50,63,53,269,28,173,2,142,9,48,39,51,65,110,57,26,33,44,17,129,89,90,4,21,376,452,202,254,703,653,46,775,1045,400,632,1207,753,321,1046,880,109,501,565,297,51,6,111,265,330,242,85,271,334,270,87,27,235,430,543,381,215,853,1087,573,449,1281,1357,401,871,1627,1325,179,1173,1712,1187,29,977,184,137,112,319,235,94,32,281,10,145,185,43,272,133,135,159,76,150,119,165,284,90,371,43,98,38,155,5,8,74,28,207,267,94,41,29,33,165,51,25,164,46,279,201,331,63,147,102,107,44,138,96,196,156,178,73,208,524,300,154,66,13,4,33,253,81,163,94,45
2,82,200,248,248,61,437,166,704,286,137,595,774,192,892,445,584,652,472,719,663,480,305,830,497,185,477,934,1465,976,423,196,335,288,225,1116,290,141,283,541,1093,820,122,334,498,782,84,122,134,262,716,826,273,190,111,985,292,320,427,778,340,1013,86,1090,783,240,1076,649,798,470,309,603,502,784,671,369,653,202,452,81,352,256,342,407,169,612,39,586,213,388,195,335,73,613,265,749,185,465,1255,339,1309,1202,779,1514,270,1264,793,602,779,13,326,119,114,131,289,235,642,128,840,565,711,787,454,92,272,352,273,365,185,8,177,157,32,225,299,342,118,455,87,108,385,326,312,262,425,111,53,289,428,257,637,203,296,39,611,298,472,333,127,491,178,434,111,562,138,129,453,94,705,49,495,54,673,136,341,359,709,49,662,156,813,37,248,66,53,22,595,23,155,158,358,793,77,44,394,281,778,49,168,45,227,781,139,362,359,81,578,591,556,899,670,1024,82,431,616,436,352,304,196,445,1,591,189,869,261,279,653,468,457,761,392,5,592,384,1555,720,396,650,781,578,36,217,511,7,564,130,80,177,605,247,476,389,174,858,145,19
25,99,167,801,328,203,738,467,75,600,204,320,768,495,383,1036,965,88,1105,1471,685,392,1190,1267,299,474,790,593,12,91,225,324,482,606,993,522,283,1166,1041,86,826,861,127,409,368,58,427,371,291,586,432,172,445,311,69,105,269,295,29,649,127,309,465,536,407,227,341,886,521,43,313,823,217,521,130,417,47,297,497,241,986,143,775,223,458,161,341,89,63,765,459,574,36,560,54,42,358,680,318,216,275,516,138,157,43,313,390,77,21,134,365,132,44,521,694,181,67,151,56,122,84,21,165,142,133,213,14,223,29,220,110,23,22,74,98,224,129,501,74,77,80,25,19,151,4,153,237,359,314,709,198,274,36,130,635,165,270,65,508,465,437,407,281,791,175,139,688,1159,495,95,15,102,797,374,106,210,338,583,303,43,727,126,873,571,73,380,68,329,368,568,614,172,655,125,99,1025,805,723,568,349,1019,377,248,111,41,103,358,53,132,172,408,854,78,74,767,347,879,567,630,252,605,446,345,1274,732,367,293,1386,96,323,1295,1043,373,401,453,328,341,535,489,322,419,729,116,220,419,34,384,654,118,682,239,5,441,269,7,328
7,48,153,81,67,18,545,15,556,608,92,591,873,495,280,924,991,487,230,690,638,216,141,124,205,475,295,316,907,978,397,429,24,749,98,497,575,73,618,911,462,493,1307,1379,618,478,1241,1291,743,38,437,545,385,217,210,354,459,280,214,53,78,82,10,82,64,16,44,21,48,18,574,362,276,984,1283,883,101,1107,1536,1131,200,646,891,556,96,59,182,471,429,58,707,1100,922,246,544,986,70,305,185,265,28,122,135,686,1011,644,311,1254,1487,826,271,1062,1096,520,121,370,250,105,190,373,316,125,639,83,15,37,0,24,38,23,13,46,34,41,141,67,236,213,3,269,372,218,86,338,375,210,27,210,292,298,214,18,239,425,375,88,262,430,286,40,41,302,68,231,370,225,95,388,445,218,127,347,330,134,19,40,30,38,98,274,326,143,167,407,360,60,284,2,85,17,7,10,155,41,35,116,60,120,409,430,221,63,231,222,110,69,140,251,212,21,350,522,407,60,255,309,116,115,145,77,360,456,255,168,13,684,469,32,387,573,468,206,41,142,146,103,118,207,291,273,75,245,496,462,136,236,339,117,194,300,94,208,28,56,14,26
23,5,31,10,104,19,261,8,282,514,721,838,894,860,785,660,508,319,151,13,146,228,271,240,139,39,258,500,700,882,987,1015,82,820,608,349,59,269,624,938,1209,1387,1459,1436,1343,1168,973,769,589,434,307,201,132,133,176,268,363,464,569,53,41,106,54,63,22,4,23,64,76,27,43,15,15,33,1,0,8,18,34,13,35,48,49,24,7,60,38,6,91,54,21,10,23,69,49,76,17,37,10,23,19,10,5,55,16,56,26,62,60,5,11,18,13,0,1,6,21,17,27,11,19,12,13,34,20,8,7,14,5,13,16,14,4,12,10,33,10,9,14,42,53,0,6,36,18,4,10,9,4,17,11,35,16,13,31,14,17,30,4,0,67,39,21,22,23,3,18,6,8,51,11,37,8,23,2,30,17,21,35,4,25,8,20,77,88,51,51,55,98,50,24,1,16,20,42,8,71,7,10,68,53,33,2,21,49,15,36,103,23,30,5,3,42,1,30,22,91,5,12,67,20,45,32,15,156,11,18,2,54,34,28,15,5,76,16,44,52,145,17,48,61,40,67,22,10,0,41,49,14,39,44,87,0,57,10,4
61,3,6,4,278,779,1131,1225,1034,589,13,655,1142,1368,1297,920,297,441,1072,1481,1544,1245,634,162,951,1529,1741,1563,980,141,782,1515,6,1778,1245,421,503,1271,1678,1686,1278,588,244,997,1441,1519,1231,669,41,736,1180,1320,1136,701,95,503,913,1095,965,641,179,11,31,16,4,14,6,10,14,6,3,12,1,3,4,5,3,3,3,0,3,3,1,0,0,4,4,1,6,3,0,3,3,3,1,0,0,0,1,4,0,7,0,4,5,3,1,0,0,1,0,0,3,2,0,0,1,0,2,0,0,3,0,1,1,0,2,1,1,3,0,1,1,0,0,0,0,0,0,3,1,3,1,0,1,4,1,6,2,0,4,1,0,1,0,1,2,4,4,0,3,1,8,0,1,1,3,2,4,3,2,0,5,1,1,3,0,0,4,2,0,3,5,4,0,2,2,3,3,0,2,0,2,1,4,3,5,2,2,0,3,2,0,6,2,6,11,7,8,1,0,6,12,0,6,0,4,5,4,14,6,7,2,6,5,8,6,3,4,1,7,6,11,0,3,2,8,4,7,7,9,1,8,3,9,5,4,16,10,8,4,10,13,9,22,29
11,5,3,11,15,29,334,291,241,196,146,108,63,30,4,19,41,54,59,68,58,53,37,18,8,33,63,102,133,162,193,227,36,287,313,340,356,378,395,419,425,435,447,450,453,447,435,431,412,396,370,341,314,273,243,204,167,143,117,15,35,6,2,16,24,7,9,51,7,28,25,18,2,18,20,24,5,18,30,18,41,22,45,6,36,13,5,20,10,20,8,1,3,47,8,3,37,7,17,14,25,11,12,29,0,20,9,14,3,7,18,0,16,10,1,17,10,8,4,37,4,15,0,5,2,11,4,3,1,1,3,1,0,5,10,2,3,6,9,4,7,2,17,3,4,0,2,9,12,7,5,1,5,38,3,8,0,11,24,12,7,9,16,4,10,19,4,19,6,30,14,27,20,19,0,22,12,5,3,69,41,35,10,10,6,10,1,14,37,0,37,14,14,31,44,4,9,12,14,26,5,17,5,17,7,9,7,18,16,20,33,12,11,13,13,4,34,7,12,33,32,54,8,36,55,10,11,25,15,64,0,5,28,17,20,4,14,7,54,21,2,37,4,10,17,60,30,32,3,48,22,11,15,2,1,7
110,453,42,544,851,687,71,452,465,41,435,610,256,420,849,763,94,356,320,329,1025,1281,897,171,302,88,676,1248,1234,505,300,580,183,619,926,604,303,1022,877,347,276,340,143,929,1192,900,189,372,301,456,981,961,239,569,695,183,508,763,233,597,1058,785,8,577,455,389,1053,1025,346,470,651,207,504,885,473,282,879,767,39,656,658,65,778,964,370,424,718,351,418,703,235,451,875,471,318,713,426,285,737,369,427,817,515,210,558,308,351,554,215,364,571,215,230,240,145,484,457,48,412,262,79,244,259,19,139,268,91,198,86,331,431,167,15,162,1,214,173,209,455,250,224,448,227,203,326,7,517,630,193,346,484,53,457,585,93,637,837,283,334,428,82,683,890,499,312,611,265,503,812,270,416,901,729,104,495,259,296,920,1006,464,231,411,197,466,830,554,93,608,677,230,265,465,35,532,859,649,130,180,174,183,620,618,381,0,309,188,72,462,433,187,241,313,282,171,394,328,11,369,468,307,119,308,162,539,850,846,437,1,73,232,736,931,638,119,273,152,224,665,616,106,470,699,407,74,277,26,469,982,759,302,173,58,367,843,979,476
63,17,657,821,632,907,736,531,261,195,35,1418,305,708,786,1008,906,939,731,496,449,251,344,490,794,1249,1277,1165,976,763,349,92,266,633,921,1051,1311,1238,1344,354,620,27,328,882,1248,1453,1455,1309,1008,505,378,307,298,790,863,1372,1557,1316,1183,728,176,134,449,1010,1190,1264,1198,1112,966,546,63,504,697,1109,1096,73,1034,801,311,92,480,1049,1317,1244,1116,844,261,21,205,805,1129,1279,1077,816,464,20,320,769,878,934,802,685,667,296,554,1015,1264,1221,1100,631,353,169,643,971,1046,1056,809,438,343,160,372,476,441,1,8,14,36,36,2,0,8,7,9,70,52,23,32,113,3,49,76,119,47,220,305,565,427,179,410,7,124,295,422,825,550,453,531,292,168,58,649,719,626,430,125,120,338,615,832,705,702,402,95,343,421,614,734,780,592,410,72,947,452,658,793,818,562,642,305,33,232,474,779,1074,949,1001,663,330,136,169,512,689,1059,1131,1000,986,636,385,297,600,1024,1160,1037,1080,743,537,177,241,525,809,1036,857,731,535,164,356,720,991,1139,946,712,506,176,304,630,641,672,799,398,469,34,149,488,621,551,305,257,71,178,416,742,455,823,546,422,68
4,41,11,92,5,45,157,571,251,436,627,10,775,829,30,837,931,197,595,723,214,266,220,108,134,316,654,293,563,1011,492,470,10,402,368,518,59,601,333,561,1097,541,689,1442,945,364,1297,1128,153,662,772,395,67,9,73,360,644,537,62,119,126,156,36,19,89,22,33,83,88,59,333,623,200,778,1360,818,535,1501,1242,25,1008,1050,315,321,327,52,91,477,586,30,829,1127,485,579,1153,782,45,661,544,130,16,192,88,535,1033,552,721,1533,939,553,1461,987,205,891,666,116,149,172,295,432,219,344,692,66,38,48,40,13,9,19,4,9,11,20,238,31,260,267,55,344,262,111,374,277,37,295,308,134,120,319,317,63,288,439,207,211,434,248,142,335,57,201,298,6,366,365,56,478,444,9,417,407,82,162,177,100,104,127,6,221,336,165,191,432,320,107,482,9,59,44,83,35,78,16,91,46,54,70,513,346,45,307,300,139,2,51,101,203,274,149,170,424,338,46,339,246,45,145,64,234,71,319,503,218,22,582,463,40,390,554,360,49,355,358,148,10,2,69,282,416,171,290,528,271,191,361,129,172,191,46,267,51,48,52,31,19
4,545,226,919,325,879,904,991,764,302,590,1448,1431,362,872,1113,377,243,16,636,857,297,760,1445,1416,587,594,1409,1311,442,460,502,259,471,18,983,1441,865,349,1347,1574,1001,66,957,1175,500,327,416,321,871,263,1053,1627,778,708,1432,993,74,430,680,131,306,253,433,871,451,581,647,1045,222,752,732,1069,44,965,800,129,805,728,126,549,702,188,612,822,71,910,1072,158,855,1039,281,495,638,169,338,418,66,589,548,85,821,817,38,866,833,21,833,717,77,613,387,214,362,102,480,250,384,678,263,391,558,127,373,123,198,143,197,153,114,70,121,6,317,194,570,396,167,508,236,283,443,18,401,273,291,692,338,524,1119,809,301,1194,1044,6,794,521,345,690,14,72,1130,191,983,1353,746,263,957,817,138,473,420,145,513,301,364,882,664,193,998,1020,158,770,982,399,333,775,170,299,151,249,98,31,299,318,124,388,567,598,605,713,52,386,240,240,442,387,138,243,612,644,74,609,680,1,548,353,441,916,474,541,1260,1146,261,61,1356,1047,67,725,705,121,299,60,507,823,445,392,1138,1228,622,351,985,950,432,105,207,13,181,149,841,1263,80,35,521,184,227
104,147,29,90,84,120,25,129,344,71,198,84,74,113,231,184,164,65,27,250,54,30,188,133,92,314,102,91,248,259,518,178,102,95,25,42,74,146,434,200,137,227,157,181,139,63,115,8,236,223,123,8,20,96,74,234,18,323,54,144,122,132,354,52,185,63,166,400,181,362,202,257,67,13,2,365,203,61,189,46,94,82,178,161,132,176,225,220,154,88,255,40,30,40,273,177,30,36,191,120,157,108,108,227,85,56,328,171,26,151,75,60,25,78,203,87,1,174,122,136,85,104,14,22,2,29,85,5,21,26,33,36,92,19,696,729,883,1002,1065,985,784,434,76,647,1080,1411,1559,1434,1039,431,206,709,960,1089,1063,887,496,46,348,553,253,733,713,714,741,659,575,310,91,581,1111,1469,1584,1624,1530,1352,1187,1053,953,756,620,543,459,550,698,918,1069,216,106,155,90,160,179,8,132,147,264,101,333,68,125,7,18,283,427,258,93,4,5,334,105,40,26,52,196,157,139,171,51,154,151,265,98,50,9,116,164,23,80,317,297,59,168,91,37,118,275,326,272,87,122,50,164,19,94,46,369,253,387,64,195,133,94,45,161,64
22,18,30,20,37,2,60,0,70,19,5,4,70,41,17,23,11,27,19,46,14,66,77,11,81,96,54,44,16,14,31,33,2,56,106,45,9,15,16,52,6,43,60,38,30,126,32,21,4,40,4,2,18,6,101,14,55,19,18,8,52,65,7,52,25,30,23,28,29,50,181,498,637,574,349,46,267,504,624,605,468,240,6,226,324,275,46,294,704,1068,1321,1403,1324,1107,774,411,37,202,367,413,332,149,60,265,389,430,359,216,61,65,130,133,84,20,32,33,35,159,302,409,464,428,316,13,11,11,1,14,6,12,15,7,11,14,7,25,37,5,0,23,31,26,60,31,7,68,16,7,33,54,39,24,55,26,45,30,42,68,9,4,16,14,67,66,18,56,54,42,16,47,29,17,4,2,37,28,20,8,99,23,33,31,48,25,29,21,35,37,5,129,19,9,40,6,11,23,42,6,58,21,85,14,44,4,33,13,96,80,5,42,52,61,23,4,69,57,16,30,0,24,65,40,14,44,38,16,10,48,25,87,48,37,14,11,66,54,2,14,40,111,3,28,78,4,82,42,4,10,11,110,38,4,2,75,65,25
46,35,154,201,4,23,342,224,104,34,135,212,270,277,286,266,221,178,88,3,105,224,353,460,558,605,625,598,520,402,263,101,51,226,389,520,629,698,724,696,639,533,387,232,53,113,274,393,482,526,515,453,360,239,102,14,106,195,265,152,290,66,96,128,19,19,193,48,112,104,184,35,205,303,325,270,179,26,144,312,477,603,703,763,775,739,644,516,339,133,77,282,453,565,602,572,106,316,121,92,314,512,674,787,839,817,729,583,397,182,29,224,367,444,442,377,250,92,78,229,330,382,365,7,13,50,43,44,45,68,19,17,48,12,151,120,76,23,39,108,172,207,207,185,125,31,69,174,264,327,363,371,339,290,220,156,79,12,58,106,61,151,138,90,30,50,142,233,302,370,426,434,448,431,379,320,235,139,43,42,106,158,167,151,104,38,31,238,60,32,36,113,91,44,174,41,76,2,135,156,181,161,138,81,12,108,200,273,325,324,304,246,173,83,15,119,205,278,331,358,375,373,343,301,122,200,118,50,11,54,82,103,110,115,122,123,109,107,76,54,33,6,40,89,137,206,269,323,350,344,298,160,144,124,153,66
8,1,0,0,1,0,974,990,611,2,631,1108,1307,1201,859,357,150,528,726,673,401,3,351,520,413,40,472,1004,1336,1403,1159,666,1,518,972,1115,963,475,175,819,1227,1300,991,400,258,834,1188,1250,1033,657,201,179,411,404,159,226,614,855,820,0,1,2,5,0,3,1,3,0,1,0,1,3,0,1,3,0,5,4,1,2,5,1,1,0,1,2,0,1,2,1,4,2,0,0,0,1,0,0,1,4,0,2,0,0,1,0,1,2,0,0,0,0,2,1,1,4,0,1,0,1,0,1,0,2,2,1,1,1,1,0,0,1,1,0,0,2,1,1,0,0,1,0,0,0,1,0,0,0,2,0,1,3,1,0,0,1,3,1,0,0,0,0,1,0,0,1,1,0,0,0,2,0,2,0,2,2,1,1,0,1,1,2,1,2,0,1,0,2,0,2,2,1,0,0,1,2,1,0,1,4,2,2,1,1,2,2,0,2,0,0,1,0,1,2,3,0,1,0,3,2,1,4,5,3,0,3,1,1,0,2,2,0,3,3,6,6,1,0,1,1,2,2,5,1,2,1,1,1,1,2,0,2,2,2,2,1
14,35,101,97,3,118,696,572,447,319,184,57,63,181,289,381,446,488,501,479,419,326,204,56,105,269,441,594,727,823,884,896,106,786,668,506,326,116,108,321,535,725,886,1009,1091,1121,1103,1032,930,781,609,410,190,18,220,409,574,712,809,112,30,95,33,98,88,27,99,62,118,54,544,753,947,1121,1273,1386,1458,1489,1464,1380,1245,1061,839,581,316,43,212,453,653,824,954,1044,1092,1094,1063,981,15,710,521,309,92,115,299,441,536,576,560,492,393,271,143,33,59,110,117,73,10,132,271,418,557,671,748,32,30,17,35,29,10,27,21,27,50,39,101,72,19,44,107,171,224,264,295,311,309,300,278,258,223,199,189,196,215,257,305,356,399,423,436,417,12,315,243,161,81,4,64,118,164,190,198,196,174,130,75,11,65,148,224,302,367,418,451,465,447,407,344,35,19,104,210,35,61,53,1,24,7,111,435,384,329,272,220,155,94,30,42,123,199,285,353,402,426,412,369,289,185,58,63,195,311,422,505,568,89,626,629,606,566,512,433,353,259,156,57,43,148,235,294,351,388,399,394,362,315,252,167,66,50,183,327,17,32,4,103,60
87,24,7,12,1144,1143,891,457,109,688,1126,1330,1245,888,333,333,972,1381,1500,1310,820,127,646,1288,1642,1666,1301,645,192,1031,1634,1884,5,1128,307,600,1322,1719,1712,1339,671,113,891,1399,1567,1370,888,222,478,1045,1308,1281,961,463,132,668,1014,1100,915,561,93,7,12,12,6,8,5,10,11,3,5,9,5,0,0,5,2,2,2,1,4,2,4,4,2,2,3,3,1,2,1,0,0,3,2,0,1,1,0,2,3,3,1,2,3,0,2,4,4,1,1,7,3,1,1,0,3,1,1,1,1,1,0,0,2,2,2,0,4,1,0,2,3,2,1,0,3,1,2,0,2,4,2,2,1,5,3,1,0,3,0,1,1,0,0,3,1,1,1,0,0,1,0,1,2,2,1,0,1,2,2,5,2,0,1,4,0,0,1,3,1,4,2,6,3,1,5,2,0,4,0,2,4,2,0,2,8,4,4,2,1,5,8,0,4,0,2,0,4,3,1,1,2,0,2,3,7,6,4,10,2,3,5,3,3,4,2,6,10,6,4,9,6,5,10,4,1,6,0,1,6,2,7,1,5,3,4,5,1,2,4,0,2,8,6,15
1,38,139,151,54,200,118,106,255,91,9,16,269,37,6,81,138,118,41,322,204,44,85,429,54,38,148,241,197,141,150,199,168,277,46,279,84,119,102,76,80,281,79,42,228,81,55,61,71,72,300,4,220,143,82,119,142,148,142,94,69,140,63,55,28,151,76,125,96,110,159,69,38,75,3,126,145,3,99,134,27,19,35,93,85,63,59,53,48,147,55,81,22,161,0,123,96,54,33,66,3,228,24,51,199,188,179,43,80,141,138,43,27,16,5,43,30,72,72,10,27,30,70,27,119,15,42,32,38,6,49,28,25,100,290,211,27,243,232,120,39,14,5,101,335,466,241,339,851,875,267,556,1010,777,152,463,630,329,108,270,38,275,401,180,313,747,768,305,347,824,897,443,156,425,386,174,99,304,406,224,352,953,1030,450,401,922,796,108,35,79,153,59,91,28,73,24,58,27,149,13,10,86,74,87,94,93,125,222,91,17,134,153,115,137,108,28,35,108,121,42,290,35,40,6,284,5,184,180,49,145,40,1,26,77,64,81,15,53,195,32,8,199,58,36,159,141,39,10,72,25,99,147,28,32,30,90
47,57,815,233,276,225,785,292,192,405,451,323,383,286,140,209,460,495,546,307,14,345,668,605,545,160,47,292,407,551,489,306,975,46,153,474,549,675,552,33,218,586,817,658,287,111,558,716,832,568,56,294,843,778,512,235,686,622,347,645,647,353,593,409,1011,185,306,513,39,386,519,112,67,833,333,244,598,302,305,499,621,40,332,625,833,1225,557,539,60,719,634,161,127,208,103,511,371,423,173,597,84,969,491,34,735,373,673,115,290,389,53,127,177,295,451,477,73,613,55,95,268,387,15,467,73,184,185,333,137,249,63,78,431,49,95,31,319,135,213,84,92,335,689,176,255,175,197,60,100,131,105,407,245,547,285,150,16,399,187,561,575,309,417,795,103,126,46,359,421,16,19,0,430,61,219,261,237,360,265,405,947,233,585,733,4,435,441,162,1097,541,385,65,623,461,217,829,361,737,301,242,301,353,4,347,114,97,53,512,351,172,259,989,763,218,112,494,16,1591,37,725,16,359,527,867,339,448,899,827,7,421,451,250,254,341,462,721,633,439,531,33,705,692,405,96,197,400,155,471,675,283,205,555,573,132,545,105
13,64,19,17,6,8,131,68,77,22,118,17,43,38,77,91,61,10,16,87,158,27,62,72,155,70,86,25,70,66,133,94,7,7,95,27,8,3,63,80,49,76,92,101,108,57,31,28,23,171,9,45,92,9,14,47,32,110,30,92,42,73,25,103,102,64,72,51,63,9,66,267,630,948,1149,1224,1147,949,654,310,70,410,662,779,753,594,321,10,330,614,795,874,812,621,295,54,35,587,703,667,524,312,121,55,177,209,180,70,99,265,391,449,385,252,55,161,330,422,412,277,90,85,202,9,13,35,16,10,19,9,13,1,20,27,17,17,36,12,15,19,54,59,34,50,10,58,5,29,38,36,34,97,34,33,38,114,8,57,24,51,96,62,23,68,38,26,7,92,30,126,36,27,23,28,62,21,67,2,95,53,65,17,35,96,29,75,28,37,14,90,0,52,58,169,34,24,99,50,21,36,5,81,9,6,112,6,43,31,124,2,52,13,11,12,55,70,30,38,15,31,84,2,22,61,2,175,72,41,46,64,34,61,10,139,17,11,4,15,33,129,28,41,171,56,66,65,33,49,72,33,20,4,26,22,9,30
85,37,167,472,80,548,1180,742,161,215,241,802,874,402,370,708,417,232,239,435,1201,1195,573,181,338,267,774,609,336,1283,1249,398,124,37,875,1440,883,67,751,590,121,424,95,953,1246,852,10,444,201,857,834,11,997,1025,190,507,301,617,1131,787,299,945,541,193,725,200,762,1072,494,430,723,75,548,614,55,931,835,107,667,500,390,840,391,583,918,222,576,587,38,680,636,236,783,431,450,801,182,571,557,202,819,454,331,714,209,525,455,217,746,280,378,523,98,335,247,251,380,53,332,157,62,7,175,210,262,245,101,63,1,101,384,172,88,59,94,284,28,288,59,397,462,10,256,74,353,347,182,673,416,195,445,2,556,360,297,892,625,80,428,73,740,746,115,894,875,223,353,3,778,1080,557,461,824,345,313,269,394,1101,1068,372,376,457,202,484,229,502,933,769,245,98,19,342,583,234,309,617,548,54,47,90,512,526,320,45,176,13,129,248,112,223,330,219,47,86,148,524,527,178,122,247,6,246,311,92,662,651,262,106,100,380,734,486,264,705,472,54,196,297,957,1074,634,163,407,137,550,340,318,1000,936,442,24,38,619,1016,785,196
53,290,117,81,230,228,75,424,310,100,137,234,606,279,589,1171,676,434,1155,865,119,811,543,77,239,94,393,102,895,962,26,1280,598,203,1144,1265,179,692,547,164,396,138,764,495,508,1185,727,490,1142,633,464,779,113,503,244,467,603,124,762,289,120,501,376,70,149,327,94,404,8,604,200,445,691,115,656,708,54,865,685,197,815,494,367,580,10,496,281,465,704,50,712,595,179,670,278,489,199,239,695,258,604,681,86,634,278,476,487,213,618,113,550,521,152,489,71,364,203,222,310,52,250,41,95,78,286,148,157,84,49,52,28,51,241,84,4,115,17,135,7,302,287,202,559,257,399,550,7,482,269,260,345,163,502,53,596,504,317,887,393,579,684,193,574,554,142,477,37,504,356,463,852,237,770,1031,181,781,893,53,596,499,169,381,25,494,387,382,855,206,941,52,449,115,122,164,299,640,137,262,24,395,500,28,535,608,97,351,450,136,110,123,2,169,17,436,490,107,519,817,324,310,644,320,53,5,57,41,515,790,246,717,1064,602,353,824,630,46,288,238,13,113,447,477,49,828,1015,184,830,1102,290,626,709,62,455,243,494,163
78,474,193,364,619,1083,222,196,63,385,7,662,885,84,994,1327,511,798,1394,807,308,824,593,154,22,133,15,550,878,653,273,1257,590,285,1171,1474,397,731,790,15,395,73,680,339,658,1299,538,977,1713,761,888,1540,579,650,706,116,376,296,915,661,305,337,11,351,719,229,761,447,291,621,646,162,522,273,635,889,8,896,765,178,889,504,399,774,241,597,724,46,570,314,296,438,184,697,185,704,58,18,926,828,183,926,556,365,661,123,364,123,278,64,557,605,242,918,578,332,688,271,159,71,153,13,359,631,172,109,153,219,207,14,139,21,477,189,295,78,300,232,294,507,19,606,436,318,706,181,488,463,215,480,6,574,289,591,851,17,1015,924,292,1154,241,419,929,267,589,473,432,778,49,1073,938,295,1177,786,222,668,343,47,38,327,282,241,868,918,153,1130,1708,281,157,921,949,465,921,571,743,441,529,156,547,720,299,602,1089,724,264,868,564,21,207,67,140,221,619,571,83,535,858,680,37,825,800,101,297,22,201,43,991,1177,65,1287,1511,533,700,1155,708,47,284,162,57,398,670,316,547,1129,838,91,1045,1268,550,858,1692,807,50,54,303,9
8,198,443,320,817,785,64,8,827,445,118,224,921,212,26,677,543,581,86,629,67,985,252,252,243,249,249,356,671,295,495,297,439,378,1103,79,14,241,251,31,116,781,212,45,391,482,637,597,329,615,253,727,2047,619,156,127,335,115,247,502,747,543,641,227,1159,571,763,85,604,583,193,906,622,718,1151,296,816,747,98,439,458,44,441,282,113,584,297,210,509,65,289,509,227,644,472,381,267,704,489,1384,1047,330,1462,1357,60,1194,1195,58,770,636,74,371,142,327,329,227,568,375,323,840,379,453,763,227,285,382,54,107,15,195,234,106,82,361,148,311,86,233,143,197,226,138,735,38,267,685,385,193,77,0,101,289,88,289,523,255,415,75,358,466,573,997,62,159,589,697,641,427,245,45,482,663,10,219,917,653,529,18,115,21,373,315,447,279,102,777,22,443,21,5,396,362,68,561,109,271,158,605,1143,343,613,15,16,489,623,417,403,697,615,244,12,1109,245,38,351,52,759,525,963,755,337,64,739,189,209,396,125,893,1201,407,959,543,315,273,1139,806,189,80,71,53,262,775,509,427,156,809,357,357,709,156,391,559,451,84,495,301
29,87,113,192,90,98,130,24,133,302,491,661,802,903,978,1000,977,901,812,694,553,391,221,42,144,323,506,654,777,857,892,860,97,664,492,295,77,182,433,685,908,1103,1253,1366,1414,1410,1328,1225,1062,884,656,441,214,10,200,383,542,671,774,13,43,1,145,41,119,108,19,127,101,71,245,374,483,572,649,692,724,723,705,647,578,483,371,247,119,14,129,243,339,418,478,506,532,531,518,470,54,324,220,85,52,218,397,575,755,923,1066,1188,1265,1299,1272,1195,1067,902,705,491,284,93,78,209,307,363,396,0,3,9,32,7,9,13,16,6,57,14,279,262,236,206,175,144,107,74,56,37,35,40,59,85,119,154,188,219,242,246,248,221,183,132,74,5,66,156,231,311,367,418,454,471,474,458,417,379,316,249,175,99,19,43,116,167,206,223,232,224,193,159,100,98,78,99,11,55,76,13,42,173,7,96,477,457,418,357,282,182,90,12,110,196,267,329,366,396,389,369,323,261,178,72,30,140,242,334,394,452,41,482,471,446,412,379,331,277,228,164,102,23,50,126,195,257,299,328,337,333,312,279,234,191,151,121,96,179,35,100,72,74
20,11,13,1,6,12,717,701,618,466,291,74,132,329,499,639,741,775,769,711,613,466,271,30,224,468,659,806,858,853,781,646,32,246,14,207,441,666,859,988,1046,1031,959,829,684,532,370,247,166,94,47,31,63,123,212,332,440,540,616,21,49,40,74,43,13,87,31,68,7,44,42,82,44,5,14,67,19,33,13,12,34,69,40,46,104,26,24,4,44,9,28,48,10,8,66,30,33,63,14,29,28,68,1,21,21,95,58,67,42,18,6,36,20,21,27,24,7,20,27,17,22,6,13,9,9,25,15,7,14,7,9,3,6,0,5,10,23,10,56,18,3,11,38,15,1,36,0,51,1,17,83,26,47,3,41,27,6,1,32,5,27,10,4,19,32,8,19,49,66,13,44,65,2,4,35,44,16,8,21,16,61,3,4,0,20,7,39,31,24,60,68,19,28,73,14,17,12,50,82,45,14,13,37,36,52,93,7,103,60,2,44,14,17,22,25,72,22,57,26,17,25,12,1,10,118,4,50,10,26,66,0,54,41,53,109,42,17,37,36,13,5,29,12,67,28,26,18,93,93,6,38,7,42,19,9,39
42,15,16,46,4,22,639,544,462,383,323,301,288,296,347,412,458,512,542,554,532,461,367,234,80,106,281,460,601,704,794,820,21,690,568,415,234,22,195,408,582,737,839,891,849,759,584,336,28,311,652,1010,1337,1591,1762,1855,1828,1696,1464,44,32,61,9,2,52,61,5,11,56,27,15,14,2,30,3,20,23,38,9,68,40,43,17,18,3,42,38,25,33,39,26,63,7,4,11,7,20,7,10,17,5,42,4,42,8,36,23,11,11,7,33,7,36,2,15,15,15,21,3,16,4,18,10,1,17,16,7,34,9,4,17,10,1,5,14,15,25,46,4,11,24,6,35,4,60,26,40,54,35,48,21,15,13,16,18,18,9,7,25,13,8,30,59,30,1,76,5,23,79,30,54,0,29,77,30,4,106,30,88,15,0,11,31,16,32,6,21,61,8,25,44,75,78,4,33,22,13,3,80,40,35,50,18,48,70,18,42,43,98,97,29,49,96,80,10,33,17,7,35,54,59,61,22,4,9,15,77,50,24,8,75,58,59,45,48,23,1,28,31,14,62,4,6,36,51,32,7,47,26,7,50,10,24,16,21,21
40,18,9,3,103,6,64,94,274,448,609,760,876,961,1027,1039,1019,978,885,762,622,441,238,29,193,421,612,790,935,1016,1064,1043,86,835,667,446,221,31,281,519,722,902,1034,1118,1170,1145,1087,998,859,696,530,338,158,17,169,301,396,470,512,41,8,8,92,56,19,4,67,88,28,34,10,29,19,29,23,15,21,27,30,37,48,56,66,69,76,73,76,74,77,79,78,90,98,99,100,102,55,83,73,68,59,77,101,144,206,277,365,451,534,606,646,662,633,561,447,300,132,50,230,391,519,605,647,34,0,5,13,17,36,12,11,90,67,4,116,77,18,46,114,187,244,292,320,325,308,282,243,194,150,109,71,52,44,45,53,89,117,153,202,251,23,343,365,394,404,406,397,380,353,313,279,229,180,129,75,40,1,26,42,33,29,15,9,25,48,68,80,33,178,39,143,73,18,66,137,79,43,216,515,488,443,367,273,168,63,33,118,211,268,328,362,382,377,354,311,237,153,54,64,176,289,390,470,539,51,609,609,594,547,501,437,356,266,175,78,22,116,209,289,358,412,443,464,450,434,397,337,284,226,184,157,140,12,62,22,7
148,33,9,6,1158,1093,942,750,484,171,165,515,843,1098,1310,1423,1450,1372,1177,906,565,170,267,721,1113,1439,1658,1767,1764,1620,1360,972,2,4,531,1004,1361,1605,1723,1724,1579,1321,981,580,143,283,688,1025,1242,1348,1350,1257,1061,802,495,178,149,444,683,849,940,28,14,14,14,26,20,27,27,9,11,16,4,8,9,5,8,5,2,5,4,2,2,6,6,6,8,7,1,7,1,4,6,5,0,1,0,3,3,1,3,0,1,2,0,1,5,2,3,6,1,3,2,2,2,2,2,1,3,1,0,2,4,1,0,2,3,0,0,1,1,1,1,2,1,4,2,2,4,4,1,1,1,0,5,0,5,4,3,0,8,3,1,2,1,1,1,3,0,0,0,0,2,1,0,0,4,0,0,2,6,1,2,3,1,3,0,1,3,1,0,1,0,0,0,3,0,1,3,3,2,1,1,4,1,3,2,2,2,1,1,12,11,0,11,3,4,3,2,5,5,10,6,5,6,5,10,7,4,2,2,7,18,5,0,10,8,15,8,4,2,1,7,8,13,19,6,0,1,3,0,5,2,9,4,15,20,4,8,21,7,21,21,27,21,25
56,155,153,81,157,32,196,63,108,15,234,290,306,373,39,45,165,189,36,90,223,43,98,192,151,57,216,151,92,303,238,95,47,129,30,63,171,192,71,70,231,50,188,85,269,193,134,205,134,202,53,216,123,116,119,19,99,293,85,49,208,290,172,200,23,16,22,53,172,245,120,214,15,120,168,33,30,407,105,293,119,80,126,66,286,81,359,136,78,248,285,170,42,87,196,37,44,268,26,141,23,226,183,61,4,23,52,70,99,16,140,179,77,109,96,129,59,63,115,126,46,49,19,66,154,95,101,26,49,102,96,88,12,40,717,751,856,950,1017,983,794,451,12,574,1051,1428,1574,1518,1131,567,59,575,893,1117,1191,1043,717,216,186,517,171,800,817,811,772,668,430,118,306,903,1424,1786,1877,1812,1622,1361,1137,983,899,746,652,553,576,660,902,1142,1322,106,68,216,160,161,98,155,36,231,136,231,35,178,70,75,5,293,125,54,28,161,70,16,25,26,341,192,174,28,177,161,77,78,178,39,144,132,87,27,137,205,330,22,273,5,40,39,222,16,44,439,143,123,350,130,101,40,247,23,207,237,78,255,224,309,279,411,111,22
12,22,51,28,31,73,47,77,9,40,37,54,14,4,33,36,12,68,67,22,35,15,9,101,168,36,14,7,26,2,18,85,57,44,31,42,47,47,81,53,4,96,21,15,49,74,47,56,52,21,40,5,9,13,4,14,10,40,65,36,18,32,36,89,73,34,3,1,82,25,180,52,252,402,503,561,574,549,501,424,336,252,118,19,95,224,338,437,510,554,574,578,558,534,495,457,43,398,367,335,309,271,225,188,159,101,66,41,9,8,4,9,33,69,104,154,211,266,329,369,399,406,385,21,20,3,19,30,5,7,4,0,12,14,24,15,16,3,4,8,69,17,10,33,5,57,9,17,23,18,37,16,38,21,37,48,27,4,7,86,23,28,6,41,87,23,56,47,78,44,40,7,35,53,39,18,13,47,10,22,12,10,37,29,40,6,32,7,29,18,7,23,70,25,85,56,14,51,33,27,16,12,30,45,33,0,12,9,7,30,20,8,39,100,63,11,82,18,24,92,0,23,80,45,63,31,18,37,4,38,78,11,11,84,44,114,49,5,11,68,83,89,58,29,16,65,5,1,21,58,108,32,9,32,82,29
127,7,114,387,339,402,386,192,661,532,55,586,609,231,270,457,216,46,49,284,28,649,877,200,762,1072,427,463,788,388,202,275,62,223,166,575,412,282,787,586,193,749,501,189,495,155,263,220,212,396,11,559,540,123,722,644,1,718,866,277,79,47,283,199,468,20,32,119,20,222,735,500,215,505,136,354,282,175,362,100,222,275,56,219,301,24,382,272,221,426,84,284,276,26,256,148,221,275,75,417,161,338,362,118,367,98,279,250,71,313,169,167,242,0,154,7,133,58,265,89,286,313,85,102,116,5,203,115,25,77,166,31,119,313,152,247,40,205,150,66,83,113,89,206,305,3,347,262,114,323,87,250,220,137,329,79,291,284,90,345,44,295,420,17,476,476,25,443,341,55,159,3,95,116,349,283,147,570,505,23,509,459,73,244,284,85,165,411,183,408,111,38,311,542,729,6,376,585,59,126,81,244,6,188,86,73,50,124,213,25,280,426,144,282,398,172,55,13,25,174,346,271,5,337,225,323,207,519,263,144,94,189,159,317,602,328,297,745,515,163,610,447,76,303,138,76,0,202,101,303,407,41,127,344,283,121
163,16,143,605,151,969,995,132,372,95,377,196,1163,928,238,877,231,166,367,1044,425,745,1178,327,199,259,771,24,1211,1319,65,650,100,382,551,1453,837,720,1007,202,247,457,995,72,1127,1031,19,407,163,509,321,1324,678,684,893,87,433,577,969,132,1107,728,383,489,400,678,461,1092,235,784,501,451,384,547,828,295,1078,303,761,344,586,490,646,780,349,918,75,731,187,597,339,709,520,564,739,195,671,156,576,131,765,57,697,448,345,258,507,179,560,386,333,459,126,191,315,196,364,407,195,310,99,86,193,40,85,172,28,50,113,146,89,193,46,129,280,122,200,111,439,53,521,201,297,26,338,107,655,379,429,438,205,164,535,558,378,880,129,432,45,568,19,884,680,410,702,81,359,355,820,55,897,738,336,471,293,419,523,1010,176,785,543,219,166,548,569,426,983,409,373,196,220,110,561,718,128,653,435,158,35,485,444,214,721,352,126,138,361,245,242,494,282,147,170,183,151,299,655,377,212,297,112,63,695,864,43,619,647,29,133,560,500,437,939,624,163,122,360,16,870,998,231,480,223,201,220,850,754,184,648,410,66,281,726,399,533,57
3,0,0,1,11,5,913,1045,543,316,1078,1364,1046,320,466,1024,1129,807,204,324,541,332,165,623,701,278,452,1143,1446,1161,403,473,1,1319,934,136,670,1090,925,172,731,1372,1380,733,194,1014,1386,1192,594,108,612,730,454,38,435,464,58,546,1024,0,5,5,0,0,7,2,1,2,2,1,3,2,6,2,1,4,4,8,1,4,1,5,3,1,4,1,0,2,3,2,4,1,1,4,3,1,2,0,4,2,2,0,0,3,2,2,0,0,2,2,2,4,1,1,0,4,4,1,0,3,1,0,1,2,0,1,0,0,0,0,0,1,0,1,0,0,0,1,0,0,0,1,2,1,0,1,1,3,0,0,2,0,2,2,3,2,3,1,0,2,3,1,0,0,2,1,1,1,1,0,1,0,1,2,2,0,0,0,0,0,0,4,0,2,0,2,0,2,0,1,1,4,2,1,0,0,0,2,2,1,2,0,1,1,6,2,3,5,0,0,0,0,2,3,1,2,0,3,2,4,2,1,2,2,2,3,0,2,3,2,0,2,5,3,0,5,2,0,1,3,1,0,3,3,2,1,5,1,0,0,1,1,2,3,2,3
51,3,100,55,85,88,366,17,362,627,647,393,70,564,936,1047,898,525,79,304,528,542,359,80,176,279,149,195,627,981,1125,950,2,2,432,616,483,89,426,873,1084,971,573,42,680,1183,1416,1358,1052,623,228,25,88,8,183,302,298,154,89,80,4,103,156,13,138,15,38,10,65,73,559,816,955,882,540,24,666,1213,1509,1475,1144,644,163,152,219,73,210,467,574,451,115,360,833,1159,1234,1059,52,297,7,103,14,269,481,507,258,247,865,1363,1556,1358,828,175,382,677,676,502,300,213,284,428,526,485,291,44,40,45,23,2,6,19,33,29,31,80,267,178,0,195,331,357,271,103,93,261,371,401,376,310,231,146,54,59,193,330,429,440,330,110,148,358,21,326,97,182,403,488,420,225,19,242,384,424,362,250,125,77,97,178,264,285,192,2,219,394,450,364,168,53,68,19,99,56,60,75,95,32,41,32,311,129,34,154,200,189,132,68,24,60,171,305,427,471,389,205,34,198,239,132,69,279,399,387,246,19,19,466,628,694,649,525,341,142,2,81,66,0,69,98,57,68,227,389,483,461,328,105,129,289,314,203,2,3,78,178,18,17
53,36,96,136,122,109,77,231,331,89,38,168,265,299,412,33,112,373,71,123,195,147,62,339,59,15,118,9,98,127,395,67,185,60,109,368,88,5,259,159,283,276,66,179,32,35,140,30,150,24,138,62,189,89,7,130,236,132,183,16,11,116,101,158,51,241,103,33,124,224,30,197,133,115,233,115,26,251,87,233,101,136,10,72,98,114,172,8,77,0,7,347,144,303,212,220,110,110,173,350,152,83,59,91,194,354,0,21,227,271,46,105,127,97,64,91,63,54,97,25,119,108,51,11,47,157,51,28,65,47,59,94,30,1,295,62,345,314,30,143,184,160,178,162,96,576,759,137,853,1292,544,756,1398,796,286,958,639,129,480,143,147,306,269,739,629,175,1008,1144,393,723,1233,821,144,647,498,111,99,330,177,472,1105,931,261,1349,1416,356,719,114,374,307,208,43,178,126,118,2,266,102,278,149,79,409,257,361,122,666,311,156,259,130,400,262,18,142,110,141,86,315,67,38,40,157,35,72,144,25,72,18,148,142,271,52,21,109,58,275,163,226,91,13,114,175,1,131,3,198,208,24,157,120,317,212,11,107,69,1
84,49,32,112,560,146,540,89,513,92,137,320,44,454,390,317,555,329,692,157,644,106,648,165,561,406,333,445,57,457,231,214,524,63,298,255,253,297,160,600,95,618,360,627,587,344,750,174,776,119,819,252,791,354,630,380,582,209,394,28,893,213,323,794,695,161,924,308,470,539,484,744,106,285,108,113,227,455,670,113,377,1128,241,931,167,158,602,273,404,357,164,716,599,559,186,277,192,303,301,98,280,190,253,118,101,118,314,147,404,63,81,677,219,150,369,189,143,139,64,417,327,46,91,153,11,57,226,59,373,22,140,88,296,94,189,80,112,338,167,279,628,328,232,21,349,139,21,150,393,169,25,369,498,223,536,660,387,277,146,12,525,829,394,125,254,53,334,530,172,98,265,480,29,797,342,443,663,170,539,42,25,688,194,834,137,499,636,566,518,266,663,288,477,77,217,276,576,478,515,458,152,68,1,119,588,324,929,44,286,439,758,351,721,362,283,56,149,552,1104,205,191,252,385,97,278,707,611,1049,795,1127,1102,899,286,538,47,98,14,1041,1,101,310,309,344,663,223,528,394,446,14,678,172,235,969,447,296,141
4,26,44,56,115,34,35,58,21,63,38,1,3,34,27,85,83,15,17,31,121,24,84,56,30,82,23,36,120,20,72,119,1,58,59,85,147,18,16,25,25,74,40,18,55,64,23,33,4,84,58,117,18,32,75,0,15,134,86,97,155,39,27,7,134,156,11,0,76,92,526,119,400,878,1191,1230,1015,580,61,445,794,944,795,464,4,407,664,687,498,119,300,672,902,897,639,209,58,606,745,639,408,105,128,256,251,101,76,242,326,239,33,229,428,489,392,161,116,330,410,310,105,117,246,32,13,8,0,16,17,43,47,4,10,21,6,9,3,10,4,22,58,2,33,102,26,70,31,26,92,21,33,10,32,22,45,11,18,91,61,64,46,38,51,19,40,59,7,67,9,40,47,29,13,93,86,4,10,4,63,111,88,15,140,29,7,22,11,108,12,40,61,118,6,14,64,154,38,75,10,85,48,92,29,79,17,32,66,141,31,25,16,15,40,124,119,49,10,62,33,153,8,123,83,36,35,77,72,68,42,4,41,84,17,7,47,27,9,68,46,90,45,92,89,8,13,4,61,13,83,22,62,77,22,61,32,2
7,8,92,34,15,9,89,49,60,91,45,43,45,85,19,54,11,112,66,6,99,81,32,26,262,13,11,117,86,193,104,74,122,78,8,102,261,56,9,66,189,188,54,184,37,96,139,45,44,122,68,14,55,159,133,16,87,60,174,106,25,23,97,80,24,236,9,0,32,36,58,202,148,71,40,130,134,208,290,179,7,47,241,29,135,7,18,79,68,28,188,61,37,2,111,135,144,142,24,77,112,161,37,25,91,142,60,5,124,170,160,28,95,82,25,79,86,17,42,60,96,2,76,49,9,113,5,18,2,7,33,39,4,16,114,231,339,422,440,348,129,221,562,788,784,532,105,320,620,708,582,381,173,50,4,20,15,52,136,230,5,342,296,265,190,137,118,99,57,59,262,484,728,857,870,635,240,226,680,1031,1182,1202,950,570,141,273,595,121,39,39,146,193,56,157,12,39,227,47,58,152,32,12,7,2,116,56,39,23,23,204,28,119,176,82,12,231,129,129,115,136,159,134,106,158,250,65,303,151,82,111,346,181,4,138,278,333,32,110,68,143,16,279,96,73,76,95,85,3,87,11,98,2,15,35,117,14
25,34,58,1,29,31,509,528,549,536,495,413,305,167,26,128,270,364,437,471,461,406,305,165,0,194,416,611,790,933,1017,1028,71,841,654,409,143,166,461,742,995,1210,1370,1473,1524,1503,1432,1319,1166,986,798,597,400,221,57,82,204,291,364,73,54,24,195,35,119,19,39,86,40,115,394,427,433,402,347,272,177,73,32,130,213,274,297,279,221,111,26,198,396,587,766,915,1028,1082,1082,1037,29,757,549,290,19,258,530,766,951,1063,1106,1066,948,783,586,384,202,72,11,19,28,131,263,411,543,656,721,4,56,42,25,82,15,40,43,8,27,2,160,225,275,299,306,291,257,212,169,127,87,65,57,53,70,89,116,134,145,141,118,77,18,56,145,218,88,347,381,384,366,324,269,199,126,52,8,57,69,67,37,18,89,162,253,325,390,434,453,454,430,389,324,21,34,68,74,36,97,22,17,63,71,262,474,443,412,359,305,242,164,86,4,88,157,199,229,240,210,168,107,40,36,104,163,217,259,288,306,313,146,307,301,287,283,277,271,256,242,226,203,196,177,182,192,212,248,278,301,319,324,314,288,249,200,149,86,113,69,55,30,176
21,101,179,12,97,505,562,236,439,128,1203,159,56,187,102,66,452,611,178,264,1114,784,71,179,411,132,272,240,626,109,444,483,281,241,195,685,403,498,646,357,106,462,226,597,622,1060,18,178,365,944,786,308,142,792,6,323,85,649,8,285,148,889,540,108,68,135,84,952,293,92,699,234,943,844,37,675,741,237,296,384,102,147,177,113,117,369,225,293,538,349,263,692,542,15,852,1071,802,473,1467,1240,247,1049,1686,1219,82,1107,1261,590,285,693,540,8,266,109,247,362,165,462,593,388,300,684,508,199,75,188,285,21,209,78,286,127,30,224,283,133,104,238,564,302,113,226,95,163,244,169,74,356,823,29,251,213,22,282,372,106,109,4,206,208,372,187,107,177,40,369,327,36,318,567,27,608,452,165,281,430,328,491,282,262,418,226,1706,44,283,340,1132,1211,531,63,1021,338,29,458,8,222,486,149,327,528,144,163,48,1145,869,428,368,396,35,596,223,424,220,694,36,184,153,328,257,461,199,493,996,714,340,572,226,868,595,165,930,177,405,102,758,529,320,609,80,491,376,54,482,214,163,190,1551,524,231,793,744,609,207,72,538,371
202,5,13,9,1144,684,149,940,1261,892,43,873,1346,1103,266,772,1423,1315,501,632,1448,1515,761,447,1448,1683,1008,238,1415,1829,1257,30,30,1887,1408,179,1137,1764,1430,353,905,1619,1422,468,725,1445,1355,551,548,1281,1273,606,374,1101,1172,612,248,904,1044,601,129,12,19,8,5,2,18,4,3,6,0,6,3,9,0,2,1,0,2,1,0,0,6,6,7,1,6,2,0,0,2,0,0,1,1,1,1,0,0,0,1,6,0,1,0,7,1,1,4,1,0,6,1,1,5,3,4,0,1,1,2,0,3,1,4,0,2,1,0,1,2,0,0,1,4,0,2,1,1,5,3,1,2,5,1,1,1,1,1,4,2,0,5,0,2,1,0,1,3,1,0,4,0,4,2,0,1,4,0,0,5,0,1,1,0,0,0,2,3,0,0,0,1,3,9,0,3,0,3,3,4,2,3,1,2,1,3,2,7,9,0,2,2,0,7,6,9,4,5,5,3,8,0,4,9,1,1,5,2,13,4,0,11,8,2,0,3,12,9,5,10,7,8,2,4,10,0,4,2,11,6,1,10,8,1,2,7,1,6,0,1,3,7,3,2,7
145,20,353,147,393,543,130,585,267,152,179,311,477,109,857,779,256,1151,931,282,978,680,190,438,35,417,0,718,759,271,1273,1068,617,1314,1039,184,950,657,185,472,12,428,150,648,938,119,994,1205,95,1081,1102,7,836,565,230,447,105,467,62,327,34,17,295,333,487,587,195,368,54,145,811,369,586,722,11,794,553,285,803,318,489,683,135,559,437,249,490,12,491,247,385,518,118,786,465,510,201,231,737,804,25,648,384,254,319,130,300,156,512,173,520,544,83,533,280,219,335,25,226,63,57,76,48,15,97,31,123,73,21,98,79,90,52,12,19,72,104,118,216,406,9,477,406,164,524,196,316,338,71,304,4,356,130,447,489,112,773,556,404,900,583,598,553,58,388,17,354,27,582,534,251,941,649,334,925,613,248,617,282,266,196,374,459,308,1038,633,561,23,230,67,115,351,147,579,141,17,599,230,587,52,612,775,182,577,727,157,432,396,50,216,41,182,170,144,445,347,146,567,399,41,482,386,15,225,131,243,112,767,722,179,1116,1074,25,1035,992,124,484,382,47,26,436,588,91,1014,1021,31,1144,1081,53,956,649,407,439,372,125,277
42,531,995,1241,328,4,2,617,981,104,1063,1121,255,706,1086,307,743,274,704,241,1228,1268,259,1523,1425,215,1148,1463,422,666,681,2,579,384,784,6,1419,1553,110,1670,1572,180,1145,1358,239,742,323,418,64,977,862,492,1761,1395,553,1994,1367,587,1826,749,301,14,293,311,57,382,427,843,235,151,1021,1114,65,997,719,356,734,160,451,460,163,786,298,847,906,347,1106,346,771,790,250,891,208,709,527,359,189,113,677,218,569,610,117,762,610,384,1065,237,1024,690,550,676,185,398,162,376,194,554,19,675,134,668,238,335,96,52,83,301,85,21,61,89,29,32,246,328,443,315,685,135,558,417,199,384,146,427,216,628,53,682,446,318,692,329,467,726,25,588,73,669,677,1030,845,399,1484,1088,536,1414,684,357,623,102,347,33,734,311,800,930,79,727,871,196,726,740,7,343,354,56,122,413,469,116,267,567,587,623,625,5,520,486,27,444,239,178,75,320,335,107,619,709,13,845,853,37,706,627,129,550,58,753,290,807,1171,449,553,1623,637,1031,1089,105,295,44,196,68,653,877,160,903,1187,497,628,1140,333,524,241,385,120,687,844,10,1283,525,525,153,511,277
1,3,11,78,45,9,356,124,538,707,557,137,347,760,929,826,494,41,362,604,625,444,152,109,176,7,377,730,891,773,393,110,44,806,709,338,190,651,825,633,77,632,1242,1538,1430,991,405,151,545,736,740,586,373,223,247,384,555,694,689,50,43,15,43,21,30,3,3,23,27,2,52,43,13,15,15,44,30,117,24,20,58,22,0,14,66,67,19,77,47,42,2,11,6,25,91,8,20,22,27,22,10,0,25,7,48,0,4,13,11,52,1,10,42,19,25,34,49,33,63,16,10,13,35,2,43,2,8,8,12,0,24,27,21,21,1,1,20,15,11,18,4,12,51,45,24,39,3,43,1,41,37,69,43,16,35,57,7,45,26,6,31,59,28,2,2,38,69,7,7,13,47,40,22,72,4,0,23,66,61,31,3,23,11,44,57,28,42,3,48,19,21,10,4,14,42,19,40,16,19,58,54,26,58,31,8,98,114,45,22,27,12,66,54,0,23,5,58,2,24,53,2,87,10,0,42,55,35,86,82,13,1,37,38,79,75,5,15,70,35,24,24,70,1,67,61,9,28,9,0,21,64,9,1,34,8,46
441,17,969,450,210,202,315,97,755,1012,31,736,450,48,248,830,359,880,1041,225,252,232,409,625,1364,516,639,757,21,28,900,785,558,1349,639,388,44,501,37,1173,1053,316,906,156,366,384,1145,137,1087,1060,326,506,391,529,738,1334,76,1162,357,399,47,1016,418,971,1067,219,688,128,565,398,1004,160,934,603,502,333,577,510,600,874,269,893,43,768,92,761,118,875,407,737,565,510,596,470,405,460,776,363,885,102,572,168,484,284,771,126,703,101,447,151,522,261,666,66,553,77,323,111,356,219,386,143,246,119,111,111,231,227,139,99,101,129,389,193,175,386,137,404,104,244,229,317,410,548,173,517,67,342,283,546,354,759,16,581,47,404,243,778,28,854,425,441,248,433,118,868,646,504,778,21,294,312,680,260,1119,492,595,436,229,71,736,749,309,988,272,294,75,523,36,840,712,253,470,14,203,451,698,93,609,487,39,89,330,194,284,623,380,101,209,158,58,399,619,84,469,398,51,30,543,477,599,964,301,318,10,248,227,972,537,391,601,122,8,542,579,194,937,642,182,140,270,143,667,796,18,543,282,273,222,770,368,599,717,20,195,1061
7,1,12,4,16,40,215,269,223,138,65,17,41,101,172,211,171,51,119,264,302,214,8,233,365,317,110,159,372,404,245,44,9,456,380,125,188,415,450,264,51,330,431,298,1,313,458,338,2,399,632,541,134,418,831,894,532,121,759,2,4,32,39,40,12,2,33,8,4,20,11,4,10,10,21,29,1,39,20,22,9,25,2,1,21,30,17,5,3,8,59,7,23,1,13,13,20,6,8,8,41,14,34,4,21,1,6,20,4,8,5,8,11,2,0,4,16,6,9,3,14,22,10,10,0,7,0,8,4,0,2,9,5,7,11,10,7,22,11,6,12,15,9,9,5,3,35,6,7,4,18,9,17,1,9,1,0,15,26,17,6,3,34,4,24,7,62,22,19,4,34,11,28,17,8,15,16,3,30,10,8,24,4,7,14,5,9,40,4,44,26,23,7,20,31,12,30,2,33,1,7,7,1,16,4,4,22,21,20,0,17,0,35,25,10,9,2,26,31,4,44,0,22,29,41,31,15,8,1,20,24,55,17,20,0,15,12,7,29,25,1,15,46,33,18,19,15,12,5,40,20,18,3,5,17,20
33,32,365,60,231,920,784,314,482,1055,1053,536,175,718,851,571,125,126,18,299,326,152,873,1220,921,16,934,1296,865,22,629,562,162,418,255,381,888,798,147,673,1098,916,167,513,666,242,196,208,106,524,687,397,262,953,1153,593,340,862,735,233,42,480,376,164,14,230,404,412,228,434,1019,974,277,500,778,423,30,269,145,170,365,304,111,616,714,233,464,826,497,243,769,659,21,626,733,200,57,602,81,490,512,95,673,634,10,631,769,282,380,626,322,188,352,32,356,267,218,523,309,191,411,171,157,213,52,33,182,171,130,2,89,203,91,89,14,393,388,11,371,376,77,190,206,4,182,150,85,296,274,29,376,405,110,296,402,135,232,265,67,425,19,181,715,732,172,454,737,508,26,328,345,46,289,269,40,423,515,192,333,659,541,67,405,587,456,93,234,213,404,275,44,120,733,209,250,99,29,52,53,410,406,98,188,150,79,100,334,454,214,300,671,549,24,500,478,137,284,438,212,280,692,694,171,550,397,754,243,243,439,377,191,28,27,403,623,393,332,935,927,367,256,558,460,98,237,270,86,441,388,131,568,225,233,30,28,186
11,40,5,146,19,84,545,572,342,85,539,786,682,265,307,812,1051,964,622,188,183,368,326,88,186,347,270,65,545,939,1054,795,37,288,632,623,262,266,746,957,763,227,474,1123,1509,1508,1142,577,4,442,630,591,418,259,205,293,486,687,783,111,82,12,106,24,50,72,42,55,93,50,212,577,967,1185,1113,711,55,649,1189,1396,1236,805,311,52,152,12,263,465,468,211,257,767,1133,1227,1033,598,29,234,358,258,46,105,22,323,805,1217,1325,1013,344,443,1046,1279,1103,669,218,48,102,25,15,80,310,565,684,18,3,25,30,41,2,28,13,51,13,51,68,100,249,299,211,34,177,328,371,308,165,16,120,210,266,304,325,316,254,113,118,348,497,468,261,52,50,422,315,63,235,431,476,362,145,103,303,393,366,252,114,31,34,119,214,223,111,106,340,497,501,337,73,15,17,95,72,139,65,91,38,34,62,164,214,356,393,339,224,111,37,24,67,105,90,2,136,282,351,315,183,18,103,134,25,162,363,483,467,304,150,272,525,657,649,518,314,105,57,134,115,59,15,24,128,257,381,418,335,137,88,267,324,238,55,142,277,14,9,16,62,5
4,27,11,136,121,125,106,110,63,81,26,52,47,4,13,159,59,91,50,135,12,16,59,46,91,32,23,32,82,170,6,127,175,21,5,125,110,28,234,37,1,77,127,60,7,28,99,111,84,152,75,21,190,18,135,21,10,35,51,235,44,23,2,40,78,26,61,61,154,108,134,108,15,53,61,14,128,11,78,161,2,144,5,89,101,80,54,113,63,25,13,45,52,92,33,24,35,1,28,21,44,61,114,127,55,80,118,24,26,67,11,65,35,8,35,51,19,29,16,43,24,70,45,37,12,74,47,16,0,7,9,4,47,21,292,212,72,177,400,533,441,131,260,563,540,207,300,704,727,315,244,679,756,510,66,372,487,303,39,270,16,199,46,347,513,497,198,306,797,946,640,4,635,964,923,611,206,126,317,409,397,351,306,406,552,599,485,104,115,89,9,0,75,165,9,2,40,187,24,82,42,29,89,189,2,191,61,32,166,113,1,41,37,80,11,170,104,145,174,81,60,38,115,61,18,71,77,131,87,37,47,108,205,97,94,71,71,14,54,155,122,12,248,25,94,24,34,24,72,39,59,151,165,3,87,9
16,36,27,12,77,16,26,82,1,21,66,37,21,127,68,25,88,9,26,14,73,14,59,25,42,21,6,25,14,42,16,1,21,30,21,43,27,11,17,81,42,42,59,56,12,28,17,35,26,7,22,91,37,75,42,49,101,95,3,16,56,17,53,35,7,50,33,49,17,6,278,82,80,192,273,310,298,287,270,226,215,183,188,187,192,222,253,304,358,401,443,458,463,451,420,373,59,232,135,51,65,171,273,353,422,468,484,469,424,366,286,201,121,46,31,105,158,198,224,231,217,185,139,14,16,5,30,14,28,6,13,19,13,25,15,2,17,24,25,33,41,50,53,26,14,35,32,37,9,33,4,9,56,12,10,52,19,7,44,33,52,60,11,39,9,63,37,73,9,17,44,18,16,16,21,76,54,11,9,39,42,14,40,45,11,28,61,2,25,37,77,21,12,10,79,13,61,36,65,87,42,29,52,9,26,67,60,27,25,25,62,10,69,30,22,21,28,42,33,60,68,2,35,44,16,25,6,7,19,25,19,28,14,37,118,28,57,88,86,28,2,2,43,2,42,41,6,71,27,25,68,44,14,31,52,23
10,0,3,2,6,3,524,992,1101,897,385,199,739,1098,1228,1112,817,392,24,334,459,330,4,423,783,948,836,436,95,651,1093,1340,7,1024,491,97,647,1019,1047,776,205,452,1050,1428,1475,1209,730,190,294,636,770,681,415,42,298,499,457,171,262,4,3,5,6,4,6,4,2,0,1,4,3,0,5,0,0,0,2,1,2,2,2,2,0,3,3,0,4,1,3,1,1,0,2,1,1,4,0,0,1,0,2,1,0,0,2,1,1,3,1,1,2,4,0,1,0,0,3,1,1,0,2,1,0,2,0,1,0,1,0,0,0,1,0,0,0,0,2,0,1,2,3,0,3,1,2,1,0,1,1,1,2,1,0,0,2,1,2,2,0,2,0,1,1,1,0,3,3,2,1,2,1,0,1,1,1,1,0,0,2,0,1,0,0,0,0,2,0,1,1,1,2,1,1,0,0,1,2,1,0,1,0,1,1,0,0,3,2,2,0,1,1,2,3,2,1,1,2,1,2,2,2,6,5,1,0,2,1,2,0,1,1,0,2,0,4,3,2,0,1,0,1,0,7,1,2,0,2,1,3,1,4,3,0,0,0,0
19,9,5,12,30,57,139,235,234,185,136,99,68,29,33,122,208,245,198,74,92,252,329,287,132,90,300,411,370,182,78,317,3,436,269,1,267,439,444,281,11,246,400,389,215,68,353,494,413,128,261,600,738,603,208,326,814,1067,939,22,8,0,5,23,17,25,2,3,5,7,2,25,34,32,11,35,9,3,16,43,37,38,5,2,5,12,9,23,11,20,0,7,12,12,8,8,1,34,2,28,31,15,22,15,15,15,6,31,10,28,14,17,30,16,16,5,0,14,31,15,0,10,4,7,4,1,1,4,3,5,2,4,1,1,0,7,0,16,2,12,17,11,9,6,6,13,27,7,24,9,3,22,3,12,10,52,24,14,15,3,3,3,9,6,4,28,29,22,0,57,14,3,0,14,22,2,0,2,14,9,10,20,1,21,11,34,25,0,3,1,35,23,33,11,3,66,13,24,27,29,27,14,53,46,18,20,5,19,33,5,24,22,6,25,9,52,13,12,29,33,34,36,11,42,28,34,2,5,11,3,20,28,38,17,9,10,11,20,1,7,11,14,1,47,5,4,42,81,13,13,19,38,25,9,34,2
17,319,267,627,450,20,675,1125,945,122,1063,1390,446,783,1044,280,370,275,351,396,462,1159,786,629,1648,1094,346,1420,1156,102,788,798,477,385,127,519,409,600,1332,640,916,1640,782,733,1316,535,654,874,216,1118,402,1262,1626,54,1750,1544,161,1346,1056,921,911,81,793,329,36,661,533,231,909,277,181,1265,816,428,1016,382,628,855,6,996,743,551,1197,309,1020,926,342,1126,438,672,954,132,696,695,34,616,12,237,559,5,679,352,668,937,77,1139,830,476,1124,385,656,673,164,534,0,541,160,563,482,277,588,31,450,153,47,28,87,178,155,169,57,110,39,55,312,413,560,16,380,142,229,100,304,289,212,605,314,395,739,272,456,675,120,407,304,180,213,311,581,21,669,1009,68,1228,1180,61,1001,952,53,523,245,290,118,595,828,82,978,1283,444,821,1362,779,339,922,596,124,13,82,31,583,308,605,99,355,13,45,11,168,321,105,266,86,509,246,551,644,71,540,519,144,265,370,186,70,160,16,143,66,370,570,161,713,1191,485,635,1393,408,732,680,145,384,304,815,312,695,1189,758,401,1181,1072,72,895,890,81,532,306,390,509,391,1141,497,393,803,1125,21,60
56,66,51,44,12,19,75,291,576,606,354,106,606,940,986,714,234,279,659,774,662,377,70,113,88,149,494,805,934,797,413,106,86,813,750,404,90,543,761,640,192,457,1090,1507,1566,1266,714,87,437,722,756,600,378,229,200,301,462,619,680,74,30,86,56,41,74,40,67,38,168,52,220,99,560,1019,1333,1375,1098,552,116,713,1069,1106,856,453,100,57,42,345,702,941,947,686,221,305,728,953,42,707,403,164,101,253,532,785,839,590,49,630,1202,1473,1340,891,314,165,414,407,272,160,185,340,533,626,524,7,7,48,42,1,42,32,70,12,67,18,19,135,233,230,122,60,258,384,406,307,138,52,204,291,333,346,346,339,286,152,54,283,455,501,385,151,44,311,358,241,0,257,454,516,446,288,95,68,179,199,181,151,128,151,212,290,342,314,188,32,279,471,522,18,53,70,112,95,5,46,40,40,140,56,485,337,159,10,128,171,142,82,29,34,103,231,349,415,367,221,18,149,208,134,49,259,400,414,291,58,62,463,626,686,644,509,333,139,37,143,173,124,37,15,8,114,276,410,445,347,144,72,211,230,139,25,172,32,139,0,162,15
65,14,4,10,134,721,1197,1003,246,717,1277,1149,365,657,1344,1284,489,638,1413,1422,612,579,1494,1560,762,522,1548,1703,879,494,1622,1830,0,436,1599,1803,987,367,1476,1698,951,299,1365,1574,901,273,1246,1445,825,245,1119,1301,747,205,980,1155,653,174,854,995,571,5,16,6,1,1,13,8,6,3,5,6,5,3,0,1,3,3,1,6,2,1,2,1,0,0,1,3,3,0,3,5,0,1,6,1,0,6,0,3,0,3,2,0,8,2,1,0,1,0,3,1,5,4,0,0,0,1,2,1,2,2,1,0,0,0,1,4,0,0,1,1,3,3,2,1,1,2,4,1,0,2,0,1,1,1,2,3,3,3,1,1,0,5,1,1,0,0,0,1,1,3,0,1,2,5,0,1,1,3,0,3,0,2,1,0,2,2,1,1,2,5,0,1,0,4,0,0,1,3,1,0,5,2,1,8,2,3,9,6,0,6,7,2,2,11,2,9,3,0,3,6,1,2,0,4,4,8,1,4,2,4,14,1,0,1,5,7,0,3,11,2,5,7,8,6,2,2,0,0,0,1,20,7,5,4,8,11,11,10,3,0,7,8,0,14
42,112,63,129,182,31,105,127,56,71,206,80,36,129,150,161,316,117,192,71,229,41,147,126,26,3,5,7,208,33,134,181,256,15,55,195,58,9,213,78,173,149,32,226,151,145,129,32,33,95,411,47,233,180,35,148,81,32,132,197,26,186,98,142,251,195,212,237,89,124,44,201,143,105,259,204,92,52,8,349,71,69,176,16,45,22,37,189,175,20,27,119,245,175,30,171,38,87,115,14,134,67,296,36,217,22,175,4,364,123,42,53,56,150,157,42,29,102,141,113,28,170,30,85,10,51,35,51,40,21,62,61,122,1,341,390,414,390,290,236,182,168,131,138,208,358,552,767,997,1226,1384,1461,1435,1348,1201,1000,781,455,165,61,173,439,580,715,782,822,805,797,720,642,550,395,276,128,41,49,133,271,417,669,911,1168,1379,1487,1529,1421,1246,37,9,42,44,28,95,312,21,3,113,6,73,107,234,371,169,2,178,92,92,90,144,71,380,284,156,14,7,298,254,71,436,153,20,243,94,105,357,0,14,257,351,264,162,279,294,127,130,160,232,5,140,248,264,106,94,26,83,70,110,97,23,396,261,111,94,183,413,176
216,143,510,533,437,869,122,517,98,247,279,102,139,113,308,348,50,562,525,144,698,518,91,448,594,264,281,692,387,184,537,639,417,237,616,406,224,627,569,0,439,815,362,375,806,472,178,697,516,254,966,678,401,801,451,507,549,190,510,97,242,1166,188,645,9,215,1129,566,442,672,188,442,129,389,90,937,819,89,1057,504,976,330,1055,446,702,372,126,35,333,591,28,406,285,280,325,40,6,488,18,131,182,740,556,272,406,80,56,133,40,1132,130,428,2,248,299,511,382,241,161,274,26,120,185,160,154,164,151,23,5,78,146,160,43,32,340,71,376,26,19,623,140,40,67,7,439,599,203,418,547,695,187,528,157,393,457,417,593,607,557,254,54,422,781,29,126,310,15,455,522,535,275,322,797,543,251,190,257,390,948,1166,733,1015,5,27,205,85,209,421,312,334,45,299,687,145,819,920,475,99,396,7,560,569,290,1098,116,498,226,245,869,61,517,428,71,631,176,84,252,75,779,9,498,328,420,316,1046,307,330,472,615,29,556,903,272,299,460,729,293,302,206,306,557,44,210,457,492,577,314,96,32,567,203,908,244,331,143,208
1397,134,67,477,1016,1035,839,150,155,91,362,676,859,177,518,762,426,26,314,110,538,1148,1094,596,67,51,519,1156,1353,922,97,325,81,568,892,704,164,928,870,443,235,323,254,1010,1464,1022,300,304,159,669,1271,1049,269,691,756,171,558,578,104,987,1220,832,2,425,86,740,1085,999,130,496,600,22,605,752,69,709,1009,545,203,623,294,393,862,604,152,671,610,24,542,448,233,725,646,87,695,588,55,586,469,325,998,746,66,714,471,191,637,381,446,849,566,122,442,49,502,502,74,441,310,107,338,67,301,175,271,577,224,101,14,65,150,189,28,138,232,228,169,352,161,303,547,229,188,291,82,525,489,28,539,510,66,304,252,374,953,776,237,442,389,223,741,740,58,659,793,415,251,321,144,896,1135,641,146,414,187,517,778,419,256,882,654,196,295,210,411,910,969,580,18,191,42,440,753,522,35,378,481,0,233,286,108,334,609,464,161,138,174,147,375,575,294,51,286,91,231,526,640,193,138,251,13,530,754,443,152,601,557,138,159,180,333,896,1112,660,182,29,233,722,1061,724,144,216,228,288,615,589,1,477,611,372,113,272,8,607,981,81
15,34,75,4,24,53,114,57,186,157,184,87,156,48,62,20,55,53,26,82,9,6,115,87,7,32,24,48,29,29,64,42,35,134,43,16,36,74,36,135,143,79,41,156,55,71,47,74,30,39,47,95,27,17,7,23,21,57,19,30,3,5,95,103,76,27,32,5,118,66,939,809,203,1142,1019,79,1051,1009,26,906,884,22,790,652,205,733,383,428,746,224,619,851,148,754,912,117,41,792,65,558,497,40,356,187,140,222,82,301,102,311,391,31,455,372,161,494,235,264,397,41,299,179,155,31,9,0,0,4,6,26,10,66,22,9,44,25,20,40,25,104,23,41,39,45,16,74,10,53,33,103,34,28,102,21,93,96,25,95,21,32,60,22,53,63,75,32,27,10,73,61,11,0,1,82,7,44,2,14,34,25,36,18,97,51,110,97,85,15,50,44,99,51,25,0,60,59,57,42,13,59,12,54,43,0,8,2,1,35,3,26,115,41,18,71,8,56,92,42,37,8,5,92,63,35,68,56,62,49,41,49,6,46,35,21,12,36,189,69,96,49,117,39,19,68,98,9,58,51,31,20,24,164,48,98,46,67
237,324,71,129,57,68,146,153,1087,459,227,140,131,199,179,483,142,19,165,13,464,5,242,347,731,261,319,239,82,829,1095,614,225,104,291,620,224,339,255,1655,339,879,925,391,367,471,167,699,279,466,436,759,351,179,961,93,21,343,182,238,903,107,399,115,393,927,537,129,260,477,1113,679,448,354,245,730,575,281,189,459,199,162,236,335,687,195,616,218,652,275,478,676,266,47,447,657,238,285,782,631,337,494,186,103,162,127,221,290,278,55,757,415,593,638,86,441,469,45,561,612,307,678,127,279,25,211,47,119,43,57,164,53,71,69,111,8,441,519,293,37,157,312,35,135,193,227,397,46,79,430,74,204,333,267,244,247,551,279,465,624,403,197,438,175,137,221,168,70,29,5,481,565,375,362,421,154,47,513,361,961,93,242,533,435,90,779,431,348,47,1615,173,107,75,201,433,633,6,801,673,467,947,977,174,32,263,400,164,75,656,1001,401,551,1065,290,278,271,153,853,61,943,517,789,336,947,363,394,807,90,159,70,555,397,86,386,142,553,146,73,222,507,345,377,382,899,687,269,307,1155,23,602,159,505,717,183,521,37
5,12,128,31,59,235,369,93,218,504,716,802,729,523,220,130,455,673,774,751,603,375,121,110,264,293,188,32,322,620,864,989,115,777,473,97,265,561,722,721,555,254,140,558,933,1208,1342,1336,1201,976,711,465,280,208,232,338,510,705,883,134,119,77,5,40,110,78,71,70,19,51,157,473,816,1129,1370,1494,1478,1336,1082,747,387,59,177,289,250,84,170,449,687,828,832,700,463,161,131,382,21,544,442,247,16,201,316,289,100,231,638,1031,1327,1452,1381,1151,818,480,203,55,39,126,244,332,338,240,59,65,64,3,21,12,25,33,34,27,17,20,29,142,238,284,261,184,68,52,157,235,272,293,301,316,336,363,370,366,331,256,143,12,129,252,337,359,111,201,41,143,314,429,469,439,331,190,43,60,116,119,81,10,57,94,91,45,37,158,289,405,486,501,440,41,18,0,38,7,11,49,151,57,52,6,87,160,217,267,281,264,202,119,27,36,56,6,88,204,323,377,348,251,98,76,233,335,370,335,231,95,21,216,358,464,540,559,539,475,388,292,193,117,94,97,155,236,331,411,444,419,340,199,31,122,231,256,214,8,116,16,159,15
12,8,615,205,143,160,437,675,391,891,17,149,67,256,323,603,727,437,1077,103,403,407,335,77,117,1181,737,1311,189,453,937,603,164,30,317,665,176,719,663,11,837,697,574,901,577,423,175,371,385,86,24,1287,805,283,215,3,563,1045,419,587,187,281,1027,236,643,235,102,61,625,613,975,386,941,134,780,293,433,417,14,254,25,221,48,254,144,394,201,416,462,184,678,71,978,691,588,1198,201,1419,1033,895,1603,374,1427,1391,288,1486,615,779,816,115,560,34,205,5,309,87,431,382,458,556,262,771,336,104,82,183,225,181,51,165,19,165,114,205,149,141,168,645,239,11,49,225,605,327,56,237,739,26,343,621,515,96,437,59,274,307,145,331,305,73,448,233,64,179,323,635,533,145,787,441,180,879,32,364,467,349,48,81,607,146,137,633,217,67,244,577,61,262,40,27,517,190,537,19,70,154,115,397,745,1863,229,207,953,343,139,106,263,39,495,369,156,253,239,25,349,491,479,152,111,316,563,248,350,415,205,109,627,500,271,573,484,159,935,76,517,457,475,381,274,321,75,245,152,392,37,493,422,12,494,233,187,116,578,205,103,103
55,255,431,785,322,9,544,70,442,335,125,498,379,442,1055,775,272,1339,1332,279,1107,1583,937,26,1005,879,554,31,124,144,46,476,557,567,307,1081,1098,61,1054,1080,251,552,470,73,159,266,405,582,133,417,641,53,391,318,154,171,106,311,157,589,619,69,429,749,98,305,322,481,857,118,421,279,17,132,835,877,1413,197,59,997,585,72,155,409,651,353,653,144,473,567,198,553,294,901,149,25,593,151,479,81,68,28,851,525,603,98,72,760,371,56,807,425,114,155,779,67,6,76,217,565,277,411,41,327,114,168,11,117,83,8,215,73,301,551,111,379,199,543,13,236,495,172,355,63,114,411,151,54,263,163,645,148,298,76,315,259,127,775,10,637,141,192,204,210,649,97,175,473,365,216,505,447,515,397,42,426,145,40,733,147,407,1075,133,103,613,857,741,317,32,737,261,415,245,661,635,421,324,437,741,555,439,141,519,209,67,467,703,529,188,713,306,575,723,51,438,823,331,521,457,176,1107,325,91,713,1301,681,673,1435,42,305,165,341,395,19,1211,607,152,257,136,195,70,1003,88,391,395,67,335,436,137,173,809,144,140,253,299,500
6,16,9,6,6,60,145,730,338,520,718,40,836,667,284,955,625,325,845,487,239,493,116,246,8,508,399,415,957,474,583,1024,16,611,719,44,701,314,680,972,46,1269,1246,116,1365,1254,62,970,979,239,437,513,205,43,160,100,307,704,534,7,65,34,19,21,8,53,9,14,56,4,0,44,22,60,52,11,24,58,2,19,28,19,23,31,13,20,12,49,49,30,15,18,15,45,33,29,11,22,31,0,15,18,20,2,67,16,16,23,3,44,46,39,14,7,47,3,32,15,20,32,6,30,3,9,9,6,4,0,1,10,21,18,41,3,12,54,1,9,5,10,26,47,52,62,15,7,39,36,23,53,2,7,55,9,2,31,2,26,31,32,52,9,1,0,52,28,56,34,19,66,24,2,34,17,4,21,27,1,28,47,13,25,3,2,86,13,6,5,16,11,44,31,4,26,35,40,24,2,41,17,62,10,17,38,20,21,18,39,59,62,28,10,72,41,27,11,6,47,18,10,47,0,107,69,51,40,41,51,12,36,71,1,31,0,14,26,42,74,28,49,49,4,20,5,9,70,7,44,30,39,32,23,26,46,28,33
39,6,365,567,205,508,626,810,1462,819,697,1553,691,789,997,28,408,93,262,313,937,552,872,1767,686,1358,1957,636,1175,1631,544,822,487,33,90,741,117,1299,1439,75,1603,1484,91,1361,995,355,611,155,379,509,1005,99,1306,1327,390,1730,839,1253,1516,257,775,629,370,191,501,434,55,485,177,655,1398,443,1235,506,569,675,133,659,157,612,543,339,788,140,674,515,338,628,12,616,268,585,482,418,584,242,343,15,683,277,532,592,219,726,51,797,313,851,679,617,948,184,794,2,627,94,677,12,775,209,719,303,658,345,95,195,90,56,359,47,125,145,24,245,226,166,347,153,416,116,413,144,477,194,764,136,916,757,526,1001,94,747,318,545,375,464,599,263,814,181,93,610,594,952,41,920,590,300,644,266,265,305,203,227,497,725,271,1264,644,859,1256,120,894,609,58,308,503,527,875,443,589,261,151,493,192,68,814,1149,427,448,417,106,349,10,547,331,558,881,47,875,708,50,554,433,91,111,269,221,583,1077,281,1141,1517,221,585,1364,253,826,830,109,290,70,204,356,894,341,786,1217,471,812,1285,352,843,750,165,418,293,532,513,1333,78,179,127,17,145,101
16,3,40,19,28,1,75,65,36,15,60,124,185,246,290,342,392,402,419,418,404,373,321,260,175,102,1,103,195,306,405,498,31,665,736,797,847,885,920,921,912,892,830,765,668,550,421,259,77,109,316,540,776,998,1231,1438,1630,1803,1936,66,51,79,23,47,2,2,8,63,33,1,27,7,22,30,56,57,46,70,6,47,14,21,22,59,33,32,25,36,54,9,54,18,33,6,58,2,18,24,16,50,13,18,35,9,7,85,59,43,43,11,37,70,41,46,1,35,53,68,11,4,23,0,9,23,30,2,13,17,18,21,12,6,15,21,17,51,7,4,49,33,23,32,36,42,26,2,2,45,58,11,23,48,47,38,23,7,75,24,19,9,33,14,77,38,40,18,34,3,1,17,7,25,49,9,4,42,52,48,25,23,38,36,28,16,27,59,13,27,2,56,10,75,18,33,66,20,64,67,14,67,9,21,51,85,62,28,99,14,47,4,89,35,7,33,57,30,35,74,73,116,16,17,23,23,8,16,35,34,18,20,64,39,94,37,23,125,61,14,35,12,7,8,38,65,115,2,21,63,34,24,58,10,87,85,5,16
47,13,67,103,28,3,66,44,192,342,505,653,792,895,967,997,988,939,849,730,586,413,219,16,192,398,589,754,872,949,964,920,105,654,454,219,42,301,557,787,1002,1165,1299,1381,1416,1409,1354,1267,1148,994,813,604,391,156,65,280,478,650,792,35,79,33,89,110,3,68,45,129,110,7,419,636,828,1009,1168,1287,1376,1417,1410,1346,1225,1059,846,596,334,62,202,446,659,832,968,1056,1098,1099,1047,962,18,676,483,257,9,234,498,741,953,1130,1251,1315,1318,1260,1149,998,831,653,495,358,259,207,197,232,293,376,468,21,45,27,112,2,48,24,29,36,15,21,69,20,102,175,241,301,333,362,381,383,381,372,357,344,332,324,317,327,335,354,379,398,418,430,422,408,137,331,269,197,124,38,34,97,132,167,166,154,118,77,24,39,96,152,206,260,301,351,381,408,429,429,416,49,27,91,9,89,160,76,45,47,23,103,56,49,29,19,11,1,16,29,48,73,112,145,180,220,243,264,265,240,201,147,87,10,55,114,153,178,72,165,131,84,39,6,45,89,102,115,125,132,134,142,158,186,208,235,255,262,266,248,215,173,120,67,22,59,86,64,4,30
44,20,11,1,634,252,185,606,960,1220,1306,1235,971,607,126,391,884,1271,1486,1528,1347,1006,498,104,709,1250,1614,1772,1699,1385,881,218,21,1141,1594,1818,1777,1508,1045,441,203,797,1278,1532,1565,1379,1016,523,23,560,944,1218,1281,1180,886,518,92,328,667,888,973,27,3,2,5,5,9,9,15,4,1,8,3,0,4,1,1,2,6,0,5,2,7,1,0,4,1,3,2,4,0,1,7,0,3,5,3,1,0,4,3,2,5,0,2,0,2,4,1,0,3,0,4,0,0,1,2,0,1,0,0,2,2,1,2,1,0,1,1,1,0,1,0,0,0,0,1,1,0,1,2,0,0,0,0,1,2,0,4,1,1,0,5,1,1,1,2,0,1,1,0,1,0,2,0,0,3,1,2,2,6,4,1,0,1,1,1,0,0,0,0,7,2,1,0,0,0,1,2,3,4,1,4,1,0,5,3,6,5,9,5,9,8,0,2,2,4,3,6,1,8,1,3,2,1,4,16,16,11,1,3,5,8,5,2,3,10,4,8,1,9,3,15,3,12,1,0,5,5,3,13,1,14,1,0,1,3,5,2,0,2,2,7,1,10,23
24,71,58,123,77,52,251,567,571,180,373,797,809,372,281,869,1036,806,269,239,471,403,101,141,173,116,531,854,821,365,288,855,128,672,54,458,579,237,416,933,1060,614,173,995,1495,1449,946,174,501,867,861,587,280,113,155,301,391,264,61,7,51,47,89,14,76,98,35,106,26,6,146,264,799,1208,1233,774,45,903,1446,1459,987,302,260,486,363,86,85,11,360,772,993,855,356,310,870,1071,47,441,29,138,26,195,237,51,613,1136,1278,882,73,765,1254,1202,723,124,287,401,320,246,298,424,471,297,67,36,37,3,7,52,15,22,3,20,0,42,286,227,23,222,352,300,64,192,375,383,247,55,138,266,355,374,335,202,10,261,451,493,332,35,245,380,34,25,256,391,292,16,313,484,458,213,87,299,363,273,140,55,67,111,126,30,172,388,507,432,209,109,343,37,54,13,2,38,122,75,21,68,9,82,153,156,401,481,406,232,73,12,5,30,13,87,236,323,315,161,22,163,159,16,170,294,229,18,309,551,7,535,233,110,409,528,502,329,127,11,57,5,23,22,91,257,370,365,188,59,270,304,189,33,197,228,125,156,24,56,61,62
3,23,42,91,36,64,16,91,21,98,179,50,14,24,106,76,100,31,33,110,82,11,56,87,117,40,42,102,73,79,30,114,10,40,99,44,61,79,76,56,9,61,51,90,11,118,49,14,21,49,58,90,65,64,51,90,9,19,33,98,29,16,30,68,133,113,86,42,47,74,47,12,19,12,73,25,112,176,10,111,113,113,92,54,51,88,42,134,29,89,65,39,122,16,70,43,42,31,77,91,19,87,57,8,27,1,94,23,33,29,90,17,48,61,41,42,13,62,16,14,33,49,68,24,27,36,40,8,7,45,20,37,89,49,255,342,328,126,198,461,434,78,381,547,246,354,702,474,215,775,722,166,467,720,439,115,473,334,71,339,14,89,426,502,123,455,816,567,209,998,1050,315,628,1069,821,202,368,626,593,361,103,47,63,126,364,671,679,16,49,141,87,43,132,77,37,119,136,21,15,30,16,116,66,33,44,80,109,112,43,7,80,77,72,52,21,166,186,173,35,24,141,34,62,191,54,127,69,235,2,215,110,6,96,52,42,189,138,110,11,55,50,66,46,105,17,61,42,101,4,80,186,90,70,149,23,47
16,4,54,30,22,53,21,40,19,11,73,11,59,13,78,36,85,19,31,18,55,16,11,55,11,11,56,77,43,32,94,73,28,68,14,3,53,8,30,59,35,37,11,26,17,77,35,73,65,11,6,47,49,75,17,73,14,26,13,14,23,24,51,21,9,11,26,37,38,36,76,546,758,337,422,975,948,415,231,590,502,123,177,123,273,684,673,109,728,1279,1189,474,445,1055,1079,575,35,570,580,230,163,300,112,229,421,293,67,378,438,238,21,153,113,38,36,133,237,185,53,320,418,251,51,8,10,2,11,25,2,7,5,17,14,14,30,0,23,4,22,38,14,18,11,0,10,47,33,52,1,19,20,35,9,3,11,31,2,17,10,69,29,12,5,14,8,14,1,21,25,51,126,25,18,31,8,54,18,7,14,56,111,26,2,42,4,70,3,48,45,92,6,17,43,33,0,39,9,14,61,71,14,2,7,16,65,18,3,4,32,63,45,50,18,23,44,66,12,12,34,3,51,6,49,35,18,5,117,13,94,11,3,32,47,14,16,26,13,35,3,73,35,14,42,108,2,40,17,13,9,23,36,25,18,3,11,21
189,314,22,594,848,537,203,506,402,42,112,671,983,731,44,587,322,27,52,697,1343,963,73,578,172,296,82,861,1454,1014,168,543,41,450,11,1144,1604,866,185,370,182,549,31,1114,1424,625,277,214,385,664,93,1031,1241,394,406,208,608,639,239,1138,993,97,534,49,689,525,335,1043,740,237,641,85,704,511,373,967,372,464,574,107,758,315,602,837,78,599,484,320,659,57,673,537,421,821,81,630,474,371,626,151,765,496,439,595,119,573,128,669,484,303,640,52,409,182,364,290,310,472,14,280,7,166,23,133,185,435,41,469,5,14,92,75,11,114,328,18,358,144,395,368,303,644,289,305,116,341,391,240,707,459,114,192,331,484,93,788,733,1,394,173,657,222,645,1086,417,281,224,426,600,198,952,995,152,356,41,505,399,351,1022,708,47,309,95,509,230,471,911,603,21,229,236,482,165,377,620,381,82,118,88,341,182,294,474,254,81,91,161,444,456,33,412,396,86,45,228,688,710,211,391,381,4,140,367,1008,1052,308,399,358,93,194,461,1057,1005,279,293,212,267,159,520,1059,859,155,188,95,463,354,428,870,786,176,51,388,690,363,318,284
9,0,3,6,1,2,1012,665,33,635,1153,1367,1221,797,253,305,737,950,893,590,161,245,478,426,77,438,984,1335,1396,1131,596,46,6,1080,1236,1044,564,97,755,1178,1244,911,276,436,1044,1398,1414,1118,651,115,314,573,579,346,54,479,744,740,435,1,3,1,6,3,7,0,2,0,4,3,1,1,7,1,0,0,0,0,2,1,2,3,0,0,0,0,2,2,2,0,0,0,0,0,1,2,0,1,0,4,0,0,2,0,0,0,3,2,2,1,3,1,2,2,0,0,1,0,0,2,0,1,2,2,0,0,0,0,1,1,1,0,2,1,0,2,1,1,0,0,1,2,2,2,0,0,0,0,3,1,3,0,0,2,2,1,0,1,0,0,0,1,0,1,2,1,1,0,0,1,1,2,0,0,2,0,1,0,1,2,2,2,3,0,0,2,1,0,1,1,1,0,1,1,2,3,0,1,0,2,0,0,0,2,0,3,1,1,2,3,0,1,2,0,2,5,1,3,1,1,2,6,7,4,1,1,2,0,1,1,3,2,1,0,4,0,1,2,3,3,2,4,5,4,2,3,0,2,2,0,3,3,3,4,0,0
11,2,40,40,0,54,618,596,494,305,67,193,449,673,848,956,983,934,825,664,480,281,89,66,179,222,194,108,32,207,388,555,27,735,710,593,384,109,216,554,852,1101,1279,1366,1366,1300,1188,1052,883,713,545,400,292,220,203,228,312,425,561,45,68,81,56,51,164,116,32,70,14,12,753,864,974,1064,1117,1121,1043,898,700,481,260,72,69,140,136,58,98,298,526,753,954,1107,1193,1202,1136,996,62,588,355,158,23,45,20,99,293,532,771,1013,1180,1277,1274,1193,1022,804,576,376,240,190,226,325,462,583,663,7,28,21,4,17,33,36,12,25,34,23,185,223,241,220,157,58,64,175,266,327,349,350,336,327,327,341,365,402,429,447,449,433,386,315,219,113,47,133,246,332,381,377,337,260,170,74,5,43,73,70,41,2,54,117,172,213,231,218,185,119,23,94,218,71,44,24,146,96,91,43,14,199,79,61,62,151,193,209,190,153,91,13,61,140,215,275,309,302,248,165,55,55,152,207,217,185,126,40,42,120,31,238,284,310,343,357,365,362,334,289,214,113,12,124,224,273,288,236,152,39,73,164,213,215,188,139,98,255,92,28,30,74
56,75,143,93,161,97,631,553,392,7,617,1047,974,205,511,827,479,98,56,556,727,106,995,1891,1483,237,1224,1686,1323,294,442,667,699,79,109,239,1081,1168,510,1060,2000,1644,91,1335,1430,440,763,695,113,1023,785,208,1240,1298,287,893,1483,797,302,272,579,1159,373,611,431,58,211,14,233,112,186,818,1334,802,123,812,722,94,493,520,75,743,834,146,640,1013,498,357,862,605,260,818,605,274,770,580,22,671,344,389,733,123,643,854,95,734,930,150,725,857,284,504,605,213,246,173,200,275,71,561,575,50,563,89,281,237,243,393,215,34,73,114,44,403,255,113,431,302,188,391,136,254,174,299,532,94,659,942,417,543,1086,787,76,672,616,54,240,14,456,523,262,846,1117,438,445,1004,762,69,496,503,12,427,402,268,828,825,72,1037,1271,433,670,1117,759,9,413,701,654,158,585,787,414,415,265,819,458,75,446,4,677,746,29,517,158,451,728,294,298,606,576,188,139,443,303,141,99,59,86,216,47,369,661,587,17,630,675,829,164,616,768,490,18,11,287,534,290,467,1109,1271,668,192,1033,1204,893,117,422,404,109,77,614,887,496,6,555,285,415,58
68,95,652,456,415,124,399,293,132,134,506,126,537,347,339,367,106,173,115,41,420,15,664,360,614,762,142,798,357,421,469,25,216,15,222,435,168,902,241,901,638,456,646,74,306,200,54,38,182,316,584,276,921,19,954,298,671,421,352,550,394,413,90,162,571,176,1,112,141,21,65,890,31,565,39,363,132,305,219,322,220,365,155,459,81,523,172,466,306,300,379,119,350,67,299,107,344,178,302,250,323,278,278,314,253,332,317,269,379,139,364,14,227,11,51,128,54,280,91,371,97,383,139,196,29,58,33,31,118,0,25,88,217,71,187,133,201,166,213,154,201,75,197,47,211,144,279,159,407,108,490,19,446,45,287,3,169,126,162,270,151,308,515,137,611,163,512,417,260,451,103,257,171,36,394,2,540,195,456,449,215,499,22,269,48,72,64,338,49,570,209,90,62,156,111,282,282,511,422,69,168,96,50,102,44,92,129,29,218,167,167,294,101,303,86,176,142,70,223,132,172,293,82,354,3,241,466,25,323,43,149,102,192,278,474,274,724,33,685,352,374,384,37,204,103,45,17,18,236,258,421,140,39,493,244,43
71,105,39,17,85,148,29,17,92,101,99,123,170,80,23,50,8,53,64,69,13,22,111,53,17,151,47,159,4,132,28,55,36,218,79,115,138,119,58,234,155,81,116,20,48,17,48,110,160,40,145,64,20,222,77,143,82,224,234,59,5,84,72,224,33,17,116,61,8,97,141,24,5,63,91,119,65,173,225,0,113,92,98,73,205,9,65,98,153,142,48,237,44,45,85,160,121,165,151,106,135,56,131,63,128,33,116,81,251,46,68,62,15,6,122,53,92,12,75,72,95,65,22,41,86,35,18,39,15,33,16,5,71,71,233,15,247,185,69,143,115,65,36,213,322,90,620,409,476,898,156,837,781,199,847,393,429,465,80,253,97,210,142,483,143,569,657,99,824,601,255,732,368,247,337,106,112,102,241,635,271,639,981,75,955,846,182,41,63,91,39,79,210,61,16,266,157,43,30,84,82,47,59,39,26,54,226,7,59,29,178,219,79,76,39,77,103,166,190,148,9,71,262,35,134,239,8,156,39,75,59,212,24,45,22,214,105,150,55,22,72,31,81,70,16,164,60,101,181,88,5,13,111,150,66,30
91,311,101,45,833,8,575,48,521,124,474,341,149,167,365,9,509,403,406,457,119,690,196,372,425,177,491,171,342,423,125,516,130,199,673,330,235,579,274,562,616,321,808,212,847,634,541,903,31,940,446,630,690,485,874,130,737,75,440,383,572,59,93,466,385,154,487,531,67,680,249,300,477,848,85,675,108,20,307,304,230,148,447,598,205,290,154,396,459,294,806,165,563,152,168,389,536,416,215,370,330,430,392,233,507,622,599,878,712,359,1126,75,455,611,445,394,383,247,63,116,79,254,92,148,130,57,285,82,105,189,68,518,129,42,22,162,483,312,205,226,313,103,185,670,2,716,458,154,54,187,341,681,442,68,292,66,765,371,239,56,297,189,163,317,473,106,321,195,168,469,316,187,248,276,432,299,29,151,154,134,5,37,309,59,713,80,293,598,196,134,1020,19,1340,89,640,334,559,726,405,552,1604,157,413,294,167,85,631,5,540,439,954,741,1025,1014,23,172,673,101,60,0,934,81,207,1488,566,1045,757,60,959,8,67,451,163,511,884,684,206,650,1116,52,102,157,226,43,2,445,231,225,61,450,706,172,91,327,274,109
15,46,25,51,56,69,86,8,3,90,50,97,93,47,18,58,116,61,15,75,47,28,152,17,14,52,61,42,165,17,68,36,83,25,78,195,52,28,91,47,107,5,54,60,10,11,16,56,106,7,106,48,55,68,19,53,17,9,52,11,84,47,87,33,75,8,8,9,51,108,270,754,1140,344,836,1186,354,808,1074,244,767,884,37,734,568,246,718,256,543,707,26,793,741,171,941,674,148,856,457,308,582,171,273,264,82,238,3,287,159,255,390,14,435,350,171,473,196,305,370,40,323,120,204,5,4,0,2,45,2,33,44,6,7,20,30,13,15,55,19,31,51,50,55,51,14,14,49,21,7,80,51,18,31,4,39,68,75,0,33,17,28,31,27,6,88,41,11,18,20,51,26,63,10,28,24,45,27,38,52,67,31,12,3,34,49,37,32,11,5,95,36,12,66,26,45,46,32,70,27,76,80,80,29,32,5,14,39,46,53,3,29,5,158,55,47,139,60,30,13,41,45,11,5,54,191,15,152,30,77,108,53,96,7,75,63,5,19,100,0,5,25,31,44,165,156,33,98,38,29,4,95,8,41,84,45,74
43,102,529,23,523,28,694,5,773,719,673,557,659,616,262,219,465,321,213,800,1187,753,217,260,598,452,470,212,293,379,625,67,264,435,396,87,175,36,16,204,109,569,793,809,1219,279,1,705,426,302,126,43,176,285,414,1174,288,136,406,227,866,819,126,186,289,215,80,123,295,588,563,756,556,359,49,713,759,126,336,507,302,342,87,611,392,455,298,610,176,802,289,412,619,497,41,578,60,78,721,594,171,587,210,20,62,156,298,182,29,383,402,563,561,384,514,41,455,403,207,755,155,628,327,458,545,45,43,54,53,178,8,349,174,216,4,15,223,105,56,54,196,231,187,373,86,286,207,5,84,519,241,116,596,1012,422,216,185,612,194,348,161,465,362,181,82,101,382,109,505,451,432,109,118,256,451,12,723,449,711,407,23,738,306,59,498,96,902,333,708,480,875,688,473,155,344,151,88,26,378,472,35,525,28,750,129,585,846,254,443,272,10,94,154,1313,168,600,51,869,1270,438,223,1306,517,289,1171,67,308,660,267,585,754,243,466,13,836,75,147,312,5,453,430,15,297,1069,523,379,754,46,916,397,393,496,220,26,15,196
53,22,55,28,132,107,579,487,342,160,35,244,446,608,735,809,844,831,774,696,583,445,296,126,58,237,408,569,715,824,883,903,240,801,679,520,326,126,87,307,506,683,836,932,987,992,950,859,737,593,430,265,98,58,212,352,477,585,669,126,64,191,48,71,146,55,173,1,174,107,289,397,502,597,680,744,796,833,836,815,746,647,520,366,194,7,177,351,513,644,757,839,885,898,872,816,108,582,420,218,10,239,474,715,932,1118,1262,1350,1384,1362,1273,1140,966,774,581,400,254,159,102,98,129,187,256,8,2,42,36,34,72,13,11,40,31,28,194,176,156,131,95,52,8,42,83,125,147,160,156,141,108,70,24,12,35,45,35,4,63,135,216,303,35,434,473,483,480,463,429,393,354,317,282,241,208,170,132,101,73,57,62,80,117,174,240,313,387,457,515,60,173,98,5,107,2,22,40,118,73,67,335,302,268,249,225,195,177,142,90,51,3,30,56,55,41,3,46,99,163,215,249,272,292,289,306,313,153,347,365,389,405,397,390,362,317,261,200,129,48,13,67,121,145,156,137,118,59,3,75,146,204,249,280,178,16,20,21,40
145,15,0,0,761,391,52,511,904,1197,1305,1249,976,586,85,458,963,1336,1508,1484,1239,806,225,410,1020,1484,1726,1726,1471,998,344,400,22,1599,1839,1809,1497,983,333,359,973,1405,1609,1562,1280,813,246,340,860,1207,1342,1275,1011,625,152,325,712,959,1053,963,752,0,3,5,4,0,15,14,6,2,6,1,4,7,4,4,2,1,0,1,2,2,7,0,2,1,2,1,12,0,0,1,0,8,4,3,1,3,2,0,6,1,4,0,4,0,1,7,1,1,0,1,2,2,3,3,3,0,1,2,5,1,2,2,2,4,1,0,0,3,2,0,0,0,1,2,1,1,2,1,1,0,2,0,3,1,1,2,0,3,2,2,1,4,0,2,1,4,0,0,3,0,1,2,4,2,0,4,4,1,1,1,3,2,0,2,1,0,1,2,5,0,2,1,0,1,1,1,3,1,2,0,0,3,0,4,2,10,6,1,4,8,14,0,6,0,0,4,2,3,12,7,6,2,6,3,4,13,6,7,1,2,3,6,2,10,14,11,0,9,3,3,8,11,11,6,4,5,0,1,6,6,14,8,5,4,0,2,0,0,4,4,3,12,8,3
594,216,71,545,617,44,743,793,264,73,225,845,794,109,683,744,104,91,401,978,1028,209,593,745,120,104,416,1246,1195,305,635,701,119,300,436,1452,1330,206,681,562,152,262,595,1383,1226,89,636,359,238,254,565,1298,935,21,625,164,479,255,658,1250,660,365,624,13,578,194,771,1123,271,635,591,190,662,47,806,882,60,767,468,415,672,70,884,616,427,787,223,724,561,321,679,163,709,611,268,753,336,520,462,358,639,71,694,573,311,531,66,506,64,611,537,145,448,41,333,64,588,386,210,345,102,216,144,25,84,22,130,177,234,36,33,297,158,47,278,114,235,221,524,141,423,392,140,295,182,528,170,504,534,61,411,1,406,241,597,772,271,397,161,478,502,317,974,737,80,370,174,663,198,582,978,475,257,318,258,612,28,727,926,268,404,309,218,409,183,890,914,173,319,246,205,366,145,827,749,61,318,108,287,336,150,581,536,134,164,62,348,445,243,258,388,105,125,155,367,717,435,226,346,239,65,72,733,910,441,283,644,293,82,155,815,995,509,332,538,72,196,387,851,1054,487,157,316,224,241,264,858,1082,446,36,108,352,441,141,809,71
4,19,40,13,93,70,17,342,608,723,669,444,111,241,565,790,907,877,737,526,270,29,140,220,150,62,354,654,866,953,901,686,71,24,315,544,627,531,263,147,637,1068,1382,1500,1412,1193,885,556,244,11,141,190,132,1,177,350,446,486,452,14,16,26,11,66,33,26,32,17,28,73,21,28,29,26,19,39,47,11,49,6,40,38,19,123,4,3,11,45,21,73,17,52,36,24,16,11,21,18,20,38,47,76,0,3,12,32,20,8,14,42,29,15,14,36,8,31,12,0,12,27,28,17,2,3,22,6,28,14,12,0,10,3,18,17,2,32,11,13,17,36,0,9,39,24,56,42,51,21,25,30,14,14,33,4,25,1,54,13,23,3,18,11,18,22,32,44,21,13,12,15,77,5,26,40,42,27,20,50,8,18,9,46,8,52,22,53,11,20,21,19,16,32,109,101,78,25,40,58,24,2,11,17,6,11,7,24,13,6,95,13,53,27,5,19,74,2,97,77,1,2,87,2,20,40,54,37,13,15,4,13,30,39,1,17,20,31,17,4,52,17,5,41,107,3,137,24,9,69,33,41,64,24,27,16,23,0
37,7,743,474,362,314,916,180,522,61,114,250,525,28,525,355,380,530,329,934,482,688,940,269,510,445,31,192,114,35,209,136,151,233,55,94,24,278,162,53,92,29,129,399,186,386,685,276,494,730,172,517,444,84,492,384,81,369,182,338,140,304,503,1100,216,685,230,744,878,541,323,297,241,124,307,482,46,206,472,623,16,597,684,140,782,60,534,619,1036,416,580,5,205,301,119,851,220,553,46,350,425,341,1488,120,441,268,262,19,109,311,254,60,33,399,616,64,306,148,40,342,363,90,174,68,29,78,296,105,64,1,61,199,512,14,519,150,122,368,660,144,356,354,630,34,550,359,77,309,448,563,312,80,86,158,158,183,85,1135,122,661,329,248,189,1157,4,241,416,167,133,210,94,338,134,18,408,449,404,186,795,96,234,161,8,61,37,404,65,202,123,580,228,543,535,834,192,589,15,681,455,33,596,185,342,913,75,699,591,862,5,285,742,82,175,86,68,338,311,238,488,733,118,101,1002,130,314,1109,8,49,70,526,380,919,513,937,53,1329,189,784,794,352,230,125,666,209,630,265,986,54,102,435,209,335,1038,950,666,97
202,155,92,505,505,428,593,226,710,441,198,584,254,467,855,277,635,1028,607,463,922,816,31,632,532,43,159,111,129,78,148,322,465,119,248,166,108,17,150,47,180,391,282,113,391,392,346,71,420,633,311,177,714,567,101,461,524,295,66,401,550,443,665,390,943,113,608,493,214,264,659,261,70,307,645,432,150,143,164,349,119,353,78,826,158,412,770,433,706,77,202,150,1036,211,205,563,89,757,74,181,127,22,487,199,668,206,618,254,186,232,405,122,411,399,26,91,248,337,163,165,393,56,151,301,174,581,161,18,53,188,183,98,224,154,335,157,193,143,177,316,340,226,154,226,777,290,126,487,12,674,533,218,375,28,1,341,138,167,573,297,50,331,571,232,626,407,81,184,70,143,798,590,97,271,268,1131,52,154,660,64,23,238,331,552,144,609,219,193,981,125,827,1115,522,112,126,591,514,1011,163,573,290,767,1160,297,419,43,87,165,240,704,324,46,150,236,196,446,236,89,90,213,216,229,364,29,221,315,319,604,282,407,795,230,435,715,549,788,175,1456,497,347,262,173,324,500,193,366,457,188,1004,900,578,255,74,288,337,104
33,78,584,217,63,98,654,524,1134,790,12,670,876,687,20,566,570,12,451,207,535,923,550,333,1149,1316,651,463,1143,890,115,356,165,418,440,221,1019,1247,674,424,1299,1320,537,352,713,445,84,10,254,485,400,100,818,1115,683,415,1319,1113,253,415,75,494,67,66,425,615,50,64,227,326,758,457,976,514,333,775,489,236,622,378,254,594,282,429,816,420,404,912,577,241,758,550,148,593,486,94,35,423,107,530,355,278,649,308,388,671,222,488,582,52,607,502,124,570,378,104,302,34,293,217,214,527,337,22,221,241,12,77,118,148,94,251,19,21,393,96,315,355,22,278,186,109,201,80,460,430,151,725,685,26,624,614,44,417,357,118,445,247,256,598,393,268,745,568,134,726,710,146,416,514,228,127,179,86,369,278,221,783,879,253,633,1019,610,107,391,169,5,164,11,352,397,191,354,125,742,304,23,203,715,416,189,400,26,412,357,163,566,523,110,326,565,452,41,416,480,119,335,307,121,559,489,22,553,724,453,112,396,627,546,194,111,116,70,74,319,838,838,122,870,1219,641,232,611,335,25,7,245,368,261,22,366,182,39,88,285,480
10,20,32,20,2,22,613,484,159,249,647,885,896,681,300,137,536,810,905,826,611,320,25,156,198,71,216,570,868,1008,949,683,34,133,479,654,586,315,119,592,1006,1252,1300,1106,724,247,224,593,801,850,765,590,393,238,149,163,276,455,659,124,50,73,12,147,134,22,53,76,29,57,394,761,1032,1147,1084,820,397,105,585,932,1090,1045,841,532,247,32,23,83,310,598,880,1102,1200,1134,889,522,8,165,292,242,34,241,477,556,407,48,450,933,1278,1419,1322,1020,597,191,90,188,124,6,111,101,44,287,535,39,14,7,11,55,23,43,7,19,5,22,28,139,286,344,289,142,44,219,348,413,407,360,291,216,153,98,33,47,152,268,382,463,467,367,179,49,75,387,393,275,82,159,370,504,538,495,372,236,96,9,65,63,19,44,78,51,36,177,327,445,502,471,356,75,16,35,15,43,165,80,162,49,24,84,488,516,468,364,227,106,24,17,70,160,240,286,261,161,16,155,272,309,243,91,83,256,377,414,359,219,67,204,379,499,569,581,534,452,335,230,134,83,70,111,202,320,402,420,317,129,69,229,294,234,86,116,291,2,129,7,10,12
209,141,1037,334,553,1008,879,305,500,930,823,546,421,1041,1049,483,327,1055,1202,662,262,1076,1185,646,177,1022,1412,756,371,1124,1339,831,246,1148,1336,851,155,994,1061,398,60,717,962,499,234,704,817,490,146,566,673,538,89,438,597,465,155,331,636,606,303,234,752,807,466,64,756,1062,507,389,853,818,293,512,981,764,101,686,1069,714,36,767,1045,543,346,911,787,208,450,800,684,100,547,729,467,37,524,691,330,184,545,535,143,744,465,318,64,344,555,303,140,471,478,115,379,477,181,228,428,191,205,350,181,286,106,134,41,94,22,7,132,58,103,46,128,165,324,192,95,268,231,58,367,303,1,293,427,245,147,410,358,111,237,599,345,62,286,441,333,12,423,573,266,216,544,562,239,318,629,563,55,553,689,371,88,515,737,435,166,582,647,598,150,518,583,287,233,491,360,119,166,427,421,183,94,464,567,271,50,349,530,354,69,377,501,360,38,427,607,441,16,341,541,455,84,329,536,254,125,389,709,664,178,453,778,680,245,316,743,743,337,250,713,897,652,158,907,1077,695,5,811,1224,870,109,751,718,935,149,688,1102,850,110,604,958,828,325
25,21,55,86,84,78,136,42,124,18,37,23,48,17,57,23,11,82,146,21,33,21,9,48,182,146,102,37,1,62,45,11,12,44,29,87,3,91,24,132,24,89,0,7,55,224,82,16,101,122,40,55,0,9,42,35,42,51,23,109,65,99,73,39,0,129,1,69,106,21,172,15,167,167,91,7,9,188,35,47,9,7,48,127,126,25,2,0,7,13,55,5,51,99,51,43,60,149,56,18,75,81,83,71,44,99,78,59,7,37,148,134,73,6,146,14,12,122,36,139,21,21,37,89,0,23,0,18,6,26,16,18,8,25,128,35,178,301,346,244,13,312,467,285,132,520,563,178,422,765,639,100,396,660,508,46,346,381,91,245,75,246,96,492,664,404,164,768,992,577,276,960,1064,642,28,543,753,662,410,86,125,188,121,104,278,586,758,167,52,60,15,7,93,35,125,9,24,22,141,2,47,13,29,59,16,143,277,34,73,23,7,178,200,153,12,120,44,111,32,122,20,12,122,28,37,34,75,132,86,68,6,33,238,6,239,125,128,26,88,20,54,16,22,74,113,82,162,44,18,22,21,116,75,172,34,44
6,44,7,79,63,61,15,38,76,27,70,11,21,52,54,5,21,50,16,44,98,27,1,100,2,5,22,17,74,34,43,11,47,16,16,19,18,11,37,13,9,4,85,30,50,16,19,92,3,26,0,9,54,76,22,5,11,22,10,11,37,4,28,4,4,0,42,24,62,49,387,650,861,1018,1087,1094,1049,954,824,670,485,288,51,192,460,735,976,1201,1356,1450,1497,1483,1417,1314,1199,1047,9,732,571,389,216,40,119,268,381,464,508,508,474,409,326,234,141,47,45,129,208,259,287,296,284,247,201,44,4,0,25,17,10,11,23,7,51,7,2,9,26,11,34,50,33,40,4,21,67,7,28,4,55,17,2,42,35,30,47,6,23,23,63,3,25,21,19,35,48,23,16,45,2,30,51,23,30,62,1,46,51,68,6,11,16,20,11,36,26,19,2,17,23,30,17,30,37,48,21,11,66,23,85,43,68,59,34,71,104,38,35,3,15,11,28,25,45,100,50,51,25,17,3,61,54,94,21,77,91,15,47,88,33,50,44,83,21,73,54,47,7,10,55,12,26,10,52,29,13,2,9,97,2,14,55,25,44,4,8,15
60,34,296,301,219,110,12,77,80,4,143,142,485,585,587,479,285,55,160,305,331,232,49,168,320,365,255,7,319,625,846,898,757,484,134,144,284,253,69,1034,373,432,310,29,316,632,799,766,550,204,131,350,362,170,179,568,834,883,675,250,268,747,1037,1072,869,502,109,182,297,231,38,187,364,410,321,83,116,318,407,380,251,85,46,81,0,177,390,551,606,496,270,42,347,558,622,543,357,136,54,149,147,64,55,656,184,157,60,49,133,174,166,112,65,36,46,86,126,141,112,32,73,165,205,14,39,0,28,13,2,12,26,21,53,18,130,140,79,48,177,246,218,91,76,215,251,186,36,119,207,196,87,67,190,446,155,20,132,234,254,167,28,121,233,264,200,73,84,224,295,277,174,15,136,242,261,187,42,120,257,326,301,129,70,78,161,190,129,23,99,173,166,32,183,422,597,649,522,231,117,433,605,563,336,4,319,500,477,248,106,447,658,672,464,122,253,507,558,941,69,289,541,600,425,79,319,646,767,670,378,21,286,433,370,142,172,459,615,575,355,37,300,521,567,440,178,228,334,399,291,50,258,530,667,654,497,103
28,25,63,50,1,167,614,654,647,604,524,415,285,115,54,260,463,635,766,875,981,1042,1010,958,900,910,840,691,508,356,153,67,70,447,626,726,704,681,650,624,574,478,417,375,295,166,86,35,2,51,70,62,63,76,109,108,104,69,23,14,16,70,24,112,61,9,114,123,40,128,205,131,39,41,140,240,326,406,502,540,555,511,412,285,121,8,118,207,237,226,211,179,124,49,11,53,81,253,355,400,430,465,436,392,332,255,162,69,3,50,114,151,153,116,59,16,124,228,326,394,409,369,273,2,38,14,16,13,20,26,14,37,15,44,113,111,71,10,65,151,220,245,247,220,181,134,70,14,73,113,139,161,133,89,35,12,69,135,212,276,9,420,479,479,434,392,320,224,136,48,38,105,172,224,267,283,247,213,148,39,66,149,206,263,316,359,377,14,73,81,32,0,18,115,100,64,54,50,137,169,220,263,263,254,235,190,152,100,48,19,91,149,179,189,198,199,212,215,223,228,180,93,21,138,28,282,306,341,386,396,389,397,420,393,285,154,54,51,215,364,455,550,688,849,927,965,985,952,842,673,557,41,4,40,58,9
25,5,449,317,7,121,2,45,119,315,211,100,531,396,159,598,466,91,479,336,96,256,3,219,21,408,459,111,765,701,126,880,747,93,691,461,107,248,71,878,197,607,337,442,882,382,499,789,221,453,406,135,340,110,571,266,598,935,209,882,1096,172,908,1002,112,694,619,7,342,104,178,13,355,328,177,137,368,205,489,252,119,190,20,6,184,234,93,497,457,119,661,579,83,639,542,40,457,337,45,202,46,97,0,618,129,108,254,126,112,189,82,43,79,68,66,18,100,163,67,140,230,79,168,21,27,46,33,10,26,38,12,19,55,18,38,135,11,197,159,129,271,39,250,186,128,236,9,226,83,198,187,115,273,231,237,206,83,239,42,188,135,133,231,19,239,207,67,263,137,141,243,35,220,205,80,287,136,194,303,44,271,32,72,256,119,137,150,73,144,104,305,92,379,515,9,583,593,63,640,484,185,559,197,359,345,218,502,72,570,528,209,741,389,413,649,91,486,827,293,466,95,637,352,464,792,185,631,663,34,555,294,285,357,156,505,129,508,598,41,658,537,173,594,302,277,185,58,390,112,437,509,93,683,566,145,8
108,148,940,1061,20,1004,939,173,1028,695,311,1745,686,483,1167,544,625,1159,514,635,1256,528,929,1141,314,881,1374,10,1235,1007,219,1296,858,319,1198,820,589,1131,422,122,983,267,758,815,64,783,736,105,811,503,228,721,463,283,449,343,110,635,394,92,690,662,404,921,411,469,991,319,773,769,67,675,728,151,920,387,453,1033,363,850,980,6,1030,737,512,919,250,503,653,99,680,554,254,623,352,375,671,59,537,467,161,521,294,758,511,114,374,425,2,483,289,314,522,53,448,310,240,459,22,403,156,366,330,168,13,43,120,7,59,27,43,42,2,46,142,35,296,96,318,233,206,402,80,410,306,262,456,48,380,272,165,376,114,294,315,11,408,378,122,494,320,362,657,96,508,530,44,667,447,268,618,326,418,656,116,563,638,128,741,484,310,640,321,460,669,90,493,499,22,479,437,65,653,407,303,579,283,306,436,93,248,370,150,128,382,211,344,616,177,537,569,51,559,616,131,573,475,407,684,403,165,714,540,482,791,404,325,805,310,438,752,293,442,737,277,644,826,147,860,1005,110,994,861,246,1129,987,391,1036,519,607,1038,325,681,986,316,16
17,31,90,87,68,63,290,666,635,373,57,349,342,71,119,88,266,651,672,233,417,913,950,502,44,628,810,478,114,239,182,15,51,151,283,700,813,315,273,772,809,479,58,421,522,334,116,95,75,27,78,36,89,245,310,164,52,218,407,35,118,19,153,139,5,33,21,23,28,53,278,15,258,387,139,191,440,283,92,428,561,211,268,552,436,10,328,331,73,146,241,58,211,293,216,105,160,507,191,262,540,494,164,115,235,265,127,65,47,95,74,109,322,427,126,238,482,379,41,373,387,53,239,23,17,40,1,24,0,2,26,30,42,17,36,107,89,58,187,108,108,214,176,15,217,267,110,104,241,135,37,133,84,90,158,109,94,259,313,86,50,428,397,9,307,445,256,75,281,227,1,150,161,70,264,297,87,275,471,357,23,299,428,267,39,309,321,24,71,43,29,150,57,7,93,0,108,67,74,102,232,187,23,196,290,114,132,319,282,67,178,354,240,90,170,250,176,20,181,138,75,344,399,204,17,530,702,513,72,379,626,560,228,119,251,157,70,198,9,388,733,687,154,557,1052,1021,443,314,749,669,326,98,58,66,7,49
105,134,209,263,234,143,2,95,139,98,40,89,426,565,596,514,330,105,91,222,238,162,4,179,315,340,232,19,342,659,875,893,713,403,37,235,348,270,42,1159,368,371,184,137,488,752,844,720,434,79,219,358,270,13,377,711,854,761,404,116,644,1011,1145,1002,661,229,136,325,313,160,59,243,314,241,61,107,357,455,443,325,162,1,42,15,171,349,468,471,322,52,262,523,667,673,544,325,78,129,253,262,188,60,70,457,124,31,104,200,247,219,142,67,10,3,31,59,57,14,58,144,206,218,181,59,24,7,9,18,1,15,20,15,45,2,32,73,161,182,106,35,191,273,241,103,76,207,223,111,56,210,271,204,59,38,235,261,173,20,137,231,242,160,21,137,252,288,227,89,67,199,258,239,142,11,161,245,255,169,28,140,265,140,262,150,6,109,144,81,45,190,293,290,168,43,314,548,668,610,388,59,270,484,497,316,6,303,489,475,270,66,409,620,646,462,153,182,408,1075,272,52,405,650,672,458,82,345,642,743,589,283,79,345,423,286,10,359,629,714,587,315,49,364,531,510,326,102,204,343,314,133,148,423,623,690,620,61
76,71,14,29,151,53,554,108,395,685,563,50,579,978,916,407,269,779,891,618,163,201,280,76,247,444,321,85,587,908,803,329,24,677,630,176,379,691,496,125,853,1283,1167,545,304,1023,1342,1193,722,154,279,455,391,243,162,244,457,650,645,34,3,55,23,89,14,35,32,6,120,53,464,319,106,681,1175,1345,1028,318,502,1091,1213,885,329,126,263,76,205,327,127,355,869,1129,971,436,251,787,55,731,324,13,26,196,433,394,50,723,1258,1310,779,105,886,1219,987,440,74,300,253,134,165,354,540,508,189,73,28,20,65,47,19,0,31,28,10,34,252,130,98,287,315,146,117,355,430,326,106,115,280,354,331,238,74,120,311,414,380,194,82,323,422,307,41,254,397,310,15,319,507,457,200,125,365,435,354,201,67,1,11,17,72,210,361,412,303,33,281,478,431,23,41,48,43,100,58,88,26,36,48,62,265,401,397,268,87,65,116,81,53,80,177,281,303,190,29,248,326,210,25,210,233,34,259,488,513,326,22,287,494,569,512,323,79,166,304,310,211,95,43,115,224,267,155,77,305,402,305,82,133,198,80,153,363,44,90,107,4,25
31,0,2,1,622,1106,1161,752,34,755,1257,1255,753,68,912,1405,1344,743,204,1103,1556,1423,685,368,1287,1728,1449,580,574,1532,1865,1440,4,816,1667,1820,1223,157,965,1645,1606,948,92,1073,1539,1369,656,303,1106,1398,1101,389,472,1090,1205,826,150,552,972,973,577,3,15,13,3,9,13,3,16,4,3,8,15,5,5,3,0,0,6,4,0,5,2,1,0,1,4,3,9,0,2,6,1,2,2,6,5,1,1,3,1,2,1,5,1,0,3,3,4,1,2,2,0,1,1,2,1,1,0,0,4,0,2,0,2,1,2,3,0,0,1,0,0,3,1,3,0,1,0,4,0,0,0,6,5,1,3,1,0,3,0,1,5,3,3,2,0,4,1,2,2,1,0,2,2,0,1,0,0,0,2,1,0,0,1,2,1,0,0,1,2,0,4,2,4,2,1,0,1,1,0,0,0,1,4,7,7,4,6,3,8,6,4,2,7,4,3,0,2,7,4,0,4,6,9,3,4,10,3,10,3,2,17,7,2,5,0,14,10,7,4,0,11,9,7,3,9,2,1,1,4,5,8,13,4,3,2,9,9,3,7,7,10,1,14,30
763,269,27,419,9,594,972,887,324,37,123,684,1080,819,49,616,639,51,513,198,753,1550,1265,424,237,41,807,1255,794,261,933,750,97,362,2,834,1441,1171,309,252,196,545,920,488,374,1063,986,107,334,5,915,1410,973,57,595,293,449,829,244,838,1283,742,154,470,58,970,1015,418,524,775,284,512,580,5,762,911,330,515,697,162,576,616,81,781,803,4,686,743,2,635,414,396,970,608,276,809,266,517,679,62,750,721,178,611,378,338,633,83,646,609,21,555,316,271,418,58,568,402,155,372,86,272,194,76,304,363,12,135,77,2,102,131,27,59,76,238,302,116,527,338,187,444,152,254,307,194,575,401,243,481,212,312,349,293,725,691,41,491,274,353,618,171,651,942,578,108,241,234,906,851,186,580,732,243,315,211,478,1100,995,306,368,308,252,603,417,347,945,886,242,227,110,532,917,764,140,471,426,50,355,249,150,614,685,361,119,119,100,606,668,340,27,230,51,406,416,163,416,635,496,257,8,236,669,987,676,183,144,117,105,292,3,580,889,886,377,56,138,574,927,630,118,536,388,87,398,27,728,1082,794,188,168,144,643,831,560,213
0,83,727,81,473,73,1300,197,853,111,51,422,20,999,879,524,1455,809,781,1507,537,962,1059,141,595,208,304,743,1013,687,1852,341,1099,1409,634,1405,326,642,371,146,62,436,2,929,763,646,1549,415,1380,1330,513,1400,238,980,319,758,226,1023,616,689,77,375,26,1551,379,113,211,421,1143,224,342,534,51,623,76,1088,718,942,1320,190,1261,357,757,388,538,257,665,592,542,1012,24,970,508,606,536,457,233,552,922,328,1265,250,1079,619,559,535,347,224,517,155,687,281,729,459,651,598,450,571,205,302,232,75,517,213,3,194,38,124,261,387,297,27,377,141,330,241,362,353,398,578,280,727,115,735,8,690,63,631,32,652,41,756,154,888,439,811,809,433,943,1,233,247,381,119,420,14,742,445,865,1159,272,1552,765,990,1273,16,792,363,100,36,203,360,866,280,1116,1345,293,209,1171,133,663,123,769,129,693,777,489,203,1160,593,719,888,0,711,520,108,516,269,154,163,47,87,423,170,577,777,141,938,634,457,820,163,412,166,1147,142,685,237,978,1089,395,1479,572,911,907,174,570,205,280,544,688,568,1291,123,1306,916,469,1010,481,278,820,843,208,273,390,255
38,67,149,302,147,14,119,237,144,83,291,250,35,236,62,240,296,46,46,34,103,123,130,25,53,272,21,24,151,225,213,37,35,64,239,170,344,222,65,230,80,107,9,261,26,40,27,200,54,91,395,34,180,81,120,201,25,41,132,203,431,75,433,44,7,235,140,57,27,148,127,31,60,6,71,111,166,232,91,18,36,110,170,241,167,105,109,342,5,185,141,89,25,75,240,171,49,167,247,112,22,366,30,93,100,56,9,58,37,95,77,77,30,88,26,37,25,36,104,92,16,219,84,146,0,14,2,96,74,93,85,24,129,6,124,165,396,319,92,69,135,166,251,342,328,135,763,1033,614,384,1276,1362,570,495,1096,977,276,368,479,145,47,183,169,559,670,217,569,1174,1078,380,526,1046,840,275,123,109,0,89,493,879,833,64,997,1564,1200,211,673,362,3,254,70,214,67,248,86,244,111,253,44,183,395,52,318,40,151,160,314,3,124,41,140,105,78,224,163,245,44,289,72,110,307,381,82,309,184,14,354,38,219,95,352,362,46,348,43,106,95,75,123,132,62,12,141,117,70,67,99,145,5,92,303,205,149,33,62,166
11,255,342,598,505,1416,323,563,309,586,380,138,261,298,53,504,273,567,454,354,666,15,544,277,77,405,357,309,543,104,595,210,260,459,15,391,527,181,582,403,404,687,106,730,365,607,664,378,885,39,781,417,737,839,422,766,270,736,132,70,430,206,451,584,175,241,224,238,104,179,137,397,23,445,173,244,732,236,234,250,144,46,497,704,57,30,130,203,569,313,67,810,360,205,203,964,222,99,56,132,271,316,364,217,168,380,388,108,359,5,154,400,556,136,55,306,317,813,210,233,231,414,220,85,500,18,347,112,60,51,87,64,111,77,313,99,222,158,382,127,799,355,449,351,351,570,734,40,622,8,168,274,292,312,12,563,567,441,175,59,73,222,28,82,369,461,590,439,819,178,656,82,210,370,278,26,136,489,626,174,137,311,259,462,521,113,387,381,63,666,717,816,71,18,674,339,120,391,438,535,289,326,761,27,591,64,651,680,284,143,379,278,794,226,36,1012,344,771,98,210,403,276,14,351,178,670,417,692,1073,234,74,1126,207,233,420,63,303,120,1046,497,22,692,570,370,458,436,406,1388,569,557,843,367,327,396,182,274
2,58,90,27,108,22,7,1,30,39,103,37,7,97,1,43,27,10,49,146,49,49,54,110,12,19,103,87,21,44,106,14,37,133,36,87,85,26,59,13,56,52,24,52,59,8,24,9,49,48,120,48,54,90,25,81,8,12,23,26,66,17,97,62,88,62,32,17,31,56,891,952,64,982,1170,303,809,1146,423,605,999,411,514,796,229,543,656,6,661,632,126,825,708,152,910,744,60,767,606,67,498,337,108,269,93,191,180,160,328,83,330,411,15,428,392,77,444,276,181,366,87,241,186,11,14,13,11,23,12,10,26,24,0,24,29,11,18,17,22,57,22,2,90,48,80,55,8,23,28,1,1,24,56,39,38,1,17,15,88,0,3,22,13,72,50,31,19,35,102,18,19,159,22,0,125,28,24,10,91,116,62,32,5,5,57,31,67,15,41,31,84,2,12,6,35,13,30,6,44,17,73,30,1,95,22,18,57,13,21,127,20,89,82,2,94,38,37,166,102,76,71,45,7,41,17,35,88,39,96,47,13,117,68,38,10,56,26,47,13,159,33,48,4,35,78,51,7,78,54,43,4,53,118,69,12,30
23,84,301,376,349,36,1091,1013,897,703,500,341,194,23,166,407,591,780,964,1059,1205,1168,1171,1231,1068,1040,906,649,496,286,70,132,286,455,631,666,639,685,558,489,400,295,304,225,101,23,5,25,13,49,66,102,127,157,145,178,220,172,252,168,82,241,99,317,40,171,157,330,36,39,687,626,550,380,210,6,204,423,634,803,901,988,1044,988,893,617,472,328,114,84,239,431,555,592,691,624,383,608,528,458,347,277,269,170,104,88,62,69,80,152,264,387,498,660,819,901,956,953,875,700,492,198,5,22,84,70,19,87,21,51,29,23,8,60,10,163,265,305,262,185,68,56,219,339,412,447,462,410,343,287,160,52,49,182,248,342,436,466,475,440,165,366,289,174,74,67,143,242,333,378,379,397,371,267,187,61,73,225,381,510,578,670,714,729,756,699,639,85,12,44,165,67,163,240,118,60,133,58,348,391,454,425,430,450,391,359,289,249,185,138,6,85,100,177,199,266,291,313,317,387,385,345,350,294,377,267,311,250,243,205,184,152,93,76,17,125,175,249,318,402,433,468,480,447,430,403,305,222,129,6,63,202,113,40,88,50
9,34,265,264,186,224,193,34,11,57,187,49,66,59,5,28,38,80,31,91,109,5,188,125,148,18,55,122,284,58,132,30,220,139,77,233,38,80,52,54,75,93,238,23,95,108,32,124,15,34,120,144,103,213,148,12,1,130,86,172,106,62,128,49,3,105,281,279,141,40,250,74,172,87,188,10,146,51,12,43,24,17,198,4,33,40,12,80,94,133,264,209,231,182,202,183,26,179,14,137,25,56,83,11,148,66,152,59,83,41,54,238,375,40,6,198,149,122,73,56,57,66,139,56,18,4,38,13,10,30,30,56,56,1,64,203,366,332,59,374,631,407,229,733,696,25,660,817,333,324,639,456,77,163,207,212,212,138,30,227,127,212,8,186,281,251,196,111,103,368,573,496,2,605,921,644,119,877,1132,663,305,1080,1223,620,305,930,964,96,159,38,134,148,91,8,180,91,39,10,233,38,240,15,265,198,37,63,138,37,153,26,28,0,205,231,95,177,22,71,38,47,42,146,234,129,22,2,30,218,126,26,14,108,18,173,147,211,4,233,75,261,28,137,66,139,50,158,72,129,65,14,46,88,4,143,43,54
7,14,128,67,87,41,525,535,94,719,561,285,963,693,282,1014,855,9,700,722,216,242,255,33,134,179,595,511,190,907,900,96,67,813,99,557,410,356,814,318,760,1339,774,531,1445,1253,192,855,1155,662,72,479,412,196,179,290,150,332,769,101,99,60,162,112,64,50,17,0,10,73,615,479,310,1148,1223,285,992,1566,997,215,1086,1037,334,295,361,79,8,335,651,386,428,1113,963,22,918,1077,177,317,539,279,75,256,447,130,675,1213,768,477,1442,1227,36,1030,1097,345,349,470,258,187,236,31,446,678,263,1,21,13,23,29,12,29,8,14,1,40,169,79,291,150,219,399,165,252,457,296,71,359,402,202,109,356,389,161,188,410,345,0,352,395,70,317,58,9,369,321,109,469,378,66,452,456,123,240,383,269,51,103,148,168,217,175,45,347,437,153,308,515,252,65,81,47,48,22,121,28,75,91,92,35,529,116,288,400,217,24,146,118,60,78,138,92,126,347,292,46,331,258,62,211,4,295,261,118,496,518,74,330,648,580,152,380,629,434,21,241,207,84,123,258,230,80,453,497,126,337,447,142,216,227,66,260,104,75,50,7,13,111
75,23,394,40,192,382,313,261,222,67,30,336,50,94,63,161,453,54,266,529,907,83,72,112,413,151,1291,68,223,138,192,502,9,528,62,465,504,637,214,427,209,503,369,447,664,140,880,154,287,241,102,440,231,345,559,310,384,1041,950,654,495,59,2,527,28,77,118,127,421,393,881,78,677,144,499,140,353,107,176,59,53,205,149,57,45,281,54,276,258,277,346,605,455,868,556,1096,399,1336,161,1460,654,1456,1033,1108,1092,687,1088,320,812,184,402,204,197,326,43,421,50,613,25,706,88,517,159,94,57,293,61,40,33,552,226,196,410,216,18,189,157,56,348,141,424,379,155,54,358,77,241,646,737,358,584,86,420,669,243,111,241,30,18,587,114,574,536,105,796,435,612,95,331,140,215,9,185,153,480,224,490,868,804,112,141,461,529,46,858,389,314,281,21,368,262,265,52,761,549,1091,229,435,422,463,547,452,612,356,187,322,289,621,195,556,324,56,29,1654,586,442,84,291,377,623,199,314,297,590,270,126,366,26,339,223,177,431,338,240,297,465,73,143,250,362,1084,904,1354,623,428,175,209,202,1,532,240,342,853,296,8,286
106,248,315,1257,365,371,117,519,65,390,107,353,346,534,745,193,1325,442,1200,1111,452,1604,844,748,1135,218,880,531,289,368,185,3,587,204,852,793,644,1020,21,936,472,415,491,255,369,209,464,267,629,105,613,337,316,403,159,151,263,276,662,305,90,587,385,93,801,386,253,597,43,60,222,347,1119,29,18,559,637,40,89,205,322,150,89,599,95,351,704,763,159,305,28,261,659,102,1167,194,589,245,65,271,467,911,589,203,79,373,889,489,813,128,211,385,867,83,214,491,120,19,467,78,24,343,203,44,163,120,157,6,281,46,42,343,415,397,22,129,365,153,57,39,324,2,569,14,92,373,737,671,34,115,310,433,56,431,437,197,427,411,327,81,118,751,423,481,101,455,721,163,225,419,172,136,165,634,140,146,72,347,343,103,252,495,357,117,197,745,25,657,86,114,270,171,489,378,237,60,267,1079,435,114,83,747,245,432,15,223,109,781,1335,359,203,511,94,325,841,497,43,134,353,86,785,359,93,263,424,391,134,335,140,145,55,406,81,16,427,1025,205,675,317,201,224,753,395,255,165,415,943,1006,126,180,227,803,311,607,46,102
30,11,1,50,1,9,614,752,671,365,60,526,865,983,889,624,246,162,456,607,597,456,193,87,322,382,232,74,454,780,985,964,57,338,79,456,668,663,390,88,649,1152,1470,1523,1311,898,429,2,348,541,568,472,316,105,30,59,43,234,457,22,43,43,32,95,34,9,51,66,77,15,9,92,68,31,72,25,17,68,10,53,63,31,57,31,19,12,14,30,0,28,19,14,1,69,4,7,26,46,3,1,5,25,41,28,4,13,63,24,12,50,15,0,2,39,30,27,8,40,1,25,42,31,0,7,7,4,4,12,12,6,2,7,12,6,17,10,19,21,0,22,26,0,29,52,25,9,16,11,31,0,34,45,25,41,14,18,56,19,24,25,85,26,44,34,9,29,41,0,29,42,56,40,17,25,18,28,66,44,107,33,45,67,49,30,40,61,36,64,37,13,67,54,24,26,11,7,30,15,34,28,3,7,24,53,0,20,95,23,64,16,30,58,26,65,3,18,27,25,7,47,3,17,29,22,137,5,80,18,29,49,36,55,30,8,46,9,26,50,24,1,48,12,12,13,36,0,2,17,60,23,74,67,69,32,16,32
11,7,30,9,7,21,25,296,363,320,218,131,46,65,220,350,358,162,127,428,541,347,65,509,706,490,16,576,854,689,132,550,56,866,343,348,868,920,523,155,723,846,474,154,704,798,330,403,971,964,302,683,1435,1447,601,709,1778,2018,1214,2,110,33,47,56,80,30,44,128,4,44,11,21,14,85,21,46,68,28,54,74,28,81,47,27,51,1,51,20,83,9,43,63,19,8,24,11,61,43,21,45,32,4,4,16,4,14,19,12,13,4,62,29,24,20,5,24,12,33,18,14,25,9,44,14,4,7,7,1,4,17,4,9,4,9,14,14,16,12,0,14,7,60,19,53,7,37,43,74,11,37,67,7,2,36,0,89,24,23,23,42,20,37,70,59,11,0,49,18,13,0,18,28,16,0,18,25,10,59,49,54,33,44,16,30,35,5,84,47,58,14,31,18,1,26,57,2,36,19,9,47,64,85,7,49,56,6,30,18,30,40,9,56,18,89,49,27,14,13,14,79,26,6,56,83,35,75,70,46,6,49,80,25,44,10,69,82,47,59,46,5,56,0,40,13,58,2,120,70,39,0,5,49,16,41,14,5
35,68,111,38,7,139,316,426,533,625,693,731,725,692,630,543,438,323,207,77,31,119,192,225,227,192,131,30,90,225,350,457,46,607,630,614,549,463,331,175,1,184,357,503,621,695,713,681,605,494,346,188,25,138,288,416,522,601,658,155,18,20,37,81,133,38,47,17,34,25,557,738,904,1065,1212,1329,1409,1448,1441,1374,1246,1063,834,576,302,28,231,464,662,809,924,984,1007,980,919,824,104,558,397,256,118,26,37,51,19,58,168,307,440,567,665,716,713,655,539,385,212,30,134,265,353,394,389,5,42,28,34,35,19,31,4,43,34,0,184,165,118,57,23,110,197,269,321,349,337,317,276,242,205,189,188,205,242,279,321,352,371,376,366,333,10,240,171,95,15,63,144,210,256,282,291,267,220,161,91,14,62,125,178,215,242,258,248,233,210,176,130,64,23,137,61,9,130,17,9,16,59,15,502,483,449,407,351,284,214,130,41,32,94,136,150,142,106,45,27,116,190,248,297,321,318,292,275,242,7,203,197,208,216,235,249,255,231,207,153,117,79,50,39,43,75,121,162,196,228,242,232,204,165,117,68,22,43,111,8,65
31,10,2,3,986,437,306,954,1254,1074,450,377,1089,1374,1144,458,458,1230,1506,1222,438,568,1387,1653,1287,396,705,1553,1791,1311,302,899,21,1852,1240,139,1001,1683,1672,1007,33,1044,1594,1477,779,191,1067,1455,1245,553,333,1051,1279,1009,349,429,959,1094,761,174,468,15,22,0,3,2,10,13,8,1,0,5,13,0,0,2,1,0,2,0,3,0,2,0,0,3,4,3,0,0,0,1,4,4,2,2,2,6,3,2,3,1,0,6,3,2,2,3,0,3,8,1,3,2,0,2,1,3,1,3,1,3,3,3,1,1,1,1,1,0,0,2,0,0,2,2,5,1,2,0,2,0,4,1,3,1,1,4,3,4,0,3,0,2,1,1,6,1,1,1,3,4,1,2,0,0,0,4,0,3,2,2,1,0,0,0,0,0,3,1,3,0,3,0,3,3,0,2,0,2,3,0,1,4,1,0,6,9,6,0,9,5,5,5,2,5,10,8,5,0,4,7,3,2,3,5,7,4,5,3,2,4,2,2,0,1,4,3,1,9,5,7,2,2,6,10,10,4,2,3,13,2,1,5,1,18,4,4,8,4,8,4,0,0,2,26
213,49,146,811,689,635,1198,1308,717,215,1085,1367,979,214,426,720,610,260,41,142,523,772,326,693,1600,1674,655,594,1366,1195,371,228,803,262,660,409,516,1506,1690,866,536,1543,1571,685,309,661,279,240,322,248,1032,1246,576,681,1623,1476,337,798,1106,75,295,97,703,537,241,167,1077,193,511,745,725,1041,641,309,1069,887,60,688,692,33,707,740,67,799,1087,449,570,1193,783,261,1037,916,58,760,893,277,222,646,213,344,450,0,555,613,37,672,873,314,513,791,327,334,518,112,325,305,116,350,133,228,332,75,166,361,36,33,83,79,31,176,179,131,103,155,235,159,278,18,259,267,0,190,62,177,211,116,544,639,202,525,914,593,119,602,489,72,436,166,455,786,263,516,1147,926,35,929,1058,375,462,718,353,250,550,305,347,863,733,178,1094,1234,458,609,1143,870,208,418,762,985,351,605,211,199,667,635,363,791,102,26,496,696,260,236,441,178,210,456,411,100,247,435,466,359,2,314,365,14,232,51,504,765,485,196,689,871,337,288,204,523,609,393,104,8,186,254,22,578,966,864,229,603,1110,896,133,512,611,5,595,576,347,1383,1360,139,160,955,643,14
171,66,144,427,617,201,71,210,43,595,825,790,301,16,155,571,1108,1066,697,164,203,130,670,1055,734,111,479,658,237,348,637,100,714,1401,1270,589,116,185,478,1254,1348,1003,160,335,173,584,1152,1047,175,625,816,410,384,664,274,729,1219,1025,275,354,369,388,1000,1204,662,217,682,259,384,916,660,114,776,955,377,369,553,105,633,1125,747,59,623,542,124,663,616,59,776,909,219,457,563,58,687,795,186,545,787,380,505,676,234,488,711,315,349,682,322,319,483,2,596,592,86,354,272,286,535,155,421,588,24,5,417,221,115,78,154,47,16,122,23,60,304,235,548,349,97,254,116,516,576,55,392,439,15,496,384,183,689,721,217,343,354,164,638,588,80,533,759,231,276,401,108,682,936,648,49,332,150,452,969,775,121,530,768,366,306,399,15,725,1072,725,200,91,22,523,802,740,483,59,195,161,144,384,258,44,482,529,346,26,246,166,142,533,591,415,106,202,87,223,585,606,423,41,199,16,390,873,853,342,0,53,14,500,751,593,100,412,479,185,278,326,102,742,987,701,198,127,156,493,1025,957,435,1,177,77,584,769,601,270,234,358,188,898
11,18,67,70,54,16,79,6,5,42,2,28,17,19,23,18,43,53,18,18,109,45,62,56,23,9,43,55,64,14,50,16,35,84,23,83,54,53,34,85,30,4,45,16,49,28,74,5,11,70,26,97,117,37,35,23,66,30,2,15,14,35,16,4,11,6,23,43,48,14,379,435,48,529,978,1069,780,254,253,539,531,292,8,151,14,386,867,1146,1038,511,262,964,1336,1290,870,270,2,605,625,388,52,199,240,56,234,452,481,308,40,183,281,235,139,67,88,172,242,205,28,225,412,434,283,11,18,7,0,16,0,15,0,9,44,14,28,11,2,38,66,33,15,4,25,68,13,9,20,10,18,2,54,22,24,5,2,23,30,66,37,22,21,57,132,31,7,27,1,9,4,63,23,38,60,43,35,67,22,59,3,10,2,61,31,5,66,2,7,32,35,21,14,1,29,51,41,67,16,23,63,34,68,4,33,32,2,33,47,69,43,46,58,14,6,23,22,30,18,0,24,80,24,7,16,13,3,100,23,28,7,5,94,25,56,14,13,25,77,69,56,33,60,17,75,25,42,26,35,12,63,19,22,59,1,2,7,16
6,0,6,1,0,2,593,207,976,1262,969,220,601,1164,1286,962,319,313,721,732,379,127,474,423,53,709,1198,1256,790,15,812,1331,6,863,53,703,1094,953,265,600,1242,1339,806,86,941,1430,1361,844,111,507,813,711,300,181,469,358,114,690,1032,1,2,1,1,1,6,1,5,0,2,2,2,3,5,1,3,1,1,1,1,1,2,1,5,2,0,1,1,0,1,1,1,0,2,3,2,0,0,5,0,1,1,1,1,1,0,2,2,0,1,0,0,0,2,0,1,0,0,0,1,2,1,2,3,1,1,1,1,1,1,1,1,0,1,0,3,1,0,1,1,1,2,3,0,1,1,1,1,1,0,2,0,0,1,1,4,0,1,0,0,1,0,0,5,0,2,3,1,1,2,0,4,2,2,0,1,2,0,1,1,2,0,2,0,0,2,1,0,1,1,0,1,0,2,1,2,0,1,0,2,0,0,1,3,2,1,0,2,1,0,0,3,0,3,4,3,1,3,1,1,2,2,7,6,2,3,7,4,2,0,0,0,0,0,1,5,4,0,2,0,1,0,0,2,0,4,0,1,0,0,2,0,3,0,0,2,0
48,19,31,31,19,73,594,531,427,277,100,100,289,463,604,697,752,752,717,637,537,404,256,71,117,318,523,703,845,945,986,950,34,694,485,232,41,312,578,828,1036,1203,1327,1402,1434,1416,1361,1258,1131,972,796,598,409,220,57,82,197,276,337,76,192,107,1,178,61,123,65,40,32,193,436,526,594,639,668,674,653,600,530,441,329,221,121,28,41,78,80,60,5,63,151,238,331,412,473,502,24,441,347,199,12,212,459,712,952,1157,1323,1420,1453,1413,1300,1137,934,715,506,331,209,154,168,242,354,485,600,0,25,82,14,26,5,18,3,10,11,63,46,124,207,286,348,387,404,400,379,346,316,294,279,270,275,280,287,297,309,315,315,304,277,238,166,78,29,139,250,351,422,473,501,493,466,419,368,309,246,186,135,93,64,51,33,51,76,107,142,191,242,294,341,6,102,87,135,96,55,41,43,6,18,2,108,114,122,126,122,107,79,65,51,63,94,141,202,255,304,329,321,280,216,127,30,78,177,271,327,391,13,445,455,443,428,396,355,317,263,194,134,37,53,164,271,359,431,469,468,440,373,280,169,48,71,171,262,12,3,38,38,31
161,41,319,304,5,155,485,497,15,184,105,263,75,566,607,111,506,734,466,53,457,533,223,96,145,54,105,250,725,518,349,1149,240,138,979,784,16,450,218,44,23,279,409,129,404,787,579,184,926,823,3,579,486,11,136,118,210,101,476,36,155,189,2,98,26,727,1,65,328,89,341,291,186,563,249,466,715,100,634,710,21,693,651,27,601,510,92,539,363,228,443,28,512,343,364,689,38,589,650,45,582,372,258,464,18,379,229,219,384,21,413,252,266,488,66,431,331,113,307,55,189,51,191,1,96,53,110,5,80,112,50,101,134,63,102,247,66,221,80,403,242,312,485,126,364,352,59,274,93,249,176,263,443,95,444,575,68,527,516,61,368,238,23,102,100,236,47,400,595,239,482,877,483,386,843,467,239,478,194,206,140,182,370,64,500,688,113,81,37,341,166,95,28,669,176,30,291,30,354,434,70,268,375,251,49,263,226,22,107,129,27,159,65,226,307,93,398,513,153,354,466,137,166,161,209,150,64,396,457,25,593,802,283,491,751,419,105,280,57,39,210,423,278,235,663,664,118,463,717,538,88,45,588,156,262,38
29,257,126,56,217,41,677,106,530,531,16,664,605,191,732,356,271,287,53,202,301,203,817,516,591,1119,312,837,883,62,601,258,125,87,151,326,643,39,751,665,258,816,339,435,479,41,306,0,194,136,350,171,635,86,778,514,527,823,9,336,367,70,274,323,116,138,235,324,176,303,271,296,272,530,32,542,139,443,202,429,257,459,483,332,637,93,632,126,591,298,484,495,274,590,1,477,337,345,34,371,42,470,226,438,349,310,352,209,348,134,300,45,181,42,63,160,57,263,140,272,173,227,192,151,24,124,73,69,89,2,104,90,40,3,238,134,231,107,310,177,329,278,212,261,136,142,209,170,322,357,220,489,38,365,161,175,75,134,24,265,149,334,291,209,438,100,377,324,156,281,46,115,226,173,446,535,288,818,172,611,480,188,409,51,186,82,92,66,0,388,162,83,380,391,146,131,13,201,261,157,154,81,173,31,270,125,230,278,39,184,223,77,134,167,8,8,153,50,483,333,418,733,105,599,317,86,357,246,32,81,109,100,112,34,187,346,27,418,347,267,440,52,368,62,209,11,130,148,306,206,698,248,199,63,327,33
38,9,88,85,120,0,670,372,43,459,750,801,585,168,333,776,1041,1058,863,528,188,84,211,171,13,280,530,663,605,350,53,467,198,854,685,315,162,541,741,673,323,202,787,1286,1573,1569,1315,871,387,11,239,282,183,21,131,190,144,6,220,122,5,61,70,312,59,4,12,36,56,142,377,715,992,1120,1044,774,330,200,711,1092,1247,1157,854,458,111,60,9,241,591,896,1067,1023,777,391,41,424,130,710,586,356,120,20,106,393,797,1177,1366,1272,882,290,331,803,1008,931,678,382,205,199,337,497,553,424,124,47,4,11,33,23,15,27,11,41,53,2,177,232,189,58,141,329,441,434,329,155,21,167,263,312,331,336,321,299,251,162,30,138,303,422,432,329,27,135,351,454,405,234,14,243,407,465,422,319,202,102,46,32,57,96,122,107,44,70,207,337,409,381,240,3,15,86,6,79,80,18,118,97,69,89,582,421,220,30,105,180,173,109,18,58,72,23,108,259,384,412,325,150,59,202,242,143,63,307,508,624,6,533,386,209,56,93,188,243,249,208,137,72,34,59,159,305,438,503,462,333,142,53,192,238,180,56,115,31,47,84,30,10
25,52,32,0,145,148,157,226,25,44,226,43,62,30,506,33,17,91,28,89,363,115,57,156,182,4,20,47,87,220,15,56,195,32,51,161,197,373,13,8,61,130,168,156,150,333,122,38,230,212,108,23,228,217,164,88,83,64,288,4,338,122,318,334,298,156,97,174,36,128,54,101,167,209,35,368,9,172,108,61,28,85,32,66,83,200,112,36,109,227,17,205,237,132,34,3,190,236,102,148,138,34,114,299,166,3,160,112,94,41,226,130,43,83,13,49,31,25,66,74,129,45,123,213,13,88,161,24,27,20,20,12,7,33,120,382,226,157,307,181,41,66,183,365,312,208,787,698,278,1146,935,265,1144,942,51,832,707,48,428,184,108,102,301,472,12,774,979,155,922,1174,382,700,927,348,170,197,116,318,595,261,639,1275,712,602,1428,876,268,40,257,93,42,361,209,296,438,145,22,297,555,293,171,179,4,92,25,114,591,260,64,231,303,125,177,173,204,143,41,45,420,164,243,48,36,8,150,150,75,151,99,183,343,81,74,99,225,35,194,364,78,14,101,225,268,217,270,466,121,28,125,25,210,24,5,84,230,12
48,473,178,122,192,491,699,154,288,678,366,379,4,293,365,476,431,52,341,720,658,308,506,698,744,429,72,258,323,512,400,221,275,507,791,543,242,229,590,848,616,351,207,610,818,740,18,501,841,822,222,397,837,761,45,646,893,456,97,520,180,339,224,268,21,424,102,1125,113,435,795,921,387,493,181,383,7,271,525,188,717,1255,237,533,241,451,155,127,168,267,250,875,122,197,115,244,245,501,293,271,152,10,307,172,222,227,841,77,299,805,107,220,196,43,86,803,323,155,342,469,379,239,48,179,381,115,42,167,8,208,149,37,95,29,53,575,113,555,95,45,191,224,64,255,151,344,407,429,333,363,45,31,178,209,917,623,43,233,313,381,475,10,66,277,983,144,323,453,6,253,603,275,140,151,56,641,51,74,79,135,61,102,522,703,352,511,653,674,53,80,273,24,201,601,109,194,325,106,208,199,34,228,28,763,353,393,807,333,291,597,279,109,147,387,171,80,827,603,659,62,302,377,811,573,537,91,142,38,381,585,381,559,326,431,723,389,235,1061,771,253,683,747,105,599,34,1753,367,12,224,383,547,66,113,217,26,159
33,24,9,53,8,91,9,162,172,100,31,104,0,85,150,70,2,97,68,98,45,84,77,42,140,58,80,22,79,48,64,175,34,98,78,28,124,47,43,169,68,100,21,146,59,5,27,79,53,41,51,78,3,137,61,92,22,66,11,66,29,41,112,38,98,48,25,71,128,123,871,1509,637,974,1703,788,892,1598,749,770,1413,545,763,1096,194,852,828,188,1007,655,529,1226,600,740,1350,534,74,1173,363,637,769,89,447,329,162,324,48,396,183,379,551,12,611,518,183,663,345,357,556,45,437,248,236,23,120,0,6,59,29,35,22,1,13,32,22,31,53,40,5,13,100,10,0,75,84,88,73,25,100,8,5,21,7,22,42,32,94,116,8,99,126,10,14,52,138,28,53,158,71,61,23,56,58,99,54,51,14,151,0,65,83,73,78,0,0,1,66,163,43,111,38,61,32,67,5,16,11,88,57,5,3,88,67,30,71,1,27,37,172,45,98,7,11,67,40,17,97,79,32,113,69,50,44,50,45,136,4,42,54,14,144,30,7,112,54,129,85,42,86,25,85,89,78,49,51,155,19,29,26,45,267,69,5,23,86,37
47,196,282,385,125,435,48,549,338,70,137,298,408,221,847,763,40,867,1092,586,304,856,640,111,132,76,116,343,966,814,123,1113,141,608,570,1240,890,60,590,341,177,90,555,949,204,1073,1563,589,869,1529,685,371,738,320,240,256,449,886,350,60,692,316,68,71,342,480,337,15,61,578,182,459,86,603,781,4,865,798,166,947,693,230,895,549,423,799,211,617,559,248,707,261,504,791,170,686,208,85,834,561,446,813,151,593,427,150,366,7,314,115,456,560,108,734,516,285,687,217,360,253,199,198,169,139,53,106,20,8,129,82,88,68,66,266,47,179,7,312,197,280,474,12,497,395,146,511,256,258,315,43,378,61,470,549,255,919,638,375,964,601,140,768,362,353,460,33,549,178,539,821,109,747,848,172,500,598,124,214,132,320,316,269,842,409,451,831,214,39,1,143,43,622,1059,49,602,261,43,529,440,673,444,146,631,558,79,341,306,13,255,100,265,437,87,444,667,375,296,818,635,18,579,451,41,243,54,436,187,560,1016,678,376,1217,1007,26,786,665,170,107,50,224,23,476,809,524,296,1039,823,11,651,455,22,85,223,401,8,52
137,182,717,40,441,210,242,739,462,294,212,250,203,809,145,1082,1165,324,1568,940,807,1304,153,543,82,34,708,712,702,1674,479,1546,381,295,1603,773,745,748,196,296,535,301,1019,1102,738,1869,326,1729,1411,731,1645,287,1028,497,454,24,668,271,1315,178,241,1033,255,100,7,256,455,295,411,95,448,413,670,246,935,35,1065,523,935,1048,432,1306,253,1130,765,667,849,290,658,301,635,391,884,265,1129,218,517,610,781,787,456,814,249,752,104,590,54,401,214,358,323,541,327,774,34,706,186,491,188,293,42,281,57,171,89,131,105,81,209,114,1,190,211,70,164,197,47,331,36,491,173,596,338,538,486,410,571,215,519,126,339,213,398,376,717,211,985,283,866,719,741,704,180,470,279,500,413,897,174,1137,486,976,1006,310,1056,243,643,306,273,37,389,38,680,568,474,1057,266,655,9,1125,51,29,387,439,195,569,769,359,622,685,401,1154,173,1021,767,475,724,1,375,10,220,174,575,52,863,856,371,1316,634,809,1031,19,513,0,389,531,700,326,1458,845,1141,1838,171,1502,1048,386,753,117,156,140,165,366,598,77,740,658,454,990,122,1020,673,148,63,116,9,171
6,132,82,87,93,131,3,79,80,115,62,63,54,332,67,24,106,141,71,54,69,6,123,64,149,102,61,66,79,33,44,311,227,115,115,64,158,175,98,61,54,49,197,240,5,21,102,127,221,10,2,96,91,115,144,118,94,56,205,72,93,75,5,21,47,72,80,105,127,33,132,78,164,115,4,117,75,147,113,58,1,119,218,115,183,86,80,59,82,90,171,122,131,173,65,5,271,107,111,110,127,115,8,10,143,238,72,60,152,97,63,79,7,10,107,169,71,35,8,35,57,105,89,84,58,60,42,65,42,23,10,3,16,57,39,194,332,432,411,244,104,477,732,725,407,103,599,846,741,402,12,294,381,323,229,162,184,181,134,27,181,196,230,259,191,190,206,211,164,20,249,547,764,830,620,253,308,798,1109,1157,879,372,276,808,1109,1155,917,223,140,79,137,95,190,243,0,45,51,56,152,54,116,20,145,95,113,66,109,145,6,74,94,97,4,27,38,180,37,121,4,123,193,253,162,63,56,63,71,50,33,104,75,78,81,92,209,30,127,14,54,152,15,188,263,154,48,142,155,54,358,55,323,44,169,43,60,114
4,76,100,38,104,151,302,76,164,415,638,807,910,939,902,799,660,493,324,171,43,50,102,120,96,29,74,211,362,522,664,759,63,785,694,522,292,18,280,581,863,1102,1293,1406,1461,1443,1361,1233,1066,875,680,503,340,209,108,35,1,13,3,32,82,170,139,101,97,11,41,74,59,25,259,394,553,719,896,1063,1208,1311,1360,1332,1236,1063,829,552,265,12,253,451,578,650,651,604,519,417,290,172,149,9,24,2,82,219,408,634,875,1106,1287,1408,1450,1394,1251,1048,817,577,369,224,153,166,247,371,510,629,707,14,26,22,20,8,50,28,25,24,7,44,185,250,291,300,277,215,132,42,39,108,150,180,179,160,148,136,141,156,197,246,308,361,406,429,420,376,44,210,96,26,153,271,366,439,482,496,477,436,376,307,237,174,132,116,106,128,168,217,263,304,344,361,363,72,51,86,24,50,24,116,134,83,13,26,250,322,356,358,334,268,171,53,72,181,261,320,332,299,230,136,33,71,158,218,240,246,213,176,128,94,10,35,15,7,39,55,77,94,99,81,43,16,101,191,294,375,444,473,472,441,373,276,162,31,104,239,368,27,48,123,14,62
35,15,3,1,1038,653,84,548,1057,1285,1167,737,77,629,1188,1438,1299,803,57,748,1360,1607,1419,825,4,891,1535,1772,1528,834,113,1087,19,1883,1498,708,263,1154,1654,1688,1253,481,404,1158,1527,1458,991,272,514,1114,1340,1205,731,84,578,995,1138,924,483,59,562,27,15,0,5,1,6,14,15,1,3,5,16,8,2,2,2,0,2,6,4,1,2,1,0,4,5,3,7,4,0,1,2,5,3,4,1,7,2,1,2,0,0,0,2,0,2,0,0,2,3,2,0,2,1,4,0,1,1,2,1,0,2,2,3,1,0,0,4,2,3,0,0,2,0,2,5,1,3,1,1,2,2,4,5,0,0,7,1,3,2,7,4,0,0,1,1,5,4,1,1,2,5,1,2,0,2,3,4,2,3,0,0,1,4,0,5,2,3,5,0,2,0,2,1,0,2,0,0,3,2,1,0,1,7,0,7,7,5,0,10,7,7,7,8,0,10,5,6,6,0,6,9,3,2,4,4,16,2,6,4,7,9,5,6,10,1,5,5,10,7,0,6,1,8,16,6,2,3,0,7,1,19,9,0,1,2,14,1,3,2,0,2,8,7,2
140,65,1146,1164,1159,997,814,714,562,344,165,28,199,465,716,824,1004,1078,1184,1186,1127,1144,985,617,485,327,156,234,601,737,929,1090,1178,1387,1401,1370,1227,766,530,364,202,73,417,500,553,779,785,850,873,782,696,596,596,440,294,259,141,2,77,178,348,496,600,745,839,891,1022,1007,879,622,340,194,104,275,623,581,970,1003,1054,920,922,688,501,101,239,438,612,680,759,899,824,638,505,323,302,78,107,308,440,556,608,685,584,75,347,133,29,70,209,348,532,604,554,508,293,102,102,260,270,360,351,228,116,97,3,9,75,74,72,17,88,65,2,50,8,99,259,301,284,261,157,60,103,230,339,443,477,430,303,167,64,78,221,250,342,388,418,397,465,384,283,178,3,147,301,395,470,579,582,628,623,490,446,304,130,38,258,391,636,682,684,661,831,765,592,474,297,36,92,182,366,457,541,438,534,548,627,582,418,370,346,284,230,95,14,148,312,287,469,579,663,554,536,636,551,393,297,399,45,117,224,413,640,661,740,652,746,798,701,724,606,562,495,313,406,242,80,268,613,664,800,1034,1003,1133,1026,874,825,639,471,361,58,26,312,394,520,259
18,176,365,1128,1134,579,145,826,996,640,17,1269,1062,854,320,487,1010,1036,504,194,962,1241,913,163,627,1356,1330,384,748,1350,1255,589,434,1282,1573,900,224,1067,1172,281,62,740,1096,819,140,435,911,877,347,275,605,798,472,3,321,556,664,273,202,512,673,623,37,565,862,762,328,535,1142,873,144,476,923,990,287,495,1076,992,431,461,1044,1018,361,542,1000,815,126,449,705,606,111,444,660,521,187,370,670,511,80,442,642,420,18,676,588,365,20,348,532,371,105,479,490,139,330,489,294,137,401,302,41,351,347,159,14,91,49,50,14,2,72,150,5,35,55,183,255,74,228,332,193,135,360,350,34,376,467,222,151,408,426,221,185,547,457,165,254,511,514,200,231,572,587,247,255,586,576,217,241,636,627,303,294,666,605,233,273,659,649,225,278,442,629,382,98,539,690,365,22,489,599,417,21,350,532,485,228,178,351,396,288,44,286,484,461,110,375,626,634,294,221,537,728,509,101,584,670,587,92,457,811,731,304,322,659,813,553,13,523,839,751,306,269,802,1055,687,98,836,1155,884,108,673,1149,1049,451,46,1076,1082,612,132,890,1149,733,23,671,121
179,264,973,851,715,526,317,1,220,262,97,721,582,765,915,1036,1243,1261,1502,1100,1113,1102,1037,865,806,668,477,165,264,642,614,756,986,1197,1305,1844,1743,730,981,513,749,664,674,412,326,134,97,97,416,470,508,525,600,525,290,618,724,649,693,680,689,742,667,504,479,485,649,115,101,358,480,626,680,1158,823,841,897,816,787,677,474,273,47,220,452,606,758,846,850,879,889,524,347,12,194,98,58,245,420,545,923,619,509,129,401,385,325,242,180,318,120,293,327,696,496,431,376,239,234,22,73,406,333,21,28,20,30,19,52,57,76,47,10,40,101,154,247,341,399,340,220,100,5,131,268,376,423,449,286,480,461,201,178,166,15,65,169,252,417,356,571,516,588,570,526,420,341,189,263,51,80,357,482,591,645,696,689,863,717,456,436,415,219,96,24,193,230,112,574,231,447,476,442,462,546,587,783,727,453,317,244,74,15,53,306,239,262,427,467,532,629,593,626,813,522,221,542,381,439,514,321,174,15,327,538,170,294,513,512,665,666,674,600,800,1221,1119,948,885,935,826,626,519,538,142,317,308,453,611,758,897,984,1224,972,889,1370,105
221,175,531,1033,33,547,81,739,248,1,315,565,861,274,265,705,74,721,83,919,222,502,390,705,253,357,539,339,647,4,153,83,731,557,525,43,437,941,266,222,566,499,996,1237,283,709,695,225,227,751,435,136,413,162,386,785,338,213,459,50,115,145,122,219,1061,163,217,707,357,331,667,281,621,51,498,197,293,356,24,335,363,5,336,446,3,330,86,283,60,393,221,261,833,686,280,1248,329,184,1285,1417,197,1373,1589,486,844,1223,477,375,790,316,164,88,101,95,308,483,46,578,644,58,645,662,28,30,78,419,111,44,5,101,189,243,331,16,95,162,283,65,541,75,641,102,83,38,367,128,479,401,657,39,19,271,643,134,525,500,461,595,141,403,63,348,208,337,767,22,183,18,37,163,273,180,421,271,123,737,232,207,587,94,69,53,28,225,249,262,178,389,359,410,340,164,813,541,349,431,723,615,653,294,311,173,317,408,223,955,819,793,163,273,827,559,421,249,899,761,267,1037,179,958,403,1023,42,589,777,207,37,50,885,541,272,352,487,77,367,61,109,75,227,189,147,625,175,81,435,745,268,267,341,849,61,581,429,54,321,179
26,122,583,369,715,21,280,541,181,648,32,383,207,865,193,1044,6,1357,462,1460,1008,1118,1379,359,1396,182,891,486,352,171,204,163,362,395,451,640,979,430,1038,114,867,74,572,251,526,128,402,347,552,336,504,156,438,145,113,42,96,321,389,539,251,670,446,65,1408,687,354,178,176,181,30,241,309,64,533,401,399,15,240,12,85,113,1128,1215,553,121,965,287,341,275,818,616,40,31,61,184,214,137,490,266,57,761,376,742,101,892,378,8,563,167,550,589,279,611,105,192,225,540,299,323,164,338,191,386,144,91,33,143,78,26,199,95,22,131,172,85,279,98,161,329,2,601,171,591,515,64,167,137,116,213,31,611,168,504,637,25,117,54,71,456,143,56,419,227,451,86,113,8,165,361,84,185,63,130,234,293,112,398,156,245,2,512,871,143,67,395,262,340,359,50,203,160,591,289,308,418,109,379,251,54,308,997,347,425,530,35,21,719,567,196,60,419,400,513,849,704,652,1046,223,661,919,25,182,43,356,494,247,256,561,74,1285,511,626,101,427,448,519,348,278,186,564,770,657,947,831,257,972,164,182,167,913,1104,677,536,188,35
273,26,898,662,219,200,414,263,751,1065,184,576,355,97,238,794,448,699,971,360,232,131,302,456,1221,623,603,758,44,128,886,897,646,1294,506,425,66,527,271,1269,743,621,881,21,241,628,795,313,1325,610,612,512,441,69,1130,958,537,1119,97,616,337,819,278,1300,540,827,666,567,397,771,796,633,1211,12,894,19,755,65,968,299,874,628,567,607,410,540,394,667,383,822,32,698,67,625,112,772,27,893,247,700,325,577,54,800,200,793,425,546,258,464,8,627,165,668,209,430,0,430,211,583,145,587,72,33,33,117,50,120,97,389,101,382,290,156,360,99,457,17,308,63,218,355,425,283,537,90,296,268,357,424,751,117,666,143,324,173,579,200,922,286,555,311,275,74,808,322,808,745,223,341,315,273,808,1156,118,997,359,332,114,761,90,1038,909,232,655,74,242,423,825,66,857,698,192,240,364,185,588,822,41,587,144,199,201,563,204,384,419,55,68,222,284,79,477,549,30,353,49,125,288,840,286,598,755,48,10,498,316,687,1104,375,498,223,166,370,971,426,630,772,239,52,413,405,464,947,419,238,180,242,98,918,686,294,727,110,182,217
310,30,92,220,233,63,26,92,250,196,139,13,529,112,430,671,398,141,494,397,2,245,89,220,252,172,635,572,104,806,848,174,624,832,337,302,445,88,218,160,369,471,34,708,804,162,636,845,287,399,548,89,335,167,434,696,148,769,1129,457,709,1274,750,330,981,705,49,484,304,107,204,106,377,185,303,195,341,218,535,346,62,245,85,87,25,292,335,29,511,627,217,409,707,426,161,531,405,11,281,190,54,131,26,576,113,121,267,140,98,202,113,31,78,28,31,91,94,32,176,160,33,189,143,12,12,17,20,6,57,5,28,15,38,1,33,148,166,45,231,131,167,288,65,226,233,41,244,125,149,206,23,255,180,73,294,130,174,277,55,223,226,45,288,205,103,309,209,99,298,206,95,290,185,126,301,146,180,340,137,198,345,258,181,301,98,167,190,21,171,21,271,313,71,500,492,49,623,638,45,561,584,33,485,385,171,496,186,436,641,127,579,713,150,531,611,52,467,901,190,521,169,500,700,122,624,775,167,539,642,104,433,372,141,448,131,485,687,168,572,780,256,470,681,232,338,260,43,434,261,335,673,353,369,775,511,76
8,7,129,191,1,2,4,444,689,638,356,10,195,166,48,268,348,190,247,727,994,910,515,59,573,816,786,461,52,205,157,86,224,391,120,399,846,963,666,222,229,577,692,573,288,20,185,181,19,110,103,22,209,324,343,254,66,113,219,57,96,113,14,47,29,56,39,59,21,39,101,341,358,148,181,388,356,105,260,530,514,231,222,516,466,181,128,281,216,9,212,309,198,68,355,503,216,84,297,518,482,228,47,212,225,140,70,57,123,211,223,64,233,474,508,259,102,402,459,239,91,294,243,22,38,0,45,3,24,26,2,20,23,18,71,15,115,116,17,160,174,28,164,280,224,24,196,287,184,6,170,194,103,45,144,101,38,198,284,228,33,254,442,413,171,162,407,411,202,79,260,218,32,188,284,172,93,365,474,330,46,262,420,387,183,101,336,1,56,5,14,78,64,4,57,100,130,49,126,196,162,46,115,217,221,82,127,289,305,165,78,289,343,250,72,99,194,189,80,93,219,175,37,332,168,570,371,6,372,617,623,424,113,141,240,162,48,228,225,15,415,801,897,636,49,551,920,926,580,84,288,74,114,39,11,25
99,17,451,358,250,131,6,100,207,311,405,170,528,563,576,566,541,497,409,312,202,83,69,210,345,486,604,687,761,804,801,760,693,610,490,347,211,59,93,1294,345,430,495,530,529,492,427,336,230,104,19,136,251,348,423,462,479,468,429,361,275,176,78,19,103,162,209,225,229,210,172,126,58,12,73,37,171,204,217,200,177,126,45,24,118,217,311,398,480,552,599,637,640,634,603,552,487,400,312,211,123,37,46,612,172,203,224,224,211,185,153,122,88,56,40,26,35,40,59,87,114,134,152,30,4,15,15,27,19,7,43,30,4,6,25,24,85,155,210,252,271,268,229,168,95,7,77,166,219,249,259,239,196,327,60,12,86,151,205,238,255,252,240,204,160,108,53,1,55,106,153,188,220,239,246,250,235,223,195,152,113,292,31,9,51,76,99,105,111,81,55,0,69,151,243,340,429,506,565,597,593,558,494,390,266,131,14,171,309,432,547,618,663,673,647,563,449,778,144,41,214,379,519,635,718,760,759,704,615,498,339,168,16,205,372,523,644,689,746,739,693,601,495,344,202,89,119,284,425,529,626,690,727,738,717,14
1,27,6,16,16,9,436,205,94,381,551,544,367,81,215,470,616,623,521,341,130,42,137,119,14,231,443,563,547,374,115,189,7,529,485,291,1,308,558,650,539,254,141,536,836,981,950,797,560,333,129,3,29,28,152,264,336,307,203,66,16,36,3,12,49,20,16,10,30,4,14,37,28,31,10,11,23,35,3,14,5,33,34,34,40,5,47,23,2,2,40,27,2,68,23,31,11,10,8,9,10,15,7,14,8,7,12,16,21,0,14,16,16,28,4,36,9,7,4,17,11,23,14,7,9,16,14,18,4,3,7,2,14,20,9,11,7,14,4,9,29,7,5,12,48,5,1,2,14,7,15,12,28,30,7,10,3,37,18,47,14,26,24,15,21,23,28,32,9,16,16,20,18,28,40,28,0,7,14,6,13,13,18,63,53,31,58,12,24,4,4,15,55,7,17,33,19,4,15,28,5,3,6,2,5,1,15,12,34,10,23,25,20,22,0,4,22,4,12,31,67,32,3,21,15,26,72,70,7,30,1,19,2,26,35,40,40,35,12,78,59,37,16,21,7,49,19,15,7,17,44,29,2,39,39,2
190,208,367,355,314,258,167,44,68,194,339,68,550,647,673,688,666,619,549,452,357,238,116,15,147,264,394,489,568,641,656,641,602,513,417,278,125,22,195,1244,504,635,751,823,871,885,866,819,735,641,505,369,229,75,56,197,321,414,493,560,591,590,574,507,440,344,230,102,36,173,312,429,531,619,701,394,779,789,764,715,654,561,458,342,208,53,87,244,378,510,608,688,726,735,709,659,574,459,325,161,3,166,339,1452,651,775,864,920,947,915,857,771,654,531,410,294,202,150,126,135,163,220,272,83,51,50,61,3,43,32,10,5,16,21,131,79,23,30,86,134,183,217,244,252,254,236,210,188,169,142,127,129,127,18,167,181,212,226,244,248,256,236,221,199,169,116,90,52,29,1,19,21,15,16,7,38,57,83,134,151,181,535,251,275,299,311,309,299,264,252,213,171,137,118,95,83,84,97,103,108,132,116,108,102,88,71,52,53,53,78,88,107,149,168,176,193,198,344,171,137,118,111,91,96,106,115,130,141,160,151,153,153,134,101,70,36,20,16,27,30,21,4,19,48,68,85,120,120,140,143,161,174,194,225,261,59
1,30,379,290,191,92,11,130,227,315,402,31,533,571,593,592,568,532,457,372,265,142,7,120,273,410,547,650,755,819,859,862,849,780,686,536,372,179,8,1200,385,538,660,727,755,738,675,575,439,291,115,58,207,364,506,608,688,727,736,699,625,537,436,309,187,82,2,69,121,146,143,131,87,42,14,5,122,160,190,191,181,141,90,4,96,206,318,414,504,576,633,666,686,676,642,580,512,421,328,237,124,35,68,673,198,236,247,245,216,186,156,118,79,40,31,27,41,68,104,150,191,218,234,23,9,37,0,15,21,58,25,45,9,19,3,87,157,210,233,231,191,122,45,47,132,191,225,221,192,138,68,7,88,0,220,255,268,257,229,178,115,43,10,80,134,186,225,266,270,268,258,238,203,173,128,68,3,67,138,199,237,117,286,285,269,224,156,76,18,128,232,321,412,479,533,570,571,529,465,359,222,84,62,221,344,454,539,582,573,518,431,313,172,29,119,248,347,849,462,459,430,371,266,155,34,103,224,334,418,476,502,487,445,361,245,115,22,175,289,387,479,525,533,498,434,130,225,100,24,150,261,359,436,480,510,62
20,6,37,134,7,156,726,404,66,421,541,409,185,35,80,79,349,608,680,488,31,478,859,965,771,423,17,396,525,381,116,82,47,171,544,763,670,298,184,578,794,763,485,95,235,393,366,230,75,1,7,100,204,243,213,98,86,295,430,26,23,70,77,7,215,14,1,45,39,54,116,297,354,230,51,285,347,190,87,387,577,477,68,371,581,455,167,138,285,226,23,197,256,139,91,346,212,419,109,300,557,570,356,71,127,213,197,130,74,80,154,215,186,3,253,433,421,151,201,435,390,111,209,68,4,49,3,34,6,16,1,10,10,16,97,25,151,155,5,186,251,133,66,240,270,158,40,187,181,77,56,128,92,31,183,237,142,63,294,401,67,114,177,395,435,286,32,198,279,195,5,172,221,81,170,390,408,192,129,388,458,349,141,109,326,403,241,11,51,76,28,23,65,82,121,9,1,64,249,160,27,118,211,186,32,140,264,284,190,15,233,378,355,202,19,184,219,145,16,179,222,114,153,446,115,580,376,40,316,568,621,461,180,83,183,105,59,241,316,187,179,628,937,938,584,5,568,890,848,509,145,123,81,65,82,18
179,15,511,164,156,166,29,28,209,297,60,42,574,301,241,596,479,24,427,369,7,210,25,264,182,331,688,347,431,920,595,271,859,635,59,491,364,1,107,1117,240,111,610,596,77,789,765,21,657,562,62,400,78,393,302,390,843,413,576,1127,655,435,1098,736,190,771,541,62,334,94,167,0,355,375,96,185,509,17,464,403,48,140,66,22,115,333,280,160,594,539,7,602,672,156,438,560,187,228,317,85,111,68,86,176,80,202,119,110,230,119,74,148,80,14,0,20,100,154,39,169,237,52,189,36,18,18,44,12,18,17,47,8,59,32,89,32,191,121,152,263,42,246,202,94,245,50,216,159,130,244,18,238,183,46,255,78,190,197,44,229,102,166,241,30,239,242,21,276,210,76,264,158,131,260,77,201,259,18,261,270,17,189,247,39,230,139,73,130,63,186,0,320,350,72,549,524,90,675,564,107,619,416,204,470,83,401,319,266,633,259,476,723,176,523,594,2,485,839,302,489,31,630,516,221,781,498,309,715,317,356,491,9,451,245,343,573,99,562,629,33,587,538,35,463,286,35,335,2,424,348,177,618,504,123,658,79
4,28,245,50,63,421,1547,1553,1361,1284,1097,843,568,227,72,367,657,938,1232,1480,1665,1748,1847,1905,1837,1751,1590,1385,1067,760,439,64,205,636,996,1194,1532,1675,1401,1524,1371,1301,1176,1136,1023,755,606,443,257,104,66,166,309,408,456,525,608,688,707,74,461,50,164,66,404,122,60,136,167,123,168,335,473,595,717,750,805,708,643,541,360,225,39,110,276,401,478,472,492,480,375,302,75,58,241,366,122,575,708,753,781,800,726,747,601,482,365,269,178,18,90,198,230,255,181,73,39,210,435,590,748,802,725,66,16,46,35,28,29,119,23,12,91,8,122,1,135,273,381,435,400,332,245,121,5,102,212,266,305,274,266,187,108,45,91,248,335,486,604,677,199,686,754,704,655,576,430,330,147,3,137,312,454,546,616,634,610,593,492,414,312,206,78,39,143,246,370,44,30,8,42,160,109,25,243,234,192,73,107,39,54,133,263,350,429,513,561,640,683,703,706,674,600,533,425,309,208,51,99,349,504,659,859,1000,338,1099,1237,1223,1235,1183,1130,1044,849,641,432,184,122,396,673,963,1247,1494,1584,1780,1783,1897,1809,1657,1435,1231,897,5,105,89,82,8
90,29,262,357,252,64,79,61,125,334,406,173,79,455,655,585,288,113,395,414,244,14,193,116,168,437,539,334,173,686,900,770,276,292,606,569,265,76,153,600,343,504,309,180,690,894,674,130,412,618,439,27,295,270,116,583,814,577,48,752,1157,1035,456,262,743,800,474,29,203,163,72,266,233,47,382,225,484,164,181,366,323,144,20,25,125,287,295,86,282,602,657,425,15,423,608,499,206,86,254,208,58,57,86,328,134,203,135,4,141,195,134,30,24,28,0,17,59,164,181,99,49,183,196,9,14,1,4,22,3,21,4,23,2,28,67,54,182,178,18,168,249,145,93,253,209,13,200,240,68,167,272,186,55,364,242,58,142,238,133,71,226,215,41,167,292,227,14,199,299,234,29,180,261,192,12,222,283,181,46,266,329,99,12,196,240,113,52,127,52,133,277,231,11,380,596,515,159,332,648,607,240,204,489,382,13,362,443,168,326,661,601,194,353,678,563,128,315,1082,250,216,549,494,70,476,803,650,135,418,696,538,74,343,445,181,277,564,467,55,440,715,588,146,318,508,359,93,302,343,83,312,562,521,177,290,610,13
49,48,38,11,33,14,365,126,34,128,161,180,201,241,308,318,286,159,34,280,471,554,501,264,87,447,730,815,679,334,145,588,3,1002,837,475,26,525,864,968,821,428,72,530,803,784,486,33,610,1025,1162,891,280,518,1296,1807,1859,1442,608,50,34,17,14,6,101,51,31,17,85,42,16,26,85,79,0,13,56,42,54,104,14,13,83,11,21,70,26,67,11,61,108,23,16,52,11,56,11,92,18,1,4,14,14,2,18,30,23,13,8,18,22,3,9,7,2,65,34,9,68,31,8,47,26,14,33,18,11,26,17,9,2,18,3,26,30,10,2,5,2,15,16,20,63,40,6,34,10,6,38,11,39,3,32,29,12,61,21,60,18,68,38,59,14,3,32,9,92,22,52,49,3,35,11,2,8,45,68,1,25,9,40,2,20,35,12,43,16,96,116,52,7,47,11,26,37,75,45,13,70,19,98,9,28,9,23,9,4,0,57,18,6,0,13,11,7,61,11,18,8,69,21,52,46,101,47,18,25,75,29,55,4,6,9,14,54,73,13,7,23,61,14,1,68,47,30,56,12,2,48,35,12,24,28,34,54,26
4,19,92,60,74,12,459,663,634,356,96,571,926,1044,896,536,92,313,587,684,611,410,159,63,185,162,18,310,628,878,953,830,43,118,256,491,510,286,112,588,1017,1279,1317,1113,726,241,226,596,807,849,755,564,355,201,155,240,423,616,732,117,75,37,108,137,15,93,234,92,179,57,735,777,729,567,279,132,599,1018,1303,1375,1232,909,525,180,20,41,125,392,679,873,903,746,423,8,394,698,118,771,558,297,100,45,188,498,872,1171,1295,1154,772,241,304,730,939,915,726,471,279,225,314,466,562,504,269,28,18,54,51,24,13,5,0,34,12,27,175,65,107,261,334,304,175,1,183,318,395,412,383,337,288,229,163,73,44,178,312,418,436,366,213,8,78,343,381,296,108,127,344,491,532,468,333,181,33,72,121,119,73,22,0,38,144,278,401,464,424,291,89,84,20,20,217,123,191,82,20,46,27,49,553,445,266,53,105,182,160,72,40,106,92,10,122,257,334,322,234,78,60,164,189,134,4,178,365,524,171,645,594,485,347,205,92,1,66,101,110,90,44,7,4,64,200,354,475,496,394,199,11,151,194,148,67,183,122,23,24,92
271,33,681,537,120,180,771,347,190,84,357,354,367,1065,958,259,1503,1549,197,1318,1471,359,586,578,42,199,493,1056,550,961,1992,1250,81,2039,1544,90,1277,1149,129,540,208,414,284,732,1300,519,1017,1720,883,728,1616,962,532,1189,366,703,492,666,975,899,51,237,1231,336,379,255,47,82,329,250,304,495,260,443,929,414,783,1325,310,1196,1335,56,1211,969,171,876,629,83,530,368,217,484,10,677,463,622,403,124,1039,850,392,963,174,706,457,452,649,107,698,248,576,584,244,789,263,555,618,62,468,153,258,54,348,224,193,211,4,75,265,249,6,115,287,373,0,229,316,51,551,511,199,722,459,315,635,161,359,326,134,357,25,412,323,357,705,152,739,816,163,869,429,382,575,49,540,171,598,782,27,999,1079,16,1138,1058,84,894,478,379,485,139,680,377,556,1078,372,866,1103,422,749,224,801,731,215,585,805,689,287,507,18,260,638,483,280,809,506,286,676,288,371,513,47,678,558,305,929,665,152,695,776,405,235,682,553,40,307,120,5,669,1058,386,940,1524,723,662,1288,617,309,439,116,299,320,907,564,483,1102,858,99,691,1091,756,217,779,767,1083,1,155
84,185,111,36,94,175,126,67,300,35,67,216,259,165,95,88,130,98,29,501,213,191,82,101,46,46,181,21,88,137,64,0,29,155,323,28,214,323,273,75,78,310,87,126,4,261,14,163,109,140,123,103,130,231,15,196,102,42,244,115,28,5,127,12,94,99,366,115,289,286,0,108,47,140,104,0,29,93,15,75,91,23,37,399,87,84,35,32,153,108,56,132,3,36,150,141,101,46,49,127,183,317,167,275,205,133,134,102,123,47,222,44,14,126,153,111,165,36,61,36,68,11,205,5,14,18,82,63,12,25,23,108,147,109,273,215,191,196,262,418,596,769,866,870,774,571,304,81,477,852,1085,1124,1103,975,852,584,274,29,245,377,33,599,739,829,890,840,725,415,48,542,1102,1556,1813,1985,2037,2009,1919,1820,1663,1456,1194,906,566,260,38,234,281,248,19,125,92,126,130,158,420,61,99,52,61,68,486,216,109,212,59,126,50,316,129,81,247,9,25,161,22,213,20,144,191,150,185,136,311,373,198,243,313,320,88,57,137,383,318,198,172,57,150,185,144,224,278,80,175,313,168,227,160,213,39,184,82,60,28,238,37,45
2,9,31,11,6,47,20,11,31,32,14,42,13,22,9,61,4,12,10,9,55,20,10,9,80,49,67,27,25,42,45,27,41,7,27,8,18,121,61,21,87,37,21,2,59,81,51,74,8,42,14,67,26,39,65,56,30,24,71,55,33,16,14,21,7,8,7,54,18,69,273,426,144,841,895,160,698,950,510,159,465,283,19,4,377,587,171,712,1271,891,193,1181,1276,498,517,998,87,11,469,402,16,209,58,274,327,6,401,471,162,202,314,182,26,6,8,63,232,284,60,293,432,205,186,23,44,7,21,11,1,0,2,16,27,22,9,21,3,10,13,20,8,3,19,61,13,42,14,36,0,2,14,66,9,3,15,22,69,11,54,40,29,6,2,0,11,9,42,10,44,11,21,28,52,5,55,2,16,68,13,18,49,81,36,19,36,18,7,105,40,8,9,47,0,2,6,30,0,7,65,33,108,36,71,51,40,37,17,49,23,14,13,31,73,20,16,34,34,73,11,11,8,18,9,3,11,18,60,21,2,2,49,38,52,50,8,0,33,93,57,17,26,51,49,73,9,13,71,9,1,71,13,121,37,98,42,23
12,0,0,5,4,3,53,564,1024,1193,1027,598,38,485,903,1093,1076,868,491,87,238,379,274,56,503,934,1170,1155,869,373,199,727,1,1245,1098,716,136,463,946,1140,1024,568,53,686,1168,1401,1337,1030,593,109,271,512,524,340,14,399,689,774,591,3,3,0,6,3,5,0,4,0,1,0,0,0,2,1,0,0,2,0,4,1,0,1,1,1,3,2,0,0,3,0,0,2,0,5,2,0,0,2,1,0,1,0,0,1,1,0,2,0,0,3,1,1,1,2,0,1,0,3,0,0,2,1,0,0,0,2,0,3,0,0,0,1,0,2,4,0,1,0,1,0,2,0,0,0,1,4,1,0,2,2,2,3,1,0,3,1,0,0,3,0,0,0,1,1,2,0,0,0,2,1,1,0,1,1,1,0,0,1,1,1,0,0,0,0,2,1,1,0,1,0,2,2,3,1,0,1,3,0,0,1,1,0,2,0,5,1,2,0,0,0,0,0,0,4,2,1,5,0,2,0,1,6,8,0,0,1,1,0,1,2,0,1,0,1,4,5,1,2,0,1,2,0,3,3,3,1,1,0,1,2,3,3,0,1,0,1
105,23,0,5,67,311,671,977,1202,1286,1233,1067,765,376,78,537,981,1306,1481,1534,1411,1143,722,205,357,902,1360,1664,1807,1748,1497,1059,15,156,768,1294,1625,1775,1712,1477,1078,565,1,557,1013,1319,1462,1448,1267,953,527,72,374,748,993,1145,1138,981,735,431,96,0,17,20,7,16,4,26,7,13,8,7,4,12,9,10,2,0,1,6,2,0,0,3,5,0,2,4,3,0,0,6,3,2,3,1,7,0,2,1,0,5,0,1,2,5,0,0,0,3,0,0,0,3,5,2,1,3,1,1,0,0,4,1,2,0,2,0,1,1,0,2,3,1,0,0,1,1,2,0,2,1,2,7,1,0,0,1,3,0,1,4,2,2,5,0,0,4,0,2,1,1,2,1,4,0,1,1,2,3,5,1,3,1,0,3,1,0,0,2,0,1,5,5,4,3,3,2,1,3,0,2,2,4,5,3,8,0,0,4,8,7,9,6,2,1,8,4,2,0,9,4,1,5,2,4,1,10,6,14,11,6,0,2,1,6,3,6,3,7,1,13,2,0,3,7,12,9,9,12,11,9,3,2,5,5,4,9,8,8,1,1,2,0,2,33
42,96,39,17,41,98,576,648,687,707,692,641,566,477,385,296,226,158,118,86,51,24,16,63,122,192,250,297,309,294,251,168,4,70,198,329,453,572,688,796,901,988,1077,1138,1167,1165,1130,1064,962,849,697,543,377,204,34,123,244,330,377,89,65,38,47,47,170,18,91,106,61,57,686,834,990,1140,1275,1387,1448,1465,1436,1353,1221,1041,826,584,321,48,221,471,698,887,1037,1137,1181,1181,1126,1037,82,730,519,286,43,213,460,688,892,1061,1179,1245,1261,1216,1124,993,826,647,466,320,206,143,134,173,249,347,444,12,24,85,77,0,48,6,30,45,13,19,66,37,23,95,174,244,307,344,359,360,341,319,293,269,250,240,233,233,241,251,259,278,302,323,351,375,17,406,402,392,370,327,284,237,193,161,140,133,123,132,140,138,131,127,129,133,145,182,226,277,324,362,375,80,77,31,138,16,40,30,106,61,7,133,356,377,389,379,341,287,218,132,56,17,86,124,150,158,143,104,52,7,76,150,224,299,363,409,470,508,36,549,551,540,530,495,458,401,340,263,178,88,1,74,153,212,268,303,316,316,290,253,186,98,3,100,195,61,76,79,22,58
929,677,57,282,21,668,843,546,1,15,286,452,88,523,948,761,231,42,393,974,556,464,996,823,163,136,696,1167,845,173,875,641,35,122,824,1411,945,114,596,416,109,61,613,1146,958,70,674,442,287,431,536,1258,1108,43,700,292,585,420,516,1396,889,111,621,166,648,430,541,1236,672,209,651,132,549,376,486,1080,605,432,740,89,515,210,673,925,252,624,792,97,508,157,728,799,36,885,602,389,761,105,783,451,570,841,31,798,452,465,634,220,814,242,546,598,140,422,116,507,199,428,350,81,307,38,22,13,365,257,137,99,26,46,127,213,245,401,187,160,149,267,462,13,510,375,172,187,343,633,154,499,664,52,240,46,570,439,353,872,568,256,312,339,659,117,817,1020,226,394,207,540,654,106,991,1097,182,434,24,690,674,294,1125,957,117,419,134,735,554,315,973,791,95,190,179,713,472,112,719,634,211,117,29,530,633,88,438,677,298,183,105,423,634,436,87,421,228,231,199,289,782,650,169,203,43,428,404,278,1040,964,434,147,127,514,621,130,903,1084,426,33,181,785,825,65,725,870,148,100,173,848,869,210,378,624,102,183,77,599,987,148
33,25,33,158,135,306,31,90,86,23,96,107,32,21,360,50,106,75,34,339,296,213,11,32,61,366,115,331,114,140,253,298,383,36,17,142,143,395,19,428,199,26,155,218,152,145,139,403,249,73,153,180,118,248,8,142,264,10,80,188,445,184,27,86,49,51,80,104,125,261,97,152,48,120,323,219,104,119,156,12,413,73,86,193,276,34,152,178,306,188,94,171,9,61,12,38,14,162,303,267,9,13,90,3,127,183,139,158,6,87,94,263,256,329,196,43,114,59,148,13,34,58,61,5,13,48,186,9,40,140,29,11,41,85,39,290,299,30,262,212,65,79,237,336,42,519,665,58,892,833,266,1132,714,376,1006,511,409,611,103,285,49,252,42,468,570,210,1047,691,509,1235,578,608,947,266,278,219,169,370,396,271,992,751,526,1312,664,599,993,175,122,9,102,99,87,17,68,132,92,161,40,29,213,384,34,121,285,79,11,259,69,1,21,221,131,283,66,25,22,246,247,103,310,104,14,271,112,95,220,34,210,2,178,47,244,563,87,190,317,169,287,113,149,341,113,196,174,60,30,141,88,188,269,139,73,349,61,161
88,98,497,465,66,179,46,506,693,355,96,132,173,99,339,463,481,166,269,485,680,570,410,98,164,423,501,288,377,71,97,250,687,325,346,640,503,142,228,627,545,596,559,321,133,570,886,932,606,9,441,874,883,611,91,478,612,373,108,77,597,819,406,615,68,60,334,689,794,30,400,112,269,168,362,743,8,499,1062,269,378,191,99,486,215,82,392,1079,379,521,986,567,209,542,445,588,510,158,270,694,275,347,311,627,282,1006,163,25,92,473,466,34,603,227,254,42,61,490,75,68,505,222,282,264,75,171,146,251,15,345,303,208,130,196,490,18,141,174,324,61,518,509,466,67,110,81,727,184,193,504,115,182,148,215,137,347,117,72,588,253,255,401,1,574,303,384,157,200,85,99,744,229,786,407,37,61,634,75,434,570,924,5,185,69,19,354,521,345,252,823,54,414,659,576,584,636,257,832,427,1102,598,85,112,227,53,508,289,611,663,129,178,682,137,10,407,7,233,840,1104,425,164,1267,473,344,738,413,194,255,33,577,157,329,236,67,55,1174,543,709,226,81,108,497,675,154,19,207,219,820,11,52,570,851,515,57,639,265
26,104,180,30,84,73,53,38,172,120,77,14,28,42,67,105,66,43,23,59,88,41,133,111,106,53,54,16,116,16,17,82,27,29,56,29,14,6,162,52,49,165,114,25,51,47,70,157,88,137,136,42,143,29,3,87,37,73,56,66,0,38,58,95,132,50,48,0,19,65,978,826,526,175,202,580,901,1160,1326,1417,1377,1271,1013,661,258,115,490,758,991,1086,1088,991,801,496,151,214,2,772,877,891,778,614,377,165,38,206,338,372,321,185,10,240,443,612,672,646,529,359,119,99,283,363,332,57,14,87,20,12,8,50,6,21,35,26,11,44,27,16,4,14,30,35,63,97,76,16,6,161,0,122,26,7,65,53,9,144,102,52,21,73,50,75,157,22,83,42,3,90,60,124,53,14,27,75,51,57,81,12,46,105,33,71,51,66,90,88,11,27,18,3,77,80,62,122,2,43,42,192,85,40,128,44,77,53,53,43,115,24,101,40,53,51,48,127,20,37,12,3,84,25,27,56,139,17,182,42,27,73,115,57,54,174,187,61,32,31,136,68,9,180,6,36,6,45,191,172,100,91,55,36,59,11,50,118,111,90
16,268,244,90,172,120,41,796,963,319,580,949,468,406,747,402,58,241,332,408,207,366,743,347,441,742,283,331,464,267,30,129,217,399,124,306,524,273,200,443,359,14,372,446,217,198,454,419,80,325,569,367,201,665,599,20,701,906,300,505,220,140,400,33,819,418,109,44,178,167,469,123,59,284,482,336,200,552,455,0,305,392,272,1,300,447,209,243,451,232,178,432,274,83,408,335,147,430,284,166,388,133,216,197,28,77,35,31,106,76,125,174,70,248,88,153,150,19,57,38,42,100,52,158,23,182,1,126,133,35,282,9,22,84,200,325,54,371,159,226,262,20,100,137,210,100,295,570,94,703,766,161,944,595,411,773,274,253,292,206,431,127,502,824,161,886,988,55,1019,760,257,774,372,127,173,60,262,454,11,753,751,240,1032,628,389,698,172,133,404,445,162,736,531,337,257,183,390,573,23,984,841,85,680,459,12,149,159,360,439,71,835,853,48,1013,1041,98,926,1103,386,620,1081,681,102,721,8,558,113,793,1107,445,771,1441,807,674,1500,887,398,1053,733,96,292,449,629,439,301,1002,826,161,946,722,13,295,170,22,167,514
79,208,423,107,92,791,417,212,216,100,575,177,577,54,581,183,234,503,161,201,263,301,1137,695,210,1309,261,389,763,242,295,22,152,721,221,1021,1059,124,125,305,137,1351,369,63,775,156,212,108,119,325,1057,687,25,1129,595,242,1051,1013,387,217,345,345,205,75,184,333,307,43,409,193,291,770,683,331,143,311,176,87,188,260,114,856,579,746,986,211,778,327,399,725,586,185,703,630,8,684,375,56,803,719,201,409,1,67,438,87,502,475,28,750,351,737,488,551,442,247,374,200,538,472,536,616,292,165,74,157,145,108,134,325,116,299,26,115,169,105,291,249,409,529,45,193,224,437,279,37,271,278,1063,94,311,78,45,65,141,74,87,52,285,259,203,559,577,424,431,55,213,176,502,309,69,649,93,60,311,307,347,425,25,29,194,195,893,172,627,447,46,453,305,241,473,113,635,523,621,118,36,501,353,321,1187,268,17,4,977,284,319,158,417,8,23,915,205,111,117,261,561,483,71,567,211,245,365,465,744,555,1291,78,247,341,263,321,180,821,467,1347,478,699,83,229,1177,637,205,877,243,563,647,245,331,696,283,361,139,243,34,16
19,51,8,42,65,38,428,47,372,688,776,603,201,285,710,970,999,808,490,137,140,311,296,130,131,397,560,550,337,26,442,767,212,790,453,10,407,659,635,344,138,689,1149,1413,1411,1160,750,288,118,404,522,485,334,142,8,41,62,293,561,112,71,41,12,79,46,17,1,115,142,24,686,923,1001,899,597,146,370,840,1168,1299,1211,930,548,177,76,117,64,374,698,901,889,646,237,225,620,854,78,758,507,242,81,88,299,643,986,1180,1107,748,167,464,956,1178,1103,804,437,153,40,103,243,331,272,45,282,12,18,71,24,7,36,44,24,38,2,35,235,223,134,25,204,327,350,264,103,70,203,282,313,321,319,312,295,247,165,42,102,255,372,408,343,177,63,238,367,366,247,55,179,365,462,462,370,227,103,19,15,2,36,55,37,33,140,295,424,508,494,362,129,122,111,122,10,44,104,27,156,42,9,75,303,188,50,89,189,223,210,140,75,32,62,162,289,406,439,376,224,20,135,202,133,33,245,435,571,598,48,379,191,7,159,276,352,373,343,259,156,65,33,74,185,308,384,379,271,107,72,228,305,287,177,6,200,18,20,73,9,56
55,63,159,232,204,409,67,466,411,112,85,77,278,310,98,313,598,594,193,270,580,553,223,104,247,55,82,37,433,669,373,288,364,948,407,315,719,599,198,135,84,190,302,7,571,928,696,129,902,994,394,359,575,218,280,334,83,536,607,89,11,148,51,730,67,73,104,216,220,124,544,634,228,318,570,298,278,615,429,142,563,495,3,359,318,57,393,298,133,517,455,20,469,478,2,401,322,83,547,485,87,599,514,26,465,369,101,358,157,260,352,12,384,396,4,377,398,74,153,154,97,139,185,100,94,5,45,55,20,44,45,132,35,78,122,60,144,153,80,303,200,169,400,238,120,339,189,136,238,23,251,272,85,414,335,94,452,387,47,417,231,99,278,335,95,204,208,101,382,370,25,420,583,367,12,319,417,240,30,59,10,138,59,239,643,620,54,143,171,43,165,215,280,314,75,31,69,39,313,245,544,443,109,217,311,238,43,63,79,33,233,269,28,417,650,460,77,483,552,320,26,159,62,98,54,93,391,549,396,101,701,906,509,333,811,574,55,384,154,226,304,61,484,536,250,264,613,640,318,180,583,271,37,222,289,56
151,286,304,254,105,161,1130,283,880,1241,573,411,919,670,162,195,403,591,582,84,689,1036,519,402,942,716,133,406,664,604,175,387,469,465,47,243,430,412,252,102,508,623,301,235,650,590,170,389,607,404,16,298,410,354,109,271,479,290,100,370,597,18,228,16,303,456,446,571,109,321,27,325,342,98,338,534,268,247,606,469,54,506,536,179,239,428,315,92,131,286,349,193,174,473,366,106,123,377,19,309,251,74,22,85,182,298,67,354,453,24,440,320,213,405,53,312,268,21,133,98,183,291,77,74,136,91,266,63,22,127,26,71,345,233,124,423,122,443,529,30,504,407,39,240,176,171,156,131,540,415,318,843,419,513,862,282,464,583,128,177,36,140,267,210,212,697,497,340,963,594,384,925,458,240,410,96,10,262,339,170,738,591,198,804,640,33,586,269,74,46,312,96,244,206,598,442,365,25,514,958,397,628,999,391,375,555,310,197,130,184,690,756,108,736,1080,612,351,983,991,239,598,912,651,125,438,681,756,458,356,1084,1054,144,891,1228,554,461,964,654,8,382,430,354,247,26,418,780,510,312,961,795,90,758,130,335,518,451
137,224,36,12,176,751,1167,466,355,509,741,108,237,349,99,979,73,288,263,455,186,67,324,452,840,288,319,203,134,675,131,287,152,267,237,605,733,564,110,112,361,716,116,103,87,172,192,597,860,795,133,363,347,425,386,17,465,180,450,115,519,540,77,14,471,594,102,60,355,290,686,110,347,105,350,303,225,431,177,301,399,222,168,369,130,265,170,151,192,408,386,364,920,373,758,1119,829,922,1463,468,1038,1471,492,754,1261,494,491,694,346,164,142,8,36,326,120,342,618,183,527,661,48,600,496,233,54,237,115,179,43,324,229,35,98,16,244,328,54,47,623,642,303,281,51,519,341,82,647,88,203,58,320,470,171,493,66,70,85,19,639,9,209,92,785,255,1094,342,335,194,67,722,428,244,16,108,233,106,47,119,750,1235,28,224,14,289,396,596,15,417,959,183,517,457,410,710,278,251,59,155,1230,74,849,620,386,682,1163,380,725,801,0,127,165,382,271,115,6,77,713,409,323,216,165,250,381,243,56,97,400,808,218,487,348,227,1211,559,628,85,299,268,288,348,16,770,613,25,611,1358,820,1002,115,224,313,12,567,650,435,500
39,35,273,22,129,605,94,885,646,386,987,495,423,769,472,29,254,443,368,120,670,661,30,724,728,41,555,598,112,423,668,479,339,430,726,446,192,596,331,350,660,314,312,552,373,12,217,231,76,143,336,235,136,475,508,180,321,493,249,46,244,127,692,425,186,292,34,29,271,184,400,64,343,621,552,8,489,466,20,397,257,156,470,315,103,353,280,94,59,113,136,27,182,153,195,523,36,379,530,73,314,196,11,6,45,191,335,55,267,137,198,109,266,325,72,325,97,204,208,6,11,0,215,177,75,144,252,71,74,57,229,52,314,98,201,304,174,230,254,51,258,271,133,120,359,254,305,655,190,670,710,155,751,334,417,499,3,257,156,60,661,294,617,146,909,1114,23,1170,955,261,926,398,296,365,157,169,139,348,681,148,814,868,157,890,317,703,687,232,209,359,320,688,380,130,255,7,405,653,194,1207,948,54,367,217,48,90,168,352,303,247,776,585,311,906,529,521,1072,463,628,1076,358,620,902,368,63,651,663,383,276,978,937,149,1320,1177,227,1476,1251,68,1062,952,226,346,534,511,177,469,796,205,737,961,168,296,20,458,134,77
2,18,35,43,7,49,727,786,745,608,399,159,131,389,600,762,858,890,855,743,595,404,190,47,285,494,637,680,655,538,361,126,26,310,477,599,665,645,547,370,114,192,496,767,957,1078,1105,1060,981,855,714,527,321,91,102,279,411,502,553,29,7,34,38,79,11,8,12,33,18,43,73,29,31,0,7,111,16,21,42,45,8,19,51,50,64,2,11,68,52,5,12,35,31,25,4,7,26,23,74,35,29,43,35,24,38,28,26,5,5,26,15,24,24,47,54,13,21,8,33,13,36,24,31,20,8,3,20,22,5,8,3,42,15,8,12,0,9,29,6,14,11,18,3,8,25,5,38,18,61,23,65,5,27,24,7,15,34,21,5,24,41,8,2,33,24,66,31,64,6,8,37,74,28,13,31,39,29,38,38,15,20,11,41,26,24,146,61,54,14,65,50,63,64,71,55,38,7,28,67,68,34,68,63,23,93,46,43,6,71,23,21,22,24,18,83,7,11,51,6,8,6,73,4,1,63,24,42,33,107,26,54,9,32,4,71,52,16,28,23,66,16,46,13,50,20,36,3,25,32,3,2,99,10,35,38,2
18,2,31,30,26,23,573,366,137,19,102,148,170,233,297,303,219,49,180,393,532,484,245,122,509,743,724,430,56,583,911,966,99,142,420,870,1033,854,411,172,670,899,773,361,234,679,864,645,103,618,1137,1263,889,60,904,1680,1926,1548,625,4,38,29,28,10,51,5,33,16,67,43,23,56,7,61,16,0,66,27,59,4,13,70,52,35,33,69,2,3,29,9,35,23,28,4,2,21,99,48,46,9,73,28,37,3,5,35,12,28,23,30,50,38,60,26,11,43,14,6,50,23,7,4,2,12,26,13,10,2,12,4,14,11,25,18,0,39,43,45,42,11,15,44,35,9,11,26,27,7,21,60,37,12,54,23,0,41,51,33,35,32,68,0,4,4,14,22,42,86,18,34,16,11,35,7,22,48,3,24,5,35,26,23,29,11,17,28,16,25,18,97,6,9,10,3,55,4,13,9,18,23,16,80,16,12,60,31,37,22,61,92,64,14,16,49,9,16,92,73,18,87,29,40,36,16,16,56,25,4,60,16,54,1,0,89,0,18,7,16,55,7,11,25,75,30,73,79,107,7,11,52,6,7,36,9,43,12
97,16,1,0,1100,944,692,365,18,432,799,1105,1297,1366,1316,1135,821,426,50,535,1005,1354,1586,1666,1558,1308,903,391,180,764,1293,1679,24,1872,1649,1267,758,172,409,936,1336,1567,1632,1524,1251,857,391,104,574,960,1198,1308,1262,1096,805,465,94,278,599,818,934,22,15,12,9,19,24,20,19,3,6,10,3,6,12,4,3,3,6,0,3,0,0,0,3,1,0,0,6,10,0,3,1,3,3,7,6,6,2,3,3,1,5,2,3,2,1,2,0,0,0,1,0,2,1,0,0,0,3,3,2,1,0,0,3,0,0,1,0,1,1,1,3,0,0,4,0,2,2,2,1,1,2,2,0,2,5,6,1,0,1,0,2,0,4,0,1,1,1,3,0,2,3,1,0,2,4,3,1,2,4,0,1,0,3,3,1,4,2,2,1,2,2,2,0,2,2,0,1,5,0,8,3,2,4,4,4,4,0,4,1,5,7,4,5,2,3,0,3,6,5,7,9,2,3,2,0,1,7,7,3,10,15,3,6,4,4,8,10,3,12,6,8,10,5,15,4,0,3,4,6,1,11,4,10,14,16,1,4,7,14,15,14,20,17,13
4,94,7,103,120,15,1302,519,888,1524,704,792,1539,923,453,1324,1030,46,967,1015,295,618,1051,648,304,1078,989,13,991,1116,291,741,88,456,415,809,563,50,563,708,360,330,849,674,139,877,848,64,766,840,195,546,780,367,253,650,611,140,439,756,276,74,113,161,302,303,126,8,73,5,56,647,634,58,568,746,265,411,742,419,282,711,489,197,682,524,98,612,540,11,545,548,75,446,547,161,263,591,243,329,628,323,330,664,345,337,661,300,400,658,212,459,629,139,473,552,61,441,433,54,449,319,183,92,19,68,94,54,37,208,99,19,75,14,96,240,302,45,389,256,213,471,218,293,481,163,301,443,120,315,435,89,328,443,163,288,453,246,175,421,119,62,374,354,24,377,361,23,374,341,42,378,265,82,304,201,97,250,166,89,277,215,69,304,251,85,320,258,14,522,1,484,123,134,11,16,250,119,631,754,305,354,825,641,136,860,884,21,933,1088,194,930,1250,444,734,1263,742,365,1159,1021,51,1000,1295,461,70,1502,857,607,1637,1216,288,1565,1489,167,1284,1635,659,822,1598,1063,363,1531,1370,19,1373,1536,309,1142,1473,513,703,143,898,2,6,77
3,37,33,324,66,123,5,0,51,132,212,268,279,240,152,51,80,210,371,490,616,669,688,655,608,553,489,434,338,234,97,40,121,331,436,461,428,332,169,7,206,379,559,672,768,787,764,719,624,531,418,311,159,11,169,339,469,560,553,10,141,41,57,113,11,88,68,9,57,12,350,359,348,275,182,49,118,281,450,557,641,632,583,451,324,144,34,206,399,538,667,694,665,512,303,59,148,390,547,640,710,701,663,546,385,185,33,232,415,526,589,587,515,381,205,2,179,307,370,354,264,140,15,23,9,90,37,44,36,35,17,19,43,7,115,105,67,13,58,129,186,205,176,111,24,75,162,233,289,337,373,385,373,324,257,172,75,2,68,102,99,130,114,59,2,90,168,238,297,325,353,359,375,379,372,341,285,218,126,63,9,61,110,133,143,131,74,97,147,222,67,196,131,25,17,1,41,110,306,307,238,146,10,95,209,279,341,351,336,290,202,125,26,21,101,146,217,254,322,345,340,324,245,168,92,60,172,251,299,327,316,326,319,303,256,183,101,12,41,105,142,223,271,356,404,423,423,417,425,448,500,232,132,67,125,47
383,553,423,716,470,6,263,56,471,826,828,402,86,225,303,752,928,497,93,447,296,282,649,299,385,982,1011,476,35,156,415,1146,1452,951,47,414,87,695,991,619,171,843,729,151,535,362,171,1023,1172,629,224,522,31,792,1041,583,357,794,639,82,482,370,443,1095,953,380,275,492,66,680,978,444,400,858,491,305,661,362,369,961,728,79,710,608,79,595,530,98,755,771,138,595,561,65,613,556,117,676,654,49,414,326,146,659,401,166,623,405,153,368,95,442,504,137,345,420,28,269,196,164,364,137,148,278,71,219,113,245,32,165,172,196,5,54,300,79,226,329,31,288,195,259,539,334,171,469,200,286,466,78,468,697,349,197,378,72,592,728,183,477,711,198,332,445,72,703,911,504,193,462,85,553,797,441,242,793,575,27,376,330,351,875,774,288,274,286,96,518,563,278,319,578,433,88,364,206,226,571,638,301,124,246,21,373,599,443,40,318,319,7,382,499,273,205,433,324,76,281,220,297,745,865,455,151,130,196,705,929,719,130,338,214,271,537,431,99,601,682,408,17,205,243,705,868,643,232,54,53,389,818,684,261,246,313,71,418
5,16,104,94,35,87,8,75,255,87,102,84,200,14,43,181,62,89,80,122,50,56,83,54,59,66,45,16,73,50,5,126,8,100,97,243,137,140,81,34,41,73,85,104,23,41,5,44,114,222,83,20,27,66,0,11,45,21,89,84,25,42,170,40,142,183,70,122,42,91,81,122,25,2,84,14,8,159,16,108,70,91,80,52,23,6,8,11,113,63,42,11,40,65,37,55,29,130,38,97,40,14,21,79,38,154,101,16,1,23,16,34,26,147,9,87,56,2,47,31,19,49,30,27,18,4,26,18,49,18,12,24,36,31,254,200,218,244,259,229,129,40,220,397,515,536,451,240,41,336,513,603,548,489,335,167,27,153,213,208,107,130,101,15,99,283,538,791,964,994,845,523,186,146,447,676,819,917,970,898,768,575,330,153,14,38,7,72,4,131,9,2,21,35,21,177,54,33,42,38,78,51,188,237,85,84,185,54,113,129,12,132,161,32,89,80,32,166,217,16,14,72,4,57,153,56,19,11,209,127,55,87,11,164,113,155,117,14,32,62,4,64,7,82,40,199,179,68,54,56,104,16,63,136,51,64
9,11,26,30,35,44,4,99,18,52,33,107,6,45,42,45,30,19,7,33,50,9,35,19,51,89,68,35,15,14,3,33,47,86,67,2,79,46,29,40,4,11,65,2,81,47,8,3,26,13,40,23,30,44,71,18,37,42,12,14,6,0,1,11,51,31,30,6,66,30,308,601,704,603,353,35,285,541,644,655,540,329,67,193,379,455,367,134,222,616,965,1227,1333,1314,1151,888,38,277,11,177,268,254,134,46,251,405,498,492,420,291,153,57,8,18,81,170,239,260,224,109,42,195,311,30,18,0,30,5,2,25,11,7,7,12,7,9,2,18,21,11,33,9,10,9,51,20,29,25,51,19,29,22,17,13,60,77,16,13,8,9,12,47,7,34,26,13,5,31,26,18,14,16,49,29,19,10,11,7,40,11,28,47,23,30,2,40,37,42,13,40,14,44,45,59,38,75,37,35,27,44,8,47,7,11,30,37,9,17,86,26,68,9,9,28,7,12,73,17,30,44,65,35,28,107,122,44,51,31,14,17,44,8,42,12,25,81,73,33,33,56,30,42,30,49,21,13,15,30,42,30,40,1,14,26,0,34
48,26,74,14,155,89,661,661,649,610,555,471,372,274,175,84,21,21,51,58,64,75,92,119,159,191,221,231,216,171,115,36,18,171,286,406,523,648,770,892,990,1088,1161,1203,1217,1192,1131,1050,937,804,653,497,345,186,38,98,233,342,450,66,167,26,168,58,32,16,42,19,12,25,679,851,1015,1166,1298,1406,1474,1503,1490,1419,1294,1111,877,614,322,30,253,511,735,923,1064,1159,1209,1216,1178,1090,46,782,569,323,54,215,489,749,984,1178,1328,1425,1464,1440,1358,1226,1051,852,647,448,285,160,83,55,70,117,175,13,33,58,31,7,40,27,5,3,54,28,81,134,203,271,323,359,379,379,367,350,332,319,321,321,347,374,400,424,441,455,458,443,422,390,359,309,46,215,158,98,30,36,90,150,185,201,207,178,132,67,2,66,127,180,235,280,322,359,394,424,452,476,487,102,84,37,123,145,14,3,167,56,67,86,138,116,84,64,56,55,67,81,92,105,103,107,103,91,91,97,103,105,116,135,137,150,168,193,216,254,191,340,378,416,451,462,457,429,387,320,236,147,35,67,160,243,299,332,324,300,256,190,110,16,89,193,305,141,30,128,80,14
11,1,1,7,9,1,989,1000,273,685,1303,1194,455,473,1115,1204,745,0,576,720,384,148,456,243,363,998,1145,650,263,1117,1483,1128,11,668,1199,1035,276,640,1148,924,21,978,1519,1230,297,701,1310,1252,652,121,665,731,353,168,454,246,323,868,958,0,1,5,10,2,7,0,6,2,1,1,0,3,1,0,2,0,3,0,0,4,0,2,2,1,0,1,3,1,0,0,1,5,2,3,3,2,1,0,0,0,0,1,1,2,1,2,1,0,1,0,0,0,0,0,0,0,0,1,0,0,1,1,2,2,3,0,1,1,1,1,0,0,3,3,1,1,0,0,1,2,0,1,0,3,0,1,0,4,3,3,1,1,1,0,3,2,1,0,0,1,3,1,0,0,0,3,1,1,1,1,3,3,2,4,0,1,1,0,1,0,0,1,0,1,1,0,2,1,0,2,0,1,0,4,1,0,0,1,2,0,0,0,1,1,1,2,0,2,0,3,1,2,1,1,3,0,0,2,2,8,0,0,3,2,0,2,1,2,1,1,0,5,2,0,2,4,0,0,5,2,2,5,3,0,0,0,3,1,2,6,0,3,0,0,5,0
127,349,735,451,34,168,23,1123,1102,269,1485,969,536,1202,522,334,472,381,385,170,697,1049,79,1283,1134,511,1394,500,819,700,138,221,455,243,911,253,1320,1346,583,1934,710,1267,1354,155,868,139,287,318,500,578,1208,20,1456,838,1063,1389,329,1483,369,47,85,160,73,415,327,221,889,527,157,155,1134,527,1142,1279,413,1416,314,902,562,439,254,406,136,710,272,856,701,728,1053,302,1165,109,988,294,781,287,266,331,741,439,718,483,708,541,793,728,759,1038,413,1027,42,661,63,395,343,509,351,618,165,455,216,303,549,9,81,4,93,305,207,185,111,151,29,417,316,47,261,78,185,60,222,161,355,157,446,221,647,167,879,108,913,505,647,630,287,429,252,275,448,436,507,818,202,984,333,752,609,282,492,137,253,345,312,654,814,509,1365,207,1417,1036,816,1247,80,804,43,414,691,445,593,69,755,533,478,306,219,9,151,717,398,272,60,238,409,83,606,482,216,682,440,270,605,225,333,267,64,54,170,6,560,423,595,1066,71,1282,1185,678,1295,177,817,434,248,43,335,237,927,305,1118,1242,331,1524,782,791,1124,142,518,282,67,360,256,582,937,205,255,565,403,75
20,47,21,0,335,37,197,34,146,98,92,38,257,89,162,82,13,212,192,59,70,254,209,11,254,173,77,86,57,66,340,10,145,170,18,79,109,106,214,62,307,18,65,199,104,97,113,8,150,106,302,275,50,15,66,184,119,286,114,28,233,163,113,171,165,212,285,80,359,277,260,264,22,80,173,110,56,81,49,16,291,1,179,54,6,259,159,195,55,79,74,90,41,62,188,176,282,151,197,47,322,172,26,295,94,28,56,132,25,65,63,367,84,61,222,20,49,12,194,15,83,74,113,21,153,258,9,136,36,12,13,206,42,3,80,297,306,47,280,212,15,167,284,232,126,586,427,462,932,313,793,993,59,852,788,109,708,386,266,284,118,79,274,366,235,844,413,777,1152,182,1006,921,96,642,388,36,41,121,589,567,280,1124,711,579,1219,514,489,126,161,76,121,177,87,250,144,132,221,181,27,147,186,295,25,168,54,261,60,326,116,92,164,198,82,56,66,36,62,54,237,33,84,18,183,271,186,139,48,63,134,49,8,292,156,132,16,60,52,25,51,97,201,129,48,40,109,58,336,296,101,209,191,15,336,282,68,46
88,192,841,160,153,418,542,338,745,182,472,399,102,374,548,191,581,577,132,849,432,524,696,237,564,576,105,642,474,32,345,467,1268,381,507,171,466,625,94,522,675,72,772,697,231,885,550,530,894,182,840,901,308,830,114,671,375,390,275,20,787,247,578,59,123,451,116,501,605,442,724,1007,454,615,855,110,143,65,420,680,199,417,181,383,311,308,433,749,369,47,288,529,67,234,315,298,234,120,342,284,184,448,851,61,659,203,681,7,56,116,309,431,375,105,161,290,115,379,529,13,107,303,158,90,15,283,50,278,369,8,30,102,84,15,196,410,16,361,216,103,78,147,113,206,393,5,29,140,41,428,436,55,247,287,228,487,414,193,154,306,664,283,807,853,354,465,562,463,316,110,42,220,155,203,810,74,189,73,169,663,632,1070,387,209,244,892,515,179,506,104,994,334,386,467,54,109,126,148,668,79,808,795,177,452,292,1048,202,929,494,96,193,161,184,69,160,165,865,5,598,327,612,452,528,508,608,647,978,205,258,285,607,1244,42,82,526,142,157,955,652,21,302,272,571,285,113,692,336,764,411,116,243,324,135,679,94,254
9,11,28,66,64,41,90,54,88,121,80,17,21,76,10,19,21,40,51,69,176,86,104,80,112,43,95,36,14,40,18,80,16,5,5,169,45,25,11,4,61,15,56,17,113,54,18,15,17,83,50,61,91,9,64,40,130,124,116,85,6,38,53,26,57,45,145,46,0,13,607,126,924,1191,725,228,999,1118,543,333,922,838,200,515,772,398,294,695,548,64,675,854,360,423,937,819,59,538,763,441,73,399,327,25,207,188,59,284,225,93,386,381,54,351,473,209,234,435,263,119,323,191,95,52,18,31,4,42,11,45,11,19,14,38,0,37,1,11,49,32,34,97,26,14,21,6,64,1,26,40,9,5,2,31,83,66,16,41,7,1,79,25,15,35,15,18,84,45,96,50,18,75,10,20,35,22,27,23,111,11,37,3,25,25,41,5,23,28,26,165,84,93,139,8,0,1,2,47,12,89,86,22,4,11,31,41,113,1,27,20,70,3,87,22,23,59,3,145,77,83,36,16,44,101,1,39,0,39,50,3,3,23,4,93,27,5,49,91,41,49,75,26,2,60,11,47,91,5,34,81,20,125,142,21,21,5
1,1,5,9,942,1175,1132,794,259,372,930,1289,1316,1015,469,229,906,1384,1502,1277,709,54,841,1452,1680,1525,948,127,781,1504,1858,1742,0,289,666,1432,1787,1682,1159,360,519,1223,1593,1547,1108,389,390,1048,1382,1358,965,387,288,847,1156,1146,838,358,215,674,927,19,3,1,2,8,4,19,4,2,2,2,14,4,0,1,3,2,6,5,3,0,1,0,0,2,5,0,3,2,5,0,6,2,2,2,0,8,4,3,4,1,4,3,2,0,2,1,0,0,2,1,1,0,0,1,1,1,0,1,1,2,1,3,1,1,1,1,0,1,2,0,3,1,2,1,0,1,0,1,2,0,4,2,0,2,3,9,4,3,2,1,5,3,2,2,3,1,0,0,0,3,0,1,0,0,1,0,3,0,3,0,3,1,4,0,4,0,1,0,0,3,0,0,1,0,0,0,3,4,1,1,4,0,0,5,3,0,1,2,8,9,6,2,0,0,1,7,9,2,8,0,8,1,1,4,1,5,1,5,3,1,3,11,4,5,9,9,2,2,12,7,8,2,1,11,7,4,5,1,2,2,14,4,5,8,2,2,4,3,0,2,3,2,2,8
34,4,16,17,82,61,532,621,620,503,310,51,233,506,734,900,989,978,902,760,585,382,165,45,216,352,399,375,259,75,146,369,171,673,701,625,447,187,127,462,783,1068,1286,1439,1500,1478,1384,1232,1049,839,641,456,315,225,183,195,249,340,447,185,66,35,89,87,117,55,21,36,96,19,561,802,1010,1158,1237,1238,1156,1006,810,589,367,166,6,91,118,63,59,248,471,717,934,1117,1233,1265,1212,1073,13,642,411,200,43,25,11,103,299,552,817,1073,1267,1372,1366,1254,1056,797,538,323,185,150,218,350,507,644,715,43,39,64,2,3,23,67,31,9,15,40,40,128,227,297,330,310,244,151,48,41,104,135,141,143,141,150,178,218,270,327,381,419,432,422,378,294,77,53,91,243,372,472,516,517,469,386,286,195,118,74,58,80,111,165,221,277,331,372,397,407,374,302,196,142,0,115,117,44,71,318,82,13,15,90,279,212,136,61,19,4,4,39,108,199,302,385,439,446,412,329,214,88,30,135,205,240,242,228,202,156,10,60,9,61,127,183,225,251,242,205,129,17,101,218,323,390,413,403,337,248,144,34,58,130,180,212,247,47,88,32,80,41
78,196,457,101,45,417,491,180,488,9,990,369,375,649,363,333,244,324,520,358,262,626,286,171,549,54,442,407,387,181,199,61,480,182,512,525,952,349,646,448,864,686,896,98,666,470,281,254,255,244,484,575,191,157,239,442,86,599,105,109,538,182,19,46,75,60,272,463,400,26,931,49,519,577,472,177,32,50,100,434,344,145,948,964,127,832,532,404,306,349,596,344,77,339,693,759,448,304,615,605,127,244,85,99,36,493,305,188,1,473,781,57,715,507,199,386,351,10,482,614,168,694,583,106,1,533,88,192,165,61,64,77,403,113,171,25,221,163,13,198,511,1,1,125,243,138,187,7,427,812,386,357,549,450,824,18,195,140,174,177,104,948,1038,507,348,77,73,171,243,253,84,223,463,441,165,75,406,15,411,376,22,292,141,212,103,313,271,60,501,491,682,248,694,186,15,396,113,147,810,144,420,691,515,151,202,466,230,130,886,293,906,820,1237,720,82,210,87,60,549,600,30,333,620,245,474,496,472,67,223,12,518,833,372,562,1081,372,750,142,118,285,785,75,821,116,1198,452,860,387,340,911,531,1380,341,300,52,87
177,535,317,634,87,738,776,60,389,3,291,182,891,742,149,660,179,103,350,970,583,585,978,413,6,189,604,90,904,1161,361,569,160,394,317,1183,956,407,993,281,269,253,872,397,889,1156,141,500,155,754,180,1149,900,420,828,110,462,364,1207,279,890,848,119,510,363,805,131,1113,657,556,651,374,576,325,941,206,884,567,579,677,392,675,294,881,74,749,382,608,512,568,576,405,837,67,757,115,617,218,617,326,667,457,421,572,182,487,182,524,220,594,35,504,66,253,50,215,40,380,90,281,60,30,54,125,59,98,64,70,92,151,36,371,5,215,64,89,10,299,187,292,349,121,154,276,342,310,653,23,603,141,402,11,610,186,708,629,281,523,183,426,433,855,44,874,368,323,192,640,374,643,980,92,694,82,529,40,952,707,436,807,113,315,165,624,138,698,864,66,381,60,295,114,775,544,227,615,200,250,61,557,358,353,571,145,313,8,459,156,349,546,72,178,103,281,117,413,550,151,299,287,123,35,562,743,27,696,586,9,128,506,511,330,1032,583,233,178,480,236,822,1095,156,655,221,367,74,899,756,247,830,192,230,174,771,390,543,1
32,250,597,969,327,570,490,689,198,480,528,1,39,538,459,402,192,585,197,227,184,237,51,160,15,756,167,268,19,172,285,244,1128,412,619,306,339,306,1143,552,19,722,784,1060,127,199,165,744,151,317,366,1098,614,643,295,362,168,251,211,416,597,493,101,13,338,99,241,268,563,430,236,611,622,270,838,148,462,446,11,377,382,109,200,361,98,349,292,239,375,59,589,512,358,935,527,527,135,673,391,1191,943,87,968,893,118,633,627,312,32,146,86,54,155,208,117,429,535,270,481,708,261,423,590,45,12,18,217,15,282,61,458,73,307,144,186,234,94,25,304,217,72,172,53,394,67,667,341,281,231,13,56,153,143,164,165,68,168,389,816,796,347,407,304,213,524,236,275,862,131,421,328,289,532,364,329,196,50,219,567,412,517,477,28,318,202,105,508,75,200,142,234,1021,779,35,37,765,687,529,127,461,154,174,286,358,566,112,123,118,792,1129,227,418,249,180,1003,1088,521,405,632,209,682,758,143,434,414,766,216,458,1277,392,869,461,47,94,426,45,272,528,637,132,459,338,349,354,179,497,469,182,81,636,569,1064,640,1181,253,146
5,56,40,22,402,519,486,291,95,572,583,0,575,639,166,366,492,158,66,60,111,353,706,313,552,965,510,378,863,512,220,393,180,99,382,563,66,871,857,40,889,872,5,659,420,186,176,284,292,320,684,274,466,754,322,489,828,229,716,146,271,116,511,245,294,118,56,42,128,21,158,717,280,569,667,89,631,238,458,417,290,603,63,571,469,202,568,168,389,334,223,488,31,571,438,301,485,89,468,227,328,255,323,464,92,583,297,340,517,14,462,177,350,255,242,276,173,242,130,262,82,297,51,23,19,62,52,58,115,138,13,43,39,147,136,84,122,137,75,171,29,111,49,91,20,198,168,216,401,48,379,310,129,276,29,168,22,229,126,320,292,85,619,405,329,622,149,392,327,159,304,91,393,93,405,437,41,487,431,113,518,316,256,448,55,333,313,87,120,40,203,206,13,120,114,81,163,304,499,354,49,166,64,19,15,17,46,68,90,221,68,241,245,76,287,86,187,154,155,335,82,381,512,16,250,472,13,337,236,50,70,180,11,400,583,179,467,736,353,305,626,351,129,271,98,16,135,139,174,426,138,37,3,362,99,160
57,202,64,493,477,197,591,152,421,98,141,151,254,54,494,230,964,769,745,1542,44,1529,756,734,1208,32,687,730,163,343,48,11,180,172,380,187,956,233,943,584,523,540,442,638,360,527,475,473,599,813,382,707,89,505,123,230,85,202,299,405,190,113,649,747,573,451,233,467,67,76,198,118,529,351,199,45,759,166,275,646,493,571,211,455,791,685,370,21,385,727,507,727,222,533,601,15,23,233,339,387,345,753,547,281,110,121,504,88,227,745,253,419,263,73,247,203,705,265,31,461,425,85,15,45,311,227,97,181,203,321,18,215,577,33,235,163,136,474,217,157,299,193,93,713,155,701,685,115,186,425,545,49,0,529,37,116,749,305,795,581,519,157,74,737,203,68,201,175,323,76,560,1079,377,535,180,31,34,167,346,460,261,683,803,223,36,286,669,25,275,461,421,509,53,229,523,97,84,817,393,261,315,869,385,380,1,229,203,167,299,405,241,725,725,101,254,41,305,240,473,517,913,287,676,347,279,725,849,1011,423,571,977,355,597,1145,394,269,286,219,221,3,334,405,681,401,121,953,121,159,36,195,329,167,339,261,194,216
18,3,4,11,40,53,738,682,375,95,552,825,837,591,199,254,616,817,813,656,374,84,126,183,21,270,605,826,814,561,127,352,17,803,667,306,154,596,862,790,423,156,801,1277,1494,1413,1091,672,254,66,275,335,261,97,10,37,58,251,505,14,6,85,54,56,30,59,8,47,48,21,22,26,79,4,30,17,0,37,34,2,5,24,10,1,27,54,10,62,78,0,18,33,18,46,29,45,13,21,7,24,37,13,9,64,31,16,7,42,29,5,64,53,7,19,53,40,53,47,30,34,7,8,4,23,15,7,10,21,20,19,1,0,20,15,14,18,6,4,20,21,20,56,56,10,11,8,5,10,88,53,12,3,4,39,11,8,23,21,55,18,28,40,3,46,38,34,11,2,13,0,58,34,2,8,71,5,8,39,40,15,21,40,58,36,92,18,27,2,19,38,57,13,34,7,15,78,67,70,30,14,15,9,7,21,44,86,34,8,3,39,48,27,10,3,20,77,10,16,37,18,23,28,22,70,3,109,17,22,62,82,10,10,27,11,39,3,91,33,30,17,51,61,3,22,35,12,49,44,20,19,24,0,20,38,6,3
20,9,138,8,166,141,694,663,520,297,10,301,585,815,959,1031,1010,908,748,553,341,135,39,167,215,174,47,161,418,674,899,1025,18,941,729,424,73,290,635,914,1116,1216,1213,1115,947,721,487,268,81,45,100,98,38,84,233,393,553,678,766,2,37,170,83,39,11,21,79,55,105,12,169,57,111,322,573,831,1080,1267,1388,1401,1305,1125,864,580,297,49,144,260,309,277,178,18,177,378,560,686,75,668,525,296,41,209,428,573,605,523,333,58,258,562,808,950,977,886,711,504,312,177,133,173,286,440,596,2,92,51,18,6,46,22,0,33,14,47,228,251,224,163,68,51,169,274,355,397,407,396,372,348,332,337,356,371,381,366,317,233,118,7,140,248,28,371,370,317,226,107,27,153,259,330,368,351,304,234,155,72,18,5,6,54,131,230,323,405,455,474,467,37,92,24,28,1,49,56,95,115,48,28,465,441,386,304,207,125,69,47,66,108,178,252,318,367,393,370,316,214,94,38,172,280,351,391,393,357,124,250,183,110,37,23,75,109,109,87,29,56,146,232,319,380,396,380,319,226,123,17,80,138,161,142,110,30,48,25,91,63
25,16,28,36,66,108,609,563,406,222,102,3,69,149,233,333,380,349,206,33,303,529,618,472,175,262,647,869,814,470,58,587,27,1024,805,345,237,720,973,927,573,33,486,805,800,453,91,654,1007,984,512,241,1062,1633,1688,1196,274,817,1720,91,43,12,8,35,2,20,9,11,9,66,11,10,37,40,28,23,4,62,112,17,42,41,35,35,2,23,82,27,8,20,49,15,21,37,23,35,7,33,14,18,1,7,4,70,80,54,0,17,51,33,35,21,6,2,37,19,23,23,29,16,26,26,2,3,21,7,8,25,12,27,16,17,8,19,17,14,5,39,31,57,26,22,34,0,4,5,69,6,44,13,24,36,7,10,37,11,6,49,31,18,27,56,35,11,7,2,37,47,35,12,11,49,36,10,40,47,56,51,17,30,16,24,38,2,28,20,44,64,8,44,4,21,4,26,23,4,68,14,11,53,34,30,9,35,20,6,4,89,70,14,30,51,25,2,18,22,40,103,18,67,15,14,54,26,56,17,30,28,23,51,29,12,26,42,7,83,75,30,33,68,36,70,2,94,82,7,54,53,63,0,22,0,36,67,29,36
249,146,131,212,428,609,707,647,404,361,116,870,481,606,724,629,606,375,170,165,284,428,650,619,674,377,120,84,531,794,870,891,601,519,143,379,699,873,935,271,558,236,133,522,788,991,998,769,351,97,260,655,836,922,1000,818,410,95,395,711,811,890,784,502,207,284,312,764,875,827,530,264,115,557,778,149,837,607,85,263,660,956,953,721,440,204,288,674,684,673,539,231,135,402,687,761,726,473,35,321,553,687,829,595,190,216,629,889,897,551,249,89,497,685,767,676,237,65,154,365,344,330,104,7,21,35,57,5,27,2,8,33,4,26,29,26,24,64,29,66,26,101,191,197,252,294,47,47,197,389,359,312,279,154,250,308,352,322,369,317,53,180,347,335,266,67,190,488,517,510,357,116,158,488,453,517,403,278,81,59,409,192,513,329,206,56,266,524,536,626,506,250,23,296,481,620,669,460,494,18,149,375,801,850,845,469,108,120,594,844,906,741,332,277,192,599,571,1121,630,404,30,164,615,711,606,531,1,369,573,764,620,527,257,24,307,657,635,573,425,208,199,326,524,403,204,548,220,438,618,528,338,94,240,412,454,73
14,1,123,14,158,63,61,23,18,89,76,147,5,56,64,63,233,20,33,156,141,93,14,122,108,73,100,51,44,14,47,198,53,194,91,5,136,63,61,102,13,66,76,86,80,103,56,23,111,132,18,42,12,68,2,148,19,52,22,292,76,80,17,134,20,63,14,60,5,128,30,43,28,4,62,23,76,21,69,47,47,77,80,70,18,16,23,161,25,54,83,153,68,84,26,81,21,71,4,82,60,24,31,68,16,25,114,21,33,18,1,54,46,14,27,53,13,30,88,63,44,5,49,17,21,14,22,12,1,29,4,38,21,18,90,23,43,179,288,196,127,409,301,133,502,404,127,621,598,24,529,574,232,168,338,214,70,191,54,120,85,175,62,209,407,450,26,590,860,389,531,1114,872,54,792,1120,819,48,643,899,606,90,243,155,89,71,308,55,72,121,54,104,88,10,71,18,110,61,5,63,35,192,60,28,121,151,4,5,7,97,130,53,30,10,132,89,65,112,151,122,3,31,4,61,35,162,14,18,9,33,47,26,13,71,68,167,168,54,73,89,185,0,6,28,21,62,125,269,73,49,11,52,4,37,85,29
4,23,30,94,25,40,44,31,93,13,41,40,0,0,6,33,4,3,16,61,18,12,28,22,57,27,56,75,14,19,66,40,35,49,0,66,9,18,0,3,44,32,37,30,35,44,9,112,98,28,4,86,28,5,22,3,1,71,7,23,91,7,11,16,42,34,0,65,37,31,399,275,24,393,732,939,974,863,638,353,93,70,118,17,211,530,862,1100,1177,1056,769,361,63,436,721,859,22,718,498,236,18,207,268,207,61,134,310,431,441,376,264,154,81,51,99,175,256,302,264,157,14,182,313,2,4,8,9,5,2,17,9,18,22,7,7,13,9,33,4,2,51,30,35,31,6,8,25,49,47,21,28,0,2,19,7,9,21,12,39,60,15,65,26,25,1,76,27,34,38,69,9,31,45,88,53,11,49,15,26,20,26,2,48,23,41,17,23,32,70,34,26,28,8,4,24,16,25,18,44,87,5,47,21,10,92,52,4,28,21,87,38,0,28,4,30,46,44,9,45,40,28,57,121,42,25,19,52,90,6,7,51,7,24,37,1,0,0,31,11,14,49,31,37,65,54,30,49,12,33,26,14,159,51,8,12,35
143,8,14,21,172,502,799,1063,1218,1283,1233,1080,828,495,100,323,730,1091,1358,1518,1562,1458,1219,868,413,82,607,1091,1483,1750,1867,1811,16,1191,671,109,447,954,1339,1601,1685,1626,1410,1085,664,194,279,720,1056,1267,1337,1303,1127,871,551,189,173,495,742,901,968,22,14,12,18,24,24,18,20,11,11,17,3,14,11,9,9,1,14,0,2,2,2,6,1,2,3,1,6,6,0,4,3,5,2,1,3,2,1,2,4,6,1,1,3,2,0,8,5,1,2,1,1,1,0,3,2,2,0,2,0,1,2,3,2,2,1,4,3,1,2,1,1,2,2,2,4,1,1,1,0,4,3,2,3,2,1,3,2,2,4,1,1,1,4,0,0,1,3,0,4,1,0,2,2,8,0,2,2,3,1,2,2,0,0,6,2,1,2,3,6,5,1,0,3,0,0,0,1,1,1,2,1,0,6,2,2,6,0,4,5,4,10,1,10,4,4,0,6,0,1,0,2,2,0,8,5,6,0,3,3,5,11,6,2,6,4,3,2,3,4,2,8,9,5,11,7,0,3,1,0,2,7,10,1,14,7,8,0,0,0,0,5,5,27,56
31,54,54,45,39,104,636,577,71,661,519,252,885,685,204,960,900,138,636,773,321,212,322,21,215,15,500,633,98,682,952,394,57,804,352,360,542,34,716,715,138,1113,1264,369,879,1485,1023,60,903,1013,524,25,270,254,228,367,504,344,210,13,29,53,93,20,68,60,49,52,97,18,305,853,824,2,1059,1512,866,443,1427,1333,350,653,918,455,64,103,200,260,228,873,950,191,833,1271,771,198,13,744,243,81,18,79,214,758,897,204,926,1472,840,485,1343,1054,43,706,685,238,30,23,102,399,547,164,528,64,31,3,50,33,38,13,8,14,36,2,137,24,223,277,15,312,371,97,259,384,211,92,292,302,160,61,273,360,222,96,371,366,60,283,328,50,171,294,43,391,374,25,455,499,112,333,462,218,121,246,128,5,26,92,22,205,348,172,221,471,323,103,416,66,143,68,60,11,27,96,37,141,106,126,14,352,385,128,141,189,69,17,117,198,57,244,430,272,125,395,290,50,246,96,216,306,10,426,565,249,10,672,561,86,388,542,364,56,178,244,193,123,102,82,49,267,395,232,135,411,349,21,255,217,53,244,131,111,27,44,32,80
12,1,6,4,8,3,709,1097,934,254,553,1178,1367,1065,441,248,795,1009,832,362,127,426,338,98,668,1047,1027,539,214,953,1408,1389,3,143,607,1074,1064,564,239,995,1316,1065,341,546,1248,1502,1230,610,91,634,852,692,266,193,466,368,74,640,1024,1,8,1,2,0,2,1,6,1,3,4,0,0,3,1,0,2,3,1,0,3,0,4,1,2,1,0,2,0,2,1,0,0,4,2,0,0,3,3,2,2,0,0,0,1,1,0,0,1,1,3,4,0,1,2,1,2,3,1,2,0,1,0,1,2,0,0,2,2,2,1,1,1,0,0,0,0,1,0,0,0,1,1,0,1,2,0,1,0,0,0,0,2,1,1,0,1,0,0,1,1,0,1,0,1,2,1,3,0,0,0,0,1,1,1,0,0,0,1,2,1,2,1,1,1,1,0,3,1,0,1,0,1,0,0,0,0,2,1,0,0,3,4,5,2,1,0,0,0,0,2,2,2,0,2,1,2,0,3,5,2,3,6,8,6,0,1,2,3,2,2,5,3,0,3,3,5,1,3,0,2,0,0,5,1,2,0,1,0,0,2,1,1,0,3,1,2
25,24,27,14,757,77,1348,593,456,335,343,246,712,1154,220,1132,1493,601,711,1471,1060,176,1047,735,3,2,414,51,1111,1394,31,1554,69,353,1081,1296,497,334,473,177,83,373,641,33,1300,1576,50,1887,1740,249,1649,1077,309,816,369,274,290,298,730,184,365,206,97,439,149,347,1,249,311,469,448,1014,213,1118,208,1290,1192,498,1653,756,1011,1418,142,1105,849,391,895,93,720,320,588,727,310,1107,487,850,580,81,1064,765,524,917,98,889,214,847,638,566,911,142,940,259,797,589,453,785,5,582,224,267,105,246,4,50,65,116,145,102,141,67,9,257,373,0,144,282,144,179,374,450,254,731,242,512,426,179,274,203,267,367,656,45,867,685,376,1052,463,701,970,30,242,518,444,713,92,640,105,657,457,630,1040,22,1164,997,299,1097,587,289,498,97,157,18,403,580,124,1289,1329,520,233,771,123,193,203,4,305,129,233,711,1715,369,721,749,503,67,599,721,106,667,118,640,280,624,774,74,773,842,178,707,1172,507,773,1117,253,469,96,244,207,968,658,698,1550,908,569,1362,899,176,718,433,17,25,386,258,549,1155,628,689,1391,732,565,1099,358,539,103,245,215,92
152,435,18,501,1060,954,273,278,401,1,275,56,841,1158,928,310,17,237,771,684,218,795,1060,609,160,231,800,1343,1115,147,588,728,6,317,113,1211,1659,1138,22,471,175,767,673,165,1215,1135,345,175,13,725,1036,426,633,929,444,273,357,402,1198,875,44,769,493,155,573,74,938,1239,437,416,586,112,724,416,586,1156,786,262,562,35,769,811,130,886,779,135,682,359,513,828,128,747,771,142,810,500,303,678,5,763,714,230,773,395,376,452,255,717,471,328,590,183,278,104,415,544,6,401,212,156,127,265,285,477,212,230,46,13,189,189,157,137,28,198,193,103,218,167,367,25,439,381,106,294,55,469,320,256,668,348,239,298,320,671,276,380,754,413,240,225,365,812,464,314,791,517,162,285,312,992,828,47,784,619,131,454,80,951,1107,431,391,440,71,502,287,480,947,688,12,349,104,544,550,175,454,611,237,164,141,238,629,649,105,309,198,118,369,226,296,582,528,87,221,20,439,585,415,208,537,295,76,166,292,981,1009,488,154,252,68,342,284,490,1036,870,359,58,178,701,877,289,461,790,426,73,93,503,1063,1007,325,196,146,264,522,178,598,494
59,114,309,98,216,75,25,19,5,78,61,193,38,331,21,27,41,132,184,50,12,189,40,60,109,22,5,106,386,133,81,72,286,45,174,405,254,223,138,120,224,135,185,69,224,18,28,197,455,230,241,188,97,226,18,175,225,265,71,27,177,63,46,218,185,171,23,122,192,214,128,102,81,413,272,228,38,404,19,99,83,82,132,270,80,5,118,334,60,28,7,16,218,51,8,47,78,123,150,115,55,84,5,165,103,99,33,19,132,165,35,120,88,44,16,41,35,66,130,126,138,77,75,143,104,33,131,37,3,76,119,4,44,25,51,279,363,222,6,145,222,238,237,194,6,350,681,684,211,489,968,969,415,190,766,879,502,96,409,329,118,204,185,182,620,690,232,590,1205,1095,369,508,909,682,252,22,94,201,23,491,983,1010,369,513,1103,1070,584,126,77,48,151,29,240,95,154,96,91,11,350,282,252,119,153,170,258,78,254,41,202,93,128,96,41,114,90,112,98,83,25,209,123,134,124,140,36,48,39,175,86,153,24,138,64,60,116,97,166,182,47,228,131,33,415,223,221,145,72,51,33,452,185,133,47,9,142,26
95,21,19,549,507,337,466,577,372,334,133,146,33,388,387,359,375,98,597,204,681,598,197,444,421,439,340,61,325,342,71,535,215,53,646,352,390,508,34,666,668,196,865,134,732,346,320,735,288,816,741,517,903,4,819,165,701,231,493,500,402,42,482,213,671,257,330,185,171,907,518,441,162,317,737,486,459,318,350,303,136,396,682,273,173,185,490,179,40,45,410,136,11,666,994,399,562,770,148,232,723,59,5,95,647,171,351,535,195,35,694,11,250,33,383,687,49,160,43,133,361,193,335,196,49,196,195,137,130,153,180,43,111,138,92,325,144,82,310,293,60,139,39,362,30,133,70,207,320,84,422,213,188,355,89,428,359,129,149,180,382,116,508,533,32,419,966,369,95,854,666,11,122,765,690,681,284,456,1,276,754,1048,148,477,329,366,129,557,297,327,204,167,25,1718,149,301,1,92,781,129,214,1063,318,630,490,23,626,907,88,517,297,53,469,440,25,119,501,60,171,290,231,644,470,363,366,363,262,706,67,138,179,472,1161,469,734,438,765,180,430,282,1178,491,59,239,579,310,792,216,19,259,729,30,261,1057,96,282
34,51,5,62,77,20,575,372,110,188,469,716,890,990,1017,974,876,723,552,378,200,41,91,194,254,255,197,83,94,294,506,685,17,826,761,634,447,231,17,291,579,848,1113,1325,1457,1498,1441,1320,1155,969,781,595,399,193,5,139,182,102,96,18,58,4,151,42,133,8,154,96,113,97,158,274,458,687,915,1116,1257,1328,1345,1308,1230,1103,911,663,366,45,249,495,656,724,727,680,598,499,396,272,66,28,53,77,23,118,334,607,881,1134,1325,1437,1453,1375,1224,1014,775,541,337,193,131,165,271,425,586,713,769,10,7,18,34,11,23,34,5,42,68,59,74,35,154,259,351,407,421,396,342,263,186,137,110,121,135,159,188,200,182,138,70,10,105,185,265,310,5,348,338,316,259,183,74,54,187,297,365,369,314,216,106,1,86,140,165,176,173,145,109,59,2,80,175,88,41,76,34,104,213,141,2,70,24,47,24,47,90,120,133,136,124,85,21,56,156,238,309,353,347,310,237,137,16,98,203,287,332,352,346,322,167,301,285,276,248,198,159,102,56,34,39,70,130,192,259,320,354,381,385,376,356,319,267,191,92,6,103,109,115,24,74,86
35,38,26,66,28,90,321,53,2,135,21,59,61,140,37,114,108,59,248,44,205,6,80,257,57,131,101,97,13,342,59,169,90,73,41,57,47,70,221,113,69,75,60,44,122,45,27,96,224,85,34,148,246,170,181,101,133,198,49,174,193,92,82,191,7,87,119,232,81,84,371,203,21,19,168,78,16,177,133,53,314,91,35,138,236,168,246,170,326,195,524,211,171,224,87,138,164,3,198,4,90,107,165,42,132,43,34,34,85,158,153,44,271,22,60,47,24,61,72,113,99,4,152,112,13,74,54,77,7,4,7,1,78,107,18,48,117,194,321,452,582,687,733,686,555,353,88,160,379,483,531,499,423,304,205,197,169,183,246,246,80,271,248,245,246,219,235,283,366,463,587,693,799,843,853,786,690,558,370,165,37,248,464,665,790,872,883,16,75,36,157,169,104,7,118,34,93,298,23,41,29,35,44,125,212,24,203,11,176,111,167,17,287,107,8,30,223,63,56,212,151,31,113,242,225,18,158,78,359,92,54,57,65,75,29,436,54,35,203,254,126,66,26,108,82,52,39,217,88,216,174,166,155,56,47,67
87,163,164,419,517,753,114,409,457,146,309,300,89,639,534,346,821,997,1611,67,122,78,111,583,35,307,138,167,561,485,435,22,776,433,1039,371,227,202,1191,284,81,557,709,495,163,241,39,422,333,861,485,289,987,227,199,515,499,231,171,192,69,96,55,889,421,28,219,579,809,499,842,787,369,989,833,131,651,556,424,125,654,449,83,426,491,59,438,287,57,592,617,210,721,585,114,803,765,290,673,1317,906,225,926,913,361,186,422,289,37,127,11,245,148,95,340,518,301,227,710,733,71,568,594,37,315,321,6,223,135,2,30,301,69,192,12,461,249,371,227,28,495,182,205,289,88,170,265,470,165,555,65,160,231,29,365,213,605,185,233,615,763,405,235,159,122,901,117,42,877,477,951,119,397,685,253,741,71,203,160,599,291,322,587,539,595,55,78,183,269,299,86,915,41,507,259,28,629,299,58,869,146,413,297,1171,7,837,171,1155,421,187,672,266,981,809,421,81,397,369,527,235,48,1017,517,115,485,677,835,671,491,232,575,617,67,325,1031,573,138,195,1043,471,1089,345,1023,907,353,53,569,291,18,827,453,71,135,197,259,202
51,102,247,144,64,817,549,329,393,19,346,206,522,203,712,73,1126,476,1282,1108,711,1324,174,1218,591,707,668,143,545,58,103,123,1122,400,252,730,54,889,195,986,458,613,458,576,167,595,49,828,66,802,112,845,231,379,161,166,107,255,266,769,63,396,241,139,590,70,819,358,148,680,268,969,497,113,319,440,410,14,254,682,16,237,972,174,668,862,738,263,743,484,157,511,6,564,286,485,271,306,639,324,334,249,689,101,468,252,47,532,234,82,130,630,483,490,258,134,252,270,277,222,258,7,104,7,182,56,316,202,224,299,54,11,202,104,224,13,566,23,266,174,70,303,463,171,269,289,578,181,320,272,501,431,704,570,496,135,453,420,464,311,711,604,232,595,544,149,320,476,42,323,255,435,716,785,397,441,775,991,64,479,5,41,481,487,614,5,33,579,241,807,308,742,650,893,78,320,480,40,147,396,106,393,273,427,466,757,497,1205,204,92,743,334,245,194,180,148,331,358,587,526,280,53,232,851,389,123,633,150,321,1012,407,604,8,342,632,481,119,416,19,327,592,702,830,977,495,435,651,396,952,561,1192,1,208,625,511,217
61,355,425,90,282,79,998,537,205,383,966,632,355,785,296,146,83,125,5,501,674,24,936,1117,108,1082,1173,117,946,828,218,541,368,644,152,1117,857,431,1445,1126,301,1481,1088,323,1033,407,314,135,323,88,561,652,48,804,866,212,783,1466,652,9,209,176,61,314,428,156,144,191,452,2,698,789,1059,51,830,550,347,616,45,659,271,620,713,192,921,458,607,904,35,757,533,360,643,54,491,304,214,475,53,575,270,509,561,275,732,90,703,454,415,644,39,563,207,367,242,270,221,276,319,254,472,61,568,71,63,174,6,147,7,127,91,111,96,123,368,74,408,0,419,126,339,201,280,321,168,437,37,469,296,353,523,22,437,228,149,235,74,196,110,480,299,471,778,186,659,741,0,579,331,261,281,213,373,127,602,407,404,932,400,754,1035,32,889,556,230,292,33,394,54,547,537,18,424,57,153,455,12,663,316,135,219,180,178,234,19,257,275,92,276,436,106,306,273,35,19,64,48,179,383,432,117,926,863,227,109,726,21,463,437,201,9,20,50,247,662,551,296,1059,828,344,1080,503,377,435,64,130,197,392,77,575,806,466,311,61,415,19
19,8,5,33,104,87,504,973,466,530,1028,551,520,1219,982,17,978,1219,631,231,726,597,88,186,82,595,617,78,977,1278,622,529,104,848,108,777,560,341,1089,807,433,1660,1786,612,968,1856,1574,480,609,1119,976,441,47,72,78,312,718,994,774,16,51,5,18,7,80,49,11,53,94,49,19,112,4,23,40,53,59,5,44,23,7,88,33,64,68,26,15,42,68,67,50,35,42,12,35,29,16,44,7,37,29,59,14,4,22,9,42,40,16,8,105,16,5,18,47,1,7,68,32,53,2,21,32,46,0,12,18,15,4,15,0,30,33,43,22,25,2,4,1,9,40,26,33,44,37,4,4,15,71,50,29,28,4,46,36,12,35,23,75,15,23,15,61,25,74,51,70,25,7,37,49,5,29,36,67,78,50,4,87,82,33,28,15,1,30,19,29,12,4,127,71,1,33,25,2,59,78,63,54,8,71,56,6,89,8,43,36,113,42,33,63,151,29,98,75,66,57,56,26,21,20,22,35,16,12,70,82,118,87,2,22,12,28,1,104,61,75,80,15,56,47,8,68,33,18,60,19,16,42,80,57,15,30,14,26,14
37,5,12,13,144,632,1147,1160,660,155,935,1329,1127,428,506,1257,1447,999,74,927,1519,1469,742,350,1313,1723,1352,361,855,1697,1783,1066,25,1349,1863,1536,535,692,1560,1687,1064,21,1090,1587,1354,524,515,1283,1411,917,27,846,1258,1102,454,378,960,1087,704,49,611,11,13,2,8,4,24,7,7,13,9,0,10,10,0,4,4,4,8,2,0,1,8,2,0,2,6,3,5,0,0,5,4,2,2,2,2,2,5,1,1,1,0,3,1,0,1,3,3,1,3,0,6,2,5,0,2,2,0,3,1,1,2,1,0,1,0,1,1,0,0,1,0,6,0,3,4,4,1,1,2,6,0,1,0,2,0,3,0,3,0,3,0,0,8,0,0,1,4,3,1,5,1,1,1,0,2,0,2,0,2,2,2,0,1,1,1,1,2,1,0,4,1,3,3,7,1,3,5,1,2,3,5,0,1,0,14,4,6,6,10,2,4,9,9,2,0,3,4,3,2,7,2,1,7,4,1,11,1,3,3,8,10,2,1,2,10,7,3,9,7,6,6,4,5,14,8,4,3,9,6,2,2,3,0,14,7,4,2,4,7,3,6,4,5,12
45,30,45,100,97,98,538,589,572,519,404,257,74,110,281,431,532,600,613,574,488,371,210,23,178,394,599,777,917,996,1006,938,37,607,369,97,176,448,702,918,1084,1207,1273,1294,1258,1184,1082,962,824,693,562,439,339,270,206,160,138,116,95,11,149,26,238,146,9,85,163,118,7,82,281,428,594,770,937,1085,1195,1264,1289,1254,1165,1025,829,598,337,60,210,463,682,855,973,1038,1046,996,919,803,153,515,375,259,169,137,159,236,362,531,715,893,1050,1151,1188,1159,1057,905,716,512,331,195,111,88,120,192,283,81,2,53,18,47,22,34,40,11,27,78,175,143,82,0,92,185,259,324,370,392,397,387,370,357,344,349,356,370,402,423,448,455,441,397,333,252,43,40,76,192,288,371,428,465,463,450,409,347,281,214,159,113,83,80,87,108,153,189,243,285,325,344,367,26,38,136,145,3,3,100,72,74,61,3,117,177,219,234,216,166,91,0,89,183,261,315,339,347,326,282,202,118,22,88,182,277,347,395,424,437,112,422,407,393,373,353,331,302,268,226,184,152,116,88,85,86,119,156,202,250,285,299,296,265,219,162,107,36,30,40,52,38
29,28,15,22,27,35,606,609,530,421,324,256,199,126,63,33,162,297,424,504,522,447,263,11,317,606,786,827,674,411,6,403,30,983,1013,864,553,140,292,655,872,883,709,377,41,463,766,879,743,370,168,771,1282,1577,1543,1178,526,304,1122,4,51,42,66,120,49,14,43,46,17,26,33,58,89,33,0,33,13,18,18,10,3,70,28,36,76,37,7,41,30,28,26,0,10,36,23,57,37,20,9,18,37,2,44,37,18,101,18,19,32,29,9,54,14,2,21,58,18,18,9,23,4,16,41,2,10,9,13,4,5,1,9,7,2,7,4,12,11,5,24,11,33,4,34,22,29,19,5,24,2,13,52,5,19,34,34,38,2,19,29,32,1,44,37,41,14,20,33,24,0,8,31,28,5,11,14,29,12,17,13,11,17,28,14,31,4,11,47,7,9,7,8,25,51,32,25,81,92,13,35,38,17,23,40,5,44,3,102,61,31,63,9,83,14,134,52,26,77,54,12,2,41,63,7,68,18,3,11,49,10,11,1,40,41,56,1,45,54,16,18,33,57,52,37,0,60,4,66,54,35,55,40,103,76,32,40,8
1020,491,892,447,163,304,92,650,821,394,414,800,500,45,314,33,744,1171,1040,473,13,52,563,1200,1231,725,45,367,176,434,734,307,559,1169,1153,599,61,6,460,1164,1346,846,74,377,138,557,856,477,532,1158,1041,204,387,240,755,1313,1296,540,123,341,289,837,1066,357,335,775,449,176,602,277,360,940,812,101,533,585,33,648,641,27,746,910,281,410,606,17,689,811,242,564,680,284,474,669,208,592,759,235,587,819,262,419,502,97,712,735,120,508,474,137,424,280,255,543,319,259,369,7,359,183,256,441,129,282,35,192,165,77,9,154,52,64,123,132,159,406,353,71,294,107,366,425,90,463,570,214,298,285,206,591,526,63,473,479,7,320,105,507,988,751,141,315,172,484,899,652,139,691,690,71,405,219,587,1159,1060,472,284,435,90,703,735,179,555,900,644,52,326,13,671,1027,928,416,249,283,130,575,635,340,250,590,306,92,344,241,89,436,555,196,65,169,62,433,632,741,315,44,109,294,618,897,435,47,594,288,112,370,150,452,1018,976,487,74,101,505,1057,1082,784,51,141,76,613,804,498,200,509,555,215,143,214,79,658,888,650,240,154,712
22,18,67,9,23,34,16,28,30,39,170,9,29,46,172,83,20,68,38,14,99,120,174,129,129,120,29,44,49,72,56,92,136,37,70,104,106,17,56,45,44,6,18,2,89,12,0,99,1,18,35,146,131,71,54,99,113,48,54,7,169,13,78,32,4,111,169,43,47,47,10,87,0,75,177,44,132,70,59,6,156,65,183,25,127,136,65,2,108,40,40,214,77,88,71,35,70,36,85,24,75,81,26,4,53,42,43,174,124,76,42,10,5,1,63,26,30,59,9,14,21,14,7,35,8,32,15,4,40,28,33,32,7,30,143,138,171,105,119,340,299,59,406,374,79,485,503,7,547,644,167,315,475,274,9,187,152,38,98,48,70,135,181,159,47,359,537,218,469,921,602,273,1011,1049,408,452,1035,1016,420,315,748,625,234,18,87,306,246,65,65,13,25,9,117,44,12,56,15,64,7,52,11,115,56,65,62,204,87,7,79,195,197,171,33,32,124,83,136,48,9,29,75,12,234,158,41,71,101,59,124,43,31,41,37,177,15,7,126,87,56,30,83,9,90,61,141,6,37,81,40,87,52,7,70,127,30,52
16,2,24,51,33,7,17,16,38,37,37,55,42,12,68,49,0,30,56,85,47,111,48,36,9,44,25,45,70,28,11,21,28,22,53,25,2,113,7,33,20,30,49,76,22,13,18,30,52,17,47,48,46,71,30,16,50,38,41,101,28,4,0,38,21,66,35,35,11,9,439,466,239,170,589,884,998,929,700,409,128,97,128,9,254,591,889,1039,978,712,286,212,652,949,1070,1010,82,504,187,82,244,259,144,72,296,444,495,399,236,52,90,153,127,59,18,68,49,60,220,365,439,409,275,2,7,23,2,18,14,24,9,26,4,2,17,42,5,1,30,18,64,5,15,35,56,50,14,10,18,16,51,5,74,4,0,42,15,38,11,25,21,1,59,77,49,18,26,11,25,7,44,52,49,52,70,14,28,28,62,25,11,42,7,31,45,69,32,25,21,61,66,51,39,68,36,40,44,50,31,52,54,10,30,37,23,16,79,5,26,3,4,49,21,47,11,45,36,11,9,94,80,4,9,61,67,49,77,84,46,18,19,26,4,31,28,25,78,29,16,25,52,11,6,14,40,9,16,0,54,100,77,2,34,1,44,25
35,21,22,41,77,66,716,577,385,144,133,412,673,886,1035,1102,1094,1002,845,639,408,178,32,196,303,333,282,164,15,219,432,617,34,796,765,631,434,163,148,468,782,1059,1290,1436,1519,1513,1437,1302,1129,926,720,528,363,247,150,101,81,95,133,63,41,155,159,97,117,90,74,31,65,56,496,769,1030,1257,1425,1538,1566,1518,1398,1217,994,751,510,291,119,14,28,18,114,265,445,616,774,887,947,930,13,700,491,241,7,263,461,589,616,551,384,147,124,400,620,769,823,771,636,461,272,108,6,31,4,90,205,17,35,45,26,6,4,25,9,19,34,24,89,149,220,283,328,349,338,301,249,182,124,73,44,32,26,32,32,19,13,62,125,201,277,336,378,379,29,289,199,85,46,167,279,373,438,462,458,414,345,267,183,109,64,42,48,78,135,201,275,342,397,436,453,64,80,26,76,34,40,19,104,36,66,132,490,488,446,394,312,231,143,68,15,12,23,0,41,96,160,212,241,251,223,166,75,32,157,273,391,484,48,602,630,625,596,540,478,397,315,244,172,107,68,39,35,55,71,107,155,196,230,250,244,221,172,107,23,141,11,7,74,47
127,78,126,685,788,125,290,1015,564,5,156,407,135,1077,1108,177,1496,1387,105,1286,1092,79,492,313,53,288,660,346,631,1311,949,321,300,1249,331,617,892,661,253,79,425,804,881,273,835,1492,999,396,1498,1341,195,853,1092,680,195,236,838,1316,977,940,682,293,182,219,178,335,87,98,390,352,20,117,575,1072,737,453,1435,1154,127,1166,1057,152,531,564,351,200,2,423,786,592,282,1076,997,23,940,1075,369,436,747,564,176,187,472,583,351,231,705,630,28,542,596,144,334,458,191,153,326,259,3,252,350,172,131,392,469,25,302,122,39,98,102,106,1,220,295,161,81,172,85,53,106,87,25,91,226,151,72,299,265,34,265,243,20,135,119,23,21,52,5,84,146,78,12,88,156,185,120,109,371,413,116,361,610,424,28,497,658,472,5,546,794,519,78,656,770,390,117,361,32,106,570,153,22,54,424,258,697,198,15,661,814,284,563,926,534,278,774,661,218,169,413,593,599,202,527,1065,755,151,833,791,242,228,255,234,110,408,102,495,838,478,346,892,652,55,564,480,104,97,32,6,244,493,290,400,884,540,323,816,394,200,209,125,359,188,361,20
44,44,245,97,308,37,859,3,573,163,597,703,131,1045,1034,100,964,1216,456,617,1008,356,506,603,156,775,435,549,1030,485,454,820,255,269,411,46,369,334,82,457,470,146,139,200,243,392,472,137,507,924,620,201,752,595,85,176,133,189,441,233,281,196,177,409,30,272,456,238,74,185,896,773,148,419,629,396,40,387,443,306,131,43,302,603,702,298,479,1090,989,178,651,868,449,2,41,181,12,851,1073,276,846,1226,590,221,518,446,436,442,22,749,964,316,587,858,360,203,339,170,86,126,101,106,323,67,146,111,105,53,21,28,21,53,65,61,67,185,203,158,31,253,189,192,417,48,528,560,108,696,489,263,661,317,302,501,200,201,306,101,115,151,233,201,146,166,427,241,297,619,271,463,844,361,633,1169,671,524,1328,952,205,1005,799,61,304,83,39,273,573,13,53,289,393,86,84,74,259,212,16,43,139,308,765,875,311,631,1285,1140,307,706,1328,1289,519,646,1413,1153,104,738,643,67,348,199,943,843,241,1419,142,485,922,1432,893,18,387,369,386,619,588,43,867,1072,495,427,864,607,22,426,423,108,155,198,113,68,76,89,162,25,379,23
120,155,26,381,477,653,1671,1164,363,1552,1362,14,1277,1359,240,776,751,63,64,484,622,353,1573,1428,201,1755,1761,374,1038,1240,565,4,1573,16,518,1191,1033,388,1810,1741,39,1583,1650,324,811,810,168,107,214,278,263,1002,879,316,1376,1042,426,1321,535,407,259,415,463,719,324,313,71,76,597,15,1260,796,406,952,415,507,636,132,681,214,678,729,311,1135,558,784,1250,226,1022,931,274,1016,338,728,733,300,450,191,753,539,477,788,104,1041,521,726,1101,152,892,773,199,675,239,291,213,181,110,265,266,244,548,163,522,91,271,259,139,234,197,53,117,6,105,104,267,316,39,403,260,183,300,9,185,22,253,14,453,283,396,721,102,714,779,120,756,445,318,449,174,522,189,874,626,567,1305,621,730,1156,339,630,555,231,441,228,766,230,910,1081,14,1157,1037,145,1066,737,219,734,474,887,196,581,131,323,833,891,561,19,525,547,383,255,207,403,183,281,324,48,471,294,305,612,211,311,505,136,231,194,219,399,16,781,950,163,1074,1475,105,937,1438,650,355,614,271,83,452,557,147,1082,1255,203,1100,1345,330,757,793,73,474,174,713,205,967,1078,286,677,34,199,539,329
7,131,32,58,159,84,34,376,313,193,114,247,510,26,812,625,407,802,94,872,339,550,630,142,138,164,227,71,731,740,330,1231,239,553,822,57,743,506,108,556,638,219,436,760,124,723,672,291,821,199,696,704,82,644,446,132,526,590,242,120,244,471,384,23,75,235,210,486,99,408,351,645,400,440,758,103,993,437,753,769,247,663,67,420,284,68,8,247,404,76,635,350,492,625,114,622,146,134,320,189,89,295,144,302,418,1,263,110,494,201,389,520,111,220,194,18,132,56,115,143,67,212,3,156,88,132,24,48,77,37,39,20,31,33,190,184,41,62,34,80,133,33,117,164,32,102,28,194,240,14,176,161,107,77,11,94,18,107,104,5,227,99,100,357,312,14,118,59,79,103,101,317,92,349,306,180,379,117,578,323,291,517,104,362,419,32,627,70,140,273,265,146,163,227,230,28,137,26,568,342,148,328,114,648,592,94,605,365,262,593,414,89,465,303,263,613,129,589,562,189,546,144,288,204,568,87,263,435,61,615,595,199,604,6,604,399,113,222,74,83,54,217,197,331,669,230,435,438,79,252,74,28,219,115,268,31
176,52,16,7,1158,1181,1112,956,729,431,91,277,650,952,1226,1395,1463,1416,1247,989,631,220,235,705,1123,1458,1676,1763,1731,1540,1223,788,10,276,805,1250,1553,1727,1748,1634,1377,1022,602,133,331,748,1089,1312,1408,1377,1233,992,694,341,29,362,649,856,976,1024,961,51,13,21,5,1,17,4,27,11,8,18,0,16,11,8,6,4,9,0,3,6,0,2,7,12,1,0,11,8,0,4,1,11,2,2,3,0,3,0,4,3,1,3,3,4,0,0,3,2,1,2,0,2,1,0,2,4,3,1,1,0,0,0,1,0,1,0,1,5,0,2,2,0,5,4,1,2,0,3,0,0,1,1,2,5,2,2,0,0,2,0,3,0,0,2,0,1,3,2,6,2,1,0,0,1,0,0,1,6,3,1,0,0,0,3,1,6,2,1,0,1,0,1,3,0,1,1,0,5,4,4,1,4,1,3,3,6,2,6,4,3,5,3,0,9,5,1,7,4,5,1,0,0,6,0,2,10,3,3,5,2,3,0,6,3,6,13,14,7,9,0,1,2,3,13,3,3,6,3,5,0,11,9,10,17,13,6,12,12,19,19,28,27,25,20
33,78,86,293,21,261,274,193,10,116,200,198,96,67,251,32,216,9,247,534,125,123,17,191,44,321,91,244,214,112,220,81,223,24,147,275,40,498,88,103,324,105,278,1,144,214,256,182,23,109,45,215,33,207,134,65,47,22,53,69,100,121,41,276,25,27,62,16,56,86,41,256,221,77,3,117,207,22,153,60,38,97,168,279,123,105,319,82,47,73,121,15,83,95,45,511,90,87,126,159,35,202,72,17,126,111,43,48,268,70,130,18,95,86,51,94,121,77,112,10,86,33,50,46,38,87,14,1,15,21,92,36,44,39,238,347,195,185,331,224,10,128,248,354,237,214,700,665,34,721,996,426,431,915,743,19,622,601,118,250,32,151,210,190,697,581,318,1191,1034,48,1092,1119,271,490,506,161,158,360,263,479,1071,811,181,1190,1169,345,517,257,181,176,79,92,88,153,42,100,276,104,219,245,11,87,159,88,135,225,324,162,10,250,157,1,76,64,86,452,5,258,103,215,26,1,2,146,56,107,109,38,311,14,173,40,26,137,5,178,168,46,17,327,421,78,39,386,163,87,29,322,102,15,363,246,32,76,145,31
80,35,107,81,719,789,409,384,730,331,174,154,264,227,189,66,248,583,406,206,676,763,84,392,489,512,291,41,103,398,418,143,1521,472,427,294,218,299,602,407,12,410,700,732,34,655,1079,653,201,933,1096,291,596,1114,463,241,736,397,25,661,181,25,76,613,953,250,581,575,117,225,887,88,352,981,400,304,927,18,62,585,188,297,793,167,81,607,407,64,727,395,308,31,396,133,352,76,173,277,417,539,274,261,557,265,185,95,175,196,119,193,1,169,51,602,379,356,286,185,20,143,11,209,585,131,43,247,419,14,3,295,285,177,199,229,108,399,697,721,129,319,467,499,53,485,119,197,625,337,921,104,234,123,207,0,107,317,286,269,132,124,141,453,353,111,159,29,427,279,117,169,319,114,105,255,278,115,472,100,355,70,261,315,471,447,423,481,55,809,471,561,342,839,48,649,271,1301,539,333,433,651,144,80,97,302,397,174,81,305,111,161,739,188,443,1225,287,204,32,235,343,491,333,509,539,326,26,849,134,571,1166,243,605,1209,405,481,293,311,58,445,630,146,143,486,181,617,913,93,375,753,677,465,439,473,171,285,14,93
40,25,76,58,40,57,617,597,535,405,229,41,145,335,468,546,627,599,563,516,416,314,216,112,46,146,309,488,621,743,844,916,150,900,805,676,532,372,207,32,79,222,336,425,470,539,519,428,405,278,152,56,67,217,280,372,470,510,566,29,9,44,261,87,14,77,10,159,277,120,115,142,172,190,203,252,288,315,359,358,331,312,240,161,69,16,94,180,233,288,340,376,376,427,421,377,11,295,191,66,61,278,459,635,870,1029,1163,1290,1366,1351,1342,1251,1100,955,748,549,343,150,2,110,164,161,106,19,36,10,35,0,8,12,34,8,26,54,211,191,177,139,97,51,25,70,113,159,167,142,129,75,24,6,37,55,59,45,35,4,5,65,91,147,14,261,345,386,437,439,452,410,374,328,249,226,142,120,81,72,74,95,114,140,181,190,218,225,239,243,262,41,40,125,83,27,77,12,165,113,101,33,532,506,466,394,356,272,214,111,45,43,113,135,175,132,125,48,16,51,112,160,233,256,315,325,380,378,18,441,449,487,468,457,423,387,257,217,94,22,95,185,234,280,265,308,271,244,214,168,116,25,7,91,127,117,90,8,99,87
12,19,16,14,63,78,83,37,11,1,71,31,34,32,38,104,46,57,127,38,7,88,54,36,6,35,41,8,192,102,12,101,37,55,59,89,35,55,21,54,2,1,4,89,61,104,126,95,2,7,28,2,104,55,12,70,55,64,34,65,27,18,26,60,9,82,45,76,12,52,977,1091,1109,1030,856,622,349,58,234,480,694,820,868,793,652,429,153,113,377,599,776,875,888,807,642,416,18,84,297,421,471,445,353,230,74,81,203,284,322,273,180,20,154,312,427,484,460,372,215,43,122,230,240,31,4,14,9,17,5,5,27,19,6,20,11,7,20,28,9,38,6,2,8,23,75,4,49,70,32,37,74,35,24,38,95,17,79,4,39,13,48,109,30,42,6,6,5,66,38,23,34,72,108,3,4,78,39,7,42,31,17,53,80,8,83,10,7,19,42,52,28,75,109,131,29,51,25,26,4,61,62,19,103,43,54,12,59,15,112,53,126,50,22,4,104,28,57,72,83,49,28,21,7,66,132,0,10,93,58,120,60,37,39,30,32,97,153,44,5,5,10,34,34,15,86,71,38,13,31,67,81,64,96,33,4,4
59,561,161,207,400,776,630,257,199,501,299,378,263,317,250,309,608,120,953,137,341,80,277,139,729,47,197,843,1206,893,467,131,984,75,347,127,1064,725,654,1194,35,313,59,345,36,225,289,140,482,766,592,429,500,91,297,529,147,233,158,16,23,390,590,1319,363,397,73,538,990,133,714,1092,584,89,150,366,189,44,10,42,502,227,722,959,57,1016,280,485,68,673,395,170,516,644,218,542,63,345,297,701,288,184,174,120,94,320,190,199,39,620,630,563,591,210,466,14,224,337,32,719,464,594,680,170,57,281,92,306,52,140,49,146,132,262,262,16,14,218,84,363,248,117,210,268,210,245,394,104,546,40,782,165,127,73,376,682,169,86,953,190,695,199,21,383,244,386,648,206,136,430,605,7,15,650,566,503,2,348,33,493,91,311,272,39,339,375,144,391,2,423,385,198,221,582,209,170,168,26,349,141,248,401,64,943,279,513,257,912,218,730,154,770,664,247,307,56,637,1585,407,1125,244,875,1199,384,417,462,318,1171,349,414,54,424,789,463,810,1023,489,105,92,241,158,6,477,585,161,668,302,120,274,660,269,1129,809,222,709,36
983,53,830,795,487,75,134,548,809,564,37,588,490,13,94,204,968,1384,968,383,148,133,697,862,307,471,1039,992,326,32,330,1103,1510,1141,257,511,257,484,784,28,845,1277,899,157,46,473,1208,1265,404,598,825,268,404,304,644,1391,1170,225,539,365,404,881,415,573,1084,637,4,418,50,647,874,403,567,835,479,261,435,112,939,955,290,615,701,99,515,379,344,941,750,140,668,514,230,683,212,706,842,191,660,647,64,527,299,507,817,330,458,564,0,354,123,394,634,215,382,389,110,321,55,485,242,247,383,196,198,335,227,335,253,168,567,203,1,22,363,94,298,289,81,183,153,408,250,302,527,210,200,206,322,671,429,278,723,369,253,219,279,856,755,33,588,442,148,496,13,826,1088,644,170,344,91,684,586,164,878,902,280,173,117,592,965,723,18,510,478,30,452,71,563,933,691,71,333,166,322,594,329,202,573,476,57,333,170,145,547,415,95,267,248,55,360,438,173,226,339,292,19,16,226,771,901,486,62,220,6,498,471,134,849,1024,594,4,23,629,1241,1036,278,478,365,158,429,153,627,1163,1040,415,58,106,585,814,556,56,359,390,126,342
126,109,54,135,102,413,38,123,182,258,313,334,294,258,167,62,58,189,326,419,488,517,496,460,378,267,181,84,6,74,106,140,219,186,169,149,124,47,21,1,3,11,98,230,320,466,608,728,809,853,881,836,787,655,563,439,340,223,194,37,102,470,90,547,124,146,61,109,109,85,472,488,490,486,473,483,457,422,398,374,367,342,353,404,468,526,602,658,686,680,648,535,373,128,139,428,223,961,1116,1203,1199,1122,986,842,684,546,471,443,471,529,590,662,692,677,604,481,339,175,10,104,189,232,225,43,37,74,216,46,56,57,23,77,125,95,70,115,177,239,281,297,277,212,100,45,206,350,452,530,543,516,435,329,227,114,25,23,70,91,93,91,171,99,107,75,42,36,150,300,485,683,858,995,1111,1143,1116,1046,942,811,675,528,402,304,223,173,139,134,130,77,153,40,378,1,26,200,13,656,320,347,452,664,831,1005,1093,1179,1194,1203,1160,1122,1045,966,897,816,764,717,676,601,514,431,272,85,114,343,534,726,99,935,953,879,725,530,270,21,342,588,818,994,1067,1055,998,842,671,481,300,124,37,72,95,75,16,56,145,174,193,303,120,96
127,403,857,16,83,1095,261,731,142,261,511,1193,226,320,891,235,1083,351,326,907,501,313,1425,369,26,501,689,293,557,210,323,273,475,179,561,495,815,229,407,771,194,142,1079,615,823,14,649,135,455,941,613,109,325,86,166,180,179,345,443,277,229,398,102,343,98,637,390,1229,639,255,420,931,424,928,399,902,157,895,64,590,212,310,207,209,78,274,17,505,118,691,173,829,345,875,476,827,347,787,930,484,1016,257,1081,50,935,124,545,169,340,165,286,75,335,75,435,111,544,216,530,369,552,335,454,235,3,79,61,381,34,118,46,195,9,455,347,19,167,255,371,95,419,337,521,519,523,265,119,365,335,398,179,207,199,114,197,195,517,182,130,89,471,299,629,17,31,220,25,156,97,84,885,369,275,633,447,243,214,270,34,62,515,895,837,577,655,96,99,915,421,119,190,443,403,407,229,179,977,799,114,339,593,26,571,295,551,159,195,483,471,226,595,1411,741,755,534,80,328,265,483,119,763,505,165,237,431,409,581,437,503,1109,899,21,189,106,1007,323,256,965,679,1395,163,89,298,713,116,547,631,569,513,32,1071,499,119,34,229,363
2,323,288,113,217,421,269,325,381,61,254,293,157,559,701,116,965,1249,208,1009,1456,741,294,973,998,416,312,684,651,28,190,159,619,131,638,859,329,757,1116,329,533,843,333,375,552,52,707,544,104,730,758,13,412,560,344,20,37,428,608,221,251,461,651,523,218,535,517,579,1075,499,555,174,983,208,61,603,4,110,163,555,799,622,451,384,84,75,249,32,37,272,181,639,261,143,60,181,675,26,311,625,288,258,275,296,494,133,961,1127,469,244,85,34,263,59,333,33,10,304,200,217,409,225,20,157,82,197,25,81,73,39,275,117,493,337,77,93,222,159,16,207,439,193,44,549,737,75,84,609,350,37,64,461,231,78,539,367,669,247,538,242,353,139,365,307,583,35,174,83,253,395,155,513,524,600,321,153,333,659,303,351,261,635,109,803,102,148,14,629,158,365,565,1059,347,511,1147,663,799,547,491,557,193,369,81,429,187,206,1121,338,198,207,459,259,191,0,793,559,459,156,417,367,279,486,871,153,45,405,531,389,1203,62,773,825,1161,749,287,479,505,761,639,571,769,451,63,277,411,903,681,577,232,215,307,595,27,283,220,1
26,344,103,83,0,194,319,520,557,179,3,111,450,568,41,905,857,217,1086,746,269,749,368,72,108,65,291,416,28,575,627,6,599,572,20,422,439,229,17,279,505,417,82,662,720,75,688,867,229,629,889,326,450,683,324,117,223,198,297,105,314,53,480,19,462,65,275,8,92,106,308,386,273,257,887,691,367,1175,760,397,972,520,219,482,320,172,16,342,584,244,489,782,255,504,699,206,70,461,270,7,271,403,202,242,497,208,306,423,88,287,293,44,147,171,112,11,159,191,46,270,157,182,340,216,52,45,6,41,30,109,23,114,92,98,104,68,129,41,57,29,15,35,29,85,127,31,185,92,139,158,58,154,9,169,82,162,181,31,198,89,489,139,78,17,83,151,83,121,286,147,226,391,140,332,444,82,368,444,100,255,376,209,20,270,387,270,105,364,24,161,222,12,58,88,170,106,133,72,652,122,485,579,131,393,500,212,197,432,380,79,299,504,354,91,546,581,65,526,584,116,416,467,143,135,137,290,290,5,454,570,97,444,493,99,197,197,127,201,133,204,492,262,331,626,295,331,586,304,140,291,190,121,42,238,316,99
18,32,217,130,154,605,82,32,179,343,491,629,727,770,785,777,719,631,507,340,179,10,175,339,460,538,565,592,589,574,550,501,216,408,285,182,62,48,119,143,158,56,26,160,269,417,554,648,742,786,813,818,786,729,623,501,379,242,126,39,63,47,161,424,68,53,43,219,472,70,491,611,658,636,554,410,241,56,138,292,421,515,603,655,708,736,735,714,684,658,593,498,400,270,109,68,217,473,660,817,907,935,850,694,483,203,68,348,592,780,886,940,912,825,681,510,346,202,111,62,71,111,177,110,44,49,134,81,50,61,134,154,189,102,134,136,146,171,219,251,247,198,93,61,232,411,565,669,705,674,609,503,382,277,190,119,72,29,16,77,400,185,253,315,348,363,368,376,353,338,348,342,343,326,312,252,201,114,20,83,171,214,220,139,5,231,463,220,45,153,89,338,65,158,295,297,26,21,150,33,258,456,638,792,948,1086,1214,1371,1481,1600,1646,1663,1563,1413,1194,869,559,212,153,476,717,898,978,993,177,880,755,617,478,341,219,59,93,229,406,570,712,819,901,920,859,738,601,442,254,100,57,158,219,231,220,615,60,261,328,99
9,1,21,48,20,33,512,414,246,27,197,397,544,624,639,600,511,384,229,99,28,118,165,159,87,57,225,415,580,688,717,684,3,377,153,78,288,475,600,643,588,451,263,43,159,330,447,497,516,487,423,333,210,67,60,170,237,262,247,3,83,30,28,22,39,15,35,49,18,25,47,44,1,23,16,21,26,18,9,1,9,18,1,11,4,32,5,7,17,14,12,33,3,35,33,34,2,11,6,31,15,18,9,28,11,70,4,14,43,9,11,19,13,0,0,14,54,22,0,23,11,4,14,19,6,9,2,14,19,8,14,9,5,9,18,2,6,26,13,18,13,25,18,18,7,4,4,2,2,39,8,28,34,18,7,5,17,6,2,15,68,12,50,36,7,33,3,16,10,0,21,14,14,29,10,10,11,21,0,11,7,3,32,18,11,9,61,9,4,40,18,35,8,11,29,40,6,30,7,11,36,20,9,22,35,19,52,49,47,73,30,16,30,23,64,56,10,9,0,73,6,49,18,7,5,1,21,18,14,42,40,68,42,14,24,21,51,15,9,40,39,0,4,3,21,14,7,27,37,12,69,37,67,31,6,13
46,134,35,27,50,2,607,594,483,268,41,379,721,967,1097,1090,951,735,468,202,30,202,266,233,80,162,448,723,922,1010,971,806,57,189,163,464,656,710,603,371,38,342,709,1021,1231,1339,1335,1246,1085,888,681,486,330,219,176,209,310,464,646,33,101,63,31,77,107,12,83,4,15,30,401,296,96,171,495,822,1116,1344,1458,1450,1305,1053,731,390,99,96,162,111,57,302,579,839,1040,1149,1145,1039,68,617,364,152,25,1,117,354,672,999,1281,1445,1454,1312,1038,691,341,45,127,178,104,31,190,285,282,179,12,22,41,30,10,16,13,8,16,17,29,45,257,256,197,101,29,163,277,356,395,386,348,301,262,230,211,204,190,168,117,37,73,206,336,430,463,427,85,173,1,178,333,444,496,486,414,301,165,42,58,101,99,47,33,127,207,255,245,184,81,46,179,306,414,47,123,45,14,82,29,79,22,10,51,182,662,575,433,290,151,52,10,36,14,35,104,164,234,272,272,222,132,16,107,191,225,192,102,18,167,299,9,518,582,604,589,542,480,408,327,250,194,138,104,101,118,172,242,310,357,381,366,291,178,35,119,247,323,37,122,228,99,117
274,129,207,836,405,613,870,63,984,477,656,938,43,958,639,512,951,71,753,622,293,805,227,515,537,51,540,388,117,346,262,141,434,287,217,457,176,365,500,72,538,430,286,656,250,517,572,68,748,453,471,758,124,842,584,478,945,156,859,727,404,1005,122,877,659,466,897,34,816,520,491,697,28,622,320,334,512,74,435,309,187,293,116,199,263,22,265,216,1,322,219,203,335,12,345,287,197,422,47,455,203,353,381,154,465,48,458,281,288,407,145,433,46,338,210,223,253,110,278,26,217,66,183,127,138,28,1,135,53,64,59,115,195,60,158,81,159,175,83,210,11,223,109,117,196,69,152,23,185,41,96,41,109,80,18,81,26,120,23,44,51,30,5,24,47,73,16,98,105,58,252,24,207,163,148,257,25,214,201,142,309,11,320,194,199,330,10,345,149,271,332,58,308,194,193,346,58,314,233,45,317,156,190,322,15,301,241,124,355,203,263,449,75,424,325,177,494,151,418,499,140,571,327,378,552,15,605,409,257,549,103,506,349,183,393,44,279,220,74,205,78,84,81,96,49,67,197,186,99,305,93,416,338,148,552,427
31,15,11,11,35,23,40,374,512,428,237,36,130,280,364,344,164,132,441,533,339,85,512,666,381,172,667,743,334,348,815,785,42,495,927,792,160,561,947,726,38,649,896,553,186,804,876,266,616,1133,866,105,1159,1562,932,415,1640,1963,1077,35,18,21,2,34,14,50,28,66,39,41,32,13,39,79,47,23,9,8,8,113,2,0,43,9,25,49,23,0,24,60,47,11,2,2,30,9,42,44,64,40,65,11,8,59,52,13,4,53,30,60,48,52,31,4,32,0,1,50,3,16,2,4,8,11,15,4,14,8,16,21,3,17,7,7,0,5,25,23,18,4,18,29,25,18,40,24,30,27,9,5,26,26,56,96,14,59,37,4,37,42,52,18,2,73,18,11,37,10,6,14,28,35,21,27,21,73,19,61,28,12,28,16,42,81,28,14,6,44,76,67,59,7,38,30,20,58,42,5,64,14,16,9,16,32,33,113,26,80,78,21,30,4,115,60,23,48,37,69,47,26,13,13,16,16,39,11,117,21,5,9,50,44,29,24,9,80,16,37,61,37,11,40,22,68,5,22,2,0,34,63,12,12,56,19,37,7
157,53,343,247,963,567,1106,578,95,992,1402,374,1153,1438,374,747,661,16,29,536,435,677,1356,717,587,1510,1297,100,1610,1331,291,1084,763,395,318,832,59,1217,1103,195,1363,1139,281,1176,604,384,457,156,312,271,881,494,879,1642,476,1398,1689,239,1265,48,721,302,359,18,6,663,794,117,619,273,481,1260,425,483,575,69,485,121,585,458,522,851,42,914,671,515,1105,107,1093,775,589,1077,160,770,588,255,289,44,796,355,756,738,450,888,129,996,278,978,870,562,1091,49,719,154,430,63,553,108,559,380,327,332,274,179,114,361,261,87,115,153,80,111,121,165,37,455,133,238,95,175,12,264,53,461,165,571,570,240,807,330,503,576,10,357,94,273,75,496,586,369,843,537,1128,1362,151,1200,632,585,700,145,621,17,704,344,577,929,150,966,1154,73,1364,961,576,1231,205,862,427,93,305,29,1,382,693,389,93,209,517,469,301,53,45,169,115,459,89,507,517,30,542,679,164,585,651,13,479,122,312,132,587,812,18,1139,1045,60,325,942,351,480,782,221,231,76,263,311,997,705,565,1593,997,718,1458,606,308,407,346,403,268,147,92,1063,1509,159,113,20,491,163
32,87,396,99,324,180,651,206,513,263,96,70,292,675,350,647,1059,182,925,902,123,782,467,64,209,208,364,269,366,824,332,669,298,164,699,738,106,448,601,394,94,678,810,228,668,1012,418,540,986,461,488,866,352,376,590,294,11,151,426,147,103,259,179,131,240,153,268,101,333,411,100,315,135,451,695,37,911,700,462,1046,363,626,727,162,257,303,344,248,257,691,344,516,749,45,635,503,170,386,263,46,137,256,165,184,378,98,358,429,1,372,303,5,198,198,57,115,194,47,168,163,73,175,9,85,142,56,77,8,190,110,111,22,77,247,172,152,26,122,62,69,111,28,92,115,36,101,157,57,108,160,73,45,127,129,46,88,194,150,32,160,163,38,122,72,34,138,156,81,61,275,297,27,366,277,169,484,195,345,580,240,339,617,381,192,585,475,61,146,272,37,35,29,63,279,22,104,65,82,370,87,520,358,222,546,298,163,365,205,89,297,333,48,483,715,177,656,832,85,645,597,83,493,311,7,6,63,240,327,9,430,369,166,471,115,291,246,55,50,73,123,419,168,492,616,94,730,441,333,629,239,236,95,171,25,106,76
54,75,327,245,64,439,265,241,214,157,108,6,113,212,305,403,471,548,623,682,700,705,660,615,516,383,234,85,65,177,278,324,179,322,284,220,164,90,19,46,70,83,62,41,40,116,176,248,309,335,386,377,405,400,407,364,317,246,130,211,450,243,161,42,511,113,141,318,192,175,420,484,489,439,374,275,169,75,29,137,228,343,462,590,750,896,1023,1108,1140,1090,981,789,543,252,81,402,177,897,1059,1115,1077,978,829,664,520,414,373,372,439,549,665,759,818,819,779,668,523,336,141,52,209,335,405,272,233,110,11,30,32,19,44,80,122,195,122,190,289,372,455,526,571,577,543,466,340,191,25,145,286,367,437,430,391,321,247,162,90,30,27,72,45,163,224,288,359,424,501,552,582,607,593,524,420,277,137,21,177,299,358,390,362,302,192,74,37,148,251,344,179,689,259,168,57,278,365,101,185,122,541,653,833,914,991,1011,965,874,727,567,358,193,34,73,128,139,127,66,23,97,191,275,366,430,464,511,103,530,494,456,415,396,362,375,350,374,381,398,400,432,469,506,519,527,478,417,318,176,24,85,176,187,117,185,91,97,233,129
52,3,1,15,1168,751,327,1162,1038,32,1073,1262,386,858,1401,759,582,1466,1103,211,1407,1424,213,1244,1645,642,963,1773,1066,607,1796,1457,28,1657,1678,285,1333,1738,663,960,1691,953,577,1554,1171,204,1339,1279,139,1091,1294,406,786,1244,617,519,1125,737,229,938,808,1,23,12,4,1,18,2,3,9,3,2,9,11,7,2,2,1,3,0,0,3,3,1,0,0,2,0,1,4,1,0,1,1,1,2,5,3,6,1,1,3,0,1,2,1,2,0,1,5,1,1,2,0,0,4,1,1,2,0,3,1,1,0,1,2,1,4,1,3,2,1,0,1,1,2,1,1,1,2,2,1,5,1,4,4,0,0,0,4,2,10,6,2,2,0,0,2,0,2,2,2,4,1,0,3,1,2,4,2,7,7,5,0,0,7,1,0,1,1,3,0,1,1,0,0,3,1,3,1,2,2,3,5,5,4,2,0,0,9,5,0,10,0,0,7,2,1,5,6,0,12,9,0,6,1,0,12,9,9,3,14,8,1,0,2,1,16,9,0,5,5,4,10,13,3,3,2,6,7,13,6,4,5,10,6,9,8,3,0,0,5,10,1,1,9
2,8,44,12,3,33,18,12,35,34,4,34,51,10,14,9,397,99,118,3,151,7,14,68,139,59,3,5,59,52,92,5,2,27,15,9,42,60,86,41,94,14,19,14,69,68,83,73,189,68,2,7,191,3,42,70,62,74,20,27,42,42,77,75,25,82,11,14,28,26,371,465,127,428,926,1091,867,390,104,424,486,289,52,79,51,449,882,1127,978,458,274,912,1268,1242,870,300,73,547,576,393,96,123,180,25,211,413,432,278,21,224,319,270,137,39,30,91,189,171,36,190,376,424,280,4,14,1,12,10,1,9,1,14,25,9,7,31,77,3,3,5,113,28,23,56,75,14,110,59,23,21,7,16,98,14,28,8,11,35,16,0,13,2,4,82,29,8,84,24,65,80,1,9,366,30,2,75,156,24,42,37,173,24,2,27,18,11,8,3,36,17,33,4,0,8,36,10,2,36,37,25,194,55,10,25,431,139,128,0,8,89,85,68,383,57,5,2,40,47,42,37,23,18,35,11,4,13,59,28,107,24,69,23,59,38,12,3,273,21,55,17,196,16,28,46,47,42,44,46,60,40,22,69,8,33,10,27
51,132,37,98,63,36,222,604,583,261,234,591,625,318,231,796,1141,1172,852,295,222,558,563,273,190,584,757,600,162,342,731,794,8,140,232,386,322,70,177,293,268,139,8,15,157,366,513,504,222,170,571,779,765,523,226,49,3,72,67,150,105,101,210,331,359,347,49,126,342,16,337,798,996,937,730,492,203,51,256,367,379,352,388,523,745,1026,1148,964,503,96,558,690,483,97,191,144,112,779,1170,1159,758,178,317,507,446,295,310,534,829,970,748,216,405,829,920,683,295,15,43,72,220,185,70,88,119,78,52,155,68,49,91,150,143,136,182,68,147,337,381,237,82,407,562,404,14,424,629,475,29,460,737,681,369,20,185,195,52,77,109,49,53,56,63,121,233,343,310,60,357,752,862,576,56,800,1329,1475,1166,537,110,581,718,546,260,81,120,348,557,106,4,47,248,120,209,147,650,8,286,79,167,497,815,1048,1154,1024,675,141,443,940,1308,1437,1387,1196,812,355,93,414,465,219,126,402,412,113,423,969,547,1394,1155,726,278,49,183,167,75,106,261,572,917,1079,1012,682,226,207,466,511,385,176,23,26,28,63,17,221,605,53,177,130
31,40,34,25,37,203,503,570,628,669,695,706,688,663,619,557,477,389,284,173,55,59,173,270,354,416,446,439,408,337,237,107,157,219,380,545,685,810,903,963,993,1008,1002,972,935,898,851,800,738,661,564,444,320,201,61,52,155,231,283,63,54,121,50,4,26,18,116,5,61,23,587,737,880,999,1088,1136,1140,1107,1044,947,829,681,531,366,199,30,134,283,430,528,607,653,667,641,589,519,7,341,248,157,88,22,14,33,19,27,98,193,295,397,480,533,542,498,406,274,108,73,251,400,509,569,581,18,8,20,12,37,5,50,55,9,13,10,93,155,227,285,342,382,399,402,388,363,333,311,291,287,299,323,353,396,434,464,484,491,471,433,367,287,7,99,4,106,203,285,353,403,433,440,427,387,331,255,168,77,11,87,163,217,259,281,305,314,316,311,296,14,80,11,200,152,122,4,53,114,43,90,482,477,453,405,349,293,209,125,30,59,152,237,306,359,371,358,313,240,138,29,91,211,316,410,487,539,18,590,585,567,532,484,423,348,270,184,85,7,113,202,296,376,443,495,516,504,470,413,331,241,151,67,5,135,60,156,53,35
1,83,61,232,288,197,420,292,388,197,501,95,561,736,269,562,1041,757,173,973,849,49,658,558,230,697,414,377,801,379,158,430,233,45,162,170,43,309,165,25,159,132,6,265,429,153,400,897,660,85,741,871,337,224,491,428,90,87,4,33,325,38,30,8,456,218,310,431,238,250,684,356,213,724,928,578,155,640,740,497,214,65,166,413,697,742,181,584,1001,676,143,559,401,30,106,222,9,300,494,1165,913,102,897,889,397,83,81,205,837,1055,355,777,1265,636,355,760,406,106,117,111,94,168,328,136,29,25,137,25,114,81,107,110,75,119,73,0,182,283,89,240,397,171,284,512,178,364,572,129,424,500,110,344,355,62,156,154,5,28,60,77,19,39,38,82,244,136,280,505,133,623,813,49,926,1171,433,642,1202,1003,184,613,869,518,33,106,42,108,581,82,247,214,248,229,173,1,83,68,311,378,869,629,80,457,1021,1157,541,482,1331,1524,940,6,976,1515,1155,258,651,851,355,112,91,430,850,342,757,1429,491,68,841,940,650,194,140,373,388,430,532,358,286,1029,1084,295,586,918,564,22,324,308,158,10,252,379,22,328,414,249,335,54
1442,1098,824,266,224,274,106,263,200,745,842,378,138,79,377,264,377,1118,1039,424,51,143,469,335,681,1403,1052,401,54,327,757,240,760,1417,914,93,49,466,894,105,979,1218,600,318,41,624,817,172,1084,1151,240,374,178,829,645,414,1269,842,4,340,309,849,386,643,1202,516,319,389,410,799,22,989,1094,151,536,417,421,575,317,1108,805,403,755,164,683,368,574,872,63,847,617,405,709,50,717,335,624,902,11,793,433,395,498,449,795,181,618,639,154,341,73,517,24,562,527,83,281,72,158,209,420,92,135,25,0,71,4,108,92,16,112,39,91,132,19,316,193,191,121,182,220,203,515,148,375,284,186,266,273,642,202,437,592,112,269,135,693,377,561,909,374,227,83,495,571,224,1006,821,61,466,167,703,281,668,1182,556,310,420,331,599,124,929,1070,166,503,295,427,449,313,1000,688,37,516,103,331,229,238,767,528,40,405,49,453,357,192,617,446,13,258,78,610,472,61,576,509,125,148,271,896,805,43,655,518,95,28,510,1105,736,84,849,516,55,6,656,1204,762,228,751,274,195,63,786,1201,545,222,569,189,82,221,811,968,371,211,376,198,282
67,193,283,423,929,437,373,245,298,28,127,36,534,648,397,1125,364,965,918,305,910,325,417,239,20,165,290,335,887,178,1129,1026,94,1474,240,1182,699,498,541,47,61,292,277,798,56,1140,802,762,1312,27,1127,474,649,407,426,67,619,87,961,115,465,861,209,204,195,361,107,491,599,755,172,231,60,492,211,662,560,620,921,310,1077,97,987,441,644,488,365,412,397,277,481,436,633,522,531,703,138,738,147,640,110,584,11,542,13,420,10,389,144,455,200,538,155,591,24,538,97,375,89,222,42,115,0,55,22,84,134,151,149,21,49,52,2,153,237,0,223,162,325,249,520,135,602,35,550,201,365,121,264,70,382,247,663,126,851,136,917,460,696,547,33,452,324,192,405,187,602,451,609,820,372,1088,133,974,466,563,501,269,235,291,59,636,272,803,783,619,1410,247,67,433,53,17,151,210,605,355,799,143,41,507,50,729,372,622,708,231,501,77,255,130,104,329,435,106,633,469,332,782,326,590,641,15,279,178,41,352,326,1004,370,922,1211,151,1233,622,607,810,77,285,5,154,574,119,970,864,595,1335,252,937,867,58,729,195,559,276,119,1
165,119,205,44,292,219,617,618,196,606,1173,866,235,1141,924,111,412,193,53,284,931,858,345,1633,1732,240,1358,1798,835,475,987,560,684,153,553,278,831,1678,1026,705,1859,1393,180,1200,908,51,400,173,636,80,1112,1410,172,1483,1756,375,1241,1556,279,381,57,529,881,533,946,1109,595,333,193,171,1401,450,913,1067,32,1045,797,364,1042,456,593,817,21,785,440,519,944,162,844,987,15,960,799,221,747,191,181,222,549,573,274,950,469,585,891,113,750,622,330,810,181,627,560,184,487,74,369,87,348,283,146,386,256,415,83,37,99,185,142,303,113,143,35,159,281,472,92,518,165,398,325,167,257,144,329,115,624,427,334,845,400,436,702,149,376,217,369,354,364,850,333,763,1104,194,923,1024,51,892,701,184,673,170,621,493,513,1084,336,991,1370,267,1076,1201,217,701,816,326,212,575,1119,553,673,599,82,47,33,187,37,273,613,1,546,180,408,477,179,636,381,280,662,314,356,548,172,341,306,220,450,22,639,796,8,953,1145,367,807,1194,761,193,762,577,81,137,117,271,237,932,889,113,1159,1194,260,733,896,310,243,155,125,22,541,676,52,202,205,41,68,171
48,25,59,17,2,101,55,144,270,407,562,711,849,953,1026,1061,1054,994,889,753,588,401,200,11,221,418,602,768,899,996,1060,1070,50,969,853,707,532,353,167,5,157,274,335,374,376,336,271,191,104,16,57,123,172,195,198,185,149,104,36,102,31,57,61,14,87,26,62,93,3,92,666,857,1028,1180,1310,1410,1462,1479,1450,1377,1256,1085,874,634,374,100,182,436,674,870,1024,1125,1179,1179,1121,1020,41,690,478,237,4,270,523,759,971,1154,1296,1390,1433,1418,1354,1238,1083,901,698,491,291,114,38,164,260,328,374,0,46,28,30,19,2,58,39,3,43,38,247,172,93,7,69,131,189,223,246,250,227,199,152,103,42,18,71,112,143,162,169,160,132,93,35,23,16,166,249,325,388,449,495,520,523,509,472,410,352,269,177,77,11,109,188,261,323,362,395,401,401,383,351,110,24,92,93,17,76,189,117,7,159,81,54,52,40,26,16,1,20,32,51,64,71,84,94,113,126,140,145,174,192,212,233,272,301,334,380,415,113,498,526,535,549,523,483,429,347,252,143,39,69,173,265,357,408,443,450,439,401,350,275,186,98,15,62,19,6,118,63,77
982,453,979,101,1115,1139,255,967,1297,442,894,1393,655,677,1275,714,446,1118,748,116,869,792,160,567,705,224,158,409,358,231,192,273,479,236,223,623,491,73,755,770,275,606,934,481,389,1068,803,92,936,924,172,822,1212,411,716,1259,727,551,1262,926,343,1283,1049,167,1245,1071,85,1095,992,53,852,834,149,646,778,259,462,658,222,144,466,363,0,230,304,184,84,465,334,14,453,463,101,410,553,205,338,610,273,471,694,302,464,789,277,521,729,208,484,712,129,523,598,6,472,404,31,371,278,114,267,135,99,92,116,98,25,111,175,153,0,164,163,30,23,173,165,44,259,145,125,212,79,85,244,79,161,85,77,57,112,101,68,45,33,49,40,75,46,131,48,28,112,26,80,129,37,243,164,13,305,320,40,448,390,27,481,545,52,590,585,99,491,725,221,411,647,278,367,591,328,196,458,436,2,345,451,183,126,502,374,10,382,480,142,362,619,347,270,522,507,31,560,574,148,481,735,328,345,762,565,86,741,683,139,555,740,286,371,746,392,242,636,447,107,420,364,112,159,245,182,144,111,102,303,276,70,470,544,184,486,773,472,448,965,897
9,329,268,285,457,391,35,404,680,419,80,152,387,316,544,387,198,157,707,811,559,106,458,648,680,433,243,52,378,395,417,344,32,127,33,450,704,545,440,19,153,614,760,648,203,309,719,912,940,459,433,856,1007,594,154,735,827,469,111,645,533,471,339,236,371,867,338,310,289,689,623,421,194,473,443,351,197,907,26,301,39,61,209,615,1129,319,15,347,92,501,765,23,525,461,613,136,217,585,255,541,191,67,525,161,103,631,329,445,733,37,72,93,551,261,93,389,259,83,697,177,35,23,127,293,134,64,95,242,115,30,52,591,225,99,46,361,551,61,1,441,30,272,352,461,175,439,939,91,397,402,633,36,331,545,267,198,63,458,305,81,264,223,93,461,198,229,142,214,383,119,1225,214,291,50,169,533,301,292,755,801,401,281,161,155,38,250,375,149,415,997,84,1025,243,73,269,259,605,38,59,349,124,690,489,68,327,95,248,208,107,71,104,201,362,1241,153,387,801,1156,257,28,922,845,1053,1195,729,1083,384,251,55,1421,1019,885,1531,361,551,471,91,142,177,18,202,597,267,929,685,1457,80,45,147,280,99,482,167,265,99,5
85,210,241,161,81,529,47,639,614,238,26,130,413,700,457,402,1159,901,232,1102,975,114,552,550,313,285,221,287,985,1052,60,1176,164,507,811,1274,761,64,473,601,691,580,111,1048,1364,562,776,1489,1078,53,954,1129,656,68,621,855,693,190,431,307,219,273,605,914,473,369,310,74,276,101,752,611,228,422,1022,828,225,1249,1109,101,1110,938,32,551,442,200,189,120,334,739,444,446,925,496,394,720,691,174,272,135,170,238,44,540,640,62,689,791,155,505,596,216,175,280,200,55,62,171,116,92,209,41,225,113,94,42,66,123,108,174,22,68,212,92,284,93,223,344,130,166,217,79,38,14,17,132,163,15,165,174,16,143,66,44,4,68,23,80,60,75,354,59,136,36,193,69,220,248,145,512,311,323,706,432,245,711,612,77,502,723,376,270,662,485,61,448,348,597,191,137,267,102,496,404,473,40,5,529,690,399,258,807,710,18,675,830,359,284,679,632,295,203,654,823,397,445,953,727,69,673,637,228,72,139,138,449,578,113,675,1011,461,507,949,555,129,408,238,145,265,243,218,760,601,168,892,625,160,716,473,171,449,328,43,339,275,302
2,290,140,311,40,151,546,77,436,262,230,500,145,554,973,671,165,918,976,339,430,683,278,308,469,34,514,596,112,551,750,368,507,485,272,75,176,19,280,286,80,112,131,63,109,356,553,412,159,789,1001,597,53,524,589,398,225,142,40,32,23,376,200,22,25,466,377,77,488,16,906,412,308,781,785,389,88,483,636,534,245,80,358,570,700,585,65,672,1138,909,118,596,682,292,62,279,307,407,408,1161,1141,357,484,797,620,394,314,111,399,924,937,238,688,1054,669,67,496,425,168,64,195,266,75,67,61,4,33,91,22,39,35,39,37,175,172,52,174,343,277,91,413,339,97,456,284,272,633,372,283,697,511,5,358,346,156,14,13,25,62,57,345,7,44,6,162,258,64,395,660,268,532,1029,636,400,1216,1057,53,978,1230,691,95,513,490,353,398,550,537,78,428,234,198,150,84,317,221,220,245,16,154,190,620,988,981,371,565,1260,1314,720,211,1037,1392,1085,209,723,1101,664,51,353,79,601,519,352,1211,1346,278,530,1171,1066,473,94,344,305,252,404,613,489,118,865,1113,594,298,805,647,124,198,183,42,8,94,76,6,65,109,123,54,267
51,248,110,413,445,299,495,361,127,207,251,233,365,279,389,927,99,127,168,549,763,215,287,821,819,66,448,1275,3,179,332,147,547,171,741,139,589,921,110,27,383,953,81,131,433,671,65,354,891,789,9,1145,97,76,1440,82,130,96,157,408,237,5,85,200,4,559,111,499,262,306,1610,978,24,344,490,351,14,190,64,498,364,460,1183,468,773,957,125,387,361,671,82,514,745,617,123,898,495,227,537,691,202,384,197,254,98,199,374,349,44,732,679,396,740,76,420,16,234,326,96,600,505,390,857,81,177,245,70,231,100,34,78,129,237,206,319,101,3,359,20,38,325,69,19,140,156,591,36,160,697,54,235,72,233,162,167,759,167,727,149,169,41,497,27,933,493,83,179,377,101,579,265,621,256,341,272,236,138,141,429,625,705,35,19,145,329,119,1151,89,419,291,299,861,133,601,341,787,92,371,272,2,4,60,55,419,479,785,283,249,907,751,1079,290,484,443,505,450,169,503,225,79,160,22,883,853,1301,266,449,209,84,288,935,485,573,441,908,455,1103,157,417,390,573,857,983,377,259,48,26,36,281,319,24,235,39,631,268,492
10,4,1,9,26,52,335,645,392,228,703,610,43,755,1000,577,208,831,899,458,151,462,323,56,256,30,482,774,473,304,969,978,27,469,799,428,262,671,418,343,1053,1096,361,724,1456,1370,567,409,993,998,588,142,109,115,76,207,525,766,596,59,143,29,184,194,3,57,94,30,16,81,639,886,642,73,916,1388,1120,221,790,1306,1061,313,364,547,264,66,40,365,771,696,75,769,1262,1055,302,521,47,716,259,34,35,233,155,360,977,1132,521,558,1381,1351,512,521,1057,860,278,154,231,160,225,432,490,157,412,37,5,44,13,7,27,0,12,29,1,6,135,30,178,255,53,268,403,217,142,400,395,192,48,209,305,318,248,33,261,462,409,99,274,444,299,41,28,340,71,288,452,266,147,486,504,183,195,385,317,130,6,46,42,102,204,283,201,34,310,455,342,29,320,65,15,132,9,64,60,13,100,31,106,42,576,419,29,306,401,260,58,34,0,57,16,201,336,275,19,245,297,119,101,143,51,292,346,116,272,563,210,307,104,458,588,471,175,125,293,289,173,76,84,157,151,30,316,483,349,10,319,371,152,99,184,78,98,39,83,7,102,31
205,51,592,244,663,19,231,547,76,443,25,983,891,761,264,20,652,1277,80,144,342,60,603,36,229,50,119,1350,337,363,80,1018,386,247,526,708,180,200,196,511,57,804,176,768,867,328,552,761,512,1087,678,91,836,1392,88,949,273,386,506,264,437,107,519,115,720,322,258,123,295,1104,915,653,368,1093,1038,366,483,798,548,260,239,229,250,18,88,116,342,372,127,466,741,597,155,882,968,434,134,973,856,20,856,918,481,495,905,699,6,469,544,165,405,359,153,168,418,250,173,502,478,118,373,524,228,549,19,91,18,2,60,22,158,57,47,216,134,282,118,81,462,134,21,88,328,228,293,458,358,559,659,133,247,112,334,437,261,189,5,29,455,363,484,36,97,673,130,458,0,425,604,424,178,110,471,56,61,351,317,363,244,356,418,581,545,895,47,646,247,702,153,674,725,380,45,40,389,968,113,491,178,674,192,621,388,506,1430,56,207,179,556,467,466,317,411,511,194,442,196,434,714,927,206,81,1093,127,308,815,554,1060,512,754,508,1120,574,1080,220,1315,334,7,29,101,230,507,91,550,861,418,461,623,443,334,493,206,571,317,379,68
