Subcarrier_1,Subcarrier_2,Subcarrier_3,Subcarrier_4,Subcarrier_5,Subcarrier_6,Subcarrier_7,Subcarrier_8,Subcarrier_9,Subcarrier_10,Subcarrier_11,Subcarrier_12,Subcarrier_13,Subcarrier_14,Subcarrier_15,Subcarrier_16,Subcarrier_17,Subcarrier_18,Subcarrier_19,Subcarrier_20,Subcarrier_21,Subcarrier_22,Subcarrier_23,Subcarrier_24,Subcarrier_25,Subcarrier_26,Subcarrier_27,Subcarrier_28,Subcarrier_29,Subcarrier_30,Subcarrier_31,Subcarrier_32,Subcarrier_33,Subcarrier_34,Subcarrier_35,Subcarrier_36,Subcarrier_37,Subcarrier_38,Subcarrier_39,Subcarrier_40,Subcarrier_41,Subcarrier_42,Subcarrier_43,Subcarrier_44,Subcarrier_45,Subcarrier_46,Subcarrier_47,Subcarrier_48,Subcarrier_49,Subcarrier_50,Subcarrier_51,Subcarrier_52,Subcarrier_53,Subcarrier_54,Subcarrier_55,Subcarrier_56,Subcarrier_57,Subcarrier_58,Subcarrier_59,Subcarrier_60,Subcarrier_61,Subcarrier_62,Subcarrier_63,Subcarrier_64,Subcarrier_65,Subcarrier_66,Subcarrier_67,Subcarrier_68,Subcarrier_69,Subcarrier_70,Subcarrier_71,Subcarrier_72,Subcarrier_73,Subcarrier_74,Subcarrier_75,Subcarrier_76,Subcarrier_77,Subcarrier_78,Subcarrier_79,Subcarrier_80,Subcarrier_81,Subcarrier_82,Subcarrier_83,Subcarrier_84,Subcarrier_85,Subcarrier_86,Subcarrier_87,Subcarrier_88,Subcarrier_89,Subcarrier_90,Subcarrier_91,Subcarrier_92,Subcarrier_93,Subcarrier_94,Subcarrier_95,Subcarrier_96,Subcarrier_97,Subcarrier_98,Subcarrier_99,Subcarrier_100,Subcarrier_101,Subcarrier_102,Subcarrier_103,Subcarrier_104,Subcarrier_105,Subcarrier_106,Subcarrier_107,Subcarrier_108,Subcarrier_109,Subcarrier_110,Subcarrier_111,Subcarrier_112,Subcarrier_113,Subcarrier_114,Subcarrier_115,Subcarrier_116,Subcarrier_117,Subcarrier_118,Subcarrier_119,Subcarrier_120,Subcarrier_121,Subcarrier_122,Subcarrier_123,Subcarrier_124,Subcarrier_125,Subcarrier_126,Subcarrier_127,Subcarrier_128,Subcarrier_129,Subcarrier_130,Subcarrier_131,Subcarrier_132,Subcarrier_133,Subcarrier_134,Subcarrier_135,Subcarrier_136,Subcarrier_137,Subcarrier_138,Subcarrier_139,Subcarrier_140,Subcarrier_141,Subcarrier_142,Subcarrier_143,Subcarrier_144,Subcarrier_145,Subcarrier_146,Subcarrier_147,Subcarrier_148,Subcarrier_149,Subcarrier_150,Subcarrier_151,Subcarrier_152,Subcarrier_153,Subcarrier_154,Subcarrier_155,Subcarrier_156,Subcarrier_157,Subcarrier_158,Subcarrier_159,Subcarrier_160,Subcarrier_161,Subcarrier_162,Subcarrier_163,Subcarrier_164,Subcarrier_165,Subcarrier_166,Subcarrier_167,Subcarrier_168,Subcarrier_169,Subcarrier_170,Subcarrier_171,Subcarrier_172,Subcarrier_173,Subcarrier_174,Subcarrier_175,Subcarrier_176,Subcarrier_177,Subcarrier_178,Subcarrier_179,Subcarrier_180,Subcarrier_181,Subcarrier_182,Subcarrier_183,Subcarrier_184,Subcarrier_185,Subcarrier_186,Subcarrier_187,Subcarrier_188,Subcarrier_189,Subcarrier_190,Subcarrier_191,Subcarrier_192,Subcarrier_193,Subcarrier_194,Subcarrier_195,Subcarrier_196,Subcarrier_197,Subcarrier_198,Subcarrier_199,Subcarrier_200,Subcarrier_201,Subcarrier_202,Subcarrier_203,Subcarrier_204,Subcarrier_205,Subcarrier_206,Subcarrier_207,Subcarrier_208,Subcarrier_209,Subcarrier_210,Subcarrier_211,Subcarrier_212,Subcarrier_213,Subcarrier_214,Subcarrier_215,Subcarrier_216,Subcarrier_217,Subcarrier_218,Subcarrier_219,Subcarrier_220,Subcarrier_221,Subcarrier_222,Subcarrier_223,Subcarrier_224,Subcarrier_225,Subcarrier_226,Subcarrier_227,Subcarrier_228,Subcarrier_229,Subcarrier_230,Subcarrier_231,Subcarrier_232,Subcarrier_233,Subcarrier_234,Subcarrier_235,Subcarrier_236,Subcarrier_237,Subcarrier_238,Subcarrier_239,Subcarrier_240,Subcarrier_241,Subcarrier_242,Subcarrier_243,Subcarrier_244,Subcarrier_245,Subcarrier_246,Subcarrier_247,Subcarrier_248,Subcarrier_249,Subcarrier_250,Subcarrier_251,Subcarrier_252,Subcarrier_253,Subcarrier_254,Subcarrier_255,Subcarrier_256
6,5,49,16,20,30,19,17,73,5,57,12,13,106,61,68,53,77,86,87,40,6,22,38,17,23,77,7,11,4,15,91,11,3,16,11,43,8,1,26,17,49,7,61,27,19,12,4,39,0,25,47,12,28,20,14,2,35,45,28,33,4,25,6,75,4,2,59,6,21,652,662,491,191,164,490,717,826,811,687,462,157,161,471,702,797,750,554,218,161,536,849,1061,1137,1090,940,47,437,150,101,302,399,417,328,168,23,201,322,364,336,237,122,0,87,111,83,20,165,331,467,537,538,461,11,45,27,3,1,14,7,24,18,16,31,7,23,7,9,25,31,13,12,24,8,23,70,39,4,32,30,42,71,1,47,32,47,2,9,23,16,18,12,50,34,136,49,22,11,26,64,97,36,13,35,36,22,9,48,31,81,5,48,17,66,78,25,9,3,12,40,5,10,2,23,52,16,49,4,29,23,61,10,35,11,23,74,3,25,0,49,18,92,15,56,16,19,28,48,20,8,36,6,5,28,23,68,42,60,49,30,50,21,17,14,24,7,16,108,7,10,22,10,13,1,40,16,20,49,60,77,65,24,27,18,38,17
206,16,14,12,829,1187,893,129,763,1275,1083,310,693,1326,1258,504,578,1378,1421,708,439,1399,1599,926,274,1399,1735,1130,130,1377,1867,1339,16,1304,1869,1413,197,1117,1739,1402,306,935,1602,1355,379,779,1439,1291,438,645,1284,1197,458,506,1124,1086,468,380,944,952,448,8,14,1,5,0,12,13,1,3,4,11,8,2,3,0,3,4,3,5,0,1,2,1,0,3,1,0,0,0,0,3,0,2,1,0,0,4,3,1,1,2,2,3,2,3,1,2,4,3,5,1,1,3,3,0,3,0,6,3,0,0,1,1,3,1,0,2,2,0,0,2,0,2,1,2,0,3,3,3,0,3,3,3,0,2,2,2,0,3,6,1,2,0,2,2,0,3,2,1,3,1,1,1,6,1,1,5,0,1,3,5,3,0,2,5,2,2,0,1,0,4,0,3,3,0,5,2,1,1,4,2,3,2,0,0,11,5,4,3,8,7,4,1,7,3,0,7,8,4,3,6,8,0,3,0,8,13,2,11,6,2,1,5,2,7,1,10,12,0,3,2,17,10,0,12,5,1,1,4,6,2,4,1,1,15,5,5,2,3,3,0,1,2,5,9
20,20,61,75,141,39,571,70,647,654,57,670,886,366,504,1086,967,246,536,897,670,125,293,283,68,366,241,303,845,868,274,585,28,784,5,677,729,119,629,912,439,519,1272,1274,468,639,1363,1303,581,262,720,651,323,116,196,338,232,219,715,17,38,194,82,64,194,178,29,10,26,80,546,262,401,1072,1259,684,404,1356,1565,933,108,874,983,552,35,147,52,315,280,146,714,985,695,19,712,955,18,125,241,219,6,7,347,808,892,305,694,1440,1355,455,650,1226,995,279,329,462,262,107,172,279,147,264,638,15,28,22,19,64,20,4,35,23,4,40,95,174,336,210,120,396,375,75,258,384,270,58,101,180,245,309,274,57,287,536,481,111,320,504,317,71,114,304,23,371,447,162,310,640,579,147,358,601,481,144,111,139,43,4,134,340,412,206,197,537,544,162,334,72,11,61,26,89,31,49,37,13,27,10,606,458,103,239,394,298,83,45,13,172,210,7,344,563,460,61,352,450,225,89,182,25,333,430,180,283,16,724,400,128,582,724,510,112,222,319,206,52,51,187,330,297,13,385,632,530,137,309,454,255,93,254,97,64,71,68,9,26
74,339,370,666,691,13,633,121,881,164,593,669,231,974,287,861,688,417,509,71,780,250,209,221,11,107,41,60,21,589,379,34,225,516,592,425,33,932,844,673,819,75,807,651,911,915,118,592,525,643,541,292,694,38,613,95,545,584,633,127,673,213,777,691,337,663,267,587,167,438,275,376,699,652,818,41,671,250,731,322,279,193,629,487,385,444,369,229,314,105,127,535,277,301,91,587,286,373,167,3,439,294,608,338,623,65,73,521,705,361,255,296,22,87,314,533,164,473,331,74,255,521,93,559,106,82,15,191,147,226,196,265,254,264,57,137,71,99,71,333,9,57,102,87,355,261,203,199,143,113,230,130,111,112,295,24,236,29,146,14,52,165,397,226,209,719,88,635,61,47,63,572,649,205,355,346,307,137,375,308,362,68,471,382,122,43,21,390,172,313,166,217,328,446,466,695,162,128,185,227,76,994,192,193,860,194,411,85,772,77,739,349,725,228,623,825,550,406,127,855,150,639,211,562,669,792,348,1050,740,894,789,95,118,352,352,262,451,301,562,401,226,481,216,437,570,965,569,295,556,1204,104,396,810,162,89,185
4,1,6,4,3,2,970,702,141,495,1024,1290,1231,912,408,116,551,814,840,624,257,131,404,432,171,285,804,1202,1378,1241,829,251,5,849,1107,1076,747,171,476,1018,1241,1106,631,11,642,1121,1318,1220,903,440,13,350,491,389,78,321,669,824,691,2,2,0,4,5,2,0,0,2,1,1,0,5,2,2,2,2,3,3,1,3,3,0,2,1,0,3,2,0,7,2,0,1,1,1,2,0,1,2,0,2,0,0,3,0,2,0,0,1,3,1,3,0,3,1,1,0,1,1,2,2,0,1,0,2,0,1,2,0,0,2,1,0,0,0,0,0,1,0,1,1,0,0,1,3,0,0,1,2,0,0,1,0,1,0,0,2,0,3,2,0,0,0,0,0,1,0,0,0,2,0,2,4,1,0,1,1,2,2,2,2,0,3,0,1,0,2,0,0,1,1,0,2,0,0,0,1,0,1,3,1,0,1,0,1,2,0,0,0,2,1,2,2,2,1,0,2,1,1,1,1,1,6,6,3,0,2,0,0,1,0,3,5,1,1,0,2,1,2,0,3,1,4,7,3,1,1,1,1,2,1,1,1,1,0,0,3
399,17,492,267,327,666,778,361,305,528,401,203,740,612,74,472,820,518,162,446,420,304,829,993,615,166,649,299,309,854,805,212,517,844,548,172,608,505,178,764,850,379,253,534,256,385,698,500,58,552,534,69,283,444,11,328,513,245,115,304,128,197,248,85,27,156,143,26,41,83,116,191,138,112,38,1,18,124,45,157,168,41,65,102,60,177,314,333,3,282,239,59,293,323,9,412,477,89,196,268,10,396,432,191,237,389,86,218,337,3,326,387,128,164,194,33,306,125,120,331,133,128,9,279,8,438,115,71,56,25,189,118,292,161,19,50,54,31,235,246,45,145,163,72,168,80,125,341,226,53,93,47,188,305,186,210,365,223,108,207,101,380,457,260,104,226,121,212,376,195,116,389,324,67,401,295,129,369,441,82,321,406,85,361,518,205,288,524,263,278,621,520,119,565,489,21,577,725,170,411,682,365,300,514,356,112,611,659,81,343,416,64,336,546,452,96,272,315,17,332,394,440,33,403,538,282,4,307,222,218,643,673,291,137,448,309,217,665,655,335,378,518,294,230,677,458,91,507,668,239,221,519,332,253,702,6
35,42,285,102,63,493,669,284,717,396,212,278,120,386,27,653,741,26,959,1008,131,822,958,237,484,541,87,207,13,320,165,405,365,369,445,905,604,278,874,679,69,708,568,29,465,295,221,297,126,412,117,463,509,119,596,268,447,546,226,51,611,2,269,517,49,432,27,313,65,117,361,189,105,75,173,194,101,308,127,215,247,60,316,126,255,327,23,333,305,58,285,169,194,249,95,357,408,338,493,11,534,538,39,519,367,123,303,16,198,6,319,214,202,405,125,225,201,65,195,24,205,234,52,113,202,70,148,170,85,70,77,241,78,70,97,126,172,153,27,210,215,33,197,100,121,153,43,225,117,158,248,40,168,113,76,109,71,222,68,189,428,19,176,120,41,56,126,164,97,386,251,180,449,227,185,293,8,226,3,330,266,141,461,304,101,279,110,51,6,120,23,233,56,185,45,42,89,35,553,616,88,464,515,53,472,246,378,568,22,650,662,25,636,569,47,295,276,47,23,112,173,29,285,531,997,134,766,787,125,738,907,265,497,634,128,284,220,199,332,7,508,614,84,683,852,195,743,973,186,794,883,539,182,458,87,265
18,11,136,48,49,56,48,96,105,140,119,2,187,20,207,47,306,203,15,198,353,77,246,240,41,98,363,129,282,129,30,98,266,224,250,276,456,425,36,135,22,72,439,211,137,157,201,81,29,316,137,327,381,62,136,184,76,104,219,15,219,103,35,255,55,289,93,200,161,28,97,95,292,73,67,302,226,101,103,69,45,149,243,240,134,43,200,219,226,77,140,9,152,131,4,31,188,28,107,100,203,133,150,130,61,128,133,73,183,58,78,73,127,61,183,80,10,81,194,80,58,62,88,128,48,69,89,69,74,45,130,99,86,84,378,117,540,350,131,288,92,3,171,174,84,541,607,61,702,1044,459,540,1103,781,86,809,786,79,441,357,127,357,77,517,775,135,890,1256,538,616,1257,796,91,596,422,159,108,238,248,285,976,995,91,1045,1420,691,445,24,24,107,128,202,115,197,113,287,119,131,21,111,216,175,25,351,147,23,91,50,389,207,324,76,39,178,12,19,210,157,344,372,351,194,332,68,193,313,16,45,305,61,141,29,43,104,157,30,159,186,309,73,135,6,72,231,210,60,51,65,422,53,223,136,36,204,6,97
146,266,64,170,868,303,733,513,9,268,356,225,285,284,241,270,3,434,588,685,442,272,112,462,594,523,288,347,163,87,310,652,699,624,297,44,254,284,525,809,430,307,134,337,795,869,802,524,50,681,1006,959,649,58,626,1063,570,55,412,469,256,34,931,424,469,602,121,439,19,483,276,89,244,266,295,590,21,21,633,746,585,46,447,569,580,123,524,179,684,74,832,170,906,382,536,550,227,323,125,532,11,126,262,175,459,405,148,305,329,266,105,111,259,296,80,52,77,532,268,46,142,58,169,196,43,288,345,54,378,120,218,344,150,165,266,13,155,216,304,238,223,191,226,327,90,609,206,56,200,47,50,133,462,75,280,837,80,75,71,257,483,511,668,305,657,374,643,147,348,401,775,130,487,59,118,70,54,1253,442,416,1036,142,322,87,3,540,1035,823,238,300,93,490,40,465,597,386,428,1032,77,273,71,484,277,550,468,321,359,386,193,494,1673,164,176,23,844,282,50,310,271,1329,78,96,197,909,409,394,1187,1180,437,500,822,333,19,549,550,58,769,324,740,122,540,133,440,50,1562,181,208,184,147,521,123,983,449,114,26,315
2,5,190,29,85,59,425,510,582,658,718,747,753,726,680,605,505,399,287,162,55,47,134,215,275,303,324,315,289,241,176,76,8,170,311,458,598,741,861,954,1041,1087,1116,1113,1097,1051,996,920,835,732,622,506,381,255,142,46,33,87,121,78,10,9,53,74,29,44,29,2,14,79,744,867,1002,1122,1228,1310,1357,1364,1333,1256,1128,974,782,576,350,123,98,305,494,655,780,874,922,928,903,828,39,585,416,241,58,111,260,371,457,495,487,441,364,263,153,61,18,63,68,36,32,132,253,376,490,582,645,40,5,8,29,12,0,13,10,47,14,11,267,286,281,254,205,147,81,22,28,66,79,72,46,8,62,127,204,258,309,328,335,311,263,194,108,13,25,184,288,377,458,516,567,587,589,574,530,464,392,310,221,127,35,39,97,143,169,178,171,156,124,87,46,5,69,141,142,141,82,99,123,1,88,78,481,467,433,380,316,237,136,33,76,193,302,392,466,511,534,520,464,387,275,135,20,171,326,469,578,676,5,773,768,741,700,619,528,436,330,221,110,0,107,208,308,401,474,540,565,572,551,482,394,280,163,38,69,31,26,158,84,4
36,55,98,49,95,170,4,98,31,34,58,32,110,62,69,37,35,155,134,137,65,77,41,102,99,64,10,105,38,13,68,74,22,99,138,147,0,188,97,65,15,83,23,212,15,119,36,78,38,107,176,21,10,169,92,11,13,35,35,126,134,142,11,99,4,39,27,22,199,105,1077,1412,1591,1581,1356,969,444,80,598,998,1245,1295,1145,777,341,156,575,890,1011,977,750,376,90,610,993,1228,67,1100,788,375,16,286,430,425,354,161,71,311,447,483,376,152,125,389,567,651,562,341,54,227,386,380,265,44,29,21,57,6,13,22,49,35,16,16,18,25,92,31,3,74,14,113,43,36,120,21,130,66,23,16,72,18,1,85,29,5,60,11,6,53,31,13,85,68,34,57,68,42,25,76,52,103,21,116,129,95,55,43,21,75,3,41,32,72,71,80,95,1,130,103,48,141,257,126,135,162,88,27,120,44,115,170,86,30,34,5,27,117,0,45,4,90,70,59,14,73,60,166,120,142,25,38,87,13,163,146,76,11,22,95,14,14,66,126,15,99,25,197,121,147,59,49,2,44,157,30,154,110,62,55,3,37,159,24,72,112
229,91,601,391,106,237,534,635,721,49,6,655,595,40,4,26,1475,293,245,5,371,174,185,360,401,267,401,50,757,105,1335,103,378,185,185,595,459,348,525,70,751,256,386,731,591,831,457,627,971,214,164,128,120,979,209,202,331,357,14,24,161,62,11,355,99,126,605,223,225,111,1545,430,142,361,393,397,279,24,95,66,479,768,326,1028,1278,138,1076,582,63,71,132,319,36,313,139,320,36,591,344,251,524,289,65,233,281,177,94,48,100,445,3,523,56,329,151,155,104,123,303,436,247,733,58,99,25,75,157,229,29,295,325,35,127,16,435,49,34,417,109,483,161,267,119,1,271,319,101,573,51,146,515,161,588,19,477,193,106,127,719,317,74,601,817,32,543,219,367,501,172,347,737,29,133,190,399,417,297,324,571,691,262,235,71,209,771,349,277,132,45,236,627,671,323,274,713,819,249,541,200,520,788,201,386,22,234,340,647,789,335,1117,513,1013,839,347,106,742,379,610,1714,288,289,1195,973,213,111,1171,413,581,573,1105,1087,247,491,24,357,420,595,381,194,314,119,32,134,673,199,917,138,463,453,140,242,196,355,67,555,25
127,88,36,505,501,91,910,299,873,28,963,62,787,73,885,171,360,254,221,128,393,342,50,428,473,190,432,249,516,276,468,24,397,42,583,170,182,157,448,627,444,879,618,1153,797,827,586,1230,503,705,295,1012,30,890,302,362,66,246,507,492,236,627,14,179,133,203,92,169,695,499,213,679,465,961,84,82,1095,705,479,581,447,311,247,72,73,84,103,393,521,119,239,709,84,109,615,765,297,174,455,375,243,1257,23,405,361,404,227,49,495,225,463,50,309,167,653,109,379,24,51,272,11,159,110,132,155,198,63,141,119,97,215,259,240,129,22,53,585,399,5,199,327,71,84,187,105,221,305,28,263,455,242,585,621,635,358,301,617,58,431,383,375,18,44,369,819,437,517,187,1063,118,41,101,107,27,161,919,388,337,413,48,433,275,285,73,471,475,165,248,423,309,555,168,371,403,1307,61,411,71,122,559,611,82,323,249,243,41,16,230,58,215,194,433,533,301,707,313,729,183,76,275,529,765,248,546,479,115,112,379,301,631,245,543,269,1219,659,475,485,237,181,75,557,547,1227,380,212,615,501,507,171,429,885,279,109,55,237,33
96,170,78,95,7,209,1131,52,680,518,564,324,407,147,961,685,347,38,579,331,196,16,279,282,226,170,158,11,280,218,6,148,226,14,286,253,173,730,156,679,24,971,38,893,354,1180,236,831,329,914,94,555,154,654,397,879,657,56,1137,2,253,8,102,295,61,200,639,971,22,470,95,504,429,42,517,101,134,130,502,112,60,54,531,244,279,453,240,547,112,474,804,283,272,531,563,48,250,329,252,462,428,213,68,1055,0,47,756,208,368,50,292,115,501,227,19,49,372,126,192,408,21,292,378,470,150,16,171,224,222,116,275,67,230,133,64,192,219,151,122,230,65,206,127,80,2,216,368,64,322,205,240,155,583,177,290,109,83,75,329,746,485,189,233,86,629,85,625,350,817,206,352,64,261,137,424,338,261,264,460,283,273,725,268,122,663,89,293,283,697,434,305,60,12,330,77,392,646,1249,98,524,626,652,337,21,634,398,43,255,982,635,20,74,474,164,695,293,630,150,510,74,848,2000,278,482,2,625,134,414,977,820,288,130,794,151,189,223,182,703,753,569,1093,250,843,615,49,58,992,746,185,715,205,181,566,112,533,158
49,124,101,338,179,9,173,622,801,208,496,17,871,733,756,1023,202,554,72,399,263,192,606,3,569,87,405,33,333,227,369,207,164,214,898,562,388,131,903,55,1131,222,840,1297,845,902,85,1076,314,995,470,838,1456,443,944,581,664,849,179,158,57,684,411,108,40,146,92,529,54,214,273,25,207,14,49,495,303,106,786,739,147,89,301,194,1114,117,309,194,265,450,141,415,470,248,262,666,179,91,607,685,349,1041,517,53,153,474,279,421,368,339,958,758,316,327,171,135,449,191,273,378,262,202,231,37,283,67,33,2,111,210,133,112,154,144,2,198,74,74,16,96,111,99,273,49,155,829,278,323,314,522,422,328,293,200,615,331,143,96,315,94,60,101,92,435,421,99,257,171,481,359,311,245,80,182,12,90,517,437,23,362,453,532,283,267,445,559,241,948,744,29,272,1377,338,2,543,570,629,264,266,217,199,87,735,1124,249,171,851,82,310,657,332,174,39,135,95,345,535,181,601,115,109,145,1185,642,238,259,110,531,675,970,622,173,171,407,723,636,908,149,975,248,511,761,292,432,941,199,657,314,430,660,922,803,456,607,405,171
36,114,231,685,637,199,936,1064,224,1039,90,595,344,41,597,646,671,789,278,718,128,258,366,151,213,196,120,228,164,90,89,6,122,220,260,36,550,287,190,688,128,819,579,888,818,756,1067,464,1058,63,740,701,115,629,423,386,639,362,1034,341,32,439,105,899,1073,221,131,222,377,318,121,346,247,32,501,1492,129,471,639,859,125,28,87,287,12,563,359,741,389,395,221,851,1317,282,283,219,7,24,398,633,523,803,597,165,5,277,357,543,425,339,74,49,32,180,395,338,97,331,423,299,0,120,139,297,297,161,271,97,34,113,48,142,405,271,409,59,177,355,39,30,65,429,30,631,287,67,109,825,87,279,546,725,101,107,107,541,427,335,471,93,349,258,359,195,361,1017,577,96,7,687,901,345,115,189,323,374,137,136,145,607,531,583,409,26,443,211,463,317,150,47,566,224,921,501,82,569,39,637,342,294,280,345,235,534,353,104,327,349,83,389,345,575,845,18,633,463,122,129,444,937,175,281,871,857,365,1339,705,223,405,797,453,1251,735,299,331,72,117,1025,322,109,623,250,1181,913,192,311,15,623,45,39,55,283,43,113,248,437
67,142,200,168,165,73,143,17,247,155,134,250,9,317,53,256,151,157,207,181,302,163,405,119,520,251,334,455,91,366,146,242,388,101,185,4,18,107,18,185,171,169,283,32,325,161,220,304,92,222,64,131,70,77,87,68,108,32,176,160,158,644,20,218,89,118,59,237,75,102,244,971,449,381,277,995,1176,310,548,629,577,57,85,179,18,424,275,520,394,195,338,655,24,274,113,121,227,216,281,26,412,39,469,499,483,316,437,6,193,401,246,224,308,181,97,106,257,221,169,244,272,76,40,248,50,39,49,20,67,2,236,149,58,48,3,3,219,34,227,123,34,118,217,95,103,227,117,164,212,19,259,231,233,48,105,367,122,297,535,399,97,1,176,92,6,175,152,143,74,57,13,418,15,43,396,285,363,258,232,204,303,131,211,209,236,167,124,132,64,343,257,1,306,292,309,536,212,139,426,96,310,319,301,105,248,123,189,300,143,45,220,9,432,217,362,285,572,550,293,114,188,51,318,294,499,244,154,219,161,179,35,321,321,404,224,312,330,277,38,151,606,103,169,756,525,144,253,274,131,15,222,42,246,6,174,55
178,302,7,294,591,518,782,734,258,246,363,61,508,391,102,790,1288,1080,116,1418,1986,1392,164,1250,1610,878,87,394,370,27,193,118,397,680,248,619,1252,891,209,685,964,517,231,459,184,226,375,182,185,236,215,101,132,217,34,2,276,555,308,1101,475,71,407,822,174,67,75,37,320,480,656,150,1,452,174,238,213,431,102,53,294,255,272,375,174,235,410,855,469,348,1289,420,15,876,198,344,61,306,84,828,105,424,88,188,130,206,665,71,40,153,525,761,304,84,167,302,47,75,615,650,385,72,184,196,139,154,126,295,47,351,153,131,574,95,144,288,116,8,287,374,420,383,185,619,254,658,392,585,181,259,104,361,11,178,452,98,132,46,258,321,92,91,185,539,53,594,244,181,4,479,564,80,39,240,262,514,701,359,515,778,118,434,664,979,799,869,78,15,897,22,1266,101,387,91,171,4,621,1341,940,540,334,71,788,435,547,148,156,345,1239,271,1285,514,170,604,449,609,84,467,243,475,140,563,130,98,229,44,183,293,889,338,407,195,602,292,371,404,78,584,459,50,403,663,944,1131,1136,633,115,635,215,1079,486,260,418,63,77,389
19,80,177,90,133,356,351,447,115,445,858,742,85,592,962,848,234,315,646,629,325,54,291,276,281,70,120,28,102,305,348,117,437,430,227,383,675,721,140,604,1032,980,336,422,1046,1057,417,315,1036,1141,773,137,487,728,725,494,162,52,165,467,151,127,565,261,300,439,359,183,203,769,110,367,639,54,38,116,156,311,337,183,189,133,189,271,159,600,66,483,419,44,361,781,813,175,859,417,171,12,427,431,589,991,78,361,381,879,580,440,35,779,368,543,335,92,883,249,98,7,105,161,83,238,355,299,407,111,173,233,221,109,9,38,183,102,295,313,18,181,809,20,97,305,143,59,154,681,191,385,951,109,33,17,84,73,79,167,157,223,210,601,165,79,74,535,341,935,253,109,71,1223,457,1247,192,302,490,133,537,335,89,323,685,611,184,787,873,823,465,521,209,99,745,134,1013,133,31,208,305,286,151,233,295,231,437,959,190,333,461,811,423,116,1243,271,240,1055,879,361,299,253,119,20,859,231,967,22,281,461,219,401,431,360,265,406,991,80,395,439,455,549,591,142,165,14,237,177,439,759,389,385,425,150,562,279,229,135,139,74
8,7,6,0,74,2,630,713,607,319,73,478,798,963,961,789,476,122,218,484,628,612,435,100,252,527,630,526,248,117,519,820,30,940,755,409,22,477,836,1024,987,690,216,336,815,1135,1267,1230,1064,829,569,354,191,140,209,357,538,692,796,44,20,1,79,64,35,13,22,45,45,3,56,63,84,7,26,110,25,26,33,24,51,35,75,20,41,5,22,12,34,24,11,35,90,22,43,17,3,33,10,58,7,29,15,18,34,15,3,18,35,13,18,48,7,19,4,37,12,3,37,11,25,5,4,4,14,4,2,2,8,12,32,3,14,6,6,10,22,8,17,37,36,26,55,7,17,74,56,16,48,11,15,7,5,38,12,39,11,88,31,53,56,10,49,7,15,72,64,43,29,37,8,97,14,38,25,34,4,11,33,77,3,16,14,47,0,10,24,6,16,9,1,27,18,49,35,10,70,92,22,54,50,73,16,28,5,26,12,4,85,51,12,84,50,60,21,7,2,1,29,6,51,6,2,0,29,27,14,76,40,10,21,66,3,27,50,35,10,35,25,29,102,8,46,32,27,21,0,0,17,39,21,7,21,18,31,14
208,15,21,13,1174,731,196,1053,1205,567,507,1277,1190,311,825,1431,1100,9,1146,1533,912,370,1449,1562,615,803,1697,1459,234,1238,1865,1243,11,1593,1802,803,731,1701,1494,308,1081,1659,1118,175,1304,1476,676,575,1362,1195,241,839,1285,832,152,965,1093,467,427,967,828,4,13,14,0,8,19,9,8,6,1,1,6,10,4,1,3,0,9,4,0,0,1,2,0,2,1,2,3,2,5,0,6,1,1,1,2,2,2,4,2,3,4,1,2,1,3,3,3,0,4,4,0,0,1,1,0,0,2,0,2,1,0,0,2,0,0,0,1,2,1,1,2,1,2,0,1,1,4,2,0,3,2,0,1,3,2,0,6,2,1,0,3,1,2,2,3,1,1,1,0,1,2,1,0,1,1,1,0,4,1,0,5,7,4,1,2,3,3,0,0,3,3,2,1,1,4,1,0,4,6,1,4,7,2,2,2,2,1,2,1,4,9,3,3,8,3,1,0,1,0,6,9,3,0,0,8,5,3,11,6,3,7,2,1,6,0,9,11,2,4,5,0,0,11,5,7,0,1,1,1,7,16,2,2,9,3,5,4,5,2,8,4,6,2,5
11,147,88,62,15,103,612,671,626,461,192,119,466,769,996,1127,1147,1048,856,603,320,51,177,327,355,290,111,146,435,715,941,1074,67,1003,795,490,129,252,608,899,1091,1167,1124,980,760,491,217,37,228,349,389,339,225,53,146,348,517,624,652,172,41,134,8,50,16,101,79,10,26,19,132,316,545,804,1069,1306,1479,1560,1546,1423,1215,940,630,326,71,108,180,160,42,149,371,593,782,905,957,925,65,612,377,140,57,170,163,46,191,491,814,1102,1316,1410,1380,1232,992,702,430,216,108,113,213,366,525,630,650,12,11,1,18,15,3,8,21,15,6,28,31,86,225,345,420,430,367,260,136,25,54,95,96,72,48,40,60,111,200,301,413,503,549,536,457,313,55,66,264,416,514,550,523,441,322,193,63,51,126,160,144,76,19,137,255,350,384,367,283,152,3,151,266,27,59,112,78,46,97,11,157,28,102,88,357,364,352,332,282,219,137,53,9,48,49,7,79,196,308,408,456,464,406,287,132,27,195,348,451,527,26,577,535,454,352,228,113,5,61,91,61,9,92,217,338,452,544,586,581,513,396,225,47,111,237,310,333,23,71,49,51,79
5,22,47,19,7,34,191,46,78,150,239,240,169,84,290,400,317,7,353,517,400,24,428,580,360,96,496,566,254,211,531,483,1,363,564,395,72,514,598,231,285,650,538,38,510,683,422,186,720,755,240,487,947,789,47,793,1176,794,114,11,20,5,7,2,9,11,46,36,54,2,26,21,31,28,6,7,48,59,16,12,49,22,16,23,25,10,19,24,36,6,2,22,18,32,18,27,30,18,24,9,4,32,33,62,6,8,32,34,25,21,1,5,47,29,14,21,1,14,6,26,14,10,11,0,18,13,5,6,13,18,11,3,16,0,10,4,10,13,22,0,3,10,0,24,19,10,46,5,15,8,11,55,14,5,15,10,6,28,1,4,7,4,3,41,14,54,42,44,19,18,31,9,10,1,15,22,12,53,50,37,10,14,54,34,2,5,9,15,18,39,16,24,7,0,21,2,67,15,4,4,42,18,18,10,38,19,41,14,13,34,20,28,33,8,74,77,24,43,24,50,44,15,44,43,19,7,0,8,29,57,20,3,15,1,1,31,83,21,20,9,49,19,52,9,2,21,3,25,1,42,10,24,0,40,2,6
35,130,116,144,60,604,148,674,367,534,931,398,630,1104,510,598,1043,454,430,547,104,49,265,288,402,988,587,552,1295,784,468,1212,356,237,732,405,97,108,155,33,428,605,86,657,832,223,586,778,248,393,494,118,174,73,137,28,384,370,171,675,420,756,357,299,467,54,294,320,43,358,395,265,191,470,258,183,394,230,134,326,166,155,178,45,133,93,213,13,292,210,218,406,31,410,262,227,401,31,402,232,245,268,185,313,170,506,47,562,430,256,483,46,296,53,249,24,345,138,295,266,117,132,187,338,67,85,58,158,209,14,179,63,42,58,15,188,116,110,134,30,83,47,77,66,93,47,125,45,246,120,197,345,120,197,288,109,66,68,32,145,147,70,308,473,145,333,420,60,138,84,29,156,198,52,346,290,120,353,167,194,222,88,329,78,387,439,134,172,143,482,657,75,171,342,73,172,91,493,190,462,520,54,659,549,216,728,447,220,576,262,196,296,2,242,35,473,348,331,914,457,584,1044,405,523,181,261,279,342,22,161,122,418,166,549,859,156,838,962,14,890,699,196,626,165,332,205,237,218,145,272,45,418,271,203,250,116
139,197,179,77,555,285,6,677,545,101,1094,754,498,1028,423,459,471,61,206,481,164,145,316,198,560,286,592,746,250,869,97,582,1215,381,376,85,733,178,346,525,27,63,687,533,344,994,287,122,1137,563,429,1249,370,577,917,60,393,640,286,271,204,541,155,417,769,495,1,911,555,795,245,87,50,375,202,199,255,423,755,705,154,459,589,635,579,163,939,167,156,182,1051,35,106,304,299,597,453,54,393,353,53,283,263,302,174,159,619,227,1047,91,95,187,96,625,459,317,699,199,299,71,165,111,491,245,7,127,129,415,172,3,253,259,102,24,221,225,178,71,108,385,61,307,168,187,146,177,167,9,206,12,245,88,313,435,369,1015,397,565,145,278,1051,460,663,293,939,127,138,347,319,76,493,384,287,69,279,233,435,777,581,528,76,25,685,857,513,625,191,447,619,40,71,999,358,527,181,515,123,733,383,565,217,138,66,313,350,121,374,583,251,1017,1021,289,311,264,499,1077,597,299,1595,12,195,291,246,285,993,459,430,349,197,473,83,993,611,577,607,133,847,123,1189,1063,447,1021,775,535,102,1027,43,325,146,495,877,330,83,619,198,435
515,570,24,327,695,1004,1153,1109,925,656,397,110,16,28,26,30,32,5,172,385,795,962,1209,1233,1044,624,243,58,342,590,653,523,449,342,292,397,488,664,645,634,557,296,55,280,566,761,895,788,715,477,268,3,41,189,134,243,97,213,234,305,221,343,288,208,59,41,75,219,246,314,256,224,131,20,92,64,161,99,266,249,234,175,35,47,191,208,332,292,323,280,227,213,155,68,176,172,223,332,373,413,343,305,210,98,173,305,343,371,353,278,160,52,193,304,335,392,375,290,153,5,69,157,19,108,36,18,0,77,387,367,199,2,196,245,64,37,39,70,71,2,62,72,127,97,51,56,48,181,160,84,52,88,28,49,12,75,59,92,124,162,213,290,279,231,164,108,69,107,231,323,327,315,370,183,91,32,118,200,335,390,382,515,438,353,343,225,22,154,243,397,587,658,758,722,570,446,276,59,121,178,242,291,396,376,522,631,559,658,514,377,170,85,286,479,439,458,393,322,293,242,350,455,507,633,644,342,142,171,404,732,772,870,700,540,511,408,443,393,382,396,322,124,27,328,660,831,859,945,784,551,395,211,263,337,373,271
203,403,338,83,217,32,367,913,478,972,283,1008,1,890,183,719,228,565,330,495,318,426,344,243,154,40,47,53,67,119,162,116,307,3,426,109,777,574,815,1063,504,1232,94,989,2,788,6,840,282,872,602,486,633,64,287,179,48,167,263,17,1285,229,153,230,765,677,61,371,27,383,93,695,212,703,983,831,129,299,207,544,235,429,1191,532,395,663,243,663,949,521,441,128,369,105,265,413,14,299,141,31,256,448,292,135,559,531,463,277,186,533,125,379,497,281,40,269,156,612,28,83,497,291,521,47,247,169,341,257,116,2,231,38,321,249,306,13,19,73,121,277,13,343,537,611,604,46,50,175,503,787,739,112,436,368,183,171,105,502,673,26,93,15,151,109,87,10,713,303,225,61,195,547,383,611,443,447,389,18,483,587,77,199,75,375,93,479,501,229,355,350,1037,1003,135,323,260,757,555,281,5,707,141,1459,645,705,18,217,64,55,231,2,1167,1091,527,156,271,573,303,463,221,515,442,105,701,201,751,459,585,341,453,222,653,251,156,207,373,617,419,695,423,108,283,241,84,673,509,683,182,547,563,859,513,159,597,469,233,36
167,244,283,809,176,129,269,386,663,26,809,445,506,1000,28,941,582,894,660,90,1072,146,391,334,65,540,32,251,2,121,407,57,419,57,1,285,91,235,672,308,934,60,882,896,635,1151,76,1126,746,649,1043,47,562,660,157,690,409,253,228,412,907,170,285,1141,767,367,214,541,501,311,469,4,24,40,259,145,435,543,355,615,673,479,795,105,368,217,337,452,362,41,641,733,303,252,305,519,625,761,40,165,467,359,84,345,359,137,366,885,7,255,7,459,119,321,205,263,853,121,401,376,0,511,336,273,180,203,239,231,39,65,47,103,46,257,433,505,7,293,307,9,57,405,340,95,60,301,38,129,395,236,44,392,56,519,391,109,341,853,563,1345,973,204,47,357,525,115,253,765,52,549,465,621,919,501,340,108,389,125,180,309,417,597,229,923,437,407,61,152,103,567,132,549,24,116,585,539,501,611,181,58,697,320,312,126,672,77,198,583,691,265,796,32,254,685,79,203,232,763,915,205,515,182,8,126,399,473,227,209,249,835,965,369,359,599,254,127,874,653,286,135,131,92,905,586,281,24,231,435,209,46,97,703,189,41,179,303
22,110,180,753,237,511,689,968,795,889,886,1002,863,1111,956,929,741,851,670,909,531,699,254,545,16,297,16,117,133,274,380,106,905,609,368,573,281,721,277,961,485,910,223,1113,335,1110,121,1103,54,1027,136,791,142,560,148,533,81,432,215,165,221,297,16,353,396,348,431,5,782,118,581,594,20,728,945,553,414,144,455,592,43,608,254,225,468,337,996,353,240,1167,708,434,42,393,237,539,133,120,195,1177,439,77,616,139,63,496,697,407,113,75,111,88,58,125,163,583,578,674,290,209,76,477,217,189,288,397,104,206,89,36,106,101,313,11,103,198,365,304,25,614,198,151,21,74,158,161,249,533,674,239,163,408,382,16,193,63,357,130,79,191,291,333,73,82,76,306,712,926,33,188,74,266,618,42,43,216,375,234,191,342,403,531,152,373,53,396,505,191,265,929,250,143,292,95,84,852,102,625,587,441,317,306,380,162,134,664,647,836,70,569,352,286,404,91,72,347,255,193,139,667,133,47,259,229,1237,661,192,222,598,102,83,123,653,80,296,390,489,182,120,750,133,521,480,772,834,343,883,974,779,900,470,172,219,1157,329,232
28,31,177,6,159,150,175,135,321,178,27,53,50,217,58,192,13,118,64,9,14,13,99,110,137,115,116,50,9,229,23,52,14,55,161,233,271,161,278,102,22,309,323,94,76,283,171,22,75,96,70,73,131,30,7,66,108,57,106,211,233,58,111,24,26,102,0,76,150,143,212,65,93,35,70,164,100,29,93,10,161,49,40,50,31,111,193,68,147,5,183,176,114,73,190,176,51,197,182,161,190,139,315,44,72,52,18,64,122,13,7,31,64,54,24,145,75,7,185,110,8,12,19,26,46,67,39,18,37,15,75,28,32,37,279,312,398,515,656,755,832,773,621,381,82,213,494,714,805,745,547,282,39,127,248,341,335,300,161,56,218,82,114,148,203,257,397,545,743,867,942,908,872,845,794,720,632,550,404,260,51,96,199,194,114,37,192,148,258,83,44,9,122,56,19,16,178,52,147,287,231,67,55,63,97,125,101,108,199,153,28,73,70,133,128,127,67,13,7,178,11,158,205,204,40,21,135,100,331,80,95,46,43,150,214,66,120,83,78,46,256,67,349,48,86,39,92,118,82,347,24,28,145,163,0,42
3,8,26,20,52,7,5,29,43,51,22,22,8,39,1,45,91,76,29,93,7,74,26,60,44,71,11,80,22,44,11,43,27,39,42,17,76,80,21,45,34,62,78,20,55,4,63,101,49,25,23,16,91,85,78,16,46,32,49,21,45,2,6,0,66,53,40,65,32,73,585,841,969,982,876,691,482,262,48,140,278,378,418,382,274,80,164,436,712,950,1134,1218,1271,1234,1130,965,3,560,323,91,126,331,484,573,606,571,489,369,236,125,28,14,25,11,88,195,314,436,526,581,574,524,419,36,18,17,34,3,3,5,6,0,5,41,34,20,8,3,47,19,1,3,8,9,3,7,1,4,0,17,16,2,31,18,5,60,30,0,5,31,34,7,11,21,15,48,4,54,28,37,1,58,13,45,6,19,24,7,2,48,1,38,10,51,24,19,81,57,11,78,60,37,42,82,48,81,51,13,35,2,14,22,10,13,13,4,15,81,17,8,56,11,60,8,34,39,16,8,26,52,48,37,45,44,43,58,42,18,34,56,24,74,48,12,122,32,10,41,62,29,35,46,9,15,93,15,27,38,50,57,73,36,69,42,10,28
181,95,219,151,637,1067,97,829,218,591,467,1411,143,1220,184,484,540,496,476,785,174,464,123,377,244,238,523,54,176,112,485,737,838,658,260,1126,60,848,300,1126,272,1593,353,1322,84,1035,104,1311,275,1304,37,1018,97,1173,124,983,24,596,91,523,23,348,615,387,189,303,725,305,469,747,892,133,154,231,150,394,5,248,582,599,343,363,251,389,250,410,113,37,722,71,595,338,262,356,563,562,343,78,68,5,343,463,452,595,59,1021,730,130,361,227,780,12,220,196,469,324,118,231,427,161,161,282,182,73,172,241,341,131,44,113,337,150,393,54,212,53,164,643,30,150,74,98,101,164,438,139,231,81,73,106,120,230,140,309,472,490,87,502,156,133,328,505,515,477,401,386,463,363,283,1084,12,192,657,354,283,348,306,142,79,271,1243,64,974,112,875,281,598,12,567,394,171,267,697,200,865,502,547,699,299,23,727,431,194,65,410,237,828,53,1236,556,673,178,635,564,75,335,313,395,234,551,253,266,203,193,358,552,269,288,525,102,456,521,751,771,768,666,708,112,503,347,661,34,191,469,721,399,330,697,344,356,237,495,163,530,893,508
259,533,367,207,535,113,715,972,476,190,557,811,64,444,680,696,195,711,710,492,479,640,444,209,400,442,79,38,401,228,89,119,435,103,42,468,468,193,345,845,817,284,600,1234,1040,241,730,1194,904,93,762,1078,612,55,765,868,458,66,640,359,105,391,332,329,281,502,765,44,323,723,81,151,81,409,291,287,69,646,164,49,156,145,50,216,605,270,973,353,184,685,116,109,609,490,355,435,20,309,719,243,484,461,1125,463,269,458,142,603,527,220,486,289,643,403,389,245,71,162,431,379,79,297,137,583,195,277,82,331,156,32,19,135,195,311,29,298,16,121,295,121,643,21,325,136,533,58,783,249,33,517,563,651,217,559,371,73,191,153,153,369,94,213,79,73,613,42,159,591,108,381,382,32,135,329,911,341,367,585,357,223,353,417,857,74,255,903,326,776,142,200,509,257,451,140,811,14,221,628,20,585,521,1031,245,44,607,50,117,569,573,279,259,346,165,101,209,633,383,659,516,60,446,723,230,539,345,349,935,119,441,735,186,450,344,234,769,44,1237,515,54,71,162,169,379,205,215,328,421,259,574,421,234,347,359,871,178,129
13,1,0,6,1,4,1029,471,506,1214,1178,428,553,1219,1244,660,151,776,891,480,95,419,222,348,839,802,130,761,1390,1336,579,423,7,1299,676,257,1013,1045,342,643,1315,1161,256,824,1498,1362,552,376,1012,1024,533,107,502,403,77,532,570,65,659,0,3,8,2,0,7,2,3,1,0,0,0,2,2,0,1,0,3,0,0,2,0,1,0,2,1,0,2,2,2,1,2,0,2,5,4,1,1,0,0,2,0,0,1,0,0,0,1,0,0,0,1,2,5,0,1,2,1,0,3,1,1,2,1,1,0,1,3,0,0,3,1,0,1,0,1,1,0,0,4,0,1,1,2,2,1,0,1,0,0,1,2,1,1,0,5,0,5,2,1,2,1,1,1,0,2,1,2,0,1,2,3,1,0,1,1,0,1,0,0,1,1,0,0,1,2,1,0,1,2,0,0,0,1,2,0,2,2,2,1,0,2,0,2,5,5,6,0,2,2,3,4,2,1,2,3,0,3,1,0,6,0,1,1,1,3,1,0,0,0,3,0,3,2,0,6,2,0,0,2,0,3,2,0,2,4,1,0,1,1,1,0,0,0,1,0,0
96,12,389,358,229,674,289,651,708,319,834,122,759,463,544,706,116,675,233,478,427,320,412,58,174,26,80,190,42,423,35,546,306,534,535,361,761,111,883,178,742,482,688,643,457,759,184,874,123,798,471,507,644,159,786,307,529,621,181,335,312,643,8,416,276,11,15,182,489,674,477,874,141,286,370,668,643,28,101,606,506,105,878,279,411,540,864,45,360,209,94,791,1012,143,740,430,278,84,234,112,366,347,285,189,233,215,46,678,411,23,43,882,778,229,164,248,1,1,397,93,2,51,514,67,300,171,49,261,191,18,35,154,168,244,170,161,23,8,94,113,244,479,11,588,427,158,158,34,95,120,151,483,168,471,268,139,137,1060,33,431,517,895,681,957,697,217,418,44,295,84,523,543,1476,77,67,36,439,67,57,573,740,323,157,378,88,127,587,15,526,382,591,578,540,1028,209,734,776,185,778,98,471,1239,47,670,36,213,396,739,296,469,689,459,133,331,871,91,73,138,104,246,214,67,1066,456,204,141,9,65,194,637,278,11,234,525,1313,254,441,420,285,44,171,697,15,1128,226,443,230,659,82,47,196,347,178,914,274,75
14,24,109,131,29,44,501,264,79,434,698,788,653,339,82,509,832,1001,981,795,509,196,68,185,137,58,373,702,969,1077,1017,781,78,3,356,577,607,411,43,412,875,1228,1384,1300,1015,583,119,293,574,689,644,487,277,100,3,24,172,413,679,4,44,92,33,92,8,141,8,79,67,2,209,557,895,1149,1283,1261,1058,720,305,126,472,674,704,585,336,50,189,316,273,82,234,588,892,1072,1084,933,27,359,113,6,78,294,596,869,1008,949,666,219,295,764,1071,1172,1055,795,478,240,127,157,290,421,474,388,172,20,14,64,19,41,18,39,35,16,5,13,166,31,142,298,400,409,329,183,13,126,214,229,213,185,182,220,286,350,370,318,179,14,227,397,466,433,27,73,168,369,475,458,328,123,114,328,454,487,418,289,145,29,25,1,83,200,314,394,385,293,123,98,329,44,5,126,9,38,51,77,45,70,50,9,270,158,42,48,102,122,84,20,59,105,93,14,125,300,429,484,436,288,99,91,215,243,174,33,132,300,65,542,603,613,562,467,321,150,5,98,108,42,67,200,300,318,246,97,105,284,416,448,378,236,54,110,219,45,28,12,20,3
4,48,56,87,121,1,19,395,486,104,344,452,147,259,498,326,130,628,633,110,502,699,371,198,553,437,67,482,417,22,489,646,185,467,844,487,249,683,511,24,406,420,147,259,418,167,301,522,291,246,608,528,36,461,564,247,174,361,228,74,1,71,20,1,28,69,91,60,33,20,269,127,95,289,217,10,185,146,23,92,100,13,136,138,30,186,169,10,145,215,142,7,153,157,96,26,36,73,1,7,11,74,22,66,157,94,14,131,144,69,54,97,69,0,19,11,36,58,40,29,82,65,14,7,3,3,12,8,60,11,38,32,63,36,186,93,198,268,80,442,333,219,616,401,237,625,371,195,439,130,321,327,127,571,485,84,637,692,204,476,5,376,341,658,255,336,536,121,447,619,178,499,810,467,309,854,678,89,677,595,33,598,602,2,704,850,153,45,123,67,66,131,31,47,36,32,159,123,470,1,643,781,251,519,807,406,293,677,508,145,657,538,73,618,619,92,575,827,390,509,1010,713,259,994,300,2,759,885,175,648,967,380,559,1087,692,248,1010,934,135,749,995,425,493,980,567,318,860,590,113,628,553,11,56,192,44,81
14,20,120,89,82,40,84,323,459,486,340,69,169,394,522,443,314,38,287,549,702,652,395,74,252,483,520,476,217,112,438,686,213,518,158,264,566,725,635,443,166,97,349,425,337,134,124,350,490,484,364,123,176,422,541,489,355,90,78,59,40,30,129,50,33,18,98,11,57,52,301,312,243,159,3,122,195,194,167,65,40,89,113,71,16,58,140,185,132,82,6,97,156,174,186,118,4,49,50,34,4,31,58,75,49,29,94,159,167,127,90,35,43,75,99,67,47,71,66,68,49,0,66,1,23,8,29,10,40,3,15,37,15,6,62,140,284,234,38,373,537,446,173,196,505,572,385,72,243,409,303,45,397,643,653,470,47,358,697,726,93,267,131,422,532,399,44,355,622,715,479,169,247,658,873,792,454,3,421,627,598,366,34,377,789,945,707,27,99,0,180,10,62,102,111,49,131,14,142,231,627,783,715,434,23,361,641,686,540,157,222,571,686,617,369,56,514,845,895,806,325,218,697,965,141,574,54,474,853,924,786,321,217,731,1071,1093,805,357,202,702,949,940,616,115,382,809,879,703,387,111,457,109,17,117,10,0
75,59,433,53,214,190,27,144,16,272,430,52,213,610,611,175,379,636,428,55,365,262,108,334,133,362,699,483,197,855,933,344,434,812,569,9,326,189,153,858,111,565,629,127,579,895,524,210,682,528,45,453,266,300,634,324,445,1011,819,63,962,1161,525,417,921,667,9,440,330,92,304,65,366,512,172,145,604,349,127,381,251,63,175,12,301,327,25,502,662,314,314,734,605,59,441,511,193,147,208,20,150,87,149,833,167,89,274,234,50,102,108,45,32,91,112,16,155,235,132,97,253,199,9,8,22,10,44,52,23,23,34,21,44,3,83,198,84,148,248,83,190,268,70,199,235,25,187,149,73,213,102,156,274,376,158,263,103,148,223,38,201,250,44,222,305,143,147,298,208,39,235,214,13,192,205,16,206,244,55,217,315,228,150,295,187,53,184,85,127,162,54,342,382,37,457,646,320,305,676,490,82,500,408,62,419,284,204,546,376,207,661,546,34,568,578,64,447,1116,48,536,472,120,694,659,37,615,734,227,410,585,194,318,431,26,455,512,13,584,717,236,462,758,409,214,559,44,184,486,271,275,648,482,99,650,722,61
60,3,556,599,362,3,360,451,485,122,200,445,562,378,34,355,613,559,303,68,510,703,550,12,242,612,722,253,221,594,724,524,125,420,696,819,397,221,467,404,366,42,470,596,329,158,289,497,586,296,143,409,529,310,21,197,393,231,94,99,335,391,217,5,159,337,291,101,85,258,165,55,32,204,177,129,43,115,213,183,40,74,164,185,50,104,161,178,53,47,95,134,62,9,75,138,111,18,69,99,115,20,122,113,77,17,78,88,25,38,94,95,10,44,31,28,30,18,25,11,10,21,0,33,43,26,13,21,5,3,44,14,8,15,246,199,98,294,261,0,363,433,138,258,588,371,13,584,591,275,157,544,415,360,280,520,459,187,320,517,610,168,364,554,540,182,383,617,595,181,241,643,631,401,201,626,791,423,107,571,728,296,52,511,788,600,108,441,795,512,77,236,737,698,290,165,794,952,422,16,449,597,558,87,364,583,857,295,90,712,832,367,139,517,778,485,228,431,678,815,448,247,863,1137,608,42,614,1087,799,207,379,885,762,462,128,858,1048,801,239,459,874,884,523,193,689,838,585,118,503,726,606,323,184,451,531,14
1,24,87,54,96,91,235,352,419,484,493,482,464,369,365,347,277,170,36,81,213,285,353,420,447,533,538,541,501,457,408,299,141,67,93,246,336,463,458,468,485,428,393,410,335,239,172,60,42,117,249,328,385,404,413,389,379,363,338,40,2,116,36,13,25,33,120,112,18,43,301,256,263,260,203,187,148,89,26,12,79,126,134,172,177,122,103,90,88,74,47,17,24,58,83,60,15,39,27,4,21,50,103,125,162,181,159,165,138,126,107,81,65,40,40,35,39,51,60,64,63,82,87,4,12,8,4,5,49,25,9,46,41,9,49,78,178,265,276,187,49,118,296,478,600,648,628,505,347,146,51,270,426,518,580,604,565,491,402,237,104,104,288,420,485,537,558,465,360,257,84,72,208,392,560,639,761,782,745,683,575,459,320,145,77,284,510,194,145,0,172,23,37,40,190,70,76,103,156,287,433,582,702,741,799,740,686,637,512,331,120,46,244,409,536,616,754,830,894,997,902,871,762,555,230,66,135,377,566,781,906,978,1064,1075,1098,1041,856,710,523,324,116,131,290,485,631,808,840,847,797,656,531,18,22,63,20,51
79,111,471,363,221,96,30,130,190,219,172,148,3,109,258,376,498,547,545,463,333,162,28,221,415,536,610,574,469,298,86,129,328,475,541,508,407,218,4,1254,413,564,605,545,398,171,83,340,530,632,603,475,224,60,387,669,889,1006,1030,916,725,448,159,115,334,483,526,467,323,104,119,337,462,543,506,131,278,107,60,168,211,183,71,66,257,408,550,608,622,537,408,240,72,83,212,285,319,281,213,99,11,142,224,637,275,227,135,34,55,108,115,82,20,47,103,128,115,65,7,88,157,210,233,57,10,29,20,15,2,20,7,12,18,12,95,165,194,188,131,38,76,182,242,253,191,94,23,124,197,199,148,58,61,26,227,240,207,131,20,91,199,261,281,240,184,109,9,78,182,245,286,284,244,179,105,0,107,222,295,313,310,108,177,70,4,93,136,139,74,33,170,298,418,499,546,508,404,236,31,180,350,452,498,436,299,78,148,390,549,667,646,571,373,162,80,262,403,1075,365,204,28,280,525,694,812,798,716,493,276,1,212,353,406,354,211,0,225,465,629,738,743,659,493,286,51,67,381,493,520,463,319,133,77,296,454,61
126,226,65,206,125,92,32,521,162,1,216,162,177,208,159,44,92,142,213,219,50,22,45,182,103,37,284,95,173,239,253,239,68,2,79,250,82,413,635,275,410,3,96,59,328,127,121,624,10,478,292,273,218,351,207,211,76,176,114,151,279,88,216,208,250,23,48,79,1549,1124,595,32,770,1257,1296,1578,750,113,256,702,1170,1324,1209,1163,713,250,110,685,1142,533,995,849,377,91,433,943,20,1058,888,507,62,368,674,731,735,546,269,55,331,571,557,398,197,67,305,397,324,404,93,28,53,19,2,24,146,29,17,31,70,51,57,89,68,28,66,87,32,172,89,47,218,76,77,123,38,95,35,32,84,160,110,81,40,64,126,147,139,44,205,176,92,113,107,88,59,110,60,32,91,23,38,4,102,20,20,159,72,46,7,9,87,154,128,95,115,11,69,339,111,27,61,114,118,156,328,97,44,39,72,178,79,86,19,151,58,246,17,188,114,20,295,30,107,311,190,3,41,142,89,31,175,96,57,49,90,110,46,106,16,9,42,0,112,80,20,109,66,231,97,37,50,148,206,159,94,14,77,77,23,214,273,47,242,65,79,142
132,12,10,12,438,863,1155,1226,1067,688,162,410,933,1291,1398,1256,852,262,411,1035,1448,1616,1448,1001,326,436,1148,1637,1815,1629,1116,359,13,1270,1737,1845,1591,1020,268,526,1187,1563,1624,1356,830,156,537,1094,1369,1380,1093,618,34,547,936,1150,1105,833,407,59,493,16,9,11,4,14,9,11,20,2,14,13,11,9,11,0,1,0,6,0,4,5,8,0,2,1,5,2,6,0,3,0,1,0,2,1,1,3,3,6,4,3,4,0,0,2,0,5,0,2,2,0,0,2,2,3,0,4,0,3,2,0,0,1,1,0,3,1,1,0,0,2,1,1,2,2,1,0,1,2,5,2,0,0,1,1,4,2,1,1,6,4,2,2,1,4,2,3,2,7,3,5,2,3,1,5,0,0,2,0,2,3,0,2,2,7,5,5,1,3,1,4,0,2,4,1,4,2,6,2,2,0,0,0,1,2,4,6,7,1,1,7,2,4,1,1,8,10,3,0,6,2,3,3,8,7,3,12,2,1,2,12,6,9,6,5,2,13,7,3,11,8,1,4,11,9,6,4,4,1,9,3,13,12,2,7,0,4,1,1,3,8,6,2,18,37
60,2,270,126,179,118,68,96,227,51,63,53,142,31,136,176,197,145,352,82,42,93,25,18,73,103,189,99,173,348,352,90,156,93,123,48,236,174,327,294,96,87,52,350,127,394,183,138,48,3,127,61,174,128,260,39,60,122,154,34,109,6,68,207,173,109,30,35,30,34,213,128,132,52,29,52,36,130,97,81,224,92,146,173,216,1,24,39,173,229,158,196,267,5,9,131,182,16,422,63,172,48,89,62,54,98,22,158,1,70,213,12,26,301,165,47,60,80,19,22,18,27,97,81,62,74,11,12,40,60,8,42,4,11,43,517,437,180,429,141,60,4,71,172,490,374,356,895,682,282,1133,964,70,934,933,182,632,586,5,344,62,302,447,123,865,842,171,1226,1219,130,1003,1185,322,442,510,227,126,294,367,201,1010,1126,53,1228,1462,527,706,196,203,25,234,126,255,286,155,287,95,31,32,69,31,139,4,62,175,48,13,166,180,10,38,150,80,276,354,121,71,286,8,190,73,345,529,32,335,25,86,61,59,114,192,43,65,100,195,131,23,198,105,107,281,291,122,7,55,205,10,46,210,238,67,160,211,32,110,36
4,186,180,138,315,223,296,190,233,454,205,290,542,157,312,424,92,302,280,165,353,136,229,279,69,89,37,129,138,219,27,166,254,196,59,283,335,72,465,275,289,454,4,453,357,150,434,162,283,270,114,313,143,160,249,144,10,95,245,19,94,90,387,143,88,375,36,47,87,161,46,113,380,100,710,408,245,83,353,107,371,38,80,231,50,64,204,0,12,323,143,4,159,140,335,341,29,202,7,200,556,158,264,168,39,140,322,71,126,17,275,413,113,7,36,150,245,9,13,69,173,242,243,26,92,61,44,80,89,82,130,67,50,106,167,149,52,190,39,34,80,75,2,249,170,63,29,254,174,4,512,151,200,424,108,148,233,124,189,50,199,106,328,81,75,46,19,80,413,197,267,24,198,19,516,93,90,18,297,15,113,35,25,137,63,360,327,66,61,181,233,58,203,512,52,298,295,98,265,632,305,127,215,156,549,262,260,369,13,96,163,7,173,122,156,306,46,211,222,335,303,33,24,165,247,25,175,476,79,210,11,874,324,122,170,500,92,301,156,1045,192,268,231,269,102,265,361,151,266,89,126,32,38,63,36,218
177,290,175,8,809,208,928,532,45,422,564,198,178,192,226,22,225,366,246,174,747,809,339,55,648,782,457,265,761,548,65,237,182,615,267,316,722,943,454,208,935,789,349,635,991,606,210,849,859,378,466,933,471,552,977,411,540,706,517,473,247,264,113,61,219,53,303,934,443,124,650,56,182,435,490,236,630,220,60,529,594,27,365,349,895,442,145,99,139,767,111,230,453,493,85,25,269,273,246,359,236,486,29,21,392,398,250,592,812,816,532,264,174,75,139,112,373,416,383,178,288,351,101,77,155,303,153,43,126,280,88,44,335,167,170,179,210,70,125,135,199,171,281,311,73,257,42,123,225,393,442,129,9,463,182,766,30,387,600,85,85,644,508,360,116,169,37,219,507,89,1132,1060,95,236,342,884,397,103,784,953,215,269,165,234,68,226,448,448,794,495,75,698,251,414,280,200,181,117,1087,487,104,490,1087,22,234,159,604,538,675,52,406,369,355,113,20,547,561,560,396,288,146,367,33,341,333,539,489,57,406,182,244,15,74,113,155,272,189,908,208,106,400,109,35,679,194,287,441,97,518,376,227,265,397,0,30,179
20,108,553,194,581,389,676,236,773,119,748,492,594,717,311,793,46,811,405,585,613,243,679,101,521,268,307,352,109,259,435,28,183,435,445,832,213,1137,246,1138,675,824,1087,422,1143,30,1068,492,904,745,571,738,189,666,121,441,132,282,182,307,1087,492,90,899,1033,672,911,255,217,31,333,6,201,381,419,363,501,443,118,219,294,925,223,743,190,549,241,142,84,521,317,782,115,547,535,462,531,285,106,275,151,765,731,247,913,78,1,58,17,97,215,273,48,213,101,294,14,75,259,271,207,369,13,259,291,23,94,417,86,303,123,1,191,54,175,24,84,147,116,181,275,51,90,529,66,79,151,713,433,257,341,227,315,487,133,259,599,32,565,154,175,461,841,4,579,267,451,201,87,74,597,277,199,707,833,12,143,171,160,201,467,528,83,543,993,889,203,34,355,713,76,899,681,290,1023,395,555,323,427,91,783,243,487,1009,617,883,535,987,471,355,301,861,459,427,163,183,621,626,1369,450,371,625,855,1135,743,425,79,711,843,425,675,23,93,7,229,475,563,499,267,284,893,779,107,511,639,122,479,99,217,415,170,1027,311,595,559,85
68,52,22,28,69,52,262,52,339,119,255,111,12,127,6,284,171,193,43,213,40,56,108,70,260,265,24,169,139,25,317,69,45,292,176,251,16,14,35,332,161,307,143,17,27,557,273,67,132,66,7,61,177,20,21,175,302,3,175,126,1,470,234,35,90,88,185,104,223,55,255,68,425,241,17,258,262,60,155,153,317,115,40,7,166,140,82,180,3,85,203,169,49,141,404,53,23,73,140,60,23,109,77,165,30,70,186,15,168,101,3,46,70,105,30,360,19,23,61,109,45,42,59,1,128,111,49,157,42,50,9,90,123,50,298,78,482,561,130,581,917,340,672,1132,414,718,1207,493,594,1042,522,256,540,343,62,75,83,152,216,115,60,221,207,131,10,136,340,486,341,238,792,872,285,655,1203,817,272,1304,1348,366,1060,1739,1135,342,1515,1522,568,41,82,203,453,160,131,503,87,179,26,280,265,11,121,44,101,303,19,310,112,219,489,423,3,122,107,152,130,38,1,129,81,1,338,432,400,75,228,127,55,26,161,15,79,164,235,180,320,188,195,300,64,48,163,241,186,138,40,315,259,333,376,321,342,327,148,86,122,64
146,159,192,245,791,386,695,293,295,108,22,955,282,59,1086,829,112,380,316,386,392,838,219,413,415,330,95,206,265,83,410,81,154,300,310,92,154,387,637,215,5,1453,256,995,237,303,328,423,262,342,657,153,115,305,18,184,13,233,119,296,974,397,257,691,248,403,536,91,359,1081,1168,1004,251,169,97,217,284,170,55,194,362,125,650,1072,251,781,835,179,57,115,311,401,20,85,289,317,557,525,538,103,391,339,234,112,14,297,205,45,101,24,278,239,273,195,139,121,20,24,352,266,275,534,217,264,354,134,4,203,54,5,254,61,186,195,60,148,376,77,382,112,619,130,39,412,297,614,802,167,230,376,335,165,45,93,285,333,70,132,46,220,399,220,18,40,663,22,203,394,50,608,607,369,639,276,807,122,538,101,119,764,427,321,196,209,191,314,784,569,213,133,23,576,21,863,410,296,578,432,91,432,160,94,926,189,122,186,363,403,153,1267,126,87,734,806,448,57,629,582,834,507,1083,637,957,1398,217,529,965,374,43,874,40,245,25,122,509,1399,114,240,428,502,309,182,809,7,449,271,19,1084,503,360,401,390,143,224,144,130
31,20,63,191,253,53,673,481,1055,482,495,957,367,611,952,256,780,1089,316,849,1195,426,816,1177,397,740,1045,217,838,904,86,1111,393,226,1313,1106,210,1337,781,122,866,617,160,673,394,364,728,178,536,750,133,638,854,271,570,842,327,382,614,39,88,265,65,95,111,21,68,163,27,65,332,274,580,321,161,488,291,90,302,163,95,189,5,210,129,126,282,169,171,352,213,115,354,243,79,268,7,36,86,19,29,39,151,133,100,264,213,76,291,226,33,203,165,22,77,92,77,53,40,141,128,47,160,13,63,49,49,10,79,91,43,13,89,10,210,389,283,679,35,919,618,593,1142,274,889,867,158,809,280,600,531,443,982,233,998,1274,11,1259,1203,102,191,893,353,959,331,730,823,216,1151,793,562,1604,951,729,1644,797,768,1370,428,905,1107,66,1287,1103,419,1600,1141,176,279,151,317,141,19,233,84,86,20,28,5,1280,1268,100,1457,1289,145,1370,1150,311,1305,771,701,1366,495,1083,1593,366,1259,1697,401,1635,1989,351,1466,1693,421,1499,1338,397,1707,1137,709,1975,1201,805,2009,1130,776,1848,1025,806,1610,718,940,1545,513,1070,1492,340,1111,1336,136,165,115,5,279,108
140,132,383,303,213,112,2,123,233,339,431,93,574,612,617,602,572,516,452,371,312,242,190,152,127,122,132,156,186,205,233,246,245,237,197,132,60,38,151,1344,399,517,624,712,772,799,794,747,666,545,386,234,48,144,316,491,633,754,841,900,913,906,865,804,726,630,531,428,324,232,154,88,41,0,25,82,51,53,59,69,84,101,140,174,218,269,313,367,407,427,437,436,418,379,331,269,198,129,53,15,79,137,181,701,240,246,242,224,197,159,114,61,2,47,107,151,185,214,231,234,226,206,183,34,26,58,31,8,25,7,12,27,39,3,97,97,88,69,44,4,39,87,136,176,209,229,227,217,195,158,104,51,0,182,95,134,159,176,185,182,186,185,183,175,168,171,167,162,152,141,119,95,65,31,3,57,96,134,171,194,217,244,236,227,222,195,167,139,92,50,7,42,89,134,174,221,259,293,320,345,381,403,425,457,474,490,505,501,491,470,437,390,317,241,149,46,72,230,305,418,536,633,714,772,809,817,787,737,654,546,420,283,133,14,143,254,365,439,485,517,525,513,493,468,446,29,411,410,422,432,458,481,495,514,516,28
49,157,328,567,439,327,145,690,264,761,399,723,446,694,456,699,628,541,496,394,366,482,403,381,248,318,198,258,107,20,131,165,445,120,744,268,785,362,1136,254,1051,338,1064,400,1222,477,1087,407,1153,282,882,301,848,20,670,2,379,107,349,751,335,297,320,981,266,323,1171,543,401,338,160,626,485,383,12,373,110,108,419,243,765,342,0,113,88,425,212,199,16,491,70,653,433,685,95,87,739,143,477,290,171,125,383,363,361,607,309,280,271,553,214,265,199,497,81,97,441,21,242,705,106,50,79,155,74,253,139,149,85,395,373,18,359,88,183,17,165,37,177,215,129,144,477,116,143,36,158,723,383,403,355,45,67,116,399,90,991,367,207,16,440,137,63,495,23,93,98,185,215,245,127,753,801,657,279,432,397,139,535,154,281,109,68,161,745,295,62,1103,395,352,76,379,591,717,529,829,305,1285,451,319,593,9,707,305,492,105,60,91,571,485,289,229,148,839,213,174,1147,983,164,400,635,477,731,335,254,621,494,873,1147,16,548,343,295,428,151,1092,189,467,635,221,64,57,445,521,21,42,871,727,304,509,136,145,414,39,627,371
5,343,507,574,515,171,26,679,52,382,206,296,426,84,926,391,1285,575,1581,983,1652,1162,1407,1263,736,1149,482,578,140,85,85,489,647,705,480,1075,734,1116,622,750,641,505,358,207,208,361,35,396,166,299,6,401,7,18,4,250,16,597,181,599,229,591,117,35,547,667,513,274,351,345,501,681,363,446,103,171,122,6,1065,359,621,593,291,429,168,181,132,222,13,204,87,571,569,183,727,90,539,182,327,58,68,131,173,768,411,623,189,335,74,479,245,623,481,124,3,735,350,19,695,239,386,327,83,469,310,241,147,205,29,16,77,105,229,56,333,295,69,210,565,179,205,107,129,108,45,511,349,321,297,114,134,120,368,697,439,188,457,127,431,1,807,85,659,59,613,211,274,609,140,198,43,577,549,283,127,121,12,769,3,168,111,37,665,145,61,435,369,857,1043,332,1,23,76,939,371,717,741,813,110,461,457,26,249,419,127,103,193,57,67,615,169,8,215,369,611,1207,459,563,441,535,180,195,447,225,203,243,473,601,219,13,551,415,1077,192,349,327,71,365,1097,493,583,691,501,131,467,687,214,335,26,246,806,799,279,739,27,255
158,317,24,781,483,367,124,892,806,168,700,853,386,562,676,155,285,422,20,879,440,501,583,81,662,809,194,287,464,340,512,38,706,213,608,64,562,1212,39,901,716,246,1437,613,225,965,844,453,903,250,501,685,131,510,292,101,777,475,192,831,96,224,390,73,147,709,653,506,773,139,36,437,45,471,5,513,227,5,501,483,753,287,32,174,18,303,317,555,99,673,289,477,519,807,232,380,472,6,429,161,463,4,817,1265,168,397,139,315,105,369,305,57,136,345,459,7,185,59,91,229,222,137,27,93,135,57,89,126,227,9,201,40,29,161,11,44,161,231,303,505,217,243,189,110,225,25,211,689,133,219,434,277,20,251,165,25,433,44,563,107,309,535,32,565,569,519,725,617,1135,491,213,319,328,281,90,205,75,559,477,140,423,65,545,299,853,15,92,300,107,780,203,437,235,118,499,727,947,145,181,233,24,16,249,517,1427,899,131,59,194,171,150,97,54,693,115,309,46,317,697,1077,775,744,284,244,107,219,50,433,97,337,593,649,267,107,455,505,515,190,618,273,19,261,383,525,245,1005,299,69,370,304,603,637,499,421,585,205
117,125,81,32,153,605,1092,328,696,944,211,755,911,131,706,610,64,525,507,18,465,453,8,392,226,89,289,33,315,134,262,333,479,447,396,197,601,614,60,741,767,49,782,897,48,932,890,86,912,820,108,816,842,158,684,900,433,403,931,333,837,275,495,25,621,1005,14,12,91,72,567,783,191,791,7,249,62,823,219,1341,47,207,339,23,659,19,217,625,463,49,3,1087,109,223,258,307,745,334,499,679,147,117,503,129,10,869,541,693,513,613,367,214,487,224,49,441,533,255,116,257,117,129,221,254,205,176,191,101,117,109,82,151,291,167,30,13,459,501,191,153,308,86,160,629,174,88,375,147,115,645,94,451,128,175,657,229,543,417,290,133,381,235,1219,159,415,367,467,89,94,20,47,72,106,381,141,294,251,259,272,31,328,130,103,579,169,437,757,79,597,369,435,329,630,1093,66,3,829,397,452,1331,118,271,274,87,715,653,487,693,803,171,554,2,75,42,151,291,513,775,1027,129,192,309,299,809,1003,579,437,87,733,273,835,454,123,435,411,157,117,227,15,226,98,301,861,657,515,648,620,963,637,115,639,256,633,53,151,309
57,172,529,389,559,425,480,15,629,706,68,707,904,301,526,860,485,258,796,455,17,285,316,12,112,45,52,107,209,278,34,384,828,125,330,685,486,157,693,696,218,516,863,588,311,894,805,58,776,903,322,642,923,455,311,720,422,126,303,355,240,129,936,74,882,115,179,389,178,599,164,288,80,525,458,352,469,88,656,206,484,189,119,847,1419,434,593,353,327,171,535,116,320,1005,281,387,123,64,408,137,356,688,282,51,242,391,9,458,572,204,33,50,483,654,98,1,50,58,698,28,304,109,252,223,223,289,328,74,130,133,112,216,90,160,22,112,200,26,262,116,202,37,141,206,664,84,5,254,58,108,428,903,417,51,178,205,192,554,5,313,75,726,165,46,482,273,660,442,209,981,230,39,248,22,284,406,845,424,260,1143,784,358,615,33,1001,477,308,355,85,466,116,1025,130,317,0,502,571,213,96,60,411,306,74,434,919,252,809,719,525,518,279,186,254,882,32,693,206,644,726,263,344,317,110,1048,571,736,137,417,827,1063,232,862,631,650,113,628,103,983,184,68,372,813,715,137,691,241,383,577,1056,421,155,178,370,651,40,347
22,4,27,35,35,41,622,9,625,530,174,762,595,229,893,785,4,772,874,246,450,583,121,300,134,431,589,47,752,938,305,611,86,450,411,798,326,547,889,212,898,1311,508,834,1487,950,204,989,952,349,225,421,305,170,258,341,111,401,798,40,17,50,17,47,17,53,11,42,14,32,16,65,38,27,71,7,13,96,1,17,50,22,81,14,23,9,103,37,76,50,12,69,65,41,26,6,14,3,40,92,56,37,62,44,7,5,16,17,8,4,109,31,17,27,24,6,69,24,5,31,8,50,0,27,13,12,16,6,10,12,8,40,0,16,2,20,16,29,19,14,6,20,14,42,32,9,44,30,53,0,37,3,23,31,12,8,61,30,30,7,13,23,28,19,64,11,46,13,19,34,8,31,29,18,2,2,74,72,12,2,29,27,30,61,1,28,89,26,65,11,34,62,4,41,62,82,18,32,6,112,4,32,18,7,50,29,3,13,28,26,26,39,54,51,24,40,27,59,62,12,25,32,55,9,1,96,36,52,25,21,19,4,21,111,70,28,37,68,62,52,37,4,39,66,82,7,25,108,7,39,6,41,46,22,5,24
580,879,277,106,348,1061,1306,1011,378,133,157,307,779,1170,941,213,443,667,341,285,628,502,179,921,1197,845,169,247,68,596,1276,1534,1079,144,257,72,539,1180,1052,467,213,473,388,156,625,586,12,519,660,459,106,324,304,161,635,505,224,177,256,105,255,377,286,6,117,177,71,95,16,215,271,320,251,154,80,219,382,315,210,127,4,48,219,340,153,194,486,396,113,171,335,67,412,608,403,5,381,224,50,429,257,79,341,383,137,233,198,203,391,410,43,317,361,24,307,227,65,426,306,140,24,28,166,180,272,127,143,8,134,356,237,35,290,106,89,105,15,237,283,140,30,235,164,53,20,114,237,168,56,154,155,32,153,38,284,483,425,191,59,84,274,534,532,217,234,307,85,298,521,206,175,504,410,63,336,310,96,451,691,313,32,341,170,327,669,594,201,279,340,73,502,779,577,27,461,413,1,567,816,488,101,588,506,6,636,867,417,246,704,544,80,455,599,279,372,695,674,196,245,519,269,433,974,1011,541,170,622,447,418,1036,1081,600,119,754,549,131,792,1020,516,193,687,710,123,591,846,492,193,778,890,473,198,540,324,407,984,862
33,48,29,56,59,41,495,178,256,612,701,452,53,602,985,1062,824,358,139,522,658,544,263,47,234,182,101,507,843,940,716,232,160,757,877,648,158,397,802,863,551,40,734,1263,1476,1324,860,274,250,578,647,535,346,205,204,352,574,754,777,146,36,25,49,23,19,3,13,30,34,19,77,561,1006,1269,1275,982,442,215,819,1188,1249,993,570,170,57,37,176,454,629,564,268,189,655,972,1054,886,19,217,2,17,132,331,406,242,186,747,1237,1437,1234,695,6,571,858,824,582,315,175,204,318,368,251,38,390,35,4,59,28,20,10,53,21,33,40,10,103,100,270,302,159,88,323,441,406,265,91,48,117,158,196,266,338,379,330,181,52,299,465,496,365,94,18,398,418,253,50,351,544,549,361,65,242,448,486,381,199,38,14,40,156,252,242,90,151,399,559,556,388,62,105,8,23,114,64,95,51,91,117,68,104,83,237,299,295,228,135,57,60,148,282,377,348,173,105,349,458,391,198,18,151,131,24,246,462,599,30,467,228,50,301,443,497,455,363,259,172,143,169,255,351,384,283,49,269,537,648,536,260,54,272,323,224,64,193,17,58,6
67,49,92,58,156,89,301,660,437,202,726,672,30,736,1063,713,85,812,1008,583,90,502,386,52,330,115,434,833,656,64,828,1098,188,151,762,758,157,541,793,362,499,1202,1214,427,682,1425,1414,694,232,795,813,472,159,114,224,196,88,522,765,20,18,30,124,54,16,53,97,33,46,39,437,69,730,1184,1034,235,822,1480,1307,440,525,987,789,254,148,134,168,389,236,279,818,980,593,140,756,909,163,74,208,141,52,24,345,810,910,372,576,1323,1347,593,442,1083,997,414,136,303,176,95,268,475,371,119,638,45,18,73,16,16,101,55,3,19,46,6,75,125,303,238,80,391,421,142,220,395,314,113,41,110,157,247,314,224,64,413,565,379,67,466,541,225,60,449,269,158,478,425,37,390,582,420,41,311,423,300,45,109,67,71,84,106,363,430,149,298,597,491,65,43,32,105,26,5,101,13,41,86,25,121,94,361,410,262,41,107,109,17,10,111,318,391,179,219,514,484,163,169,283,129,104,205,47,260,524,519,18,321,693,723,403,31,360,451,332,153,24,28,89,105,37,307,510,449,90,353,578,422,9,330,384,142,152,103,91,75,20,37
19,0,4,93,100,457,431,911,936,99,646,190,147,105,304,114,710,460,556,1080,286,962,1069,127,1045,573,440,599,126,344,294,481,480,1021,102,1272,1025,654,1465,327,987,815,223,520,54,102,162,130,360,539,121,706,347,425,537,4,329,111,4,369,168,36,109,54,320,192,323,226,151,93,259,445,476,26,236,80,51,121,278,19,466,424,267,646,163,510,427,163,396,20,190,17,132,135,277,134,614,132,543,449,305,587,56,393,152,184,0,169,87,281,20,306,41,257,23,272,38,309,123,269,213,124,195,262,12,160,116,50,21,74,70,146,202,48,8,70,8,125,49,216,5,329,160,298,284,164,272,66,208,48,169,80,157,123,212,121,307,51,362,116,99,267,156,213,59,132,173,223,247,461,26,598,351,376,528,24,362,103,189,50,251,94,355,478,102,730,449,7,310,168,11,168,126,60,246,76,829,157,110,917,275,713,510,398,489,257,463,257,581,67,680,326,468,581,44,494,227,254,282,123,285,81,418,111,43,462,321,784,232,662,737,132,793,393,449,503,149,405,147,479,162,825,300,806,929,123,900,624,157,602,486,21,205,231,112,174
98,202,207,417,136,974,572,416,760,297,959,27,893,12,813,72,812,255,548,469,304,699,321,640,350,241,141,18,0,322,241,459,346,667,396,823,457,669,791,418,905,153,709,15,657,91,939,313,832,509,499,583,294,466,366,78,178,179,295,222,403,250,189,684,754,1264,387,966,718,822,1171,71,570,422,158,147,778,644,254,1334,447,416,413,92,660,140,516,505,438,905,67,207,67,477,108,397,752,559,392,261,562,255,162,25,569,426,239,302,226,309,243,73,85,615,281,411,456,119,400,619,289,268,266,201,307,299,70,254,220,281,321,11,247,36,150,363,80,35,105,304,7,170,324,116,186,96,245,262,23,361,387,220,929,87,557,230,466,640,231,541,206,142,67,123,99,30,460,226,115,585,178,519,130,692,1,385,4,722,74,824,174,206,642,505,375,890,508,5,1090,329,47,434,101,137,147,378,264,20,78,310,917,708,102,548,11,131,139,922,522,371,809,23,1301,303,217,380,1431,604,257,270,80,11,130,751,216,360,528,470,639,99,508,1206,418,372,1045,945,296,231,401,823,970,419,486,712,150,19,406,165,510,452,89,37,793,137,50,307
29,99,497,497,415,569,146,472,137,801,219,1158,153,1182,687,715,927,83,874,96,456,302,30,56,285,46,23,536,146,656,30,122,615,421,723,429,505,158,1296,1120,762,1191,669,1298,309,879,937,871,1041,465,509,621,1004,477,392,286,589,446,4,297,485,149,378,96,519,287,671,647,312,325,221,7,54,281,93,601,713,268,331,120,361,79,83,310,219,636,54,277,189,523,40,382,705,241,58,352,51,89,695,503,519,271,70,741,281,133,409,1,491,207,349,53,313,261,223,91,269,399,270,469,153,23,160,231,56,160,110,163,4,141,131,225,15,33,5,80,182,10,347,161,365,277,65,591,165,376,395,45,395,455,136,299,130,303,529,42,767,971,234,513,21,577,205,41,291,269,165,120,243,8,218,270,227,1153,905,295,381,365,207,595,21,20,787,451,956,641,397,635,365,453,723,3,731,457,779,269,23,391,323,121,623,63,96,113,307,393,102,527,129,341,53,593,122,174,655,365,895,253,151,357,353,75,88,385,246,109,62,863,195,423,419,187,20,806,370,203,825,438,813,549,829,927,453,375,335,274,311,403,787,152,405,563,779,251,276,627
73,67,32,320,0,158,60,321,461,226,918,510,698,1084,114,864,719,232,648,162,193,83,192,485,715,366,1335,412,1278,1269,483,1482,2,955,902,197,607,79,158,224,202,502,660,192,962,405,664,789,61,626,292,255,272,80,126,15,104,123,23,35,220,35,119,252,123,393,336,221,206,309,417,424,402,94,243,10,126,36,120,37,130,39,174,77,238,196,242,356,113,452,62,411,197,286,218,208,54,216,236,179,320,112,429,56,435,194,381,312,279,322,188,246,174,158,213,138,281,164,261,212,170,182,24,140,95,2,6,54,129,213,228,28,68,122,180,209,68,200,77,90,156,124,71,285,195,297,466,62,544,235,408,405,188,381,5,251,25,144,148,197,216,379,95,434,156,312,259,115,170,71,89,217,132,285,294,225,334,158,297,166,349,123,418,60,360,243,115,236,70,684,445,306,147,0,37,413,212,210,578,683,873,130,821,302,553,527,311,634,17,611,224,451,330,314,312,320,462,299,801,43,931,651,577,996,21,859,493,441,506,240,391,329,599,321,934,126,985,681,561,919,28,727,298,481,318,521,489,556,870,244,1129,52,61,508,172,158
120,78,215,235,702,971,1096,530,408,883,585,261,852,642,421,985,374,571,657,76,610,261,286,256,142,208,156,204,260,341,173,650,19,746,478,486,873,63,1078,812,506,1235,444,975,1215,12,1148,911,361,1087,488,551,844,261,284,377,377,267,366,919,746,224,1048,4,966,86,209,784,247,18,8,763,158,770,329,198,278,237,78,772,653,583,994,640,570,446,529,867,119,136,135,812,26,18,607,151,941,868,23,71,148,276,306,360,220,602,389,425,158,157,1140,118,349,32,140,386,400,1,335,309,435,26,803,192,5,505,120,217,358,4,179,172,112,229,139,42,211,300,502,78,320,630,642,237,1,39,916,236,327,95,382,313,310,261,1022,111,261,1190,216,196,8,531,282,144,982,1311,350,224,338,366,16,215,1019,16,126,19,747,564,331,324,1170,133,385,681,282,129,88,855,661,356,159,880,865,512,583,248,455,22,373,114,192,199,168,80,526,172,330,603,791,633,155,1319,943,567,143,509,491,633,84,563,750,26,79,292,394,1132,1462,494,187,103,1256,716,70,483,878,210,389,320,623,99,220,907,209,592,469,222,976,60,782,456,910,145,100,5,67,547
21,11,2,6,823,1175,1080,585,163,889,1291,1209,646,182,970,1424,1326,703,212,1096,1555,1449,766,247,1200,1709,1546,790,324,1360,1852,1639,10,419,1444,1850,1524,626,493,1399,1699,1338,473,567,1333,1530,1135,317,606,1242,1331,913,165,636,1120,1142,719,55,599,960,931,6,6,12,2,10,9,9,14,1,2,8,6,4,3,0,3,3,3,5,4,1,3,4,3,3,0,3,11,3,0,0,2,3,2,8,0,3,7,0,1,0,4,3,3,3,1,2,0,1,0,6,1,1,4,2,3,0,1,0,4,0,0,2,1,0,0,0,0,0,0,0,0,0,0,0,4,1,1,0,3,0,2,1,3,2,2,1,0,8,0,0,0,1,0,1,0,1,0,1,1,0,4,4,2,1,1,3,1,3,1,5,1,4,3,4,4,1,3,1,4,0,1,0,2,4,0,4,1,0,0,1,0,6,4,0,2,4,2,4,6,1,6,1,7,4,3,2,7,0,0,6,7,4,9,7,1,10,11,6,6,5,14,11,0,4,6,6,7,4,0,5,10,4,3,9,16,3,2,0,6,4,14,2,4,8,4,13,6,2,0,1,0,2,8,21
9,68,2,22,12,120,85,16,196,137,33,8,106,131,106,211,125,58,21,64,115,156,33,41,59,28,80,56,99,142,124,54,68,21,113,63,98,104,9,108,25,61,40,115,86,109,7,53,166,77,99,137,76,40,15,170,84,26,14,38,70,30,20,59,66,61,13,167,179,198,44,33,23,227,32,56,39,52,82,51,59,6,14,59,112,115,54,9,40,11,32,150,166,35,4,42,73,17,7,104,10,144,55,21,34,49,18,64,57,128,11,40,18,114,12,46,9,19,52,18,63,25,33,29,48,0,40,61,0,20,6,44,56,96,120,85,327,458,270,165,542,451,58,471,376,106,504,375,197,615,433,100,470,428,100,203,250,79,111,105,94,78,71,11,84,148,206,113,229,619,597,98,576,998,922,296,546,1170,1217,583,378,1021,985,519,65,74,86,26,60,37,5,4,5,38,0,23,25,43,39,10,9,75,59,101,175,52,102,11,56,10,121,5,31,51,18,46,68,108,101,161,31,17,26,44,46,57,171,177,14,30,40,96,146,59,149,71,39,132,52,65,92,51,86,37,96,28,36,125,182,69,32,28,115,48,9,52
30,25,16,30,2,90,411,84,519,560,110,529,884,629,117,869,1120,724,37,647,749,386,71,252,22,379,565,284,346,909,994,516,113,776,777,262,399,728,448,302,1015,1148,544,476,1291,1419,839,56,755,947,674,274,34,41,120,65,195,524,684,152,45,55,62,98,197,175,11,136,136,0,466,38,631,1178,1218,622,365,1238,1509,1043,142,623,840,538,75,99,112,475,621,328,295,897,1122,818,169,459,9,632,317,125,190,360,310,148,837,1291,1076,200,846,1430,1213,402,439,798,618,245,42,101,169,0,372,652,559,44,0,0,26,21,16,20,27,40,21,65,154,66,285,325,107,234,460,398,101,229,390,347,191,34,101,237,355,390,234,97,436,562,365,52,419,485,52,204,462,373,7,420,567,339,108,480,567,352,12,228,261,147,44,77,220,286,149,175,466,511,249,155,450,108,70,54,36,141,53,27,16,116,95,52,335,413,286,41,164,243,191,90,42,116,196,135,106,403,536,363,3,285,325,124,112,182,4,311,534,488,171,327,675,717,482,107,220,391,378,256,133,90,127,134,37,189,440,531,382,29,335,488,351,36,236,281,87,104,105,11,60,10
4,150,495,8,1339,661,107,476,546,109,505,150,602,3,932,691,462,1020,160,532,25,655,233,713,554,297,488,68,150,211,200,69,49,656,102,711,138,1275,614,1037,773,1077,1537,222,1269,43,1321,873,520,664,138,568,61,529,324,99,302,464,728,794,18,426,625,356,91,250,382,511,519,664,733,128,220,146,804,402,303,391,288,157,965,457,928,216,441,175,585,191,503,677,983,297,52,449,652,560,123,816,1246,287,275,126,81,198,630,218,729,306,85,254,386,564,511,217,295,519,317,99,185,219,446,330,806,466,293,108,140,126,223,40,224,143,203,285,253,202,591,134,258,206,234,210,64,116,243,314,56,272,585,293,575,248,487,369,150,99,28,344,462,146,9,279,32,206,84,1119,45,285,18,345,679,46,206,483,330,251,223,288,213,65,418,424,485,380,441,120,119,529,777,329,12,292,23,199,358,434,355,642,142,170,281,362,210,124,1177,81,234,358,567,415,35,304,318,417,1342,194,542,188,274,751,102,653,1093,526,118,615,512,903,76,716,278,521,438,488,765,1657,1264,427,254,408,726,71,927,85,111,217,553,684,545,302,431,500,1149,140,938,61
1,12,137,83,20,74,462,79,363,510,275,141,440,426,77,353,526,374,112,495,614,268,247,594,511,65,396,532,250,254,586,473,116,536,706,349,229,648,481,122,267,414,247,115,334,263,40,345,407,152,196,435,396,105,217,382,271,13,205,80,49,44,70,5,32,117,27,74,67,51,170,67,260,272,115,66,167,131,11,87,73,23,121,122,29,119,202,147,19,162,193,112,20,122,107,36,9,47,18,49,19,51,125,111,12,91,157,103,3,92,97,52,6,20,14,28,49,57,12,51,88,45,17,19,10,29,33,0,21,46,11,6,62,4,201,45,243,71,271,357,9,438,492,62,444,578,180,310,453,151,273,370,31,407,494,95,471,697,411,220,43,567,69,427,505,129,362,481,147,356,636,454,197,732,750,211,445,708,427,184,605,514,46,596,698,231,467,166,72,68,70,78,46,149,11,15,13,106,491,39,537,735,402,246,734,688,129,465,658,361,281,669,504,90,694,781,279,427,860,871,51,762,1000,460,35,830,643,63,730,835,295,530,962,740,16,788,942,453,321,834,715,71,584,773,393,288,719,626,57,520,724,40,84,194,47,31
6,27,2,40,26,35,117,144,258,102,136,182,45,290,221,162,490,388,111,571,578,143,402,650,422,136,556,470,9,349,242,152,337,28,457,473,48,706,844,213,709,1096,570,437,1040,759,115,762,672,31,481,413,43,372,216,222,431,156,322,157,65,21,87,15,85,68,73,165,97,73,353,42,367,233,163,324,18,384,364,135,619,511,176,783,660,107,780,698,32,661,583,64,558,390,218,563,154,398,662,231,502,759,268,515,777,278,462,716,247,428,613,158,406,464,14,383,282,155,354,92,296,325,21,70,112,26,18,2,37,70,85,55,82,25,30,77,3,63,14,138,95,125,278,136,194,358,169,196,371,198,132,325,224,51,245,208,16,188,116,101,8,6,275,265,95,419,359,49,416,414,57,308,383,139,162,283,177,47,198,166,12,161,128,66,187,71,168,160,171,21,40,1,104,51,141,13,33,78,166,343,226,67,290,251,20,274,245,26,275,248,9,252,256,19,232,244,9,252,257,3,296,326,46,324,163,174,272,488,277,143,402,273,40,253,187,47,171,85,102,202,133,90,314,328,67,294,482,330,97,488,581,9,51,106,197,57
68,192,28,72,309,111,132,137,61,2,253,304,134,42,35,27,340,24,31,0,235,296,88,145,63,206,45,193,27,15,79,200,256,183,124,98,125,36,7,144,220,5,135,148,202,8,6,231,13,264,53,15,397,34,190,93,1,139,9,139,128,336,52,120,94,346,88,89,144,43,4,78,57,53,188,206,164,138,112,109,200,78,255,159,233,36,91,144,89,13,16,40,125,96,114,148,234,41,112,34,68,78,96,74,66,46,57,113,107,109,142,26,87,114,185,49,94,12,41,76,42,7,38,81,72,94,14,15,73,83,27,97,80,84,100,592,231,444,355,78,116,25,201,243,206,673,234,723,900,98,1134,828,491,1098,428,562,672,58,367,10,1,132,516,155,759,925,241,1329,911,593,1379,504,638,778,206,140,90,307,620,235,877,1319,117,1328,1309,186,1191,11,129,42,284,167,19,187,36,42,303,11,20,45,148,345,86,30,137,331,27,124,79,63,23,167,70,264,130,20,68,380,386,269,52,78,23,194,38,8,35,384,163,122,190,382,386,47,188,254,22,70,23,136,189,148,86,259,155,374,76,159,300,262,220,270,23,65,9,94
115,349,380,145,271,1103,98,366,527,399,163,177,182,242,381,428,147,314,646,689,310,187,613,774,455,127,107,387,567,399,325,13,926,341,598,489,284,224,419,811,723,134,444,675,825,543,97,792,918,806,159,541,977,808,107,562,629,355,125,590,352,253,176,154,146,231,352,539,9,281,771,320,119,391,205,581,233,161,771,329,675,791,627,975,231,1015,777,331,495,1079,391,75,279,585,1081,339,467,502,488,254,163,245,629,895,171,193,295,108,128,2,37,285,397,469,351,50,399,347,163,295,381,393,121,383,32,433,69,321,67,99,65,133,381,10,347,435,173,146,553,469,227,333,7,721,318,117,120,593,671,415,236,258,557,303,1041,693,141,83,90,62,280,469,350,337,481,403,205,305,495,137,1,341,67,427,209,566,387,40,156,301,689,216,409,845,1361,635,235,244,33,281,689,235,285,41,1251,495,26,101,1057,96,605,513,617,321,80,55,49,262,651,313,581,285,239,503,423,259,587,3,301,29,582,314,110,53,745,118,651,204,605,147,87,196,275,276,550,864,155,0,455,425,37,701,117,1009,473,47,40,59,84,893,123,64,145,233,855,168
5,33,0,23,45,7,165,50,6,40,14,114,86,34,29,144,10,22,47,45,6,42,87,126,110,26,36,81,0,107,94,89,114,44,60,23,5,2,30,37,59,24,123,28,83,188,106,33,28,36,55,42,10,54,17,80,22,28,96,38,19,149,2,35,39,54,50,8,61,5,671,46,864,1180,698,248,1017,1105,450,467,975,756,3,653,701,171,475,693,310,367,800,597,106,797,908,347,23,837,568,44,483,463,84,238,254,10,233,209,84,340,308,53,407,407,64,340,434,137,250,360,107,197,225,4,12,10,24,40,1,8,1,27,7,18,35,34,6,62,35,97,2,20,48,2,14,39,1,20,33,26,39,94,26,45,24,8,70,35,17,32,2,35,30,5,42,53,11,21,63,64,54,85,1,91,22,22,104,118,4,28,19,13,28,47,28,110,38,41,49,34,46,24,74,125,11,64,46,23,33,50,77,158,16,118,34,115,124,82,103,31,2,83,91,51,74,18,76,18,20,17,20,41,3,11,102,107,48,38,19,40,142,32,140,163,7,87,84,9,21,5,37,48,22,5,35,17,59,26,4,12,51,92,68,21,33,7
11,66,65,156,180,88,61,108,229,101,40,73,189,207,107,148,257,101,98,106,234,102,28,87,115,78,111,387,75,31,46,80,42,19,63,44,52,175,104,42,255,90,139,138,331,278,23,148,140,193,263,185,61,104,65,215,6,153,210,54,144,88,2,108,30,124,34,131,146,66,2,30,102,155,34,4,167,228,8,45,33,2,233,113,34,51,47,25,270,114,23,116,61,360,156,96,290,30,143,72,9,46,136,18,34,152,18,66,73,19,340,79,106,41,87,28,7,17,16,80,38,106,29,48,13,19,46,33,14,51,0,27,66,35,228,22,227,444,429,157,318,645,585,116,501,809,584,46,574,705,408,37,334,324,156,43,17,7,10,47,64,91,116,62,11,15,151,278,371,299,7,381,688,713,368,213,759,979,744,61,672,1199,1109,539,277,940,1108,14,21,58,86,56,45,80,103,44,222,207,193,63,198,232,24,55,168,61,57,35,80,194,66,73,219,28,176,158,112,144,165,20,121,58,92,187,119,2,183,115,257,63,48,141,45,121,184,128,56,4,48,48,119,205,63,19,189,328,140,131,1,160,30,63,246,52,24,55
82,67,75,307,179,379,229,1291,1200,431,1481,678,934,1333,120,1165,1020,341,1232,633,684,1154,249,945,986,133,1067,741,450,1096,461,714,116,152,902,868,189,971,580,420,926,381,548,825,180,669,778,48,816,555,363,827,248,582,652,55,682,473,341,407,441,414,300,97,53,206,257,212,289,189,622,98,711,521,315,757,248,549,636,87,617,352,307,499,83,389,330,124,402,177,306,388,46,455,279,324,153,29,587,430,291,639,154,526,494,155,565,197,405,403,169,442,28,397,144,348,283,246,420,52,474,222,324,61,67,43,192,6,77,1,53,167,23,4,99,227,220,145,318,2,374,204,296,379,102,458,179,360,416,100,471,208,330,408,60,440,207,284,362,38,219,209,220,357,26,357,221,208,349,9,315,202,148,265,24,242,163,130,239,21,237,153,138,233,25,206,202,425,307,272,95,95,359,330,56,265,150,327,516,626,126,769,430,528,850,47,896,687,442,1076,336,849,1044,83,1185,868,577,1397,483,1084,1343,53,1371,1034,188,1462,684,930,1488,248,1305,1330,294,1586,936,844,1593,429,1257,1434,135,1545,1062,737,1602,484,1177,1318,128,1278,836,140,12,12,243,105
54,84,90,75,43,52,287,326,300,225,129,11,147,275,378,462,528,573,604,628,627,619,600,556,472,360,215,71,73,190,258,282,38,177,69,56,205,347,481,608,731,837,929,994,1028,1024,973,880,745,562,373,174,31,196,339,433,485,485,442,36,23,72,192,86,26,14,245,38,124,6,519,496,421,308,176,22,134,274,389,489,568,593,580,524,406,259,76,129,321,474,583,627,595,492,355,171,43,234,425,580,705,776,803,770,686,551,380,181,29,224,387,501,551,516,411,242,54,137,286,376,398,350,252,29,47,34,16,5,18,40,52,26,0,2,67,55,11,39,98,139,163,161,142,88,24,54,131,219,285,327,347,341,315,265,206,140,74,9,50,95,8,153,170,162,130,75,0,87,160,253,308,341,359,329,293,234,177,117,75,41,17,10,36,79,128,179,219,38,46,98,135,201,31,1,58,36,67,53,250,233,212,204,189,139,114,42,26,111,193,256,307,338,322,259,193,98,2,91,182,248,305,354,398,434,196,471,454,409,323,229,132,48,20,83,129,162,185,196,195,184,184,174,173,180,146,94,17,115,260,407,529,46,130,66,8,75
507,21,188,486,729,494,112,557,1036,1220,831,348,126,380,154,203,750,1115,1223,1064,533,3,348,105,305,810,1247,1385,1073,370,157,389,372,259,917,1304,1172,771,63,359,503,232,284,596,786,657,247,305,583,493,184,213,497,593,160,175,354,433,157,90,371,195,17,125,262,87,134,208,251,97,55,214,104,37,182,278,218,33,5,83,56,150,290,301,220,133,66,164,138,130,361,458,310,126,101,315,354,20,311,513,478,245,191,372,263,29,280,527,304,24,290,312,154,253,453,424,109,131,266,176,80,233,237,64,195,234,15,174,279,89,66,59,213,74,76,251,476,404,196,35,114,13,228,246,196,46,17,1,134,351,322,190,127,218,197,5,227,367,246,23,267,327,152,51,236,339,196,72,252,312,124,171,346,458,235,69,299,410,251,128,451,562,283,125,445,590,388,3,442,596,352,59,540,791,707,246,277,516,545,182,341,767,897,716,138,352,662,452,59,592,910,907,587,20,421,642,459,34,544,909,907,369,139,599,776,538,197,360,603,590,303,233,762,898,729,428,0,385,542,234,321,767,1038,980,577,103,454,603,427,143,667,926,820,524,181,247
95,12,86,75,63,70,82,85,100,121,142,53,171,178,178,168,141,108,63,0,64,137,225,314,404,488,563,629,674,696,693,659,608,515,414,291,149,6,143,1338,409,513,579,634,651,630,580,495,388,250,88,81,254,439,607,760,891,993,1066,1099,1085,1033,946,826,677,513,328,146,23,183,316,426,506,552,571,24,514,444,358,254,144,28,85,202,305,396,467,521,554,565,551,516,465,400,322,227,136,52,32,99,157,194,226,474,226,214,186,155,121,88,65,44,34,30,39,51,71,90,113,135,153,164,168,17,21,17,23,16,0,15,48,13,21,10,119,109,81,41,16,71,128,179,215,232,229,199,150,89,14,61,133,195,234,359,264,249,213,168,110,48,17,81,137,193,232,268,291,307,312,299,284,253,222,179,143,98,41,6,47,86,126,237,181,200,210,208,196,160,122,65,7,77,169,262,349,432,510,558,597,595,581,533,469,379,271,158,32,97,217,326,419,496,548,575,575,548,497,1052,316,199,68,62,201,327,434,520,587,621,621,586,536,448,350,223,107,17,141,249,347,424,478,507,518,504,471,78,361,291,218,140,76,18,42,69,94,31
82,229,685,362,518,603,1124,633,156,381,124,492,38,902,1255,783,177,591,76,448,128,939,1503,977,259,775,248,478,335,857,1667,1310,100,889,528,444,396,615,1510,1257,37,695,459,346,303,423,1106,784,76,509,172,337,204,307,629,230,251,276,98,215,72,137,197,232,346,128,92,69,19,291,181,86,111,157,460,29,55,66,85,134,611,56,121,352,6,149,146,7,401,15,269,50,309,279,71,64,293,65,81,313,219,48,228,13,319,53,66,92,71,22,161,203,361,89,236,129,266,88,57,327,105,87,25,66,13,106,114,119,64,183,54,34,109,228,43,38,65,27,169,80,77,26,6,56,50,14,249,34,71,612,169,65,19,75,244,3,36,351,63,210,185,179,2,447,73,148,117,225,18,132,202,82,76,320,80,146,28,324,222,380,232,41,14,64,484,185,19,199,179,30,5,26,311,5,106,245,382,226,138,344,183,508,615,347,64,212,437,337,60,340,256,354,183,184,175,190,47,295,549,307,145,39,17,188,232,301,43,308,281,210,408,289,261,120,439,151,346,9,193,212,59,543,38,153,230,35,156,314,452,259,174,43,60,650,160,30
98,68,503,78,358,558,530,191,69,403,452,425,200,157,465,506,437,193,358,533,646,389,68,544,550,594,296,435,718,448,342,115,479,625,598,328,302,628,539,165,56,393,624,481,106,281,585,507,350,102,350,522,396,63,312,260,520,59,139,360,319,271,39,119,276,272,134,125,292,316,80,57,183,323,135,22,34,182,228,109,31,161,166,136,25,110,175,114,45,37,136,112,56,103,116,153,130,6,81,198,75,23,108,85,21,11,53,75,98,6,80,17,3,48,85,37,9,31,30,25,8,26,9,3,21,5,39,16,27,11,51,27,29,4,161,305,145,160,354,258,115,362,310,57,328,569,405,44,464,587,314,198,452,640,141,214,543,521,447,93,678,678,298,232,595,637,326,130,571,669,312,117,479,770,518,22,514,706,577,207,415,677,694,345,152,743,790,229,159,390,632,470,84,514,757,716,541,389,467,585,380,79,426,697,565,7,510,650,821,496,192,541,717,786,24,366,861,526,92,423,828,1032,666,170,790,961,898,167,428,801,825,482,206,679,1155,882,159,522,906,1007,500,88,586,910,703,193,357,702,789,389,112,671,639,400,107,115
12,81,187,556,449,109,605,571,441,255,6,223,449,613,776,877,971,1037,1088,1121,1135,1095,1039,925,814,641,467,290,89,87,278,448,109,700,749,744,657,509,334,114,120,364,587,770,955,1076,1166,1214,1214,1181,1119,1020,847,698,506,271,50,220,465,116,120,26,85,111,310,19,171,16,50,285,1013,799,544,284,10,302,571,794,996,1119,1188,1187,1122,985,785,512,209,121,447,735,997,1160,1252,1219,1125,952,220,476,209,84,360,642,910,1146,1327,1449,1500,1454,1318,1106,807,474,139,181,447,637,721,730,647,506,326,156,21,52,174,82,132,157,15,153,110,23,54,40,30,92,144,178,195,161,96,17,165,339,516,677,787,856,883,865,811,719,617,514,396,281,136,24,163,295,206,406,381,313,216,103,7,94,181,254,315,392,448,534,583,638,644,637,592,514,432,340,256,147,44,89,234,237,182,19,64,189,35,135,533,115,151,146,336,257,157,73,48,131,241,348,426,513,568,615,617,597,477,338,168,31,239,419,571,650,674,712,703,712,407,723,735,732,711,646,538,422,273,151,52,35,128,188,242,348,431,548,620,713,795,844,908,932,938,898,796,378,80,423,11,39
140,21,28,377,168,79,355,681,26,10,35,312,563,82,0,141,42,207,97,189,133,467,593,157,46,569,262,103,47,607,25,371,375,587,119,85,691,585,223,723,85,716,525,125,343,397,822,548,707,67,76,69,829,801,8,157,249,215,991,28,65,745,362,779,493,305,697,489,270,264,1130,1327,161,1877,1562,426,1726,1041,687,1212,491,504,582,73,387,70,425,317,604,706,178,784,723,169,809,340,269,504,102,131,162,134,92,179,362,47,664,379,417,888,153,639,667,257,709,354,462,553,88,524,76,259,42,185,106,13,20,52,71,123,117,387,187,161,161,27,187,433,279,0,81,183,360,169,290,18,237,19,24,591,230,237,36,469,22,265,346,653,647,206,15,399,407,321,198,74,277,30,22,265,200,263,124,233,199,440,23,137,195,358,13,605,601,475,147,59,767,737,240,379,547,99,577,592,747,633,893,169,433,423,735,335,199,1137,88,633,182,31,519,807,429,88,66,16,477,220,98,179,89,363,71,78,56,653,169,57,1071,231,951,126,193,699,108,278,270,289,46,56,895,116,309,1195,1079,387,316,382,338,479,236,379,396,131,707,731,520,212
36,30,365,368,1305,332,608,523,541,346,209,257,87,546,308,1001,537,1395,394,1912,35,2027,338,1734,637,1184,523,419,145,94,52,93,346,311,896,501,991,538,964,826,690,511,382,116,379,93,524,58,374,97,286,102,315,179,155,47,513,273,653,106,15,1107,373,1035,575,381,235,1415,337,235,121,7,411,104,291,259,345,195,484,60,622,302,28,69,475,110,303,493,56,453,168,535,7,42,265,271,236,451,191,227,71,569,231,511,737,106,669,445,121,21,607,215,194,547,445,705,231,475,176,533,112,245,487,253,75,199,209,10,95,241,461,251,325,51,157,106,323,329,83,273,159,142,439,253,82,155,385,423,16,236,113,643,251,543,108,413,206,303,767,51,238,191,535,166,201,216,295,677,319,291,225,277,149,97,1085,388,411,289,353,219,523,139,463,839,56,399,779,237,243,186,32,28,375,155,63,133,186,751,249,42,23,413,292,178,381,238,312,753,557,979,815,341,509,45,172,753,175,102,905,310,433,817,1041,221,395,473,743,261,865,21,309,574,574,669,969,635,445,641,365,142,561,309,137,190,139,1127,76,520,1165,263,306,659,705,951,811,327
75,15,2,8,891,307,433,1037,1260,1019,378,421,1117,1374,1146,471,429,1205,1511,1275,551,438,1294,1668,1411,619,452,1395,1808,1538,667,504,22,1899,1557,630,525,1432,1756,1407,522,525,1350,1606,1242,423,547,1244,1429,1057,305,549,1125,1249,863,208,515,972,1034,697,120,7,20,16,6,8,26,2,18,1,5,2,16,2,1,6,3,10,3,8,2,1,2,6,4,0,0,1,6,3,0,2,4,2,1,2,2,0,3,2,2,4,1,0,6,4,3,1,5,0,0,3,6,1,2,6,3,0,3,0,1,1,3,0,3,0,1,3,0,0,0,1,1,0,1,2,0,4,2,4,0,1,2,1,0,2,1,1,3,2,3,0,2,0,4,3,2,0,1,1,2,1,1,2,3,2,1,0,6,1,4,2,0,0,0,6,1,3,2,5,2,1,2,1,5,0,7,1,2,4,5,0,6,1,0,2,1,3,0,3,2,5,3,0,6,10,9,0,0,5,0,2,2,2,4,1,0,1,1,2,9,5,3,2,0,9,7,0,0,9,0,9,8,5,4,4,4,4,2,2,5,7,1,9,3,16,10,4,1,1,5,2,2,0,4,13
34,61,18,160,169,35,360,274,151,13,199,380,557,709,830,909,938,935,886,798,682,529,343,143,71,295,505,697,854,968,1031,1044,38,916,786,626,432,232,13,204,415,616,786,922,1007,1045,1019,934,812,642,455,263,65,111,283,445,590,718,830,89,76,64,11,11,36,27,113,7,35,28,255,366,458,529,584,626,665,689,693,676,632,550,438,307,161,8,143,285,401,501,569,609,626,623,584,519,20,311,163,13,197,417,629,842,1028,1196,1327,1408,1442,1421,1349,1225,1064,865,653,442,231,63,69,155,189,181,132,35,57,21,17,3,17,0,8,23,15,38,56,39,131,218,291,345,374,381,373,346,309,269,221,185,160,144,151,162,191,235,281,328,375,409,417,411,83,339,279,203,124,43,25,90,135,186,217,236,240,238,227,197,154,91,16,62,167,257,347,417,474,491,494,55,53,15,8,53,93,174,119,1,10,25,40,28,28,15,25,24,35,40,52,47,54,30,7,14,44,73,97,104,105,89,68,31,1,33,38,49,129,15,14,54,85,112,128,131,117,100,80,49,19,11,42,55,73,77,77,50,28,24,68,118,161,180,185,75,75,99,66,29
31,4,49,54,0,17,689,346,227,682,746,342,276,821,971,699,128,493,860,822,449,31,336,262,121,491,547,194,410,890,997,665,1,541,794,620,61,569,931,757,39,866,1461,1465,873,3,728,1082,1026,702,306,8,86,27,41,37,278,599,828,85,7,109,9,38,17,40,119,4,24,56,2,27,40,21,52,66,3,13,21,8,1,24,55,5,46,14,54,31,16,89,18,12,56,33,26,63,65,15,10,25,57,14,5,13,14,6,56,33,39,4,9,6,31,43,20,47,16,31,3,15,13,13,57,11,15,10,6,46,19,21,9,1,9,29,13,4,4,18,13,10,45,34,11,45,11,27,25,34,56,26,27,44,1,10,41,10,12,7,34,48,28,0,5,6,55,37,13,53,36,8,34,7,49,2,7,38,39,49,11,10,38,45,33,63,4,6,69,10,21,19,85,78,166,12,43,40,42,45,24,22,119,67,45,91,15,38,25,44,43,27,44,65,32,19,21,100,27,52,37,95,1,39,14,27,80,22,32,37,9,6,73,115,70,39,28,4,7,32,22,71,65,52,20,49,37,15,19,100,88,71,52,10,14,19,1,34
30,9,29,74,4,46,684,254,335,705,590,41,629,1020,901,329,405,926,996,614,48,363,389,63,292,345,36,614,980,847,274,443,22,881,438,180,629,634,147,575,1092,1020,335,631,1347,1473,1008,256,419,764,742,512,295,217,296,390,318,25,406,8,176,82,54,14,94,92,8,77,38,60,340,838,1112,906,221,683,1385,1561,1142,341,470,916,877,490,65,90,88,420,613,445,57,683,1114,1126,691,54,141,632,463,219,170,387,672,715,332,391,1118,1453,1164,368,532,1076,1040,582,71,164,122,26,112,391,632,564,141,3,16,75,8,14,35,32,5,10,21,6,237,200,10,258,367,241,51,311,398,288,99,45,98,118,142,205,243,176,37,322,508,457,139,270,504,419,62,269,375,187,166,457,508,289,74,401,532,425,154,103,214,138,21,102,19,193,364,322,74,264,481,437,143,157,35,69,130,84,53,118,24,29,76,69,343,231,19,187,307,281,165,43,17,107,238,230,47,254,498,511,260,73,259,167,95,315,285,4,379,675,115,484,78,347,651,736,567,247,82,272,277,145,17,2,156,369,477,331,27,418,608,472,139,196,321,216,11,115,23,46,16,69
11,20,30,31,17,5,150,18,83,165,223,247,177,10,251,412,385,127,227,500,502,215,214,528,538,214,235,524,492,156,289,536,28,40,377,565,389,64,489,609,330,184,590,625,228,328,696,612,127,497,843,667,30,704,1059,769,34,875,1230,17,27,0,14,69,54,10,1,0,4,50,6,8,27,7,76,11,18,51,43,42,7,10,1,1,24,20,46,22,41,46,23,13,12,0,40,33,62,10,12,14,15,22,29,25,32,17,40,26,9,8,47,20,20,8,14,30,18,13,6,3,20,2,12,18,9,22,2,10,3,21,1,1,7,16,1,6,28,17,10,4,15,16,4,1,1,11,21,8,21,49,13,26,19,29,15,28,5,13,38,54,0,6,10,27,34,10,27,13,15,29,21,19,6,13,13,7,10,0,18,32,12,2,0,51,13,55,27,10,34,24,47,55,37,15,11,54,19,9,7,42,89,31,46,80,8,5,15,20,10,5,21,56,12,16,21,6,5,3,6,24,7,52,22,12,26,24,12,43,75,0,25,21,8,31,14,40,23,5,61,28,34,15,29,18,25,23,44,10,18,24,12,41,49,14,30,37
1,168,39,796,67,102,1182,310,980,631,38,315,79,569,577,42,666,1060,924,261,612,1166,1046,333,387,716,637,246,124,178,131,359,88,468,956,856,119,856,1239,765,230,733,545,47,207,129,96,302,293,14,470,619,259,252,454,289,16,98,68,33,136,306,528,136,398,421,705,661,61,113,187,66,202,173,5,82,13,157,176,27,261,300,160,70,221,182,45,58,68,58,167,51,182,313,191,100,245,373,172,174,472,425,56,314,387,109,81,39,97,45,197,362,216,114,372,282,34,256,201,39,150,139,54,59,275,21,259,123,19,175,157,61,0,248,180,37,117,52,30,26,43,88,37,152,259,109,175,204,4,94,71,159,19,276,324,93,202,370,290,34,344,324,119,111,166,14,207,222,44,424,539,247,314,693,546,11,522,475,11,336,151,254,409,87,375,567,187,275,186,146,87,153,164,259,99,345,296,185,99,358,155,274,538,365,147,570,534,21,547,544,55,400,564,350,70,427,517,204,221,350,115,228,372,119,50,734,521,131,651,789,425,54,461,556,309,143,381,153,341,593,243,533,1003,716,5,622,852,626,195,189,419,29,382,342,78,25
106,261,231,667,514,111,804,858,674,308,225,793,1075,691,125,818,899,412,184,366,69,231,143,385,834,746,61,778,1226,887,65,729,540,618,42,388,400,125,96,75,164,372,222,168,540,568,210,346,654,513,53,362,401,94,221,144,302,587,365,53,536,5,370,237,185,71,70,181,483,288,229,151,92,253,141,132,243,152,36,113,42,70,61,41,138,85,82,193,123,68,198,216,33,185,212,65,205,20,107,165,21,341,469,174,308,594,453,54,474,478,114,253,307,98,121,127,56,134,4,188,212,26,230,118,280,102,12,81,77,164,94,193,43,120,122,8,166,222,131,63,159,99,4,1,116,180,63,185,317,201,64,196,147,27,10,73,103,36,213,238,265,299,361,86,293,465,236,145,400,327,0,270,244,30,308,292,29,390,460,142,290,452,207,205,369,127,265,328,633,355,438,380,250,193,569,67,294,84,234,316,220,72,360,601,512,102,430,706,513,66,320,366,135,146,135,192,538,463,27,639,947,600,113,692,635,288,227,372,98,340,456,63,564,935,655,146,848,1036,500,349,795,504,149,611,382,339,781,447,381,911,524,277,46,231,29,136
45,231,181,254,643,200,953,883,580,77,1000,1507,1036,154,484,735,765,565,127,183,90,199,205,87,466,836,974,609,190,913,1209,964,430,368,731,543,93,184,131,225,543,535,33,629,942,648,100,359,580,543,280,81,364,321,24,372,383,32,427,255,182,188,217,602,386,227,202,103,96,371,326,307,40,103,115,61,49,176,174,53,53,79,102,117,6,139,46,219,257,69,228,317,251,66,158,209,122,60,96,64,52,254,334,5,393,467,186,238,410,257,79,324,178,179,275,21,264,304,65,222,280,15,218,119,295,137,85,133,212,29,78,9,184,247,260,27,194,202,55,104,99,19,106,36,309,291,114,476,417,23,258,304,178,36,183,81,100,117,34,123,82,203,195,33,349,414,250,24,152,228,109,80,86,153,422,425,68,380,594,410,52,152,201,126,30,88,242,102,140,139,61,163,396,331,278,15,628,1,72,326,341,107,679,842,479,173,730,707,277,245,424,163,297,547,417,10,534,968,1005,428,434,973,994,585,18,509,628,170,413,424,21,436,636,680,377,289,878,899,449,144,563,559,87,429,482,16,465,644,467,37,550,412,188,74,326,119
24,34,13,86,20,46,467,308,95,151,401,618,785,866,864,774,613,402,173,44,208,305,311,230,63,160,410,656,864,1003,1047,999,50,643,355,40,281,572,808,956,996,936,780,578,340,101,91,233,309,318,287,214,120,4,139,282,432,565,654,68,102,82,50,173,125,11,27,24,6,204,158,7,202,414,615,825,1005,1151,1249,1266,1203,1056,838,570,291,29,184,326,388,386,302,181,30,134,277,378,16,387,288,106,119,359,582,738,814,777,638,408,131,155,414,589,676,656,552,390,212,58,27,35,30,160,317,30,6,43,10,22,22,14,35,71,12,40,164,235,285,285,235,153,47,52,133,176,191,177,149,133,136,168,228,300,384,450,504,530,524,467,385,269,34,33,183,315,409,445,432,363,257,137,25,67,124,135,115,71,5,91,179,253,303,318,283,203,87,70,230,5,80,131,119,106,67,126,71,160,63,9,144,181,200,223,222,208,155,85,16,126,227,298,332,319,261,178,76,13,85,95,74,8,106,233,376,505,48,685,718,711,677,624,557,479,385,290,190,91,3,57,93,93,38,51,161,254,333,368,346,275,166,42,80,84,136,102,195,41
60,1,54,90,4,136,175,8,296,148,78,138,165,27,7,21,140,271,32,202,15,0,133,174,199,239,179,57,77,62,21,57,19,123,152,98,18,209,35,81,179,324,236,96,40,172,112,32,266,296,94,160,215,141,116,162,74,26,49,156,97,137,219,85,55,210,198,41,34,76,182,66,149,95,60,131,21,89,5,129,11,94,79,197,131,155,37,1,51,100,95,16,159,27,27,82,46,258,110,174,30,133,69,111,34,24,79,113,40,47,12,5,25,28,28,61,68,64,151,29,143,32,31,58,32,109,49,16,20,6,63,28,8,22,166,57,392,646,584,187,392,715,497,116,569,518,15,590,808,393,334,703,630,228,166,371,246,4,145,84,6,139,123,87,20,120,307,514,424,23,764,1201,1099,576,270,1104,1653,1628,986,107,1085,1565,1368,781,234,52,22,285,140,88,68,52,6,118,74,31,352,134,35,89,99,30,199,28,0,234,246,24,109,193,124,129,25,82,40,249,4,243,98,22,140,202,76,262,19,75,144,261,40,92,99,125,54,69,124,195,78,128,38,2,134,2,176,110,163,82,82,50,14,26,156,88,135,12,35,10
24,16,41,4,70,28,28,5,41,58,54,50,63,29,61,25,40,10,6,77,3,28,22,4,30,61,47,25,9,9,5,66,67,40,83,73,47,70,86,10,24,14,88,21,88,58,31,34,145,64,4,83,6,5,4,1,21,61,18,10,50,11,70,26,24,43,17,38,9,24,628,763,558,140,382,813,1038,1014,772,425,41,244,361,243,101,565,1023,1324,1342,1104,613,53,492,846,1007,916,40,342,18,241,342,267,54,225,491,638,622,478,253,61,68,78,11,110,208,231,126,65,295,488,573,510,347,2,5,6,26,2,10,2,23,19,11,0,0,8,16,4,21,7,28,8,23,11,45,43,18,10,18,7,5,8,70,66,17,79,41,44,4,9,20,56,12,32,4,91,86,22,5,52,6,60,30,2,37,35,29,83,11,52,18,23,57,21,16,24,16,57,32,27,33,11,2,7,80,25,0,12,88,34,2,28,4,10,62,50,89,14,30,58,86,25,42,2,71,19,27,23,73,58,60,13,50,9,1,76,14,17,33,13,62,9,59,0,51,29,14,37,8,37,115,6,33,45,0,17,49,67,4,51,71,101,52,17,3,44
13,0,1,0,4,0,23,599,1027,1208,1091,745,264,225,643,948,1036,976,728,374,12,268,373,257,62,491,940,1247,1378,1263,931,457,2,561,945,1096,1025,692,147,452,1004,1335,1410,1186,747,211,295,701,944,977,827,539,185,146,379,424,245,84,487,0,2,7,6,2,0,0,3,2,0,2,0,2,4,1,4,0,1,4,1,0,1,1,2,0,0,2,1,2,1,1,0,0,1,3,1,1,0,2,2,1,0,0,0,2,2,1,2,2,1,0,0,0,3,0,0,2,0,0,0,1,0,0,1,1,0,0,0,0,0,1,0,1,1,1,0,2,1,0,1,4,2,2,2,0,2,1,0,0,1,6,0,2,0,0,0,2,3,2,1,1,1,0,2,3,0,0,0,1,1,2,3,0,0,0,1,1,1,0,1,2,3,1,3,0,1,1,1,2,2,1,2,0,1,0,1,5,0,2,0,0,0,2,2,2,2,1,0,3,3,3,3,0,0,0,0,2,3,3,0,7,3,4,9,2,0,1,3,2,2,2,0,3,1,0,5,5,1,0,3,2,2,2,5,3,1,3,1,1,0,3,4,2,0,1,3,1
52,1,0,6,1,453,825,1122,1261,1222,997,644,166,347,838,1235,1451,1460,1252,881,353,248,845,1342,1629,1714,1530,1121,532,162,877,1455,24,1883,1677,1215,590,110,774,1309,1603,1654,1468,1057,502,103,672,1119,1354,1389,1197,849,390,102,565,898,1091,1093,912,635,276,12,13,9,6,2,5,15,2,3,1,8,8,7,0,0,4,2,3,0,0,0,3,0,1,1,7,1,7,1,4,5,1,1,1,1,4,1,0,3,0,5,6,2,2,2,0,1,2,2,2,1,2,1,2,0,2,0,2,0,3,4,1,1,1,1,2,0,1,0,1,1,0,1,2,2,0,2,8,0,1,2,0,4,6,1,0,1,1,1,1,3,2,6,1,1,1,5,1,1,1,2,2,2,0,6,7,0,1,2,0,0,1,2,2,1,0,5,0,6,3,1,1,3,0,0,0,2,0,2,0,0,2,3,0,0,5,1,5,0,3,6,5,1,8,3,6,3,1,6,10,1,1,4,0,0,10,11,4,3,4,4,5,3,3,7,11,7,9,2,7,0,10,1,9,1,1,0,2,6,6,7,7,3,5,0,10,9,3,2,4,0,4,3,9,18
41,22,6,95,89,60,500,557,602,607,557,470,341,187,20,133,263,373,438,466,468,426,355,252,111,50,236,428,612,759,882,937,235,903,809,671,504,296,63,173,425,655,863,1018,1123,1169,1160,1093,991,850,682,490,282,68,149,348,533,679,767,51,40,53,66,83,54,94,103,29,58,1,763,912,1059,1182,1283,1365,1388,1376,1318,1214,1062,869,655,429,196,15,208,365,485,564,618,638,622,581,515,441,70,262,179,134,127,159,239,353,497,652,807,942,1045,1101,1105,1050,944,785,596,391,199,38,77,133,135,85,4,6,16,6,7,10,10,31,53,7,9,51,4,63,138,207,272,315,332,334,314,290,261,234,223,232,247,279,325,366,417,461,489,505,506,485,441,366,8,155,22,116,254,369,466,531,561,556,532,471,388,295,192,96,2,78,140,181,196,180,136,75,1,84,162,49,1,73,70,102,153,10,31,31,107,6,378,347,319,267,209,153,101,50,2,34,55,62,50,15,34,84,134,183,216,224,207,159,102,21,62,148,95,254,275,273,248,222,184,146,114,65,29,24,84,159,231,305,386,445,487,513,511,488,435,367,287,213,151,17,59,112,87,2
4,72,195,171,155,54,65,0,52,217,20,66,37,150,15,23,44,45,30,202,88,2,250,26,175,291,367,153,154,12,91,85,113,68,86,120,203,7,89,232,154,262,12,274,33,130,17,46,139,125,38,94,238,12,213,200,271,345,108,61,72,44,257,40,39,41,77,46,239,86,161,194,119,230,378,70,46,111,80,226,160,87,205,105,112,355,86,151,36,1,158,299,10,142,319,69,132,125,190,152,67,215,328,40,210,79,182,45,42,251,60,29,210,27,134,172,121,37,33,76,84,120,76,95,87,33,17,97,9,71,68,75,55,41,400,490,36,433,336,21,56,13,46,335,436,98,505,892,585,332,1083,1023,130,737,994,509,220,551,302,109,142,99,472,335,320,1005,970,36,1011,1350,652,420,893,659,213,19,12,97,507,894,673,211,1203,1416,549,643,1233,129,231,12,79,47,115,193,81,264,303,28,49,138,141,78,7,88,13,41,194,341,166,60,329,234,184,209,30,38,189,169,293,41,4,142,191,251,288,263,103,160,137,44,143,432,247,286,287,41,24,1,89,38,74,102,84,5,43,164,228,260,277,22,99,151,239,58,136,97
171,61,49,459,879,387,104,529,660,238,25,80,220,171,241,455,434,426,116,290,569,557,407,282,74,248,434,441,519,533,238,142,356,339,579,834,598,366,216,171,597,768,690,424,224,145,622,908,824,832,243,299,766,830,505,213,235,478,346,22,61,588,46,405,188,377,559,997,105,587,143,751,157,52,687,120,281,473,224,65,164,285,865,484,32,321,616,253,217,220,238,773,4,222,98,469,557,316,161,759,95,729,236,224,574,317,131,827,27,105,365,23,317,228,663,23,82,33,23,23,517,338,84,202,105,542,85,165,53,129,199,113,220,80,164,183,78,67,22,172,451,325,193,214,529,278,162,49,403,200,816,434,1052,310,60,461,169,455,262,750,500,39,317,621,441,219,301,390,235,28,345,313,647,394,865,481,267,149,9,680,286,123,341,672,781,123,67,868,432,60,254,752,569,173,1223,250,268,535,547,140,765,286,712,92,1178,639,462,528,2,664,341,716,40,659,230,26,659,44,209,227,445,736,1021,335,310,396,877,696,277,227,649,50,938,240,58,454,458,241,300,479,1365,52,45,43,87,468,654,416,64,476,242,29,486,232,406,4
6,95,337,152,97,161,749,413,191,106,376,620,791,958,1031,987,957,818,676,363,135,161,468,703,920,1088,1083,1022,933,755,472,161,41,548,890,1071,1339,1383,1055,952,795,600,403,110,166,395,598,649,797,753,717,630,523,350,168,19,144,277,392,64,23,133,99,43,6,133,44,52,28,16,649,599,594,500,470,337,228,106,26,81,113,173,164,133,107,39,45,127,196,275,292,377,377,334,321,270,75,101,19,13,47,80,42,22,31,84,150,190,234,263,257,230,201,154,113,95,98,103,126,153,161,160,128,31,44,19,1,33,19,51,29,59,83,60,165,159,498,733,758,557,233,184,610,879,1060,995,783,453,52,376,655,880,925,809,542,158,241,596,954,1189,15,1170,995,631,297,144,531,918,1175,1253,1334,1321,1059,721,330,87,508,836,1091,1194,1182,1066,815,442,31,376,821,140,319,0,135,77,73,179,505,301,209,515,1126,1299,1493,1536,1445,1173,850,427,30,417,764,1055,1243,1320,1288,1054,738,460,52,395,799,1370,1681,1877,1887,1772,385,1074,612,18,502,979,1426,1748,1937,1959,1954,1709,1305,944,517,24,516,888,1199,1436,1540,1504,1345,1129,758,393,11,40,122,136,81,93
2,13,10,78,21,14,50,48,42,101,112,31,1,41,39,88,155,0,26,47,76,45,85,11,80,62,39,68,17,98,52,81,40,100,45,30,94,33,158,53,75,66,53,34,150,1,12,76,85,36,26,65,31,6,16,55,33,33,89,0,43,31,100,76,10,44,68,5,42,5,804,896,5,1030,1037,2,1027,980,40,919,799,132,827,514,326,707,186,568,637,101,776,578,335,919,513,467,87,359,454,651,125,376,333,70,267,47,246,137,229,341,20,413,309,202,449,142,339,356,80,360,122,236,182,49,1,16,6,24,1,11,18,12,19,25,5,6,14,41,35,50,63,70,11,38,26,33,6,20,56,43,96,56,22,62,16,19,75,16,31,3,95,45,53,43,76,50,100,79,42,25,5,22,69,52,147,100,105,39,39,51,58,41,46,28,41,44,34,31,18,10,12,8,51,29,94,10,131,0,52,18,60,76,145,0,58,16,38,49,72,0,56,101,3,54,81,41,31,104,63,16,37,43,19,39,41,22,177,100,18,216,36,5,193,18,8,152,1,124,16,1,105,16,27,18,113,72,148,12,61,15,7,0,17,78,64,38
5,182,20,232,236,26,303,245,8,247,173,170,19,94,228,557,43,18,141,180,219,120,385,98,55,285,81,89,151,17,130,97,61,218,109,548,88,139,0,337,53,215,143,50,87,13,71,90,23,102,270,85,71,116,172,158,312,238,299,50,23,294,379,32,100,55,139,134,104,262,21,45,221,28,293,179,13,2,166,0,244,11,74,120,75,37,140,15,122,35,321,139,144,52,52,277,13,9,213,214,214,19,68,21,146,172,193,141,337,139,103,30,113,15,45,8,141,81,43,99,197,99,7,30,25,82,38,90,61,6,63,10,13,86,389,467,261,132,621,722,288,520,1026,718,254,1037,1052,185,749,1053,522,179,534,442,151,12,66,122,209,251,38,2,171,256,230,204,122,61,386,695,635,111,655,1119,915,158,866,1461,1139,51,1169,1727,1269,30,1192,1661,1246,75,186,132,166,45,23,273,46,347,75,185,54,30,9,183,258,259,270,54,260,42,208,6,224,101,177,63,36,329,115,115,46,320,48,23,219,76,34,95,513,18,199,213,248,88,19,35,313,345,71,172,128,98,337,125,8,112,116,107,110,288,87,241,178,283,231,14,43,142
102,14,19,36,178,898,101,177,254,761,341,745,1005,82,1080,653,516,864,102,441,282,98,275,47,843,717,675,1419,200,1332,988,581,8,51,539,75,223,231,346,377,680,211,934,178,862,554,538,674,215,517,69,328,175,289,182,329,162,271,253,13,88,779,337,197,51,12,566,1,249,296,249,73,118,33,193,33,299,84,256,198,83,159,50,5,22,102,72,168,151,167,227,215,406,58,454,114,511,130,232,32,309,27,388,105,373,192,295,176,251,165,225,161,179,143,99,39,61,107,128,241,310,194,417,143,217,169,188,116,164,66,137,77,223,119,285,65,250,8,197,22,94,68,45,122,14,212,54,382,54,514,240,504,437,290,472,92,343,40,149,147,153,240,237,268,316,174,330,117,325,42,284,20,227,100,223,181,365,155,490,15,491,87,422,59,465,15,623,53,185,466,125,4,224,508,253,78,67,806,491,277,269,393,311,482,568,268,643,22,519,57,357,27,344,32,407,57,514,350,398,635,21,554,340,208,482,87,80,78,144,202,43,472,360,381,789,116,821,641,457,817,60,580,210,286,14,288,205,666,91,1164,733,80,737,625,161,99
25,148,501,5,88,98,1021,779,150,545,915,756,225,942,1213,367,557,356,111,221,85,338,200,49,501,1295,462,567,935,1250,216,840,120,576,123,484,471,130,377,342,363,183,134,872,612,293,853,636,146,492,460,154,325,236,108,177,114,442,490,637,43,486,23,543,403,491,292,26,151,587,195,122,62,358,225,133,196,225,148,374,230,239,67,15,6,227,20,262,178,7,272,345,76,394,35,155,220,47,14,92,308,127,104,132,528,36,418,229,60,234,142,225,59,81,26,147,148,285,37,231,229,300,67,25,219,96,216,108,123,26,78,57,130,7,196,205,79,261,299,141,215,11,12,56,199,255,236,381,171,86,200,286,22,230,54,58,125,106,126,74,127,320,404,408,33,39,418,73,289,66,110,353,356,329,441,349,229,508,173,268,357,473,238,103,215,318,355,26,120,251,25,102,171,109,118,333,165,132,150,525,554,206,662,793,215,746,740,397,366,453,154,86,478,395,658,242,104,1128,907,11,694,1360,427,526,98,574,239,484,31,342,524,19,957,805,23,559,1022,601,741,705,74,36,404,52,346,143,156,382,434,127,1319,254,289,132,235,136
229,125,72,232,365,251,143,12,57,327,589,589,477,77,783,713,382,1015,443,251,59,839,430,122,55,342,6,697,495,519,61,643,220,46,428,493,543,689,492,205,591,270,795,37,1023,455,126,435,32,3,783,473,363,409,625,1175,805,678,85,109,295,535,177,101,83,162,905,359,63,149,1108,966,437,1702,1581,250,1708,1270,134,1101,845,11,484,79,226,295,152,563,461,186,767,613,78,728,545,11,292,420,19,264,323,201,223,3,522,190,442,753,117,761,794,87,826,677,310,766,402,355,619,37,357,204,173,373,233,313,39,95,49,39,45,94,161,80,131,60,333,39,111,217,281,169,405,679,171,105,333,1045,197,331,1171,197,110,264,385,847,299,284,341,20,211,459,159,157,497,491,271,127,631,573,161,110,9,767,89,2,275,86,15,463,94,153,569,283,391,170,561,1375,90,689,489,34,12,439,370,476,321,86,564,5,173,193,228,303,749,293,333,59,161,613,385,401,767,509,101,365,269,267,24,308,285,147,170,353,755,512,344,243,527,267,796,358,595,165,234,1263,154,640,495,102,80,229,701,923,965,695,537,155,196,697,259,399,359,469,71,301
20,158,122,371,36,222,596,561,661,29,184,214,387,224,821,688,564,1451,791,1069,1851,387,1535,1571,12,1106,650,196,169,114,74,396,876,204,852,703,695,1094,208,733,741,132,607,273,409,430,242,514,14,334,328,155,184,100,192,231,102,588,482,462,681,381,755,158,321,222,999,965,452,77,461,617,459,100,341,17,69,235,467,111,355,32,737,42,601,393,591,105,216,459,33,583,157,399,314,503,403,313,879,58,477,50,184,1,449,43,181,275,135,266,4,138,133,423,159,100,170,445,477,98,115,109,124,441,191,299,11,207,77,161,62,121,38,97,66,383,77,8,451,597,239,197,140,221,307,267,225,179,585,94,169,81,363,587,197,113,379,46,742,436,353,169,279,401,106,22,262,1065,339,721,405,5,155,615,555,212,253,191,275,67,393,239,154,304,389,207,63,373,979,509,397,731,66,491,97,579,677,178,487,625,551,319,268,643,410,53,267,1697,25,771,388,525,549,295,171,1057,46,307,133,543,248,164,444,247,1425,145,590,607,649,695,561,120,116,871,111,597,295,209,73,192,158,485,62,210,50,39,286,375,159,343,953,7,236,1247,121,321
88,12,120,31,10,10,518,595,498,245,111,505,837,1028,1043,866,532,144,244,532,640,572,357,56,216,377,357,157,170,545,885,1082,3,896,542,100,336,663,810,743,460,18,487,963,1315,1481,1455,1275,986,676,406,229,153,175,260,375,474,518,496,119,43,5,42,55,80,8,7,8,19,75,540,622,545,331,34,468,908,1248,1439,1426,1228,887,497,150,71,125,7,252,565,833,1017,1054,935,668,333,31,24,450,420,238,13,236,346,262,16,426,870,1232,1419,1383,1147,767,360,18,172,202,110,24,106,85,59,283,513,20,20,33,17,10,57,3,11,49,65,86,117,26,111,239,307,288,199,79,34,112,139,144,138,140,175,232,315,389,443,447,373,240,51,150,307,362,85,158,60,283,435,482,406,240,11,189,338,398,370,275,147,22,58,68,2,139,312,472,551,520,361,132,91,0,49,1,4,35,55,125,8,2,28,153,225,190,132,35,69,150,166,90,51,213,336,357,276,100,110,296,398,405,316,170,4,156,258,289,227,83,180,358,563,691,731,671,540,384,232,120,44,29,62,149,265,402,497,526,469,317,98,112,260,307,251,114,58,109,21,148,32,86
8,12,1,7,20,38,571,687,725,703,594,429,229,1,226,434,601,715,785,775,705,564,387,117,162,436,669,808,867,822,739,569,8,121,131,382,608,807,945,1029,1013,910,726,486,251,39,134,252,296,320,278,207,96,59,239,405,570,695,793,4,4,7,51,9,25,51,71,14,19,17,43,79,16,32,60,37,7,18,97,7,34,23,22,119,9,11,22,19,2,3,11,9,34,17,13,46,14,26,13,8,44,7,16,37,40,42,28,17,0,1,15,18,8,3,16,20,21,9,2,33,6,9,16,21,10,25,13,15,12,5,25,1,20,6,9,2,3,1,34,1,3,0,60,15,22,2,8,43,22,20,36,21,11,15,25,29,29,4,28,52,19,22,16,25,48,23,38,33,24,14,18,25,30,36,15,10,35,44,46,14,73,31,22,59,50,84,18,38,43,16,4,40,38,66,31,66,70,31,6,12,1,20,16,5,32,64,76,20,26,37,3,23,1,56,40,30,17,0,28,72,65,111,71,28,57,108,17,21,80,60,99,37,34,28,8,43,11,4,36,29,86,15,39,78,15,39,64,24,46,17,39,24,9,53,38,38
22,8,5,19,27,8,131,235,155,23,195,243,54,259,335,29,393,368,119,513,284,321,546,73,501,432,196,557,196,420,469,114,4,235,407,501,95,591,290,421,588,66,640,364,435,659,30,713,447,472,819,56,877,688,470,1108,325,932,1037,54,36,21,40,42,30,5,2,30,15,37,14,15,29,4,69,50,43,11,8,35,18,26,9,38,15,9,36,19,19,20,65,17,5,4,3,4,5,12,35,35,4,6,10,42,46,15,2,0,50,4,6,40,22,22,36,43,10,4,10,20,14,6,10,27,24,5,9,23,6,0,10,13,7,5,13,7,11,11,10,28,29,24,39,8,30,13,16,7,53,16,0,1,5,29,33,11,70,15,46,6,0,22,23,39,8,53,13,26,13,61,38,2,8,6,28,18,12,1,31,12,7,22,7,8,1,18,1,15,39,5,24,28,28,18,56,2,12,23,0,51,29,19,27,64,3,60,33,16,6,30,55,21,28,48,6,27,18,23,15,39,5,6,34,44,70,17,4,24,38,31,52,3,15,59,94,28,35,5,1,27,28,9,60,1,2,12,18,0,36,17,20,14,4,35,3,9
60,172,119,250,126,642,202,52,101,199,248,317,352,333,302,231,147,37,91,210,339,466,582,657,754,809,822,807,742,598,453,254,225,234,494,748,1035,1276,1536,1728,1869,1947,1962,1936,1795,1658,1482,1271,1039,813,558,336,76,167,382,604,751,874,974,90,279,255,334,30,165,247,293,12,195,512,531,610,645,655,635,565,436,274,76,164,413,662,916,1155,1393,1567,1663,1670,1548,1339,1023,649,246,136,502,795,125,1215,1307,1308,1243,1120,928,692,410,133,181,454,706,896,1013,1037,987,855,631,359,67,218,455,632,744,763,710,75,49,191,104,67,109,198,46,46,123,110,126,1,92,121,86,8,145,299,450,576,653,699,689,636,548,429,284,131,7,139,258,349,398,421,392,343,84,162,35,96,219,353,496,619,706,773,808,799,778,695,629,531,425,345,243,176,118,50,1,31,124,218,314,306,192,235,102,50,309,348,106,105,116,15,244,339,408,445,472,476,491,495,468,427,370,262,151,12,111,225,345,435,545,611,681,727,735,722,643,541,442,292,123,17,114,208,271,267,290,281,288,262,264,269,263,311,336,356,342,329,297,234,152,69,68,180,336,340,292,104,9,8
161,28,17,9,457,1101,1125,542,382,1144,1262,691,292,1156,1385,852,195,1180,1510,1011,70,1182,1635,1186,57,1168,1741,1348,172,1173,1850,1504,22,1125,1835,1529,356,995,1712,1463,397,872,1577,1379,407,776,1438,1282,411,668,1293,1165,400,569,1148,1048,371,474,983,913,335,12,20,11,2,5,19,11,7,10,5,3,8,3,8,4,0,4,1,2,3,8,5,1,0,2,3,1,1,0,0,1,1,2,1,3,0,2,2,0,0,0,0,1,0,1,5,3,2,0,0,0,2,0,4,2,5,4,0,0,2,5,3,2,0,0,1,0,1,1,0,0,3,1,1,1,1,2,1,0,3,4,1,0,3,0,2,3,0,1,6,1,4,1,1,0,8,3,1,0,1,3,0,0,3,1,3,0,5,4,1,4,3,0,2,0,2,3,1,4,2,0,5,3,4,1,1,1,1,0,1,2,5,3,2,3,7,13,3,0,1,2,0,3,4,5,8,0,0,7,2,2,3,4,3,6,6,12,7,4,2,8,9,2,3,9,3,0,4,10,6,6,11,8,3,2,4,1,1,4,9,4,16,5,2,7,4,10,4,2,1,3,0,2,0,20
28,27,95,14,9,117,440,587,155,502,692,127,680,904,251,710,1071,515,403,865,558,71,363,153,175,119,340,667,357,437,994,732,54,870,752,37,699,530,284,916,651,374,1262,1176,122,1054,1426,788,263,902,832,348,34,152,197,370,547,427,73,14,268,52,43,120,6,73,25,30,193,6,323,447,1066,920,49,1148,1479,713,548,1332,1090,193,552,637,267,1,122,361,246,323,890,880,174,682,1035,634,25,492,393,135,130,354,357,176,906,1093,341,837,1422,859,337,1108,892,111,438,418,191,153,226,57,388,667,375,19,16,9,54,0,7,0,31,81,23,0,88,137,240,67,229,317,76,250,360,191,63,221,257,222,103,133,377,420,132,297,517,336,113,415,318,49,33,177,170,348,141,283,484,251,208,481,337,33,285,233,22,74,24,139,30,240,383,164,284,535,308,198,512,101,106,18,59,5,56,141,50,76,15,33,191,386,320,60,189,237,131,32,81,165,47,282,539,388,127,566,536,114,261,262,9,141,58,379,406,46,27,675,436,77,475,541,288,28,221,211,107,52,119,175,65,228,455,373,52,453,478,92,284,307,17,205,110,80,34,25,47,56
31,53,73,107,3,143,6,63,6,88,304,9,14,209,221,137,290,40,15,39,219,22,169,9,102,94,12,152,52,175,296,86,132,97,116,113,89,32,93,14,87,157,140,167,201,175,21,21,57,142,51,17,235,79,49,80,93,76,44,58,238,22,69,244,21,213,59,103,106,0,53,78,225,5,84,134,194,85,19,53,209,112,32,69,115,32,36,173,158,15,22,61,41,44,17,101,12,87,92,129,18,2,12,20,34,239,66,15,23,17,114,112,80,183,48,13,12,22,172,18,57,22,62,40,54,6,40,14,18,89,13,64,31,95,472,516,511,356,79,282,593,720,580,219,189,478,595,482,109,344,686,758,622,411,151,98,251,244,138,7,190,100,115,94,53,2,134,304,585,850,972,892,664,344,97,541,981,1433,1753,1851,1700,1336,887,460,226,180,270,63,5,63,75,111,113,144,201,4,188,90,42,87,10,50,171,78,318,71,37,58,111,18,93,29,42,96,150,59,110,87,85,62,3,190,20,42,64,78,90,23,186,188,31,34,211,20,70,192,240,261,251,177,21,254,12,83,131,103,125,156,287,86,14,107,41,88,66,99
1856,254,1030,619,70,400,87,379,738,508,295,914,901,503,57,80,419,1115,1277,930,156,257,122,367,701,575,217,854,1085,679,102,44,147,964,1292,933,218,305,303,174,669,448,198,672,775,254,110,129,310,743,655,270,226,268,24,358,314,42,402,406,150,61,145,130,364,290,115,84,178,3,157,209,0,233,287,73,58,116,21,248,85,39,212,215,68,153,181,36,180,88,113,220,208,23,134,30,122,315,231,146,301,123,86,174,0,251,291,104,195,289,17,154,84,224,342,178,142,173,25,238,148,126,311,109,89,129,179,19,61,134,404,52,85,123,341,394,97,273,197,147,290,31,352,442,53,258,254,112,261,149,314,575,236,67,266,75,528,429,94,468,460,50,295,261,359,742,495,49,475,383,130,624,436,147,592,619,29,529,542,79,609,625,90,581,570,21,678,823,174,533,647,9,594,783,279,473,882,395,290,668,158,479,796,604,11,463,304,183,691,500,86,436,556,258,303,433,25,510,742,738,164,370,185,299,792,779,285,408,724,347,87,396,185,494,906,840,410,4,199,248,620,847,496,15,290,322,5,363,340,11,502,881,692,172,82,431
9,1,2,2,3,2,1024,752,143,541,1096,1363,1265,889,331,232,684,926,896,614,190,224,476,438,96,422,973,1327,1398,1130,593,51,1,1091,1235,1031,534,135,787,1185,1220,847,193,524,1114,1434,1400,1063,557,28,391,615,582,311,105,512,730,666,307,1,0,4,7,2,5,1,5,2,2,2,1,2,8,0,1,0,1,3,1,3,2,1,1,1,1,0,0,1,0,1,2,0,1,2,1,3,1,0,1,0,0,2,0,0,0,1,5,1,1,0,0,5,0,0,0,2,0,2,0,0,0,1,0,0,1,1,1,0,1,0,3,1,0,0,0,1,3,4,1,2,2,2,2,0,0,0,1,3,0,1,0,4,1,2,4,1,0,3,0,1,1,0,1,0,0,1,0,0,2,1,0,3,1,0,2,1,2,3,2,1,3,1,0,1,0,1,5,1,3,2,0,0,0,0,1,1,1,1,0,1,1,1,0,0,1,0,1,3,2,1,0,1,2,0,0,2,3,0,1,1,0,8,5,4,1,0,2,1,1,1,0,1,3,1,6,2,2,2,3,0,0,4,6,0,1,1,0,1,1,1,0,2,5,3,1,0
30,19,48,42,86,6,467,580,574,419,122,240,614,897,1029,984,777,446,89,217,423,483,393,179,103,384,572,630,513,241,126,490,15,894,842,600,253,183,595,929,1110,1111,919,565,122,337,709,958,1043,990,843,665,488,356,291,279,340,454,604,75,14,93,80,7,18,4,108,138,24,75,119,447,801,1127,1364,1474,1403,1181,832,413,12,302,477,493,346,98,193,434,573,558,403,135,191,493,715,811,5,616,404,187,41,24,150,394,727,1055,1288,1377,1268,976,566,130,233,438,473,355,177,20,28,52,249,494,707,31,38,69,34,35,27,6,31,33,11,14,144,141,48,90,234,326,342,289,192,95,20,22,46,65,101,161,239,341,435,502,520,469,350,169,29,213,163,344,267,104,101,302,463,546,537,443,292,101,63,166,193,130,7,136,243,274,222,75,123,325,471,549,533,31,42,128,13,20,61,67,9,202,32,50,182,251,297,306,281,231,149,64,5,43,10,84,233,388,498,531,470,328,142,32,164,207,158,29,151,335,16,620,669,659,594,485,355,241,124,32,10,9,50,163,297,417,474,430,312,132,65,218,299,305,247,145,17,70,16,80,122,38
49,5,152,152,177,241,49,26,191,31,149,150,175,358,304,174,41,127,20,9,21,181,42,32,190,20,258,394,195,223,64,1,6,296,45,3,13,77,399,191,215,5,97,313,47,355,384,18,21,20,99,170,27,173,157,228,199,136,108,26,242,74,54,122,162,112,351,290,53,116,197,216,13,360,55,25,123,195,161,297,117,86,80,221,193,273,84,49,136,95,36,101,36,43,166,75,96,291,120,61,10,45,53,34,6,247,81,35,18,91,20,194,116,275,122,12,223,101,80,47,69,92,72,55,63,27,119,88,29,117,80,32,64,101,483,222,381,458,15,225,101,96,180,64,375,632,65,759,940,101,972,1075,108,831,884,118,592,471,55,252,155,266,28,547,693,72,1048,1080,63,1170,1137,57,756,706,201,103,125,290,609,532,257,1204,1103,126,1315,1211,64,96,112,140,59,144,180,26,37,174,36,263,19,58,36,20,299,168,9,4,143,57,364,167,147,71,22,209,320,121,268,41,304,339,385,113,340,190,33,11,40,205,254,206,80,193,110,94,109,69,7,65,63,42,133,163,131,223,291,137,55,42,71,91,31,95,130,18,167,202
103,69,117,877,305,440,467,540,264,601,222,168,144,136,203,406,89,317,732,136,552,604,99,594,268,392,455,268,300,505,206,288,669,326,483,598,58,495,759,96,826,640,272,759,380,516,921,212,757,834,386,1258,333,892,689,340,920,76,633,12,343,140,25,285,172,285,77,81,150,451,633,315,224,357,24,615,277,247,403,160,523,811,311,159,655,37,488,1265,429,393,299,336,619,225,383,291,615,349,179,333,487,251,342,388,539,489,72,466,112,275,104,433,649,83,237,429,579,5,100,143,18,465,347,327,3,67,60,172,21,125,93,51,447,389,318,205,12,415,347,242,5,377,757,147,231,287,721,142,104,57,397,123,525,483,104,504,35,911,215,259,281,427,343,73,447,29,369,259,135,457,126,53,511,50,323,156,105,206,473,605,101,617,112,119,172,615,105,1245,8,751,397,18,17,159,20,753,339,699,519,255,141,1137,371,461,525,439,441,733,26,295,499,197,471,639,141,378,575,561,275,220,6,57,651,206,439,317,78,219,439,197,61,573,875,105,290,1077,791,312,84,476,441,93,351,362,193,112,1121,389,57,379,289,505,366,547,513,319
12,15,12,22,16,58,17,64,28,116,75,72,48,25,81,55,120,69,97,41,52,25,100,82,18,18,117,80,76,55,69,66,22,0,3,52,137,155,59,9,19,74,55,110,23,31,30,66,44,28,5,53,31,25,34,23,61,7,11,34,98,38,25,98,9,78,14,113,55,32,929,1040,984,736,348,78,496,823,1037,1039,879,578,172,222,533,683,673,461,165,199,529,806,880,813,573,207,106,486,660,676,531,310,75,107,232,226,129,28,204,340,386,311,141,94,299,422,434,332,126,85,245,286,212,37,0,7,13,6,15,2,0,23,14,6,42,7,56,5,46,31,0,37,105,30,12,45,22,27,14,21,65,74,17,5,43,33,12,95,34,55,3,20,63,198,27,80,32,1,49,53,46,54,87,9,64,11,95,43,40,70,101,108,46,135,22,13,42,111,38,32,62,59,17,16,6,13,20,106,55,58,139,11,89,40,61,85,10,23,32,90,68,24,51,79,49,6,1,37,58,89,52,45,68,59,31,73,86,96,33,63,98,55,64,35,76,70,121,1,102,11,50,75,11,13,82,69,14,4,31,13,45,182,109,117,68,49
38,34,66,46,92,35,75,53,72,37,29,24,4,170,64,173,2,26,59,39,75,91,45,14,20,21,32,77,19,29,87,40,16,22,59,19,8,43,55,1,79,36,168,35,2,26,0,84,86,31,42,71,10,42,19,68,56,15,3,41,86,25,32,77,58,42,24,16,44,75,928,1011,1040,966,845,702,491,271,68,150,361,525,640,720,723,659,545,402,188,4,237,474,668,798,918,940,15,748,605,400,211,65,58,148,203,228,202,149,33,88,225,353,434,469,448,373,236,80,80,202,268,282,232,47,12,30,15,18,3,12,7,47,45,21,8,27,7,24,35,25,54,1,35,4,49,21,42,42,110,4,56,13,34,13,75,13,4,34,23,45,36,26,17,60,79,58,27,22,25,35,37,87,27,2,35,118,73,34,34,36,74,67,77,35,13,17,6,52,132,30,50,22,23,70,23,95,54,39,82,14,67,71,5,48,28,61,110,69,18,20,117,117,127,44,89,17,120,54,116,37,84,51,6,37,49,54,101,79,114,68,45,58,86,3,4,4,37,9,70,1,26,56,58,2,48,23,36,26,95,64,4,9,99,21,46,148
15,21,14,30,76,97,27,45,15,53,21,21,29,31,99,35,23,55,91,28,11,88,167,72,134,39,119,3,34,52,50,77,90,2,39,144,86,101,58,16,24,52,35,151,52,134,15,9,129,39,60,15,4,45,13,27,54,131,2,96,68,83,12,23,44,63,28,35,99,60,851,854,94,843,1145,532,509,1116,768,144,865,778,37,631,642,23,572,566,32,651,662,23,723,849,210,627,157,388,359,658,356,170,391,178,166,232,16,280,208,158,412,242,214,466,234,235,460,176,245,350,65,241,180,32,11,39,21,12,45,8,31,18,2,31,10,29,1,33,4,9,108,12,72,50,33,7,70,12,4,77,45,30,43,41,16,37,81,50,116,101,1,23,1,17,17,76,11,17,11,43,66,28,101,92,74,31,55,54,71,12,6,145,115,75,31,35,20,43,80,51,74,29,32,18,57,39,46,6,41,106,83,8,27,84,25,85,7,60,58,12,17,42,71,33,10,106,52,11,67,8,12,36,70,24,24,25,53,45,81,34,84,104,26,11,89,136,118,15,55,140,90,60,64,25,92,6,8,77,114,21,39,9,17,2,9,36
10,136,28,75,70,150,7,42,73,104,32,94,74,243,193,52,261,9,161,66,214,32,123,100,180,166,346,34,45,104,117,30,210,44,234,49,16,69,47,6,5,47,209,290,304,93,112,108,106,89,94,142,1,7,84,86,85,11,6,40,40,0,102,30,20,52,14,13,30,258,116,153,127,70,8,139,134,21,51,33,32,13,138,61,170,129,56,172,46,25,259,80,101,35,3,151,80,13,21,210,73,22,3,111,101,110,8,78,31,73,105,46,44,43,129,79,49,132,23,39,16,47,40,52,71,40,32,63,30,29,29,75,44,61,83,226,360,435,398,236,47,427,669,751,581,186,297,651,752,647,347,47,180,245,225,147,93,138,154,163,127,119,95,43,53,18,50,167,317,472,573,579,505,243,88,458,833,1021,1021,791,382,130,652,1027,1183,1099,847,139,141,7,149,44,156,337,139,242,15,15,60,104,246,190,96,314,149,173,67,38,109,236,65,99,6,248,42,89,96,40,425,291,192,205,52,96,35,205,87,54,90,0,302,203,148,37,153,111,15,149,54,311,142,142,85,168,72,250,18,66,117,54,34,69,85,238,92,20
53,299,134,142,86,580,1247,857,94,758,563,114,60,398,61,503,401,426,695,100,1271,1616,259,1054,954,215,64,110,7,158,240,424,997,472,338,1318,1246,72,1265,1120,103,531,567,272,198,533,59,745,295,625,772,233,406,609,444,79,534,222,345,157,405,151,649,542,46,74,177,547,363,206,165,243,120,80,98,192,57,370,226,247,382,22,232,81,1,101,178,56,197,45,27,6,290,190,225,333,569,429,316,351,582,83,321,313,126,137,142,81,125,69,268,212,137,302,10,180,105,44,204,187,124,173,6,113,272,9,63,122,64,9,4,118,113,104,77,31,209,411,89,456,393,65,258,145,143,254,38,314,91,250,211,127,446,385,219,827,551,356,565,57,344,239,65,83,273,226,877,237,659,588,119,176,373,194,247,270,124,264,71,134,233,137,152,349,280,119,712,476,115,523,765,32,154,611,302,122,122,1,449,64,30,283,418,184,465,28,519,424,238,768,611,4,677,808,182,425,562,210,298,278,322,482,16,466,441,730,408,1288,843,32,501,610,426,72,69,148,163,59,132,389,301,94,454,647,524,270,789,492,190,153,928,314,753,9,56,36
127,13,11,18,934,1180,1151,908,468,104,690,1147,1355,1275,950,410,257,908,1357,1539,1404,979,300,477,1176,1622,1724,1480,894,98,765,1493,13,1823,1380,653,209,1012,1540,1728,1519,1014,291,485,1120,1452,1469,1176,630,32,664,1112,1275,1167,781,283,262,713,970,1007,816,19,9,11,0,2,10,8,6,4,7,0,11,2,3,2,0,4,3,6,2,0,4,1,2,1,8,1,0,1,1,1,2,7,1,0,3,4,0,0,1,1,2,2,1,4,0,1,6,0,3,0,4,2,3,0,1,1,1,0,0,1,1,1,0,0,0,0,4,2,1,4,0,0,1,1,4,0,3,2,0,1,3,0,2,2,0,1,0,2,0,3,2,0,2,10,6,2,2,1,0,0,1,2,1,4,2,1,2,0,0,1,0,0,0,5,2,1,1,2,3,4,3,0,0,4,6,0,3,4,2,0,2,1,0,3,11,4,1,3,1,9,4,0,6,2,5,1,0,3,3,3,0,3,4,0,6,10,1,1,4,4,7,0,1,6,5,9,9,3,6,10,1,4,5,13,8,2,6,3,8,1,16,2,10,5,5,5,10,3,7,9,7,7,18,48
49,36,23,130,52,147,288,182,580,694,438,122,720,1068,990,508,165,743,987,855,459,36,194,151,110,400,527,350,91,629,1039,1092,3,143,449,773,650,154,491,979,1047,631,102,882,1407,1484,1144,540,83,523,684,603,433,304,304,401,510,532,400,34,41,50,111,118,29,138,25,83,31,127,634,854,811,424,247,975,1507,1627,1294,637,90,622,805,643,301,1,60,151,539,885,963,701,167,438,881,1025,36,550,241,105,167,336,418,259,185,805,1335,1494,1168,443,378,953,1078,811,396,96,52,156,214,59,279,627,779,27,54,54,23,15,30,42,2,49,7,98,176,6,192,318,288,103,157,365,441,374,224,74,38,132,224,337,430,447,326,78,215,445,503,363,89,193,111,303,84,197,380,390,191,117,395,526,471,267,25,144,191,122,22,4,76,241,411,473,358,92,234,469,517,82,135,61,44,49,16,63,118,136,71,2,133,85,249,311,278,188,99,74,139,247,331,295,120,154,389,488,394,170,72,200,142,73,328,492,472,271,43,417,650,702,573,339,81,112,206,216,179,140,137,197,304,403,443,358,148,123,352,436,330,98,130,245,182,16,237,14,18,52
10,122,260,241,112,725,810,99,623,90,302,115,264,130,513,995,11,1290,1298,646,1896,1049,1151,1722,427,800,911,82,141,102,158,519,96,51,1007,852,482,1125,585,520,853,18,549,192,361,258,249,399,119,372,352,85,394,179,134,201,274,647,171,631,357,219,239,755,517,2,739,557,61,591,141,881,284,321,677,865,367,115,41,741,665,74,579,186,727,91,314,143,64,159,225,79,269,6,477,13,227,835,8,94,18,295,0,167,707,467,311,677,285,557,458,329,355,47,175,213,305,365,89,383,223,91,255,149,135,515,213,93,29,179,92,23,391,217,121,56,649,212,131,50,353,11,505,10,7,80,425,292,611,203,147,364,218,431,27,285,107,421,237,103,283,45,993,127,570,217,10,457,655,25,28,37,230,563,137,519,413,447,735,13,177,619,116,687,581,225,827,539,791,227,400,169,462,60,565,14,62,531,461,255,377,230,487,469,637,24,211,110,195,216,165,114,480,459,1447,67,229,584,159,861,467,317,427,287,280,206,245,314,771,306,405,393,1275,373,669,1330,233,437,527,189,523,813,299,1291,30,289,1393,225,715,558,591,17,457,777,49,403
9,2,27,57,3,101,505,72,414,733,717,355,200,721,998,935,560,29,489,750,729,461,88,215,236,43,476,809,861,579,51,510,57,963,654,80,507,890,861,383,378,1118,1536,1463,956,238,442,895,1018,892,627,348,162,158,264,396,416,288,5,28,15,43,29,123,21,41,14,34,14,46,11,74,71,22,39,18,29,18,40,16,7,11,35,8,18,7,30,43,7,61,28,31,1,19,16,27,5,11,37,25,22,24,49,143,1,23,84,45,33,22,4,35,26,28,32,47,46,26,18,7,18,19,13,20,16,0,51,10,12,10,7,11,50,4,18,48,22,8,22,28,3,22,44,33,9,4,10,59,13,36,13,31,4,41,61,16,10,32,8,0,8,7,41,30,4,80,26,74,37,54,27,33,42,10,18,42,31,22,67,10,10,5,2,18,4,26,1,43,21,41,19,4,20,45,64,33,47,17,14,25,8,52,36,34,12,5,29,8,19,42,16,6,30,54,19,38,1,5,45,64,12,35,26,1,6,17,2,9,33,57,17,48,33,48,71,86,12,53,10,34,17,43,27,28,13,44,21,44,0,80,7,65,2,61,59,38
1097,981,610,276,782,421,30,281,501,111,781,1120,377,393,147,1,424,1050,743,429,1120,655,91,191,581,192,1264,1286,72,764,451,12,633,1168,367,1110,1323,265,303,56,256,446,1146,552,529,758,59,54,474,597,244,802,351,210,181,275,66,530,526,31,309,121,76,154,350,68,279,223,3,65,23,3,244,271,81,167,153,47,0,25,45,75,78,10,56,26,85,127,46,27,69,146,45,197,67,209,84,310,217,206,221,189,177,178,348,156,356,39,250,143,113,43,215,59,191,86,92,77,44,19,15,156,124,46,192,23,49,28,28,39,297,299,498,281,110,335,11,208,16,6,255,213,239,330,102,101,192,80,421,346,244,409,44,165,264,353,333,593,93,509,215,146,4,457,68,562,502,174,313,159,117,392,603,27,679,169,241,23,546,154,593,566,146,416,149,414,147,692,253,563,364,308,379,453,620,198,758,178,376,243,543,364,501,720,40,612,32,513,22,799,668,398,712,57,363,326,719,125,848,1004,10,403,184,255,593,1156,549,488,785,153,42,451,680,65,942,876,192,169,35,117,412,882,534,294,718,358,22,219,515,17,752,844,266,299,209,532
19,12,10,15,5,56,220,167,122,75,39,15,15,25,40,28,31,14,9,44,84,122,167,218,274,323,376,422,453,478,505,536,8,559,559,553,531,506,465,415,349,277,196,97,6,100,191,294,406,505,619,722,825,929,1008,1091,1144,1186,1193,10,23,15,5,3,6,1,10,66,32,17,36,1,13,15,34,9,29,38,37,38,7,19,8,39,0,9,6,12,29,18,25,4,14,27,25,18,16,49,5,28,27,4,11,3,28,6,39,32,13,39,39,10,13,27,5,20,6,5,36,1,0,46,16,29,2,3,6,6,5,4,12,2,5,18,16,14,14,6,19,4,0,53,14,31,1,40,27,9,2,34,2,42,6,5,15,20,10,7,4,8,6,5,6,38,3,66,13,7,15,22,14,62,15,11,49,8,25,7,0,11,58,58,10,39,19,14,2,16,38,2,8,19,4,21,28,28,35,33,24,41,18,42,38,10,19,18,33,9,46,70,49,9,13,8,37,13,4,58,15,50,44,44,22,8,38,27,23,7,32,21,46,24,15,42,24,68,58,34,3,41,2,69,25,83,11,10,47,72,32,43,20,23,33,17,37,2
3,3,64,61,29,84,765,599,86,449,643,325,318,870,949,470,306,896,990,588,2,376,368,76,185,134,241,653,780,434,240,834,31,559,154,686,677,126,584,914,615,209,1042,1390,1031,165,713,1182,1086,623,118,181,248,214,233,352,485,522,375,67,31,99,57,24,129,62,189,82,68,125,144,439,1005,1173,740,135,1042,1497,1267,509,365,873,840,440,36,58,184,486,522,126,524,1054,1132,696,7,587,15,588,273,107,180,365,333,79,740,1248,1200,502,503,1244,1319,757,32,554,613,386,188,185,241,141,198,600,761,10,64,45,41,24,29,20,31,21,32,6,187,236,100,130,296,272,66,183,341,324,186,21,120,236,309,327,225,1,288,496,480,232,123,392,418,199,41,270,177,107,375,404,139,269,548,532,246,103,308,296,151,47,68,165,206,77,191,457,525,327,55,396,516,75,165,31,71,93,60,149,3,62,45,107,327,306,185,6,157,233,198,118,97,160,223,162,84,396,541,414,48,265,340,131,145,255,95,248,528,559,24,99,483,679,612,334,24,321,418,340,155,50,53,146,193,87,192,471,571,414,75,252,380,258,4,170,122,91,42,9,121,14
171,210,50,737,144,57,451,380,73,372,566,573,117,618,1095,784,145,881,844,188,84,40,76,103,442,807,757,1,1032,1469,887,350,559,923,255,168,250,218,25,34,412,823,284,848,1155,441,434,676,489,21,204,98,84,101,201,35,66,120,457,63,152,142,529,117,12,255,317,386,262,581,97,130,119,142,108,170,242,37,235,91,35,17,57,32,61,13,91,31,53,111,178,38,255,168,240,285,231,252,266,1,379,329,270,592,44,480,357,53,292,268,137,154,254,56,56,23,146,31,235,189,75,141,0,57,153,209,53,80,137,399,26,105,14,223,219,249,135,308,35,197,58,148,99,174,284,159,201,434,322,132,419,379,77,350,107,244,124,275,291,35,549,375,205,250,530,216,314,529,127,486,419,391,728,122,620,623,71,383,460,267,185,425,164,290,428,8,614,137,452,271,783,106,442,22,151,549,265,94,696,545,214,608,487,52,433,673,475,286,800,432,492,535,236,638,103,449,571,480,31,736,1106,437,624,839,298,90,239,168,40,123,20,471,601,159,479,933,729,107,953,811,22,490,258,125,113,125,247,325,245,260,937,223,477,47,307,75
115,366,564,156,404,533,1179,501,422,831,535,24,233,239,309,480,251,499,1011,689,470,1271,847,397,1113,574,275,499,54,82,317,430,25,966,560,644,1202,389,727,899,137,569,441,18,171,14,89,160,403,123,453,637,75,596,502,149,421,19,380,224,507,125,64,480,278,317,74,375,507,154,13,139,289,72,297,354,80,225,196,23,36,86,49,312,258,151,393,138,317,260,182,367,42,427,214,297,521,21,317,110,180,118,146,202,68,205,62,105,44,30,65,147,25,287,223,169,339,85,226,132,108,58,170,50,261,32,64,87,108,151,46,134,139,37,119,29,214,47,254,255,109,340,123,198,174,66,115,82,133,84,258,65,265,239,93,257,27,163,12,164,343,239,146,189,288,37,343,151,295,380,83,464,226,268,374,62,308,39,365,65,473,386,274,527,54,347,14,282,348,327,63,574,78,397,179,14,177,244,583,115,427,147,175,148,164,301,11,463,458,192,753,452,433,865,263,566,625,3,411,189,187,61,333,275,514,732,338,526,831,336,409,648,281,125,224,135,158,221,169,184,623,597,144,956,885,161,1042,761,267,740,199,127,181,335,122,202
63,219,180,259,261,654,342,843,783,292,145,256,91,71,22,378,711,608,34,857,1204,914,185,641,1050,889,384,90,256,174,74,295,126,766,414,332,937,1163,650,83,634,714,382,83,204,25,260,244,303,721,704,155,508,812,471,78,517,576,130,39,105,457,53,373,3,208,677,519,200,390,156,82,113,174,181,86,92,211,185,81,43,57,4,90,35,70,201,153,76,158,98,102,225,31,250,314,50,180,429,306,83,461,386,50,300,376,106,129,123,106,196,51,382,476,115,287,469,210,111,216,124,90,147,186,171,32,110,174,160,275,91,209,63,351,134,85,111,292,184,175,396,247,78,229,35,157,120,99,307,123,270,432,137,384,628,383,180,511,518,127,267,212,52,120,68,267,498,362,176,618,604,85,459,572,123,432,591,197,360,686,424,261,723,544,189,789,731,9,726,22,45,511,32,277,449,122,116,92,707,370,188,487,443,67,216,259,24,346,412,114,292,704,635,285,258,681,681,293,174,248,30,241,161,328,654,849,304,622,1231,1076,345,399,692,440,106,29,98,330,270,84,531,867,718,158,464,889,862,422,278,799,842,382,108,212,392,30
25,142,211,497,867,37,106,40,367,632,616,370,123,639,867,684,180,310,526,449,247,71,92,269,264,177,849,1133,739,179,1039,1261,25,118,719,689,212,185,125,299,576,156,584,948,595,100,550,727,526,47,492,436,73,125,63,64,208,109,254,725,54,243,526,1049,288,221,490,349,436,157,370,146,94,94,20,22,109,129,123,110,42,82,199,184,60,1,75,73,8,89,77,117,265,265,78,113,5,223,12,107,33,261,176,235,471,272,81,273,190,93,11,84,123,60,83,92,4,23,22,34,33,87,52,303,91,25,9,17,197,10,66,82,228,64,66,61,24,64,64,25,21,153,242,27,321,431,133,268,397,170,214,328,20,340,273,162,431,308,78,390,97,314,143,596,579,123,389,489,116,334,393,96,660,591,46,631,628,207,281,418,147,224,366,51,376,644,378,505,337,348,274,192,155,447,438,327,490,74,337,99,300,653,546,163,734,712,233,276,519,433,61,185,116,191,329,126,266,666,798,467,285,912,939,488,544,364,443,279,72,51,231,414,219,286,765,936,453,275,765,733,303,99,224,135,21,55,101,210,468,446,235,490,292,124,572,229
49,15,25,16,38,248,56,36,66,33,86,62,12,169,135,9,27,147,123,29,9,119,57,78,50,168,101,176,164,99,42,89,80,124,192,121,311,45,106,92,19,61,30,342,78,54,64,69,19,150,169,85,141,214,58,134,214,189,132,65,13,3,32,75,122,109,22,27,60,53,105,49,49,185,45,158,139,28,218,108,163,79,130,24,100,145,56,34,20,100,30,17,52,10,57,299,61,123,112,133,126,14,248,118,139,2,83,9,41,164,37,9,10,4,71,4,46,10,137,27,52,53,117,24,46,118,95,14,59,3,39,7,69,42,480,551,636,703,765,742,639,430,175,111,321,481,584,638,576,376,140,39,170,253,300,313,296,232,127,2,63,99,155,191,252,265,407,544,686,816,856,847,882,863,861,814,811,786,656,542,358,175,21,14,13,109,228,131,34,35,34,116,36,146,34,88,104,157,6,11,2,153,41,38,215,73,69,67,15,99,57,79,24,61,113,83,0,167,144,143,28,170,100,218,280,96,12,155,35,26,28,239,60,112,149,119,69,378,113,192,8,53,206,78,244,164,108,37,108,47,18,296,81,59,19,9
4,0,12,23,0,22,49,1,40,22,64,10,11,49,87,57,31,43,68,107,12,84,55,21,24,37,18,39,17,2,30,16,54,8,83,49,54,56,0,57,24,20,48,60,10,46,67,14,96,11,9,16,55,14,19,45,16,78,20,44,8,50,16,20,87,7,49,5,4,5,514,332,998,648,408,1129,850,68,739,647,28,386,150,429,547,113,1029,1157,205,1047,1465,723,490,1140,828,31,2,507,30,353,138,319,437,26,516,615,166,351,471,208,84,130,3,2,180,301,109,306,534,276,243,517,310,7,11,9,6,31,1,4,12,11,7,3,1,10,14,3,2,23,6,79,17,9,8,11,30,11,29,17,96,11,26,46,74,21,23,37,31,42,1,1,10,4,10,72,8,9,31,50,35,14,20,40,3,32,23,34,24,21,27,3,56,54,0,96,3,82,28,19,30,0,71,62,3,22,3,26,17,49,30,96,37,1,32,5,28,19,100,32,70,2,21,33,3,70,44,90,12,47,50,60,4,14,89,6,21,52,37,56,45,31,144,15,1,46,53,6,87,29,82,11,8,26,23,66,44,9,3,20,49,40,27,37,39,7
40,84,19,307,132,16,273,3,285,726,786,39,1175,1306,155,1025,1019,149,345,240,47,201,557,379,370,1101,868,235,1310,1135,74,1102,323,65,603,454,36,52,326,303,363,881,581,480,1057,577,458,810,271,380,249,139,138,169,351,70,613,292,490,300,356,213,19,137,74,361,48,157,456,74,420,21,235,99,125,71,34,41,40,40,84,25,175,112,136,251,43,137,267,158,71,235,162,85,197,113,725,101,12,67,212,2,417,363,179,623,362,303,559,111,316,224,137,183,69,114,139,193,127,277,44,282,154,59,21,99,449,112,47,164,175,108,238,194,48,291,139,213,205,132,187,127,228,90,400,13,459,313,298,539,61,445,352,144,324,19,240,16,326,176,128,562,27,548,421,216,504,116,307,230,143,255,171,436,88,603,624,52,727,568,101,526,210,215,234,204,509,997,160,385,584,21,94,284,803,82,258,240,79,332,44,623,463,405,888,364,469,723,203,417,439,37,371,140,430,419,309,888,356,802,1306,336,884,1155,112,498,491,74,51,182,339,16,578,807,226,746,1083,378,600,927,316,435,392,17,177,207,569,74,703,931,178,783,250,547,261,136
78,403,313,188,202,199,466,191,556,716,170,924,465,727,946,92,930,482,409,551,47,84,36,394,602,146,1148,701,948,1451,32,1455,220,675,985,130,431,195,151,284,34,685,426,474,781,12,718,349,398,415,142,238,1,41,81,142,285,56,644,151,30,164,91,80,204,204,318,465,764,316,253,88,2,210,77,308,348,172,438,120,174,165,18,49,137,169,164,319,174,476,14,528,237,420,397,251,491,45,246,33,26,207,54,340,137,376,224,295,310,172,217,141,139,142,74,213,49,287,113,231,94,188,6,136,35,54,181,80,9,49,104,56,314,57,96,357,131,155,28,18,175,12,343,107,433,202,447,378,370,441,155,404,42,192,23,25,177,52,444,80,297,341,495,480,290,592,144,509,100,440,129,483,82,620,32,669,238,607,326,463,343,363,374,263,235,305,338,494,119,161,333,452,840,240,67,309,462,61,316,669,298,758,267,914,69,891,176,739,323,472,280,417,214,413,280,531,542,413,860,93,851,641,499,865,403,649,304,227,128,72,260,389,284,811,357,742,879,82,880,564,306,707,174,223,212,114,253,58,510,628,225,32,498,244,53,119
81,401,331,760,8,233,558,649,304,442,960,460,713,1093,228,885,894,43,712,356,213,68,303,126,817,526,770,1366,362,1197,1393,54,324,934,144,589,244,92,258,120,530,804,174,795,942,58,808,669,164,445,64,57,251,117,410,445,165,469,88,92,237,168,106,392,5,329,113,234,31,73,583,418,127,318,244,36,255,323,61,268,265,90,176,267,37,161,136,17,86,4,3,4,38,30,56,112,70,118,30,113,30,131,103,93,171,31,126,173,0,132,102,9,79,60,55,48,156,48,237,119,238,144,259,1,64,39,56,54,113,79,150,52,63,40,469,55,358,139,231,125,159,92,151,37,200,15,344,159,415,403,261,549,4,429,140,219,86,187,15,327,220,406,423,223,623,143,516,400,254,398,95,362,118,455,8,593,330,490,634,97,631,250,331,236,179,58,385,88,30,57,95,233,204,57,99,313,948,414,732,650,426,910,61,883,488,586,785,148,884,342,719,690,329,724,15,633,194,462,451,223,656,230,588,565,685,581,37,435,75,496,192,587,664,275,1047,497,693,972,97,693,423,175,194,64,26,259,284,184,667,332,692,60,457,193,379,297
3,2,0,0,4,5,254,830,1120,1077,712,165,408,891,1138,1168,986,621,191,175,386,361,100,308,721,1000,1015,720,238,329,847,1214,2,1154,747,161,428,904,1077,948,460,172,821,1299,1489,1346,970,432,74,470,688,681,471,121,245,505,533,311,85,4,6,5,10,5,2,1,0,3,0,1,0,2,5,1,1,2,2,1,0,4,5,2,1,0,0,0,1,0,1,1,2,0,3,1,0,1,2,1,1,1,2,1,1,1,2,3,0,5,2,0,3,0,0,1,0,1,2,2,1,0,1,1,0,0,2,0,2,1,0,0,0,0,1,0,0,0,2,0,3,1,0,2,1,3,3,1,1,2,0,1,0,0,1,0,0,0,0,2,0,0,0,1,0,0,0,2,3,1,2,0,0,0,1,0,0,4,0,1,2,0,1,0,0,0,1,0,0,5,1,1,0,1,0,1,0,3,1,4,0,2,0,1,1,1,1,0,0,3,2,0,1,0,0,0,0,2,0,1,2,2,0,2,4,3,1,2,0,4,0,0,3,1,0,1,3,4,2,3,3,1,0,0,4,0,2,0,0,1,2,0,3,3,3,0,3,1
63,18,1,5,1124,964,691,324,101,562,930,1230,1352,1324,1129,795,340,182,702,1160,1471,1608,1539,1282,847,299,326,944,1439,1758,1853,1720,9,779,106,573,1144,1544,1720,1691,1424,998,446,147,712,1146,1398,1459,1325,1027,605,126,348,754,1041,1155,1112,918,622,272,100,12,6,3,16,4,9,13,2,1,4,12,9,8,5,0,1,1,1,3,0,4,2,3,2,4,3,0,7,1,3,1,2,1,2,1,5,4,3,6,2,0,6,2,3,1,0,1,0,2,3,3,1,5,6,1,1,0,1,2,1,1,3,1,0,2,0,2,0,0,0,1,1,2,2,0,0,6,5,2,2,2,1,0,1,1,3,0,1,1,1,0,0,2,1,1,2,3,0,1,4,4,7,1,0,3,1,2,1,3,1,0,3,2,0,0,3,1,1,5,0,1,1,0,1,1,0,1,1,0,1,1,0,0,4,1,3,7,4,0,9,4,6,0,3,4,7,5,0,7,3,1,0,0,5,8,8,12,6,2,0,3,11,3,1,7,10,2,9,0,5,0,7,6,7,4,2,5,1,10,8,1,18,13,0,6,0,3,0,0,4,6,0,6,2,2
16,36,37,20,58,12,562,451,315,179,14,153,311,445,555,637,680,689,664,611,537,443,340,222,102,9,117,212,300,380,442,495,22,572,594,622,660,711,769,839,911,998,1074,1144,1195,1215,1202,1156,1066,938,781,601,390,176,30,222,391,528,637,110,29,118,38,30,38,130,7,137,5,3,526,668,785,866,913,933,916,872,807,720,623,519,405,292,182,78,11,87,147,182,190,183,160,119,76,27,84,74,115,159,187,228,257,290,310,336,355,369,365,368,355,329,287,227,147,41,75,209,343,479,596,699,767,15,49,14,14,36,13,20,19,24,26,10,161,133,106,83,57,42,22,10,11,24,45,94,145,207,282,358,430,489,534,560,564,540,490,425,337,239,101,28,75,169,254,333,392,424,444,444,416,372,298,220,132,28,66,164,241,315,374,426,450,471,478,477,469,46,58,96,12,49,71,28,199,102,20,28,293,289,280,256,231,191,142,72,11,103,189,280,347,402,420,415,365,293,192,78,54,186,320,439,535,615,74,683,681,641,593,513,423,321,210,105,8,87,171,234,297,328,356,359,362,349,341,322,301,289,289,307,321,11,94,142,71,15
837,992,1258,828,268,257,73,267,623,434,118,522,772,623,308,27,70,634,1283,1354,901,179,39,107,687,972,657,17,737,987,542,81,160,387,1191,1565,1072,243,157,92,432,774,587,9,500,753,189,214,191,153,731,829,501,43,97,134,349,476,189,99,230,210,23,74,32,166,393,433,131,0,2,143,263,200,8,104,155,22,114,79,136,141,70,131,49,7,99,88,120,195,198,80,172,167,51,249,140,96,359,300,19,221,171,142,307,346,96,338,354,37,211,121,197,383,196,135,205,50,72,101,300,151,217,25,21,77,36,8,269,112,341,30,123,22,231,184,333,75,136,25,399,376,35,299,271,85,279,39,282,605,370,86,358,123,238,424,32,515,593,239,237,236,131,589,518,103,371,463,117,392,459,31,561,737,240,334,435,110,449,659,418,252,597,421,261,672,559,70,633,591,87,468,595,195,548,855,445,182,637,330,291,861,787,78,588,596,55,563,744,65,532,962,532,47,300,134,451,946,833,553,40,278,31,489,775,556,235,776,810,299,111,228,231,957,1102,929,340,47,66,283,757,1001,527,61,521,315,104,269,273,97,594,896,887,444,61,462
31,11,10,36,12,54,242,153,101,258,95,326,146,159,109,72,72,23,256,167,31,30,40,483,171,5,313,8,60,326,303,93,46,171,94,8,191,189,215,20,247,253,54,108,430,61,96,104,102,239,61,293,19,117,398,271,0,126,133,367,193,85,45,151,157,324,50,132,98,265,263,48,74,117,1,146,153,401,257,273,270,113,242,24,65,105,324,289,91,60,8,268,131,178,67,175,205,46,108,147,48,83,149,319,51,206,172,105,14,17,37,85,2,108,59,240,123,58,266,11,30,136,14,99,12,41,160,74,2,87,30,17,36,34,121,547,331,322,407,41,86,6,117,347,289,339,782,411,522,1094,563,611,1129,547,435,842,338,335,369,28,109,118,436,258,516,1010,479,790,1390,620,774,1241,482,367,487,243,155,275,101,628,1065,396,869,1513,656,735,1271,106,140,140,112,1,119,22,100,66,421,155,98,228,113,21,32,75,2,126,246,202,51,399,547,59,81,62,165,428,348,347,30,93,356,88,98,0,220,2,2,45,7,93,158,181,124,383,54,305,180,24,11,158,37,312,31,5,369,142,328,383,87,97,46,408,24,13,219,37
226,365,618,169,110,207,757,378,190,563,64,307,346,345,77,391,585,35,630,443,207,678,408,138,565,438,55,480,473,120,300,554,758,264,647,416,204,598,501,135,604,563,2,760,698,50,706,685,181,910,545,406,1086,169,549,766,221,519,36,268,637,614,228,614,157,420,532,12,666,199,44,766,356,765,737,132,407,164,358,126,303,763,186,626,843,450,88,163,167,765,9,650,324,603,813,4,374,840,370,841,163,97,358,281,22,147,126,96,22,446,358,86,67,545,404,483,132,437,356,2,299,64,160,61,279,549,113,127,161,234,89,12,253,53,507,179,181,23,354,40,109,0,435,482,313,515,53,82,585,284,46,24,323,335,531,439,187,132,209,963,442,677,309,733,400,448,596,265,47,141,123,462,161,345,168,340,146,1311,59,281,495,161,196,186,397,342,426,1,654,286,313,421,389,149,404,7,61,456,278,369,11,453,539,13,225,288,241,356,446,649,115,963,706,201,919,529,1156,372,98,937,171,489,12,23,585,4,479,531,163,152,565,646,139,457,164,227,976,473,279,717,979,722,235,204,827,886,102,311,855,417,434,181,907,270,354,205
11,11,0,51,68,11,52,2,40,34,59,17,15,38,115,1,96,104,64,32,103,16,101,32,61,53,153,28,22,37,119,116,70,21,43,44,22,62,32,4,38,92,11,59,7,62,48,67,149,4,101,79,67,15,143,7,43,67,67,11,96,11,57,83,11,9,39,101,125,133,172,410,645,850,1006,1112,1144,1111,1020,866,656,403,127,124,367,554,656,697,668,564,422,215,9,277,514,688,138,830,757,620,450,263,84,62,172,223,242,197,106,28,163,306,423,474,461,385,260,104,67,187,274,280,218,21,10,6,39,4,22,61,7,5,13,8,98,43,52,35,1,55,56,6,85,47,28,29,16,4,26,92,57,12,20,44,34,94,23,49,53,75,4,44,63,126,73,6,51,39,67,81,6,61,32,46,36,76,21,70,60,18,60,10,29,31,110,127,108,14,10,116,62,16,20,13,121,25,42,27,9,47,41,38,74,22,0,51,42,51,53,19,70,71,4,98,49,45,51,127,48,45,51,51,18,21,45,3,4,53,25,47,26,71,21,6,115,45,145,24,209,78,47,135,43,60,54,30,18,46,22,26,22,40,39,47,42,4
153,129,135,540,82,105,39,611,335,579,1064,557,538,1172,758,260,890,588,86,317,54,168,205,718,635,283,43,134,257,187,410,158,276,465,150,204,297,4,316,213,109,271,158,12,143,131,361,578,75,325,120,253,67,134,153,911,666,645,269,144,251,261,721,41,613,46,223,441,173,591,471,283,75,177,171,207,189,142,237,145,227,190,27,5,153,138,79,261,128,621,34,191,497,200,321,29,89,673,403,120,259,58,84,149,4,187,271,305,401,86,483,38,0,307,263,289,309,185,355,10,573,29,38,40,295,0,11,155,12,177,137,45,82,191,26,24,29,19,27,32,29,44,54,61,68,76,67,71,66,50,44,32,33,26,48,42,35,50,28,39,221,38,50,36,49,42,41,35,36,34,25,20,14,16,6,32,17,21,40,52,55,81,76,86,84,87,73,106,73,387,529,101,194,297,483,92,81,199,589,2,135,689,597,335,365,531,68,303,493,237,375,643,115,115,291,90,2,76,47,591,209,1109,129,481,79,422,207,429,14,293,455,149,351,545,431,661,377,11,447,189,371,147,31,363,661,46,537,139,142,137,269,251,92,293,111,291
5,282,304,271,219,165,363,344,546,278,363,135,311,135,31,296,135,143,20,116,4,67,190,176,186,15,445,199,289,225,154,241,209,18,20,319,378,99,49,316,6,202,424,105,159,106,212,304,437,108,22,12,323,26,447,248,354,142,239,67,25,18,308,181,359,151,35,30,145,100,326,27,523,777,458,311,749,652,144,361,414,282,9,136,266,12,121,125,61,259,155,41,361,324,37,302,304,61,182,235,31,173,196,107,262,221,35,305,386,119,309,457,194,152,419,307,72,336,248,40,219,143,39,63,101,21,10,206,70,52,33,130,0,13,7,75,2,6,175,189,25,52,28,61,283,155,98,90,135,191,430,46,467,316,159,86,27,165,156,295,402,413,281,382,177,50,226,208,29,191,130,134,211,122,14,103,269,55,240,349,26,53,10,290,18,93,383,83,73,302,87,146,243,252,208,86,241,195,329,68,247,202,464,281,119,47,56,1029,128,231,169,431,210,127,750,16,362,2,88,234,354,90,162,351,60,296,71,249,226,457,175,381,36,245,287,422,255,310,525,122,84,99,749,82,233,78,158,73,224,51,56,213,67,103,303,9
31,9,37,33,31,11,199,109,422,653,719,579,263,173,605,934,1079,1008,754,406,37,239,350,292,74,211,481,664,678,509,191,198,155,790,812,628,262,194,652,982,1105,997,672,198,309,765,1073,1207,1150,969,727,488,322,263,302,426,582,703,750,31,4,22,79,24,181,84,41,143,69,104,648,809,821,654,331,93,569,984,1268,1375,1288,1044,705,374,136,38,113,327,613,879,1045,1058,901,602,246,95,52,414,335,143,70,217,199,5,364,823,1258,1533,1587,1388,987,505,60,249,367,330,216,117,113,220,396,574,675,45,34,23,33,4,38,2,11,64,5,54,167,119,14,130,259,342,351,286,183,76,13,71,107,152,221,313,415,501,529,475,341,152,57,233,341,356,50,116,76,253,369,398,344,207,31,145,288,358,354,279,176,74,36,68,154,285,406,471,436,326,134,84,294,15,81,112,58,37,140,28,91,1,56,81,154,35,61,133,157,145,96,46,4,12,21,115,242,380,500,548,504,369,200,23,77,88,4,184,391,571,1,741,694,581,414,246,91,25,91,100,75,4,84,149,185,161,91,41,188,330,413,417,334,184,7,158,262,41,56,104,36,54
0,139,187,7,175,327,626,586,269,314,174,80,621,210,700,730,386,1434,238,1551,1136,1127,1526,248,1365,443,721,329,137,23,320,104,290,2,986,494,686,855,477,918,36,702,364,614,360,316,345,332,340,377,461,40,199,137,125,90,510,487,389,615,517,329,425,993,122,147,193,101,959,353,431,799,609,225,35,299,463,687,123,131,815,315,433,39,277,497,1567,394,3,80,165,905,50,186,247,393,409,94,355,283,120,703,527,148,231,303,391,665,182,25,174,175,174,48,219,194,91,71,229,369,351,271,81,47,9,127,16,160,19,239,195,143,405,165,193,301,283,163,96,165,44,533,959,477,95,155,279,477,225,65,655,191,190,25,219,289,421,653,495,329,92,325,447,405,111,667,289,273,635,425,311,595,269,703,857,498,487,17,3,673,527,254,303,200,583,532,434,344,377,63,943,415,381,755,269,353,251,458,697,27,373,146,41,941,705,298,327,102,1147,526,135,839,32,116,395,327,1013,365,547,691,65,881,45,386,43,755,1646,955,603,48,201,62,202,232,683,435,111,165,71,105,47,467,235,666,31,435,21,403,163,593,133,377,339,269,101,26
101,122,554,407,411,161,85,348,572,649,202,669,1179,817,309,1087,927,151,426,410,163,172,299,289,48,557,806,602,34,829,1226,737,122,1068,890,143,373,271,20,144,538,589,13,812,1086,468,530,1005,614,145,496,250,107,32,304,329,100,537,481,423,507,584,389,164,303,12,1003,556,331,340,424,47,255,248,40,53,55,65,36,1,66,104,2,87,33,2,60,161,53,320,454,117,449,571,116,394,490,26,177,16,121,42,275,229,106,360,236,115,293,168,99,205,75,80,74,39,19,112,101,109,214,38,254,222,53,94,113,89,179,28,9,147,36,258,87,206,264,14,240,110,219,241,99,347,64,347,281,223,479,122,379,379,82,330,77,318,246,200,490,226,282,621,214,411,586,151,368,415,31,261,187,115,272,56,336,501,180,442,744,342,373,717,310,298,419,56,500,428,576,91,749,462,304,300,244,225,396,96,227,415,607,74,656,869,293,468,821,430,174,441,199,164,182,201,523,405,266,910,879,81,821,984,354,305,293,147,37,172,322,188,189,564,713,304,474,988,715,157,854,748,19,526,457,17,297,35,362,239,354,688,222,109,14,167,428,56
3,22,17,25,39,35,681,575,367,71,246,560,806,933,987,914,755,552,296,69,126,262,299,216,36,236,514,758,909,962,896,722,14,172,133,407,627,745,750,611,335,36,450,821,1092,1250,1286,1228,1107,952,772,598,445,329,291,302,357,448,560,42,39,53,6,12,26,94,59,71,61,7,36,3,42,24,28,51,57,12,12,82,14,22,34,15,6,40,25,19,34,34,9,14,6,17,6,15,32,5,16,11,2,23,60,15,49,43,27,54,16,8,32,7,49,20,23,36,7,13,57,7,43,17,20,18,15,12,10,7,13,21,11,1,3,9,7,14,0,2,13,18,33,8,47,0,13,7,19,20,12,8,15,10,5,23,44,2,17,100,33,33,6,1,2,21,50,24,24,7,27,63,19,8,14,8,28,22,29,71,16,4,40,71,16,14,2,57,9,1,48,81,3,7,2,36,41,5,38,33,46,26,15,103,15,28,28,49,3,25,7,5,14,75,133,31,19,38,72,9,87,3,28,44,38,1,68,13,53,32,49,42,5,12,28,8,18,30,50,57,70,76,14,6,75,14,30,15,8,42,50,47,46,47,33,17,44,3
88,182,18,213,232,319,1582,784,560,803,254,143,50,68,402,467,124,920,862,312,1319,885,545,1311,545,620,748,33,266,74,162,416,98,141,1041,696,598,1261,405,866,1040,128,655,553,42,119,43,190,432,232,331,636,247,376,458,8,353,147,351,635,342,203,486,400,366,461,20,529,123,134,321,95,11,98,75,135,280,146,158,371,319,70,478,459,61,537,332,211,329,52,216,76,285,9,259,91,250,36,211,93,427,112,419,339,182,291,89,170,173,264,215,430,19,462,219,293,294,104,251,68,243,44,322,151,0,151,75,15,137,151,296,71,63,234,99,203,97,257,210,226,311,106,309,33,255,20,246,61,288,44,405,89,482,278,378,465,174,518,44,391,340,273,118,303,193,351,408,198,597,101,587,449,309,594,25,499,215,372,290,286,443,179,586,120,651,491,511,146,652,340,922,160,462,702,18,92,217,736,353,680,179,635,32,643,152,623,404,551,760,179,1027,548,659,1060,182,773,657,106,428,89,140,179,372,112,238,519,471,1045,404,739,966,64,760,509,196,321,150,231,352,621,14,777,668,177,791,524,218,532,46,470,108,143,89,307,292,109
193,10,16,13,1112,1097,513,369,1102,1253,764,151,1034,1370,1001,102,924,1477,1266,384,758,1526,1492,681,532,1518,1697,975,292,1460,1852,1276,7,1324,1860,1425,243,1052,1722,1463,443,790,1543,1446,603,551,1351,1389,698,348,1143,1292,757,158,923,1162,762,1,734,1011,741,4,7,10,1,3,9,6,13,4,2,3,13,3,3,6,1,5,1,3,0,2,1,1,0,1,0,1,10,4,0,2,1,2,1,3,5,3,2,2,3,2,0,1,0,1,0,0,1,0,0,3,0,1,0,0,1,2,1,1,1,2,3,2,2,1,1,1,1,1,1,0,0,0,0,0,3,5,1,3,2,2,4,2,2,2,0,0,0,7,5,3,3,2,4,0,1,3,3,0,0,1,4,0,0,4,1,2,1,9,3,1,0,3,0,3,0,2,1,0,1,2,0,2,6,4,2,1,4,1,0,0,0,2,3,1,1,1,7,7,2,4,9,3,1,8,7,2,4,1,2,7,2,1,5,3,2,4,5,4,8,2,12,4,7,4,5,10,11,4,10,6,14,8,6,9,2,4,2,8,3,4,1,8,6,0,3,1,0,3,1,7,1,0,2,7
11,60,20,19,83,71,335,164,50,272,496,703,865,985,1050,1060,1014,912,775,608,433,258,88,56,166,247,275,254,185,74,58,207,99,503,612,683,712,684,624,529,384,239,72,84,229,357,439,473,467,418,309,168,13,147,305,437,540,616,659,46,19,5,81,26,63,37,27,16,2,104,666,898,1107,1278,1415,1493,1507,1474,1384,1252,1078,874,660,446,236,48,99,221,289,304,288,231,146,53,37,100,93,128,69,29,174,352,558,774,982,1170,1319,1408,1445,1403,1289,1121,907,689,484,319,210,180,208,296,412,535,635,15,31,3,10,42,19,3,4,11,21,20,232,201,146,72,18,106,190,246,277,275,249,216,174,146,124,126,147,186,231,284,339,377,402,414,393,356,70,209,109,0,117,222,316,383,429,446,425,387,319,242,158,57,21,91,150,190,209,193,158,96,22,70,162,221,40,72,17,16,45,73,108,2,29,27,147,143,134,140,125,106,89,72,73,82,108,156,208,269,314,339,330,296,227,138,12,107,236,364,473,573,32,712,741,746,724,684,612,531,428,323,220,108,6,95,185,261,321,356,365,346,300,230,136,31,72,179,268,75,22,5,26,5
1302,138,118,126,691,960,905,323,208,466,180,170,21,554,1047,1218,780,357,220,423,693,549,195,969,1152,763,361,301,779,965,780,94,758,862,358,170,68,841,1055,849,24,530,340,61,339,110,675,929,601,11,179,226,479,320,204,740,617,231,73,132,391,468,169,177,285,82,85,45,290,272,130,172,154,0,57,90,202,68,141,224,177,52,58,80,409,399,86,160,316,113,167,63,320,485,214,145,299,94,142,74,212,484,307,105,430,167,97,11,277,481,275,104,301,107,57,34,236,233,60,247,188,45,74,224,2,99,63,84,33,23,264,452,109,130,109,10,202,82,310,401,87,259,104,155,200,302,608,493,6,260,43,370,227,244,611,377,93,229,56,385,264,274,643,433,93,381,42,394,449,133,594,561,38,414,138,483,841,436,237,522,166,419,508,99,651,675,68,430,396,252,719,524,78,637,333,302,693,314,391,732,407,364,601,50,613,803,189,575,627,143,437,426,289,925,887,111,506,482,355,766,273,617,1224,986,289,123,54,786,962,526,296,847,745,262,32,176,719,1039,737,123,342,383,65,172,43,530,966,968,550,93,28,304,635,464,178,167
11,89,18,8,59,77,101,109,33,42,95,65,39,52,11,113,134,25,89,58,152,43,2,140,105,101,248,99,23,28,24,54,155,85,57,152,20,186,82,73,3,31,32,75,53,14,63,77,13,94,206,4,68,42,34,104,245,37,9,26,4,7,8,29,84,33,147,92,20,103,89,20,99,5,82,4,42,92,21,51,45,30,64,7,64,61,80,12,11,99,83,54,105,12,69,77,105,21,123,51,3,23,86,73,27,81,15,65,87,80,84,47,55,53,56,4,137,49,83,12,41,2,0,61,45,21,4,0,30,17,6,2,54,23,26,47,126,201,304,421,500,536,492,380,214,32,154,320,491,519,505,386,279,150,80,17,104,138,133,96,175,50,27,17,54,114,164,267,405,575,711,827,885,969,1029,1096,1163,1211,1269,1232,1145,1012,837,622,383,222,114,70,118,72,61,0,133,36,95,68,51,175,185,73,59,37,134,37,131,13,154,100,28,55,107,31,5,59,73,82,78,59,150,148,122,5,85,206,15,102,96,141,95,150,39,112,154,101,179,15,226,11,43,4,79,117,38,273,134,80,54,5,163,40,29,233,79,39,21,14
25,6,14,19,12,9,57,20,60,88,1,90,6,46,63,24,30,26,32,118,12,26,0,28,29,122,0,54,95,17,68,58,28,12,9,69,18,123,42,52,12,5,17,30,2,23,51,42,99,9,9,59,15,13,26,19,2,127,59,9,9,34,43,70,64,2,56,3,28,77,599,829,859,695,407,42,283,529,653,662,528,299,24,384,704,943,1005,912,647,283,123,489,785,954,992,908,4,479,203,71,285,401,427,335,175,9,202,336,377,349,252,127,11,77,95,41,80,246,405,527,571,532,422,14,32,4,34,0,5,1,20,6,11,13,1,0,2,25,24,5,11,19,15,14,11,5,16,5,1,1,18,13,20,12,27,43,46,48,14,4,81,11,23,20,20,53,24,20,26,16,50,49,33,11,21,2,41,26,68,53,51,48,26,42,18,0,30,41,41,3,39,31,31,18,27,23,55,18,8,6,18,0,72,6,20,9,52,48,38,51,42,1,24,12,13,36,91,41,37,12,14,39,94,86,22,18,58,18,6,43,90,80,95,102,24,4,38,62,48,37,40,61,33,1,45,16,37,22,62,4,27,11,7,6,17,6
4,2,1,1,5,6,133,789,1162,1162,780,183,450,977,1227,1210,954,506,21,358,518,409,43,434,835,1003,842,372,249,851,1284,1441,10,804,174,460,950,1107,911,347,366,1031,1463,1502,1161,568,79,621,978,1024,839,459,26,323,468,328,60,541,962,2,5,12,7,5,1,1,4,3,1,1,1,2,6,2,6,2,0,2,0,0,1,1,1,2,1,1,0,0,1,2,0,2,5,4,1,1,1,0,4,1,1,1,0,0,2,2,0,0,3,4,4,0,2,0,0,0,2,1,1,0,0,1,0,0,1,0,0,0,0,1,1,0,2,1,1,0,0,1,0,0,0,0,1,1,2,2,0,3,1,0,1,2,1,0,1,1,0,1,4,1,4,0,2,2,1,0,1,0,0,4,0,2,2,0,0,1,0,1,1,1,1,0,1,1,1,0,0,0,1,0,3,3,1,1,1,2,0,1,4,4,0,0,3,3,0,1,1,1,1,1,5,4,2,0,1,0,2,3,0,5,2,6,2,0,1,1,3,4,1,1,1,5,2,0,1,3,0,5,2,1,4,0,4,0,3,0,0,0,0,4,3,0,2,2,3,0
57,14,130,243,440,119,433,586,504,210,247,669,784,568,88,431,703,701,492,230,59,4,63,266,574,811,724,171,646,1233,1283,618,369,912,1011,523,3,219,66,212,239,73,471,658,409,89,494,550,273,120,304,268,94,16,11,114,127,78,6,25,208,9,103,323,208,183,420,71,279,252,304,371,296,69,184,273,157,71,234,213,33,140,172,14,139,143,60,250,290,86,191,356,203,99,348,382,155,4,62,48,123,38,153,256,135,138,371,373,183,43,120,32,140,261,225,150,124,142,143,32,141,252,186,32,108,29,63,150,151,39,151,70,138,88,417,175,138,313,240,52,45,39,168,166,20,209,161,101,407,454,121,309,494,301,80,222,71,218,274,49,229,720,408,240,705,658,158,340,457,185,142,165,184,522,487,53,506,723,404,162,558,491,65,362,453,207,143,90,321,747,268,780,335,230,354,141,408,615,194,392,681,502,14,531,702,499,57,301,402,189,125,201,46,393,516,274,311,772,762,257,441,870,787,256,228,397,207,49,70,249,651,778,489,124,695,874,587,19,442,519,315,40,147,114,54,122,74,74,211,205,101,122,955,24,117,52
73,208,74,230,56,430,324,126,290,661,272,692,1100,441,531,900,511,66,380,342,34,54,289,501,83,979,1003,9,1042,1182,331,717,945,351,344,398,152,79,39,200,340,137,757,580,341,832,394,254,399,244,40,107,94,19,96,356,210,525,743,175,208,250,344,56,337,132,287,591,36,61,64,12,151,70,261,32,283,32,275,238,30,202,332,134,231,292,7,261,84,282,284,194,550,211,421,500,165,292,254,51,136,136,92,131,184,375,50,496,275,226,280,42,29,51,68,180,87,3,85,190,34,241,110,32,35,141,258,4,122,14,32,44,275,273,77,288,163,271,251,179,234,156,256,156,381,14,409,285,161,389,137,233,352,10,375,275,250,459,33,470,262,201,602,290,386,592,121,428,352,74,321,100,337,377,187,672,400,360,702,408,281,683,358,401,529,244,629,60,47,392,400,417,2,155,91,394,14,167,202,569,670,100,822,596,334,881,436,416,612,130,314,171,179,281,17,465,610,90,668,885,251,459,721,401,809,456,237,166,109,319,365,125,624,504,40,463,565,283,153,488,435,65,406,12,334,6,412,256,19,136,519,0,155,5,177,115
40,67,84,119,139,29,558,338,24,315,605,730,644,367,34,451,787,952,930,750,477,186,33,106,43,145,417,652,782,744,517,151,281,590,752,677,393,36,498,854,1040,983,712,287,207,677,1039,1231,1234,1078,837,572,388,318,368,491,615,683,653,39,23,126,37,160,51,22,81,134,43,29,671,687,498,142,344,848,1267,1506,1534,1346,995,577,188,76,173,97,112,364,581,673,610,376,27,351,671,849,0,700,470,251,149,214,447,774,1088,1257,1214,927,444,111,599,921,999,880,641,401,263,250,350,467,521,454,258,60,9,24,6,53,2,18,56,17,1,4,209,172,57,105,272,379,396,325,190,38,84,163,201,230,263,317,387,434,432,349,190,12,218,373,442,389,61,26,194,355,415,339,152,89,329,505,573,528,404,250,116,40,40,114,210,294,313,253,115,84,287,448,515,21,25,106,101,25,10,34,67,64,19,9,261,346,399,414,381,316,236,156,116,142,213,322,402,416,330,166,24,162,207,150,1,176,316,382,350,237,108,124,314,471,577,617,595,513,386,258,143,95,115,195,291,390,428,398,275,99,94,248,317,289,162,13,205,11,75,33,180,50
15,51,54,16,141,48,222,71,23,268,187,115,260,64,271,283,23,103,185,116,203,56,64,286,262,163,26,48,86,175,128,78,16,230,124,307,292,219,92,48,18,20,121,21,24,193,30,335,37,50,187,78,6,73,298,24,2,105,76,88,31,27,247,234,218,182,302,4,30,124,183,230,177,99,121,397,245,237,3,130,73,180,242,62,261,140,191,29,77,132,154,189,95,39,234,41,60,279,221,50,269,3,123,97,14,382,19,119,84,117,3,2,79,28,56,83,19,27,98,109,24,56,38,11,44,4,24,57,93,19,22,10,45,80,158,313,563,255,172,238,104,104,217,216,80,593,770,353,445,1062,999,246,676,1055,698,37,561,525,122,165,140,199,459,250,364,991,996,213,865,1377,1025,43,708,762,427,139,124,146,97,645,1020,805,116,1114,1439,875,138,40,20,5,20,39,231,66,38,21,12,231,3,229,13,93,27,40,133,422,119,235,54,232,145,3,142,18,78,84,10,189,178,45,8,61,36,124,45,313,130,156,45,249,430,134,83,320,45,34,27,32,193,245,437,42,450,277,260,442,101,118,341,360,100,107,209,246,8,56
42,271,458,195,158,964,280,596,535,22,279,283,196,335,407,97,157,526,659,317,137,626,595,495,199,182,449,588,392,298,24,307,395,606,403,354,203,618,905,715,245,253,565,904,518,271,437,785,894,607,248,781,959,426,275,743,638,41,349,84,227,4,587,29,155,98,262,94,173,161,936,1083,81,434,397,199,68,87,543,113,619,577,566,1267,81,427,148,369,172,461,417,18,198,119,1094,112,329,341,378,604,243,392,134,177,46,968,352,770,116,70,525,675,87,316,501,133,126,376,266,247,205,127,266,671,189,266,102,6,184,140,46,19,102,519,241,147,8,316,354,196,484,338,184,56,272,316,74,138,22,98,518,46,848,683,699,110,145,514,320,30,528,681,316,482,598,84,168,480,425,394,227,177,119,325,274,224,855,703,444,431,68,430,64,54,7,84,95,158,518,257,30,490,407,666,1104,367,143,354,373,29,559,564,567,61,251,704,601,33,262,227,1026,814,136,685,13,247,272,165,1301,182,669,209,400,552,793,181,367,401,711,605,126,924,733,43,621,23,472,92,245,1002,180,24,338,101,4,18,655,194,23,205,75,479,19,219,77,258
11,36,3,15,12,139,54,50,35,55,75,5,113,66,117,60,12,132,6,19,50,9,31,37,12,14,33,17,125,11,193,146,20,34,36,44,37,145,31,56,72,100,81,32,0,36,47,18,2,4,5,23,27,9,98,63,47,73,73,36,22,28,66,53,71,18,146,22,51,55,289,648,1152,715,368,1149,968,33,860,994,271,627,866,278,505,702,190,539,672,149,601,819,246,623,944,393,33,836,429,244,555,303,148,319,109,191,216,78,335,182,219,443,201,276,469,174,280,412,81,291,275,66,233,7,58,39,9,17,26,4,14,22,40,24,21,22,13,16,41,41,20,9,51,57,44,11,0,1,1,0,19,93,73,82,101,8,42,5,28,26,47,56,28,38,58,39,4,42,130,34,45,33,45,56,106,16,24,47,81,56,117,48,8,49,56,0,50,58,73,31,11,31,38,2,31,41,26,17,85,33,45,37,45,31,80,85,73,92,24,32,40,96,49,14,2,39,62,55,34,6,78,43,30,22,38,62,57,142,25,49,72,3,13,65,138,73,153,47,44,28,104,0,86,62,51,9,19,3,89,6,33,50,52,18,35,60
18,21,76,41,138,93,120,79,139,315,44,378,7,26,141,54,77,200,26,16,169,68,20,85,14,82,148,187,283,190,44,150,22,344,21,12,63,56,32,54,99,16,65,113,26,141,156,92,106,46,128,39,285,31,174,74,136,134,136,59,176,224,87,49,15,40,243,123,143,80,214,27,92,4,72,36,129,34,24,233,44,34,169,16,158,64,122,235,114,101,135,91,160,160,138,168,97,11,22,73,230,61,162,139,108,30,61,29,54,46,87,53,215,207,84,10,90,32,44,95,53,15,34,57,28,125,70,38,17,68,20,125,92,34,151,92,28,157,318,487,611,651,565,365,74,254,536,708,760,690,505,281,86,3,47,21,23,36,50,37,102,65,47,61,36,94,93,144,290,396,552,630,734,756,696,544,360,88,212,536,844,1043,1223,1258,1200,1026,789,68,87,27,107,97,41,156,54,74,128,57,148,136,38,57,56,259,208,186,37,127,335,36,4,156,63,96,70,148,39,94,63,21,156,278,14,216,90,87,39,129,70,16,356,23,96,2,203,159,99,0,64,301,197,16,8,16,16,77,23,228,16,182,105,78,127,37,29,73
243,99,513,524,69,578,598,230,665,210,355,370,567,402,193,1443,487,1133,466,559,560,571,641,179,677,43,345,857,120,722,91,157,1081,685,1010,1344,522,701,293,733,540,423,251,503,881,416,19,576,1043,545,14,482,471,867,175,392,289,413,203,549,569,832,335,407,580,150,157,174,133,146,1723,430,178,420,342,224,305,30,52,42,328,597,155,827,1478,654,551,654,240,27,98,68,173,148,517,448,428,516,620,476,59,346,316,187,425,309,166,9,199,100,438,87,413,310,216,206,245,363,335,721,392,447,712,375,39,4,23,63,94,172,75,11,276,186,205,115,26,7,195,202,130,716,416,0,403,363,542,203,540,134,82,284,365,325,112,40,88,46,73,95,36,199,241,167,354,175,359,569,163,75,448,15,405,81,237,687,40,25,288,567,223,33,66,651,373,151,268,945,60,622,355,403,158,923,30,574,324,414,508,112,405,473,273,144,71,985,1042,684,82,501,1045,1043,209,655,2,468,447,811,940,107,526,123,246,257,157,133,592,878,635,746,238,576,186,503,958,430,768,262,447,267,977,788,1205,1145,808,503,328,640,771,43,451,521,1270,50,128,29
50,21,2,2,1013,594,5,646,1117,1278,1091,595,93,791,1279,1429,1182,586,206,976,1473,1581,1226,520,366,1201,1679,1702,1236,402,592,1458,14,1752,1121,177,802,1503,1748,1497,818,70,933,1459,1547,1192,516,288,994,1345,1297,875,233,449,952,1169,1019,590,14,514,863,21,18,3,4,3,11,11,6,2,0,7,11,4,2,3,2,0,4,5,1,2,4,0,1,1,3,3,5,0,0,5,2,4,1,3,0,1,7,4,3,2,3,2,2,3,3,1,1,0,1,3,3,0,0,1,0,2,1,2,3,3,1,2,1,2,0,2,0,0,2,1,1,3,0,3,1,0,0,0,2,0,0,1,5,2,1,1,3,4,1,2,1,0,1,0,3,2,1,1,4,0,1,0,3,1,2,4,0,1,0,3,0,2,2,1,3,2,3,0,4,3,7,3,5,0,1,3,1,0,3,0,1,0,0,3,5,6,1,1,3,2,8,0,3,4,2,8,1,5,8,6,2,1,1,0,1,6,0,4,2,1,1,0,0,0,8,1,3,7,12,2,6,4,9,11,4,2,0,2,7,6,11,6,4,4,9,8,1,1,0,2,1,4,5,10
4,162,355,35,83,612,275,303,335,387,659,633,347,433,66,63,807,107,98,313,103,526,505,223,449,815,451,547,529,533,562,339,420,905,207,376,256,457,699,79,853,66,23,1031,183,429,491,767,527,577,763,198,1007,817,179,37,67,489,120,521,879,399,125,285,441,369,231,725,139,159,677,1176,799,447,1538,1425,128,1022,1311,657,339,626,645,245,218,338,78,210,122,213,468,295,453,745,138,491,668,132,403,336,64,468,320,55,699,554,266,757,677,152,816,769,16,724,838,114,710,761,62,532,552,6,297,135,215,475,73,185,81,99,465,28,138,47,170,0,577,325,148,335,35,16,779,943,359,406,56,207,157,27,25,244,239,252,218,573,439,518,582,653,0,849,300,591,857,76,96,335,108,171,501,775,124,449,63,487,3,33,283,555,343,547,373,228,530,379,812,313,445,474,315,251,117,32,354,117,217,148,51,202,45,1319,299,123,313,326,1,431,227,783,328,801,3,47,29,482,94,79,181,447,543,890,335,398,470,837,573,188,99,12,819,223,765,659,210,158,1310,713,8,59,612,110,179,229,997,327,400,71,400,213,220,236,663,225,100,199
33,73,15,30,84,61,536,595,396,7,427,732,764,503,29,467,828,922,756,440,92,152,217,101,114,345,458,382,103,304,700,957,66,631,139,365,684,710,395,141,741,1184,1366,1206,768,188,381,807,993,957,751,497,304,214,240,317,350,279,112,126,163,30,26,55,22,13,12,6,11,1,249,622,982,1201,1184,882,346,316,901,1260,1283,1016,578,157,97,112,81,372,614,676,526,188,240,618,845,858,16,432,190,83,159,361,590,691,564,183,379,933,1276,1308,1005,502,28,392,506,405,224,113,165,356,569,658,538,43,61,10,25,27,15,34,14,63,3,34,51,82,214,271,205,39,166,330,391,353,247,130,36,26,92,166,269,384,447,425,284,60,197,395,468,382,35,82,279,346,254,49,204,416,517,486,350,160,7,131,165,123,61,16,28,122,261,379,403,307,85,172,388,79,128,28,0,44,46,26,199,21,47,59,332,432,459,408,292,155,40,10,8,66,118,103,9,155,307,384,344,208,17,138,178,96,94,328,523,607,79,374,128,133,345,450,454,365,243,113,24,12,53,146,240,288,262,142,55,246,372,381,254,46,160,291,310,73,34,9,59,24
46,327,583,207,171,67,319,642,42,223,266,158,494,276,441,983,180,1441,735,1412,1507,611,1664,390,1269,703,546,412,48,37,111,80,518,165,889,407,909,803,368,881,44,780,299,466,287,416,168,391,401,397,247,120,374,124,184,146,518,195,506,39,527,793,482,51,647,679,292,721,281,1179,97,73,69,741,899,51,268,53,187,739,353,211,501,407,751,377,10,155,253,31,277,657,231,82,305,785,447,549,723,209,1369,2,80,303,106,535,189,165,445,14,519,249,44,160,557,156,183,449,657,143,182,315,79,101,235,199,25,222,41,6,86,311,261,164,233,179,29,321,315,142,389,675,667,46,297,415,177,286,353,345,162,268,371,589,487,447,53,46,181,487,86,358,12,493,17,516,16,297,272,239,113,479,305,184,41,137,453,155,495,205,18,91,453,135,208,527,563,277,177,106,457,245,391,255,613,507,31,545,79,180,30,125,354,919,398,477,1021,227,341,987,609,549,56,264,29,947,627,203,419,265,595,319,667,557,327,534,268,147,421,225,1365,380,657,417,104,389,511,593,1,74,439,77,151,599,76,110,387,903,8,255,283,775,117,301,623,16
1738,372,470,153,107,170,65,134,328,202,49,405,634,535,249,25,35,247,651,949,868,499,173,120,424,777,1030,849,377,63,82,251,520,667,366,259,655,600,229,94,257,138,514,866,695,206,49,153,158,570,673,431,2,306,295,101,345,272,109,306,306,271,109,54,17,78,167,227,207,95,22,4,123,50,86,171,128,51,52,108,51,120,245,224,50,218,107,27,50,29,149,380,361,38,88,48,301,406,307,113,91,7,108,165,195,137,376,467,187,11,33,66,418,323,124,192,223,27,188,176,30,195,155,300,112,335,90,33,23,33,178,278,70,53,304,228,143,237,1,200,225,146,458,445,117,225,189,53,368,293,48,500,520,150,293,248,207,597,695,243,318,461,103,332,525,314,293,662,528,59,501,508,30,725,760,403,136,547,258,391,775,618,16,523,536,130,437,669,306,201,638,543,125,616,785,332,391,531,320,284,682,686,238,398,658,379,237,613,554,151,631,715,389,67,357,240,310,702,883,750,50,304,143,395,837,695,365,143,539,509,3,428,455,94,488,790,739,394,117,229,35,508,783,782,642,74,61,28,360,694,786,631,244,85,27,644
7,12,35,12,74,18,640,418,59,335,636,753,631,321,85,505,795,921,846,584,265,54,241,236,26,299,608,774,723,445,27,391,37,874,792,477,9,484,880,1028,873,419,189,783,1192,1359,1289,1052,719,391,133,15,48,32,155,252,257,153,38,80,3,28,27,43,41,12,88,63,0,13,19,22,52,46,107,30,32,28,36,13,53,89,13,12,24,15,49,72,24,56,77,29,32,41,43,18,30,55,13,20,15,91,14,6,18,9,7,7,3,46,47,29,70,29,13,25,21,27,7,31,15,30,18,9,2,10,28,19,0,24,5,4,21,24,27,34,49,12,47,3,6,44,54,15,6,12,2,46,67,26,1,23,10,24,0,13,21,42,28,9,37,39,33,1,20,18,7,43,52,13,30,59,6,28,47,35,14,27,55,20,70,56,10,11,14,26,8,22,22,41,1,2,17,22,85,0,81,25,16,10,9,4,17,50,16,35,9,20,43,52,55,17,73,46,29,2,84,10,2,4,60,14,62,8,48,15,48,29,0,55,38,59,12,6,44,22,48,26,45,11,32,8,20,12,56,12,8,5,88,31,55,26,20,17,4,29
90,40,405,445,45,160,314,389,404,257,142,603,946,933,613,69,520,811,781,486,148,20,40,7,133,471,817,856,404,356,995,1123,247,26,469,513,177,31,6,301,544,476,62,453,771,702,311,113,400,397,236,55,10,117,146,61,217,479,565,293,124,162,294,96,23,222,19,144,219,46,80,130,201,211,168,124,61,7,35,47,1,17,10,74,102,41,135,184,104,172,380,298,44,288,418,226,213,247,116,151,285,133,171,355,306,10,228,262,47,185,222,70,128,201,151,42,6,46,114,89,34,206,341,154,49,3,1,99,227,2,129,64,1,138,493,82,223,252,17,152,144,40,174,92,125,233,43,332,576,429,21,444,556,297,96,209,76,196,224,66,441,507,193,336,688,558,79,392,546,280,63,207,0,329,455,192,328,721,730,286,305,647,499,23,464,585,274,3,212,328,335,569,286,258,125,76,336,461,333,377,11,526,817,597,25,576,759,488,10,314,282,20,221,120,248,617,669,356,231,754,952,722,263,208,111,514,379,233,128,117,161,55,105,353,556,558,315,77,435,549,435,109,147,186,67,80,90,168,439,553,376,156,414,382,75,188
57,63,35,223,295,227,262,527,432,91,570,837,260,471,691,445,1,398,422,93,102,147,199,241,717,620,104,967,973,62,720,805,124,288,682,303,186,19,285,113,618,489,162,519,484,244,324,658,208,327,208,25,48,97,40,19,49,164,267,355,37,298,254,160,445,131,318,1,486,706,22,421,228,128,223,188,47,175,212,10,176,116,162,202,160,252,56,185,39,100,105,50,149,248,27,328,58,97,410,139,285,150,250,160,185,266,34,120,184,115,84,181,17,116,0,108,19,157,87,231,258,206,413,231,33,129,73,70,165,22,198,22,54,98,226,148,214,28,167,232,8,223,16,141,159,328,27,474,467,73,597,420,201,414,131,96,45,97,30,282,100,27,447,481,48,618,382,340,363,128,234,116,209,562,168,794,788,245,796,447,104,477,429,68,478,52,550,519,53,324,244,327,659,342,647,43,432,95,1068,806,793,368,623,195,305,567,354,264,612,258,343,350,94,326,61,362,546,13,654,753,213,479,796,386,273,383,222,215,120,95,178,255,334,280,112,599,674,102,617,742,211,382,480,135,132,145,59,230,91,658,205,457,35,462,401,205
15,176,23,67,236,79,25,87,79,161,18,31,62,122,188,188,85,1,3,25,32,157,156,61,176,229,43,131,21,127,48,144,58,52,11,55,27,22,42,198,191,29,36,115,55,84,42,106,87,3,115,145,45,27,45,46,61,200,153,130,0,105,83,92,76,61,75,198,20,133,9,8,167,17,85,63,108,25,22,50,77,40,239,35,32,13,71,71,54,22,53,105,139,127,180,113,17,66,149,24,85,91,40,15,19,96,24,142,30,155,74,139,35,129,71,26,25,102,49,9,23,121,9,66,72,6,2,3,11,41,1,16,37,31,88,600,448,472,832,43,894,317,699,425,509,408,464,490,533,650,383,772,36,644,262,340,290,143,115,121,1,74,114,107,296,93,345,540,76,917,604,732,1321,287,1293,1451,214,1793,1236,919,1926,515,1218,1115,16,389,179,11,87,102,88,44,24,100,238,3,28,60,209,145,93,168,47,9,352,67,59,274,3,5,31,268,88,153,139,148,95,159,20,118,26,27,9,212,183,65,73,48,91,72,106,18,315,50,136,95,71,129,156,143,153,288,12,27,103,196,5,288,197,43,118,11,90,223,38,42
2,11,1,15,9,17,5,75,85,0,31,81,30,18,1,15,56,9,28,16,9,8,35,52,24,21,45,3,60,16,26,24,36,32,16,52,3,21,29,26,32,17,3,16,48,54,53,38,28,15,14,8,20,20,35,34,41,33,12,26,3,2,49,3,0,55,20,15,9,20,205,536,556,257,205,577,705,563,262,61,259,238,7,297,494,425,67,446,897,1059,898,430,110,540,713,617,8,13,205,242,101,134,315,345,201,40,264,370,316,169,26,21,11,80,129,62,88,269,386,350,174,60,238,5,5,0,12,0,10,12,0,1,14,3,1,7,13,15,1,10,9,15,34,36,46,8,28,3,16,19,24,13,43,1,15,13,19,48,17,40,3,20,40,70,5,8,49,8,44,10,23,1,20,22,16,15,25,7,8,18,24,13,20,15,13,6,38,12,89,45,12,47,20,19,1,40,20,54,28,19,19,18,46,15,43,47,65,34,6,47,93,8,55,74,10,2,44,6,69,7,40,4,32,0,15,54,75,40,25,19,60,34,3,28,36,65,79,34,0,4,8,28,17,21,13,80,5,2,42,26,25,0,53,9,15,16
1,198,272,273,297,625,661,710,422,130,674,964,839,352,228,723,858,615,183,200,267,67,152,174,107,490,743,562,134,392,685,670,285,82,178,296,280,220,200,236,306,266,15,371,700,691,349,135,447,446,219,40,86,28,21,76,93,195,331,420,95,434,9,519,160,351,505,60,68,302,80,47,101,58,42,137,226,178,21,151,217,29,160,214,66,135,229,79,115,222,96,162,319,242,64,351,415,258,1,149,158,80,106,269,438,451,193,254,580,622,351,27,148,149,71,35,99,169,135,35,16,23,62,70,70,15,150,237,40,22,181,33,127,147,0,241,240,36,132,137,33,27,174,336,289,49,444,610,427,8,328,325,113,100,92,132,292,228,121,455,400,216,241,553,532,166,253,456,287,70,285,201,121,427,428,39,464,707,511,8,489,613,268,206,474,330,80,719,73,281,271,400,200,326,85,504,313,316,219,407,241,204,596,606,214,360,738,657,235,237,399,184,252,547,445,148,825,1176,925,128,707,1151,1017,463,483,319,264,89,55,233,518,609,454,97,312,596,709,623,328,67,412,505,378,87,142,170,0,137,80,125,341,567,119,505,63,98
4,1,2,2,7,0,362,260,857,1190,1207,926,406,142,620,964,1049,957,653,260,113,331,311,41,377,840,1153,1239,1040,592,25,541,1,1210,1158,837,273,341,881,1160,1104,712,113,534,1066,1365,1358,1090,672,188,209,473,512,344,4,383,677,765,584,5,0,2,2,1,3,0,8,0,1,0,3,2,1,1,0,2,5,2,1,3,3,3,0,0,0,0,0,0,3,1,3,0,0,7,0,0,3,1,0,0,0,0,0,4,3,0,3,1,0,0,3,2,2,3,0,2,0,1,0,3,1,1,0,0,0,2,0,1,0,0,0,0,1,0,1,2,2,0,0,1,1,0,1,0,0,0,0,0,0,0,1,2,0,0,1,2,0,1,1,0,1,1,5,0,0,1,0,0,0,0,1,0,0,0,0,2,1,1,5,0,0,0,0,1,2,0,2,0,0,0,1,0,0,2,0,0,0,0,0,2,0,0,1,0,1,2,1,3,2,0,0,4,1,1,1,2,0,2,0,6,0,3,0,3,2,0,1,0,0,1,0,2,0,0,0,7,2,1,1,1,0,0,3,0,3,3,1,1,2,0,4,0,2,5,1,0
8,1,0,11,82,724,1190,1068,411,493,1189,1286,749,186,1082,1439,1095,177,877,1505,1388,578,583,1486,1630,974,224,1361,1807,1349,193,1145,22,1637,576,766,1664,1689,869,378,1394,1642,1074,22,1097,1522,1172,251,781,1347,1192,462,486,1135,1156,597,225,878,1049,673,6,5,17,2,0,7,14,7,11,7,4,4,8,7,4,3,3,2,2,5,1,4,5,2,1,0,4,1,0,0,3,3,4,4,3,2,1,5,0,3,8,0,3,2,1,0,1,7,4,1,0,4,1,1,7,0,1,0,3,1,5,2,1,2,0,2,0,2,1,0,3,1,0,0,1,2,1,0,1,0,6,2,0,0,0,1,1,0,1,4,0,1,1,0,4,1,2,0,0,0,2,2,2,0,3,7,0,3,0,2,3,0,1,3,0,1,1,3,2,3,1,3,2,1,0,3,1,1,0,1,3,0,6,0,3,0,1,2,8,6,3,1,4,2,5,5,10,8,5,5,5,1,3,2,1,0,8,3,0,7,4,0,8,5,5,2,3,6,3,3,2,3,15,5,1,8,14,4,1,2,9,1,8,0,0,16,4,4,2,1,2,1,7,1,1,4
40,11,93,47,101,17,449,494,534,562,579,560,536,485,428,345,264,174,79,11,101,179,227,262,255,231,175,98,5,88,186,274,18,442,527,589,658,722,788,822,860,868,873,849,816,770,724,682,634,581,522,455,377,297,202,115,33,26,57,167,193,57,98,70,2,127,8,94,96,68,544,676,809,937,1049,1133,1167,1161,1114,1028,899,747,571,391,198,1,193,366,522,646,752,814,825,809,758,679,102,471,348,235,115,17,68,125,157,143,95,22,70,177,277,341,369,344,270,150,0,179,350,505,624,700,725,74,21,42,8,34,27,29,7,31,27,31,194,204,202,177,141,82,35,16,46,71,62,46,0,45,105,157,217,251,292,304,315,293,258,192,119,20,52,173,263,345,399,443,468,480,483,467,452,414,360,313,240,179,102,38,20,62,93,105,107,89,59,20,38,31,14,60,10,100,23,11,139,56,7,6,456,403,348,303,255,215,160,101,22,58,164,256,350,409,449,423,358,271,151,6,135,264,377,465,533,581,146,653,679,702,707,695,662,592,490,380,236,100,27,164,264,356,422,472,484,488,445,397,301,195,71,49,175,96,69,47,67,10
66,14,78,26,101,29,704,315,262,613,481,67,657,887,586,83,728,987,738,177,347,518,284,109,308,106,372,753,709,175,545,989,105,265,452,804,570,106,758,938,468,419,1203,1419,937,35,813,1198,1037,521,8,271,261,143,67,188,421,583,479,89,60,56,49,146,59,167,33,12,31,26,257,318,917,1196,919,158,770,1415,1455,864,19,713,889,570,90,136,36,414,650,458,115,735,1076,932,399,211,128,592,345,119,133,373,551,386,215,963,1365,1095,230,737,1254,1086,446,185,453,342,142,126,313,448,290,162,620,8,4,4,33,22,13,76,26,14,12,16,112,100,248,192,40,276,352,213,32,241,313,266,167,61,54,187,324,396,303,43,272,465,410,134,201,352,96,52,304,335,118,201,429,445,229,85,360,445,312,96,69,91,10,15,100,304,412,287,46,396,557,424,81,75,30,33,85,36,31,125,65,209,10,24,309,17,242,337,281,138,31,8,44,54,41,238,408,422,227,92,347,380,188,69,188,53,229,454,419,98,134,703,732,461,49,299,469,469,343,172,38,12,25,60,13,183,415,506,323,36,337,388,173,95,213,99,125,12,32,25,97,41
19,161,293,205,437,40,217,675,554,145,640,549,226,818,468,459,702,122,336,209,47,215,184,323,641,279,479,842,455,538,1074,368,299,796,148,484,74,143,472,370,563,825,40,791,550,256,629,234,317,328,43,194,10,128,102,288,129,589,79,0,245,139,96,206,412,197,142,218,512,275,138,91,125,40,25,177,61,337,82,335,229,117,137,2,42,107,6,263,162,146,306,145,190,383,55,438,34,366,269,316,225,289,189,274,190,246,278,166,314,20,281,50,194,29,171,135,262,123,295,14,248,54,148,22,163,136,21,220,61,96,106,172,222,21,73,129,49,217,20,184,25,69,125,120,285,380,225,619,33,579,284,346,352,151,222,75,170,132,244,178,269,48,551,196,430,428,85,413,173,237,227,186,179,275,327,348,605,104,734,244,559,501,152,477,264,239,555,404,470,618,286,255,219,122,719,608,332,174,406,897,54,508,85,360,263,218,470,74,471,351,185,384,40,300,31,425,196,644,623,388,931,281,562,631,98,332,193,24,148,218,250,597,258,368,630,323,275,646,323,257,455,128,154,106,49,111,38,27,61,93,494,205,333,53,250,317
455,123,0,177,559,482,190,244,544,295,81,106,158,518,960,622,172,170,32,296,480,343,304,795,825,335,93,21,452,927,792,162,502,663,174,280,164,390,763,745,272,287,308,66,483,168,262,613,620,98,146,54,354,518,213,146,446,239,88,199,18,311,349,0,181,176,19,90,111,145,210,112,26,117,86,9,22,127,274,209,10,18,77,126,79,66,166,204,156,90,16,80,158,77,142,203,154,25,5,128,210,175,102,232,149,58,114,101,405,338,12,321,267,107,285,145,197,269,121,151,207,188,94,199,241,233,1,0,6,101,64,151,240,169,33,124,4,294,224,215,308,91,135,10,270,376,36,302,445,24,293,122,353,537,162,369,478,213,313,268,196,593,484,80,502,318,227,467,160,497,687,321,361,455,47,421,536,31,643,627,1,493,555,122,691,542,94,629,548,102,762,566,196,703,524,231,719,466,229,708,594,86,510,260,452,840,478,109,537,287,232,533,152,583,793,464,16,267,24,447,708,366,254,645,566,65,197,21,466,887,718,361,214,351,95,259,363,11,535,723,523,114,127,13,426,671,472,29,322,349,55,189,78,220,700,278
55,87,77,247,42,85,216,12,207,110,209,12,392,15,113,38,49,201,127,140,47,63,0,315,3,162,53,30,61,133,26,133,100,84,121,393,208,206,134,273,12,145,83,246,168,185,2,86,233,72,254,235,52,111,285,130,64,79,7,261,138,120,76,32,120,303,3,225,25,87,386,173,241,262,149,158,135,18,254,100,64,196,24,101,245,119,2,89,126,26,79,182,352,140,138,300,85,50,333,118,268,132,90,5,179,84,173,104,59,12,46,211,50,66,266,97,2,34,173,57,58,86,44,26,142,140,71,46,6,74,93,56,70,81,164,511,320,169,410,142,23,62,85,114,523,551,29,682,938,503,370,1042,857,135,603,818,412,248,413,110,10,172,188,623,513,292,1063,1084,256,782,1295,794,122,615,515,239,189,292,198,324,1001,1015,233,827,1369,929,123,17,228,140,68,384,79,76,100,248,223,102,38,47,106,38,274,96,114,140,68,5,214,115,252,53,347,57,18,101,277,132,17,69,267,123,140,152,107,117,17,23,242,181,52,15,229,107,159,149,108,96,120,77,66,260,27,129,229,141,103,362,175,93,3,85,18,163,171,55
182,475,102,393,363,429,241,414,618,31,398,504,202,38,225,443,411,50,406,700,243,354,736,480,55,356,528,218,83,377,570,316,443,612,705,241,329,646,528,123,504,647,222,478,860,463,196,701,782,250,772,1077,344,557,874,37,644,554,88,299,151,212,155,229,1117,155,137,58,777,535,127,533,709,379,170,399,717,318,73,556,625,53,515,285,171,451,703,361,593,137,605,391,532,613,253,198,272,182,44,501,149,351,261,625,653,519,661,555,327,907,55,411,563,431,314,139,187,193,214,445,158,77,188,88,179,339,319,415,285,261,46,205,117,7,423,139,33,297,253,53,174,3,713,137,43,299,323,343,59,289,6,279,615,51,215,119,154,136,423,55,446,861,141,363,74,329,190,623,268,513,321,184,133,38,197,133,121,30,475,81,145,709,39,605,595,431,769,362,165,233,693,236,102,139,502,115,353,259,369,281,168,182,259,259,563,1367,393,285,210,457,415,557,1271,268,771,979,300,191,508,444,155,525,527,700,781,88,177,411,275,269,11,145,139,226,823,3,365,695,359,296,227,702,156,863,881,1061,328,558,240,31,1149,165,405,169,573,14
6,58,1,5,18,90,10,51,122,1,83,152,14,39,85,145,136,37,34,14,119,45,90,238,18,43,32,91,86,142,15,152,78,17,81,28,55,53,10,119,11,90,5,28,33,79,40,103,40,140,12,141,107,2,86,117,59,22,148,1,82,191,79,20,9,1,210,19,70,151,1362,1480,1568,1581,1527,1406,1250,1046,839,605,316,37,219,471,652,807,916,960,971,921,836,704,521,297,51,206,52,599,696,744,725,660,553,414,255,100,61,248,405,500,553,548,487,372,202,29,134,288,423,478,469,375,223,5,18,79,54,7,2,40,46,23,12,59,47,82,41,53,3,57,39,89,71,45,32,28,54,55,75,53,0,7,54,28,211,86,37,40,44,8,64,116,37,45,96,28,128,14,153,72,66,16,71,61,25,150,68,133,134,27,267,53,77,145,157,9,37,88,73,17,25,155,49,42,19,5,146,110,61,115,98,37,22,73,224,46,68,118,32,68,123,280,22,27,110,9,27,179,25,45,95,95,51,14,144,65,26,63,167,28,184,167,6,1,53,8,38,55,92,95,21,36,117,73,42,151,11,23,7,144,182,104,91,93,40,11
24,24,2,63,38,109,312,585,253,388,648,180,579,847,288,610,1011,541,310,771,540,30,306,86,234,138,363,740,451,376,982,771,51,797,696,55,666,462,363,938,585,499,1314,1076,55,1138,1325,592,363,840,660,211,75,75,61,263,513,424,69,108,57,134,112,79,83,76,86,36,12,21,133,564,1018,712,270,1224,1317,421,777,1321,860,83,673,554,88,96,147,404,203,427,925,753,41,830,986,446,63,550,359,96,140,332,198,425,1025,879,120,1177,1317,384,764,1155,607,190,526,365,150,145,135,140,518,533,29,79,32,100,3,57,5,8,28,0,22,36,203,59,226,300,41,289,332,65,247,326,159,70,212,250,196,44,201,387,340,11,371,476,197,226,399,202,18,278,78,229,320,37,357,467,169,282,484,299,39,237,206,107,73,88,27,177,350,286,68,438,474,71,412,80,4,3,30,16,98,3,63,108,26,204,56,257,392,258,32,256,277,151,40,19,2,170,363,328,2,362,405,118,174,176,86,236,52,338,530,300,260,625,617,201,315,592,496,127,214,326,229,110,79,78,32,237,382,276,52,350,374,100,202,221,15,220,143,83,28,0,49,6
19,140,281,324,57,699,126,273,651,333,459,287,352,477,299,102,798,1448,713,164,546,184,218,67,1086,744,46,436,962,129,417,954,190,393,377,1021,496,356,760,164,122,206,129,1066,70,784,981,87,85,234,414,799,231,1031,550,51,122,757,175,230,514,990,191,44,307,694,29,561,43,616,811,674,334,1397,1129,479,1415,916,287,1014,685,195,465,592,312,271,328,71,156,35,364,27,393,449,162,659,77,217,593,285,423,571,6,618,458,215,710,362,498,860,270,496,805,111,741,591,125,700,384,301,453,48,250,198,116,87,168,262,136,78,47,171,441,61,103,175,253,438,21,315,119,153,129,141,144,71,702,2,726,124,628,289,26,85,18,475,28,663,11,304,220,120,405,88,190,414,470,199,438,5,431,239,577,509,54,373,57,490,608,236,16,551,389,414,92,882,53,75,177,642,217,993,248,414,563,982,1278,243,235,169,165,275,396,162,1204,210,149,120,507,498,273,36,805,70,71,709,45,726,388,1187,554,934,881,196,1351,765,711,405,203,226,361,232,220,148,227,286,594,56,550,8,30,168,248,104,438,682,411,827,1285,1076,545,481,248,764,238,320
30,337,165,522,585,344,459,408,627,211,139,160,427,690,647,90,1025,1625,1115,237,1756,1831,800,689,1290,1079,198,199,116,129,176,368,203,689,176,656,1132,795,124,874,947,428,416,587,367,279,431,224,234,615,492,79,181,167,88,299,503,167,492,653,320,630,141,709,8,805,103,12,74,39,597,577,291,136,74,757,71,375,202,172,226,251,155,470,204,532,140,191,535,499,36,712,571,23,827,677,49,56,214,30,0,247,376,36,547,392,268,157,228,151,16,260,283,50,400,527,116,487,223,344,30,168,303,47,46,268,209,40,80,192,47,192,398,206,198,226,422,268,208,11,272,507,213,402,358,536,318,416,484,133,120,497,11,257,262,448,399,7,74,660,480,712,32,867,147,50,775,218,49,78,612,198,701,715,217,660,691,272,856,792,278,56,272,591,466,649,39,609,241,378,348,539,178,16,382,621,365,1233,161,602,241,184,477,1090,621,521,914,560,708,989,182,548,477,28,720,168,191,314,1248,756,266,605,709,164,490,416,175,708,724,213,126,786,254,328,289,286,494,43,268,113,995,528,129,51,576,453,43,456,144,486,913,158,303,486,269,138
28,4,63,54,22,49,341,270,645,417,234,715,587,82,739,862,363,392,826,630,65,379,356,39,292,62,473,747,409,340,914,831,15,610,824,330,442,815,414,530,1201,956,101,1145,1413,790,210,898,971,551,16,276,291,209,266,429,474,230,257,47,32,7,64,19,64,45,45,5,72,53,53,15,44,46,59,94,36,57,80,40,42,106,3,45,9,31,3,24,31,4,57,51,22,37,4,56,88,23,20,39,33,37,32,68,8,29,46,2,18,48,47,33,26,35,6,3,1,57,11,17,37,26,15,16,2,3,10,7,1,22,15,10,13,4,10,2,10,11,2,38,9,17,12,52,8,11,4,17,0,13,11,50,4,37,52,37,21,29,36,29,4,10,24,25,50,42,43,4,10,103,12,4,35,16,41,41,23,57,46,18,5,4,63,17,39,44,2,50,37,72,54,24,1,76,31,38,95,20,56,75,90,47,23,0,12,19,7,17,38,17,95,54,10,20,30,12,110,19,20,53,45,42,95,15,27,57,15,19,86,5,10,42,47,50,30,30,15,28,98,47,30,99,23,42,6,25,2,43,72,57,11,67,20,2,10,46
46,328,313,99,224,195,33,620,786,371,348,882,735,65,652,846,422,214,560,398,130,14,90,21,369,777,571,256,1165,1111,135,1004,15,450,566,850,357,220,305,77,148,175,508,374,229,765,614,67,596,498,43,253,195,72,81,217,398,214,269,255,74,166,940,297,435,54,90,80,490,96,73,126,223,60,225,241,139,420,324,217,560,398,116,480,428,74,148,125,32,186,314,83,279,524,294,151,293,208,31,19,45,7,229,246,58,296,351,3,345,312,53,373,259,46,229,129,1,40,97,67,308,293,23,56,184,272,84,151,32,196,68,21,108,229,296,307,22,167,6,126,81,292,190,201,458,158,318,438,39,399,295,213,360,81,303,181,257,380,67,591,33,147,680,515,119,517,273,160,270,68,367,104,389,543,93,502,495,45,421,335,120,463,211,284,507,272,113,16,243,4,799,413,333,667,45,602,349,51,226,356,691,489,189,674,607,40,525,472,41,373,177,278,292,178,668,556,294,1034,854,42,1000,1003,183,487,95,313,74,80,181,179,126,650,702,116,677,996,546,285,835,673,81,294,310,26,3,248,318,6,367,513,97,194,642,316,682,50
89,88,133,679,339,15,126,249,529,704,733,578,173,405,786,911,609,119,273,334,174,13,135,521,822,706,104,777,1375,1291,562,413,268,1070,534,110,463,298,76,273,87,379,706,618,186,407,755,696,284,183,413,286,1,199,127,122,344,367,55,239,439,447,64,312,751,128,232,172,12,643,221,100,91,156,18,282,407,250,102,385,411,215,46,138,91,0,40,230,359,243,65,435,623,415,35,384,101,367,89,107,98,12,23,57,233,287,155,97,329,354,178,56,245,265,184,62,71,135,165,140,45,66,91,52,203,24,16,193,152,54,31,194,81,260,77,144,91,16,6,5,29,108,144,37,200,383,347,32,363,532,414,73,226,254,135,48,108,300,371,175,220,617,627,278,240,550,429,36,328,349,44,341,465,184,283,602,476,6,442,568,289,117,355,214,109,335,215,88,186,215,541,113,424,135,64,0,292,566,234,496,391,42,558,762,529,42,552,664,368,85,320,186,181,392,221,191,636,786,454,157,671,879,588,136,47,386,248,10,137,60,380,612,535,92,466,862,873,488,67,480,532,318,26,180,19,260,390,280,73,387,457,344,40,388,139,16
4,1,0,4,81,13,253,224,216,211,232,263,308,343,361,359,320,234,119,13,167,315,444,530,572,540,473,330,178,11,201,373,26,551,555,479,357,168,48,266,456,598,667,660,571,403,179,82,350,602,794,914,939,851,652,379,36,340,677,1,24,19,26,12,20,21,16,10,38,48,8,6,23,1,17,27,6,9,22,10,71,48,15,16,33,13,10,15,4,0,12,43,7,9,6,11,26,0,25,6,40,11,8,30,16,3,24,6,34,9,25,37,25,19,1,45,12,8,22,27,10,8,14,20,5,9,3,8,0,8,1,7,0,5,18,2,5,17,0,24,0,4,45,14,17,21,14,0,48,4,7,0,1,14,15,34,17,28,36,5,15,11,3,24,42,15,38,9,17,8,38,4,17,55,25,16,26,23,18,12,59,36,1,3,21,2,53,16,2,38,8,10,17,37,27,22,45,62,4,30,14,14,42,12,29,51,5,14,30,13,43,29,84,44,63,2,6,0,19,6,34,62,56,35,35,68,15,1,7,23,8,30,2,41,36,1,29,19,3,4,15,12,69,60,20,5,16,11,35,14,17,47,6,5,31,34
141,18,8,2,1132,1068,930,769,561,307,23,266,557,828,1078,1281,1424,1491,1488,1421,1281,1069,788,465,99,282,674,1044,1373,1624,1803,1886,9,1722,1481,1166,793,390,17,421,788,1106,1342,1489,1557,1525,1410,1238,1003,716,404,93,222,510,729,899,1024,1070,1054,971,857,22,4,3,0,0,7,2,9,7,2,10,6,7,6,3,3,1,0,3,0,3,1,1,5,0,7,3,0,3,1,0,0,2,4,1,0,5,4,2,1,4,0,0,1,0,0,1,2,0,1,8,0,0,1,3,3,2,1,0,3,1,2,0,0,0,1,0,0,1,1,0,0,1,1,2,0,0,0,3,0,2,1,2,0,3,5,3,2,4,1,0,1,0,4,1,0,1,0,1,0,0,2,3,0,0,3,0,0,0,1,3,3,4,1,2,1,5,1,2,0,1,4,0,2,1,3,3,2,6,2,5,2,6,3,1,4,9,0,3,3,5,5,3,4,7,12,2,6,3,5,3,4,2,1,2,10,9,14,7,0,10,5,0,2,3,4,5,7,1,14,4,10,8,10,2,8,4,3,4,1,8,8,16,0,10,14,14,2,1,2,7,7,4,3,11
26,352,194,495,101,163,14,426,682,506,243,50,158,13,273,252,28,508,853,913,349,337,919,1008,562,61,477,350,138,122,3,389,35,691,60,719,1118,1020,395,442,808,629,190,186,271,21,235,230,30,187,326,182,2,152,198,186,128,32,263,364,649,639,150,134,11,372,343,631,434,110,309,99,13,131,226,274,252,227,35,75,118,105,156,203,173,80,151,221,164,40,82,1,110,78,47,232,204,45,323,462,208,142,409,387,100,168,255,100,32,21,98,250,133,125,350,329,35,296,313,88,167,226,55,114,102,98,157,135,62,112,95,162,170,19,77,184,276,30,344,435,145,282,440,238,86,298,168,66,141,11,275,239,77,470,615,306,242,597,564,189,72,345,87,226,160,70,419,474,138,365,700,563,71,405,547,251,170,345,138,281,557,370,191,746,815,335,412,490,79,99,315,647,72,468,461,325,162,748,921,797,233,239,393,31,344,474,122,498,862,752,133,527,850,740,231,245,398,161,91,253,33,500,722,531,1258,788,1182,885,293,484,863,721,374,9,220,139,38,161,49,241,493,634,368,50,506,688,619,327,88,322,315,240,8,274,49,152
2,193,84,172,195,236,493,1019,632,47,326,148,70,39,255,395,177,362,700,515,128,744,858,219,560,857,463,185,393,148,0,240,771,165,632,1056,464,622,1118,535,370,685,256,163,99,211,176,293,590,285,352,602,280,222,291,77,82,68,128,337,549,116,266,46,495,689,223,666,7,112,161,86,157,160,150,42,118,173,76,4,54,103,166,84,171,375,258,158,420,284,61,248,79,117,41,223,127,8,445,447,47,419,435,49,237,179,44,64,73,58,147,232,27,363,300,137,432,233,110,233,70,53,13,169,33,112,42,123,95,193,206,2,28,264,434,156,248,288,74,394,226,212,443,208,174,263,72,68,36,156,23,260,267,51,360,200,195,319,10,299,392,167,317,81,301,284,81,397,235,253,503,221,366,593,190,374,464,36,366,166,307,427,31,516,459,3,319,89,455,499,167,1,204,333,400,371,138,272,269,384,560,237,227,265,132,392,85,436,577,122,591,777,221,574,745,203,427,488,25,361,63,475,464,247,448,694,200,913,812,80,550,659,362,20,237,234,179,138,153,148,117,466,621,329,228,701,644,217,174,273,119,102,9,154,217,191
12,14,77,16,182,62,16,271,500,651,679,553,281,89,483,817,1016,1045,912,669,364,92,103,184,138,24,273,536,786,960,1002,891,8,296,102,474,735,832,738,455,41,430,868,1226,1409,1445,1328,1116,848,581,369,223,166,179,272,402,528,635,675,11,96,132,1,251,154,86,26,43,60,5,490,813,1074,1236,1276,1191,979,663,282,108,441,662,717,609,369,49,268,504,612,561,379,123,172,438,627,722,49,607,432,218,24,71,47,123,423,784,1143,1390,1466,1342,1044,644,234,86,261,260,130,47,195,235,135,91,373,70,13,4,11,26,24,10,11,43,40,40,150,207,189,106,31,178,302,372,390,358,300,235,186,161,154,150,144,93,17,86,210,329,420,457,408,294,72,86,265,393,433,384,266,93,85,246,353,405,382,312,219,111,38,13,59,174,319,460,542,536,459,307,143,78,145,5,105,30,76,69,18,2,36,26,357,422,418,372,303,234,173,137,136,161,214,286,354,397,395,340,243,113,10,108,157,129,27,109,276,441,110,659,695,687,638,566,472,366,260,175,116,93,131,185,265,334,382,388,339,240,97,49,173,248,257,206,105,64,49,110,65,33
781,612,266,575,672,307,50,197,467,654,562,63,472,465,137,73,339,738,1053,683,93,359,231,75,55,585,1102,1251,588,116,170,155,392,25,679,1246,895,240,115,58,430,364,51,653,849,417,16,123,248,426,221,311,486,360,76,54,243,258,272,17,327,285,121,43,76,301,218,31,169,151,38,73,75,261,123,160,236,151,45,24,75,80,8,229,345,168,17,44,152,206,18,274,436,253,24,91,129,194,67,334,479,329,35,75,124,292,3,267,352,213,49,26,232,124,52,292,154,49,36,104,198,92,165,63,129,222,146,115,237,94,102,240,490,118,57,106,126,147,104,192,200,477,225,186,309,62,211,28,396,562,115,292,266,20,148,207,458,428,30,312,244,134,153,273,647,528,71,304,231,228,347,110,630,748,120,356,373,247,584,245,476,665,239,464,553,39,599,515,197,606,448,268,679,245,397,650,149,390,574,154,817,708,54,558,445,142,506,85,633,912,514,111,426,145,358,321,83,743,818,511,140,115,212,573,374,230,818,783,406,49,107,450,704,450,156,595,471,250,98,129,428,804,564,112,286,309,62,116,31,455,568,714,243,50,141,137
4,19,10,73,86,98,127,56,29,76,14,64,17,163,45,151,43,101,85,39,39,124,104,67,38,179,77,73,54,77,88,120,42,210,57,129,132,139,70,38,34,26,42,86,59,54,72,102,30,69,93,118,112,59,132,60,23,79,13,52,146,108,52,92,42,5,0,96,100,26,104,6,69,0,134,127,66,14,30,108,118,56,48,44,38,2,173,1,87,79,48,5,136,6,56,57,106,116,77,41,250,58,33,91,48,228,6,127,23,52,99,91,172,76,7,53,120,42,11,49,35,21,40,4,63,26,28,11,68,7,2,37,37,30,103,79,1,127,279,420,540,579,525,372,155,55,301,493,568,530,373,186,5,129,199,216,234,168,112,32,59,65,95,148,176,221,253,295,331,332,244,126,23,136,274,422,582,756,939,1095,1169,1151,1034,801,520,259,8,68,78,28,11,69,58,170,61,128,46,15,11,108,115,49,89,25,136,29,43,191,9,66,48,144,151,41,79,235,142,60,39,65,23,47,75,80,89,198,122,35,13,33,81,12,13,19,181,38,56,2,149,99,115,37,16,68,55,18,18,5,186,118,88,159,10,90,85,21
1,46,20,61,10,1,78,0,69,43,26,19,37,28,25,6,82,20,44,31,43,37,1,55,30,3,61,76,66,33,20,3,3,7,53,58,33,23,8,26,32,42,12,60,69,12,4,24,48,19,1,49,120,40,6,45,45,25,9,52,51,41,19,39,39,5,49,41,4,53,341,804,865,511,93,668,993,980,685,230,167,358,243,137,619,977,1001,615,62,813,1346,1494,1242,723,115,380,5,591,328,18,303,370,214,99,437,630,609,422,146,74,159,119,0,69,52,104,315,498,532,380,80,219,412,4,0,31,48,15,12,14,27,13,10,0,1,11,24,19,47,19,19,2,21,15,39,7,10,9,14,2,37,15,6,40,51,1,23,9,20,35,53,11,47,24,61,13,12,13,18,22,0,29,10,50,21,24,89,8,9,7,16,10,33,41,34,79,14,8,10,57,48,22,64,73,9,41,26,1,49,50,51,82,41,34,24,18,4,21,48,32,41,4,25,22,39,17,3,78,28,22,21,17,8,5,106,52,31,74,60,77,50,52,79,60,2,34,39,16,27,37,16,23,56,26,86,61,34,26,110,94,5,7,17,22,46,7
161,290,102,498,121,71,5,766,856,147,749,976,330,545,900,477,267,673,406,34,170,22,23,368,448,49,684,813,16,946,1156,153,46,1034,271,437,395,5,11,255,153,373,736,345,633,973,477,270,584,284,58,56,150,85,215,432,159,326,631,185,234,74,100,432,311,155,40,199,143,64,53,127,154,6,200,185,36,250,258,49,195,216,49,107,143,218,223,28,289,390,176,186,334,138,202,248,47,107,98,89,8,113,6,192,304,24,467,429,40,401,276,128,168,25,65,90,157,17,256,43,275,225,299,57,25,143,123,85,40,6,1,189,334,15,416,123,283,38,149,24,222,10,294,200,211,258,78,377,123,416,357,123,425,156,207,176,160,212,198,349,92,594,417,376,775,399,349,561,111,283,127,341,331,279,671,251,506,626,55,677,417,403,657,12,751,636,314,46,316,33,29,498,30,4,378,594,445,546,101,794,750,127,831,630,170,732,359,357,497,0,397,198,357,344,199,585,222,566,885,239,766,1096,519,420,623,460,52,37,55,74,418,543,199,492,875,406,452,941,655,254,631,518,52,94,143,133,269,548,291,452,856,441,135,106,181,33
70,337,148,295,13,348,140,998,1323,438,791,1576,1468,730,222,1031,1518,1592,1078,58,794,936,573,264,616,1156,1097,218,1120,1995,1854,832,120,1115,1160,568,9,103,263,691,522,228,995,1229,848,236,352,599,701,720,570,236,89,291,380,625,984,1115,532,78,323,382,775,713,182,764,92,100,486,398,261,380,0,169,176,533,386,170,638,683,287,178,475,403,40,294,353,123,738,868,352,534,1013,849,260,234,233,214,76,112,243,364,299,96,605,763,344,361,758,520,18,404,271,29,168,16,158,91,36,140,130,125,170,41,165,28,67,283,165,95,19,449,163,449,397,661,313,146,342,98,81,9,248,288,112,569,597,82,613,861,335,471,904,563,130,544,321,176,353,96,559,826,237,682,1158,826,29,686,746,343,267,448,64,504,770,486,376,1164,1348,688,489,1348,1202,270,730,911,238,958,208,56,33,1090,247,47,981,413,826,545,1168,984,119,1180,1421,664,431,1014,1110,538,181,504,410,64,446,264,507,1297,1324,376,1121,2022,1736,538,626,1198,1526,278,43,402,832,805,51,1015,1638,1482,730,78,629,1065,1128,910,208,497,607,215,200,125,479,944,965,453,400,311,497,477,326,92
20,56,17,37,54,34,475,446,322,133,114,383,641,848,989,1040,1003,885,703,492,273,73,70,159,169,102,44,241,474,695,880,986,252,907,731,463,159,186,522,835,1082,1244,1315,1289,1188,1027,844,661,495,358,246,189,180,219,304,418,540,655,724,65,106,16,67,106,36,72,34,2,6,56,571,631,665,644,563,409,212,12,230,407,536,600,595,526,369,157,121,399,653,854,971,1003,954,845,693,524,47,207,106,80,148,299,524,791,1043,1249,1384,1431,1380,1241,1026,766,492,249,80,16,57,185,356,510,604,607,523,38,44,28,18,78,12,26,36,5,5,30,182,253,300,297,231,125,9,130,231,290,298,297,269,246,242,254,291,340,397,445,479,478,441,372,271,152,34,111,237,345,411,429,397,322,234,127,50,17,54,67,61,32,17,87,170,249,302,305,270,190,82,38,157,90,21,64,34,91,83,186,85,7,5,128,106,146,180,190,188,173,127,67,11,96,184,250,288,284,234,137,27,91,175,213,193,129,31,87,221,337,98,541,616,651,639,589,525,453,385,313,252,173,98,11,54,106,110,90,32,34,99,149,168,170,148,99,36,47,123,80,56,19
5,44,274,127,474,134,266,124,54,375,54,2,20,289,136,131,157,213,359,256,11,302,182,105,163,169,71,78,199,132,284,83,245,154,103,34,142,12,160,57,98,108,593,52,140,25,12,135,0,74,205,153,159,278,162,9,139,302,140,127,232,119,351,110,42,91,194,41,10,141,138,146,153,8,77,209,166,7,214,21,70,132,129,182,298,230,2,299,52,33,32,118,95,37,41,92,199,41,116,89,50,28,0,248,238,198,254,55,22,55,109,127,306,60,47,150,52,74,94,32,9,2,91,41,11,11,5,31,6,55,7,41,48,30,295,178,539,336,117,254,101,75,222,238,113,630,733,139,626,1084,752,186,905,983,388,412,790,421,151,302,128,314,235,285,843,780,55,1019,1334,700,389,1095,916,254,218,298,252,384,563,521,82,956,1335,740,453,1298,1049,238,342,213,100,45,141,339,61,86,122,157,19,135,128,229,59,32,11,100,3,185,106,4,90,131,151,421,419,234,11,43,215,199,110,84,157,105,130,377,326,8,415,47,313,157,93,257,265,136,19,380,21,96,153,98,136,6,30,383,171,158,2,161,190,170,181,71,73,108
71,146,127,68,317,479,441,260,666,602,138,488,790,625,27,570,822,465,163,422,218,5,75,359,415,32,632,1064,631,434,1161,866,459,505,494,217,85,72,234,248,218,611,504,48,538,719,289,304,449,178,47,169,40,248,227,320,621,234,366,134,12,599,8,245,602,151,46,248,109,746,335,374,94,154,193,47,131,12,221,81,224,169,35,16,31,40,91,5,327,377,18,350,357,233,3,364,309,67,120,88,119,235,234,31,288,404,221,182,381,231,55,236,164,78,172,10,147,5,196,96,117,222,168,293,43,189,5,193,136,170,247,2,164,57,22,220,178,2,65,81,85,101,289,154,194,348,122,209,282,41,209,218,6,177,111,67,129,15,179,148,239,281,220,119,373,218,137,258,78,87,92,29,134,91,176,352,111,333,483,154,408,553,109,405,445,124,317,1006,503,239,337,212,235,251,688,3,1038,262,433,134,599,830,244,367,708,527,144,578,252,232,233,43,131,392,281,336,705,280,312,540,495,134,420,551,124,128,326,198,32,9,277,221,125,456,574,355,378,907,604,106,514,522,204,296,295,224,396,116,627,619,84,36,151,677,238,104
148,151,124,582,507,110,333,587,438,367,502,201,231,231,134,321,335,52,739,527,379,793,20,606,321,279,642,307,136,381,389,315,116,21,561,652,103,545,386,218,586,301,616,680,2,834,552,593,825,17,891,640,649,874,276,647,38,747,11,278,281,450,533,29,526,5,677,110,85,500,105,561,122,256,186,289,143,2,385,155,62,261,373,335,155,71,361,85,124,687,19,575,157,502,533,837,345,339,318,135,20,500,543,288,165,56,35,147,67,122,335,291,247,178,254,94,206,576,8,432,262,244,137,35,427,46,49,241,8,144,272,88,66,115,44,5,210,376,92,324,155,219,25,383,324,167,191,633,130,625,122,25,336,506,282,403,123,33,361,368,686,16,123,751,327,501,244,405,532,66,74,598,61,12,154,407,562,394,323,341,475,61,157,237,529,40,302,233,335,248,214,448,275,1184,52,36,672,85,237,164,576,218,158,555,695,54,26,95,428,444,694,975,457,278,449,687,82,220,66,787,255,175,698,173,770,554,832,1043,496,245,525,1081,266,515,1041,290,66,898,291,722,1180,476,563,575,390,647,162,262,63,526,8,333,185,856,95,238
13,7,13,106,104,0,30,67,7,8,36,8,76,54,49,23,9,24,1,66,99,13,65,191,76,26,4,83,4,69,33,32,47,51,81,49,37,56,49,41,42,172,122,6,81,92,41,36,101,13,116,73,30,14,41,10,45,91,103,22,95,33,3,35,15,21,27,17,3,127,949,990,913,755,485,188,151,449,695,876,956,922,809,579,267,7,317,561,699,763,729,594,377,72,206,492,4,782,770,649,472,276,61,99,205,239,226,133,24,178,332,423,465,394,267,92,100,254,348,365,277,141,22,8,7,50,23,25,3,16,11,17,10,67,10,47,1,4,9,67,30,19,7,22,16,8,60,22,29,43,0,10,101,34,63,59,47,65,29,9,72,60,16,19,15,27,37,5,17,20,45,119,32,42,13,29,16,1,32,4,84,84,87,15,139,104,17,1,12,81,70,33,51,73,21,74,43,155,32,30,43,68,31,24,87,11,132,33,106,82,51,8,52,1,4,76,27,7,13,31,5,152,45,87,53,75,51,42,53,43,40,89,62,34,18,91,57,71,26,13,24,26,84,4,92,27,48,38,2,55,62,20,36,37,129,108
122,49,31,32,1146,1098,1005,871,693,475,202,76,358,645,908,1148,1336,1460,1514,1515,1447,1292,1089,801,486,126,254,648,1008,1347,1613,1803,19,1874,1751,1537,1254,909,541,147,232,605,940,1197,1373,1470,1493,1443,1314,1124,871,615,299,29,261,508,711,857,950,987,982,44,13,15,16,2,1,13,14,12,14,17,2,14,12,8,7,9,2,11,4,9,3,4,3,5,5,8,1,3,2,6,6,3,6,1,1,5,10,3,5,1,0,1,6,1,8,2,1,3,4,10,5,1,5,2,4,7,4,1,5,4,0,7,0,1,2,4,5,2,1,5,3,5,2,5,6,1,1,8,4,2,7,3,0,3,0,3,8,1,5,0,6,3,2,3,0,7,4,2,1,3,2,7,1,6,1,7,3,1,0,1,6,4,0,3,3,1,2,4,2,1,5,5,1,1,7,2,1,1,0,0,0,8,1,0,11,1,1,3,3,3,9,3,10,14,5,4,7,8,6,8,4,5,6,0,8,12,11,10,6,13,5,2,7,2,8,10,3,4,14,6,19,11,8,1,2,0,2,4,1,3,12,14,4,10,4,20,3,4,2,6,0,2,10,28
22,113,72,3,170,267,18,324,14,80,325,232,289,280,447,142,38,93,190,286,230,76,251,140,53,226,71,13,189,42,197,153,94,117,6,131,178,53,124,347,127,150,284,444,211,183,115,180,356,125,160,322,8,221,183,111,171,278,130,175,249,300,51,71,169,9,203,69,10,380,289,518,124,150,14,80,43,269,179,186,272,70,149,71,140,188,229,144,70,89,0,220,161,303,172,68,13,57,97,20,210,55,39,107,245,166,47,222,166,116,68,203,293,224,51,77,46,46,195,11,116,59,4,49,141,62,68,128,39,66,13,4,124,100,194,82,114,342,560,785,883,801,551,113,377,805,1107,1150,941,594,210,116,309,342,260,140,126,101,89,146,231,172,178,193,174,232,346,511,598,604,621,423,222,120,469,855,1196,1414,1526,1459,1270,842,360,181,675,1076,1268,309,118,96,1,48,13,50,139,462,40,35,6,61,256,33,113,221,87,83,52,333,116,141,48,56,15,135,128,263,10,224,190,81,125,280,264,476,150,155,154,387,11,110,335,267,194,67,207,40,388,116,169,225,96,239,118,76,156,173,453,265,57,5,93,266,211,21,71,106
51,12,27,37,49,101,302,191,507,382,108,615,756,367,353,928,984,494,210,678,644,250,121,177,80,384,366,78,649,934,686,1,93,892,529,145,632,569,60,786,1064,641,300,1193,1463,994,95,725,1053,879,475,119,63,91,132,293,489,604,523,39,56,211,234,69,107,93,44,86,32,74,44,675,1121,1082,474,472,1269,1473,973,57,741,1003,729,249,44,19,289,404,151,399,927,1079,682,55,709,950,217,261,57,92,30,11,328,830,1072,739,123,1067,1491,1116,217,644,984,731,249,53,96,48,168,444,611,428,77,85,67,2,2,36,17,61,13,2,20,47,294,144,117,292,233,30,312,409,277,12,226,336,319,237,129,45,250,379,354,124,209,419,376,104,249,423,37,10,266,329,97,269,487,421,64,337,531,427,142,96,145,54,0,72,223,292,152,155,432,518,331,16,338,160,46,63,97,47,258,117,11,201,44,15,349,420,329,129,87,219,221,179,168,214,235,141,84,317,399,261,3,216,237,61,119,138,57,350,543,463,68,346,688,727,488,113,233,421,402,251,99,38,34,53,4,178,329,358,195,92,318,341,163,74,198,113,123,37,67,11,188,67
77,179,226,165,446,341,298,114,149,474,647,560,90,447,851,854,471,39,418,534,468,303,258,301,240,102,624,1080,982,297,572,1129,188,377,295,556,375,42,102,16,290,367,70,461,740,502,74,589,622,285,156,290,170,52,130,15,317,501,224,239,71,215,379,552,29,279,266,216,535,583,267,50,202,336,199,43,174,156,26,58,33,18,14,39,58,4,162,223,122,124,368,426,109,301,511,349,453,299,270,21,114,11,186,185,28,283,402,228,44,260,225,88,27,11,129,122,55,235,237,37,125,142,71,144,112,223,39,78,259,52,60,64,180,148,12,154,275,101,198,277,69,133,5,281,382,90,339,546,288,143,364,151,226,291,43,418,443,18,463,539,70,408,606,289,281,658,472,109,553,473,1,442,448,51,366,451,167,237,329,143,126,199,110,16,86,180,299,394,387,334,594,247,140,154,144,410,84,976,711,362,324,619,383,138,460,410,69,292,399,177,170,255,36,304,369,91,411,767,636,139,490,769,644,225,386,254,91,14,99,423,676,553,11,634,970,818,220,332,613,498,258,9,107,49,30,70,66,228,450,397,38,822,59,196,48,144
307,299,62,421,423,82,587,925,745,329,37,369,902,802,343,370,667,627,269,192,542,1012,965,584,28,454,250,43,70,311,1119,1121,698,38,258,170,514,294,360,880,961,321,81,55,376,657,186,259,557,353,33,196,175,613,397,30,284,183,7,19,107,237,267,93,27,92,6,48,159,215,128,10,108,27,58,28,170,303,234,40,109,67,102,39,236,485,404,153,37,62,95,200,35,409,497,316,75,88,62,225,162,289,371,296,38,189,73,169,80,242,354,197,104,133,20,62,162,407,239,61,276,73,124,196,144,240,85,47,143,160,0,143,99,28,40,176,171,271,440,123,191,164,99,224,138,565,341,157,443,137,234,96,341,663,284,394,474,102,347,172,396,736,362,372,532,117,434,495,80,675,635,52,487,236,463,755,259,288,634,202,411,445,176,724,562,42,529,420,281,646,230,360,784,347,394,553,19,614,692,122,532,547,59,547,381,310,741,683,61,335,122,411,569,320,402,767,503,17,218,182,846,1026,580,213,657,477,152,146,380,1128,1127,583,154,358,182,601,470,214,822,812,523,135,170,507,809,710,150,230,467,338,42,25,332,677,861,317
240,16,365,494,559,410,370,408,194,632,545,213,776,226,517,824,108,819,687,232,1004,576,533,1087,230,946,1057,67,754,650,50,487,1347,19,268,180,123,1,256,132,382,646,283,236,787,477,217,755,473,15,588,648,141,293,347,82,238,256,78,546,386,528,177,79,680,87,320,576,136,22,67,510,392,265,406,106,552,349,309,164,441,11,664,526,120,306,578,286,190,40,588,257,434,349,388,116,285,771,217,89,771,30,22,191,358,209,307,36,52,113,371,131,548,441,191,552,181,29,5,292,99,19,7,158,68,91,15,228,74,15,206,181,118,668,279,431,29,75,354,174,25,0,393,550,445,585,425,695,407,583,180,179,701,757,142,234,366,366,80,405,174,60,65,66,369,372,763,1,80,109,182,144,126,430,149,654,41,415,255,81,68,168,358,305,621,361,153,882,733,313,175,330,629,577,717,105,695,1174,713,158,425,229,350,106,1209,977,563,788,220,254,496,502,157,95,4,220,1198,226,445,907,518,85,449,1235,354,369,94,241,416,156,487,722,123,261,416,193,112,589,229,741,678,273,660,880,378,874,1097,75,106,61,70,232,188,328,21,219
51,67,733,12,605,863,53,161,307,624,415,125,433,264,157,685,393,497,506,397,424,687,441,67,739,857,219,58,947,1029,463,144,527,133,433,615,815,137,316,363,529,815,415,282,1247,567,329,565,602,493,217,959,279,332,199,137,138,561,407,457,244,935,195,205,195,323,294,317,425,362,639,991,428,781,1496,1364,146,868,1308,932,184,334,775,794,291,285,418,184,277,132,120,490,282,324,677,447,89,719,523,61,519,589,161,492,595,231,471,711,576,214,747,710,105,646,776,294,446,760,368,305,435,187,145,184,215,103,256,113,113,145,101,211,35,58,26,317,92,171,381,20,245,61,777,341,106,171,89,229,305,120,77,513,29,325,423,269,66,143,139,239,45,132,174,265,29,81,313,483,67,1119,53,511,206,250,493,805,415,47,7,174,230,255,525,147,551,131,713,233,111,131,1097,799,471,462,363,361,60,1023,437,547,635,1487,68,493,257,8,415,385,116,625,939,167,405,78,293,75,303,252,503,579,709,1119,65,803,343,64,921,681,4,95,529,287,395,429,42,223,163,535,193,387,77,202,39,737,105,279,591,355,275,217,835,445,104,15,269,142
68,91,231,673,895,58,817,353,239,450,73,219,392,19,601,1039,896,2,1344,1806,1194,367,1505,1448,801,301,850,529,70,29,203,649,587,128,780,1290,883,237,1025,1180,466,302,732,579,61,606,343,95,546,539,50,301,433,228,2,311,398,80,547,273,937,44,851,675,197,649,251,975,204,415,417,707,70,42,98,251,507,361,325,59,113,31,583,20,689,401,96,554,479,511,721,701,85,109,681,555,38,49,122,705,184,425,375,93,933,895,525,467,123,467,167,557,215,437,357,475,319,297,27,16,42,375,91,91,273,365,148,123,117,159,143,55,259,61,345,211,379,291,338,198,51,122,81,14,172,271,387,393,287,53,507,557,61,589,371,899,243,233,20,97,254,417,17,548,429,96,337,386,383,27,417,79,141,391,349,629,83,292,37,461,651,277,367,669,453,219,94,219,401,341,774,183,120,33,93,897,283,963,69,161,90,1279,281,3,1019,104,228,80,1279,575,377,266,527,655,283,209,731,212,120,111,41,203,417,849,379,539,383,33,305,6,469,579,527,606,751,811,115,213,485,1325,311,97,35,105,541,28,182,721,837,277,137,167,283,196,501,588
0,15,9,40,35,25,613,397,57,313,606,725,633,341,42,437,747,881,866,655,338,9,212,260,101,217,558,810,842,673,325,105,7,749,785,617,258,216,691,1033,1111,898,425,150,688,1054,1202,1148,973,721,476,278,174,200,299,438,540,550,454,27,46,10,44,58,76,11,42,0,47,43,19,30,32,36,17,26,54,4,5,53,64,33,49,5,12,15,45,10,20,52,26,9,12,7,61,6,32,91,19,31,72,51,8,46,11,4,23,3,24,17,31,7,38,21,6,2,9,12,1,6,0,38,9,15,32,15,14,25,2,0,6,32,7,21,17,15,53,12,8,0,34,10,6,5,42,1,15,6,29,40,35,2,29,7,40,54,24,12,19,2,28,60,22,28,53,16,90,16,17,15,5,53,3,28,23,1,27,41,10,59,14,29,30,20,32,4,12,61,81,57,53,36,61,42,57,70,13,42,64,14,7,11,6,1,46,13,44,45,81,35,12,30,43,120,46,7,58,9,100,16,10,30,81,49,19,25,7,30,25,69,44,51,2,5,48,32,2,47,8,30,31,48,14,62,7,30,22,33,11,4,25,15,25,4,46,14
4,20,10,19,29,7,51,87,162,206,221,194,74,134,333,412,294,3,345,526,432,91,322,561,485,120,315,560,447,77,342,543,5,8,406,585,388,70,495,616,339,170,588,645,285,272,689,674,236,391,825,777,208,550,1041,936,241,647,1180,26,47,25,65,13,56,14,21,19,24,5,24,25,3,0,63,45,29,26,36,7,2,12,53,12,4,13,25,16,18,7,24,14,43,70,11,0,23,40,42,26,34,35,17,51,26,5,21,49,15,34,70,7,8,35,36,47,4,1,17,26,35,3,20,6,7,20,15,8,4,8,16,4,14,3,0,28,2,18,7,26,17,6,31,11,2,9,39,5,9,14,14,7,6,44,32,3,29,15,16,26,3,28,63,13,15,7,35,39,103,7,22,28,4,20,26,22,8,17,31,20,11,4,22,30,6,72,17,8,66,40,40,16,6,66,3,40,38,72,38,14,93,7,40,27,40,28,60,97,10,12,17,52,3,11,3,8,53,38,21,20,9,43,24,5,8,2,25,9,47,27,16,25,16,4,22,16,14,24,45,26,10,6,4,3,16,17,35,10,16,44,3,9,47,30,17,21
32,45,24,59,100,161,230,332,457,577,687,759,799,796,748,664,552,417,271,138,3,102,173,215,225,189,120,16,108,255,409,542,53,733,776,765,705,595,453,276,86,109,292,456,576,662,700,691,636,533,398,228,46,145,323,481,619,713,771,36,15,114,20,32,76,70,76,24,68,167,609,810,993,1166,1323,1442,1518,1552,1525,1447,1306,1110,872,612,330,52,211,429,607,735,808,830,806,745,657,553,23,348,252,183,155,155,196,280,396,547,700,851,976,1054,1080,1039,930,778,574,358,155,11,131,189,188,127,32,7,70,7,18,20,2,5,46,20,6,47,201,240,245,224,170,103,33,36,91,130,141,132,99,57,14,29,61,77,70,42,5,58,124,188,250,293,61,333,322,294,244,188,122,49,21,84,143,179,190,173,132,67,24,128,240,343,439,506,543,545,512,443,356,13,126,14,4,60,85,51,101,34,79,188,369,387,379,377,351,301,232,150,49,52,146,223,280,297,284,247,177,86,7,98,180,245,295,323,343,346,80,344,334,331,321,313,310,283,260,223,184,137,98,63,39,24,36,69,104,149,202,245,268,271,247,210,156,53,1,150,136,2
119,22,219,155,349,16,472,673,602,297,22,59,4,159,88,264,726,878,560,154,829,1108,867,228,305,591,565,374,242,211,243,166,189,484,817,785,419,226,707,777,460,0,331,279,96,63,211,468,426,93,324,576,442,113,176,224,155,94,184,213,54,286,19,170,109,254,427,175,338,525,12,23,10,40,25,36,144,158,26,165,261,196,41,242,278,105,116,255,184,3,152,137,22,140,148,32,356,263,87,147,329,228,25,215,232,72,77,108,16,5,168,358,393,160,219,434,335,3,265,279,57,121,59,217,98,95,68,89,59,115,109,193,113,185,114,139,287,170,109,372,332,70,266,377,263,48,28,64,128,55,203,369,335,61,249,345,169,133,297,203,122,216,166,100,309,262,58,423,491,171,374,727,613,105,342,388,0,419,488,46,491,698,366,323,800,801,364,470,19,203,430,129,188,206,120,473,142,258,941,696,117,383,439,34,436,581,175,529,932,712,40,762,1004,624,42,491,514,156,242,331,55,380,599,393,341,673,909,631,38,533,764,488,43,279,330,134,113,60,217,557,629,332,260,793,975,720,173,325,594,542,336,342,32,514,133,5
23,43,107,80,123,40,30,0,9,21,33,32,67,160,113,104,18,38,92,115,39,24,155,45,56,12,14,58,17,138,107,46,98,2,54,83,87,72,62,168,49,6,99,42,94,151,78,4,85,172,84,34,67,170,16,68,61,167,7,234,33,78,42,186,46,211,65,54,63,23,100,97,166,54,51,57,181,78,170,44,73,141,153,53,48,146,69,141,93,52,45,85,14,9,49,23,37,26,40,113,14,140,26,76,39,61,14,6,28,160,73,4,2,42,23,66,49,51,132,84,21,33,9,31,12,35,46,3,0,10,27,3,2,47,302,397,486,556,587,534,435,242,19,257,438,500,488,386,149,105,338,473,468,424,338,240,130,2,62,86,24,66,86,62,50,22,26,93,219,415,600,767,903,1011,1111,1181,1234,1229,1146,1014,830,562,305,108,7,7,95,58,20,36,23,22,33,196,42,52,7,36,119,70,68,23,89,155,210,27,11,131,32,51,10,77,16,21,56,323,73,66,192,87,172,96,6,7,44,54,103,42,78,241,37,11,23,27,96,13,14,80,60,81,84,4,122,98,29,22,16,177,16,49,77,81,150,21,56,24
5,7,90,56,30,35,15,56,3,4,53,42,45,65,7,110,108,38,50,61,76,37,20,83,15,2,35,73,104,5,19,73,42,76,72,55,7,45,33,37,16,14,76,80,15,66,8,22,29,82,26,33,4,55,55,37,7,23,99,63,36,45,70,5,26,8,11,16,18,23,679,441,248,936,1157,810,96,525,807,625,179,225,316,13,567,976,880,230,688,1399,1532,1040,183,592,992,895,10,76,373,304,5,349,464,252,151,523,635,464,125,133,214,127,21,2,148,332,395,225,119,465,585,417,77,9,10,17,6,1,9,5,0,9,6,43,72,15,17,4,18,27,1,15,66,20,2,51,19,38,7,37,57,67,31,89,18,28,16,33,25,45,53,15,17,20,31,6,48,9,24,23,81,6,27,79,55,5,5,84,63,8,8,48,103,32,1,16,77,61,52,18,6,9,24,8,85,57,26,57,32,57,51,61,53,25,36,56,12,29,51,59,26,42,110,0,24,68,15,112,27,31,88,32,20,37,34,55,16,38,6,21,109,63,19,57,10,13,8,23,37,11,3,75,19,64,89,25,41,49,7,12,62,6,76,35,36,46
33,5,24,8,657,470,249,4,247,512,762,970,1160,1296,1390,1437,1412,1326,1171,976,725,432,98,244,590,933,1240,1500,1688,1811,1859,1812,11,1447,1146,782,404,7,367,732,1037,1280,1449,1546,1567,1499,1367,1188,950,689,388,97,206,471,685,852,976,1041,1057,995,914,34,12,17,15,9,9,6,10,4,3,17,9,11,7,6,4,5,3,8,0,5,1,4,2,5,7,1,2,0,0,1,0,0,4,4,4,0,2,5,2,0,0,0,2,1,6,0,3,0,1,1,1,1,3,2,1,1,0,4,1,2,3,3,0,1,1,0,2,1,2,2,3,1,2,4,0,1,2,1,3,3,5,1,9,4,3,1,4,0,0,2,1,1,2,2,0,0,3,2,0,1,2,4,3,2,4,2,6,1,1,2,3,3,1,2,2,1,0,0,1,5,7,4,4,4,1,0,2,1,1,0,3,3,3,1,0,2,6,6,8,8,0,10,2,3,4,1,0,0,6,10,7,4,4,7,10,3,7,7,4,0,1,5,3,7,12,16,9,1,16,9,5,4,0,6,0,5,5,1,0,1,22,2,10,0,12,18,14,6,14,10,13,10,8,11
13,0,1,2,4,0,778,1042,680,121,918,1304,1129,499,263,862,1064,868,348,163,441,307,119,544,663,307,370,1043,1381,1176,502,343,4,1263,958,222,562,1030,931,239,633,1281,1366,814,64,875,1303,1181,662,12,508,666,449,3,356,399,44,515,966,4,7,0,0,0,6,5,3,3,0,1,2,4,5,1,0,0,1,3,0,0,0,0,0,1,2,1,3,1,1,2,0,1,3,3,2,0,1,0,0,1,2,0,0,0,2,1,0,3,1,1,0,0,0,0,1,0,1,0,1,1,1,1,1,1,1,2,1,0,1,0,0,0,1,0,1,2,0,1,1,0,1,0,1,3,0,0,0,3,0,1,0,0,2,1,0,0,1,1,0,2,2,0,1,0,2,1,0,0,0,0,1,1,0,2,2,5,0,0,2,2,1,0,1,0,0,0,1,0,0,0,0,1,0,0,2,3,2,0,3,2,0,2,0,0,0,1,0,1,4,4,1,0,1,1,0,1,0,4,0,5,1,3,1,0,2,0,2,1,1,3,1,0,0,0,1,5,1,1,2,6,4,2,6,1,4,0,2,1,1,0,2,4,1,0,2,0
84,216,446,30,231,450,220,23,625,396,563,536,1295,19,57,192,415,557,314,436,902,922,77,854,57,190,5,139,79,20,1,27,199,280,336,923,486,144,65,937,278,560,1041,202,1498,573,184,826,441,348,742,483,862,706,587,521,174,275,358,722,908,735,371,421,84,170,139,316,306,371,172,547,709,266,92,153,292,133,50,832,266,353,407,503,0,891,263,508,159,421,154,137,37,216,25,123,379,49,9,175,160,353,250,85,59,495,435,73,63,271,37,448,479,333,205,560,26,39,123,341,560,108,554,498,1,59,390,26,193,63,14,6,178,112,8,30,175,524,142,198,243,51,654,234,233,65,113,216,358,158,84,247,388,306,236,241,316,318,799,267,518,36,91,237,331,299,365,116,51,479,522,455,194,374,570,172,139,460,61,1056,487,348,328,914,326,756,717,126,57,521,60,189,73,930,168,165,790,263,117,11,102,30,95,163,15,487,418,363,431,184,213,600,139,467,494,75,85,88,46,185,234,405,610,107,257,556,497,765,174,766,486,457,267,112,319,458,476,335,751,77,775,535,403,785,3,506,212,212,40,88,23,302,432,448,20,23
7,9,7,105,186,74,570,524,409,230,2,258,527,768,950,1048,1054,975,810,593,354,117,77,224,295,280,195,34,180,418,646,809,27,893,784,584,311,0,328,647,939,1166,1341,1431,1445,1372,1243,1076,888,710,554,437,370,346,354,408,492,598,720,139,56,69,18,187,203,30,60,50,49,19,687,899,1056,1137,1158,1119,1016,868,676,460,250,58,89,163,153,54,123,360,602,844,1032,1158,1211,1190,1101,954,78,589,398,241,141,112,173,318,535,791,1052,1283,1431,1478,1420,1265,1036,773,521,325,214,205,288,435,608,756,847,40,40,15,82,8,34,28,31,38,12,79,193,165,101,8,112,227,331,401,435,434,401,364,324,297,290,305,347,393,443,465,450,400,303,179,36,99,71,289,324,324,285,224,141,53,44,131,203,240,252,232,171,100,3,83,156,203,209,166,87,18,132,241,329,1,80,110,48,82,129,11,19,83,77,27,162,208,237,246,235,201,140,75,0,73,155,205,235,221,169,79,19,121,183,205,165,88,26,153,271,370,162,518,568,607,605,595,551,491,416,329,243,174,83,11,57,114,141,130,77,9,113,212,264,261,211,128,32,36,70,50,95,64
36,14,74,296,255,47,308,366,50,480,755,313,443,851,564,9,631,740,175,323,207,69,219,592,387,282,917,990,140,998,1280,376,74,901,403,237,332,41,190,183,531,377,205,766,675,43,696,618,101,318,327,113,38,51,5,137,199,123,47,146,531,343,292,229,67,35,518,407,129,160,45,71,56,46,9,102,43,98,144,0,166,151,77,170,47,99,69,117,19,79,152,88,103,233,103,80,175,107,70,115,40,43,85,144,1,229,289,58,344,218,68,163,97,59,25,16,108,179,76,131,219,99,98,7,99,43,7,113,42,0,91,84,5,104,309,18,287,227,138,309,39,258,102,167,87,185,165,154,357,66,359,323,104,318,104,120,59,22,108,62,397,432,37,648,535,183,687,448,244,573,100,361,142,184,260,161,198,606,245,528,636,29,517,450,249,581,153,372,153,310,50,68,331,476,228,270,16,463,538,312,479,762,131,635,641,37,406,465,110,292,254,128,312,47,581,489,278,936,698,330,1066,752,227,744,194,43,170,40,54,52,309,517,139,638,901,190,551,530,284,85,287,401,35,103,141,82,141,264,433,121,724,874,91,77,80,318
758,618,53,56,238,575,765,582,258,24,4,247,548,605,331,79,347,361,179,122,57,273,783,1088,808,467,3,212,565,895,820,308,319,551,317,261,331,152,570,887,698,217,58,4,352,600,460,119,295,347,69,151,178,54,430,424,247,26,125,4,165,236,187,27,226,215,29,75,9,132,213,110,58,48,34,86,199,101,193,231,91,62,46,37,197,263,181,20,105,1,119,133,60,230,219,29,140,120,136,187,235,57,282,258,3,82,14,182,319,200,27,226,163,89,146,13,258,249,17,175,115,44,52,15,132,153,23,99,203,105,120,23,143,73,66,45,193,23,348,389,107,229,133,176,427,157,264,560,323,147,269,16,323,523,162,367,414,169,176,237,92,485,687,264,217,317,22,408,460,75,414,627,274,120,367,116,405,672,462,75,490,380,225,552,398,139,676,602,64,475,582,44,485,681,271,382,528,296,285,607,446,110,396,359,205,615,681,145,256,360,14,373,467,304,145,572,560,83,283,181,325,890,904,606,10,212,21,446,660,637,165,508,534,323,121,230,71,445,758,678,308,11,73,91,523,722,647,174,312,265,70,350,448,57,356,65
51,105,292,317,25,432,716,273,96,356,626,811,673,138,547,971,763,268,249,401,210,123,303,623,692,173,691,1343,1281,442,621,1203,232,419,123,331,273,167,208,340,383,227,108,470,591,494,158,216,498,458,160,112,152,21,48,85,351,393,54,397,314,747,442,190,706,98,337,36,301,377,139,161,238,50,132,106,101,212,151,114,311,244,0,221,171,1,194,103,139,286,227,117,445,465,131,299,129,301,42,190,82,106,116,139,452,428,56,424,574,346,49,288,225,31,32,40,99,24,92,92,44,160,24,28,18,29,237,78,70,47,13,106,74,51,477,39,315,207,137,277,71,236,247,60,283,135,330,544,240,360,680,434,119,406,245,167,261,44,467,510,252,526,709,266,398,718,426,220,621,475,7,341,270,82,284,60,391,625,406,151,620,693,345,95,374,325,103,28,12,698,337,332,161,549,143,279,73,120,68,438,474,75,471,749,460,158,593,494,54,349,349,10,345,333,47,470,521,89,471,818,605,40,674,865,399,80,423,298,79,219,41,488,782,548,116,727,963,766,255,174,428,407,262,185,248,389,351,17,485,766,582,276,483,118,112,67
58,12,224,117,26,298,187,3,177,233,24,106,95,27,131,174,253,68,57,48,173,90,133,72,177,314,130,442,32,297,167,133,0,131,152,343,44,61,364,293,29,35,59,132,135,99,16,158,284,14,177,62,109,48,290,163,136,301,94,55,266,197,111,69,59,291,231,121,44,166,77,195,71,224,141,83,110,146,62,103,6,113,240,241,113,191,113,101,84,262,103,138,194,1,91,142,30,71,85,244,88,182,83,236,49,115,277,80,118,109,311,156,115,88,161,271,64,39,30,122,52,35,50,74,37,13,27,54,93,3,30,75,102,48,28,480,305,262,349,43,38,8,159,345,133,478,750,58,806,926,25,980,902,7,808,721,112,586,229,213,36,264,287,316,847,389,771,1200,413,821,1186,369,601,777,263,79,107,254,536,495,278,1150,936,368,1407,984,322,7,29,61,110,287,61,332,19,270,154,198,242,157,1,468,88,88,41,107,284,232,409,244,47,2,164,76,9,230,75,193,11,419,160,229,56,13,350,257,109,185,162,129,32,84,191,0,122,46,67,75,239,373,149,397,6,82,296,90,20,195,210,170,38,81,52,186,77,157
137,319,132,177,375,7,644,838,215,325,472,307,74,48,188,396,381,28,372,664,379,163,597,637,94,140,454,524,463,119,342,579,368,326,196,527,775,441,335,621,780,472,242,789,868,500,309,767,861,295,574,945,554,181,808,843,54,709,287,855,531,24,252,369,303,163,797,812,745,1429,511,361,197,203,545,327,383,136,452,167,441,421,65,833,255,385,281,657,174,33,561,336,523,435,89,273,10,831,715,303,38,929,401,1001,245,827,567,78,347,385,455,257,135,53,325,183,235,529,64,472,227,279,411,99,167,53,229,63,95,165,49,73,65,67,14,491,56,385,51,43,301,248,57,399,255,233,163,327,553,21,355,83,52,435,7,493,431,93,141,825,171,349,170,843,647,128,3,73,25,973,315,453,637,463,563,377,150,322,95,239,169,681,683,89,651,236,288,507,95,219,137,371,653,643,383,543,239,149,18,801,127,749,871,251,103,54,359,557,49,108,264,185,537,240,1543,559,703,884,235,97,246,499,241,222,1413,560,269,250,1209,463,469,213,169,212,182,681,123,91,10,59,477,627,352,141,204,8,328,661,205,369,673,71,623,389,40,579
23,22,44,60,90,51,3,71,78,90,70,37,135,50,74,85,118,12,86,68,146,104,17,51,59,34,29,144,83,103,125,74,11,49,0,127,10,63,49,86,28,32,93,67,82,116,26,112,53,58,45,76,23,6,0,38,62,55,88,42,11,42,74,10,46,24,45,43,13,15,793,979,265,827,1193,499,645,1133,586,458,988,523,393,791,332,449,653,86,589,654,23,759,760,39,847,824,31,750,662,14,512,394,64,306,122,182,193,102,308,122,282,400,43,409,391,61,430,285,178,354,84,233,187,9,23,5,13,17,21,41,49,3,2,7,25,43,12,53,4,27,0,14,4,26,26,6,40,31,78,35,14,60,86,97,92,9,3,98,84,32,19,5,104,18,14,12,62,117,95,53,45,66,27,141,62,41,53,5,52,27,52,5,87,84,34,21,47,8,24,47,62,66,61,61,68,34,12,87,8,3,7,13,31,30,70,48,63,118,51,26,31,24,24,18,59,43,89,73,63,135,22,130,106,52,43,15,63,28,7,143,66,47,15,36,60,60,8,190,32,124,15,34,45,38,45,7,4,63,30,20,42,0,48,17,6,67
28,32,323,233,323,188,1098,289,513,754,556,66,757,884,112,701,826,155,386,411,169,119,205,92,665,787,14,963,1167,238,1015,1294,406,846,1086,191,581,504,2,95,65,16,261,237,68,220,424,241,344,556,76,501,324,186,167,124,21,253,92,158,367,54,168,21,57,175,283,151,466,227,48,329,275,68,280,147,63,149,150,33,187,228,86,280,47,228,19,240,5,333,233,261,506,132,420,488,434,430,203,202,131,205,94,294,263,221,439,19,394,214,200,297,18,178,115,21,43,32,45,186,102,219,360,239,2,61,18,39,43,71,154,88,182,323,235,211,224,210,284,153,304,72,249,100,322,110,531,148,584,555,253,698,147,406,266,168,116,225,121,367,108,160,644,346,340,595,152,358,353,99,303,32,289,161,278,384,31,435,287,228,408,14,430,191,469,503,218,30,264,119,95,279,77,123,50,61,137,157,125,442,709,76,912,622,384,747,232,307,306,11,85,17,146,32,247,431,128,528,697,126,654,662,10,531,270,146,141,135,219,84,461,446,107,718,654,41,779,771,62,613,606,44,328,146,134,66,471,299,521,1024,338,44,577,492,238,236
52,35,271,246,91,39,31,151,152,340,270,25,91,49,234,48,169,162,68,117,38,103,376,21,92,23,70,17,122,278,49,34,103,159,200,203,47,13,205,78,81,44,294,78,264,42,34,62,94,332,192,76,311,420,325,489,87,54,46,293,94,3,206,125,69,7,176,212,25,121,86,254,265,303,128,2,224,97,88,318,16,135,61,20,214,208,55,201,158,190,17,429,20,160,22,173,51,14,183,33,34,97,28,69,37,46,324,74,213,14,47,247,4,194,9,119,45,190,60,0,365,16,36,73,27,74,113,15,65,33,94,111,73,43,366,475,176,400,724,342,497,942,420,646,1108,417,715,1101,338,586,881,307,269,400,243,98,22,125,238,206,57,167,274,206,75,118,348,481,285,306,818,742,2,895,1182,456,769,1452,964,471,1608,1451,102,1379,1668,697,656,76,56,201,203,31,115,193,52,57,41,44,213,88,472,160,31,446,25,27,49,248,312,103,77,139,105,194,18,135,12,280,81,258,378,66,2,82,255,164,217,154,362,184,71,157,74,223,141,86,127,175,208,68,360,26,619,290,248,28,30,304,83,2,576,145,52,112,82,168
71,2,59,52,4,143,502,483,435,365,263,138,26,205,378,544,677,758,796,783,705,570,408,193,32,268,500,708,888,1024,1100,1123,101,982,830,630,408,165,83,335,565,763,941,1072,1152,1180,1154,1070,942,765,557,326,97,124,327,496,635,747,822,96,182,32,21,65,126,174,25,72,145,209,506,752,979,1182,1356,1483,1561,1593,1570,1490,1355,1165,929,654,355,49,247,519,763,939,1077,1159,1182,1154,1094,988,29,690,501,301,79,115,306,452,554,610,595,530,421,283,129,0,99,146,134,68,48,191,352,507,643,739,790,8,29,34,33,42,9,6,8,32,37,28,50,1,72,153,229,300,353,385,403,396,377,351,322,293,270,263,269,285,311,342,382,412,435,459,448,418,125,303,221,125,26,68,161,238,298,336,348,344,309,252,166,69,35,148,255,347,425,468,485,468,420,346,246,28,89,15,106,18,56,11,253,42,41,137,391,368,334,292,240,188,118,39,53,137,230,310,380,424,432,414,353,263,146,14,122,251,369,479,568,642,52,732,747,752,744,713,657,581,493,382,269,139,18,98,209,289,373,407,438,431,397,344,260,147,30,103,240,32,79,52,79,6
47,495,211,568,395,643,209,325,249,293,521,469,243,169,1179,433,403,593,289,705,38,115,509,343,147,215,616,447,236,114,523,605,234,307,65,1271,18,222,431,665,183,765,362,519,323,182,1081,94,353,336,155,605,681,989,787,61,222,259,655,48,783,25,52,195,167,180,651,597,55,381,840,505,431,1285,1486,605,555,1310,1138,366,276,722,948,537,120,443,595,230,265,374,43,332,305,138,522,362,203,480,606,366,307,633,679,12,546,794,286,320,673,630,2,559,709,150,396,682,436,80,563,506,14,294,249,225,75,131,191,209,277,9,67,111,391,331,161,109,247,86,217,34,149,1,405,285,591,25,202,83,605,557,247,371,521,425,354,49,275,93,16,457,587,139,153,51,68,339,129,735,453,269,349,875,375,271,45,329,79,152,353,783,121,171,445,10,887,467,499,693,53,347,975,841,1173,451,579,131,225,159,517,915,989,713,635,241,375,74,106,989,799,54,441,562,74,71,573,366,106,393,560,243,839,373,284,211,933,365,8,921,479,29,801,179,122,130,61,777,239,589,317,783,294,307,128,765,829,199,511,429,699,149,623,481,61,181,655,399
62,187,264,153,315,151,542,416,260,60,386,207,595,147,891,46,1253,280,1468,800,1516,1190,1115,1344,472,1026,26,617,61,61,470,92,189,78,1173,374,1357,752,948,788,582,667,452,622,285,496,364,332,272,168,307,262,48,24,48,186,212,589,136,43,27,118,48,25,27,174,355,283,250,84,70,214,1133,149,288,187,373,726,261,739,359,635,873,471,251,107,561,271,673,9,101,461,259,927,461,507,16,126,331,203,427,211,490,186,249,547,150,385,573,375,195,32,306,581,170,651,18,110,21,347,127,433,44,200,238,153,190,219,63,85,73,43,2,131,55,25,179,261,325,99,801,383,289,505,435,109,235,449,205,177,182,547,65,595,565,40,297,478,305,337,523,179,209,339,261,237,6,301,112,225,213,913,14,210,145,245,362,339,477,317,781,316,201,193,92,354,8,653,343,27,317,319,20,407,265,392,323,319,865,515,946,135,529,251,483,510,385,1217,301,153,277,123,321,763,253,499,851,839,149,431,523,277,15,369,997,441,929,194,661,471,220,859,407,207,25,183,258,313,527,607,1119,463,623,731,236,155,225,281,184,78,319,381,661,404,571,194
20,6,18,8,37,25,470,277,38,217,467,676,831,917,925,869,743,600,409,216,32,120,235,272,230,103,88,308,535,722,867,957,3,914,762,565,302,5,354,717,1055,1327,1487,1540,1485,1378,1205,1025,848,687,525,406,314,260,264,298,348,416,494,45,4,20,13,6,65,10,24,15,38,0,38,27,48,10,2,31,68,38,58,12,37,13,11,43,11,38,43,33,40,57,37,38,64,15,43,23,7,10,16,33,10,8,6,24,6,3,20,3,65,40,65,9,39,5,12,13,8,56,1,45,21,23,16,1,1,9,7,14,16,2,13,0,13,4,29,11,16,5,32,30,32,71,33,61,5,3,5,34,34,25,7,61,7,52,6,74,13,0,46,12,34,43,47,1,8,34,15,30,41,18,2,15,24,30,35,84,16,29,4,26,66,33,49,62,49,25,10,56,89,12,31,49,14,57,54,14,8,7,88,30,8,11,9,30,49,17,103,67,65,85,11,50,13,94,64,66,35,40,14,3,39,22,14,78,11,31,33,10,100,35,27,6,38,31,81,11,10,22,121,39,37,50,3,104,38,31,3,46,69,10,38,61,6,47,2,36
37,105,362,99,328,133,9,47,271,631,733,479,3,639,1025,901,346,293,490,296,73,182,463,579,428,89,411,855,1012,724,128,505,552,683,316,50,16,39,38,130,452,653,592,291,279,704,761,442,56,320,415,213,3,118,29,268,390,41,571,179,109,85,397,702,124,379,245,288,466,18,188,107,211,9,150,194,130,22,180,197,59,24,66,63,5,35,45,127,149,76,156,350,285,49,283,239,36,76,127,93,54,172,92,178,324,131,238,354,170,147,249,143,15,110,118,37,102,114,33,66,69,174,59,151,116,118,65,60,15,140,73,46,223,9,13,234,276,70,102,41,99,50,244,474,360,114,503,539,261,129,329,245,12,82,16,231,287,70,363,613,84,73,457,490,210,130,256,216,39,165,280,59,361,468,108,397,604,367,125,513,525,280,125,504,400,152,600,382,489,36,255,1,94,802,112,524,163,110,18,401,674,513,123,763,961,559,61,551,614,226,212,296,64,460,570,308,311,893,1056,642,193,824,884,413,240,142,62,283,156,205,642,827,654,172,294,603,799,772,463,130,619,612,156,183,21,329,470,309,167,828,1213,366,636,4,185,169
123,0,21,17,250,473,679,880,1058,1198,1284,1335,1326,1265,1169,1017,816,581,302,10,311,638,948,1211,1431,1609,1725,1780,1750,1644,1478,1237,14,571,185,206,575,918,1194,1415,1557,1625,1627,1554,1424,1215,983,713,416,114,187,461,701,868,1008,1093,1116,1091,1002,890,753,24,1,1,5,16,20,15,26,11,10,20,2,15,11,6,3,6,0,7,4,3,4,7,6,0,7,3,0,4,7,4,5,1,0,7,4,0,4,1,0,1,0,1,9,4,1,0,2,5,6,5,3,6,0,0,0,4,0,2,2,2,2,2,3,1,2,1,0,0,2,0,5,2,3,1,2,0,0,0,0,1,2,2,3,0,5,3,3,1,1,5,0,1,2,5,1,5,1,1,2,3,3,1,1,1,3,3,1,2,7,4,0,7,4,1,2,2,1,1,2,2,2,4,2,2,1,2,2,0,3,0,2,2,3,0,0,4,2,5,6,3,5,2,7,5,5,5,3,5,4,11,0,6,6,0,4,7,3,8,2,2,3,4,3,5,4,1,7,1,9,0,3,2,8,11,1,6,11,3,7,3,6,5,7,11,5,7,6,4,1,2,3,3,13,35
9,6,18,1,5,17,93,90,201,207,108,72,278,305,56,312,438,173,297,522,261,274,573,307,276,585,295,290,552,247,323,546,36,375,539,119,452,556,49,541,558,21,606,559,110,674,535,204,769,533,307,906,571,427,1070,635,499,1200,698,24,18,82,18,35,7,23,62,18,32,50,23,24,22,22,17,24,9,10,26,22,26,15,4,54,0,1,15,42,33,30,8,0,13,6,18,16,26,27,31,21,10,2,31,24,41,42,25,26,4,40,44,27,25,16,10,16,10,2,28,10,18,23,19,7,4,8,14,14,1,11,8,4,2,1,28,10,9,18,0,8,0,15,4,15,35,12,0,31,47,28,10,22,28,28,11,21,3,24,19,25,11,7,25,21,4,30,36,39,27,27,5,12,5,2,13,6,21,14,12,20,0,7,25,49,15,58,28,40,21,23,24,23,44,28,15,33,62,3,26,10,17,33,10,81,20,6,30,36,38,18,1,8,3,63,0,8,13,15,21,11,34,31,22,28,93,30,15,40,66,20,59,6,1,28,22,7,0,28,7,3,56,1,10,6,23,39,88,23,20,15,68,12,47,80,34,12
18,40,30,61,30,46,572,176,365,611,300,380,879,750,29,772,1053,640,120,669,651,220,168,155,161,431,271,296,862,927,365,443,208,732,44,557,592,15,671,868,324,619,1307,1223,394,669,1308,1203,538,185,550,491,284,211,307,373,187,240,662,107,111,104,40,78,30,56,77,108,158,67,370,168,876,1238,877,104,1145,1592,1160,146,791,1107,760,163,187,100,166,213,160,731,1027,707,104,890,1149,744,42,434,442,187,82,316,651,606,28,945,1451,1079,2,1062,1391,866,23,603,614,313,109,153,196,30,458,701,468,7,18,35,48,6,29,34,16,7,7,22,17,226,245,5,313,397,175,193,421,376,128,123,258,288,247,148,35,273,432,362,50,325,494,318,66,354,0,10,309,353,74,316,502,339,65,410,492,296,10,205,225,142,98,142,196,93,165,432,469,183,253,525,403,46,21,128,121,27,61,74,25,102,8,138,106,132,300,328,210,24,97,89,29,55,190,317,242,56,364,445,218,105,247,94,156,232,31,310,494,375,37,394,596,518,203,202,472,511,312,51,113,93,7,44,225,414,388,73,329,512,349,20,302,271,24,210,217,39,49,97,23,20
430,448,4,165,97,627,1042,767,511,172,130,365,412,45,560,1007,950,561,264,387,641,716,383,452,992,809,519,270,510,1010,1054,476,332,757,450,68,153,783,1050,870,177,340,268,166,268,234,791,917,530,89,54,273,531,203,237,608,468,131,3,237,412,319,40,228,193,134,71,105,143,188,15,261,140,42,39,9,242,101,61,309,281,58,46,40,252,152,62,254,312,72,51,93,219,201,139,287,321,37,28,46,247,73,121,354,166,47,16,99,246,1,240,371,132,25,14,66,91,114,230,91,46,27,37,99,5,205,12,100,28,115,18,306,81,292,51,8,198,158,200,361,151,140,25,250,206,197,514,351,1,184,63,353,228,317,607,366,79,219,152,416,186,326,601,393,167,225,200,590,393,287,706,379,265,417,87,741,745,36,636,518,158,599,345,479,844,330,401,585,76,809,738,41,689,535,157,723,229,556,899,433,285,546,13,575,719,104,746,778,251,336,222,314,761,479,204,781,532,46,333,109,816,1019,416,295,611,180,232,296,343,896,805,344,215,267,114,417,163,405,780,713,412,11,77,436,599,393,97,533,513,224,60,204,643,902,711,295
63,53,54,559,449,594,242,32,297,454,429,84,319,695,789,502,7,454,605,556,321,175,173,209,42,548,1070,1110,498,416,1208,1347,220,56,481,569,336,112,234,489,551,259,324,882,922,541,50,442,490,319,62,18,61,134,35,142,292,271,134,201,271,46,104,312,66,49,189,289,442,663,78,150,319,361,177,75,322,369,166,59,139,130,18,56,97,171,271,76,258,394,243,51,352,293,24,274,805,138,170,295,199,63,161,29,169,164,29,297,326,123,176,334,224,41,162,140,15,47,9,40,98,262,245,78,85,178,92,14,28,78,133,18,11,253,60,161,71,71,21,100,121,77,305,304,89,440,522,163,338,501,358,30,291,155,97,213,10,312,445,158,495,646,493,74,634,672,206,345,550,306,197,485,276,191,552,423,114,584,583,124,480,704,407,301,774,667,150,153,289,195,408,451,407,74,369,199,344,295,258,43,376,669,612,35,611,889,653,49,493,517,198,224,162,137,592,686,253,490,1074,1003,363,407,903,703,351,129,180,125,319,228,192,684,882,601,34,647,1009,857,362,206,501,571,266,37,43,132,318,238,101,610,950,53,236,253,9,126
20,270,222,104,194,746,626,695,311,287,829,897,494,262,898,1004,480,316,788,672,277,25,37,7,356,824,891,222,756,1324,918,114,369,935,349,211,284,17,66,239,636,546,106,787,882,282,536,842,454,163,499,363,10,164,5,214,208,80,331,346,135,10,381,671,124,412,253,69,244,490,178,376,325,28,263,279,49,216,229,2,203,187,13,87,14,130,91,129,286,154,146,267,127,157,199,36,527,207,117,334,209,121,254,38,228,199,72,279,131,220,333,77,288,358,123,130,146,16,62,62,133,39,329,20,214,23,274,63,31,40,93,38,63,163,16,37,92,3,158,186,22,206,186,94,289,205,79,239,85,166,232,42,270,198,119,250,83,212,241,62,329,230,260,605,466,84,523,429,60,171,22,234,162,270,606,433,165,603,484,103,550,395,183,615,568,16,522,68,211,660,313,895,341,335,66,704,550,315,381,70,473,468,38,478,514,30,486,477,44,505,428,81,428,170,385,563,78,661,937,422,440,876,663,76,264,373,179,51,165,245,119,273,634,661,204,498,882,644,50,659,725,268,234,340,88,41,126,399,351,116,540,260,211,389,66,284
44,408,649,104,91,99,567,323,135,492,333,22,163,92,211,558,338,473,1153,689,428,1161,812,19,705,778,387,86,287,368,465,422,491,791,919,239,667,1080,563,437,826,437,185,340,15,16,289,386,201,740,417,328,729,381,234,571,402,95,538,552,309,203,231,387,234,147,264,363,146,300,93,120,98,19,147,63,76,67,37,73,9,81,70,57,121,86,25,225,181,98,264,64,142,115,118,22,271,285,251,586,197,528,530,22,431,165,164,99,113,88,198,198,97,304,0,350,178,297,349,30,281,53,31,84,129,88,111,189,172,87,137,113,75,32,287,96,155,194,362,52,461,220,277,315,70,258,31,213,85,272,219,234,348,10,447,287,318,535,8,459,594,221,325,91,356,62,465,373,188,632,356,355,599,86,403,352,236,322,92,472,98,406,474,120,457,354,236,338,398,151,461,155,213,403,184,123,517,444,857,125,738,140,523,305,504,576,237,864,507,608,1133,463,636,1054,460,424,750,267,295,222,210,96,525,762,103,834,1153,344,844,1235,436,754,965,220,363,165,113,108,497,448,162,790,752,5,757,735,228,275,572,742,297,474,443,146,154,337
139,60,191,275,288,121,652,817,116,443,369,81,55,117,45,511,785,186,907,1267,418,819,1264,653,240,786,676,184,99,108,215,551,682,119,782,1133,506,559,1030,567,208,473,228,47,199,265,43,480,619,119,591,749,148,544,589,42,461,436,58,327,150,77,33,382,47,178,661,8,206,598,233,272,324,103,379,165,234,291,37,225,0,204,72,262,296,79,401,309,115,336,183,44,86,11,98,277,98,356,482,23,451,374,69,326,198,34,140,119,59,32,5,136,233,45,285,291,64,265,104,69,74,28,20,252,175,84,1,23,43,167,113,170,247,70,87,298,6,341,202,259,362,32,331,106,230,109,202,133,260,307,145,503,125,508,529,183,750,377,476,692,147,472,366,108,263,19,231,50,325,336,97,503,292,261,454,54,344,210,237,346,56,442,339,253,661,322,510,237,224,585,30,380,23,336,19,250,82,517,238,524,582,2,479,327,240,434,29,509,287,397,629,108,499,551,49,420,386,8,289,138,222,216,180,474,71,358,740,441,350,893,600,258,744,393,160,264,123,169,347,645,223,574,899,408,480,934,412,487,643,6,382,444,286,78,386,341
37,28,100,69,54,83,126,47,96,87,47,5,325,56,249,27,34,110,106,128,2,92,9,115,53,102,63,91,76,18,71,45,1,37,7,58,134,11,74,58,6,55,118,138,16,179,40,65,142,130,52,30,30,82,98,115,120,121,87,125,52,118,21,45,53,61,118,131,41,26,2,24,21,6,83,112,95,175,167,91,97,122,134,41,118,86,44,146,11,46,101,53,31,3,55,26,156,59,16,94,33,59,102,99,139,0,9,11,55,4,26,26,66,124,7,4,48,17,21,77,14,15,28,6,37,11,5,25,20,9,25,37,5,9,430,390,131,278,597,559,183,321,572,351,133,458,397,29,487,579,189,286,504,380,87,199,275,116,65,116,67,45,128,131,18,79,200,318,347,57,414,838,923,576,82,791,1238,1238,717,176,962,1247,911,326,97,100,94,65,121,112,34,89,126,165,213,52,178,46,11,46,46,128,118,45,0,25,28,46,25,26,73,36,96,169,10,96,189,54,181,1,24,57,20,73,86,38,13,33,59,31,164,80,173,6,21,73,129,28,0,66,78,119,60,46,118,108,28,68,14,20,59,53,78,37,16,70
5,55,48,19,5,42,74,27,47,25,29,29,69,7,12,22,51,54,1,5,72,1,10,72,38,25,0,16,13,43,5,43,34,47,13,28,7,19,17,47,79,22,42,12,93,56,26,62,32,66,68,86,37,15,21,19,9,44,17,88,37,38,8,56,76,23,28,6,49,28,708,687,491,204,149,464,694,793,790,682,483,203,120,440,722,900,937,846,606,279,73,406,680,839,901,855,30,519,285,41,180,365,487,501,433,306,137,30,145,200,187,117,4,116,217,273,272,198,73,83,232,353,407,17,8,11,18,14,29,6,15,10,11,0,3,34,7,17,8,15,5,22,72,19,17,7,34,9,39,17,64,14,21,16,19,15,6,31,54,14,24,22,18,37,66,15,2,29,56,6,58,23,52,8,26,13,1,14,53,33,4,21,21,10,38,15,11,0,26,53,0,34,84,4,11,106,59,36,44,35,50,50,7,61,90,21,17,62,3,43,69,39,57,8,34,44,67,36,18,1,43,83,22,46,3,44,29,65,3,3,30,40,18,52,95,25,0,1,48,37,72,11,12,7,21,0,8,55,50,46,22,26,36,40,18,2
10,5,46,26,4,69,39,61,85,113,141,173,205,240,267,287,298,297,283,252,210,159,100,36,32,104,174,246,314,377,433,477,29,538,548,539,514,469,410,334,242,148,39,70,184,298,411,520,628,729,822,906,971,1013,1030,1011,963,884,781,13,31,1,48,17,10,2,13,2,12,45,10,51,35,13,61,19,56,4,33,28,9,40,53,2,38,5,56,22,14,24,15,23,8,33,22,1,22,60,26,3,54,9,39,24,12,41,59,19,16,28,37,18,37,0,8,12,9,13,6,19,2,0,4,20,3,1,11,12,10,17,14,30,13,6,6,8,3,26,22,18,42,4,6,23,2,1,15,2,42,16,0,21,1,4,33,59,4,27,12,3,7,53,1,26,0,19,19,10,25,36,40,2,2,18,36,42,15,65,12,3,33,26,38,6,12,33,23,27,6,10,48,2,33,31,1,3,11,29,11,32,45,6,4,35,15,17,21,60,20,11,64,18,10,28,35,43,39,47,36,26,41,41,14,29,40,37,31,42,101,5,2,57,49,12,29,19,30,13,4,16,35,39,75,45,26,62,62,27,35,23,3,10,37,6,7,1
45,43,426,592,713,657,622,386,499,601,203,209,125,62,86,250,447,441,583,565,699,763,697,527,384,381,283,21,236,345,599,658,601,673,777,948,921,364,303,48,4,58,271,436,431,619,541,485,622,516,376,280,129,25,142,248,295,198,338,296,258,339,264,148,133,98,23,101,152,267,221,206,174,271,157,62,74,7,11,96,93,156,226,255,198,124,93,51,51,18,17,60,77,83,123,133,139,105,72,44,19,46,48,17,51,109,98,91,7,11,71,25,96,5,48,2,30,26,10,39,16,5,8,4,11,13,11,31,14,9,8,19,20,29,144,57,243,332,322,291,145,20,140,328,560,613,436,404,159,58,211,475,543,530,467,349,333,222,141,93,467,561,634,572,587,553,369,133,83,247,257,487,614,762,756,638,619,407,127,41,233,504,506,679,697,871,759,346,542,189,14,66,431,470,587,728,938,998,524,428,383,296,226,39,299,411,696,546,853,843,777,573,534,534,88,63,126,406,530,790,897,1069,1079,926,580,560,475,72,156,427,540,740,890,805,1235,1045,827,706,566,390,105,26,285,539,455,769,770,864,852,650,521,482,301,35,24,90
20,1,26,1,26,25,46,11,68,109,147,203,260,306,357,421,456,473,496,508,500,495,495,494,481,469,458,440,402,367,335,279,59,166,103,43,11,64,120,171,228,291,358,423,487,547,611,667,725,790,846,904,964,1018,1065,1110,1139,1151,1143,3,23,7,35,7,27,14,57,0,26,58,40,7,20,21,0,12,12,29,31,22,40,31,40,25,17,3,63,49,24,14,6,16,4,18,21,11,28,10,33,42,42,3,45,12,7,2,61,30,31,12,8,10,15,3,37,14,10,6,1,0,7,5,5,30,4,9,2,10,16,24,7,3,6,9,1,12,9,0,19,12,8,5,1,7,12,6,31,14,19,14,32,47,22,3,21,11,10,8,23,19,4,10,34,2,20,0,18,20,25,43,6,47,30,14,25,3,54,10,13,26,7,33,15,1,9,20,4,16,39,8,26,9,5,7,6,21,3,6,32,3,18,12,39,22,21,15,34,8,6,2,14,0,10,73,24,14,84,19,43,28,42,23,37,55,26,34,12,34,38,51,90,17,16,11,12,4,35,0,8,15,60,3,1,2,12,31,35,17,26,14,13,35,10,16,9,0
3,2,1,2,11,5,398,936,1176,1096,709,177,392,867,1148,1219,1065,758,333,73,365,454,293,75,543,984,1222,1219,944,451,118,655,6,1272,1210,895,346,262,840,1190,1239,957,416,225,809,1220,1385,1281,986,549,102,256,479,476,251,126,557,901,1024,3,5,5,5,0,2,0,6,8,0,1,1,4,6,1,1,1,2,3,1,5,5,1,0,1,2,0,0,1,4,0,2,1,3,0,2,1,2,3,2,1,2,2,0,0,0,0,1,1,2,1,0,0,0,1,1,1,0,0,2,3,1,2,2,0,3,0,2,0,0,0,0,0,1,1,0,3,1,0,0,3,0,1,0,0,0,5,1,2,0,0,2,1,0,1,1,3,2,3,0,2,1,2,0,0,1,1,2,2,0,0,1,0,0,0,0,0,0,0,0,1,3,2,0,2,2,2,0,3,1,0,1,2,1,0,0,0,0,1,0,0,1,3,1,3,3,1,1,3,1,0,1,1,0,2,0,1,2,0,1,5,1,10,10,4,3,3,2,2,3,4,2,5,0,0,2,4,0,0,2,5,1,1,1,2,1,1,2,3,0,2,1,3,1,0,0,2
22,8,104,84,78,58,217,116,8,147,303,469,635,787,914,1016,1065,1070,1013,904,751,548,326,67,177,409,623,792,920,1012,1037,1020,108,891,777,646,498,323,156,11,166,306,405,471,498,483,428,352,233,107,25,151,256,353,412,444,442,421,374,59,5,113,13,49,37,46,3,45,88,21,398,529,651,773,892,997,1063,1095,1095,1044,960,834,671,488,282,68,146,351,544,701,835,933,984,992,973,898,16,634,460,266,69,144,340,509,640,744,800,810,782,705,612,505,389,289,217,169,166,204,270,364,461,558,638,69,74,14,5,0,20,4,21,92,40,15,14,65,148,225,293,349,387,409,407,389,353,304,261,227,186,169,159,157,169,175,188,207,219,232,242,260,5,287,301,313,319,314,302,283,260,230,209,179,160,140,125,108,109,103,100,114,124,141,167,199,234,277,322,60,61,53,149,64,66,156,86,6,73,5,472,441,407,366,312,253,185,110,25,72,172,260,350,406,439,439,399,322,206,74,72,220,357,472,554,623,14,643,617,571,517,447,389,315,240,173,99,32,39,121,197,274,326,382,419,436,430,416,384,343,298,257,218,117,75,104,99,67
32,36,78,13,39,18,233,299,105,370,699,429,318,850,611,186,719,515,64,347,191,39,154,190,156,568,428,253,743,460,270,648,209,246,379,37,206,9,285,142,357,535,11,622,561,143,633,335,267,380,39,282,42,436,212,417,649,113,541,89,57,54,19,116,164,61,36,116,136,81,604,642,59,718,557,186,598,283,214,255,21,45,210,211,251,600,220,540,753,86,673,626,80,530,310,105,241,3,90,288,97,421,518,66,657,434,313,622,161,367,337,2,122,41,92,161,32,280,141,247,268,194,439,0,25,46,18,14,12,37,29,26,18,1,7,527,294,445,692,44,696,640,68,605,556,106,386,669,455,306,951,685,372,1114,722,337,958,709,9,584,75,544,206,984,1002,75,1002,1189,325,733,1092,618,199,824,918,400,478,1094,874,84,1004,1089,328,590,991,709,49,16,85,92,66,78,61,87,60,12,126,28,945,827,320,262,791,976,469,603,1367,982,294,1281,1133,138,736,923,574,60,468,866,819,74,932,1298,539,740,392,740,336,869,663,216,95,400,735,658,91,985,1084,176,873,1090,363,511,769,406,28,237,339,434,304,214,761,73,71,108,47,108
12,8,89,42,129,82,219,348,474,586,690,778,844,875,857,812,723,611,469,318,140,20,196,347,480,598,701,767,803,815,773,721,150,495,350,182,21,131,282,400,515,601,654,693,704,682,628,553,432,292,132,63,225,393,545,651,733,790,789,89,9,25,196,32,133,185,88,59,295,109,628,682,716,673,587,482,360,228,129,29,47,71,102,93,66,49,8,80,142,226,299,339,374,374,332,273,14,18,116,268,411,519,614,664,664,636,548,444,325,199,93,28,11,1,54,123,207,296,350,377,361,308,236,74,4,18,32,26,71,12,23,42,5,18,344,469,587,699,771,801,794,736,674,603,551,543,569,635,745,854,956,1050,1100,1115,1099,1037,955,858,739,629,141,403,313,219,135,66,6,80,135,224,312,410,527,647,764,903,1013,1102,1186,1207,1198,1161,1051,913,751,548,339,87,21,33,11,67,80,21,64,209,102,29,988,949,881,794,718,616,524,434,324,218,122,5,107,217,330,436,555,664,771,874,965,1030,1069,1084,1051,982,8,716,549,335,132,94,309,524,724,913,1062,1178,1248,1284,1254,1183,1058,895,706,465,238,8,235,441,606,723,799,82,105,68,11,106
33,109,50,50,47,78,89,140,283,457,644,684,525,164,281,620,741,606,320,55,65,6,145,250,206,25,382,676,793,653,282,141,112,572,403,124,117,170,2,282,518,525,286,124,503,688,583,251,114,335,301,27,324,530,434,50,435,783,793,33,73,15,75,9,102,167,12,25,19,35,578,186,347,764,901,689,266,173,397,356,125,69,73,149,482,679,592,195,359,785,901,663,205,212,406,346,82,11,71,283,454,381,56,389,709,703,383,79,423,471,300,71,53,23,41,24,114,280,298,135,148,355,352,35,67,46,19,1,23,35,33,16,2,39,144,511,651,444,15,494,756,697,415,52,230,418,568,674,717,575,179,370,890,1150,1052,642,109,323,597,739,35,863,816,598,181,385,887,1186,1196,960,613,247,113,417,732,981,1123,1095,836,405,101,574,869,1007,983,852,684,2,127,44,82,51,28,33,82,102,103,104,567,722,812,871,961,973,836,477,114,752,1276,1467,1309,930,454,96,86,204,334,584,935,1237,1335,1091,555,135,104,1134,1170,963,641,389,292,278,230,26,361,827,1213,1286,1037,527,57,491,681,657,523,428,426,499,560,467,207,18,101,44,18,22
22,61,9,59,118,33,138,270,404,505,584,615,604,556,457,346,239,124,42,7,21,11,85,189,312,441,564,680,761,783,769,693,4,439,276,87,79,206,317,360,346,296,188,40,113,258,377,451,478,425,320,147,60,289,486,655,759,800,763,15,29,119,113,50,243,26,40,33,165,5,468,608,738,822,866,844,755,611,423,214,9,144,239,267,211,83,105,301,504,669,765,787,721,589,401,210,111,97,156,136,36,119,304,494,641,721,734,660,523,341,187,67,7,31,108,203,289,331,302,197,48,126,293,33,5,32,66,7,42,11,61,26,1,53,528,501,392,211,3,222,405,529,574,572,526,483,481,528,632,778,925,1065,1157,1196,1173,1108,1018,932,872,851,60,927,1016,1095,1164,1204,1218,1208,1155,1095,1017,960,908,885,888,929,979,1054,1129,1193,1218,1219,1177,1107,1030,957,900,8,105,28,8,14,14,29,25,26,37,36,864,763,634,517,434,398,417,467,572,672,744,795,768,698,564,403,213,1,193,360,489,572,600,568,470,369,96,148,87,76,129,223,363,534,713,886,1051,1163,1221,1225,1169,1079,955,825,697,579,513,446,424,419,436,463,512,39,11,146,25,68
26,18,26,134,185,44,190,97,239,635,666,152,596,928,541,222,687,531,71,199,114,26,96,389,416,44,627,746,198,538,775,326,40,506,189,174,164,153,306,9,478,539,46,560,625,74,486,455,64,429,193,328,451,50,596,533,183,780,624,91,127,89,32,129,68,105,5,64,39,94,651,756,111,675,815,209,460,522,95,208,73,179,60,377,554,110,608,830,245,601,852,273,428,558,137,188,74,99,69,415,337,263,755,488,331,798,437,286,556,240,125,185,77,88,141,9,295,289,95,396,210,253,422,84,73,42,30,35,19,50,16,40,4,19,123,560,372,348,799,392,467,858,443,277,655,559,210,239,679,793,266,648,1145,692,336,1043,914,201,495,816,75,311,387,977,1003,295,682,1210,896,25,779,1038,716,70,573,960,861,264,535,1089,1004,279,640,1130,903,185,526,33,77,43,36,33,258,101,75,49,36,80,253,744,845,682,288,359,1055,1291,648,608,1495,1314,268,763,1113,802,308,108,498,895,983,448,582,1401,1296,241,5,1331,799,48,536,591,509,466,229,348,976,1068,324,738,1293,911,69,805,854,422,5,174,283,493,629,342,348,30,50,53,71,25
9,36,91,12,4,71,110,46,64,199,321,462,585,660,720,722,705,632,515,394,229,64,112,295,462,598,719,799,848,855,833,772,70,580,440,316,173,36,96,196,309,392,446,478,496,494,497,470,456,428,407,363,347,330,315,308,320,326,336,140,16,172,37,8,122,21,199,0,42,99,725,757,754,726,655,572,465,342,185,45,105,275,428,550,673,746,792,793,781,730,653,563,478,375,259,142,96,72,173,249,308,338,337,309,246,191,118,49,9,44,57,47,24,37,91,172,238,305,354,395,412,415,394,37,23,19,2,30,5,64,9,26,33,12,535,562,567,555,526,499,459,423,411,407,439,479,552,641,741,851,954,1042,1108,1136,1128,1078,983,838,662,442,127,44,287,512,728,917,1059,1168,1220,1218,1167,1082,935,763,557,335,102,133,350,553,732,874,980,1038,1058,1018,913,71,15,1,35,84,49,1,133,60,127,88,1135,1026,859,653,398,117,172,450,712,933,1112,1208,1261,1232,1142,972,757,479,178,146,468,774,1058,1261,1406,1480,29,1406,1239,1013,743,431,93,236,554,828,1065,1246,1347,1398,1362,1271,1129,925,703,453,214,22,246,448,597,725,809,9,84,33,191,120
33,39,21,161,130,19,292,408,550,674,777,815,760,632,456,212,13,147,208,195,92,47,221,363,465,502,449,314,108,130,355,522,75,572,435,235,2,200,335,367,301,144,73,322,533,680,713,648,448,195,87,314,432,425,270,31,239,483,635,13,49,14,85,82,49,36,73,78,53,12,757,910,954,872,694,454,188,42,189,223,135,47,275,484,598,577,426,162,166,460,674,768,708,537,336,137,109,22,132,319,521,677,711,604,375,76,209,407,484,423,277,117,14,0,94,227,345,377,293,117,105,301,406,19,42,94,36,59,11,42,36,53,39,89,369,545,589,483,236,83,394,631,749,759,691,629,598,620,678,730,716,607,386,104,192,455,648,741,765,760,19,793,893,1021,1172,1263,1283,1222,1097,924,741,599,504,450,434,413,374,295,161,2,184,368,511,628,701,717,718,132,126,40,105,39,116,53,47,119,43,46,926,862,836,871,954,1067,1193,1288,1321,1281,1140,937,683,430,226,109,88,184,328,468,565,560,432,186,131,446,95,891,941,851,691,497,329,230,235,345,528,767,1009,1186,1281,1271,1169,989,770,571,419,364,386,484,619,741,825,255,155,50,19,35
8,9,10,66,30,9,74,125,220,175,21,236,245,34,339,288,150,477,235,343,515,7,535,394,259,567,139,448,425,167,519,160,56,438,168,555,149,509,479,228,644,158,567,518,265,708,172,632,592,297,840,229,796,815,316,1118,443,882,1089,5,28,16,2,20,24,3,6,28,56,5,6,14,41,14,15,16,30,27,29,24,12,15,39,15,18,20,22,14,54,45,45,10,12,0,34,3,8,40,1,21,1,5,6,3,0,15,21,9,1,9,32,36,5,27,13,5,4,18,5,15,15,40,17,3,19,9,1,12,23,5,1,0,15,14,14,4,5,2,13,35,46,4,8,3,14,18,16,19,10,10,7,29,0,26,15,26,0,18,22,24,3,15,25,9,10,50,4,40,2,22,51,43,3,25,30,74,30,51,15,15,11,39,33,12,3,42,11,54,11,31,9,16,8,61,21,33,5,24,12,46,12,19,3,63,14,12,16,10,10,20,43,22,38,43,53,8,83,1,31,40,17,21,3,20,13,14,45,18,17,46,9,31,18,29,27,19,22,6,9,25,16,3,28,41,18,32,11,7,24,57,3,5,8,2,9,9
12,29,170,199,115,56,236,349,443,517,580,616,636,627,603,541,481,387,285,181,81,20,95,180,255,309,341,380,402,411,417,403,143,377,340,297,247,184,98,2,98,191,278,354,420,459,487,490,469,442,416,373,326,269,214,158,91,30,46,70,49,185,133,289,136,16,49,43,19,108,55,30,117,186,253,303,339,349,320,276,189,99,23,142,282,405,518,605,665,688,683,638,571,471,340,198,26,136,303,453,572,653,701,692,642,554,435,322,195,97,44,0,12,45,114,199,276,341,384,393,379,334,264,66,0,47,30,2,14,32,16,0,78,25,259,376,501,626,736,812,840,830,792,731,658,595,554,535,551,595,641,693,725,741,725,670,583,466,327,151,127,215,396,567,724,854,960,1040,1089,1118,1099,1081,1027,966,858,753,621,485,332,188,54,84,224,348,478,578,684,73,36,47,9,56,54,113,106,4,118,28,68,138,353,573,787,991,1158,1295,1396,1441,1436,1367,1238,1053,819,532,208,116,430,729,994,1210,1357,1453,1492,1469,16,1261,1086,865,601,319,8,303,599,845,1058,1216,1304,1336,1307,1237,1108,952,769,575,348,115,114,346,562,751,906,15,37,95,87,25
7,54,40,188,101,1,51,174,334,503,667,755,711,524,199,154,437,565,516,330,116,24,8,148,386,604,687,575,293,101,472,705,36,534,225,70,240,215,29,252,483,592,486,180,219,569,757,682,373,28,364,474,312,40,423,655,621,349,69,91,122,185,231,9,22,9,52,91,43,5,568,314,130,573,886,938,715,339,51,271,270,86,144,290,215,61,448,788,911,774,388,88,471,644,572,338,53,50,18,215,404,447,257,117,518,762,731,451,52,287,420,356,169,15,18,58,140,136,10,214,358,338,158,25,28,30,11,16,2,26,30,4,59,25,613,662,432,13,465,739,752,563,298,76,73,194,381,622,854,959,823,468,42,530,878,1008,977,845,698,562,70,164,160,542,914,1189,1288,1186,919,565,191,124,354,519,673,842,1015,1131,1134,977,684,301,85,405,625,777,881,29,32,52,122,56,1,94,2,81,21,37,956,928,903,931,1002,1027,923,623,126,448,968,1293,1368,1239,983,754,602,572,592,567,409,104,332,827,1240,1449,59,1170,793,417,168,88,126,180,135,87,453,865,1186,1314,1194,877,469,93,170,265,240,173,154,265,455,670,777,137,94,21,0,9
25,32,61,9,191,30,310,347,418,493,582,679,746,799,821,805,736,633,489,316,155,24,55,96,74,6,81,210,334,447,536,604,141,595,495,334,130,85,275,423,492,480,395,252,80,102,267,393,467,463,395,254,68,136,344,535,659,719,735,44,111,161,14,43,105,35,61,109,23,118,448,671,829,909,886,779,605,402,205,45,60,79,22,94,260,466,670,836,921,927,836,676,462,246,73,52,32,40,68,216,364,487,544,530,429,254,43,166,344,437,438,359,239,101,8,21,25,131,247,339,361,305,195,28,16,33,2,33,66,36,25,30,0,7,259,35,222,460,648,740,739,679,585,503,479,518,618,723,787,793,709,547,349,138,29,139,186,173,131,107,71,124,192,299,429,555,665,764,821,835,815,769,716,664,632,638,676,728,801,858,899,914,883,829,763,697,644,77,47,22,8,92,2,134,73,1,77,67,736,594,457,327,246,213,251,344,470,614,735,796,794,730,602,424,244,56,82,173,208,169,93,35,172,292,175,442,441,361,226,57,127,306,449,546,595,572,512,411,297,171,57,29,73,53,4,136,288,446,581,682,707,46,15,53,70,53
9,0,1,29,12,28,252,245,229,201,160,134,100,84,64,56,58,59,76,91,117,148,183,216,260,292,337,362,406,422,459,474,60,517,550,556,590,585,607,591,592,563,547,498,474,406,375,306,258,188,121,39,36,143,219,325,399,468,514,8,49,40,5,30,34,19,9,43,5,9,19,56,28,38,9,2,49,23,4,82,24,0,9,85,6,9,31,31,45,22,7,17,13,19,57,21,23,23,17,38,6,5,36,7,14,20,25,19,5,14,9,19,6,82,9,3,2,7,14,22,8,8,22,2,4,4,19,20,17,2,10,5,1,3,5,1,4,13,32,26,0,26,3,19,6,20,16,19,8,3,21,20,15,33,14,38,17,10,21,21,16,16,25,32,17,6,2,11,22,21,4,16,6,34,26,10,3,7,24,7,3,34,14,10,35,16,16,12,13,13,27,2,72,11,14,4,12,20,11,22,2,52,20,19,36,4,9,20,17,47,6,23,39,24,5,13,61,22,57,24,48,0,25,11,17,10,4,8,78,4,37,53,9,19,27,28,4,18,70,14,8,67,102,6,3,26,18,64,3,12,38,0,17,37,44,29
21,1,18,37,7,1,9,76,300,581,744,631,250,272,693,830,643,261,106,269,187,4,83,34,302,570,600,352,88,528,749,675,19,100,388,402,158,138,262,105,259,563,559,211,290,645,666,325,125,416,361,16,352,474,212,289,742,835,504,26,67,73,193,109,92,59,129,118,111,112,580,825,736,276,341,776,820,464,11,311,248,33,224,139,247,645,732,370,268,806,929,571,29,505,602,372,21,97,16,147,183,42,402,633,506,62,457,721,560,123,279,393,232,29,20,54,95,33,253,333,157,172,412,47,19,11,1,39,30,75,4,18,32,95,222,257,657,657,217,360,720,687,377,42,182,363,571,757,706,278,408,1024,1225,907,250,383,763,861,780,637,170,95,387,888,1205,1129,671,3,628,1001,1062,888,601,290,61,445,840,1101,1101,779,214,401,833,1031,965,751,421,23,18,95,168,141,120,4,42,49,40,102,924,758,542,324,33,404,952,1391,1474,1055,263,569,1121,1236,1024,692,435,286,114,182,653,1146,1414,1257,666,151,75,1231,1122,729,350,165,142,88,162,626,1087,1252,975,344,392,934,1109,910,511,150,54,87,72,151,375,670,858,28,6,127,118,122
95,51,12,251,107,375,359,587,532,187,412,797,722,237,404,765,663,169,227,320,202,206,340,345,75,437,822,800,174,727,1126,571,222,660,299,114,15,383,465,60,726,941,438,480,1059,728,64,580,440,91,60,9,27,30,132,189,161,6,174,168,264,95,54,529,74,153,344,26,393,0,28,222,106,55,155,170,115,74,268,254,20,240,179,65,169,0,205,105,141,262,73,190,272,88,205,298,397,199,184,86,200,41,250,164,134,352,256,115,387,293,48,229,140,33,19,72,67,101,174,29,127,79,70,75,154,143,144,6,74,60,35,123,105,106,3,284,122,198,251,28,129,30,18,87,240,156,188,449,276,201,481,253,265,470,58,411,371,145,464,160,74,435,33,506,468,47,529,480,10,424,343,153,428,160,377,527,106,427,442,90,259,292,26,294,320,55,534,366,158,99,416,317,294,598,293,84,231,209,406,214,226,580,357,366,718,269,522,747,254,387,558,162,199,164,216,456,296,419,991,877,61,1024,1097,327,300,389,155,140,303,393,259,39,425,791,710,150,557,821,558,16,315,263,115,30,166,344,197,297,762,626,105,98,137,205,397,223
7,0,158,132,92,1,6,94,193,287,367,453,500,532,536,531,489,429,357,265,165,52,55,175,274,357,424,483,492,467,423,364,51,154,42,75,182,278,352,392,435,442,434,392,333,247,157,34,80,202,319,410,477,516,534,531,513,472,422,23,9,94,21,132,61,39,68,39,81,167,220,130,47,47,131,188,227,249,232,186,133,50,47,156,254,353,453,529,592,632,641,613,545,451,323,165,36,152,317,436,535,588,580,549,477,382,265,155,51,24,63,63,17,55,160,271,358,408,401,356,252,118,35,78,2,49,36,2,28,19,50,15,25,40,232,152,29,110,259,395,499,551,552,504,415,303,193,90,22,25,29,14,18,43,50,42,5,81,185,304,43,589,727,858,980,1080,1158,1209,1231,1221,1173,1095,975,854,714,568,440,309,193,86,39,145,276,400,534,650,749,42,50,57,63,36,120,14,170,80,47,189,337,131,99,350,613,866,1099,1298,1448,1541,1566,1537,1452,1294,1087,835,557,257,21,315,581,812,999,1139,1228,1269,137,1185,1084,937,772,563,369,159,33,207,364,488,597,664,709,727,704,674,613,534,449,352,267,180,110,54,19,1,146,212,118,25
40,3,4,6,619,102,473,951,1225,1225,922,419,220,841,1279,1431,1259,787,104,637,1250,1584,1549,1156,458,363,1134,1657,1790,1498,848,47,23,1616,1861,1667,1074,247,628,1320,1654,1596,1147,454,328,1019,1400,1446,1133,572,111,744,1140,1244,1045,602,54,486,855,1009,899,19,3,3,1,16,9,18,6,3,3,13,15,4,4,3,3,1,2,6,5,7,1,4,2,1,2,2,4,0,1,1,1,0,0,1,3,4,1,6,3,2,2,2,1,3,3,0,0,1,1,4,4,4,1,1,3,5,1,0,0,0,1,0,1,3,1,0,0,1,0,0,1,0,1,2,3,1,5,2,1,3,0,0,2,0,3,0,0,1,1,1,0,2,0,2,4,2,4,5,2,0,2,0,2,0,3,2,5,2,0,6,5,0,2,0,0,2,4,2,0,2,1,5,0,1,2,2,0,0,1,1,3,5,0,0,7,5,4,2,5,6,13,2,5,4,4,4,8,10,3,3,7,1,4,4,2,1,7,13,6,3,1,5,1,6,8,16,2,0,7,1,14,8,10,2,3,1,5,0,13,1,0,10,4,18,8,9,6,12,2,5,8,4,2,19
40,26,13,12,7,17,206,57,81,161,206,230,147,79,334,432,239,146,476,512,192,270,555,465,47,400,559,327,145,506,492,112,16,551,296,198,555,473,3,480,616,275,296,649,514,44,610,714,256,449,872,644,97,846,1029,443,516,1135,935,35,14,13,12,33,32,27,64,11,57,37,20,38,6,25,27,12,0,29,7,13,3,17,25,9,12,69,0,16,16,35,53,2,8,5,11,12,28,41,31,58,28,6,30,10,26,26,1,17,28,10,39,22,21,20,0,12,20,6,10,6,13,32,6,4,11,17,25,23,9,0,8,3,2,18,15,3,9,16,12,0,12,16,42,29,0,7,20,45,34,15,14,25,20,6,17,35,1,0,44,24,37,16,4,25,23,33,8,16,28,3,22,38,17,48,7,9,10,0,21,6,3,1,20,16,45,51,41,69,49,1,13,15,1,25,30,27,3,12,36,57,16,47,6,20,0,16,49,10,51,80,22,20,27,28,8,74,28,31,25,11,8,47,47,19,12,44,0,54,13,43,61,4,21,3,15,63,62,21,44,55,26,70,38,22,1,41,10,6,4,3,1,64,30,16,52,1
2,92,2,2,67,25,253,250,253,271,308,359,413,463,502,513,512,452,376,265,134,15,190,339,489,599,684,738,735,698,619,500,78,225,58,73,199,291,351,347,311,241,117,20,175,315,418,492,493,443,338,201,14,176,345,505,641,734,779,170,37,49,80,23,144,105,33,58,67,91,447,348,215,61,90,228,318,364,348,276,148,24,222,428,613,761,842,882,843,755,615,452,287,143,37,0,106,67,180,328,496,637,737,772,751,655,507,341,165,26,41,48,0,103,208,294,338,309,238,108,39,181,299,22,1,8,4,7,5,15,25,33,9,18,485,392,248,59,150,345,510,618,666,661,606,543,476,465,502,592,721,869,1011,1111,1162,1155,1098,1009,911,831,108,770,790,841,894,946,971,991,980,956,906,835,759,664,573,470,385,307,247,213,194,181,147,106,39,55,181,49,19,2,54,39,94,39,75,73,42,8,843,846,831,859,896,968,1054,1145,1240,1311,1350,1341,1270,1156,994,778,547,302,71,146,336,480,572,628,616,575,68,417,336,281,274,304,385,496,636,793,935,1065,1174,1251,1272,1256,1185,1072,904,718,505,293,92,76,199,280,316,47,88,14,12,84
31,19,17,59,1,11,173,148,130,129,113,115,72,30,74,169,311,417,516,543,516,421,266,90,116,277,445,522,573,510,403,198,6,258,446,557,585,501,360,134,81,327,505,644,675,624,449,208,93,407,673,869,933,878,664,346,60,471,842,22,1,2,4,3,8,8,11,37,4,59,9,12,15,37,37,9,45,19,40,5,21,45,10,57,52,1,18,9,21,9,73,37,60,32,32,3,47,54,12,1,40,18,24,16,33,24,37,73,10,20,9,8,21,1,7,2,25,13,26,34,6,4,5,2,17,4,0,15,0,32,13,21,1,13,6,1,3,2,10,8,21,9,33,22,6,26,7,5,14,47,40,1,12,1,1,9,21,47,20,17,13,24,28,14,13,42,32,15,26,62,22,10,27,42,9,3,4,16,13,2,25,7,51,15,66,52,1,14,22,31,24,72,6,26,52,13,34,14,39,54,20,60,10,63,41,5,15,28,20,46,44,52,57,20,2,32,65,1,7,21,11,50,36,8,25,17,28,4,44,60,3,20,32,40,28,1,18,19,12,2,6,60,19,7,22,63,11,1,10,1,19,31,17,3,12,5
23,8,56,18,33,61,181,219,259,336,440,555,651,730,778,781,718,623,476,306,130,25,169,277,335,352,317,227,110,28,177,308,26,452,436,344,206,12,198,378,549,647,689,672,588,441,270,83,103,276,391,427,386,271,81,142,367,560,682,64,59,18,87,16,19,21,94,106,109,127,309,92,124,331,504,601,611,547,419,239,29,163,343,478,533,499,394,207,6,229,413,529,565,503,390,206,25,130,227,254,195,64,124,340,519,655,696,643,523,348,172,42,16,11,111,232,338,389,353,240,67,115,283,33,60,12,33,61,5,7,14,30,60,28,458,532,513,402,218,5,230,396,504,531,507,467,444,469,559,693,857,1009,1134,1190,1199,1163,1079,984,902,855,25,859,924,987,1071,1113,1140,1120,1064,989,899,820,786,777,820,873,959,1038,1095,1128,1134,1113,1075,1021,974,936,918,25,136,6,47,26,172,32,67,113,21,103,1033,908,824,804,832,931,1068,1189,1323,1409,1441,1428,1360,1235,1098,929,759,593,456,360,332,355,444,569,717,833,15,935,881,755,559,333,96,117,300,420,480,476,426,323,224,82,34,111,156,135,57,54,216,399,547,639,693,39,50,1,47,65
18,3,45,82,127,32,67,18,56,73,5,85,41,23,0,111,49,24,12,56,25,0,166,61,44,153,26,50,8,32,48,26,29,0,17,32,7,47,104,5,27,46,91,89,72,2,28,0,74,150,45,29,12,44,83,67,21,68,2,29,183,3,27,7,83,0,123,60,10,31,159,791,1130,957,326,485,1046,1096,678,51,683,926,671,75,495,696,470,61,569,743,492,76,689,947,730,100,55,828,660,208,245,432,329,69,181,248,69,185,326,228,84,387,454,233,138,416,413,151,199,346,220,49,220,1,33,6,32,27,17,6,14,13,26,15,4,9,68,6,1,36,26,19,83,13,50,70,46,56,45,4,110,26,71,34,2,36,40,51,5,10,0,45,116,7,41,46,25,32,44,25,78,106,72,17,27,66,46,5,42,36,31,11,11,4,50,45,3,114,116,58,114,31,28,62,74,45,37,46,89,35,27,93,139,34,24,0,41,51,48,108,23,25,4,20,39,49,15,18,35,91,12,4,87,14,66,35,100,32,22,14,7,101,62,6,79,125,53,97,36,12,1,67,105,6,77,160,14,88,37,147,10,36,28,27,61,14
33,12,200,247,165,137,220,227,165,77,177,31,143,114,322,91,20,33,119,218,196,221,3,149,161,18,414,258,90,286,342,218,271,42,258,122,23,41,8,276,227,70,30,351,78,137,18,222,94,84,117,33,25,150,179,16,124,38,49,247,225,138,462,31,254,146,91,163,131,268,339,119,120,86,167,42,316,190,186,36,110,225,260,32,38,66,128,35,181,3,102,216,68,144,209,14,245,191,179,15,2,249,165,296,170,236,221,146,19,42,106,27,163,99,36,204,177,23,49,135,82,20,97,36,57,21,53,23,77,12,30,3,16,21,288,103,514,639,318,310,852,770,19,832,1104,494,505,1102,814,16,615,688,345,4,205,169,167,219,144,0,92,252,270,195,65,127,327,512,458,121,431,891,936,427,479,1203,1281,511,624,1501,1559,660,718,1683,1620,742,421,182,26,7,6,68,119,4,27,6,32,110,29,22,144,259,204,143,66,141,30,128,312,276,261,356,77,116,5,191,124,305,68,41,202,393,272,17,254,21,245,527,287,211,63,146,333,220,95,178,270,43,169,190,13,58,202,152,132,41,134,175,236,225,402,159,194,81,194,91
14,23,11,41,26,202,190,558,572,185,375,738,661,148,524,977,959,488,159,610,661,344,41,203,8,385,668,542,21,623,1016,894,158,351,749,626,80,539,835,566,160,958,1398,1205,469,462,1158,1354,1071,537,29,253,323,297,324,436,571,620,495,118,19,137,9,105,121,4,10,20,123,106,476,44,632,1229,1398,971,91,848,1435,1430,900,153,417,585,368,39,90,147,602,947,879,341,426,1028,1164,839,6,160,317,213,71,123,440,845,1030,714,75,993,1549,1427,702,219,830,913,595,235,77,124,134,69,451,748,703,80,5,23,10,16,6,14,58,2,37,6,174,65,128,281,256,24,269,444,392,164,101,260,307,288,242,183,55,148,353,439,315,35,269,421,338,81,102,333,233,51,346,471,311,64,428,587,464,158,124,243,198,97,66,140,264,317,187,98,420,582,447,44,393,51,94,21,150,14,123,53,58,1,39,8,4,244,404,430,307,113,31,47,26,70,12,221,410,420,228,77,292,291,116,99,183,68,213,487,565,363,43,500,764,743,473,125,154,325,375,357,279,189,145,163,192,131,70,350,516,430,108,232,369,234,52,266,299,123,77,61,1,34
92,104,497,395,282,153,27,103,229,346,451,57,586,622,639,634,604,561,500,410,313,187,52,99,259,410,558,677,789,859,898,895,855,782,672,527,361,175,27,1259,425,595,735,837,886,886,836,736,594,416,219,0,211,426,616,778,919,1009,1056,1072,1041,984,888,762,621,457,285,114,46,185,304,380,432,434,411,19,283,201,109,29,47,104,146,164,173,163,139,96,56,7,48,104,143,186,206,223,225,204,178,138,86,19,45,350,163,197,227,226,217,179,125,60,4,65,115,158,184,184,174,146,113,75,37,62,54,20,26,22,2,18,25,32,6,4,99,65,11,52,117,179,234,263,259,230,179,104,28,50,112,164,198,208,191,378,122,69,7,51,119,174,228,268,284,298,287,265,225,181,127,73,28,25,71,118,158,194,224,251,266,271,259,160,205,159,104,38,24,96,153,196,231,239,225,191,144,69,2,95,183,270,349,410,449,461,432,392,311,208,86,47,172,291,379,460,500,502,474,1032,328,212,77,66,211,341,465,559,623,646,645,592,500,379,234,71,95,259,404,536,633,694,714,699,656,580,471,66,219,70,78,223,353,472,559,624,659,59
10,24,13,79,167,235,541,666,756,829,886,914,967,962,936,1014,915,832,768,723,625,518,390,233,80,113,290,519,667,838,976,1132,313,1334,1336,1398,1336,1298,856,733,506,401,230,68,128,312,464,608,733,843,870,1001,977,936,850,867,817,675,595,26,19,39,143,171,127,3,26,201,71,13,690,689,650,607,534,483,389,318,191,148,45,55,108,231,265,301,365,361,393,411,402,368,315,317,241,192,29,99,53,21,14,58,69,87,83,77,100,68,43,46,31,17,0,37,51,62,82,104,124,114,119,90,59,0,2,21,75,22,57,39,44,63,13,2,156,122,425,695,839,908,818,636,348,89,213,460,612,710,703,644,476,252,13,288,588,922,1119,1262,1351,1362,168,1180,1009,764,505,194,135,423,718,986,1160,1433,1553,1607,1578,1530,1345,1141,894,629,348,31,245,533,854,1081,1303,261,361,102,361,67,129,123,323,47,305,112,106,277,531,712,923,1064,1193,1268,1289,1303,1248,1152,1003,864,705,520,329,72,163,401,578,954,1123,1349,1467,1531,379,1623,1609,1522,1408,1270,1123,901,631,388,158,92,378,633,855,1082,1217,1404,1464,1575,1586,1522,1406,1364,1242,1001,829,44,87,80,235,9
202,160,129,52,142,160,87,43,205,329,389,201,201,19,261,476,593,585,461,255,23,182,289,274,124,138,431,698,849,842,649,326,37,349,533,546,391,133,129,1340,320,167,135,485,773,921,863,606,229,160,435,524,383,54,358,724,935,905,640,203,290,712,969,1002,835,523,175,112,265,243,92,142,362,493,491,5,148,81,261,333,284,133,50,199,263,193,5,258,519,697,744,632,417,142,112,275,329,270,139,5,126,182,154,22,68,188,264,271,219,124,38,2,8,62,126,153,118,21,98,215,276,268,195,14,60,13,38,19,3,30,8,18,26,6,123,102,18,104,214,265,211,73,91,211,234,154,11,135,206,189,80,61,181,268,208,110,26,135,191,164,61,70,191,273,281,219,100,45,171,251,275,233,128,7,141,237,270,220,110,26,171,51,294,253,151,28,70,118,77,35,197,351,450,404,244,11,292,526,637,579,391,113,178,376,434,316,66,248,498,642,597,378,61,255,466,519,383,563,182,437,552,483,238,117,468,708,767,624,334,18,290,438,385,166,147,455,662,705,567,267,83,399,598,606,443,12,127,355,446,373,166,114,407,612,716,51
14,94,6,15,46,36,179,305,395,457,493,537,584,628,673,739,789,851,904,954,998,1034,1062,1082,1117,1121,1133,1129,1120,1110,1068,1044,137,945,887,832,779,700,644,549,457,357,245,133,1,111,238,363,494,639,776,950,1118,1304,1479,1637,1784,1890,1963,34,26,36,62,46,13,14,14,149,75,50,24,100,8,25,44,143,18,9,40,6,3,81,43,42,2,2,45,20,7,57,121,124,33,109,2,78,72,93,38,41,6,54,11,74,31,19,35,14,45,67,33,4,65,67,26,46,43,51,33,3,39,36,3,32,2,23,3,31,9,53,9,3,48,13,24,10,37,8,6,40,7,14,12,75,2,78,54,40,41,19,57,11,28,0,41,4,16,11,99,67,68,13,40,27,3,21,58,39,91,19,29,35,12,97,74,148,28,86,13,16,6,12,95,18,21,5,22,113,46,76,21,17,66,115,65,4,3,104,56,16,23,13,71,79,89,41,70,56,9,33,4,30,12,25,104,103,112,92,120,55,30,169,29,30,30,43,262,89,102,108,59,86,92,101,38,15,43,8,62,53,30,56,26,45,0,59,10,19,19,1,112,85,152,51,47,41
1,18,53,147,37,110,16,25,32,10,80,172,290,414,518,583,598,569,479,350,174,17,151,279,347,370,327,226,90,67,221,338,59,444,394,291,135,58,244,419,538,618,600,513,363,177,25,210,342,404,392,285,109,113,328,529,665,709,676,26,155,54,11,14,134,50,11,137,2,82,617,788,873,905,837,696,502,275,85,59,126,107,7,197,404,608,776,857,861,782,643,454,265,100,13,53,126,84,229,391,526,609,595,493,302,87,134,319,397,400,314,189,68,6,0,67,189,312,387,390,314,162,12,19,63,22,37,43,7,39,14,7,1,5,272,477,641,728,708,589,403,193,9,118,167,176,156,152,197,313,487,683,884,1033,1121,1133,1091,1011,926,862,125,851,901,984,1059,1116,1144,1135,1076,997,911,835,783,776,818,862,924,989,1014,1013,984,926,863,785,714,649,607,16,57,9,78,19,15,99,2,15,67,19,847,782,741,766,852,978,1113,1232,1296,1303,1230,1112,956,793,633,547,508,554,669,822,1016,1190,1334,1420,1412,1346,184,1052,871,707,576,522,535,607,746,917,1074,1236,1333,1380,1338,1230,1079,890,683,530,417,371,371,439,531,643,731,57,139,2,18,37
55,187,442,141,277,532,600,420,314,12,208,419,624,475,333,5,283,522,649,599,385,21,379,633,567,555,349,134,510,511,774,545,188,187,542,952,927,276,114,293,624,511,601,248,123,385,572,525,509,85,228,421,567,383,138,108,274,221,407,222,43,90,342,411,297,263,120,171,292,289,199,38,133,232,155,291,148,12,116,184,193,167,27,16,155,165,113,17,8,69,82,63,37,1,62,76,155,37,42,73,9,67,72,71,37,89,33,57,16,14,11,10,55,20,24,40,16,0,76,20,31,2,9,16,12,16,8,29,26,4,44,54,6,6,59,260,337,144,139,329,364,161,84,338,571,395,17,475,600,530,221,306,513,616,322,20,239,477,841,243,78,248,615,599,416,97,303,500,644,491,177,200,523,763,554,230,103,506,629,600,310,207,456,625,670,606,156,341,751,413,469,206,281,627,744,664,685,11,253,444,619,518,267,133,608,529,897,420,174,380,773,628,668,463,163,422,805,597,326,100,370,853,1103,754,217,124,643,1026,860,555,115,476,714,879,1136,563,55,559,878,1105,702,372,23,540,798,827,556,169,252,591,699,807,343,48,259,86
37,183,70,119,358,323,216,146,689,662,120,965,852,179,961,725,128,694,552,5,345,278,196,209,27,557,748,41,1114,950,360,1329,416,625,907,164,408,208,10,204,276,140,625,463,260,710,502,196,662,443,235,502,173,151,98,48,56,206,126,507,209,508,29,82,185,57,809,265,347,122,143,325,129,136,167,87,12,99,143,26,100,92,18,29,76,64,266,73,307,277,179,318,50,296,40,329,400,266,283,117,260,23,187,3,158,4,257,80,227,187,129,188,49,133,23,118,4,59,0,15,55,61,51,33,73,178,286,54,61,89,91,50,193,88,295,116,217,61,280,106,277,153,204,99,301,110,497,411,421,715,1,636,276,303,186,198,36,364,179,477,95,260,591,80,510,303,266,326,78,228,43,183,75,351,40,506,413,335,742,149,607,493,248,443,69,378,102,98,595,535,286,223,525,351,130,334,82,178,342,451,332,527,597,351,958,238,870,772,301,767,68,441,41,425,71,634,506,433,974,271,759,876,60,727,71,313,322,163,281,340,618,28,876,706,355,1087,540,503,855,266,380,368,32,30,113,76,302,498,143,449,665,453,71,110,118,194
20,6,13,5,35,51,201,241,205,122,21,192,305,250,12,282,423,282,103,460,504,161,330,572,365,118,493,477,90,358,533,288,49,543,437,53,535,568,110,454,651,305,297,647,460,134,651,638,76,620,865,397,462,1025,797,107,988,1118,377,25,12,6,23,26,12,44,11,35,18,14,12,13,27,21,9,6,1,33,18,30,14,8,10,3,5,52,8,23,17,27,0,14,29,21,4,21,8,30,10,24,35,33,30,10,22,30,9,1,0,27,22,22,12,7,26,8,0,26,11,17,50,37,13,23,3,5,17,11,4,0,6,0,4,0,18,2,0,21,7,4,8,7,12,7,47,33,7,5,11,24,15,9,43,11,14,12,18,29,12,46,46,5,48,0,31,11,0,51,9,35,47,7,6,10,7,10,21,63,2,6,63,34,57,4,44,22,8,11,4,3,12,9,34,0,31,18,6,4,31,33,23,61,12,40,53,24,13,60,39,0,43,47,38,3,2,42,40,0,28,5,62,32,24,6,1,16,26,13,33,41,6,1,32,28,25,6,17,43,25,4,47,63,64,39,28,6,4,14,64,24,18,0,59,15,34,36
12,451,229,1107,270,716,1113,46,557,487,125,429,823,409,782,823,861,619,109,747,191,1039,367,767,89,797,761,475,677,293,909,144,76,111,49,919,763,161,0,255,428,1033,190,1179,1121,725,955,425,553,143,785,19,9,283,164,493,455,431,96,449,222,267,983,1253,581,619,719,140,727,85,583,653,346,1383,406,1274,1035,493,1249,417,648,809,211,749,744,153,746,50,333,111,207,34,139,81,369,74,1009,272,281,496,78,697,180,570,417,501,626,92,730,173,722,401,521,517,226,692,15,578,198,486,326,266,267,49,32,47,133,42,397,147,41,31,131,1,12,132,479,309,181,91,379,441,24,134,171,211,253,755,199,469,14,385,199,187,371,283,56,523,121,426,611,549,631,1107,235,350,104,205,139,74,485,154,69,23,144,312,165,545,299,633,11,60,231,261,81,1059,223,88,1091,651,275,641,458,531,195,515,251,1359,347,379,149,321,155,46,623,82,553,207,859,951,459,263,116,887,153,432,187,381,37,288,282,209,1089,309,133,475,321,1335,457,29,223,649,188,283,501,773,207,75,341,469,143,176,945,293,1095,1397,245,126,437,347,21,171,209,80,357,257
9,3,6,39,90,48,57,26,114,206,293,384,451,507,545,564,565,551,527,481,410,317,207,72,69,232,389,541,691,821,929,1011,31,1096,1109,1087,1027,928,802,632,439,231,13,212,445,670,890,1102,1296,1488,1663,1813,1936,2010,2029,1981,1877,1719,1504,79,22,31,70,58,13,72,65,31,79,31,1,85,1,1,89,107,30,76,82,53,44,88,58,15,6,15,41,50,81,10,121,11,92,17,67,71,8,56,37,21,130,48,50,64,8,27,50,89,50,1,2,30,67,64,35,13,19,2,66,42,1,17,6,35,32,28,10,18,10,24,12,7,9,36,25,28,31,15,32,34,18,25,18,51,46,24,5,40,59,44,0,22,7,28,9,60,3,35,52,42,29,86,12,22,41,17,53,45,15,38,4,26,73,59,85,20,51,25,44,5,78,1,88,38,29,42,5,10,92,14,22,17,5,117,17,27,54,117,7,73,93,20,28,14,1,123,126,39,40,22,147,96,60,45,92,29,38,111,58,41,133,71,45,82,40,109,8,43,162,90,25,125,69,27,115,6,19,201,34,6,116,90,45,48,52,57,158,94,41,117,31,48,5,63,19,10
14,215,42,23,61,259,715,189,565,82,74,272,360,261,807,293,1110,1107,537,1829,650,1421,1614,281,1361,644,581,539,43,60,342,73,495,539,785,1074,68,1113,672,711,950,75,676,109,604,303,482,426,261,405,0,409,160,83,121,160,375,5,479,618,249,186,346,633,0,408,739,133,1017,295,153,392,68,171,63,736,563,221,140,564,102,411,229,223,721,234,116,266,388,675,706,1243,417,109,556,130,286,400,779,286,241,102,122,153,155,636,804,404,919,57,63,57,829,317,57,10,127,7,186,183,74,89,414,37,255,200,57,219,48,16,240,179,25,390,365,207,18,399,52,330,209,53,503,98,456,165,678,14,372,303,609,743,596,111,66,79,763,662,120,75,326,240,265,53,389,510,454,334,99,310,33,29,351,324,5,968,148,254,389,116,684,206,307,312,56,609,681,184,67,282,142,190,50,82,545,528,533,226,341,18,138,532,847,430,905,726,36,298,1080,157,476,205,129,182,541,213,32,428,54,181,357,1132,318,923,1143,264,183,111,32,974,679,137,349,1,941,509,156,140,675,490,122,1316,172,23,55,914,431,774,676,153,528,417,222,320,77,96
39,15,74,198,71,5,197,273,332,346,329,288,230,145,54,27,103,150,179,178,142,71,23,134,244,339,430,491,542,556,549,519,23,407,308,199,59,78,222,364,497,602,690,742,760,757,712,638,550,437,315,192,66,48,137,203,256,276,277,81,40,58,56,18,14,126,64,25,144,77,166,149,128,108,83,71,40,9,17,40,85,127,180,221,255,284,307,318,319,299,283,256,230,178,139,95,25,19,2,10,8,32,76,116,172,225,274,304,326,318,286,232,151,50,59,167,251,312,338,331,277,204,116,40,35,64,11,73,15,8,68,43,33,7,98,9,130,251,359,426,465,444,398,293,167,22,135,292,439,565,678,764,825,874,898,913,918,910,892,868,58,747,661,561,440,308,149,18,184,350,512,673,798,896,965,980,952,887,774,621,446,246,23,196,403,589,751,15,19,85,46,63,49,11,8,36,84,16,348,567,747,889,974,1000,979,890,752,593,391,177,35,249,422,562,663,713,704,654,554,411,248,86,92,250,42,510,589,625,613,543,415,258,75,125,337,535,692,814,905,942,954,894,788,657,466,250,15,213,451,642,806,50,1,21,63,53
10,18,22,37,38,43,278,553,548,267,188,603,777,641,228,288,717,903,804,476,71,231,280,67,251,524,505,157,340,798,1028,926,2,14,478,671,517,49,522,979,1076,705,13,742,1274,1441,1233,798,312,83,320,368,314,244,275,405,611,790,864,102,17,11,59,58,31,38,13,14,70,15,3,42,41,76,11,68,19,27,6,12,21,35,23,42,10,5,40,16,86,8,20,31,55,44,20,76,0,20,79,26,2,59,28,12,21,43,12,4,23,35,0,4,24,14,5,24,31,35,17,50,14,37,5,19,0,12,18,2,17,18,14,6,16,17,9,20,8,2,8,4,26,7,23,0,45,23,10,9,31,29,4,15,6,0,36,32,38,10,24,6,9,25,73,75,13,4,18,30,22,10,71,21,50,24,67,38,38,19,0,51,4,53,50,1,3,5,18,49,18,20,55,7,12,42,26,28,87,46,45,44,23,31,102,16,16,16,54,17,18,32,44,7,66,37,92,57,67,127,77,114,47,21,54,24,56,24,76,47,87,46,8,4,22,12,148,43,52,41,39,83,48,82,18,49,101,95,38,44,82,19,13,54,79,30,22,47
1,21,58,66,113,3,453,77,396,608,349,271,848,952,473,312,921,1032,624,8,433,466,176,157,223,67,517,789,620,30,661,1021,70,167,524,799,485,212,828,925,399,485,1218,1410,940,66,757,1189,1090,655,170,136,219,192,226,386,588,656,454,88,34,83,114,47,114,105,120,101,53,15,403,187,861,1271,1196,600,315,1155,1533,1260,500,302,729,630,223,75,16,367,731,740,298,384,951,1111,817,246,45,515,441,232,139,313,621,759,445,307,1133,1518,1159,225,754,1224,998,372,176,323,188,84,230,507,600,298,263,1,9,24,64,19,23,47,9,5,24,8,187,191,19,219,352,238,49,340,452,342,102,113,239,287,290,251,135,81,325,461,391,92,260,470,411,117,34,413,306,18,354,479,305,69,419,550,399,98,183,274,199,65,13,103,234,246,74,234,463,456,202,179,475,140,183,76,30,84,22,77,70,62,42,115,247,458,448,238,4,135,137,60,23,111,265,391,339,99,232,446,418,166,131,254,108,216,456,391,39,457,21,740,383,81,439,601,551,376,181,22,75,110,123,172,286,393,411,276,2,288,421,337,101,119,177,43,176,161,0,94,16,82
5,24,10,10,21,13,102,86,64,43,29,26,37,79,127,207,291,342,434,494,539,561,543,500,433,322,198,51,83,222,343,448,2,544,550,506,416,298,145,23,196,373,515,623,686,699,671,576,453,281,77,158,400,641,860,1038,1160,1203,1176,10,17,9,4,1,9,34,2,15,2,11,18,44,60,3,38,14,17,1,12,26,3,48,11,52,4,4,43,3,14,2,34,17,30,50,2,6,20,48,58,14,32,48,41,37,15,15,13,18,10,28,20,38,12,3,53,14,32,38,18,15,2,12,9,4,21,6,5,1,0,4,22,8,4,0,24,12,10,24,29,1,11,0,14,3,41,8,6,1,18,1,41,17,31,0,8,49,4,12,29,19,1,8,26,22,15,2,9,58,30,1,40,25,3,1,9,2,29,20,6,11,22,24,31,31,4,22,54,17,18,1,12,69,29,6,4,42,9,45,16,13,62,21,94,36,7,33,10,28,25,5,8,31,12,37,44,30,12,61,20,3,68,27,82,44,12,24,6,38,27,28,25,22,38,35,15,12,14,45,23,11,30,63,18,25,1,9,22,19,5,8,18,32,34,27,6,49
22,61,581,421,356,594,356,698,685,289,334,833,848,316,429,853,730,225,300,484,365,200,188,173,21,449,784,603,109,882,1048,451,52,754,416,82,169,120,252,95,537,549,5,663,779,235,497,730,429,154,413,238,50,118,130,324,109,355,616,428,96,494,785,87,525,36,356,43,30,57,624,150,278,305,10,218,155,76,152,34,85,80,14,9,80,86,69,319,337,81,236,335,53,247,185,145,45,265,126,294,134,110,53,245,327,15,431,454,4,415,339,47,294,151,113,162,3,87,1,92,20,199,189,140,84,46,86,119,29,43,88,229,98,129,386,264,88,200,5,192,52,187,161,147,298,5,394,389,86,513,371,110,340,69,262,156,303,533,116,507,68,84,515,497,95,546,329,272,590,235,340,464,65,334,283,193,497,234,311,547,246,267,472,194,222,381,213,271,95,444,9,236,540,296,136,324,286,503,270,475,231,298,674,417,205,641,402,194,506,179,319,383,107,528,318,323,806,467,423,971,651,263,947,750,454,650,490,77,323,14,569,632,18,823,1067,568,286,850,794,362,100,329,306,215,216,321,257,141,618,818,516,185,102,295,157,26
31,8,21,77,81,16,203,112,412,611,622,429,60,385,781,1020,1035,823,456,66,232,367,284,56,240,493,588,492,203,203,612,905,57,852,513,60,377,695,800,651,259,259,798,1204,1385,1330,1075,713,342,33,166,245,213,127,36,3,56,237,501,52,9,125,23,72,113,61,69,4,35,68,336,688,1023,1266,1342,1203,855,357,189,665,960,1037,886,592,260,7,80,31,291,623,917,1095,1106,940,638,260,41,305,340,195,50,273,348,200,158,653,1128,1435,1483,1247,794,269,192,471,516,392,205,96,138,322,561,723,707,18,16,11,105,27,1,24,9,0,8,9,164,255,235,104,86,276,389,409,333,209,79,29,103,158,212,270,332,379,403,376,286,142,46,239,376,426,83,163,84,316,440,430,283,65,174,350,432,432,358,263,170,98,91,146,239,326,363,309,131,111,360,523,547,87,145,36,22,10,32,19,46,63,31,114,258,377,465,481,416,286,155,67,64,133,240,331,347,281,133,44,199,281,247,93,129,356,508,517,403,168,1,362,549,636,636,557,447,337,218,131,65,48,87,153,218,247,195,78,91,252,365,386,307,148,46,206,294,46,87,90,17,35
20,1,12,12,11,18,115,62,13,21,45,69,93,110,114,119,116,103,79,39,5,62,130,199,267,327,386,438,479,509,530,539,61,528,502,452,387,309,223,121,3,117,223,328,437,538,626,699,762,823,861,879,877,849,797,718,617,496,359,22,10,54,21,19,36,42,40,31,6,67,21,13,34,20,34,24,28,19,3,11,5,51,3,30,18,2,38,10,8,3,36,12,34,13,15,36,22,7,27,8,43,15,4,27,13,21,11,26,34,14,2,33,24,13,9,24,17,4,25,19,2,1,13,3,4,10,7,8,0,13,7,6,1,4,16,15,17,7,17,13,25,2,6,10,8,1,34,0,12,25,15,8,11,19,10,8,35,8,4,16,4,18,10,53,8,16,9,57,14,34,36,0,39,62,46,29,11,11,12,6,14,28,22,3,8,40,14,24,1,14,26,7,53,21,28,39,26,10,9,24,47,85,6,17,31,10,45,27,56,50,46,37,39,13,26,46,22,40,47,30,0,20,4,9,5,38,0,23,6,7,19,22,61,60,8,37,22,60,75,36,22,21,6,38,27,51,18,28,43,30,17,4,16,8,35,34
8,82,39,98,75,21,168,315,495,611,735,813,881,891,866,833,737,626,501,312,194,2,161,343,457,609,715,792,797,817,773,692,36,464,333,182,27,150,301,451,578,652,716,737,728,678,562,459,312,149,49,239,379,535,662,750,792,806,761,61,87,11,66,78,151,82,42,73,105,175,692,694,645,584,481,374,262,141,49,63,141,184,209,214,151,101,33,57,143,242,311,327,357,344,276,190,39,80,246,385,542,642,728,755,768,706,622,497,362,221,117,34,13,6,63,142,260,349,446,465,421,326,184,64,28,22,40,11,4,23,39,1,28,4,441,545,607,595,548,449,338,234,146,125,160,227,327,474,593,727,856,914,966,986,972,959,932,895,879,855,87,897,909,955,974,982,950,917,867,764,640,476,266,73,115,324,519,683,842,949,1037,1086,1127,1116,1031,992,905,118,147,161,46,25,170,90,74,61,6,116,549,660,768,851,946,1007,1088,1126,1136,1087,1044,936,806,622,406,182,46,331,604,838,1060,1248,1397,1494,1523,1509,2,1281,1077,845,563,286,20,291,560,825,1003,1167,1297,1334,1353,1275,1169,1007,858,641,440,206,18,241,408,585,683,22,43,28,78,43
4,55,5,22,96,50,69,96,29,168,67,45,132,99,50,75,63,39,25,5,127,111,28,141,3,88,7,39,97,151,118,125,237,141,147,109,59,84,4,108,95,113,1,0,141,40,174,28,18,47,2,28,91,35,7,9,14,2,93,215,198,23,56,10,112,129,20,139,1,89,46,103,7,26,65,42,86,18,141,52,100,29,68,57,164,38,18,5,5,169,55,75,17,18,136,61,24,118,29,15,9,97,75,67,54,86,106,26,37,147,28,95,68,21,14,18,34,35,57,73,13,39,65,33,6,35,1,9,54,51,18,8,39,2,8,267,531,566,316,131,529,573,278,208,478,382,27,444,599,265,256,566,502,197,149,328,241,19,132,126,1,116,139,118,7,96,228,375,403,183,306,759,975,829,364,323,972,1333,1214,609,239,898,1069,745,275,12,57,23,16,82,76,71,2,8,69,27,26,116,56,25,140,77,93,2,32,19,30,49,17,102,84,273,5,60,126,73,56,168,21,148,42,127,160,4,28,17,128,5,34,1,78,83,63,7,261,56,101,65,81,131,30,93,82,113,188,34,29,153,112,21,22,31,6,96,69,22
70,2,20,21,1146,1185,1071,802,424,42,523,942,1249,1374,1328,1083,688,172,401,937,1342,1583,1601,1393,973,423,242,889,1430,1758,1850,1672,8,624,93,796,1344,1675,1746,1580,1174,619,17,639,1127,1411,1481,1359,1024,559,24,497,882,1151,1206,1097,813,442,37,357,674,9,29,17,11,14,12,20,17,1,3,11,5,11,8,1,5,7,9,2,5,1,1,3,2,0,2,0,8,0,2,0,2,1,5,2,2,2,0,1,1,3,1,3,2,1,4,2,0,1,1,2,5,1,3,1,1,1,0,1,0,1,2,0,0,0,0,3,0,1,0,2,1,0,4,2,2,0,2,1,2,2,1,0,0,2,3,1,0,2,0,4,2,3,0,2,0,3,1,1,4,3,4,0,4,9,3,0,1,1,4,1,0,5,0,0,0,2,2,3,1,2,0,2,3,1,0,1,1,0,1,2,1,1,0,1,4,1,3,8,3,0,2,0,10,10,9,4,6,1,3,8,7,5,4,1,2,4,2,4,2,2,6,2,0,8,1,6,9,8,3,6,0,2,5,5,7,1,3,6,0,8,6,5,8,11,1,18,9,12,9,2,8,4,2,22
84,660,616,447,190,431,811,132,502,597,178,215,251,199,238,189,224,677,559,202,903,772,81,902,832,31,700,574,12,228,85,170,436,207,540,870,197,733,861,97,590,575,72,316,315,85,11,26,120,293,173,259,486,191,339,465,146,266,353,644,296,89,151,386,398,81,185,181,312,318,139,268,38,222,97,164,122,167,204,81,243,60,197,137,130,186,58,247,134,222,285,4,264,143,103,45,478,3,254,155,309,401,69,475,231,235,271,18,93,91,33,233,226,182,385,32,339,179,223,221,130,197,90,55,40,48,141,192,74,147,127,27,90,21,186,155,155,159,224,286,181,472,59,401,248,162,134,124,11,325,195,336,454,33,446,269,157,237,21,99,400,138,79,301,117,342,372,167,481,76,448,269,337,429,152,510,98,466,351,260,463,86,652,228,696,755,334,70,21,175,104,257,604,142,338,205,13,271,216,455,85,388,323,304,538,61,673,363,505,714,30,660,380,356,485,94,463,65,442,198,531,537,424,968,15,986,1035,143,1112,769,285,783,380,174,244,5,45,309,287,213,588,390,210,559,372,82,451,407,63,446,262,271,280,63,406,252
1,83,96,51,46,15,495,298,23,290,580,779,838,739,488,149,201,510,689,727,622,412,146,105,281,339,259,63,229,542,833,1005,71,879,590,196,227,597,841,905,792,511,124,302,685,986,1142,1177,1090,938,737,559,425,348,343,382,457,531,594,44,2,30,14,8,3,164,76,62,0,5,149,411,719,1037,1312,1484,1508,1381,1104,732,330,40,291,379,324,123,155,442,678,809,812,690,462,177,122,364,2,529,430,222,13,224,321,259,43,317,739,1125,1391,1467,1348,1061,698,340,84,26,5,135,285,374,345,191,56,35,65,9,26,50,33,42,11,46,10,21,36,64,190,301,373,384,328,216,84,52,148,202,222,223,226,244,295,358,421,439,403,307,149,31,213,333,42,339,219,40,153,337,468,532,518,430,303,151,13,82,116,98,18,79,168,215,191,101,56,243,417,551,597,86,8,96,7,5,54,109,59,193,38,85,202,97,6,87,146,162,122,50,44,126,165,155,77,33,183,300,364,362,273,117,74,260,392,439,397,261,31,129,316,450,523,536,509,456,372,302,220,137,95,89,117,194,295,397,481,511,473,359,185,20,215,352,411,24,123,32,10,41
349,501,252,468,558,184,361,653,537,169,281,628,890,646,151,728,736,332,240,574,891,876,188,466,836,507,267,358,839,930,396,296,792,603,241,380,809,930,463,233,606,379,129,253,622,750,368,214,544,314,18,206,675,663,244,356,455,25,32,300,568,448,85,328,316,104,124,271,451,218,97,215,61,143,11,297,326,6,204,228,3,42,157,324,173,163,282,165,28,85,220,191,83,365,372,171,11,3,202,29,288,553,277,120,250,40,114,199,496,512,142,213,90,49,16,308,357,95,120,193,10,168,113,1,410,90,125,16,283,80,317,247,273,248,178,31,347,206,390,426,10,302,25,365,71,534,593,27,477,150,376,258,428,764,183,541,527,92,366,115,675,506,230,675,247,333,305,361,717,261,507,649,20,455,123,480,663,168,536,512,151,616,182,493,659,59,495,471,308,741,300,483,653,193,531,374,362,825,372,419,687,54,428,252,486,887,470,333,554,104,331,177,575,999,534,210,440,152,309,194,673,1260,865,75,511,230,163,142,461,1105,1011,159,373,213,284,358,230,942,976,283,216,198,327,479,26,675,742,530,106,20,309,503,160,193,638,709
63,71,362,355,401,177,20,326,338,225,865,1042,798,336,242,787,1002,753,322,5,147,129,66,154,480,926,980,358,528,1071,1073,657,296,366,535,322,113,110,158,231,237,40,257,625,716,417,76,517,633,369,25,231,151,165,305,156,207,657,809,164,89,15,94,266,281,9,542,297,650,16,97,84,26,157,267,318,118,241,379,329,182,16,110,114,38,116,93,342,371,72,293,410,204,65,279,286,23,148,149,6,73,67,219,191,39,181,349,261,61,213,284,127,73,196,188,7,172,232,109,75,106,39,47,97,112,59,109,23,25,108,165,57,0,109,361,167,158,266,82,185,227,46,161,104,213,441,259,186,481,407,181,58,220,162,18,272,180,233,539,338,184,514,467,49,394,555,286,191,426,312,48,152,195,138,47,370,510,131,444,809,510,149,541,402,100,416,156,102,472,306,90,9,666,576,334,56,435,389,150,142,373,230,371,837,780,316,357,894,985,482,276,616,359,73,355,229,313,788,1002,589,301,957,1057,721,488,67,126,47,31,16,293,711,1098,861,168,579,1019,1038,720,209,266,455,247,12,17,176,494,623,341,407,1180,90,303,29,934,5
183,21,382,385,514,266,557,775,705,412,117,47,5,34,87,352,655,814,732,152,700,1145,1184,809,48,689,729,606,163,37,228,290,85,150,717,1035,712,119,601,1124,806,230,203,447,270,64,15,210,388,421,114,304,536,592,330,132,392,519,580,207,257,408,148,171,288,313,628,578,130,441,30,201,161,15,25,24,10,56,62,9,82,140,3,177,140,51,163,135,44,6,16,21,15,120,274,227,120,344,532,202,250,425,364,43,269,213,97,100,69,61,76,100,284,329,305,51,290,376,213,27,102,162,166,111,181,39,8,49,54,80,193,203,73,0,172,127,136,144,172,440,341,14,333,356,138,83,103,38,96,52,199,414,298,80,571,620,223,231,332,153,362,54,186,371,329,56,300,590,558,130,331,477,280,121,444,251,193,541,536,172,408,744,495,107,678,668,31,232,427,632,241,82,496,182,198,138,361,282,842,397,153,414,292,250,562,311,173,572,695,413,56,480,803,655,19,553,612,266,193,393,68,471,470,187,60,858,825,496,86,731,875,487,104,122,96,74,141,27,212,569,881,631,30,628,1088,978,418,196,697,824,412,22,408,406,73,228
64,6,204,40,111,263,57,83,276,330,42,28,132,11,23,9,73,228,190,0,0,118,168,87,69,198,30,161,198,23,69,37,117,19,107,43,155,276,72,152,76,283,88,111,158,29,34,199,239,122,89,240,225,9,154,35,20,205,224,172,68,121,41,113,291,157,308,27,242,314,141,39,163,123,32,23,46,50,66,59,69,48,4,41,21,104,82,1,279,54,50,12,274,225,221,123,353,129,114,29,73,86,99,159,146,168,108,21,87,16,133,87,104,160,175,87,9,97,157,51,88,138,26,50,112,84,40,14,113,69,45,16,113,65,253,492,43,431,234,120,75,53,218,192,276,658,118,720,831,16,1013,869,278,999,625,380,813,147,439,200,64,121,429,565,231,1026,614,684,1317,542,789,1085,266,526,501,182,74,54,352,773,374,789,1321,370,1043,1264,177,134,315,194,48,62,57,90,131,74,25,80,134,331,237,57,176,60,133,70,408,54,256,2,201,16,104,143,63,54,0,6,167,51,256,73,133,30,309,109,121,19,213,158,301,82,98,83,94,33,204,25,229,88,176,72,93,128,45,229,221,100,166,97,159,125,17,76,93,162
23,19,17,52,60,102,162,176,66,17,40,77,55,20,207,46,50,4,31,20,13,21,104,99,0,85,75,56,152,32,9,114,47,83,59,17,77,18,30,80,36,40,25,6,138,75,41,59,0,133,22,123,95,34,117,42,66,26,31,81,20,30,4,32,11,42,105,71,48,24,789,653,439,136,200,505,771,961,1041,1042,930,750,462,137,183,444,631,713,700,570,374,97,184,470,733,899,0,832,647,410,165,57,193,270,267,207,94,71,224,352,411,381,290,110,70,244,368,410,372,248,83,85,200,12,51,14,10,10,1,18,5,6,10,21,37,28,2,67,36,52,80,28,31,94,16,15,30,24,97,11,88,1,59,11,1,68,49,44,66,41,41,69,16,12,42,1,11,8,60,4,50,41,4,22,52,1,126,64,23,12,121,52,79,22,51,40,40,34,14,126,24,14,99,93,30,38,113,130,108,14,10,71,80,73,75,66,36,75,54,91,92,62,27,51,58,69,35,77,15,44,61,112,115,4,96,84,2,38,54,17,143,89,80,72,38,23,102,86,38,18,59,130,10,15,4,7,33,89,66,24,49,35,49,68,13,53
30,29,52,132,191,52,270,62,172,410,610,763,860,867,804,679,502,319,130,38,151,205,192,115,25,214,442,666,863,1018,1093,1088,32,792,532,228,96,418,698,931,1099,1190,1214,1165,1055,899,725,545,393,274,204,182,227,312,422,551,673,774,846,53,30,106,129,185,210,32,77,104,41,103,733,870,961,996,991,939,830,686,512,328,152,10,118,172,151,62,96,303,527,757,946,1096,1179,1192,1125,1003,15,627,423,226,77,5,23,37,170,367,608,843,1051,1203,1261,1231,1097,892,642,408,223,121,117,203,355,531,692,5,31,43,55,39,30,10,2,16,2,23,270,264,216,135,21,102,210,296,343,366,358,332,302,277,276,295,340,387,447,499,533,532,494,409,282,132,50,180,305,388,427,433,401,343,282,202,131,51,2,41,64,55,11,61,151,257,350,404,423,385,298,175,43,123,102,51,15,121,90,106,75,53,2,50,297,233,149,70,8,33,48,25,26,107,201,300,398,466,506,498,444,342,190,31,139,281,395,473,493,492,323,411,370,333,292,282,253,218,170,135,110,100,118,175,261,361,462,524,563,545,465,351,186,14,165,334,467,102,79,44,40,12
46,163,91,8,201,206,42,159,198,32,43,13,76,86,208,89,140,97,228,106,63,94,12,271,29,20,2,91,291,66,250,141,262,51,74,165,603,13,154,83,238,187,291,139,48,158,8,266,124,117,126,36,99,203,90,11,1,37,237,120,140,110,34,208,184,89,75,153,591,87,78,296,170,147,3,264,471,135,80,161,215,2,115,86,137,46,305,186,14,13,9,53,85,221,205,98,244,278,51,140,106,243,124,6,74,40,58,57,3,362,83,168,232,169,87,50,61,64,26,68,34,12,48,93,6,34,51,126,19,60,10,48,73,11,195,200,533,599,215,430,847,709,88,905,1039,335,616,1083,752,92,692,698,306,92,279,188,113,147,95,28,27,175,210,218,113,35,244,472,547,277,242,809,971,576,287,1111,1346,816,355,1373,1648,983,357,1485,1697,990,133,133,3,94,157,107,72,135,156,137,323,164,469,31,4,103,315,3,23,189,132,307,86,67,237,231,140,114,320,317,492,32,144,44,220,46,66,6,294,130,181,139,3,296,59,453,126,25,92,145,330,65,336,250,27,405,287,156,84,165,557,77,301,189,96,84,37,19,160,146
164,60,588,122,724,153,184,158,596,82,340,373,178,153,748,468,654,832,595,120,229,158,310,779,83,15,1298,482,564,739,628,165,212,109,135,338,640,751,546,119,206,126,727,2,585,552,61,537,271,22,70,29,416,367,475,475,11,176,5,281,166,255,57,583,847,7,779,106,140,50,382,603,436,1358,712,675,1493,459,820,1109,370,476,715,379,365,738,113,373,343,172,266,119,206,132,488,33,674,335,205,532,325,387,706,247,588,549,186,617,240,558,511,202,699,257,549,621,179,701,262,444,438,167,325,40,16,187,43,188,29,71,268,146,98,105,240,415,82,297,116,193,44,153,475,96,649,345,569,259,188,377,151,532,2,500,25,47,418,277,886,222,230,435,507,271,232,45,455,1090,25,352,215,393,96,423,790,66,179,672,253,483,404,439,73,521,136,185,545,1049,126,166,99,245,928,282,488,82,676,894,487,1274,505,556,28,768,157,318,432,1325,286,179,90,4,1412,352,122,268,146,1550,9,490,616,101,1183,1154,35,377,89,345,625,23,958,73,987,84,486,102,1019,193,11,184,75,175,8,576,60,688,75,137,348,338,848,524,917,578,111,491
16,31,32,29,34,36,37,17,3,3,7,18,61,128,227,337,438,502,516,463,350,192,3,189,357,487,561,559,497,367,186,28,7,422,537,570,512,370,164,69,302,501,626,676,618,471,238,38,336,599,800,906,896,754,498,144,261,649,966,21,19,24,22,25,27,10,18,30,2,62,36,28,54,1,62,15,11,24,50,5,36,19,49,39,12,3,12,18,62,1,15,2,22,65,13,20,25,13,33,7,13,28,7,38,9,3,35,34,43,13,7,44,26,4,0,9,9,9,9,10,10,4,13,12,20,15,20,3,0,6,0,8,0,5,13,7,22,1,9,8,29,6,25,26,15,1,12,11,5,9,44,7,10,5,26,7,25,16,14,19,1,18,21,15,48,29,22,5,37,11,12,16,46,15,1,3,17,33,4,7,3,6,12,46,16,3,0,15,34,7,7,24,1,11,36,15,25,9,4,16,4,19,54,1,45,17,3,25,0,0,5,27,7,3,27,43,7,38,24,61,25,7,8,41,22,33,29,39,8,5,16,16,36,16,8,28,16,31,28,21,57,1,50,10,11,22,32,19,27,29,9,45,53,23,17,13
287,295,317,571,405,562,84,622,109,272,98,86,530,337,749,668,709,1464,515,1858,140,1928,725,1335,1084,657,851,225,358,149,291,522,853,917,118,1261,205,1113,704,912,663,641,546,451,353,366,364,361,227,364,247,238,225,48,73,234,323,148,611,499,701,655,462,195,683,1357,387,573,135,425,293,515,322,356,301,137,482,601,373,405,947,377,1025,27,427,593,24,336,787,207,40,691,237,218,201,18,697,169,1043,345,197,79,969,427,132,495,205,28,204,823,911,655,34,147,159,243,297,241,154,239,136,44,321,221,371,175,35,331,83,65,65,231,75,281,61,49,225,18,281,61,92,239,653,111,523,703,327,465,441,287,73,423,541,356,187,91,473,345,357,459,425,213,317,911,28,495,151,18,729,174,370,275,376,603,513,237,180,293,201,17,439,171,1133,79,389,609,28,157,137,191,99,655,42,283,128,592,305,422,229,1051,268,195,16,262,477,249,747,496,725,961,1163,143,631,941,959,295,124,834,381,699,222,719,62,4,339,419,43,0,143,341,541,229,345,188,428,481,907,563,73,357,250,375,482,385,29,225,479,1251,371,763,378,947,51,507,44,191
33,63,89,128,237,212,628,621,131,522,796,183,748,914,76,802,751,70,572,316,46,36,176,235,745,475,596,1317,641,799,1419,573,456,958,274,242,121,12,336,410,252,761,278,764,905,32,776,534,122,278,56,6,105,96,138,291,159,128,386,220,615,33,881,5,323,202,301,538,862,342,69,66,184,193,1,222,189,110,282,99,157,152,36,71,104,134,72,227,61,155,60,175,210,72,312,207,437,172,102,39,1,94,156,59,218,285,38,356,244,152,255,19,118,10,62,70,131,29,121,20,109,139,449,43,28,82,209,11,8,295,51,295,106,233,91,19,94,60,63,43,99,21,310,257,291,624,193,456,413,131,342,41,259,6,230,38,266,2,423,215,36,501,170,654,244,409,366,164,274,171,325,95,460,27,529,333,425,674,37,556,360,220,327,89,289,23,334,119,272,531,158,299,273,436,230,21,157,170,442,177,678,289,559,754,92,831,432,547,681,104,614,262,287,116,370,172,613,877,3,1054,915,237,952,494,64,498,3,234,11,172,79,307,47,453,516,141,807,660,126,759,542,98,330,109,30,226,290,286,941,725,468,630,28,299,211,47
151,0,9,6,1116,458,545,1198,1040,151,885,1334,853,242,1220,1364,560,681,1468,1268,163,1133,1632,1008,342,1515,1630,604,912,1798,1445,50,22,1870,1003,559,1676,1583,399,1042,1685,1143,187,1344,1494,603,686,1426,1144,75,982,1301,691,373,1118,1035,242,672,1053,674,146,16,9,1,11,4,10,5,4,4,5,2,12,2,2,0,2,0,1,4,0,1,3,2,0,5,4,2,0,6,1,4,2,5,3,1,3,0,7,3,1,3,5,0,2,0,5,2,1,0,4,1,0,1,2,2,2,2,1,0,1,0,1,1,1,0,1,0,0,0,0,1,1,1,1,1,2,0,0,2,2,0,1,3,4,1,4,0,0,0,5,0,1,0,1,1,4,0,3,4,2,1,3,4,1,5,1,1,0,2,6,2,2,1,2,4,3,1,0,1,1,0,2,2,1,0,0,2,5,0,1,0,1,4,0,0,3,2,2,1,9,0,8,7,0,2,5,5,3,7,8,1,3,4,1,9,5,17,7,5,3,4,4,3,0,5,5,17,8,3,12,9,9,0,11,9,0,2,3,5,6,2,12,0,2,11,7,9,0,3,0,4,0,4,7,6
15,251,90,16,325,554,811,268,373,892,1025,635,54,492,859,905,519,30,408,445,377,281,278,381,412,132,505,1062,1128,643,129,827,273,685,19,305,82,235,103,338,660,630,376,61,585,851,631,54,440,527,259,78,164,36,121,128,86,315,382,583,257,130,99,508,5,232,8,232,237,556,103,233,55,317,411,240,107,24,111,260,235,109,68,70,74,239,298,122,48,234,290,180,146,436,371,18,47,429,10,275,217,105,302,173,161,376,292,5,179,232,156,26,127,79,98,118,43,188,101,125,263,101,184,60,132,29,39,18,1,314,29,129,19,80,25,322,378,83,246,286,14,221,154,115,216,31,298,302,1,367,510,274,157,472,414,7,356,296,130,482,181,119,528,473,162,159,288,264,35,156,157,177,389,209,166,465,464,165,217,566,543,27,507,546,94,317,306,237,136,19,215,81,362,155,803,375,882,281,756,437,116,598,829,533,123,810,977,547,140,631,559,135,240,155,170,513,602,234,495,1111,1059,386,395,728,463,351,61,117,71,220,368,40,543,922,870,328,410,974,953,440,179,452,363,144,41,92,154,484,444,95,631,1,815,77,309,44
14,14,63,22,44,15,510,78,351,712,870,790,485,38,439,872,1151,1246,1142,857,523,169,86,147,14,353,748,1083,1256,1182,896,449,43,537,852,922,766,370,246,895,1475,1823,1868,1595,1096,505,26,459,745,823,818,695,537,419,358,416,557,762,960,35,88,0,9,11,11,61,71,132,11,44,57,92,37,14,7,112,39,60,82,73,14,37,129,16,15,9,63,25,35,32,85,4,15,7,30,43,26,42,18,11,82,7,21,8,23,47,37,39,29,44,1,1,29,4,9,11,37,28,37,26,7,4,33,50,15,9,14,12,0,8,7,18,14,1,37,35,36,28,14,9,8,5,36,21,63,8,73,4,23,50,70,44,11,12,18,33,26,29,44,42,44,52,63,40,6,64,32,43,5,29,23,12,28,80,47,71,75,40,40,23,134,57,8,23,42,130,21,88,35,14,44,84,105,15,47,92,39,53,53,14,14,130,11,8,57,49,29,23,33,15,116,33,67,42,108,22,7,5,42,16,102,143,50,26,5,9,66,2,35,4,25,7,78,39,74,92,59,73,163,26,82,50,52,16,23,39,14,89,9,1,7,36,59,26,19,9
17,3,11,40,23,17,43,125,201,216,183,60,130,299,347,146,204,460,435,90,343,564,362,106,512,527,146,345,573,325,171,537,48,5,459,555,184,342,607,390,171,609,560,51,534,698,281,387,784,552,168,820,858,190,705,1126,686,326,1132,19,30,38,59,64,57,13,23,8,45,21,7,0,40,15,12,48,25,27,25,11,36,51,8,14,28,18,31,9,29,43,3,15,21,24,17,2,32,1,55,46,25,26,25,38,8,12,10,23,16,15,20,37,13,24,21,18,7,23,0,4,2,5,6,0,21,7,13,2,15,0,9,3,0,6,12,25,3,11,3,0,12,9,13,19,14,16,20,10,3,0,41,9,10,31,18,3,14,36,25,49,3,3,21,0,17,18,5,8,14,22,12,2,2,15,7,15,17,19,0,5,34,26,53,29,13,18,8,22,22,10,0,26,13,1,28,27,9,29,0,4,63,1,28,1,26,1,30,46,60,1,52,25,48,34,35,8,56,31,11,22,53,12,50,2,11,23,75,37,12,60,35,5,25,62,19,24,22,19,27,27,50,12,42,6,27,22,37,11,12,21,58,36,5,5,25,31
23,8,139,86,593,984,887,59,397,370,68,103,620,994,970,337,533,505,141,12,407,987,962,320,567,647,308,151,437,1077,991,128,701,780,299,7,444,999,742,108,791,667,161,188,264,793,345,269,842,517,120,19,404,680,156,565,543,235,167,14,367,388,17,539,462,125,45,146,341,167,234,296,140,13,71,171,95,165,201,138,66,52,139,163,138,347,255,116,159,53,161,23,322,260,13,341,230,40,101,178,328,69,372,406,123,195,90,171,5,310,303,51,169,56,127,4,149,142,166,201,14,85,85,94,543,53,183,14,44,15,243,129,200,46,125,160,226,253,446,103,263,135,140,30,426,421,103,490,172,181,142,437,503,152,563,387,222,350,225,638,99,621,714,77,412,49,539,481,288,780,403,324,341,298,693,291,592,670,54,621,270,524,713,11,827,599,318,696,62,658,684,245,884,406,434,645,144,915,663,349,896,225,588,392,295,923,424,385,792,68,427,263,563,996,377,466,744,84,380,21,753,1105,299,513,671,192,201,201,828,1021,330,466,736,305,34,345,776,1013,346,355,709,403,12,225,794,945,582,239,664,375,28,75,604,878,512,927
45,5,51,66,26,89,643,543,411,257,93,73,244,396,530,628,699,707,691,638,540,418,278,106,61,243,420,570,711,821,909,944,116,905,827,700,534,358,157,52,256,440,598,714,795,821,799,728,619,484,314,135,43,219,367,493,590,652,685,89,88,48,18,17,290,18,24,6,152,69,187,276,370,446,514,574,620,657,667,659,622,557,466,350,225,79,71,228,377,511,611,691,737,749,719,665,29,435,283,97,109,333,561,798,1015,1204,1357,1452,1498,1469,1382,1237,1047,833,611,396,214,78,13,53,51,11,55,39,35,20,41,21,3,56,5,27,16,13,152,114,69,23,31,82,134,170,194,209,198,180,141,90,47,2,37,67,82,72,54,21,22,68,121,172,58,259,294,326,348,360,363,360,340,308,280,237,206,169,133,101,89,82,96,111,142,187,237,296,355,417,471,36,18,129,14,45,156,84,53,107,170,75,430,400,358,306,255,195,133,77,16,30,58,81,91,79,48,2,41,93,146,184,211,236,243,242,252,245,56,252,268,290,317,327,329,329,309,266,216,146,70,3,73,113,148,154,132,100,41,21,88,153,217,277,328,54,31,131,28,64
84,12,427,110,356,111,554,476,76,419,308,55,177,190,514,451,71,733,1067,900,283,490,1058,1164,787,98,514,743,512,205,209,485,604,147,709,1467,1457,608,422,1172,1078,369,214,321,85,106,75,512,611,267,251,563,515,260,111,483,512,158,403,87,198,59,234,270,429,663,356,665,375,119,118,329,184,101,258,14,310,391,192,163,320,277,89,88,142,18,98,96,122,337,295,28,299,273,41,253,47,85,473,510,145,356,572,401,110,412,287,55,235,36,227,184,134,385,273,153,387,311,33,254,229,75,44,171,66,68,67,143,110,195,1,61,36,219,203,81,290,488,214,340,548,175,366,503,157,277,256,120,336,65,423,704,279,471,907,593,120,700,489,101,49,304,266,671,423,211,755,573,98,667,699,191,469,628,257,241,425,229,276,512,261,247,700,639,154,394,674,369,255,362,463,137,9,235,192,397,167,195,478,563,299,136,577,582,171,440,658,277,499,942,550,201,740,774,217,272,533,354,65,131,40,247,409,141,125,972,1044,487,387,1090,1209,659,112,644,628,241,55,152,487,547,117,509,921,973,543,137,604,675,285,49,25,174,176,527,185,28
60,77,369,88,51,238,512,486,177,208,565,815,632,30,668,787,559,224,79,351,208,22,188,719,867,303,587,1198,1241,660,311,1080,63,543,135,418,264,50,23,230,460,372,26,454,773,705,183,556,821,393,156,213,63,181,126,400,539,406,125,210,466,136,91,16,215,613,518,452,675,295,197,355,190,53,174,144,68,69,205,184,25,157,277,179,0,95,55,32,121,202,162,9,165,342,391,128,829,384,123,108,33,133,142,14,220,332,251,39,341,341,101,66,67,47,89,121,63,27,81,97,17,141,152,119,44,126,102,182,46,186,120,29,134,106,93,139,318,145,151,129,175,233,103,393,297,34,345,403,80,304,388,41,348,338,20,357,260,174,440,217,193,548,307,191,444,326,67,336,185,200,371,183,231,524,453,3,547,686,158,462,588,214,335,663,472,245,970,198,130,50,18,297,1,438,151,165,29,175,130,619,479,149,650,722,216,514,937,603,87,462,363,97,190,185,208,746,805,134,800,1293,1113,265,725,1131,256,17,378,65,351,467,24,730,1272,900,146,1034,1185,703,5,607,763,366,219,380,60,272,243,66,454,595,126,95,151,85,282,290
71,219,335,224,616,675,511,476,686,167,9,57,234,551,414,241,873,712,99,930,982,40,1065,1114,16,1031,799,26,409,202,240,475,253,704,1193,339,1116,1368,218,1047,1027,59,560,452,109,44,71,224,531,306,426,845,249,618,732,66,694,357,372,355,585,270,136,16,736,94,307,25,311,286,201,23,178,63,249,90,166,134,159,170,116,186,3,153,237,10,260,222,67,219,81,57,44,20,91,111,160,331,19,366,221,293,375,97,354,104,162,47,114,58,253,75,382,374,203,537,107,373,256,223,210,121,172,4,213,314,95,8,222,253,102,47,29,15,49,63,293,5,553,379,424,657,91,579,143,293,87,230,19,400,103,500,419,310,641,41,601,289,334,298,13,281,273,451,162,604,224,540,546,174,617,193,490,420,378,584,201,677,115,651,455,472,823,92,886,651,562,237,63,96,167,323,139,306,158,463,903,227,627,649,176,719,142,490,359,415,591,157,820,448,654,977,121,970,785,272,862,222,344,253,232,44,550,590,739,1146,611,701,1273,382,771,841,4,513,61,318,133,726,362,686,1082,261,838,1020,145,797,766,34,526,515,163,46,368,127,216,238
16,182,33,102,115,153,111,159,648,1082,1100,571,305,1160,1467,1033,227,541,817,585,193,25,141,441,517,194,531,1101,1157,597,224,901,140,526,18,272,142,160,246,14,395,669,554,47,408,605,441,17,370,445,238,73,267,221,108,76,323,534,463,33,53,358,108,81,705,315,489,475,272,221,359,116,66,222,363,255,102,356,381,82,199,245,36,250,286,51,261,349,199,155,352,294,24,236,288,159,199,115,16,22,16,133,243,142,119,351,306,29,223,330,161,82,211,165,46,46,41,16,58,132,90,57,194,234,95,136,56,184,19,134,73,206,245,200,132,317,215,23,53,54,124,23,280,378,155,281,523,358,91,470,426,57,297,315,33,203,138,193,432,312,365,581,630,244,245,522,350,40,285,167,196,425,285,180,604,611,133,461,743,436,226,707,676,69,590,795,365,490,63,167,309,43,33,81,399,338,313,418,616,469,62,557,610,204,394,708,529,33,490,576,216,222,370,100,408,731,496,137,820,1124,780,92,536,744,620,193,43,38,251,327,100,355,814,922,575,129,699,937,631,125,292,361,177,36,60,132,376,437,274,75,416,348,221,151,140,32
52,26,15,56,76,112,164,73,61,18,143,153,13,68,219,47,75,58,8,43,74,16,137,47,15,3,42,122,103,49,5,7,90,86,7,147,44,41,48,72,35,48,37,44,83,47,89,37,97,87,132,34,108,92,15,52,70,16,129,36,35,120,58,50,18,12,165,112,28,66,168,28,36,51,13,70,42,109,75,3,245,254,4,40,54,76,74,9,35,209,91,1,125,12,120,62,100,28,2,73,34,36,51,23,28,62,78,20,56,40,37,49,8,33,129,112,66,16,6,21,40,31,4,1,56,33,4,11,4,56,19,58,9,51,73,115,344,567,623,481,196,166,435,493,321,1,329,539,504,196,182,486,566,490,244,6,208,249,138,22,93,139,138,79,42,147,280,436,553,522,268,83,456,811,1047,1195,1141,862,380,215,764,1067,1050,803,413,128,57,84,53,37,34,35,0,151,39,80,6,65,124,105,44,7,63,4,105,25,141,77,93,190,4,134,35,52,189,30,134,4,185,65,66,65,88,20,70,166,42,120,113,132,17,37,80,165,116,23,87,30,138,34,163,19,129,80,100,158,30,67,111,65,35,61,23,39,8,16
1,9,19,59,32,16,10,34,71,66,22,113,55,81,12,55,17,7,36,151,23,33,61,27,46,12,74,103,7,44,16,13,9,48,25,1,70,31,28,67,14,3,99,0,37,23,60,112,18,53,71,32,39,55,33,52,1,35,29,42,37,27,11,67,35,12,8,15,3,42,639,857,894,790,546,259,22,257,416,505,486,364,139,151,505,865,1152,1356,1420,1334,1147,861,549,245,30,241,24,428,407,293,129,86,302,493,619,664,625,531,394,232,107,26,10,46,135,256,384,491,555,545,468,332,180,31,17,13,11,0,24,17,3,12,22,21,9,3,22,9,8,12,14,42,8,42,8,15,13,29,12,41,7,22,42,19,22,49,1,8,47,10,9,3,78,25,16,12,33,91,28,18,42,47,4,2,20,12,97,60,59,26,51,42,63,19,15,88,17,22,24,51,6,29,76,19,24,15,41,3,69,19,0,80,70,37,62,14,24,34,9,6,59,14,47,50,19,35,30,28,73,18,50,27,0,31,8,47,34,13,38,49,43,84,83,42,8,32,65,14,3,20,2,50,28,22,52,55,48,8,42,86,19,80,59,45,66,33
23,47,23,4,17,98,651,534,47,486,719,457,169,779,1038,765,95,588,924,775,285,186,320,91,255,378,100,447,905,931,452,302,29,965,497,206,693,616,32,689,1088,880,142,751,1350,1382,868,92,578,892,819,510,213,94,132,173,49,284,666,78,247,4,82,86,77,26,102,13,2,33,673,859,619,4,803,1407,1483,953,25,840,1237,1031,463,57,226,19,293,385,95,463,952,1081,727,53,610,941,4,431,34,108,24,184,104,335,910,1218,954,129,835,1411,1301,617,197,671,652,367,144,155,263,208,127,579,804,16,68,5,73,11,19,17,3,27,25,50,171,184,23,217,380,319,53,256,422,363,153,57,196,254,283,287,205,0,277,489,494,244,124,409,442,206,8,345,316,49,297,485,417,103,266,514,498,273,20,204,222,132,60,98,201,256,154,97,365,492,371,46,309,14,14,22,124,59,7,12,46,91,78,7,59,310,423,376,244,79,4,6,25,9,144,344,476,412,134,203,396,337,86,160,191,24,338,533,452,114,114,657,725,519,142,224,441,444,314,143,34,16,59,74,15,146,351,467,383,98,241,417,327,51,197,240,74,22,44,37,103,69
7,1,0,1,9,1,883,1024,860,398,161,692,1086,1265,1209,975,587,154,212,460,503,325,23,441,786,953,866,520,37,486,958,1251,0,1146,767,224,342,823,1058,1025,673,124,500,1036,1380,1440,1240,876,400,42,373,553,531,322,24,406,688,782,627,0,0,2,1,2,3,1,5,1,2,0,0,1,0,2,2,1,3,2,0,0,1,3,0,1,3,0,1,2,2,2,0,2,3,7,3,0,1,2,1,1,7,1,2,0,1,2,2,1,1,0,0,0,0,0,1,0,2,2,1,2,1,0,1,1,1,0,0,1,0,0,2,0,0,2,0,0,1,0,0,0,1,0,1,1,0,1,0,0,2,2,3,2,1,3,2,0,0,0,0,2,2,1,5,2,0,1,1,0,0,0,0,2,1,1,0,1,0,3,1,1,2,1,2,0,2,1,1,1,1,0,0,0,0,0,0,1,1,0,2,0,5,1,0,0,2,1,0,1,1,0,0,0,0,1,3,0,0,1,0,1,3,1,1,1,0,2,1,0,1,4,1,0,1,0,2,1,0,0,0,0,3,3,4,0,4,1,3,0,0,1,0,0,2,0,0,1
21,221,263,185,12,142,1168,758,95,177,77,47,198,423,478,368,183,16,410,793,914,530,232,800,915,596,82,308,318,122,43,222,480,692,264,523,1104,1062,351,472,819,577,112,110,20,222,225,130,585,807,449,183,743,721,292,219,378,160,197,85,424,188,70,529,392,591,163,86,227,337,188,15,143,159,21,84,69,78,125,18,153,265,151,61,246,307,177,74,272,220,6,183,25,304,327,35,17,472,130,275,382,209,83,220,115,84,159,33,177,189,31,240,228,16,248,226,5,222,160,35,129,56,31,116,50,11,74,49,18,106,89,103,23,68,281,8,275,220,81,309,265,33,300,270,15,202,126,114,232,24,294,364,69,319,469,211,242,458,326,143,247,366,58,417,394,35,455,465,4,572,689,216,458,811,489,228,713,494,150,604,429,214,667,569,5,511,713,68,50,170,720,758,449,350,25,498,303,118,411,425,674,93,603,649,19,643,735,284,401,863,706,76,638,917,564,145,613,456,25,366,166,373,703,473,470,889,1086,607,234,941,1024,508,202,613,508,44,360,300,194,623,621,112,563,900,725,192,331,615,745,656,249,153,137,274,12,67
165,30,20,14,755,1193,970,256,648,1247,1166,467,535,1263,1332,691,358,1270,1491,925,176,1232,1635,1166,49,1173,1743,1383,260,1072,1831,1599,7,930,1789,1661,644,702,1613,1620,739,505,1436,1542,815,329,1253,1437,838,188,1071,1309,830,76,879,1168,802,30,716,1007,745,1,15,11,4,5,13,6,10,9,5,7,14,1,1,4,4,2,5,6,0,0,2,3,2,0,8,1,8,1,0,1,3,4,2,1,1,1,6,2,2,0,1,2,2,2,2,2,1,2,6,1,1,4,0,2,0,3,1,2,0,1,0,1,1,1,0,2,3,1,0,1,1,0,4,0,2,2,2,1,1,1,0,1,2,0,7,1,1,1,1,0,1,3,1,0,0,0,2,0,1,3,0,0,2,0,1,1,0,1,1,2,2,4,3,4,3,7,1,0,2,2,1,1,3,6,4,1,0,1,0,3,0,0,4,0,8,6,2,5,8,6,3,3,10,3,2,2,9,4,0,6,3,4,2,0,17,6,0,7,7,1,5,0,1,10,3,13,14,14,3,1,16,8,5,11,9,8,0,8,18,9,10,1,1,9,5,3,3,6,0,2,7,1,5,4
127,394,178,148,448,591,490,372,333,462,332,461,1067,773,287,1031,803,74,394,378,275,239,328,50,551,1002,713,322,1269,1176,118,1044,623,369,442,617,304,73,97,55,169,617,686,16,888,1047,217,779,976,301,490,587,125,142,19,162,55,320,294,143,175,505,82,168,101,264,597,144,149,473,278,214,63,203,21,133,101,155,140,75,222,44,167,139,91,176,72,209,187,115,315,144,220,284,103,268,54,1,289,274,118,255,94,387,107,360,416,133,480,114,352,280,245,367,48,390,162,159,107,97,45,368,214,150,205,78,53,209,22,99,40,196,88,40,241,63,218,98,203,154,197,163,235,350,140,591,227,421,593,13,465,293,262,250,206,297,134,486,144,535,125,237,743,249,484,658,57,516,414,137,433,152,431,501,112,717,622,274,883,466,433,628,67,563,112,662,471,191,649,120,82,136,635,285,126,9,256,218,410,686,123,778,985,23,982,748,155,784,495,327,499,18,492,381,396,885,409,706,1213,594,713,1312,680,489,607,443,139,94,250,176,494,966,512,525,1292,885,174,1033,942,124,577,508,25,340,93,511,237,620,877,17,720,749,740,275,168,320
46,101,202,560,35,50,56,464,662,324,393,929,598,203,699,701,269,256,540,414,98,30,43,296,883,740,295,1279,1109,34,1083,1108,46,630,588,44,110,200,266,255,727,484,327,877,499,389,738,209,453,394,206,383,85,386,107,330,363,13,397,25,263,86,611,43,647,466,640,47,505,189,109,275,279,64,290,187,158,290,69,191,157,17,38,92,13,243,222,192,424,188,289,430,87,353,390,46,106,241,210,290,47,267,1,322,166,327,476,38,408,439,30,270,221,82,77,11,221,351,78,304,306,24,81,63,111,279,4,49,95,61,288,1,63,43,133,384,61,338,213,157,124,89,28,299,137,380,545,26,550,494,114,485,222,262,236,233,360,140,543,272,306,587,93,472,415,96,399,172,266,276,132,416,11,506,378,334,709,193,554,647,25,626,485,214,658,302,485,98,597,37,74,257,32,376,192,109,255,105,11,663,576,223,884,572,463,1032,442,632,859,131,502,332,122,120,354,468,111,919,879,90,1146,1114,50,943,231,147,462,375,21,106,218,465,104,593,921,334,599,1089,588,338,814,476,98,212,19,20,321,560,243,476,965,231,290,58,393,120
97,243,297,67,153,209,250,167,76,48,119,317,139,365,115,161,289,95,308,631,51,385,91,449,28,154,187,241,67,169,377,120,93,589,519,32,76,161,168,481,299,437,357,403,82,45,116,189,119,303,185,119,92,305,127,163,192,561,185,59,293,314,307,277,351,155,126,9,343,10,247,267,181,229,240,53,207,139,20,59,353,397,98,297,185,361,389,9,179,187,186,417,303,167,239,231,125,503,90,537,43,68,132,58,147,187,207,18,125,79,283,95,89,143,89,205,35,7,34,91,91,169,113,77,119,10,187,101,84,45,5,197,93,61,472,166,706,584,11,305,196,65,278,518,373,339,1124,1159,342,824,1598,1380,248,999,1592,1055,122,960,720,64,62,241,504,1046,652,539,1671,1777,672,915,1894,1532,409,517,733,457,349,530,721,371,602,1636,1871,867,778,1894,1722,53,85,294,74,595,3,241,9,111,203,153,66,15,161,237,281,355,271,186,69,124,77,125,337,479,303,597,152,97,219,613,277,275,127,451,7,53,30,243,308,391,171,344,291,18,225,151,131,203,3,22,171,90,293,169,135,36,271,157,80,82,243,163,279,367,72,6,173,25
1,0,143,135,473,377,692,265,385,530,74,96,164,255,109,109,512,294,37,513,506,86,321,523,336,174,412,342,3,395,524,269,466,532,364,216,421,771,329,137,635,643,211,673,820,358,284,972,523,307,927,662,435,912,438,443,807,145,425,105,57,877,168,522,171,511,63,2,4,641,539,327,449,868,205,479,75,190,345,202,196,153,126,595,533,310,50,431,844,22,88,356,681,318,168,734,413,136,300,207,761,363,15,64,699,484,102,16,213,9,140,300,366,63,124,255,163,199,64,216,144,111,355,137,224,217,248,245,84,134,74,213,299,123,74,226,54,340,301,261,196,288,56,50,15,410,123,158,547,61,71,120,598,1002,386,191,311,38,310,313,460,607,368,599,122,98,233,360,430,642,23,309,206,582,327,307,383,215,239,289,35,266,51,281,322,369,302,177,436,88,891,578,169,963,444,291,871,306,442,593,417,350,588,607,401,408,237,652,563,165,369,820,304,879,771,522,170,712,81,206,355,730,30,466,1067,776,740,304,231,511,271,337,19,903,675,42,116,809,862,437,741,268,164,352,743,255,1484,884,2,125,1315,288,360,566,431,323
2,54,1,181,74,39,62,40,49,104,112,154,40,8,56,47,200,103,212,90,33,66,47,81,0,89,59,2,72,24,45,47,94,33,17,36,41,101,63,163,168,126,20,21,39,50,165,89,53,74,75,86,0,148,88,116,123,2,59,0,208,35,72,3,11,17,127,29,93,66,933,40,1167,1665,1142,91,1244,1582,949,240,1183,1252,468,547,1038,694,200,899,900,161,799,1224,751,318,1199,1257,29,567,1073,773,54,503,521,157,237,354,47,325,405,56,433,587,271,305,646,464,111,538,489,2,385,337,39,12,28,12,94,30,6,5,15,3,45,58,81,3,50,4,24,18,53,29,48,25,40,8,15,76,114,93,44,29,19,136,36,71,54,30,32,70,109,37,68,25,13,82,49,149,16,33,76,1,29,46,114,39,30,16,30,33,110,107,13,15,6,145,76,241,88,13,32,187,34,87,46,26,6,99,117,123,148,55,54,96,204,38,2,66,141,14,40,209,17,116,137,39,77,168,207,112,35,35,115,99,95,76,14,39,101,31,136,124,58,182,74,14,112,1,106,31,107,35,97,26,30,63,27,115,67,143,9,125,37,1,77,21
528,292,85,134,698,879,1004,809,401,168,141,417,906,923,742,220,149,234,17,354,555,288,245,695,874,579,103,145,171,788,1283,1244,801,280,38,316,922,1339,920,426,43,166,56,414,588,292,67,268,502,340,10,31,131,340,566,494,291,52,77,269,426,432,272,14,119,62,250,286,136,138,297,120,57,140,94,59,234,324,140,125,308,202,32,253,169,34,226,206,101,44,206,37,94,220,67,157,171,96,141,19,160,282,277,56,54,147,59,274,342,145,214,241,70,195,191,44,204,123,139,251,160,126,230,64,80,392,47,387,53,279,40,94,285,250,24,205,79,265,386,134,329,361,77,239,213,207,622,453,11,279,300,160,532,401,1,502,596,106,266,430,54,529,722,354,130,439,159,348,683,511,15,585,552,69,510,590,169,498,847,675,28,614,578,62,768,966,491,272,684,411,275,908,856,240,393,633,242,531,961,745,89,546,548,17,668,993,629,79,603,590,60,377,851,391,340,832,833,396,244,433,23,668,1351,1245,766,92,201,106,776,1231,1202,707,93,369,167,421,814,922,375,106,598,498,78,439,465,75,532,787,700,289,112,140,231,561,806,1205
0,87,31,67,80,56,69,168,300,437,590,732,862,958,1032,1066,1055,1004,904,765,612,427,215,5,214,409,599,762,883,965,997,984,12,829,692,530,357,169,4,170,318,431,506,548,552,528,463,378,268,151,21,102,212,319,400,460,491,503,480,39,47,25,162,92,42,46,143,25,84,81,432,581,730,877,1014,1137,1210,1252,1252,1205,1108,970,788,574,343,94,164,400,625,819,968,1083,1139,1147,1110,1017,21,697,485,244,15,271,522,761,974,1140,1265,1340,1349,1305,1211,1090,920,738,558,387,238,127,41,6,26,18,1,11,95,10,48,0,17,35,40,39,51,53,152,127,88,43,14,66,113,147,164,158,132,98,49,7,70,132,188,223,254,262,260,235,197,144,74,0,101,159,241,314,383,440,482,509,523,518,493,449,391,322,239,145,44,66,159,255,339,395,434,448,434,398,342,10,231,155,10,140,102,112,67,119,2,41,111,74,46,10,16,50,62,75,83,80,73,72,66,52,53,47,51,62,80,115,147,194,247,300,366,425,102,538,573,589,581,572,527,465,378,271,166,46,68,182,289,376,434,482,488,483,434,381,298,213,120,38,31,109,0,90,58,5
0,66,72,55,257,3,285,129,220,459,119,28,192,197,176,66,45,241,63,65,188,233,161,294,382,131,27,101,205,298,199,16,79,311,128,91,39,144,165,81,21,29,260,159,6,278,117,135,35,146,183,55,44,406,335,6,307,99,6,113,146,145,115,1,123,73,25,16,225,121,269,167,209,119,118,33,328,48,141,249,162,31,208,20,116,51,20,51,85,197,18,383,237,29,173,28,229,24,307,77,233,321,5,85,189,47,187,80,33,114,101,37,193,229,53,165,9,36,32,38,97,156,128,60,98,6,6,23,0,31,19,3,13,37,301,316,369,452,513,570,627,627,634,585,569,534,477,402,326,275,226,215,175,172,134,139,173,170,161,121,141,73,0,121,166,267,400,480,625,670,797,872,864,872,909,896,873,881,817,823,717,701,583,457,328,138,52,79,73,140,79,24,42,327,26,113,27,132,149,424,135,78,38,94,73,94,14,296,173,271,300,132,177,34,108,48,117,10,241,51,239,519,205,293,106,252,362,73,22,124,14,246,176,135,154,424,52,128,184,12,132,339,169,169,198,100,321,57,4,165,86,134,44,190,76,19
78,171,969,549,409,273,55,795,4,9,525,339,218,201,215,595,21,642,1025,112,1429,199,445,719,44,99,33,56,77,91,417,301,339,57,39,471,230,311,585,439,621,745,791,207,443,16,213,1129,332,218,497,347,441,212,225,10,186,103,783,328,40,101,411,597,209,398,122,1303,245,307,491,556,1003,331,1109,1219,251,1196,790,453,962,453,350,789,334,566,407,102,371,29,320,175,325,163,315,347,339,639,192,492,517,247,728,291,602,613,302,677,253,663,440,396,651,33,618,281,521,650,139,607,97,400,131,481,10,233,149,7,81,14,315,3,227,225,347,30,253,247,295,30,146,329,59,139,69,176,58,64,175,715,331,62,42,74,377,547,971,349,563,971,178,6,193,254,123,5,568,106,142,450,69,359,316,221,135,97,196,321,29,5,219,358,9,209,389,23,218,38,237,501,1209,729,543,553,723,1339,56,14,754,360,513,114,693,283,279,381,176,157,901,785,527,223,759,78,349,280,236,1051,402,253,12,501,6,14,935,385,528,110,771,793,721,231,199,259,493,221,1267,1174,1099,22,675,95,614,425,593,23,481,145,1430,474,419,193,555,153,291,265
95,274,97,265,721,479,52,510,160,108,40,142,428,236,420,936,957,59,1199,1831,432,1290,1774,926,371,1229,739,201,488,4,214,49,567,627,433,604,1260,1066,185,1308,952,64,611,567,55,589,320,132,602,271,277,322,181,48,132,59,145,503,714,180,979,929,45,40,809,551,166,717,205,502,224,313,238,224,90,429,441,457,615,382,805,679,30,123,25,206,231,56,285,163,63,139,433,125,301,237,716,297,184,63,198,57,212,46,321,235,551,169,359,419,418,207,60,74,233,71,187,367,200,449,131,263,139,90,263,65,145,32,61,25,177,215,39,151,226,81,184,43,255,315,119,531,455,429,509,529,591,571,81,78,683,471,213,461,233,511,379,635,349,6,471,395,289,347,330,597,123,729,371,225,459,673,6,551,1003,583,989,73,893,247,233,201,716,651,255,257,557,751,715,757,14,1,453,633,224,179,84,179,467,1001,719,471,369,442,19,1468,46,43,745,277,235,65,287,645,388,285,411,172,735,153,647,541,1127,165,107,33,463,361,122,575,789,232,112,376,184,201,683,333,403,717,823,247,256,515,263,459,1115,1785,470,88,393,699,583,647,107,113
11,27,44,26,42,52,302,68,192,414,505,436,240,44,331,553,666,643,508,308,83,95,168,120,69,293,476,543,435,209,83,365,9,636,553,333,19,326,604,733,656,394,1,408,726,902,920,806,631,432,263,138,90,122,187,264,296,259,160,11,8,57,1,10,2,10,27,7,21,21,24,14,6,35,30,4,2,15,25,23,19,2,47,14,14,4,7,36,4,37,10,9,48,21,11,18,28,16,23,54,6,21,6,57,62,2,32,27,6,6,43,46,15,11,12,30,18,22,3,11,47,20,3,4,17,2,11,17,22,7,6,14,21,22,21,2,36,39,10,11,17,9,29,10,22,10,8,37,30,34,39,20,11,5,45,4,14,23,19,4,6,0,27,0,11,11,19,52,16,20,34,40,4,18,16,5,51,40,61,16,3,29,17,16,4,11,27,16,13,42,2,6,21,15,60,27,30,30,2,17,54,68,25,26,11,0,16,28,2,4,56,22,22,40,24,24,16,2,24,5,64,8,36,18,2,11,37,34,16,23,1,11,29,35,2,54,21,9,7,18,28,32,12,45,35,16,35,9,7,20,13,27,8,5,1,2
110,259,160,456,197,231,656,1041,820,305,71,175,53,62,313,701,820,428,335,1100,1315,853,32,692,921,670,202,144,259,234,328,478,90,409,152,771,1054,757,45,625,793,476,19,237,140,19,10,250,531,524,155,343,622,501,144,264,434,362,173,204,205,455,310,254,87,185,65,178,9,9,107,116,54,20,26,119,224,198,10,280,401,277,0,187,169,33,120,69,92,185,80,115,145,58,39,57,780,340,136,260,520,420,37,306,356,116,187,219,9,192,211,40,99,94,7,71,34,128,165,34,110,117,28,87,85,36,126,154,51,18,103,8,5,140,142,256,189,17,220,218,29,265,273,53,195,215,14,222,165,150,408,350,3,273,199,103,333,240,116,384,607,104,306,112,270,432,140,342,482,49,574,811,407,331,777,512,122,541,394,192,587,438,182,690,668,128,534,425,396,292,327,174,387,228,320,991,516,323,13,611,713,263,223,439,99,348,355,159,816,1095,570,392,1102,1031,299,506,811,504,48,283,107,312,471,193,1,753,615,33,690,967,616,174,804,908,450,96,307,27,407,428,60,763,1063,645,224,990,1112,627,18,334,271,168,167,311,448,349
28,44,9,79,131,58,314,275,630,491,58,657,876,480,298,980,1105,624,127,666,685,304,78,139,157,493,498,34,645,1069,885,181,100,975,687,37,653,706,131,693,1155,896,2,1008,1545,1312,488,426,987,1030,720,335,70,39,111,239,474,688,720,148,131,54,86,72,7,88,1,44,80,89,314,270,934,1252,963,112,904,1556,1485,729,266,943,993,552,46,117,97,410,433,1,679,1137,1058,437,353,862,56,493,88,39,99,225,55,460,1019,1155,622,375,1255,1464,897,54,768,877,512,106,34,36,19,243,585,656,276,40,15,28,26,4,41,36,24,4,19,6,167,17,211,268,104,190,416,402,175,122,307,324,228,112,21,179,336,402,276,46,387,530,367,0,334,396,14,172,363,252,88,438,535,295,124,469,564,353,30,185,207,99,23,97,241,299,133,202,468,464,166,234,449,12,29,30,8,12,111,26,26,140,146,36,401,405,243,2,210,276,209,116,94,179,240,140,137,431,527,327,14,270,251,18,185,145,153,484,597,385,18,475,690,632,355,4,318,456,399,210,16,49,10,70,8,198,402,437,238,98,368,397,192,86,237,111,206,161,153,84,108,5
6,16,9,24,8,9,267,226,186,154,132,125,127,143,178,212,259,321,371,417,477,525,558,572,570,554,534,475,413,339,243,143,39,88,195,295,399,489,561,605,634,642,625,581,508,413,294,169,32,123,289,450,611,777,919,1035,1135,1207,1232,15,2,32,15,24,4,46,35,9,10,33,16,2,42,35,0,54,3,31,33,2,8,31,2,19,4,19,3,0,5,16,26,19,1,8,20,30,2,3,23,39,13,7,3,54,43,13,11,3,8,33,2,30,24,32,34,33,10,14,8,6,16,16,21,6,6,9,10,12,16,13,1,1,6,0,28,15,23,18,8,8,10,38,23,4,7,18,38,8,24,11,16,35,1,49,11,65,4,1,10,38,3,20,17,41,60,23,20,2,22,8,55,1,11,32,26,31,13,12,27,51,5,4,30,12,40,35,31,40,12,11,94,25,10,14,4,93,76,49,2,58,15,59,5,15,47,21,31,22,27,55,67,60,29,48,37,16,60,58,8,7,11,42,29,7,3,70,26,16,25,33,80,20,31,18,25,14,26,62,19,10,17,20,16,12,3,34,8,40,2,9,13,5,45,1,20,14
50,181,53,141,410,214,628,657,34,819,774,300,1164,575,693,960,218,575,659,195,254,428,317,216,254,871,627,694,1367,267,1206,1122,11,1109,483,435,514,13,23,204,260,758,128,919,740,498,977,115,679,363,270,224,154,78,335,149,500,390,447,9,186,560,393,182,189,88,694,202,16,389,118,57,144,5,192,47,232,28,219,109,71,75,51,23,45,69,67,80,34,212,119,200,227,62,177,53,35,104,97,207,163,199,273,160,295,128,295,80,276,27,218,67,177,94,181,99,201,96,143,86,71,97,13,195,175,188,89,47,89,16,23,258,188,85,207,299,146,149,45,164,198,249,308,398,335,531,206,562,29,422,27,293,101,312,177,488,23,601,228,465,354,240,461,14,405,176,297,270,155,251,130,189,250,288,305,501,140,614,137,512,295,388,321,291,350,276,326,383,144,279,162,9,279,299,233,94,1,82,531,510,3,752,618,554,947,235,943,47,661,115,441,31,450,59,564,431,516,940,23,1116,798,636,1158,121,150,507,307,335,156,129,382,353,426,781,3,871,613,413,839,128,537,337,140,178,111,16,375,168,499,657,258,428,209,379,67,141
44,28,26,39,112,5,0,433,614,368,175,721,962,715,102,576,1004,1003,608,57,375,495,276,63,290,195,212,700,989,857,319,384,105,1017,656,2,571,769,468,202,920,1315,1173,542,339,1071,1402,1280,814,276,122,309,328,276,295,394,541,650,618,53,157,122,3,7,135,93,91,121,12,66,769,884,659,129,599,1257,1582,1425,797,66,790,1113,949,477,16,143,61,462,748,671,237,388,929,1152,997,587,156,248,348,234,76,64,311,724,1025,987,476,347,1102,1451,1217,548,178,613,642,396,164,163,327,450,331,73,551,12,74,36,3,32,2,33,1,5,7,2,138,229,161,28,246,378,351,164,68,253,336,311,240,156,52,83,251,401,436,300,14,308,500,453,191,159,60,443,226,121,415,531,394,86,260,486,533,360,97,119,203,135,25,0,100,286,432,396,158,178,449,523,353,7,16,11,80,113,21,7,9,102,50,71,424,500,446,312,120,28,93,78,8,25,41,205,369,434,302,34,216,324,225,12,166,177,1,291,555,628,313,151,254,573,724,674,454,175,47,180,189,135,90,113,211,355,438,380,171,117,334,379,201,67,289,320,156,31,93,32,21,2
99,31,26,11,1026,879,693,471,225,52,364,641,895,1128,1302,1420,1469,1444,1328,1165,916,626,283,97,476,861,1199,1477,1687,1817,1853,1788,18,1321,968,567,130,294,700,1050,1307,1491,1588,1598,1507,1338,1107,822,501,161,163,476,751,926,1079,1131,1129,1057,920,760,567,40,23,18,11,3,10,3,21,6,2,16,0,15,7,3,6,6,10,0,3,8,2,3,9,7,4,9,5,7,1,6,3,6,7,3,2,0,8,4,6,5,9,1,1,5,4,3,2,3,8,5,2,7,1,6,4,1,2,4,4,0,1,4,1,4,1,3,2,2,1,3,2,1,0,7,0,0,0,4,2,4,4,1,2,2,0,2,3,3,4,1,7,3,3,1,2,4,4,1,3,1,2,3,2,5,4,4,6,7,2,0,3,4,3,5,6,5,2,3,2,2,5,2,3,4,7,2,2,0,5,1,0,3,4,1,8,4,0,2,6,5,1,9,2,13,5,5,3,6,6,4,6,3,0,2,0,9,5,9,8,8,2,2,5,7,0,6,6,1,5,0,4,8,8,4,3,3,0,4,6,4,13,10,1,14,16,9,1,3,4,13,18,23,33,41
15,96,32,23,13,4,9,160,89,62,132,75,106,65,259,103,197,44,9,68,82,143,141,106,160,260,51,116,118,151,36,131,135,40,93,27,11,89,51,61,21,69,0,49,151,18,45,28,156,25,54,66,42,9,70,97,1,172,82,53,18,98,11,62,88,168,38,59,93,196,55,104,11,200,91,52,39,8,89,25,99,23,16,82,94,30,139,7,35,38,45,51,68,85,103,10,120,4,18,19,29,63,30,122,12,48,60,2,32,28,105,30,35,63,133,22,122,14,20,95,18,33,49,28,70,28,25,49,1,9,41,56,87,21,177,345,518,623,621,487,245,70,341,502,453,298,20,265,540,644,580,358,74,133,338,408,331,179,5,141,26,141,96,13,88,184,325,489,662,744,699,542,313,35,267,591,935,1217,1418,1445,1325,1027,637,293,52,7,110,33,54,113,56,110,70,245,2,2,57,136,51,121,23,71,116,161,47,212,166,57,32,117,24,20,92,113,140,52,43,91,4,0,64,40,153,146,135,78,55,106,0,75,4,131,22,56,18,47,39,70,84,11,13,17,18,127,44,11,5,42,13,30,181,206,35,126,8,7
3,4,136,72,14,17,52,5,17,10,102,60,18,8,14,0,79,42,90,50,103,41,61,54,8,30,60,31,5,29,31,83,25,17,67,11,53,10,23,23,34,17,20,28,11,45,46,52,9,50,40,23,16,12,100,29,32,7,60,62,1,13,13,19,55,93,15,37,6,52,648,856,902,836,657,425,178,55,233,365,409,375,258,58,220,548,870,1169,1384,1507,1509,1422,1231,1003,726,462,4,2,179,286,328,295,217,86,72,212,328,395,391,353,258,134,16,92,172,201,178,114,3,131,257,356,399,0,7,6,8,0,13,9,2,4,7,28,14,36,17,28,53,0,14,6,16,6,32,91,19,12,9,5,2,63,66,9,2,7,3,51,18,13,43,31,41,39,14,62,50,24,27,20,13,9,12,15,24,18,27,68,8,38,16,9,42,40,41,78,9,7,42,12,12,9,7,21,49,64,30,29,2,19,39,38,84,57,63,56,5,48,64,11,46,141,26,52,81,10,5,88,7,112,51,39,37,14,0,12,40,62,5,58,53,69,58,10,101,44,7,7,39,34,16,85,34,14,24,13,8,36,38,74,22,31,12,42,61,35
566,482,8,382,860,869,369,319,455,412,168,92,115,686,1094,1268,839,311,81,392,888,1204,792,44,626,667,124,105,96,597,1335,1468,1071,225,11,283,852,1043,523,252,735,614,89,235,31,515,1019,968,438,23,88,286,628,739,215,191,416,166,134,238,27,438,479,317,88,82,202,325,326,69,7,125,58,108,40,129,248,220,120,150,73,16,141,7,101,284,185,215,24,48,67,177,212,132,235,293,115,84,16,189,325,145,109,315,219,66,84,54,300,289,29,214,265,68,130,96,125,153,47,61,110,133,328,37,26,116,28,51,141,285,75,6,335,590,72,26,149,293,46,360,401,35,311,68,338,471,108,406,473,159,229,162,383,647,558,33,442,339,136,415,156,387,738,529,45,333,193,333,675,412,157,643,505,159,571,309,279,760,484,149,602,475,182,745,672,152,508,587,5,745,916,311,460,748,217,488,702,243,469,962,587,58,517,359,316,851,752,138,579,616,128,510,514,79,715,1009,585,33,298,84,880,1169,852,86,461,405,172,589,564,5,658,979,689,255,5,98,497,1078,977,559,108,247,30,571,686,385,112,657,701,251,67,52,270,796,1148,337
7,33,23,2,19,82,624,341,271,676,470,251,904,883,164,744,1153,788,16,665,738,325,108,165,152,420,240,374,943,935,255,623,8,767,17,651,643,22,685,834,212,787,1407,1131,106,999,1467,1106,278,440,721,604,388,264,224,115,138,469,681,80,166,163,93,111,44,21,174,115,0,18,49,600,1082,951,158,885,1517,1322,384,706,1272,1038,309,303,388,98,119,86,546,817,567,156,884,1130,749,8,104,677,393,108,127,337,341,124,841,1247,879,150,1177,1465,832,215,916,884,364,61,128,39,141,444,588,280,338,70,34,38,26,3,44,1,45,20,9,41,220,101,148,305,193,110,364,361,119,169,324,306,187,32,162,349,424,279,74,441,561,329,100,425,414,102,9,306,69,275,434,224,204,547,536,183,250,461,372,123,53,64,17,54,202,322,254,26,358,485,261,175,509,104,89,44,116,52,122,109,64,118,52,200,573,294,81,315,347,205,56,17,60,56,109,361,465,265,160,469,437,94,198,190,70,284,208,130,472,566,240,65,475,667,546,168,251,472,406,185,13,14,46,23,140,367,457,271,129,455,486,186,157,276,87,182,252,5,19,76,60,90
6,1,4,9,5,2,996,1072,771,164,497,1044,1341,1309,1024,528,19,430,701,720,487,79,341,613,612,311,211,781,1249,1476,1385,996,0,227,791,1105,1108,772,139,561,1137,1438,1331,880,229,433,953,1208,1170,909,476,27,313,456,334,13,460,863,1024,3,3,4,2,1,4,3,11,2,3,1,1,1,0,1,3,0,1,2,1,0,0,1,0,0,0,0,2,1,1,2,1,0,2,5,0,0,2,1,6,2,7,1,3,0,2,1,2,0,1,6,0,0,3,2,1,1,3,1,0,2,1,0,0,1,0,0,2,2,0,0,1,2,1,1,0,3,0,0,1,1,3,0,0,2,0,0,0,1,2,0,2,0,0,1,0,0,0,2,1,2,3,0,1,3,1,1,0,1,1,1,0,1,3,1,0,2,1,0,0,1,2,1,0,1,1,0,1,0,0,1,0,1,1,2,1,1,2,1,0,3,0,1,2,0,0,0,3,3,1,1,3,1,2,0,0,3,2,1,6,1,0,5,7,1,0,0,2,1,0,1,0,2,2,5,4,7,0,0,2,4,1,2,2,0,1,0,0,3,0,4,0,1,1,3,2,3
2,109,477,274,4,262,185,303,1,568,509,347,930,351,602,834,116,559,439,5,107,22,207,500,236,627,915,164,889,1017,44,899,277,78,574,324,6,58,20,450,626,103,898,598,445,885,319,523,586,27,397,94,198,43,397,29,706,398,686,541,174,392,272,237,169,234,697,196,155,605,163,7,349,221,220,319,23,215,88,59,36,79,76,176,30,216,72,190,145,175,217,100,291,10,289,55,170,62,228,72,228,168,222,271,116,320,35,319,143,253,176,144,143,94,52,175,62,208,138,143,111,74,25,28,178,26,170,34,82,189,172,14,170,222,205,69,158,92,157,92,131,90,71,20,202,64,455,188,523,571,178,624,167,300,114,142,134,382,36,659,241,459,788,54,693,385,382,404,245,348,267,463,197,593,43,609,346,385,554,14,546,300,397,450,313,598,238,245,75,75,294,199,104,109,33,19,259,470,490,268,455,511,266,816,256,755,701,365,801,23,620,158,481,173,554,445,472,885,92,914,800,317,976,399,204,568,65,281,74,185,277,577,32,732,719,177,910,615,293,764,336,293,372,0,69,170,104,378,511,102,663,25,649,314,352,126
37,4,205,381,5,74,115,7,78,181,74,10,12,146,235,124,161,8,57,107,30,17,242,7,52,155,82,134,153,76,212,242,47,397,10,143,235,110,82,71,280,6,254,169,47,145,59,88,152,145,211,19,62,30,14,189,184,152,61,79,396,169,8,23,149,251,136,4,140,159,13,85,47,239,10,101,120,49,34,6,123,82,96,134,164,194,120,31,95,295,22,259,30,65,250,56,189,63,0,13,29,36,291,46,341,215,39,215,112,411,266,52,40,210,241,88,92,10,109,4,36,100,27,166,106,21,62,33,104,63,41,29,5,137,551,228,276,520,325,8,74,53,46,227,534,610,185,527,998,965,494,312,957,1062,724,72,675,692,189,218,56,90,507,605,216,574,1196,1238,579,408,1162,1241,680,30,297,308,189,272,574,829,687,53,989,1595,1398,458,568,59,221,60,12,129,405,62,15,153,81,244,124,47,191,178,250,268,42,33,49,18,45,152,228,2,143,58,176,80,3,93,69,191,3,274,21,336,331,118,18,15,262,88,339,97,22,282,7,1,262,281,21,43,94,86,36,65,65,81,71,177,5,13,106,220,72,235,70,32
131,105,62,358,20,585,78,537,82,480,316,116,100,341,193,351,534,166,254,500,34,559,203,340,655,314,446,436,156,294,689,102,320,518,96,638,629,70,634,497,93,640,434,157,742,515,458,852,258,756,742,420,1036,283,1115,570,565,687,32,171,185,441,541,159,281,547,677,370,541,527,875,236,197,689,123,57,317,337,89,359,89,797,256,430,35,643,6,373,655,540,545,157,49,501,169,239,321,27,411,727,408,34,136,115,41,667,455,621,901,19,201,483,477,129,102,168,131,421,11,0,14,345,213,145,163,9,333,9,26,331,67,307,30,131,2,119,66,70,124,453,229,613,217,227,75,71,729,391,323,625,527,227,116,148,261,559,109,515,80,123,271,527,473,74,212,100,80,88,92,217,135,88,83,16,367,159,98,315,67,181,42,252,485,106,165,311,313,504,365,747,765,297,299,703,615,195,163,377,16,52,10,463,503,481,205,82,213,615,635,765,84,449,135,1293,221,521,126,471,79,93,357,581,487,251,837,32,1179,1233,18,1221,243,775,13,799,325,256,832,931,92,33,31,257,162,413,102,167,555,405,380,543,579,100,821,371,78,577
10,15,55,41,41,55,26,9,19,11,18,29,28,109,179,12,26,82,67,27,121,28,18,20,6,31,118,50,78,19,3,54,34,33,31,50,35,38,127,26,26,78,56,57,76,37,22,56,2,136,2,65,19,31,30,47,2,98,36,106,67,15,13,92,64,11,1,14,72,30,306,125,118,356,604,811,968,1059,1087,1060,940,750,508,224,47,317,510,668,737,743,687,557,389,135,111,362,49,683,723,680,569,412,247,84,61,186,267,285,239,144,1,160,313,408,480,462,386,256,95,62,184,248,240,41,34,51,21,4,0,8,26,40,8,41,6,33,13,11,33,31,13,3,24,54,18,6,38,70,7,25,12,4,94,59,49,16,3,55,3,33,16,58,35,1,77,30,10,75,176,3,14,2,29,131,74,29,16,76,35,0,0,64,44,77,18,50,47,18,6,14,53,6,62,118,28,83,131,27,54,13,12,36,71,32,11,110,40,50,60,65,33,100,46,31,10,72,174,77,132,82,141,83,75,3,84,46,12,33,12,3,97,37,112,59,18,69,48,21,18,46,2,47,60,91,69,5,62,35,2,2,17,53,33,50,41,12
61,41,52,158,155,154,681,618,441,150,229,600,885,1012,933,654,270,149,493,683,699,558,306,39,169,270,210,7,299,631,917,1072,23,821,438,16,438,745,834,714,376,99,619,1081,1405,1550,1489,1276,975,674,427,284,244,285,367,436,478,462,404,2,112,81,54,28,10,20,94,19,88,142,733,832,757,511,121,338,794,1166,1407,1471,1352,1082,721,353,89,28,38,255,564,867,1094,1181,1112,892,589,248,3,228,266,170,35,258,427,456,294,48,511,978,1335,1498,1421,1147,761,383,107,5,22,130,230,248,144,54,298,93,3,40,43,17,0,24,10,2,34,94,75,194,272,283,226,101,46,181,285,346,371,368,359,354,348,338,305,221,101,61,232,367,446,441,344,174,29,208,334,388,341,207,13,198,389,509,542,481,372,227,108,57,73,144,261,350,405,387,291,129,58,264,418,35,58,5,9,20,139,100,180,28,47,55,239,103,15,117,188,207,165,73,42,131,152,80,74,258,416,487,444,303,116,63,197,236,192,73,96,279,11,606,717,762,734,657,528,364,224,113,59,65,144,247,349,413,416,343,194,7,166,287,307,232,68,133,324,18,24,92,74,39
41,10,86,18,247,450,362,34,61,245,516,101,57,250,15,26,273,165,16,111,239,202,119,302,157,69,323,32,203,27,19,22,73,132,13,31,59,78,94,153,108,34,60,360,145,32,69,2,198,211,100,160,131,185,53,159,37,38,359,144,205,392,345,66,66,56,144,137,178,0,98,237,53,104,97,243,199,25,252,17,44,21,42,249,140,129,9,77,201,106,106,254,73,156,96,90,141,186,87,261,304,100,11,105,144,79,60,217,35,54,130,103,8,181,2,77,298,102,79,41,28,96,175,5,57,8,4,2,41,36,31,2,7,62,407,75,423,584,29,683,689,248,1000,557,674,1097,174,945,868,196,845,479,226,435,180,14,59,154,168,108,59,271,164,45,228,267,218,102,553,548,78,798,877,32,1047,1140,8,1292,1346,58,1514,1510,98,1589,1512,28,1320,203,255,93,107,9,222,242,117,122,202,129,130,530,14,177,41,133,344,119,261,238,224,47,201,129,97,9,501,28,61,165,327,31,176,128,182,286,130,151,108,170,137,145,151,177,120,233,46,79,5,100,3,65,85,338,132,134,25,143,80,346,309,202,247,176,54,43,61,88
113,132,12,16,131,40,377,447,56,621,763,456,364,1145,990,135,907,722,223,69,97,25,308,568,550,261,304,943,1147,396,892,1431,120,285,453,195,135,251,251,40,415,808,540,236,800,787,280,350,626,269,186,219,25,36,115,352,312,249,788,564,210,47,276,521,49,57,418,2,253,147,257,195,355,208,190,395,122,231,291,128,42,188,172,25,85,97,197,30,268,167,167,342,20,469,430,113,443,307,110,162,12,92,240,158,106,269,248,101,85,254,244,53,172,172,24,5,73,131,357,151,307,393,151,296,227,23,102,99,68,6,54,4,170,53,45,278,158,184,263,51,165,44,180,31,359,338,196,573,263,363,573,144,324,263,78,157,101,359,232,236,112,441,314,777,385,341,443,17,197,11,179,249,102,293,598,280,482,787,226,587,698,35,593,315,386,285,380,80,196,279,559,189,285,390,68,30,144,16,153,325,180,391,644,119,753,1034,192,790,840,124,444,271,205,358,128,600,563,36,581,836,483,197,678,594,13,285,213,82,57,374,687,263,644,1059,523,296,692,529,191,176,404,277,53,92,186,326,35,700,778,221,1291,120,216,0,45,30
73,112,280,581,400,248,248,68,509,329,454,252,623,206,494,84,558,265,81,52,87,1235,144,106,756,144,186,26,243,292,336,116,851,163,0,52,1143,245,1,649,354,79,322,1066,123,312,536,1482,207,941,171,729,208,53,162,172,704,269,1000,405,528,120,474,222,122,49,74,342,464,452,458,513,1019,134,1320,631,953,1062,127,1019,379,514,666,5,590,274,387,343,245,295,245,416,272,534,196,507,829,464,372,500,618,215,656,38,658,197,415,393,342,614,176,643,32,714,422,571,546,437,642,184,620,89,466,202,154,449,227,310,98,150,115,250,43,136,96,387,118,25,230,33,119,272,229,153,33,433,407,122,188,349,168,112,437,77,598,296,444,345,198,47,40,382,516,165,285,207,458,265,751,186,227,358,920,167,836,407,774,371,202,187,218,292,796,85,437,205,314,832,385,30,267,221,1,251,543,295,307,228,578,102,154,210,78,546,265,51,340,187,47,810,57,68,384,531,299,508,455,270,473,501,604,6,692,382,102,138,350,130,5,733,645,253,1132,609,292,369,771,311,532,467,340,1042,497,86,47,373,115,384,189,26,227,751,52,198,345,1087
14,7,1,3,113,761,1172,1168,738,41,722,1238,1318,929,208,640,1289,1480,1148,395,543,1331,1636,1350,578,440,1349,1763,1556,772,334,1365,23,1692,892,214,1232,1738,1602,904,112,1063,1568,1492,873,31,911,1396,1348,817,9,776,1211,1190,726,47,627,1028,1005,638,65,16,13,6,1,3,12,1,16,5,3,0,14,2,2,6,1,3,2,2,1,6,1,2,5,5,2,1,5,5,0,5,4,1,1,0,2,0,1,3,1,1,0,4,2,1,2,3,0,0,3,0,0,0,4,6,0,3,0,2,3,0,3,0,2,2,0,0,1,0,1,4,1,2,4,0,1,0,1,2,5,3,0,5,2,3,2,1,0,2,2,1,1,4,0,0,1,0,5,3,2,3,2,0,2,1,1,3,0,0,3,1,4,0,2,0,2,1,1,1,0,2,3,0,7,3,1,0,0,1,1,4,2,1,0,5,5,5,8,4,0,5,9,6,3,2,11,9,6,3,4,15,9,1,0,0,2,12,3,1,0,11,7,1,0,1,8,14,9,1,11,5,13,4,0,11,12,9,3,2,5,7,17,9,0,1,4,10,9,5,9,6,20,12,6,13
57,19,381,513,231,393,723,539,10,73,1,114,87,469,663,447,709,1449,1009,544,1826,1562,114,1493,1367,245,572,703,47,280,311,606,779,515,1251,807,348,1281,1010,119,957,704,140,657,369,417,440,63,344,603,66,387,547,90,38,95,274,257,687,657,125,673,631,467,467,495,685,30,791,251,181,589,590,165,480,513,341,1207,666,116,325,675,219,25,55,56,105,93,560,3,839,130,1013,9,145,1055,119,246,256,331,111,59,419,71,251,254,147,183,223,102,556,193,271,160,597,252,637,222,547,217,77,185,95,171,107,195,149,109,73,155,328,317,9,164,226,261,217,157,223,28,499,46,509,19,184,343,731,384,23,613,26,34,245,186,641,219,79,315,32,239,274,493,335,545,399,305,145,319,149,302,148,219,181,279,277,150,89,281,645,0,134,55,0,191,206,355,311,252,989,305,392,445,601,238,236,133,707,173,41,41,308,69,341,647,819,318,155,265,585,827,327,462,579,387,351,215,379,775,447,1079,645,623,30,307,221,32,441,635,233,5,503,33,266,451,1004,1153,0,397,727,333,1105,885,13,425,839,119,1093,125,435,50,499,1017,360,13,923,7
134,178,229,228,349,192,78,358,709,378,423,1000,997,355,377,727,618,399,236,71,343,180,115,25,735,1086,435,777,1498,1232,258,658,281,619,163,61,91,16,20,135,485,666,281,419,692,505,152,85,317,449,193,102,103,139,254,59,565,695,148,620,2,99,279,323,291,47,182,160,661,581,288,203,48,102,165,11,278,269,80,400,353,72,405,312,26,133,115,30,13,33,185,201,91,374,262,6,161,147,51,9,85,29,143,124,100,307,214,111,315,265,67,160,252,112,45,75,78,98,79,262,260,66,177,167,32,26,64,162,81,22,91,77,193,199,288,107,160,241,41,251,216,89,250,7,286,234,101,390,327,5,357,374,16,286,216,92,232,57,233,353,99,200,560,535,80,536,746,314,267,472,137,244,303,100,554,601,140,535,885,574,142,684,627,77,605,369,395,14,14,501,286,11,295,147,61,137,34,128,304,80,549,621,28,690,831,99,655,762,300,242,427,337,43,368,274,296,765,662,31,853,1188,854,58,837,22,375,57,8,147,173,24,251,732,966,551,419,962,869,390,8,361,552,303,134,226,129,530,479,173,1017,1137,405,755,1,285,25
1,18,46,49,9,16,435,216,285,386,86,523,321,322,669,292,398,663,283,299,475,178,121,48,119,43,444,447,126,670,558,128,25,440,177,470,111,422,383,321,825,387,605,1050,469,518,944,537,197,608,493,130,152,255,339,352,131,303,618,30,62,28,9,0,24,6,24,14,27,3,6,23,14,5,11,20,16,7,33,25,35,25,50,26,52,21,26,33,37,28,21,14,28,21,5,54,44,28,3,7,18,23,23,30,40,42,23,40,7,16,14,14,4,4,9,13,4,14,32,9,11,28,7,5,21,11,21,5,1,8,11,4,10,4,0,10,11,13,11,14,21,0,24,1,28,17,18,49,21,16,18,5,7,1,62,2,18,12,9,2,21,11,5,22,18,28,14,21,16,26,18,29,63,5,9,19,3,48,3,62,15,0,3,18,43,4,13,6,43,63,14,57,30,2,18,35,16,55,7,17,28,26,30,21,26,22,53,13,10,63,21,1,27,7,6,9,25,30,31,7,14,90,14,19,59,32,22,41,7,9,44,16,35,9,26,16,56,4,71,16,13,4,8,28,0,6,4,23,20,23,16,16,0,45,4,2
197,126,336,488,656,319,120,90,773,1001,451,325,586,385,126,318,770,1101,649,309,907,704,280,251,798,1116,597,392,1026,805,304,222,775,1030,462,464,1028,630,131,270,658,652,170,515,833,515,156,252,703,649,14,713,722,197,16,182,548,480,136,613,413,29,74,191,375,62,232,451,217,89,143,200,156,89,280,48,86,27,198,145,134,233,48,124,212,1,117,132,73,160,87,275,201,124,175,20,199,13,407,389,39,290,169,154,96,292,390,113,293,296,30,89,219,303,33,183,121,100,92,208,216,89,322,162,202,11,512,87,147,16,60,136,78,90,289,99,256,0,185,139,478,141,373,408,60,296,211,504,203,516,551,96,305,33,446,342,389,712,234,316,306,280,541,75,667,549,189,602,106,437,383,296,799,353,480,551,133,560,249,613,792,3,656,311,560,776,75,836,603,227,665,52,695,667,195,759,550,238,544,93,806,524,314,907,451,285,471,290,938,528,459,993,530,336,372,386,959,468,448,1038,514,259,164,573,935,529,484,990,609,4,67,478,864,479,285,983,674,68,38,310,681,463,164,772,655,133,89,88,571,673,200,429,640,307,211,1604
43,28,101,83,46,140,681,375,426,609,124,833,462,608,1033,234,836,918,21,717,556,77,306,42,82,253,496,66,718,848,18,926,201,255,862,317,607,620,330,959,322,902,1227,167,1153,1317,208,987,1139,335,470,654,404,143,53,334,582,421,183,38,75,64,64,72,35,12,40,106,55,184,643,156,835,1100,107,1212,1387,138,1228,1303,154,882,840,97,326,141,36,260,587,214,687,1064,334,794,1094,327,3,680,216,61,22,68,539,739,24,1052,1180,30,1301,1173,178,1166,810,203,655,375,68,3,181,506,423,255,796,8,35,34,16,22,7,9,14,0,54,12,37,221,134,169,295,31,306,297,49,339,287,2,254,316,164,137,385,326,85,473,373,136,488,255,256,381,39,355,167,304,393,70,517,369,213,563,313,203,409,206,53,98,74,154,227,27,344,427,25,462,436,84,484,52,212,68,64,0,57,17,17,11,111,93,372,220,511,271,103,225,105,31,101,71,186,397,196,286,515,181,292,341,25,235,5,279,134,318,474,48,56,599,97,510,633,218,322,490,223,100,167,64,69,197,143,185,446,244,241,463,183,222,259,35,206,16,282,4,121,99,55,10
12,28,0,10,8,6,258,83,70,173,235,213,93,147,344,354,103,272,510,373,48,470,543,191,312,571,383,115,512,484,52,415,34,200,311,580,354,190,590,504,16,556,629,162,469,712,362,320,773,601,130,818,865,174,739,1113,607,438,1186,12,25,4,20,55,49,3,58,39,14,5,16,4,4,10,8,4,14,8,17,13,13,45,10,17,6,24,17,5,17,2,23,39,19,2,1,28,3,37,38,58,0,48,0,7,31,11,9,19,37,10,37,18,48,21,24,4,9,13,15,8,16,22,8,22,19,8,0,15,5,0,2,5,8,11,7,25,13,14,15,2,17,13,3,15,24,25,40,10,2,8,5,15,1,15,24,12,19,19,36,21,5,29,16,2,3,29,6,18,1,43,10,32,21,34,1,17,3,30,2,3,24,6,24,5,29,24,0,23,17,18,0,1,5,11,1,7,17,10,8,31,28,5,73,48,4,36,3,15,5,10,18,13,15,19,59,28,30,37,32,20,21,54,9,20,71,26,17,6,39,29,34,24,8,35,30,5,20,24,53,31,10,37,18,53,29,3,17,54,25,3,17,29,99,2,8,29
0,22,34,42,31,5,33,68,142,186,228,242,218,132,28,247,422,478,362,100,228,489,584,444,138,231,503,552,369,19,329,545,36,268,100,428,577,468,128,272,585,624,379,52,478,702,627,240,259,707,857,659,125,510,985,1088,713,44,675,20,27,8,5,17,22,28,45,32,19,6,15,10,22,6,27,34,19,52,40,2,20,10,30,7,25,22,26,20,18,57,9,16,18,45,15,23,35,20,41,29,42,8,11,19,31,10,72,17,5,5,23,23,7,23,24,5,24,41,7,14,7,0,1,18,16,13,8,10,5,5,18,16,21,5,7,2,40,36,43,2,12,30,26,34,5,24,33,14,11,21,13,22,9,9,3,45,16,5,7,13,19,23,1,21,1,12,3,24,6,25,42,22,35,1,8,3,4,6,45,9,39,42,31,16,9,3,29,25,32,37,57,5,29,33,36,9,7,1,13,16,32,7,89,1,30,89,38,3,75,25,25,9,10,6,26,1,23,10,67,4,22,32,15,25,15,62,79,5,60,46,21,40,28,32,16,3,7,16,2,26,2,2,34,1,5,19,1,11,2,34,14,38,16,36,37,4
16,192,1000,6,170,72,23,304,525,610,211,598,995,542,305,817,640,35,322,212,65,302,525,188,492,997,881,109,1277,1321,212,829,309,586,28,555,420,25,94,409,177,501,880,628,151,922,1020,224,637,736,237,140,68,48,46,443,490,131,676,271,153,227,181,522,102,417,61,133,32,208,87,84,147,235,88,209,238,22,149,67,3,21,4,13,11,81,84,71,146,66,112,171,58,235,19,249,192,190,152,125,161,36,206,161,113,373,231,208,426,183,221,295,64,159,121,61,73,95,130,147,311,56,440,233,123,87,51,12,39,75,43,35,261,85,125,468,114,339,147,256,119,314,271,208,441,99,407,422,141,544,207,394,406,76,347,133,221,286,84,439,137,306,501,186,303,527,165,391,376,101,307,60,228,296,44,478,322,270,498,203,143,361,224,102,112,90,220,362,219,273,510,247,434,224,408,150,519,681,73,697,394,311,812,599,300,1016,662,259,694,372,118,208,96,295,97,487,778,400,516,1154,835,336,1166,861,728,620,255,75,8,161,214,2,364,521,230,214,514,589,249,411,652,175,196,86,73,87,415,584,45,1003,1153,542,161,122,122,26
59,127,96,85,28,112,213,370,94,535,981,849,114,760,1111,765,122,347,415,278,190,274,445,437,16,571,1056,991,370,536,1156,1042,50,416,743,462,16,142,142,362,211,406,845,685,34,640,786,413,59,264,168,0,36,208,439,300,202,739,795,202,341,138,238,297,113,369,203,33,25,9,523,134,348,485,217,116,238,143,5,2,97,151,61,157,320,229,69,303,188,94,311,160,221,424,290,92,437,305,45,147,65,112,160,40,282,277,8,262,197,70,206,104,109,218,109,73,142,83,4,23,10,25,118,85,101,158,63,120,7,109,188,61,1,165,115,75,10,5,84,69,108,163,67,341,313,108,531,580,173,380,534,244,137,147,105,257,23,411,604,229,547,694,464,143,589,503,3,420,371,109,478,314,282,718,507,222,765,650,28,515,525,10,411,348,156,600,425,56,87,248,255,365,285,316,438,126,121,228,397,23,508,682,234,452,811,600,95,611,637,177,323,404,18,369,266,261,740,641,102,620,1019,835,133,612,138,589,96,213,181,23,47,147,502,764,500,272,968,1091,553,134,558,567,371,177,98,75,48,90,363,557,550,185,220,155,330,123
12,70,0,58,13,2,21,152,47,130,4,154,45,63,122,260,161,7,23,83,118,132,193,7,33,88,72,184,63,57,14,65,82,148,46,140,59,37,99,125,101,58,120,7,4,93,66,80,16,23,21,11,65,40,21,96,172,8,139,193,6,61,6,170,111,86,80,23,135,95,7,201,92,12,56,54,11,54,136,127,115,134,85,40,115,6,54,20,141,133,61,98,121,22,43,33,52,148,1,38,168,125,34,36,132,40,56,23,23,27,20,29,29,7,112,49,29,23,50,23,37,32,30,10,13,35,57,23,14,38,16,22,0,7,43,111,256,399,521,607,622,544,402,177,49,260,444,532,584,506,345,136,48,201,304,361,353,235,112,3,99,169,204,238,269,330,348,347,332,229,75,96,237,371,510,644,797,957,1106,1199,1233,1158,1003,756,470,227,9,141,104,106,69,123,3,124,110,72,170,192,77,124,28,178,30,21,235,94,67,10,56,68,80,120,32,37,62,19,138,49,82,92,47,12,87,93,17,129,154,3,90,49,7,39,41,80,236,4,67,73,69,131,157,36,264,186,35,186,60,62,47,41,2,21,153,50,69,33
3,16,0,48,41,46,44,46,4,73,80,23,135,147,3,14,41,19,52,34,29,164,61,32,74,109,24,23,20,58,14,27,32,21,37,62,93,12,75,48,66,90,22,9,30,46,148,87,33,84,5,102,79,145,5,47,56,87,179,92,167,76,72,81,121,13,3,56,34,113,560,1069,1296,1198,808,264,273,673,872,877,648,263,194,641,957,1032,825,363,276,940,1487,1814,1866,1678,1301,823,75,51,340,436,335,99,228,568,806,893,814,622,353,120,37,63,15,155,303,412,414,300,66,217,486,648,672,4,13,3,0,38,20,27,7,14,22,1,48,24,20,13,42,3,46,66,27,2,18,69,70,7,81,6,9,108,14,9,206,45,3,30,101,18,24,7,46,151,21,2,68,112,26,103,55,66,64,45,58,33,48,13,6,62,29,12,10,30,41,20,104,61,12,0,100,0,59,39,7,22,14,9,35,63,9,21,43,87,33,16,25,9,68,48,10,27,43,108,9,26,91,92,17,48,44,157,150,29,47,109,106,76,7,50,73,24,53,19,17,37,114,21,33,62,41,16,21,76,99,193,15,51,93,82,50,88,34,24,44,10
10,39,19,173,10,141,334,542,576,403,58,378,775,1007,1007,770,386,41,390,579,572,408,159,66,191,134,92,431,780,1028,1072,889,26,6,445,736,755,498,33,497,963,1220,1252,1035,635,150,338,714,923,956,848,658,500,405,409,481,576,629,626,120,95,7,56,172,77,65,40,105,12,63,676,743,603,264,204,709,1148,1429,1492,1337,996,558,142,147,237,118,130,401,594,607,433,116,283,644,893,976,58,653,400,199,150,270,517,796,984,967,723,274,278,790,1125,1206,1034,699,345,116,60,157,297,351,243,28,371,19,9,28,22,41,32,34,29,37,17,53,180,221,154,14,158,296,364,343,258,142,36,49,113,169,243,320,392,432,413,316,138,85,298,444,472,374,0,65,273,404,423,314,120,106,321,456,500,444,314,184,77,33,58,135,207,234,182,51,144,349,487,497,369,43,19,68,44,1,39,260,68,172,100,61,473,467,406,315,205,97,24,12,60,152,232,269,211,58,146,329,418,385,237,40,146,232,193,39,193,427,5,703,703,625,506,332,175,23,78,135,116,34,58,129,148,74,78,254,407,480,445,320,119,79,242,326,336,48,40,78,87,28
6,1,2,5,8,3,961,602,77,781,1212,1251,899,285,356,842,1035,954,588,126,253,387,194,229,707,1000,936,479,157,807,1268,1374,5,504,190,774,1034,911,354,382,1026,1348,1192,622,126,797,1212,1247,962,454,52,417,516,335,52,459,667,555,136,3,0,3,4,4,6,1,1,3,3,2,1,2,6,1,1,1,2,1,2,1,1,2,1,1,4,0,0,0,0,3,1,0,3,0,1,6,3,4,2,0,0,1,0,1,1,3,2,2,0,0,0,2,1,0,1,0,0,4,1,1,0,0,1,0,0,0,0,0,0,0,1,1,0,0,1,1,0,1,0,2,3,2,0,0,1,0,1,0,0,1,0,0,0,1,0,3,2,1,1,0,0,1,1,0,0,0,0,0,2,0,2,1,0,0,2,2,3,1,0,2,1,1,1,5,3,0,1,0,1,4,3,2,0,0,3,3,0,1,1,0,2,3,0,0,0,0,1,2,2,2,3,2,1,2,0,2,0,1,1,3,2,5,3,1,1,4,3,2,0,0,0,0,1,1,3,1,3,2,1,0,1,1,7,1,4,2,0,1,1,3,1,4,2,0,1,3
105,0,21,30,901,1152,1213,1095,776,348,165,676,1095,1340,1393,1225,845,317,298,891,1341,1590,1598,1335,855,212,491,1155,1624,1833,1752,1377,16,16,777,1385,1723,1778,1535,1065,421,279,923,1359,1554,1472,1159,675,95,492,940,1229,1278,1124,767,341,144,576,867,995,952,23,12,22,4,7,8,9,20,4,9,3,16,0,0,6,6,6,3,6,9,7,9,6,6,0,6,0,0,5,2,0,6,4,3,5,2,2,6,2,3,7,5,0,1,1,3,5,5,0,1,0,7,0,5,2,3,6,0,0,4,0,4,4,1,0,2,3,0,3,3,0,1,0,0,1,1,0,2,4,0,4,3,1,2,7,0,0,3,0,10,0,1,3,1,2,5,6,0,7,4,0,0,2,2,0,2,3,0,0,0,0,2,0,2,2,1,2,1,6,0,2,3,2,1,4,1,0,1,10,2,2,1,4,1,2,3,0,0,3,2,5,9,3,7,1,0,0,5,0,2,0,0,3,3,1,6,6,3,5,1,1,9,0,6,11,3,7,4,5,8,1,3,1,9,0,4,6,0,4,10,6,2,1,3,8,0,10,7,9,9,3,2,4,12,34
13,71,369,344,468,36,893,665,26,401,229,7,101,355,404,169,258,736,999,676,167,998,1142,614,74,473,477,314,129,74,232,347,262,506,1016,914,136,781,1110,696,103,603,438,18,232,32,477,635,151,595,969,652,143,717,636,89,242,160,82,320,141,286,158,655,290,401,179,456,160,414,58,168,105,89,237,243,30,247,321,155,162,298,36,251,263,65,425,441,39,424,487,165,228,294,23,221,466,187,381,216,138,352,196,121,283,108,233,329,69,288,322,17,246,179,154,308,108,187,341,211,38,176,193,155,1,12,306,164,22,60,99,184,133,8,165,54,278,172,289,560,250,336,559,224,268,390,74,258,253,87,361,170,349,564,152,507,730,275,404,637,230,236,398,94,304,393,30,457,575,172,354,563,248,232,427,165,344,514,108,519,723,253,487,831,584,139,776,390,425,383,529,443,281,506,265,309,209,778,626,998,620,151,654,494,160,647,378,461,1009,723,188,988,1104,487,393,863,682,90,366,337,49,326,100,387,374,503,159,820,996,512,327,854,729,62,479,387,132,492,298,284,717,670,141,492,913,749,137,518,879,693,245,413,82,22,284,161
37,31,51,8,401,74,166,194,122,55,63,367,84,533,72,114,267,486,209,73,126,140,197,183,230,429,384,47,234,42,137,211,201,117,156,266,56,84,119,104,260,173,43,7,118,67,55,61,11,43,278,192,387,399,180,451,384,155,14,171,27,14,32,18,9,68,48,105,49,275,25,98,32,91,360,47,24,186,74,159,70,265,136,31,26,164,393,45,332,220,42,83,101,122,17,79,12,72,126,67,94,12,253,38,172,148,11,131,75,58,135,173,32,222,202,139,156,225,193,21,122,12,56,28,72,36,61,56,119,62,14,62,129,42,164,531,302,232,362,134,3,57,7,308,531,216,499,904,533,393,1063,931,59,746,983,381,445,707,204,285,59,242,539,94,679,1016,421,745,1372,892,279,1130,924,196,320,302,261,357,529,282,529,1245,1006,68,1249,1393,502,122,11,46,60,299,508,120,29,47,251,92,164,110,248,247,142,365,185,294,73,165,82,70,101,124,89,59,28,238,325,189,295,19,20,88,93,16,186,75,222,228,190,44,63,120,7,208,203,209,198,121,342,138,186,10,148,111,264,150,11,129,19,166,115,55,46,18,67,38
1313,467,32,301,42,571,845,965,548,187,205,412,621,380,191,954,994,684,160,273,963,1281,688,162,885,663,143,23,509,1264,1382,780,65,526,123,319,282,542,1168,1024,309,255,129,300,593,216,505,876,636,28,73,147,435,403,1,518,515,191,74,89,367,486,101,245,241,21,43,72,282,391,220,115,134,74,264,19,248,467,248,156,202,94,291,105,258,419,107,266,260,149,377,177,332,487,190,251,230,140,340,108,345,331,21,263,160,136,281,25,308,226,66,343,48,251,267,84,268,59,266,291,24,203,139,139,272,262,81,256,161,369,68,89,30,35,78,42,296,255,237,439,85,320,175,304,378,115,649,428,120,356,36,459,257,336,739,425,294,362,144,570,365,346,785,483,121,424,68,636,535,179,716,515,177,543,15,707,803,196,556,606,150,574,345,457,862,493,254,573,54,713,895,179,603,686,39,618,472,375,942,649,248,747,289,557,891,198,821,1049,361,505,400,274,972,718,42,790,714,192,292,5,755,1218,807,104,598,411,12,221,229,985,1190,871,80,308,43,313,467,74,767,1130,721,10,65,291,678,585,71,556,630,391,9,20,370,798,873,820
12,54,53,152,15,52,347,640,143,561,607,140,859,715,194,957,827,14,739,729,134,341,280,52,74,318,554,132,675,993,382,608,236,435,412,665,111,580,538,308,1079,836,351,1392,1255,53,1098,1271,530,350,732,596,291,69,119,381,629,556,40,52,40,45,6,60,42,16,121,45,28,171,262,878,831,60,1131,1423,570,766,1479,996,182,958,774,89,264,38,180,119,673,715,16,890,1058,368,555,934,76,50,360,258,154,330,502,127,719,1222,660,638,1477,1006,310,1165,854,44,526,350,91,145,180,176,631,513,229,5,97,1,34,2,4,18,9,24,26,35,122,176,35,266,228,89,357,291,42,312,302,95,115,248,281,152,153,423,369,57,462,443,2,418,391,26,8,260,145,374,154,290,470,168,330,526,267,160,385,283,62,70,73,103,217,270,55,331,499,171,364,521,74,35,72,51,126,10,96,5,112,4,94,81,263,210,456,366,66,187,224,103,42,112,110,137,416,351,98,461,349,70,282,85,207,166,203,493,323,232,14,604,20,568,683,328,174,441,388,159,33,93,114,194,307,241,100,487,504,73,362,391,61,206,134,116,266,45,94,104,16,75
1,46,79,13,109,35,87,27,1,63,2,34,49,90,10,70,25,45,96,15,83,23,55,30,38,31,108,63,19,33,3,118,106,44,18,15,28,32,9,79,58,74,7,94,166,38,61,58,7,38,22,14,90,5,20,87,41,10,56,36,84,24,15,0,65,67,138,169,88,27,222,556,861,1096,1195,1186,1063,831,523,184,183,495,713,812,759,577,311,1,296,577,760,865,844,709,433,107,40,475,639,665,588,420,232,30,131,226,232,182,47,117,285,417,457,408,276,84,112,284,366,344,256,96,63,15,27,11,23,18,3,11,2,12,41,3,20,51,32,20,19,28,32,18,53,12,20,4,47,12,32,44,34,7,36,48,45,26,20,48,26,53,3,18,5,84,3,30,40,26,124,5,20,60,10,12,6,22,22,9,53,22,107,86,11,113,33,25,22,48,28,28,137,52,77,70,20,81,27,38,69,44,69,109,45,45,29,80,104,31,28,44,53,12,39,122,23,27,77,79,16,93,0,18,78,31,37,11,132,70,70,3,9,20,51,159,12,15,12,92,29,62,20,48,75,26,5,33,13,122,83,58,149,38,91,64,3,1
61,11,160,104,324,39,846,21,668,453,86,133,161,87,514,836,166,927,1224,365,864,1290,611,399,989,784,103,446,532,360,227,76,667,775,687,133,1003,982,67,742,739,138,236,191,115,194,280,152,280,616,433,234,725,374,318,495,59,428,10,359,351,54,101,123,398,670,545,42,190,184,85,48,54,70,21,23,37,49,175,124,81,236,124,59,105,27,10,43,71,49,82,247,182,149,326,26,154,73,422,223,424,551,95,578,252,269,244,132,127,238,307,150,475,171,322,361,57,303,59,200,93,157,115,111,12,393,89,54,45,25,73,184,155,32,110,149,50,73,183,196,182,444,94,363,306,84,150,79,89,242,348,33,462,364,194,504,101,436,302,304,268,109,562,136,505,390,364,669,8,690,487,331,670,164,503,453,219,565,134,515,509,165,653,338,385,615,105,122,206,154,264,230,337,248,959,125,361,193,941,49,744,491,244,433,76,455,12,690,602,317,989,641,366,938,517,281,542,133,177,33,351,145,528,817,414,774,1136,375,718,1115,497,395,806,502,141,403,149,82,167,419,101,632,783,85,700,693,96,406,414,266,14,348,241,341,196,77
14,185,0,163,154,20,49,32,27,76,74,146,105,44,12,164,54,102,42,160,41,193,79,185,144,181,160,235,22,44,4,90,158,20,132,114,173,87,162,64,97,139,61,132,200,101,50,55,6,83,139,13,35,143,313,73,15,47,187,171,203,127,79,37,142,120,48,40,32,2,127,96,71,17,89,71,116,133,38,43,224,139,6,0,128,168,77,79,80,151,62,37,90,58,113,180,21,137,48,2,7,12,39,198,135,60,71,91,56,31,151,182,24,13,25,81,70,27,79,67,58,22,22,44,27,14,24,5,15,80,49,26,8,21,261,355,371,259,10,305,592,672,417,29,511,820,743,368,133,514,634,493,218,11,111,110,60,71,91,129,71,132,111,83,51,2,112,252,377,520,519,330,2,382,740,911,828,484,34,611,1079,1254,1016,531,96,671,992,80,133,149,120,40,102,54,36,77,182,51,322,86,154,127,83,197,285,28,92,243,85,113,45,74,50,65,47,69,209,268,153,22,280,207,155,6,230,59,109,3,190,47,24,303,114,38,128,196,249,182,42,118,6,58,92,46,143,122,107,47,93,41,73,187,43,84,151,28
120,342,290,155,243,256,51,134,93,113,278,830,255,31,153,440,663,525,504,161,164,546,782,432,184,99,390,65,154,157,503,98,203,15,405,202,793,788,140,65,432,302,526,367,155,237,754,147,88,261,411,581,720,445,271,99,722,286,305,236,540,71,153,823,387,33,528,900,385,344,542,216,1028,674,1028,858,859,973,335,1021,110,550,392,367,538,383,347,296,232,287,120,467,240,611,124,526,172,594,360,486,414,508,293,305,396,278,325,293,460,274,431,405,574,363,469,291,665,260,606,212,527,165,318,293,191,91,169,208,245,136,134,112,74,363,353,355,321,54,142,22,219,390,533,5,40,310,255,317,411,324,363,47,155,390,0,147,348,854,472,497,82,452,109,70,689,332,645,85,109,278,178,500,28,667,424,91,702,181,99,312,109,387,493,566,307,279,602,151,594,239,511,563,264,173,119,328,28,632,1461,42,247,936,77,528,1233,1026,716,509,810,788,326,884,285,581,564,771,146,615,599,126,438,390,237,248,392,342,531,334,89,806,245,468,726,302,974,262,194,1264,389,5,9,459,562,531,702,341,42,252,23,547,1166,59,622,147,137,291
187,227,355,643,307,25,182,131,423,0,7,215,326,462,196,580,1215,1017,334,1647,1784,391,1129,1714,946,309,927,567,62,101,181,619,455,564,1089,784,382,1212,1030,61,788,818,197,345,541,3,561,413,311,473,353,113,251,203,4,153,431,118,439,851,341,942,138,562,719,373,323,747,198,331,28,343,189,753,566,629,204,13,109,175,410,363,365,707,1039,687,625,523,130,358,121,977,11,5,319,663,559,333,293,567,154,491,871,121,267,205,525,115,259,417,384,133,191,81,3,186,351,28,252,385,2,245,265,99,101,173,121,41,77,89,28,11,58,37,56,266,134,167,196,88,209,367,483,241,505,97,195,275,60,1013,3,49,727,490,53,313,591,260,225,63,461,239,745,334,155,158,445,168,253,57,521,307,673,4,34,126,557,213,535,99,111,361,527,467,223,299,549,53,107,341,717,413,653,543,403,143,385,161,523,61,284,41,409,647,315,296,2,118,567,503,30,57,481,173,805,484,897,139,297,41,851,34,366,155,182,143,901,35,483,461,210,204,443,185,237,126,92,649,128,281,811,239,701,313,523,26,495,320,149,157,299,48,28,471,360,401
25,98,430,176,310,502,860,173,674,1103,918,281,528,1091,1116,452,434,788,429,33,104,143,478,473,41,631,1056,1000,317,621,1258,1049,3,419,560,372,33,94,100,458,398,78,592,808,654,98,579,898,517,174,457,215,196,287,90,402,396,151,134,196,571,133,531,266,290,32,417,847,188,91,185,362,321,95,206,358,217,128,377,227,139,238,112,151,219,72,173,312,147,173,303,127,73,103,2,101,587,69,241,234,20,308,394,91,231,332,134,107,202,148,46,190,152,29,95,23,42,5,51,35,32,58,25,144,112,28,185,7,177,181,30,81,23,92,218,75,216,208,103,270,49,270,275,44,371,352,66,439,410,57,434,349,21,311,281,63,376,271,215,592,75,271,712,539,149,684,553,83,547,476,34,464,636,186,524,782,289,431,706,417,65,427,448,136,120,181,38,491,217,30,191,389,42,282,257,43,92,371,342,43,374,346,11,387,565,511,126,394,631,348,90,202,68,297,300,11,457,883,820,198,662,1122,859,147,13,441,263,88,24,205,565,535,99,856,1122,686,161,902,931,332,273,375,164,45,126,26,220,431,399,12,507,125,53,139,591,132
1,51,45,13,2,177,598,457,200,133,477,756,903,892,728,448,112,221,470,610,610,487,271,9,237,412,487,426,222,69,423,746,129,1029,905,612,202,243,657,962,1120,1111,955,691,366,18,290,544,706,758,699,550,367,183,52,18,91,252,461,144,141,21,26,33,29,97,15,50,125,70,588,567,443,213,118,501,894,1231,1449,1508,1398,1135,775,404,82,108,134,18,222,503,784,1012,1150,1177,1084,893,76,363,133,14,47,214,492,794,1059,1201,1189,1006,669,237,206,571,771,789,645,411,198,83,108,260,479,662,753,31,15,49,32,16,5,36,38,39,3,15,184,251,253,189,65,80,213,304,347,342,312,289,266,266,273,270,253,193,87,41,208,360,468,507,470,350,52,30,238,408,500,505,421,281,97,85,228,319,328,276,186,84,10,12,24,107,233,361,466,534,547,495,394,5,9,144,89,137,70,152,56,21,120,4,39,153,249,317,336,314,259,187,114,60,52,94,185,301,414,487,492,400,244,37,151,286,337,290,174,6,311,321,437,517,557,586,573,520,437,323,204,107,59,77,148,257,388,499,558,557,483,342,144,45,185,244,222,80,28,7,53,28
13,5,1,13,27,69,263,162,94,33,22,107,222,319,370,320,161,84,321,506,532,375,93,234,491,566,453,159,172,456,552,455,12,198,482,588,463,149,244,549,650,487,140,281,609,712,533,134,343,728,844,652,176,414,917,1111,923,374,336,57,3,7,32,72,20,9,30,27,71,28,47,35,5,5,9,13,12,29,13,24,18,58,6,17,39,2,22,56,28,36,46,0,25,13,14,20,31,20,42,13,64,10,23,20,0,33,13,13,19,15,39,4,45,15,21,12,17,2,25,14,10,13,22,4,7,5,5,18,15,10,2,17,7,20,12,5,13,16,13,25,22,5,11,27,8,20,4,18,18,24,10,16,18,23,31,2,2,39,10,47,21,92,51,41,1,0,6,16,1,8,47,31,58,52,26,10,5,50,10,1,42,17,39,28,14,28,38,45,12,18,14,14,5,31,5,11,6,11,14,27,9,27,24,19,17,28,29,47,32,86,4,33,28,80,30,27,88,60,22,3,56,56,1,5,20,17,12,10,9,25,3,17,24,4,13,37,17,8,18,23,20,28,1,27,6,29,4,2,44,68,28,47,38,34,17,6
57,32,65,532,254,39,356,458,647,176,986,455,309,961,527,628,628,324,316,650,177,25,341,451,663,186,774,1228,306,1364,583,495,536,310,456,372,60,112,124,240,675,307,756,838,51,626,786,198,804,16,179,134,63,186,420,45,456,194,144,323,40,236,23,691,334,172,18,578,39,19,50,47,176,19,332,68,340,20,169,211,71,329,53,295,78,169,232,173,210,233,131,296,163,380,200,331,250,78,123,150,177,106,129,6,72,43,181,205,336,392,393,473,357,304,178,83,64,138,169,282,328,150,237,150,167,91,77,60,35,220,74,47,11,16,203,329,167,346,61,294,95,282,191,283,123,411,13,576,19,539,25,261,138,12,330,75,448,317,470,285,498,173,639,571,614,452,382,138,132,115,53,382,82,620,270,538,350,113,417,215,554,152,496,201,309,726,651,139,28,61,323,1021,317,306,360,240,180,432,56,187,180,594,246,991,12,879,409,324,529,40,235,119,134,360,579,87,904,630,411,1132,560,812,960,44,881,309,60,133,187,35,750,386,833,901,123,973,796,435,1053,242,578,444,19,262,170,26,501,6,65,891,574,635,415,29,192,163
163,229,193,308,198,268,891,1173,595,32,181,191,178,300,584,650,161,506,937,941,610,103,993,1255,657,201,575,385,204,314,423,296,230,525,770,655,259,340,786,781,226,377,490,89,194,75,503,445,122,765,811,160,656,845,345,293,442,313,336,56,322,469,105,362,251,101,351,82,53,306,329,128,96,182,87,9,62,107,55,178,132,33,67,95,52,42,95,11,116,159,21,175,240,35,152,119,108,212,21,357,393,111,242,386,258,14,147,55,129,36,237,397,142,227,361,133,82,106,25,118,66,91,201,22,403,202,42,21,214,130,240,127,139,63,18,76,192,153,172,403,177,277,456,157,243,308,64,225,192,181,461,179,404,640,256,374,573,194,251,340,240,183,191,53,274,249,52,445,454,27,577,632,7,639,616,35,517,505,28,415,459,72,420,614,276,390,827,18,497,255,168,182,53,51,180,51,376,33,907,461,284,805,612,95,569,339,241,559,297,338,772,621,54,658,652,169,229,238,11,123,32,276,504,423,323,477,839,701,138,537,902,666,47,489,418,15,183,90,442,410,36,511,648,420,26,420,550,422,68,148,275,108,283,282,352,181
137,16,10,7,1165,1081,901,659,325,50,445,808,1109,1310,1406,1396,1253,976,613,183,288,764,1178,1486,1668,1712,1590,1313,919,424,146,723,30,1608,1804,1839,1696,1391,976,482,46,561,1009,1329,1499,1526,1402,1166,815,410,21,440,783,1041,1154,1160,1063,854,587,286,16,0,19,14,2,17,13,13,7,1,6,7,7,6,2,6,3,5,0,1,0,0,0,1,0,0,8,1,4,2,2,3,2,1,3,1,1,1,5,2,1,2,3,2,8,2,3,0,2,2,1,1,2,0,2,4,0,1,3,1,1,1,1,2,3,1,3,2,0,0,1,0,1,0,4,0,1,1,1,0,0,1,3,1,2,5,2,1,6,1,0,2,1,1,0,1,5,2,1,3,3,3,5,1,0,2,2,6,0,0,2,3,0,0,2,0,4,3,2,1,1,1,0,4,0,7,1,0,2,2,2,5,5,2,4,1,9,5,4,6,1,3,5,3,4,10,6,2,6,8,3,1,3,4,2,1,4,7,6,13,7,9,10,5,0,1,9,16,11,6,13,2,5,6,6,7,7,5,2,2,10,0,11,2,7,8,8,6,7,8,5,7,5,6,4,2
172,77,16,215,168,519,232,476,667,573,171,350,777,886,562,51,402,593,489,224,38,31,104,68,162,613,922,919,447,246,833,963,323,126,277,369,174,52,14,293,590,533,5,706,1120,963,327,347,715,653,356,169,145,174,66,156,417,491,313,48,292,111,232,293,251,250,18,5,429,43,348,76,163,336,346,230,49,141,234,217,114,35,32,122,212,206,50,139,183,53,173,240,182,46,191,144,1,261,235,101,56,66,52,113,58,124,182,49,202,413,373,162,42,95,40,152,104,37,173,166,24,120,117,42,221,26,261,199,192,70,45,2,19,141,158,142,42,52,38,49,37,104,299,299,45,334,534,366,53,435,435,151,171,182,70,334,322,45,468,616,369,217,607,589,230,179,351,246,45,220,214,18,102,56,122,301,260,63,233,366,225,67,345,362,151,173,438,618,243,643,109,192,273,188,423,178,92,295,292,465,333,12,498,744,584,98,361,474,138,304,500,295,179,496,318,243,758,843,377,363,917,990,630,135,178,194,57,58,36,257,529,623,389,135,714,992,794,268,336,617,507,213,42,80,77,166,1,255,568,706,587,262,448,219,542,40
35,13,67,71,30,91,73,21,106,125,86,43,39,92,75,156,178,156,12,26,10,26,64,51,5,151,68,79,36,81,85,4,60,48,16,90,56,171,55,26,138,119,121,106,145,38,108,84,87,142,116,75,28,81,42,14,131,112,177,96,175,92,40,132,130,13,121,154,65,67,97,75,35,101,0,5,179,119,120,117,8,44,33,25,99,32,0,56,1,73,64,44,55,112,43,39,53,10,113,38,39,74,145,112,82,78,16,40,85,7,50,91,11,68,39,34,15,40,46,30,27,3,70,48,7,11,33,0,34,15,15,55,12,111,358,406,423,383,286,121,70,288,446,516,499,383,199,29,293,539,666,689,632,508,360,183,16,110,129,109,126,26,50,126,191,270,372,492,689,847,932,953,923,901,878,795,708,577,417,241,19,150,268,300,215,36,168,73,128,13,90,152,65,105,43,109,50,6,13,54,102,85,110,43,154,48,87,30,189,81,33,33,4,80,25,33,200,71,4,98,24,152,107,36,225,94,41,14,66,15,165,101,68,98,6,83,0,27,94,0,223,135,22,56,7,104,89,38,115,75,112,5,74,65,56,47
29,17,45,28,19,127,360,67,473,716,665,338,139,611,932,982,799,426,3,344,516,469,264,12,223,263,89,256,637,917,954,736,1,166,538,670,533,150,342,789,1054,1029,714,197,407,921,1223,1260,1073,758,446,228,154,180,258,307,269,142,61,2,31,165,149,118,121,82,59,90,42,5,415,759,1013,1071,870,433,157,736,1160,1325,1204,870,453,97,86,56,149,412,623,672,499,152,291,693,947,978,101,520,245,90,122,315,570,721,659,327,214,804,1251,1406,1220,784,259,167,371,356,209,86,103,275,526,707,696,25,69,30,36,19,49,18,17,43,1,36,3,173,272,273,170,9,161,287,357,350,296,218,134,50,36,141,269,385,454,443,315,103,130,313,381,312,90,79,263,352,316,160,67,295,457,513,441,291,130,10,28,14,81,108,73,33,198,356,464,468,344,114,171,72,123,12,29,95,39,86,59,46,8,79,67,230,330,363,333,259,171,103,97,159,274,369,388,294,84,166,337,384,277,74,136,247,231,84,139,373,94,658,653,551,362,147,61,203,257,233,163,101,57,72,136,258,380,456,441,312,95,140,298,314,197,11,166,78,56,65,14,12
6,261,213,276,49,342,90,291,54,500,646,56,959,882,346,1244,638,622,886,198,283,141,223,544,333,632,1117,293,1031,1226,24,1096,317,216,786,368,171,129,7,270,379,103,683,474,434,828,212,604,601,111,466,144,167,44,129,275,429,187,664,760,92,334,153,155,419,165,168,155,14,233,175,226,125,256,34,304,179,139,269,37,168,120,71,22,158,0,343,245,274,456,28,376,173,190,102,136,167,213,106,167,204,56,173,8,168,35,190,128,177,195,106,141,128,105,236,198,225,263,111,210,64,127,100,120,101,73,196,143,1,18,2,95,141,112,179,205,135,154,71,64,66,56,147,113,308,10,384,155,361,269,269,330,173,311,183,349,195,415,131,572,18,598,435,333,538,77,461,38,345,69,356,167,325,312,190,397,79,509,93,542,394,386,597,8,406,296,32,84,356,260,587,407,275,186,75,422,140,258,643,238,535,261,647,125,856,360,696,800,115,728,240,462,211,458,194,630,677,378,1089,357,829,926,61,791,848,261,389,23,190,190,364,244,762,187,808,775,277,882,300,470,476,5,253,12,46,213,308,256,675,120,668,262,50,417,154,259
3,1,0,3,3,5,278,407,1006,1273,1178,756,173,425,905,1137,1124,889,471,21,312,434,273,121,605,1024,1189,1047,613,10,607,1093,4,1291,941,349,309,876,1149,1070,615,52,765,1311,1547,1422,1020,444,104,540,762,734,483,84,309,555,550,269,200,2,5,9,4,4,1,3,2,3,1,1,1,0,4,2,1,1,0,3,1,6,1,2,3,2,2,0,0,1,0,0,2,0,0,1,1,1,3,3,0,4,1,5,1,1,0,1,2,4,0,2,0,0,2,0,0,0,4,3,1,1,0,1,1,2,0,1,0,1,1,1,1,0,1,2,2,0,1,0,0,1,1,1,6,0,1,1,0,1,2,1,0,1,0,2,0,1,2,3,0,4,2,0,2,0,1,2,2,3,3,0,0,1,0,2,2,2,0,2,0,1,3,1,1,2,1,0,1,0,0,0,0,1,0,0,1,1,0,2,3,1,1,1,0,3,1,0,3,4,0,2,1,1,1,2,2,0,1,1,1,5,2,4,0,1,0,4,0,2,1,2,1,0,2,1,5,0,3,3,2,1,2,0,2,1,1,0,0,1,2,3,2,4,1,3,3,2
141,26,347,754,328,39,779,62,609,492,137,61,61,82,272,471,349,94,630,862,551,194,909,1009,426,390,738,521,184,81,92,120,49,947,549,435,1183,1083,193,693,895,475,36,298,200,75,133,272,288,47,463,573,179,354,498,122,243,226,29,202,924,907,767,546,168,521,75,177,216,307,143,191,335,210,124,236,48,161,108,126,227,13,207,235,31,227,322,81,213,332,159,109,289,206,18,98,296,42,64,213,164,138,375,222,183,358,99,210,192,50,179,12,133,21,103,29,128,124,67,232,201,24,225,221,40,171,103,124,179,57,132,52,15,236,103,268,11,263,146,221,315,21,337,241,152,289,25,176,32,251,202,245,544,229,397,641,195,443,469,71,162,102,432,392,151,579,400,178,551,433,74,476,414,62,412,181,320,364,216,720,428,456,933,491,490,874,263,37,591,8,188,57,459,118,564,59,329,131,450,288,118,61,345,405,62,602,409,469,823,47,853,735,220,811,484,220,401,67,257,176,287,629,413,335,255,767,9,671,811,450,76,507,506,140,206,38,289,183,478,884,336,667,1063,493,431,820,539,1,337,511,512,379,595,367,64,310
27,13,98,31,49,42,576,618,537,327,32,316,639,897,1051,1081,1007,838,616,366,148,22,114,106,3,199,450,715,930,1050,1044,900,32,291,71,389,614,719,670,498,217,133,488,813,1074,1240,1288,1239,1113,932,733,549,412,323,305,350,440,559,679,92,77,72,42,33,72,42,55,23,5,15,459,413,285,92,159,452,756,1026,1224,1319,1293,1136,890,586,288,40,115,163,92,70,290,534,757,923,1007,991,126,685,446,228,60,19,18,187,450,771,1088,1342,1475,1461,1296,1022,692,381,143,28,32,136,282,413,464,409,251,47,28,46,7,46,1,60,14,29,64,70,215,164,71,48,178,282,351,381,385,359,323,284,254,233,207,179,129,61,29,143,263,373,458,504,483,415,23,114,77,264,418,518,545,496,392,249,99,39,122,149,132,63,28,108,170,185,145,61,66,208,352,456,523,54,19,11,109,52,100,112,10,118,25,71,500,440,359,261,169,91,49,47,101,185,299,394,462,490,458,372,240,87,58,155,214,199,133,12,134,296,6,576,661,698,696,647,561,462,346,237,155,103,99,127,194,302,396,486,515,507,434,316,165,9,127,236,320,54,136,72,16,0
43,131,27,204,23,6,343,120,221,196,73,5,142,171,287,81,44,163,331,110,110,27,14,538,8,142,163,199,269,24,153,386,132,42,193,146,104,117,156,256,368,48,87,227,100,197,161,159,172,178,118,224,26,78,123,23,213,213,10,175,161,14,300,186,223,469,403,316,217,98,92,308,121,17,294,57,113,43,61,125,62,135,233,208,102,127,109,350,62,45,29,0,45,24,97,110,96,148,31,8,61,198,44,231,214,116,37,71,60,86,27,4,113,127,72,206,12,63,36,281,13,114,113,109,85,45,42,46,77,22,1,31,50,31,275,210,512,237,204,241,100,100,150,34,422,582,104,677,916,389,515,1062,713,178,894,827,27,586,411,127,20,66,510,338,406,1037,734,313,1213,1103,79,864,926,315,195,267,249,286,517,372,431,1164,1043,107,1261,1324,314,25,17,360,47,270,164,226,212,180,197,137,280,158,56,8,122,156,72,20,133,56,87,50,352,47,178,14,16,252,19,1,54,202,31,127,9,47,190,25,432,165,51,73,438,92,116,224,88,54,470,149,117,141,93,159,143,138,114,150,232,166,71,0,232,52,125,127,199,253
0,33,16,39,106,82,1,19,99,33,1,12,0,24,16,75,58,58,14,6,26,39,16,15,2,9,54,77,11,3,112,47,13,37,92,153,4,56,72,90,13,54,48,39,51,9,31,37,9,25,38,19,108,58,34,57,34,42,106,3,62,94,41,7,81,32,70,29,70,1,932,1016,786,261,371,886,1154,1085,694,140,425,799,891,620,150,346,644,685,417,22,509,841,879,611,100,430,15,859,619,201,167,383,393,240,14,179,245,155,83,310,433,319,62,236,434,447,254,40,281,364,240,7,186,19,54,14,1,16,2,23,9,28,3,27,20,50,16,0,12,39,53,19,55,18,28,29,4,4,17,45,7,92,52,21,87,21,45,74,56,53,62,2,12,36,109,64,40,17,6,87,121,103,63,28,6,72,46,57,48,60,9,92,148,29,61,73,5,24,0,151,125,36,58,22,75,33,24,74,127,79,174,10,29,87,12,12,1,24,25,20,31,14,55,114,1,16,89,70,98,32,2,38,25,116,60,84,105,38,21,86,62,47,1,27,26,69,109,40,23,37,25,101,3,6,28,4,12,29,31,54,11,45,43,43,44,47
37,40,168,493,244,345,881,876,337,290,589,414,74,75,272,425,174,479,1021,1038,355,598,1193,1064,309,439,719,445,88,61,298,302,39,892,1018,294,754,1243,784,149,834,793,286,155,238,96,0,143,296,299,78,176,369,353,125,266,460,227,337,67,227,443,186,337,61,664,601,193,70,405,392,171,14,72,109,193,120,53,142,69,98,162,57,119,186,119,7,85,51,6,12,110,156,56,148,292,92,122,302,138,187,281,64,265,306,65,169,147,27,61,90,215,72,172,254,51,184,203,8,187,169,30,71,60,86,26,39,356,53,43,328,155,47,109,271,209,125,256,4,360,310,82,395,215,224,339,21,338,288,126,418,203,248,349,13,402,304,150,532,351,119,336,95,319,364,115,678,740,174,563,752,305,277,440,30,464,449,83,679,650,3,711,774,87,666,759,55,106,136,431,8,484,284,245,232,23,265,380,267,629,834,319,360,498,128,342,343,153,634,573,62,742,793,266,433,633,274,159,238,52,302,137,330,666,509,43,575,888,647,114,470,692,548,147,169,257,178,193,298,380,257,229,738,910,537,254,830,804,295,215,256,182,91,39,276,158
19,75,35,185,292,280,34,58,251,488,270,268,591,434,47,490,664,344,317,898,709,256,1108,961,191,1182,1033,167,1214,952,306,1066,224,444,557,18,280,91,429,77,578,679,35,859,1065,185,1093,1470,268,1322,1606,191,1360,1405,100,1093,1029,2,750,401,507,499,161,71,525,308,411,143,861,142,309,36,680,727,361,1319,664,993,1519,96,1401,1101,452,1211,456,626,718,103,492,94,439,141,534,477,406,853,475,771,479,373,369,269,185,581,566,689,1307,29,1590,1001,1049,1610,80,1461,624,918,844,366,713,66,454,12,228,54,297,15,207,205,94,24,118,66,82,171,240,210,417,24,392,160,161,123,59,173,25,388,428,229,738,331,497,767,196,534,675,78,508,431,52,239,133,88,307,377,248,823,416,666,988,144,793,723,58,499,323,60,10,134,433,420,237,907,538,533,1040,267,770,285,419,535,32,109,361,366,205,391,1021,286,860,254,477,563,126,260,215,19,74,120,224,71,537,482,260,985,679,588,1315,462,971,1145,129,1016,301,638,645,684,382,780,915,348,1213,537,657,827,215,212,279,417,492,1,857,1007,5,1188,1149,57,1086,930,89,486,686,14,283,199,48,71
64,155,27,525,52,565,406,504,223,54,179,292,379,320,11,346,582,652,367,406,1155,1196,277,983,1605,979,319,1315,1305,370,724,1120,14,365,634,176,383,354,186,574,424,168,631,683,295,417,882,830,111,872,1222,639,449,1237,1012,47,838,925,328,87,709,284,273,39,11,205,352,56,415,147,469,909,244,804,1152,348,852,1386,798,474,1363,1158,26,1003,1106,284,527,630,109,260,44,352,284,294,699,390,105,714,296,295,296,189,363,249,934,579,754,1609,783,1041,1864,721,1058,1564,430,908,1031,62,647,415,242,383,105,93,139,108,38,93,231,89,7,22,40,57,132,253,227,102,208,44,15,142,99,281,526,212,440,710,318,331,699,503,98,655,613,9,585,466,146,464,461,468,322,397,771,262,586,896,414,283,685,577,204,251,442,360,179,153,36,383,825,606,377,1115,707,359,852,328,313,471,373,225,80,185,417,319,339,37,32,530,508,218,4,139,190,220,120,28,36,27,47,380,668,220,826,1428,716,891,1815,971,727,1492,622,625,669,253,839,170,982,1183,155,1017,1150,407,365,516,316,337,519,253,608,1297,905,286,1246,1134,332,444,878,952,470,315,345,120,40,157
13,175,547,633,75,223,289,28,146,431,176,459,826,529,27,375,497,699,692,200,669,1279,1193,396,661,1503,1459,479,712,1335,1055,158,133,622,99,276,57,431,638,272,274,771,1044,808,70,1196,1601,993,311,1446,1600,718,585,1283,903,50,467,455,193,253,321,201,393,135,445,493,49,24,541,72,451,371,980,594,464,1218,997,73,1128,1316,524,607,1168,866,24,753,701,80,425,308,245,448,112,517,667,171,307,598,114,311,153,303,328,285,918,669,432,1408,1181,207,1554,1514,89,1351,1385,146,969,871,30,559,238,290,277,85,45,55,81,22,147,30,189,41,32,78,286,105,349,240,3,91,67,100,238,217,156,561,558,26,703,789,251,492,818,581,86,610,635,124,403,417,26,421,191,438,705,269,581,972,576,259,855,713,145,295,375,248,200,207,135,106,497,755,458,349,1049,975,7,501,759,747,569,268,153,465,497,231,761,86,1342,891,105,507,364,210,251,77,329,488,101,407,296,442,810,228,897,1389,593,825,1544,963,269,1003,748,75,1091,38,611,626,275,1151,1073,135,817,961,499,59,0,78,434,904,855,127,836,1297,962,14,842,1056,616,3,430,149,127,547,83,456
141,163,39,30,51,247,294,111,44,367,656,624,99,536,854,759,408,141,813,1297,1071,8,1184,1702,1094,167,1252,1473,679,465,1023,623,937,482,21,449,327,259,665,569,105,506,836,727,105,686,1119,816,62,940,1325,782,342,1181,1085,232,483,495,215,85,336,749,45,526,219,137,275,209,234,95,172,619,709,4,827,1042,341,844,1493,894,505,1484,1170,44,962,841,49,495,331,257,518,96,552,715,132,510,86,114,265,109,238,127,461,787,209,882,1313,335,1183,1653,406,1284,1666,377,1105,1243,164,771,587,148,396,14,312,30,103,50,0,219,167,39,69,75,227,137,397,108,490,240,212,316,91,28,27,108,380,383,100,629,680,158,465,806,536,102,638,688,210,372,470,99,35,74,330,397,103,750,785,81,785,1007,399,410,726,418,3,72,44,64,530,782,289,652,1113,637,351,826,623,599,633,475,419,327,287,30,387,671,533,153,469,924,445,210,406,198,73,113,14,102,19,197,49,460,777,274,697,1313,851,438,1422,1170,144,1156,815,311,707,42,921,704,519,1388,890,438,1229,890,42,384,331,296,542,629,110,786,1202,746,172,949,1056,515,394,897,620,38,303,244,138,30
17,7,465,683,46,270,432,72,79,282,320,30,329,587,575,336,67,473,807,960,687,204,1323,1838,1114,480,1776,1833,723,650,1307,989,325,449,315,180,416,24,640,927,566,145,832,1121,966,249,797,1517,1278,155,1056,1415,793,209,813,742,251,142,253,251,291,505,48,177,703,59,314,296,10,401,821,617,239,995,964,27,1053,1410,646,652,1425,1113,57,879,1057,425,389,668,223,419,505,80,692,559,233,810,16,192,603,272,281,251,336,723,183,899,1428,611,1033,1944,1164,689,1861,1346,235,1290,980,96,678,405,143,299,27,155,157,81,18,105,89,87,35,235,174,143,162,140,341,215,108,309,254,129,100,28,313,511,385,99,587,659,256,297,672,570,80,441,617,276,204,382,305,136,114,211,431,160,459,851,621,174,904,910,270,436,591,296,15,152,350,122,539,1006,695,271,1088,991,94,337,471,69,435,435,131,803,171,102,623,335,712,769,335,211,481,424,125,161,216,21,220,194,119,518,688,306,546,1210,1064,15,1198,1403,462,780,1069,240,507,601,383,1064,572,644,1394,895,205,862,760,335,151,188,52,610,1098,910,6,1015,1420,883,174,876,789,202,8,597,22,217,257,36
6,83,40,143,487,18,383,331,243,60,346,531,326,25,155,231,443,665,385,411,1108,1228,454,731,1605,1457,184,1231,1706,858,490,1165,140,179,490,12,452,176,500,709,270,174,353,601,865,428,729,1497,1015,279,1245,1321,559,581,1262,990,65,792,1092,425,286,141,445,302,943,289,164,749,307,403,263,368,852,408,691,1353,799,578,1524,1167,164,1145,1162,398,520,947,539,305,543,13,464,190,490,723,163,618,245,220,439,471,4,144,214,468,9,896,1115,58,1401,1587,102,1563,1584,67,1327,1232,60,975,629,285,495,21,255,116,105,2,95,65,157,20,4,209,141,33,144,79,337,326,38,354,290,73,37,121,332,385,1,564,666,220,455,790,535,205,757,599,69,485,342,73,375,2,404,337,249,808,648,184,851,810,137,507,633,320,30,205,167,153,275,242,47,529,745,249,697,1139,373,67,42,183,276,309,99,269,379,180,629,193,970,1112,262,533,615,202,160,203,49,145,243,121,414,840,454,711,1517,929,621,1720,1167,357,1269,663,401,513,749,733,198,809,1275,527,807,1467,763,328,681,464,381,406,102,517,945,845,74,952,1331,643,422,971,1058,617,507,337,369,46,29,68
35,51,196,61,211,70,357,63,143,104,533,19,510,67,27,78,53,389,105,24,395,158,53,9,161,31,2,39,441,50,270,167,104,223,439,165,275,622,9,345,251,280,51,58,26,28,4,167,179,345,46,91,126,6,5,195,471,187,92,101,217,202,156,13,103,364,268,122,89,291,150,299,102,158,2,21,294,196,234,11,64,126,287,316,283,49,73,3,399,274,99,108,155,107,205,130,290,102,22,19,51,106,225,17,103,48,161,82,33,147,112,30,371,107,62,42,137,89,153,41,31,79,47,97,30,20,12,35,23,27,64,57,35,55,297,600,364,119,318,142,7,9,36,229,311,65,622,687,15,852,1009,257,692,1014,455,427,772,328,276,372,52,323,3,590,606,191,1043,989,38,1053,1162,313,618,809,405,13,58,98,455,765,434,571,1393,1062,273,1409,1371,127,141,325,237,246,274,64,65,133,128,123,451,264,106,172,204,90,104,170,95,156,5,371,31,96,115,199,659,43,57,188,130,12,146,225,140,196,356,206,12,41,97,79,149,285,29,67,215,310,177,27,180,40,28,138,1,44,5,320,123,76,165,188,94,157,40,72,98,79
71,86,573,285,547,85,661,405,113,285,684,840,577,70,710,990,748,266,199,650,1004,1128,655,371,1439,1797,1048,370,1434,1524,785,223,921,515,133,36,289,534,387,108,665,981,932,441,401,1307,1623,990,365,1544,1698,797,464,1229,1193,591,186,733,925,8,727,667,58,193,208,38,255,269,105,501,720,323,492,1061,725,335,1302,1308,270,992,1515,939,196,951,895,238,324,315,102,419,170,474,907,661,179,930,79,271,418,496,133,110,194,652,471,474,1393,1135,289,1642,1573,61,1480,1601,311,1066,1221,264,664,643,40,519,248,247,305,78,207,148,46,86,91,13,147,225,369,260,126,364,295,39,85,113,204,341,297,112,618,738,282,424,818,641,91,428,633,437,38,288,335,131,242,9,258,285,90,665,844,297,592,1108,779,96,753,727,220,142,36,166,8,533,910,557,397,1173,1011,125,631,43,325,111,689,71,114,317,333,292,45,65,913,399,132,318,356,380,305,9,308,368,65,267,191,371,706,356,683,1393,1078,267,1475,1534,363,860,1078,270,108,422,506,1077,578,641,1443,1162,145,634,808,624,559,553,247,540,1327,1361,562,596,1260,1136,501,181,563,617,401,233,146,38,219,103
61,81,125,172,98,52,335,183,142,12,37,1,24,89,56,128,41,115,27,228,248,378,447,30,210,217,129,33,50,226,40,149,166,349,72,207,414,51,19,43,153,35,55,43,219,7,21,40,193,254,141,46,232,104,24,56,126,454,89,154,21,36,1,24,138,41,180,158,102,219,118,56,122,75,111,98,57,138,62,140,174,36,229,13,123,115,65,49,4,20,65,6,267,51,76,66,321,8,234,174,41,100,188,118,87,87,1,30,118,0,45,46,46,22,6,147,65,149,214,61,110,136,106,24,50,12,1,2,94,82,28,8,50,12,459,518,582,655,723,751,747,734,641,504,300,62,162,408,545,650,685,630,534,402,254,147,64,37,9,39,12,40,51,83,141,213,299,416,500,592,661,736,779,865,838,837,867,782,701,634,537,411,299,192,98,42,108,131,229,139,626,167,195,3,189,191,227,247,581,498,140,77,110,219,212,128,12,255,480,137,269,63,317,39,66,64,75,180,245,156,300,277,168,100,118,139,183,111,353,121,64,295,181,181,447,190,241,180,354,309,44,116,214,265,356,40,150,283,196,367,87,343,74,200,187,68
72,6,9,6,882,99,777,1232,970,149,816,1325,1077,203,847,1421,1200,262,880,1521,1298,311,915,1633,1412,353,968,1742,1506,379,1034,1845,9,383,1056,1809,1483,324,1018,1698,1364,261,988,1573,1234,200,934,1438,1096,137,885,1310,944,62,810,1171,810,16,736,997,682,8,15,12,5,1,18,14,10,3,0,5,7,1,0,4,3,1,3,5,2,2,1,3,0,3,6,0,1,2,0,1,2,2,2,0,2,0,7,4,4,1,2,1,1,2,0,2,1,1,0,0,3,2,0,1,0,1,1,2,0,3,5,4,1,0,4,0,1,2,0,1,0,1,0,0,0,0,0,2,9,4,4,1,2,0,0,1,0,1,1,0,7,1,2,1,0,2,3,4,1,4,4,0,1,1,0,0,0,3,2,3,4,0,2,2,4,1,1,0,1,1,0,0,0,2,1,1,0,3,5,5,1,5,1,1,8,1,0,1,8,9,8,1,7,0,2,1,3,2,0,3,9,7,5,2,5,3,5,7,3,1,0,0,5,15,0,12,4,3,0,2,8,2,2,8,1,0,0,8,7,1,5,5,5,5,6,4,3,3,3,5,2,6,0,16
103,116,345,120,195,216,439,608,112,290,147,404,1029,351,77,306,347,508,722,826,1163,400,882,1333,336,143,928,746,456,216,758,523,464,478,144,161,493,68,1070,577,667,5,840,682,642,453,317,316,392,996,677,139,137,409,350,269,237,130,881,1038,487,95,43,392,427,363,614,889,549,165,447,663,1223,458,1082,1359,197,943,1020,189,691,892,174,537,596,68,516,343,273,427,258,553,172,423,437,153,361,223,398,607,10,567,466,174,562,250,366,519,39,576,392,299,633,67,580,566,34,804,382,385,557,17,422,45,220,96,11,314,60,266,130,272,33,461,66,85,78,288,394,4,296,158,35,423,376,445,43,82,535,481,500,446,124,21,409,223,164,30,372,146,490,50,58,479,15,171,233,398,143,501,160,108,801,297,9,32,236,33,531,317,545,99,170,320,88,306,6,241,45,45,29,165,854,77,356,42,284,56,854,408,283,603,398,396,874,150,226,129,433,23,227,835,130,139,822,754,25,109,647,37,965,407,182,217,663,200,605,673,80,556,247,385,891,254,230,95,162,274,336,563,1036,147,336,288,506,322,148,189,643,174,210,184,372,439,585,29
0,539,8,275,205,15,472,231,134,2,6,238,152,258,427,518,1095,326,1656,243,1835,907,1467,1373,755,1197,258,763,24,145,175,278,926,158,1164,40,1256,459,1306,550,856,528,561,497,502,233,538,183,517,316,422,318,400,151,120,326,55,562,208,322,236,681,147,270,1255,414,1141,573,52,457,173,791,667,479,35,437,100,25,283,131,206,969,408,182,279,507,301,219,365,491,290,1408,611,101,136,133,156,187,233,115,240,307,265,663,307,69,109,339,611,611,555,69,297,180,355,41,259,120,15,186,231,221,305,33,83,111,26,169,172,25,2,115,2,159,74,210,375,189,49,84,369,83,113,431,281,761,50,439,453,138,101,210,217,721,446,85,47,206,242,507,89,148,899,82,785,355,315,160,230,124,140,513,201,98,361,85,74,130,24,387,140,67,78,141,47,777,1339,395,817,286,1083,13,749,193,591,1321,70,547,804,238,213,270,505,27,33,353,1087,485,63,1101,283,455,765,141,199,402,887,193,887,645,284,41,1139,124,747,383,212,653,677,753,755,367,971,561,3,14,386,649,575,926,277,191,557,675,229,182,517,353,267,223,517,735,98,295,723,441
772,163,44,513,1045,1136,903,446,34,53,272,650,1064,945,577,135,265,221,48,584,727,629,36,341,626,483,161,171,328,20,421,891,1038,738,234,66,71,555,804,994,733,361,94,101,442,741,838,763,467,183,160,294,651,877,723,366,99,53,252,371,581,426,114,74,124,23,230,348,286,4,137,20,67,65,77,1,108,167,168,143,40,90,85,184,145,87,26,143,107,44,158,126,101,322,388,293,18,192,99,223,496,545,344,49,220,206,174,344,354,81,51,166,97,74,101,7,127,147,120,122,16,76,96,100,109,32,7,129,241,168,40,196,335,51,108,82,260,34,380,581,236,94,229,16,376,543,366,65,362,251,29,343,318,112,520,567,333,184,262,71,318,718,668,203,213,296,51,402,676,624,142,357,448,163,363,659,556,45,475,576,273,206,698,607,74,525,759,485,219,655,680,209,406,757,523,58,703,740,277,353,751,654,38,485,752,337,161,679,675,351,183,438,332,103,575,878,715,298,211,299,138,681,955,1046,677,188,80,6,465,896,1152,961,469,104,82,25,543,915,891,615,358,142,234,168,560,956,835,627,225,88,77,291,766,1112,984,913
79,119,596,216,439,739,91,136,609,881,642,200,942,1106,509,304,804,732,301,128,252,190,202,410,553,232,537,1176,996,20,1022,1220,794,291,663,479,138,26,82,77,117,405,507,234,294,605,424,49,409,313,38,210,12,134,18,268,259,83,413,275,213,643,441,52,555,499,181,276,736,115,170,73,90,136,2,110,33,199,256,38,286,396,174,230,383,144,201,274,5,265,167,144,318,65,261,315,169,331,277,18,269,158,47,74,91,152,22,268,277,23,269,205,63,206,51,148,145,23,79,48,90,87,308,110,181,107,191,105,230,11,183,14,99,29,327,177,79,86,113,188,48,285,164,174,287,17,377,283,199,528,283,280,494,125,368,334,146,465,194,406,470,195,474,658,215,341,437,59,220,90,266,340,101,615,599,11,692,722,140,491,578,106,320,250,159,305,56,96,70,184,1199,484,124,112,434,409,640,425,79,673,514,272,872,603,314,1044,871,82,843,736,10,432,128,394,449,170,819,816,192,597,885,598,8,437,197,193,77,2,216,275,89,609,761,287,529,1014,768,92,843,843,196,431,433,55,96,76,283,123,206,346,126,208,219,24,614,31
11,4,5,0,36,63,637,774,856,817,730,550,335,79,162,403,596,725,822,818,765,632,398,95,243,588,912,1157,1294,1320,1267,1087,18,578,258,77,429,783,1084,1354,1526,1585,1540,1387,1223,1006,800,634,505,429,386,379,451,567,695,859,990,1116,1227,12,101,25,25,19,50,4,64,1,30,87,1,77,74,46,1,53,8,39,9,36,64,32,4,113,44,68,2,67,14,57,7,46,22,36,16,80,23,81,110,7,28,60,11,1,80,137,26,84,85,9,42,28,26,53,68,22,22,16,2,29,14,16,59,21,29,1,19,2,8,23,16,18,32,2,9,2,36,7,9,19,16,7,11,1,2,0,35,43,7,8,43,1,59,63,47,70,71,25,29,33,44,53,12,104,68,95,28,49,19,139,7,81,15,115,25,12,2,44,39,25,6,78,30,64,60,42,23,50,71,2,63,67,26,108,8,66,4,5,26,60,60,52,74,23,9,15,94,98,53,75,47,9,98,57,36,74,2,43,52,60,40,19,49,28,51,11,164,146,29,33,101,66,60,28,8,22,71,44,119,139,67,30,66,44,66,150,39,60,14,11,75,30,56,91,9,23
31,14,24,91,15,111,694,570,273,126,520,808,914,832,574,215,180,518,737,810,694,450,141,137,281,251,40,311,695,991,1124,1035,65,327,122,489,694,689,475,93,390,861,1236,1428,1425,1220,894,518,172,89,235,268,176,40,109,206,212,83,142,80,52,25,78,65,11,15,33,9,81,95,202,6,264,604,983,1330,1541,1549,1346,946,472,13,305,422,335,92,227,512,671,674,503,202,179,542,817,949,55,741,482,230,67,73,252,562,930,1237,1385,1316,1015,545,25,428,709,773,644,424,223,140,207,376,556,653,605,2,5,3,8,49,11,5,13,59,23,46,161,68,86,243,363,391,330,200,42,92,182,215,218,221,248,307,382,436,431,347,195,8,203,352,404,360,70,82,100,262,373,403,354,224,42,156,316,405,401,321,216,116,80,125,239,367,483,510,459,319,141,58,228,1,46,20,2,58,57,116,29,112,32,38,334,167,36,54,102,105,85,40,20,87,130,123,52,82,259,415,490,454,309,102,95,236,277,198,35,177,83,565,672,713,680,570,427,269,133,51,26,72,163,264,339,360,319,214,70,92,235,334,342,280,146,25,190,108,41,33,64,113
4,10,27,22,34,13,73,50,40,65,74,75,60,33,27,103,193,291,400,481,545,566,545,485,396,252,89,73,236,374,474,546,5,513,426,287,122,70,267,430,575,660,677,622,520,353,152,79,307,528,723,862,935,925,829,647,397,90,234,32,17,21,26,52,37,6,10,10,8,57,7,17,6,17,0,79,54,8,13,7,1,24,65,5,16,48,40,41,16,10,58,52,66,11,15,33,8,49,28,12,18,8,2,21,26,18,48,0,24,1,32,11,5,19,21,8,23,13,9,5,10,2,7,7,3,3,4,2,8,7,3,11,13,2,1,16,25,14,32,12,28,5,36,8,4,30,0,27,19,2,29,15,10,24,43,13,10,7,27,17,8,30,42,19,4,19,18,3,9,44,0,6,1,68,1,20,21,10,28,4,51,4,7,1,24,32,9,4,34,39,25,10,2,5,16,7,9,17,27,12,9,38,2,10,5,63,31,50,20,6,23,30,36,3,7,3,24,56,23,22,7,20,5,17,20,6,11,7,1,44,16,4,19,12,44,26,25,38,40,1,20,24,35,25,16,24,24,34,20,16,2,63,29,36,4,55
111,49,311,163,103,77,20,405,371,304,689,221,548,762,43,743,723,148,898,587,417,938,377,602,874,93,743,759,63,846,671,302,447,516,631,1070,225,917,990,124,1142,824,437,1239,613,765,1283,336,1048,1252,12,1294,1170,408,1537,912,897,1667,454,181,725,429,54,243,199,347,46,295,821,70,1778,1186,833,1760,434,1333,1443,211,1561,1056,704,1646,617,1166,1563,56,1540,1261,547,1673,737,1074,1597,151,1480,1256,451,1632,699,1089,1437,24,1379,981,626,1364,362,1049,1064,311,1207,486,839,980,210,1071,447,765,867,206,941,350,683,49,83,4,207,331,189,413,44,24,107,65,221,279,2,396,313,212,548,107,511,492,190,662,233,495,563,89,606,306,371,560,30,573,374,329,603,84,188,454,133,547,322,241,548,235,365,586,109,556,593,108,737,458,349,736,219,573,672,61,679,465,263,609,250,511,129,245,197,167,147,327,137,124,154,151,70,836,494,548,845,2,842,642,379,991,398,722,1031,58,954,850,286,1007,523,475,921,320,546,810,174,664,239,70,766,502,307,715,300,444,571,73,480,428,72,472,363,150,493,322,262,554,155,440,506,160,606,160,543,168,237,276,230,69
7,42,389,623,15,147,89,279,460,258,265,776,710,85,714,976,547,138,542,483,243,211,305,206,297,826,815,80,862,1261,640,413,403,753,31,289,129,110,110,557,560,97,882,937,226,687,864,357,201,250,80,214,50,434,445,31,367,412,83,227,178,275,80,458,126,303,293,98,351,101,367,90,231,356,130,192,255,150,19,21,84,14,157,190,7,186,111,181,350,259,86,277,150,69,122,74,356,187,31,164,47,86,19,241,348,101,320,463,187,275,449,189,153,251,83,84,114,68,38,44,3,125,263,224,101,81,109,61,89,103,96,46,122,168,466,3,309,161,88,75,137,150,126,307,51,395,462,36,509,422,129,454,196,251,361,22,210,5,352,315,67,639,508,79,571,412,112,366,83,327,327,101,455,256,261,475,166,354,491,79,395,442,38,396,246,252,575,222,169,120,671,671,116,23,8,108,314,571,526,302,840,591,227,793,509,255,697,410,260,462,31,493,408,209,679,379,381,782,431,480,999,685,84,627,380,48,106,84,287,81,446,755,443,214,784,773,269,362,660,519,53,332,362,139,64,7,148,55,352,726,597,49,412,265,82,12
26,86,56,5,74,53,86,185,87,34,45,19,13,70,99,43,48,108,6,141,4,62,67,35,0,174,132,81,59,4,23,122,61,144,107,66,127,100,26,54,46,80,108,63,120,75,111,56,46,237,4,35,30,37,163,88,12,70,113,133,184,35,88,142,65,2,4,96,54,28,23,73,14,116,91,192,80,86,35,172,45,5,209,118,32,47,103,31,115,0,96,57,37,51,91,59,2,83,14,20,101,18,98,22,54,8,72,86,81,39,62,22,99,39,46,53,5,14,1,33,70,9,0,13,52,27,46,2,41,12,5,42,66,13,146,209,314,427,519,559,539,444,255,9,229,435,580,644,578,425,165,53,226,346,392,394,314,143,9,120,90,213,215,217,200,205,187,158,52,119,315,507,654,776,891,989,1080,1167,1242,1253,1174,1034,814,594,396,250,179,48,24,31,29,21,46,145,147,231,91,4,82,155,102,16,80,56,6,26,0,12,205,166,66,43,6,88,279,70,42,62,87,108,0,150,139,116,39,96,38,63,23,94,71,53,77,18,9,182,56,69,86,30,5,146,44,4,74,126,2,124,94,193,184,252,101,56,30,23
21,22,58,38,23,56,2,10,82,113,54,89,13,17,30,25,7,40,28,25,9,54,89,4,52,59,37,17,37,22,16,46,59,4,17,98,74,42,30,52,26,59,40,33,7,99,23,53,17,5,10,70,33,89,32,0,35,40,44,21,36,14,31,52,16,37,59,28,3,80,632,24,862,911,37,949,960,166,584,644,61,346,85,487,548,244,1156,1164,26,1286,1544,502,839,1284,670,324,34,419,181,352,0,396,258,280,623,364,211,556,375,31,207,129,28,110,204,63,305,519,231,325,632,319,207,19,40,13,23,4,8,20,0,5,2,3,23,15,9,47,26,4,6,7,7,26,9,16,34,2,10,30,14,9,0,91,36,81,7,73,79,24,21,23,22,4,29,18,15,61,38,9,31,49,4,37,0,16,25,37,40,26,11,4,57,150,59,1,110,31,0,10,42,67,82,79,21,59,21,9,25,54,29,4,33,35,99,28,3,114,0,3,18,15,2,63,34,31,27,75,7,60,47,49,40,37,67,47,1,89,23,31,66,53,1,51,29,5,61,40,59,13,6,4,36,24,37,59,23,9,47,10,9,19,57,32,26,16
7,0,4,4,0,1,721,1025,1008,650,94,482,969,1216,1232,1028,675,234,156,429,502,327,24,450,790,932,800,397,117,654,1091,1330,3,1026,526,39,587,975,1044,828,300,343,936,1359,1487,1297,887,368,118,497,700,686,477,128,243,514,584,405,31,0,3,4,5,3,2,0,0,1,4,2,0,0,1,0,2,0,0,4,2,0,1,0,5,0,1,1,0,0,0,2,0,2,1,2,0,0,0,2,0,3,0,1,0,1,1,0,1,1,1,0,1,2,1,1,3,1,5,1,3,1,1,0,3,0,1,2,3,0,0,0,0,0,0,3,2,1,5,1,0,1,2,3,0,0,1,0,3,0,0,1,3,0,1,0,0,2,1,0,1,0,1,2,0,1,0,2,0,0,0,0,1,0,2,1,3,0,1,1,0,0,0,1,0,1,1,2,0,2,0,2,0,0,0,1,0,2,2,1,2,1,1,0,0,5,1,1,4,1,3,1,1,2,5,1,1,3,1,3,0,4,1,9,7,2,0,4,2,2,3,4,1,0,3,0,6,0,0,1,0,1,0,1,4,4,3,1,0,2,1,2,1,2,3,3,3,2
156,20,6,16,491,769,1022,1192,1257,1231,1102,882,563,192,206,610,989,1280,1464,1536,1488,1320,1010,602,135,359,863,1289,1617,1806,1844,1712,11,996,478,82,620,1086,1430,1638,1681,1589,1350,1002,575,109,341,766,1078,1270,1332,1296,1125,858,541,198,154,471,719,879,960,25,0,4,5,9,11,13,23,9,8,19,0,8,10,7,8,3,4,6,5,1,5,6,3,2,4,4,12,5,2,3,4,6,8,0,5,1,2,4,6,4,0,0,9,5,5,3,3,1,1,0,0,2,1,2,3,3,2,0,1,0,0,2,1,0,0,2,1,0,1,1,0,0,0,0,0,0,0,1,1,0,2,3,0,1,2,1,5,4,5,1,4,3,2,1,4,1,1,0,1,1,0,0,1,0,3,0,0,5,4,0,1,1,7,3,3,2,0,2,2,3,1,0,0,0,0,0,2,1,4,1,5,2,2,4,1,2,5,2,3,7,10,2,10,3,5,5,0,8,1,7,4,1,5,1,2,4,3,0,3,8,6,0,9,1,5,3,1,0,8,3,13,9,7,3,1,0,2,8,1,0,15,1,7,6,2,15,10,10,10,9,8,12,1,15
28,327,39,202,788,1007,634,488,120,317,707,675,76,663,856,369,287,506,341,84,40,96,1,400,764,537,324,1065,1021,199,759,1079,132,172,617,494,168,37,111,17,470,803,386,484,1026,569,321,723,361,159,296,34,130,75,146,256,173,139,443,556,323,437,186,424,95,491,427,664,314,163,158,414,324,134,335,80,222,232,74,262,53,237,223,116,349,135,232,249,28,237,36,241,146,179,315,92,85,268,6,186,111,157,169,149,405,138,377,520,96,452,420,19,314,178,51,75,43,1,116,121,83,214,69,119,105,52,67,5,8,231,203,188,1,118,378,160,408,92,277,150,202,203,114,270,21,252,161,187,296,20,307,263,110,348,123,226,224,112,353,16,957,397,225,652,329,331,559,138,366,361,149,451,145,436,547,18,646,577,169,705,419,354,701,206,621,688,127,67,255,464,293,116,668,327,344,560,284,219,438,14,432,473,135,386,576,242,304,566,253,218,293,15,209,55,527,416,321,970,757,236,1049,901,70,598,171,223,33,35,15,116,382,522,297,295,863,834,122,718,944,399,340,596,276,165,141,270,450,114,849,852,175,414,490,7,19,80
200,22,517,801,671,399,199,248,576,945,942,620,160,88,121,376,614,207,590,1064,1030,553,153,404,848,1284,1159,574,16,359,63,400,443,116,1036,1355,962,309,51,172,676,950,521,85,528,464,42,288,203,444,847,762,365,176,37,326,564,450,42,305,349,198,174,74,237,475,494,168,19,124,263,325,207,78,235,139,102,158,192,346,378,200,135,109,138,254,233,102,368,188,87,296,120,164,250,64,210,264,86,186,246,6,204,115,300,406,265,13,199,17,225,189,13,282,335,16,151,54,151,233,48,236,48,203,158,393,271,77,32,18,224,139,12,116,206,342,107,256,249,179,268,34,476,483,19,280,191,236,385,91,504,662,341,200,155,172,615,583,52,534,460,82,365,104,469,715,461,35,354,176,304,624,304,404,794,495,219,518,134,488,839,481,243,585,326,223,666,424,299,738,564,190,653,372,234,837,742,24,562,445,223,884,752,217,486,591,147,478,603,113,615,952,583,96,311,15,619,899,766,128,437,449,111,535,429,128,754,1053,659,147,116,245,704,965,832,136,360,403,51,432,390,149,712,911,713,200,7,167,694,973,774,179,154,135,92,155
29,24,24,83,56,95,544,559,532,470,362,224,57,129,310,481,624,726,770,756,677,539,341,106,146,393,631,811,939,990,968,878,11,509,268,11,255,495,716,902,1045,1129,1175,1175,1133,1052,948,832,703,584,479,403,368,350,375,418,481,536,584,74,35,33,89,126,44,6,82,21,157,3,378,565,755,958,1143,1306,1435,1512,1528,1473,1349,1161,919,644,363,84,179,394,569,696,767,784,756,693,593,481,0,243,160,121,128,199,329,510,722,951,1157,1331,1436,1458,1401,1265,1077,853,622,423,270,181,168,217,313,433,550,20,27,4,2,44,5,7,20,1,15,2,233,198,137,52,51,145,223,288,326,338,333,313,291,282,272,289,313,353,406,448,487,508,502,474,418,341,14,126,3,127,244,358,444,510,540,547,528,472,408,324,240,174,122,93,92,118,173,237,310,373,419,447,446,100,35,70,145,93,36,44,123,49,45,1,138,161,199,200,202,170,119,47,46,152,254,354,418,455,445,398,316,202,74,63,188,300,384,438,459,466,100,421,388,344,315,269,230,188,154,120,89,80,67,70,88,119,160,220,258,299,332,343,340,317,286,236,182,142,32,119,9,64
38,85,109,111,141,30,20,111,27,198,60,29,158,189,142,143,80,231,80,120,163,42,41,117,152,198,140,25,46,287,123,60,15,64,290,90,62,20,272,223,131,149,29,199,37,17,17,15,73,54,67,415,56,103,42,197,326,218,44,308,132,95,305,58,124,21,152,1,60,137,48,167,2,234,228,303,55,105,117,53,75,148,68,263,144,60,7,117,152,133,3,97,127,282,149,102,97,0,230,51,231,21,61,96,213,34,33,223,130,183,16,160,63,113,41,226,20,89,30,215,24,49,120,14,84,49,74,71,60,1,54,75,22,9,456,218,312,486,165,169,111,50,148,292,192,321,769,563,200,907,947,308,607,1006,683,149,758,566,88,397,38,366,411,171,833,863,15,1018,1298,601,515,1168,817,109,367,284,143,283,562,398,325,1141,1230,275,974,1483,813,122,15,346,70,217,54,119,113,14,73,61,26,137,213,335,72,162,209,7,8,145,12,176,86,143,308,156,171,409,23,115,350,190,264,154,325,145,436,355,32,76,25,167,354,44,75,343,257,156,53,51,203,308,130,158,165,223,97,158,265,352,20,332,73,64,273,196,108,116
25,11,19,12,5,7,6,86,163,213,250,267,231,130,49,270,435,479,342,50,273,507,538,339,6,335,543,514,288,55,372,506,2,144,226,510,586,411,26,384,643,633,321,136,549,727,567,150,357,733,788,481,88,695,1053,986,486,247,891,21,0,34,22,80,34,70,34,29,5,15,7,11,15,14,50,15,38,18,20,6,23,16,55,15,100,56,5,0,27,3,25,4,65,31,0,8,11,5,14,28,3,18,38,3,25,23,13,16,42,52,16,13,11,37,5,10,5,12,14,1,0,6,40,14,18,6,17,4,4,29,5,0,4,12,31,11,14,3,2,13,42,22,4,10,45,19,29,48,27,8,53,5,13,7,24,27,27,0,22,3,27,29,13,5,20,56,20,17,13,24,44,15,5,6,34,0,28,3,15,4,55,48,66,36,29,52,35,1,17,39,14,38,10,2,5,21,12,24,52,37,16,43,58,25,4,14,32,4,9,28,20,4,21,5,74,16,39,32,2,84,5,37,25,25,42,64,12,22,48,44,37,1,86,46,9,1,64,2,28,17,15,24,0,51,12,0,18,47,47,15,60,26,4,14,12,23
50,104,95,44,99,234,1146,804,153,1051,1253,627,305,891,816,288,145,215,66,92,375,639,485,180,917,1122,537,436,1050,921,212,435,51,310,36,9,153,139,147,484,590,232,357,736,617,82,449,525,258,82,159,36,88,11,267,374,121,277,494,262,241,0,131,326,341,241,179,78,80,28,404,92,329,489,194,258,454,194,160,323,178,79,153,83,38,47,66,134,99,71,266,277,79,194,331,235,103,171,191,114,33,19,31,96,170,111,82,230,188,35,200,208,77,74,132,128,104,52,46,166,197,92,50,16,67,9,31,50,24,43,88,5,7,31,21,181,72,171,261,37,222,261,46,125,84,22,5,187,220,19,358,424,73,355,498,188,221,397,235,41,208,97,41,103,179,96,187,443,425,57,411,630,420,55,439,480,233,34,122,63,10,150,359,416,75,505,832,134,118,109,105,29,70,339,207,366,80,5,386,38,549,821,494,205,771,761,254,366,554,271,138,166,153,423,226,434,895,664,170,944,970,294,476,693,277,151,231,135,446,236,392,895,814,41,831,1110,629,206,758,638,66,309,134,329,487,71,887,1110,335,859,1433,94,47,46,25,25
29,239,588,282,103,282,439,18,427,510,531,298,212,194,160,387,550,409,128,378,599,613,342,106,285,334,542,426,141,110,14,251,366,619,544,221,162,655,716,654,443,107,414,905,972,498,69,573,1071,1188,594,98,822,903,603,22,541,484,55,126,600,648,119,160,370,208,321,18,508,459,88,151,456,331,479,346,269,9,512,53,268,560,133,407,262,495,405,702,360,212,528,595,94,135,12,570,374,511,177,628,30,178,261,175,43,831,234,101,372,255,14,712,261,126,182,205,175,42,191,647,74,65,292,14,240,98,73,22,151,8,258,35,303,191,276,170,743,47,71,163,91,375,210,196,296,27,15,522,164,552,1484,441,172,484,134,133,551,612,115,600,803,278,598,399,58,317,351,331,365,215,351,32,99,12,383,625,15,628,375,277,59,547,316,216,236,673,245,698,84,428,356,73,14,285,191,71,223,4,644,550,141,47,175,126,288,271,115,535,862,798,604,267,60,552,875,46,541,796,151,361,82,279,197,862,324,227,448,324,293,386,473,271,598,515,169,950,344,761,692,538,141,253,170,280,911,283,78,49,383,387,21,240,364,437,510,374
43,135,152,240,745,549,10,317,596,272,128,1785,570,265,43,515,551,424,335,747,715,196,299,725,742,102,812,938,468,264,1000,1060,606,459,1183,954,91,1108,1289,878,602,1300,1154,249,941,1323,919,430,1241,1394,517,794,1610,913,123,975,1236,578,385,1171,1333,493,730,1386,845,218,959,1275,505,645,1274,937,64,1087,1113,544,886,1136,449,390,916,951,253,741,1071,649,481,1129,908,5,975,1017,415,682,1035,684,551,1271,759,186,1071,1075,153,337,1250,519,549,1319,901,432,1085,1089,2,801,1050,297,448,898,481,195,546,367,4,3,75,24,32,16,18,4,9,39,62,11,58,57,144,77,133,215,181,115,66,266,200,77,373,362,200,553,380,70,512,334,185,253,607,411,56,562,627,177,393,442,136,475,464,146,516,592,335,311,451,459,179,638,600,102,332,663,198,765,515,203,270,441,655,57,414,681,597,224,817,754,313,755,792,345,75,669,619,144,608,1129,693,120,937,1060,469,534,1054,1013,92,973,1013,216,619,1721,512,283,993,780,38,927,995,389,477,923,563,284,897,894,84,578,777,430,396,736,524,94,440,669,164,432,521,748,433,364,85,376,677,193,370,552,519,35
99,145,223,40,0,181,52,45,132,154,301,83,95,104,4,207,217,281,311,76,164,314,356,210,29,82,137,23,33,114,250,391,229,256,104,207,342,70,187,75,185,164,263,85,257,121,346,95,103,456,29,172,198,9,314,134,7,188,90,89,52,62,186,217,137,198,189,67,119,70,55,32,23,206,150,386,172,397,82,64,197,75,22,73,152,332,183,180,121,97,30,312,99,81,26,121,205,71,244,306,120,24,21,277,139,58,60,76,62,100,109,61,117,152,355,33,149,32,5,133,97,144,82,22,104,18,110,6,124,103,4,48,28,3,226,1,295,560,711,608,264,310,860,1111,895,322,395,961,1083,793,245,180,443,434,330,240,169,181,171,128,114,58,127,205,257,350,397,430,368,200,150,530,926,1090,1049,665,66,717,1317,1655,1526,932,98,841,1467,1634,1448,151,273,169,516,91,259,94,130,133,40,28,32,93,14,43,284,141,26,254,136,11,161,125,220,10,44,101,143,71,313,177,28,14,6,50,155,176,23,124,368,172,110,8,108,109,184,78,227,103,132,209,52,286,272,147,158,3,183,76,122,172,285,24,75,17,171,158,86,210
23,1,35,157,372,43,97,62,481,92,788,712,410,1062,504,640,959,175,567,416,18,71,133,403,865,162,1014,1110,138,1219,894,371,100,445,556,427,189,70,463,210,767,205,609,579,91,522,342,139,351,169,143,212,62,75,285,43,662,5,913,98,334,48,236,66,158,264,195,240,112,134,24,186,196,158,396,51,449,16,347,37,202,5,101,54,31,152,64,309,212,427,321,434,289,362,227,225,543,77,139,24,101,10,131,10,188,55,202,102,183,174,102,163,37,97,34,3,94,113,158,173,158,240,57,111,167,116,89,255,261,23,99,92,73,186,5,30,200,59,252,76,163,6,127,113,251,156,495,128,644,81,649,25,578,126,433,126,300,83,290,189,410,444,64,636,246,537,422,322,394,284,346,360,404,321,452,126,403,130,267,298,133,441,55,538,77,546,170,273,136,140,6,61,479,56,237,77,272,96,118,638,290,875,77,972,435,632,771,8,640,311,230,267,103,141,306,304,363,700,35,904,696,614,1050,85,1019,191,220,4,46,248,332,47,377,445,242,529,1046,12,1158,538,616,425,124,34,182,92,341,367,121,834,965,289,317,787,265,151
15,282,40,470,122,250,132,706,43,314,182,272,1050,46,965,325,280,374,365,673,1010,699,359,600,430,340,435,68,219,220,248,547,1458,293,126,479,170,302,23,522,144,395,782,562,258,970,136,708,535,344,57,183,577,705,476,892,361,151,397,253,1013,185,592,266,66,68,642,439,273,400,108,807,1351,1009,477,1445,1328,409,621,967,744,133,514,834,512,180,467,393,183,343,215,313,582,103,349,606,598,521,518,408,337,564,484,168,646,521,124,464,510,47,593,581,41,588,634,65,561,680,262,365,632,209,291,210,95,224,178,32,105,57,154,216,94,8,126,147,139,386,65,203,266,212,673,223,202,60,96,1,92,85,592,119,331,286,67,473,248,51,129,6,466,60,922,21,772,564,505,670,398,418,1128,3,666,1140,40,955,365,30,279,251,1159,293,146,519,401,192,428,224,174,47,653,201,39,908,697,387,59,374,203,35,746,55,234,431,331,400,19,18,96,12,175,454,175,125,84,71,152,192,590,441,327,1026,479,139,16,594,406,748,174,132,1184,161,51,1198,361,142,319,549,810,13,434,404,6,161,113,521,668,562,11,311,684,334,30,870,35,423
9,333,32,163,420,334,577,103,420,67,51,142,341,60,704,667,309,1512,983,1003,1949,593,1371,1796,44,1109,879,204,355,172,60,348,221,75,1135,825,614,1351,556,793,941,286,710,253,561,44,422,452,242,645,304,385,335,106,136,157,87,497,433,281,369,279,235,303,192,519,972,51,385,139,398,271,54,467,791,94,7,143,101,329,140,231,683,98,625,289,23,187,403,379,439,481,317,633,35,134,359,795,743,143,279,1017,195,481,585,267,239,213,6,375,277,14,507,114,71,417,215,271,111,285,35,345,387,485,112,143,227,165,167,32,79,461,45,407,21,62,233,137,355,551,269,172,216,15,12,24,60,371,77,280,103,453,157,699,371,877,697,935,449,427,68,545,247,471,219,166,729,507,220,110,332,199,330,274,17,331,543,147,989,452,841,639,763,639,91,276,1772,207,65,321,719,67,53,269,235,833,201,144,477,110,419,963,281,317,91,49,351,234,943,839,833,169,341,763,504,362,60,269,521,499,213,671,1307,1793,278,305,709,124,56,577,241,141,329,563,98,212,307,267,371,1663,109,0,385,26,499,465,775,181,281,225,116,911,871,741,245,215
24,29,114,33,139,27,67,367,612,531,154,359,766,902,697,234,315,755,935,804,450,61,172,139,128,439,592,425,23,567,971,1040,94,246,273,591,576,233,314,821,1057,897,361,381,1052,1425,1391,1032,516,42,250,334,277,203,197,305,488,664,730,29,22,27,136,44,8,35,10,61,194,115,157,613,1020,1210,1067,590,116,827,1330,1456,1203,695,151,216,303,125,153,319,223,136,639,1068,1226,1031,572,29,117,532,428,205,41,88,364,760,1060,1057,647,66,834,1343,1397,1014,400,146,424,402,240,144,211,417,589,573,317,15,53,14,19,37,34,2,34,34,34,24,219,87,105,268,313,201,20,253,391,405,301,149,2,110,208,291,359,383,318,137,111,364,509,484,280,32,141,435,343,80,234,457,493,337,64,215,407,462,394,248,100,21,22,89,132,86,79,307,466,448,222,123,427,141,152,233,117,29,172,57,137,233,124,125,607,568,398,187,9,72,50,12,59,24,88,257,393,436,354,148,89,258,273,116,111,274,269,67,249,540,17,672,474,188,92,300,402,419,345,232,128,96,128,216,288,290,163,68,323,494,490,321,52,176,261,171,43,14,148,36,74,19
36,31,25,4,32,9,345,13,333,618,772,769,595,298,40,386,652,847,880,807,617,355,72,153,254,190,50,368,687,912,1021,958,43,438,55,310,623,804,837,655,283,196,677,1079,1316,1382,1280,1101,860,605,402,243,173,207,323,461,610,712,737,6,43,10,20,1,9,50,3,11,40,6,12,71,27,49,45,0,13,25,149,59,17,20,51,34,76,28,16,0,85,114,47,33,71,11,12,1,2,39,39,45,41,35,12,26,46,35,66,95,21,38,38,15,94,11,26,37,18,7,8,69,8,13,14,9,20,13,2,10,14,19,8,13,15,14,15,12,23,2,23,11,25,3,18,34,39,6,7,16,22,53,48,2,32,27,22,59,55,12,40,13,12,27,28,22,42,34,8,28,16,39,80,70,5,2,28,10,38,48,41,35,23,29,21,15,2,49,23,23,2,78,30,3,26,39,41,48,46,42,19,3,30,9,17,20,9,59,7,21,53,8,82,43,1,41,46,19,28,136,62,0,27,10,16,29,34,50,66,101,11,66,12,2,46,30,42,32,11,12,43,61,1,33,14,12,80,89,85,19,5,14,65,28,4,20,15,30
29,101,129,68,391,326,28,488,567,336,103,21,17,152,385,611,639,104,568,1081,1056,342,512,1059,947,400,108,354,249,274,449,611,416,271,893,1085,448,362,815,662,56,305,251,4,179,14,201,308,63,256,381,156,193,340,219,14,179,162,160,619,371,376,142,259,226,137,244,586,64,268,100,53,69,119,151,81,59,40,195,272,194,120,350,279,38,364,304,9,312,315,10,161,147,58,96,70,458,133,193,339,178,144,386,197,111,330,193,95,198,176,19,9,33,96,206,240,14,246,323,142,116,171,50,108,0,151,212,104,99,9,236,150,16,57,46,342,340,37,289,309,36,170,117,114,197,27,299,285,99,370,228,222,453,200,302,572,283,220,468,249,67,261,44,237,219,108,378,340,53,382,402,43,312,306,23,318,202,195,502,291,264,632,522,18,458,465,91,109,566,130,195,314,224,279,427,71,127,775,250,453,651,282,204,327,9,313,242,268,659,478,87,737,761,343,339,627,388,33,223,45,323,309,154,793,73,419,472,1001,898,295,462,633,471,59,140,5,118,142,258,559,610,187,497,859,792,81,568,838,475,220,561,549,287,136,9,18
7,14,42,26,15,12,186,228,242,235,222,173,62,94,276,419,438,304,29,284,507,554,393,62,290,533,550,338,15,357,556,499,27,157,479,597,445,101,318,600,623,373,60,476,684,585,227,264,656,783,567,63,524,952,987,598,87,792,1197,35,27,35,13,20,8,46,9,35,43,8,17,29,13,40,60,19,2,14,7,20,19,10,31,6,52,4,22,51,79,33,16,56,18,20,36,2,32,47,27,11,34,16,15,12,8,6,43,19,18,2,0,15,37,27,10,0,31,17,0,32,3,4,12,0,1,0,3,2,17,20,7,4,7,3,7,22,2,17,15,11,32,6,18,1,2,11,12,20,18,2,26,7,27,41,38,15,6,31,8,1,11,43,11,9,17,0,26,16,42,19,6,24,8,36,0,19,21,6,6,16,26,6,48,23,1,1,37,18,10,54,20,18,3,13,26,0,19,23,4,2,39,39,26,7,8,6,80,3,10,23,26,5,12,26,5,29,44,23,37,20,15,40,14,14,24,24,38,41,11,63,10,2,0,16,0,3,28,6,20,54,47,3,29,68,11,11,1,66,6,25,22,3,32,11,20,11
112,22,5,3,115,971,1093,96,1057,1140,75,1127,1195,42,1208,1248,11,1312,1290,39,1396,1351,88,1502,1372,156,1599,1410,259,1715,1419,363,27,1380,453,1782,1243,535,1716,1107,613,1640,958,693,1559,813,728,1459,674,779,1332,535,783,1232,408,781,1096,289,757,955,183,15,11,0,2,6,0,9,12,3,4,4,3,3,12,1,1,3,4,8,0,1,5,1,3,1,4,1,7,0,1,1,3,0,0,3,0,0,0,0,0,4,4,0,1,2,2,0,1,3,3,2,1,0,1,3,1,0,4,2,2,2,1,1,2,3,3,1,0,2,1,2,0,1,3,1,1,0,1,2,5,0,0,3,0,8,0,4,3,0,2,5,1,0,4,4,3,1,0,0,1,0,0,1,1,1,3,3,1,2,2,1,1,2,0,4,3,3,0,0,2,1,0,1,7,5,0,2,3,2,4,0,2,0,1,3,4,2,5,0,7,2,5,2,2,1,6,4,4,4,1,3,5,1,4,8,3,6,7,0,1,3,0,4,0,4,9,12,3,7,11,3,7,2,4,8,3,0,0,1,7,4,7,1,3,2,8,8,4,3,9,7,1,15,8,20
473,527,94,523,797,499,98,343,418,234,77,79,148,723,1076,975,645,282,258,418,831,1040,676,190,415,475,163,220,126,392,979,1340,958,372,81,424,838,1179,613,16,418,364,111,526,90,480,873,884,365,27,8,268,697,644,228,250,358,75,169,177,99,406,478,204,23,2,209,338,214,20,218,220,29,139,121,116,344,224,48,130,223,54,226,151,116,404,452,50,203,247,140,315,222,145,332,328,83,297,68,245,321,116,206,281,139,134,96,46,266,182,27,291,273,42,93,18,216,239,29,168,115,12,30,61,309,154,449,245,212,410,110,445,212,265,185,40,325,436,40,447,398,90,282,137,262,322,9,406,479,70,241,141,246,521,400,60,488,260,135,299,64,440,665,415,85,409,67,413,662,358,328,677,329,236,565,288,456,841,470,138,572,330,440,818,579,73,598,461,223,629,547,91,656,668,149,415,468,19,713,931,541,213,609,219,469,824,588,148,531,608,63,434,421,112,744,926,586,55,192,96,774,1060,888,125,395,426,85,317,260,199,724,949,794,290,13,70,525,794,834,273,105,350,117,201,512,293,325,685,586,299,123,117,378,757,891,400
31,46,37,74,71,89,556,402,209,24,285,531,770,949,1078,1133,1127,1067,953,811,644,452,249,58,140,307,447,532,561,523,428,283,2,90,269,422,557,630,675,673,654,599,530,437,349,234,138,54,14,49,44,7,103,207,345,478,590,685,722,95,1,154,4,28,26,14,29,22,81,24,604,797,986,1169,1333,1469,1551,1576,1544,1443,1270,1064,820,556,296,65,146,310,425,505,524,511,458,378,280,188,72,48,29,58,144,267,437,648,851,1066,1247,1386,1467,1465,1395,1256,1061,842,617,419,275,202,202,262,367,488,601,13,23,1,16,26,65,52,65,27,43,114,210,246,273,277,261,229,165,108,54,9,8,5,14,48,82,111,123,116,84,28,46,125,209,278,336,377,122,373,344,292,225,145,67,17,92,152,197,229,239,226,187,126,66,24,106,188,260,316,344,341,307,240,143,145,221,17,1,31,14,53,38,34,114,15,432,405,378,346,296,231,162,81,5,59,108,124,110,72,19,43,104,134,146,114,64,6,94,172,261,326,77,401,416,416,405,376,341,291,225,157,80,12,101,195,289,375,448,500,521,507,458,367,240,94,57,208,325,231,16,45,60,0
0,61,49,76,28,41,264,80,20,44,23,14,42,51,153,72,59,42,17,82,70,93,25,29,90,1,65,37,14,129,37,148,128,30,127,4,103,22,48,52,136,40,67,35,18,62,73,38,101,61,98,163,9,142,110,70,141,118,88,29,84,198,30,185,29,30,40,153,51,37,64,75,73,16,125,19,92,9,63,89,70,4,26,127,11,132,107,77,61,49,10,18,52,112,44,77,23,26,75,99,21,49,202,47,77,9,86,19,0,38,88,32,13,78,99,17,63,33,11,3,85,15,68,14,9,14,10,44,23,14,20,21,26,8,357,355,93,319,550,346,165,547,396,179,539,314,287,671,392,352,800,527,116,557,487,28,285,185,76,129,29,158,197,58,159,342,348,67,445,845,586,124,842,1111,719,97,921,1285,906,5,856,1103,692,95,184,152,144,11,70,202,15,5,1,26,99,47,31,10,54,65,99,97,6,61,42,84,89,122,222,22,30,71,210,66,0,25,4,127,34,122,113,85,21,18,110,12,79,33,45,146,77,51,241,153,205,125,64,11,13,5,47,125,52,174,181,63,101,50,141,14,59,42,34,57,16,23
3,14,1,24,7,10,22,26,8,18,21,37,46,27,12,12,13,3,6,6,10,11,15,38,26,26,61,32,50,28,22,40,26,40,30,27,0,50,11,8,5,10,19,70,13,41,28,48,30,24,30,87,8,44,52,21,39,11,29,1,25,76,44,24,66,3,55,7,62,30,399,266,15,272,522,671,715,643,485,277,60,122,241,251,150,67,360,665,915,1061,1070,955,751,481,214,9,8,279,283,203,64,96,264,377,424,387,295,168,42,40,79,60,3,77,150,181,160,82,37,175,288,352,346,14,8,2,3,6,4,3,3,22,8,26,2,21,9,8,12,2,17,30,14,1,3,1,26,3,31,39,59,22,33,23,3,3,26,10,27,28,15,17,27,35,19,49,0,5,43,36,19,5,3,31,21,31,38,30,27,30,40,22,56,50,34,9,8,14,15,28,7,3,65,7,10,28,5,21,75,17,15,46,51,5,12,7,9,3,46,17,18,41,65,27,14,2,55,18,13,46,6,49,17,23,22,16,15,2,52,3,60,60,33,45,25,11,22,13,0,90,22,32,14,74,19,22,30,24,53,47,17,17,22,18,61,13
105,272,262,371,102,15,99,321,471,334,53,598,768,477,26,602,795,419,130,241,60,26,328,443,497,511,105,968,1087,471,185,644,215,343,188,73,244,48,263,418,532,344,164,568,736,492,224,768,525,100,421,152,274,277,46,356,536,202,692,540,491,174,187,33,498,50,96,175,198,193,25,129,41,14,99,52,249,150,117,226,42,59,20,40,146,55,264,0,258,102,226,256,3,257,201,52,231,79,264,52,262,1,463,300,349,552,248,43,325,413,77,234,76,37,29,28,40,105,82,307,8,396,0,132,203,53,53,35,318,126,90,108,65,48,320,438,344,286,375,54,238,218,91,257,5,319,226,118,331,241,15,267,334,133,266,348,22,315,119,277,408,1,331,493,267,331,621,268,221,423,171,318,409,13,366,556,358,353,766,252,381,252,73,32,169,286,456,123,257,203,844,150,387,697,205,94,42,300,182,536,384,191,432,966,541,472,893,371,66,71,148,238,33,102,150,371,324,139,743,877,240,570,758,470,77,237,356,191,161,233,257,627,292,294,666,717,411,245,861,827,31,633,370,199,181,74,240,363,372,219,1010,383,398,167,186,155
115,259,291,256,64,134,133,88,220,508,1063,422,739,1135,441,481,796,468,71,241,231,230,376,304,278,967,805,337,1193,795,240,785,112,46,340,321,12,40,224,234,314,781,330,661,979,159,779,661,131,416,81,89,120,180,106,357,260,128,437,331,201,243,257,557,629,241,51,838,147,22,261,268,96,288,105,161,111,82,41,184,133,179,290,36,201,208,2,223,209,147,317,12,356,162,210,198,85,79,113,60,71,24,146,42,356,40,502,298,372,487,85,431,141,220,196,29,92,9,6,131,50,185,161,61,9,168,125,56,94,155,191,18,119,307,178,155,259,72,211,66,162,190,363,158,638,252,610,711,147,759,292,476,420,240,373,196,534,79,703,356,541,746,59,654,423,204,409,149,221,215,151,300,136,501,129,549,548,193,686,302,407,497,29,435,113,409,194,140,129,155,257,57,1180,590,22,223,275,49,207,247,333,258,109,539,371,333,674,146,434,317,169,194,224,405,74,761,663,238,996,832,141,917,752,58,133,492,221,10,15,69,413,666,110,749,872,151,540,673,395,146,578,441,97,329,53,127,194,554,6,1107,839,502,168,41,273,188
11,1,2,4,6,1,858,393,226,817,1214,1364,1229,896,410,76,485,772,857,721,410,6,389,621,620,358,84,608,1086,1391,1473,1295,8,365,209,713,1028,1088,857,332,288,905,1368,1546,1418,1029,510,16,457,755,844,726,443,58,319,570,615,416,34,1,2,1,7,3,5,2,3,1,0,4,1,3,0,1,2,0,4,2,0,2,2,3,0,1,3,2,4,1,0,0,0,1,1,3,3,1,0,4,2,3,1,0,0,1,0,0,1,0,1,4,0,1,0,2,0,1,2,1,0,0,1,2,1,2,0,0,0,0,1,0,2,0,1,0,0,0,1,1,0,2,0,0,0,1,0,3,3,1,0,0,5,2,2,4,0,2,0,0,1,1,1,1,0,0,0,0,3,5,2,0,1,1,0,0,1,0,1,2,1,0,0,2,0,2,0,0,0,2,2,1,0,0,2,2,0,0,2,2,0,1,0,2,1,4,0,4,0,0,0,0,1,1,1,1,2,1,2,1,2,2,0,6,8,1,3,2,1,0,1,3,2,0,2,0,8,3,0,1,2,0,1,0,8,3,2,0,4,0,1,0,3,0,1,2,2,0
72,47,103,55,61,12,528,83,520,389,389,735,18,900,774,328,1104,637,431,886,366,299,342,1,26,329,364,255,858,527,516,1038,22,676,747,138,699,130,763,661,477,1276,666,826,1539,655,847,1368,539,535,791,330,36,64,139,436,489,68,749,10,138,19,47,30,141,117,84,77,1,132,65,702,924,92,1103,1301,114,1251,1359,161,1021,1043,159,501,391,50,142,393,86,695,974,159,970,1124,146,844,76,81,361,204,68,332,446,184,1016,859,421,1428,879,642,1363,564,635,871,221,275,234,159,288,140,432,683,70,74,18,81,43,31,31,25,30,39,8,55,159,44,243,116,232,343,17,353,327,50,338,291,3,267,329,116,230,426,226,268,525,206,381,503,8,448,16,243,387,26,424,280,249,523,198,354,499,115,304,324,58,85,36,63,231,195,187,482,210,360,509,46,439,20,9,128,31,66,19,63,25,75,31,33,502,39,431,313,22,189,141,63,72,66,104,316,238,161,437,231,201,310,28,198,27,261,190,276,554,175,110,701,143,538,626,135,360,426,149,120,165,79,63,132,80,192,405,200,291,509,140,349,344,93,291,43,350,95,16,65,6,20
41,26,127,90,262,96,67,158,150,189,50,32,83,409,216,434,114,195,63,16,56,39,95,96,196,50,92,180,74,88,54,48,64,8,181,447,183,216,267,25,132,364,224,375,231,172,321,325,290,7,218,3,241,164,105,129,23,136,149,136,191,111,59,44,384,45,48,249,15,61,232,57,12,6,213,300,208,94,1,140,6,353,61,206,47,44,412,146,220,164,373,142,406,89,540,413,210,152,152,43,214,38,78,53,63,86,91,69,57,298,51,104,189,1,3,30,175,46,100,8,189,80,99,115,82,4,18,91,22,50,30,21,58,13,278,501,133,392,310,25,94,0,103,331,223,380,760,363,529,1018,613,348,1025,757,122,842,655,141,552,165,39,185,398,610,30,906,1057,76,1049,1307,397,742,994,393,161,230,135,271,541,337,527,1182,842,421,1413,1070,109,14,141,354,32,79,167,115,58,64,92,132,21,31,63,103,62,107,125,99,56,147,94,223,127,392,168,16,173,270,168,13,43,182,144,164,52,117,46,246,32,270,154,212,30,104,255,172,20,281,193,202,291,15,92,134,46,114,253,4,102,139,45,97,98,31,83,130,12,146
123,290,585,389,840,258,830,460,341,564,262,96,340,227,422,58,361,547,151,548,499,28,613,641,121,377,668,426,100,333,492,294,607,476,651,444,274,709,572,41,585,605,347,402,810,584,271,922,647,35,974,660,188,957,418,374,557,235,257,95,438,102,181,656,165,614,865,236,801,379,86,360,457,436,920,472,629,535,872,916,232,601,597,105,417,193,268,302,490,666,310,397,382,53,719,14,406,91,61,823,33,151,151,164,815,368,933,260,365,730,262,61,301,538,127,448,45,374,68,67,383,129,151,32,473,238,220,35,124,371,49,37,243,112,91,116,299,202,367,292,108,94,146,130,75,216,64,423,621,71,226,344,389,172,26,263,607,12,437,136,84,574,900,300,106,241,1014,165,395,463,314,389,379,491,244,232,39,122,179,154,185,1064,307,132,798,791,199,615,31,1150,294,445,12,427,562,1226,843,309,384,388,453,314,608,213,1045,97,156,894,609,140,565,653,189,535,451,216,113,417,53,552,432,276,328,35,1394,430,32,341,885,189,247,272,286,546,284,1270,265,21,929,247,234,432,746,936,209,463,205,750,11,250,99,126,767,742,101,441
22,4,75,60,29,22,92,28,58,24,60,12,98,94,93,63,9,9,9,66,111,24,36,75,21,144,18,32,73,20,2,40,86,89,79,42,30,10,27,27,116,25,2,49,35,10,86,5,41,14,19,139,149,26,50,59,102,57,3,107,73,104,36,107,84,29,60,55,62,31,419,906,1108,903,327,375,940,1160,935,387,272,759,873,587,70,442,690,584,165,357,747,815,517,39,619,932,73,406,136,505,577,397,82,180,263,163,44,240,285,116,166,393,430,222,109,380,434,255,58,292,312,126,102,22,42,6,13,39,8,1,35,23,0,14,21,2,42,44,36,59,0,10,26,47,38,22,5,82,56,34,39,17,1,76,27,79,40,47,12,67,24,26,17,43,10,57,53,61,122,80,59,15,93,86,44,47,25,5,61,29,48,62,131,118,40,4,128,55,45,82,88,34,89,112,16,12,7,12,45,42,47,0,50,51,88,12,10,67,77,9,110,5,15,55,34,23,16,17,20,30,18,60,53,104,64,53,122,11,23,20,33,51,45,57,26,11,22,72,21,28,11,50,46,5,202,82,54,64,58,65,83,33,0,21,1,41
199,34,7,5,1130,1189,1181,1100,931,718,420,91,260,615,933,1195,1393,1492,1486,1392,1197,919,558,126,317,764,1168,1491,1726,1840,1820,1677,20,993,528,22,462,917,1274,1531,1647,1646,1543,1318,1008,639,231,175,569,892,1106,1240,1271,1220,1060,833,568,285,23,295,536,5,25,26,13,30,13,30,13,13,13,7,4,14,2,9,4,1,1,5,4,7,3,0,2,4,4,0,4,3,2,2,1,1,1,3,2,0,4,2,1,0,2,1,1,3,0,0,0,1,5,0,3,0,0,0,4,1,1,2,1,0,0,3,1,1,2,0,0,1,2,0,0,2,0,2,1,1,3,0,3,1,0,0,3,1,0,1,1,2,0,1,3,1,4,3,0,5,2,3,0,2,1,1,3,0,2,0,2,0,3,1,0,2,0,4,6,1,0,0,3,5,2,0,2,1,1,2,2,2,0,0,1,1,1,2,7,2,1,1,0,1,4,2,11,5,6,0,0,3,1,1,4,2,3,2,4,8,1,2,0,11,1,0,4,2,5,7,10,8,4,2,6,1,7,10,8,2,1,3,5,2,6,9,0,11,12,1,4,6,9,9,9,15,10,10
54,92,502,148,627,488,123,481,397,145,556,389,208,557,384,268,634,486,307,655,399,352,705,283,331,685,282,498,659,102,614,687,170,541,747,122,763,572,36,519,452,123,625,439,257,601,299,250,653,238,314,537,171,299,404,11,365,235,24,240,295,38,452,234,52,279,256,99,354,174,133,210,82,146,176,8,166,147,80,166,192,28,210,104,84,185,59,65,102,90,98,90,0,65,150,15,137,32,73,81,43,53,38,21,32,63,18,110,14,64,19,9,32,3,56,33,9,0,12,3,12,12,19,23,1,33,9,34,41,23,32,10,36,4,105,268,248,192,290,66,400,109,301,317,163,544,177,532,423,102,496,153,393,543,24,460,428,159,685,206,441,586,73,575,529,162,658,361,293,649,186,490,533,83,625,506,194,692,377,277,724,130,482,769,268,650,683,87,725,380,239,592,346,483,775,381,482,919,166,412,588,97,521,558,138,623,625,108,779,704,359,669,431,313,791,175,549,604,52,710,795,127,929,800,209,863,809,396,920,480,364,907,372,423,1124,489,631,963,327,680,874,251,641,927,170,585,711,36,748,583,114,630,470,125,530,26
89,26,174,236,4,233,735,329,853,335,164,180,24,89,334,475,192,547,1029,623,397,1010,775,109,446,656,448,47,211,33,23,430,644,135,707,976,423,462,920,539,223,638,306,199,175,195,247,186,564,364,275,651,379,174,452,191,38,65,171,35,394,14,564,421,57,312,138,663,785,143,320,350,82,261,340,113,102,157,113,88,56,148,25,166,84,244,278,59,371,248,145,313,138,149,156,125,297,161,291,44,353,244,121,291,182,15,133,75,5,87,179,11,315,348,17,321,231,35,125,29,73,177,329,30,63,154,112,39,50,140,133,237,49,105,96,276,169,231,409,34,405,307,157,358,131,200,212,43,155,39,260,15,411,327,252,637,251,415,561,109,318,282,119,263,83,436,275,294,743,357,454,801,294,382,433,64,174,64,132,176,68,459,402,266,714,247,488,71,70,218,303,34,275,372,11,729,200,26,671,336,373,548,66,447,448,113,636,400,436,839,280,642,792,184,458,566,206,235,200,109,133,261,570,348,425,871,675,150,865,803,52,543,498,88,175,52,155,102,231,506,251,338,629,347,174,514,402,1,330,294,33,917,621,137,1,158
173,74,64,835,30,103,409,170,375,85,705,375,329,559,607,499,299,629,222,142,103,757,76,275,173,429,183,53,536,7,389,1073,611,659,429,317,563,749,9,399,9,63,301,66,84,47,1568,1267,343,310,115,481,414,11,141,227,305,181,243,77,2,849,463,37,153,655,681,603,669,5,641,1185,849,333,1394,1517,564,611,1037,973,275,132,551,524,150,310,470,200,419,584,20,443,582,216,436,614,421,265,705,457,64,602,659,234,416,659,280,53,517,483,95,442,423,26,495,564,138,341,626,379,212,443,257,138,111,137,60,85,121,4,201,15,91,117,379,113,95,50,170,47,49,287,385,183,167,727,229,282,88,481,254,128,243,175,587,605,166,38,661,497,28,397,369,437,203,375,437,15,410,139,454,95,737,761,431,787,607,10,179,311,1055,79,51,541,503,570,342,198,150,58,1091,673,205,529,420,691,155,52,647,244,217,278,230,1061,123,579,222,551,371,687,747,258,639,397,240,983,68,953,500,337,338,124,427,145,62,423,246,209,935,335,613,583,166,145,660,311,583,167,527,499,93,321,679,270,437,328,243,41,621,885,927,243,581,345,46,189
9,38,42,91,98,76,254,334,525,146,347,468,65,425,468,19,495,513,42,588,574,6,561,565,2,542,465,111,530,324,275,650,134,413,738,288,434,713,226,312,496,162,285,349,13,317,253,114,409,242,181,453,306,146,467,315,73,336,243,42,88,56,15,11,78,3,75,106,79,28,80,322,264,23,233,228,24,134,111,11,70,1,100,91,63,175,112,61,213,174,29,175,160,9,100,104,37,28,3,23,32,89,88,27,146,145,5,138,132,21,80,106,42,14,47,54,53,6,64,93,10,75,86,0,2,22,8,9,4,37,23,43,36,6,75,200,89,281,246,250,513,72,498,482,121,552,264,270,371,51,343,79,409,385,186,650,393,360,752,354,152,651,182,388,403,109,465,168,409,589,49,653,685,19,725,662,39,633,480,201,588,237,446,639,80,650,732,41,157,32,34,73,9,30,142,38,29,3,169,473,662,143,588,766,122,625,679,31,600,510,166,624,337,415,728,284,568,860,258,739,1043,303,692,904,101,671,697,92,768,556,320,952,563,430,1013,568,416,961,505,445,863,380,450,764,236,524,725,111,566,618,21,28,70,24,20,25
14,395,249,125,553,4,183,469,64,208,21,355,236,148,814,650,428,1474,1148,387,1827,1557,122,1699,1434,167,910,751,30,306,160,289,151,763,884,30,1127,1067,15,991,943,41,828,361,202,440,89,493,205,176,455,228,270,327,94,226,336,458,73,465,525,643,399,594,241,314,877,235,123,523,63,1147,227,359,274,330,499,267,367,107,8,214,35,741,38,28,41,389,16,140,395,175,387,173,1247,129,477,569,469,80,215,127,632,307,50,663,270,289,133,159,421,53,10,38,118,483,246,349,237,22,49,69,253,217,133,231,145,19,209,229,102,135,66,297,1,247,197,95,163,457,154,153,165,661,205,241,351,455,39,237,427,295,10,375,274,575,213,471,607,439,815,493,945,1065,155,197,519,404,169,867,663,508,193,409,30,121,661,154,37,125,386,286,104,687,248,457,171,465,47,250,100,161,249,763,161,757,188,57,14,429,451,499,86,151,82,527,112,173,29,225,60,94,380,1099,225,320,70,549,527,327,149,805,184,344,641,55,401,421,345,249,83,35,727,1257,44,413,204,2,41,1147,460,251,883,952,358,159,441,182,141,348,631,133,147,687,146,143
33,35,77,43,213,12,116,215,341,491,641,787,918,1017,1084,1101,1084,1015,912,777,616,433,229,24,189,403,607,777,923,1016,1043,1031,10,837,676,480,270,49,163,368,540,682,790,858,883,874,821,747,646,519,376,220,51,113,270,420,542,649,724,7,48,102,81,45,162,187,49,100,84,101,197,236,282,342,409,464,526,574,602,595,558,501,403,295,167,41,86,197,298,383,470,535,582,600,596,570,69,417,309,189,68,50,154,243,303,331,325,306,261,192,122,62,3,31,35,0,60,160,282,414,546,660,744,12,67,17,47,9,16,44,19,35,10,12,45,126,198,259,305,342,358,367,362,353,344,336,328,328,341,356,371,381,394,410,417,428,443,448,451,446,24,397,352,308,252,201,143,100,57,19,0,4,17,1,17,48,79,122,162,204,257,303,335,355,360,331,290,9,30,201,60,30,16,45,52,74,20,33,192,236,271,276,270,228,164,87,2,102,194,279,337,369,376,342,282,187,73,44,175,309,432,538,634,714,25,788,783,743,692,621,540,448,359,261,151,54,53,153,254,343,413,461,498,507,490,453,388,294,185,66,57,3,50,41,38,12
42,54,468,331,152,11,111,90,15,191,378,61,543,445,232,58,333,514,545,418,179,90,278,307,163,132,483,760,881,778,486,78,311,567,614,460,184,94,230,589,65,402,712,857,776,468,37,386,644,665,440,53,323,566,555,275,180,678,1044,1144,952,522,18,486,769,786,571,240,66,236,211,0,271,507,609,55,290,0,242,353,298,125,66,224,224,77,196,485,696,736,599,313,35,336,507,499,352,149,35,127,104,20,166,742,290,223,87,56,166,196,175,127,77,77,112,168,203,193,119,6,121,202,227,23,9,38,56,0,17,9,18,35,17,3,35,45,145,207,196,98,54,203,264,214,81,73,165,151,31,120,239,251,148,192,171,254,227,99,64,196,239,174,32,134,253,303,243,114,52,189,264,262,177,30,114,217,261,211,92,63,205,95,268,171,28,103,170,131,13,149,262,270,145,91,370,584,656,553,272,69,356,498,455,196,115,403,520,420,148,220,549,686,613,332,42,361,500,1157,147,219,505,615,474,139,276,616,757,651,358,12,321,430,330,55,282,552,632,504,178,205,531,692,634,395,58,52,382,337,121,182,490,663,664,476,189,26
8,0,1,29,19,93,530,356,132,107,365,591,777,921,999,1027,1014,953,842,704,527,331,121,97,279,387,427,390,301,154,13,176,11,483,594,682,729,732,679,573,393,187,16,230,393,512,578,592,563,496,404,280,105,73,272,448,631,745,823,22,7,48,80,6,5,46,18,18,42,66,45,32,17,31,28,16,40,70,55,27,2,9,10,17,23,100,47,0,10,5,45,51,25,26,14,18,28,5,1,50,44,30,33,4,33,19,34,13,24,41,55,8,40,47,12,69,33,7,6,0,26,4,30,0,18,3,29,14,0,16,14,4,5,2,15,24,31,23,13,20,20,16,6,13,48,26,40,46,6,51,50,24,46,44,1,58,40,42,82,57,16,90,78,24,45,84,12,30,10,28,55,7,48,4,34,15,2,26,7,2,21,13,16,9,18,39,97,61,24,13,11,21,27,3,1,77,55,45,64,40,94,57,62,55,25,43,28,57,14,0,4,30,54,77,86,61,46,86,86,28,5,96,24,13,74,21,63,19,51,50,28,40,17,17,20,4,10,52,23,27,5,8,19,68,20,67,63,14,31,44,40,11,71,75,19,0
17,5,4,30,7,13,175,40,179,234,185,24,205,343,247,100,428,421,33,411,534,161,370,566,239,315,563,274,282,550,277,275,6,290,290,591,316,296,632,348,304,668,364,312,694,367,360,738,368,414,847,446,460,1000,592,447,1158,795,360,19,19,15,51,1,60,22,7,68,12,24,28,75,3,59,19,20,4,48,19,0,29,4,41,19,20,19,23,20,14,37,46,25,11,36,14,23,22,11,30,37,44,9,8,37,11,38,4,35,1,50,29,13,1,40,11,34,32,20,5,30,4,10,24,2,6,9,4,0,8,1,3,12,0,37,9,6,18,26,3,23,17,6,10,29,10,2,31,33,21,21,9,42,6,0,26,4,42,21,25,3,35,4,5,11,3,42,25,16,17,12,25,0,9,42,24,26,20,18,4,12,6,16,13,12,23,47,22,9,30,0,55,6,50,18,19,37,39,19,31,41,3,9,51,3,32,11,1,28,2,1,16,6,13,19,8,2,0,30,64,16,36,13,35,18,35,35,57,16,42,1,10,24,52,12,12,11,46,18,38,43,68,3,19,22,8,63,15,105,20,21,29,23,12,36,30,22
57,155,33,520,302,497,559,950,609,344,1046,851,174,598,1119,834,207,979,681,52,31,81,288,789,764,87,784,1296,795,455,1287,956,695,617,518,192,64,138,106,284,750,561,274,906,720,86,675,593,0,383,195,139,86,225,241,135,389,217,179,549,382,337,27,649,663,247,236,248,6,1,192,68,160,336,63,334,270,172,309,48,143,163,153,35,148,177,23,5,64,128,400,160,355,420,32,385,102,222,380,42,421,302,228,431,60,375,252,189,324,10,303,200,144,222,8,143,11,120,16,243,104,267,342,30,97,282,120,112,344,75,164,174,60,142,236,48,247,17,297,121,221,119,161,84,268,256,177,476,222,242,440,162,225,253,14,209,21,282,102,319,119,25,484,433,174,539,166,374,340,211,418,62,367,354,71,471,384,241,650,294,403,609,112,393,357,2,235,245,108,701,399,89,143,403,258,941,448,439,354,645,387,328,800,425,453,785,261,485,653,81,537,452,238,609,164,567,690,38,832,935,91,1039,743,346,242,149,215,120,58,234,218,203,663,402,349,698,478,41,446,650,281,346,412,0,170,161,301,70,396,762,389,174,429,318,566,9
13,8,18,150,26,3,374,477,576,639,676,657,585,471,336,170,4,150,273,352,400,397,338,241,108,66,256,452,646,820,948,1011,150,958,843,663,420,149,144,440,720,973,1180,1334,1427,1455,1419,1333,1188,1010,808,596,390,187,1,158,289,385,436,32,82,0,68,6,80,118,22,88,93,105,578,636,666,678,656,607,514,405,282,151,23,73,144,163,146,82,23,162,322,498,658,799,914,977,1007,963,16,703,502,249,23,302,569,802,973,1078,1109,1045,911,724,504,287,95,38,106,89,0,136,305,474,620,720,756,35,72,23,7,42,52,32,19,5,12,3,64,5,98,202,301,384,439,464,458,422,381,347,327,321,338,373,418,461,495,513,509,472,414,329,223,101,0,153,291,388,478,527,552,541,500,450,372,294,230,165,121,93,94,110,143,199,259,326,392,445,478,492,487,28,23,34,5,38,177,44,19,12,20,155,285,304,299,263,213,145,56,33,127,222,310,399,460,503,510,487,429,330,205,60,105,262,399,508,591,628,19,622,590,534,490,435,389,339,276,217,155,93,34,14,40,43,25,24,82,153,214,260,289,289,266,227,171,5,6,24,89,43
37,23,39,21,18,70,45,1,27,264,122,122,75,10,8,56,66,155,60,15,13,49,64,74,66,11,42,75,113,23,27,43,110,138,57,102,40,146,14,102,64,67,55,86,18,162,132,70,34,2,85,46,56,52,46,139,127,33,54,56,139,18,151,96,19,27,103,53,179,54,62,111,93,70,70,118,54,79,74,7,79,49,14,52,70,73,81,11,32,82,104,19,0,19,18,0,60,27,84,21,24,50,75,49,22,116,127,90,18,66,10,40,32,44,49,85,0,83,44,75,5,42,23,0,17,55,27,14,81,33,62,21,18,41,355,377,395,384,316,185,7,182,381,468,424,294,76,195,497,688,754,671,519,294,89,111,193,211,102,14,42,172,231,221,228,227,244,205,82,98,333,540,701,868,995,1068,1131,1174,1159,1038,850,658,460,315,268,304,454,114,21,8,114,24,76,125,43,134,70,63,11,14,89,210,80,66,2,82,59,10,23,8,82,31,107,43,31,71,11,48,165,97,34,52,45,14,149,52,54,112,28,140,47,114,96,118,61,87,18,3,66,253,131,21,11,163,62,113,111,117,113,22,37,29,206,82,20,41
173,8,19,13,1146,679,141,943,1257,899,68,873,1346,1126,309,729,1410,1346,563,560,1426,1539,837,346,1391,1709,1101,119,1337,1835,1367,134,19,1882,1516,358,981,1730,1530,527,746,1552,1502,659,527,1367,1424,736,325,1178,1322,777,172,966,1198,761,44,780,1053,736,58,21,20,6,5,1,12,13,8,5,9,3,5,6,8,9,0,0,7,2,6,7,1,2,0,5,4,0,1,0,2,2,1,5,3,4,1,0,0,0,1,4,2,0,0,1,1,0,1,0,2,5,0,2,2,1,1,1,1,0,2,0,1,3,3,2,1,0,0,1,2,2,2,1,3,0,4,0,1,1,0,0,3,4,0,1,2,4,2,1,2,2,0,1,0,1,0,3,0,0,3,5,6,1,1,1,3,3,0,2,3,2,0,0,3,0,4,1,3,0,2,1,0,0,3,1,0,2,4,4,1,0,2,0,1,8,0,0,3,6,1,3,10,2,2,9,3,4,0,0,4,2,0,3,7,9,5,1,0,12,7,5,8,2,3,8,7,17,2,2,4,4,7,3,9,12,5,2,4,7,16,10,11,7,8,1,10,7,2,0,2,8,3,8,7,10
7,1,2,2,9,6,770,1097,1077,708,138,462,981,1255,1292,1087,727,264,155,446,524,365,3,455,830,1004,892,500,42,619,1093,1374,5,1112,610,7,579,1018,1140,955,431,230,885,1368,1553,1410,1024,489,39,455,697,720,524,177,225,540,662,519,144,0,2,7,7,1,6,1,3,0,0,0,1,1,4,0,0,3,2,0,0,2,4,0,0,0,4,1,0,0,0,1,2,1,2,1,0,0,1,4,3,4,0,1,0,0,2,3,0,0,0,1,0,0,1,2,3,1,0,0,0,1,1,0,1,0,1,0,0,1,0,0,1,1,0,0,0,1,1,2,3,1,0,0,1,0,3,0,0,0,2,0,3,1,2,1,2,4,1,1,1,0,5,0,1,0,2,2,1,0,0,3,0,2,0,4,1,0,2,0,0,4,2,3,3,1,2,1,0,2,1,0,0,3,0,0,1,2,1,0,1,0,0,2,0,4,2,1,1,1,2,2,2,4,0,2,2,1,0,0,5,4,2,5,8,1,1,6,3,2,5,2,1,0,0,0,2,5,1,0,2,1,1,1,7,1,3,2,2,1,3,0,2,4,1,0,2,0
2,306,29,77,248,446,296,272,734,164,813,814,272,953,553,318,910,399,498,424,21,231,144,651,911,218,1374,936,862,1639,301,1387,179,527,721,35,38,244,178,786,290,891,818,398,808,291,344,671,43,610,76,380,73,274,186,325,217,368,278,60,227,507,119,112,339,449,1,143,119,501,594,170,254,110,17,83,134,166,100,207,12,65,135,121,183,217,112,137,12,31,66,43,109,180,72,286,217,301,158,261,118,232,10,225,152,249,123,313,28,271,182,183,219,57,134,43,60,3,7,148,122,230,379,11,102,196,50,12,43,153,78,102,105,105,466,32,447,72,254,6,68,189,41,356,189,426,362,312,426,141,385,14,301,71,186,33,87,19,114,29,363,126,409,389,409,555,314,544,261,395,322,316,383,405,271,556,23,596,375,447,576,251,601,84,510,37,304,12,176,311,562,331,162,405,15,275,85,704,108,619,30,573,99,557,277,385,400,25,325,330,173,431,226,276,551,340,763,678,486,1028,209,784,670,131,349,297,64,159,15,293,436,239,904,457,775,1080,97,1077,518,469,518,52,108,12,112,391,196,432,904,74,1490,609,574,645,229,278
16,29,38,8,29,103,146,492,478,93,320,465,254,179,470,390,31,428,606,382,135,576,591,214,288,555,393,63,444,465,77,421,234,375,198,620,634,200,281,470,301,34,322,338,54,242,352,114,201,398,327,5,336,472,266,63,331,323,123,11,91,41,51,58,58,111,37,35,11,76,320,214,3,206,240,137,23,113,119,21,44,42,34,112,100,13,128,175,112,20,143,188,97,23,91,97,33,1,0,19,19,20,95,119,77,24,121,141,75,15,85,81,56,26,6,29,67,85,42,32,93,76,5,13,50,9,20,3,17,45,4,6,20,2,162,95,240,2,327,332,84,508,456,31,496,496,73,363,369,12,339,276,134,492,401,107,615,642,165,422,17,400,177,496,358,94,459,355,123,561,568,125,541,805,488,191,665,642,81,474,613,204,411,693,412,251,761,40,20,100,228,91,122,165,106,61,40,53,143,437,723,453,174,718,743,217,430,693,414,194,638,541,37,625,744,262,430,861,636,27,831,985,436,416,290,658,89,731,767,165,591,914,552,239,878,895,261,533,941,605,110,737,773,267,458,790,498,137,624,618,134,25,23,123,62,23
27,148,33,89,50,71,685,423,58,506,674,443,107,710,1077,994,487,210,746,879,606,144,181,201,75,439,594,408,66,603,919,857,52,135,569,642,305,278,735,812,401,325,1019,1360,1201,623,110,717,1014,977,700,371,139,75,113,144,32,255,638,87,46,67,0,8,36,0,93,117,32,119,28,560,971,1051,697,2,808,1398,1545,1187,491,211,622,625,339,43,7,244,649,941,904,491,155,773,1111,1058,63,205,130,181,21,118,28,370,894,1229,1117,500,383,1125,1390,1110,470,149,478,462,292,196,286,445,468,223,217,45,41,24,0,26,38,2,35,21,33,28,164,246,182,9,233,360,309,104,152,337,385,328,203,72,55,187,326,426,401,216,95,391,525,413,116,209,40,348,101,206,424,427,210,152,470,600,489,202,77,229,213,110,74,137,269,345,292,83,189,422,515,412,147,21,5,18,76,43,10,30,98,3,36,71,478,325,125,32,137,171,152,119,111,161,258,320,273,82,196,401,427,227,42,222,179,62,353,509,440,156,19,517,691,673,502,195,124,360,414,316,129,24,66,225,388,384,172,156,443,540,398,125,134,260,221,51,182,124,84,23,93,29
8,60,181,549,78,40,176,551,466,117,684,727,141,566,812,365,220,529,443,225,63,138,377,608,409,261,956,896,14,917,990,208,32,626,107,151,96,295,201,801,676,316,1138,789,300,979,594,296,617,110,375,178,290,348,168,422,1,385,65,129,133,372,101,504,671,12,623,355,9,462,97,65,67,51,63,28,107,174,73,102,63,45,35,224,138,255,360,0,295,124,234,120,335,360,177,604,89,371,508,18,368,97,320,183,351,452,93,568,356,279,447,67,229,107,110,25,165,134,111,194,90,55,126,290,42,42,96,16,172,149,15,94,241,200,86,189,47,208,87,206,140,183,156,198,232,205,435,54,499,430,146,495,201,232,232,80,178,114,283,3,326,312,165,481,219,304,456,15,450,218,369,464,169,658,258,524,702,32,695,552,266,675,202,513,481,244,593,370,366,99,192,113,178,265,287,497,192,48,551,588,161,448,791,372,499,860,298,539,631,32,400,148,195,49,400,352,255,781,524,354,949,668,222,806,512,194,417,53,269,56,586,458,308,856,649,143,770,771,197,487,702,305,260,327,4,91,272,554,18,869,1009,406,154,552,349,328
6,9,14,133,127,42,118,192,221,29,115,335,24,141,55,60,199,203,180,4,278,94,239,198,318,89,279,29,89,122,299,340,34,171,380,50,215,171,118,21,161,232,165,22,123,201,208,99,198,371,29,204,146,260,138,284,128,170,135,130,171,66,82,88,346,105,165,37,178,166,31,127,266,205,107,20,119,77,280,282,109,274,269,239,168,128,85,1,90,227,67,32,21,187,93,265,20,206,50,27,155,240,172,261,127,134,177,18,4,110,110,71,257,150,79,55,62,81,90,102,44,50,31,39,43,69,75,121,28,106,30,0,49,77,127,539,321,284,433,97,39,11,120,387,379,183,819,674,211,981,959,32,910,1020,285,664,892,185,440,325,206,264,219,700,385,638,1214,601,615,1353,920,271,950,698,118,133,163,302,596,589,162,1087,1272,203,1143,1452,496,142,240,123,92,122,39,31,163,134,115,86,33,274,37,382,190,190,193,38,134,157,204,96,218,356,345,38,194,206,142,260,156,187,136,15,327,416,271,32,123,219,231,319,148,106,39,63,7,90,175,148,505,68,49,162,96,24,160,187,332,377,216,209,77,140,18,45,218,123
60,361,222,119,230,591,641,158,722,254,228,237,130,51,176,360,98,274,275,204,689,282,364,619,227,194,489,94,238,356,86,23,22,183,359,650,464,323,819,449,194,641,588,229,833,553,360,898,188,696,814,320,901,262,599,528,101,326,116,441,99,749,196,47,562,393,786,389,347,819,803,400,396,335,554,1197,132,612,613,599,587,57,566,30,160,473,262,909,47,5,571,803,377,130,528,507,720,261,25,581,60,106,470,399,484,159,2,231,257,209,389,461,235,180,241,294,71,397,483,111,16,82,111,306,115,264,72,444,11,95,183,102,106,317,421,480,321,170,117,501,137,389,507,484,414,68,403,539,302,518,290,297,122,515,191,82,264,424,571,159,307,182,411,907,154,531,123,522,478,424,344,699,808,348,434,300,189,393,475,342,271,167,165,264,570,74,375,403,295,85,102,26,28,121,228,150,60,461,551,178,224,308,234,666,898,82,85,611,680,57,379,220,301,19,838,199,524,899,288,566,1530,675,327,154,789,115,328,418,371,171,355,373,246,376,465,23,47,154,673,22,186,688,194,413,486,182,478,650,240,874,288,380,415,77,791,264
4,7,50,70,112,69,26,55,134,41,38,30,39,73,44,114,188,113,10,66,6,95,44,79,89,25,20,46,16,5,48,26,31,5,38,89,14,24,99,17,41,1,28,92,96,185,53,16,56,142,32,68,60,44,134,55,18,11,84,25,91,28,16,60,48,36,100,21,39,70,429,938,1120,815,154,574,1059,1099,693,41,589,914,777,265,328,682,639,235,299,712,775,441,145,717,950,750,18,376,687,652,322,75,328,317,127,113,244,159,63,332,403,206,106,397,455,257,89,352,379,166,114,260,170,5,37,20,8,16,8,2,17,36,22,0,24,14,18,2,56,13,25,28,24,42,10,23,76,39,7,66,27,4,54,2,2,36,36,12,24,144,29,50,77,77,10,62,58,82,3,42,64,15,37,29,60,36,108,52,41,82,85,15,24,15,60,10,8,91,61,4,182,36,10,78,5,34,53,104,23,51,52,118,47,18,111,14,127,10,26,62,53,62,98,28,114,78,57,88,47,54,8,15,3,12,29,26,37,51,46,116,82,25,119,5,61,74,46,113,121,16,25,20,12,57,0,47,86,125,26,102,48,72,77,32,30,52
77,279,92,424,309,182,90,417,47,117,90,1063,432,964,1025,101,550,917,618,202,175,486,420,305,515,123,739,420,140,533,477,144,205,396,663,794,331,329,387,369,1056,164,5,853,181,1448,22,281,833,342,660,857,349,369,101,891,433,57,125,36,1000,417,217,483,524,407,321,225,412,285,1774,861,253,655,574,233,387,380,85,469,330,900,267,1227,1107,470,1067,369,5,207,479,233,324,153,320,155,180,530,6,639,278,212,333,171,207,26,120,105,334,36,704,191,619,124,304,211,26,290,261,420,538,258,500,203,432,43,25,302,5,161,77,23,261,88,181,23,11,132,310,148,320,252,134,189,11,489,40,297,331,10,369,199,458,49,923,359,255,60,474,175,290,392,25,61,40,147,227,273,8,73,8,12,455,348,494,934,213,742,56,216,86,634,216,313,718,1396,100,134,889,193,230,68,837,33,137,210,131,123,240,160,256,251,142,1195,218,365,185,304,479,529,483,785,383,782,528,402,120,155,837,392,165,360,628,575,1022,401,203,233,622,352,4,671,96,42,118,569,295,330,105,238,887,1221,497,163,61,500,92,500,310,852,380,118,1088,259,533,254
143,169,313,633,995,655,155,312,753,839,567,378,1061,1283,320,20,531,48,941,686,74,644,733,102,633,263,610,106,903,559,285,459,1637,508,162,67,159,291,19,371,771,443,47,341,414,34,721,302,385,153,102,521,453,59,165,585,67,47,335,633,37,433,134,613,334,173,140,215,204,174,1047,929,95,1156,1333,539,510,1044,721,93,512,571,132,98,285,156,197,300,167,278,683,351,308,665,507,182,989,373,90,473,397,8,381,401,25,275,342,235,143,552,258,283,508,220,264,545,354,249,590,424,232,576,240,7,85,261,25,229,227,177,177,37,206,61,189,357,129,77,132,46,453,3,633,242,202,191,509,433,164,667,327,117,0,389,384,267,113,139,265,157,511,181,135,99,479,521,10,87,65,480,231,149,167,447,937,212,128,433,141,185,483,143,495,134,275,333,545,404,813,433,400,769,113,465,611,755,1141,76,807,511,282,497,339,105,524,187,100,819,391,139,899,549,641,57,183,248,677,295,37,689,22,143,237,56,1327,815,440,569,111,903,529,1071,689,953,243,196,230,655,499,785,80,8,505,671,1085,541,55,25,407,21,305,1329,477,739,523,523
89,211,391,374,509,546,351,678,533,134,64,156,480,421,37,784,1207,977,86,1430,1948,1164,364,1527,1708,744,303,766,240,20,132,314,260,553,187,1153,1275,687,673,1116,896,135,503,544,1,402,465,225,358,447,89,360,354,204,150,96,391,279,104,137,475,145,427,29,191,271,565,677,212,188,543,73,455,427,198,633,903,635,73,431,849,195,865,649,133,109,367,751,389,639,404,703,555,1341,125,637,271,391,527,550,629,302,94,108,160,87,60,159,151,32,487,547,25,327,481,577,6,95,415,309,149,12,63,297,197,261,95,162,3,90,80,88,101,76,137,283,317,451,396,771,857,146,287,271,323,1005,159,301,301,361,329,305,18,16,385,24,129,89,138,429,835,58,336,244,581,205,192,28,15,389,358,275,411,285,14,22,134,221,147,241,793,225,184,117,199,72,325,293,391,393,245,1429,242,181,13,575,260,271,35,414,805,128,489,14,209,449,389,475,96,471,115,63,407,383,467,94,897,312,177,343,557,184,131,535,483,563,192,314,1137,585,119,2,470,973,167,1127,789,494,59,645,36,603,803,511,491,235,328,76,72,619,137,519,579,191,205,315
24,10,27,1,49,64,582,448,201,125,473,769,965,1004,897,684,398,109,145,332,411,394,274,73,158,392,537,581,493,277,16,332,65,769,806,695,460,119,259,640,970,1178,1267,1201,1013,738,420,128,122,272,329,292,184,45,90,199,241,220,139,55,106,90,81,104,23,44,6,12,52,38,558,770,921,977,895,688,374,7,361,664,851,910,828,635,376,94,153,307,361,288,112,141,424,687,878,955,93,741,501,257,65,24,32,215,505,840,1160,1391,1491,1428,1217,909,551,228,8,79,33,93,226,300,266,124,93,8,5,28,9,24,62,32,60,73,21,16,255,168,33,120,265,362,396,364,293,194,109,52,18,1,16,60,131,224,331,437,506,522,471,363,197,13,33,308,401,422,368,260,104,77,238,386,470,483,432,329,210,104,45,55,117,228,354,452,503,483,402,267,97,5,27,39,122,121,53,101,4,1,68,47,325,376,390,364,318,257,197,138,87,60,75,124,228,338,432,471,415,287,111,77,222,288,260,158,7,162,73,443,532,592,608,602,552,474,362,247,130,37,25,29,31,132,263,390,486,507,454,331,160,21,159,245,272,35,62,182,28,57
77,167,219,57,640,244,114,231,495,674,567,92,516,932,816,256,383,672,494,119,107,69,374,428,27,731,1176,1038,321,546,1073,1028,549,98,220,233,228,297,459,571,414,18,469,723,644,237,220,436,385,166,50,50,49,61,34,321,595,631,381,174,71,311,296,213,647,170,396,526,313,115,216,429,357,159,68,184,235,123,102,94,8,71,252,388,320,122,131,266,222,57,89,82,104,253,225,48,30,270,156,16,60,34,164,162,67,322,413,198,82,295,246,98,42,55,13,22,81,80,34,187,237,66,179,23,160,51,78,61,104,167,238,75,85,120,383,408,123,182,240,1,221,193,22,175,65,195,302,42,381,545,254,285,563,365,83,398,242,155,350,123,237,562,327,210,533,399,49,373,296,107,433,376,42,479,542,152,367,647,434,13,372,355,8,373,426,64,541,102,171,427,300,525,394,330,227,464,225,189,370,445,372,70,404,664,496,95,631,735,269,324,619,354,153,421,191,346,681,536,107,733,969,638,57,415,781,370,245,194,319,330,118,277,711,868,636,158,389,733,697,396,2,197,148,34,89,76,363,600,547,244,198,430,496,67,49,2
8,1,24,77,93,25,592,540,20,536,659,185,538,926,685,33,728,940,600,31,505,527,194,102,15,367,586,283,388,911,867,264,2,815,533,95,592,521,150,894,1036,354,700,1415,1287,466,484,1031,1016,598,66,264,369,348,424,540,539,265,236,37,16,24,23,73,30,3,52,87,52,2,56,38,32,44,22,25,50,90,0,49,19,23,45,66,16,15,51,56,7,73,63,87,17,46,30,95,15,2,16,46,26,45,7,36,17,3,8,4,47,26,32,33,24,56,2,17,8,9,0,20,20,8,11,19,41,1,12,26,34,7,4,21,20,31,29,20,13,7,36,6,19,4,28,9,7,37,27,57,35,36,68,44,95,13,0,38,37,19,58,22,4,58,5,24,2,19,56,19,5,33,59,14,63,15,39,69,38,22,14,5,0,12,6,15,34,55,18,30,68,53,82,60,20,31,26,17,49,8,4,0,4,58,32,42,16,22,24,53,56,42,21,41,13,18,52,6,7,54,80,7,3,40,11,1,58,57,59,3,22,21,6,37,25,7,13,104,12,106,72,35,70,48,45,18,26,57,28,35,37,11,44,37,61,3,18,0
59,15,5,3,238,956,1206,830,37,843,1298,1103,312,656,1333,1331,628,448,1312,1520,946,145,1225,1669,1254,181,1043,1753,1541,514,846,1775,9,846,544,1600,1777,1028,217,1344,1691,1156,46,1083,1568,1211,263,819,1386,1221,430,558,1192,1169,538,328,976,1069,589,142,771,16,13,7,6,1,11,1,7,6,2,3,10,5,1,0,1,4,9,2,2,1,3,2,5,0,4,3,0,1,3,4,1,4,4,4,0,1,0,0,1,5,3,1,2,1,3,2,1,6,2,4,7,2,1,0,3,0,1,2,1,1,2,5,1,2,2,1,2,0,2,1,1,0,1,1,2,3,1,0,1,1,0,0,0,2,2,0,1,0,1,0,2,1,3,1,0,1,2,1,1,3,3,1,2,3,1,0,0,1,1,5,2,1,0,1,0,3,2,1,0,5,0,2,0,1,0,0,0,3,1,2,3,0,5,3,3,3,3,3,6,2,0,0,4,1,7,8,1,0,3,8,8,1,4,3,11,0,7,11,3,0,7,0,7,0,2,9,8,8,4,2,14,4,2,13,8,0,3,3,8,9,6,1,1,14,3,8,2,7,1,1,1,1,0,2
20,2,9,2,8,12,178,124,78,30,16,66,87,124,141,156,150,148,122,98,60,24,28,80,128,177,236,291,346,393,441,477,51,545,568,588,597,585,571,542,496,440,366,285,197,101,2,100,205,329,440,571,679,804,913,1009,1105,1168,1211,4,28,5,24,21,26,6,23,8,15,12,57,5,45,18,5,25,30,0,50,0,0,49,0,60,31,12,12,31,31,7,14,27,57,19,0,3,11,26,25,2,41,14,8,44,26,30,9,6,16,18,4,14,22,25,19,36,37,4,1,16,18,7,27,11,0,5,7,5,8,4,15,0,14,7,15,6,15,10,0,16,5,20,14,8,28,21,30,20,31,15,28,29,20,27,4,13,18,13,18,34,34,44,3,28,58,6,32,19,12,0,54,15,15,2,5,51,1,36,32,1,40,0,21,34,7,94,13,44,3,23,32,5,56,13,25,16,13,18,16,54,23,42,16,5,54,51,4,48,0,24,24,45,37,30,14,12,8,5,15,1,22,44,33,11,6,20,15,12,4,35,9,14,26,13,2,44,23,68,6,9,27,2,66,3,47,8,42,75,4,4,77,38,10,12,35,14
9,64,79,109,192,79,64,14,20,8,113,249,387,507,589,594,545,440,321,192,94,44,54,118,234,369,506,606,657,633,552,400,28,36,102,167,153,41,124,297,426,509,487,375,197,9,201,320,357,310,189,3,193,360,463,453,361,167,30,68,14,27,119,34,167,137,3,114,1,27,247,409,548,627,637,570,416,240,66,41,70,2,134,309,450,521,490,362,156,72,282,433,477,436,333,186,128,0,18,128,269,416,514,502,390,189,54,267,386,413,342,220,103,39,47,110,187,231,184,69,102,269,371,71,34,1,3,33,40,0,15,4,32,37,228,443,587,611,502,292,43,188,344,427,456,464,502,584,690,787,819,754,583,340,79,158,334,438,483,523,41,618,727,857,977,1047,1055,1003,897,766,633,511,432,373,325,285,197,93,51,206,344,471,553,603,625,626,641,90,35,54,46,13,153,161,52,44,25,130,760,679,643,666,695,722,718,653,540,370,163,50,243,369,423,410,344,262,204,209,280,431,627,837,1010,1128,37,1102,974,807,647,533,502,572,704,870,1010,1085,1069,967,781,574,369,193,74,17,43,90,176,252,291,292,236,62,48,2,42,18
9,985,1076,807,122,229,31,446,660,646,120,418,561,450,67,70,104,500,942,1093,882,533,204,181,627,1117,1261,813,71,249,203,369,742,577,40,761,936,593,90,190,4,612,1008,871,547,28,93,199,544,719,500,19,371,330,1,308,200,155,439,418,250,55,98,33,194,243,222,46,109,51,71,102,78,82,115,156,99,3,9,156,206,126,72,35,86,17,116,145,38,111,274,95,139,318,125,134,398,252,142,389,256,41,420,252,142,377,203,157,409,235,86,176,11,288,353,52,225,202,157,276,125,161,330,169,102,49,179,74,191,179,37,278,455,82,398,183,173,306,46,342,317,200,481,360,59,353,89,325,514,181,378,612,275,142,344,54,459,678,412,73,380,117,289,581,474,65,519,494,55,420,471,104,647,808,414,263,524,160,522,868,625,10,593,463,49,641,757,324,377,800,488,154,672,645,37,667,788,353,274,582,303,353,921,796,226,360,351,123,765,897,586,82,385,333,211,597,570,137,482,755,494,15,293,16,444,944,1040,697,421,152,88,440,774,994,795,249,120,242,95,467,537,266,237,603,652,381,93,30,172,460,849,915,823,520,190,115
14,55,28,64,94,16,316,36,277,558,706,651,389,29,491,899,1111,1102,860,491,98,188,301,205,43,373,650,768,659,332,135,610,87,1005,811,407,84,541,841,888,683,279,233,716,1092,1287,1298,1148,886,577,302,111,39,86,217,352,419,360,142,2,59,53,20,14,12,15,81,43,16,31,286,29,358,785,1183,1453,1490,1295,893,390,92,459,632,591,370,63,202,327,259,21,330,703,1007,1168,1142,927,26,264,28,35,92,357,638,814,770,486,13,526,994,1276,1304,1077,679,251,75,209,158,6,116,120,38,320,605,58,31,24,19,45,36,1,17,1,5,82,202,253,190,28,189,374,457,423,288,111,39,138,181,195,217,277,358,431,442,374,204,17,244,397,464,408,78,65,154,333,442,421,292,81,170,378,494,503,417,271,136,50,39,97,195,269,295,238,88,112,321,498,568,125,51,75,44,19,8,40,115,16,100,36,342,393,372,316,253,192,115,68,62,119,231,344,414,401,290,104,106,271,315,213,19,202,369,435,380,230,55,240,450,575,618,580,511,410,295,183,97,73,128,220,330,415,422,321,146,82,280,378,359,232,65,91,184,100,21,31,53,65
4,72,23,106,11,35,24,111,113,83,66,0,16,89,67,26,66,13,54,144,61,77,45,150,56,16,47,83,93,102,29,211,131,47,10,4,58,28,41,73,65,62,200,9,12,116,97,39,13,44,18,163,76,193,8,71,39,112,101,65,10,13,42,18,7,136,46,83,40,91,136,50,13,70,11,170,95,6,16,4,112,4,64,94,80,133,43,54,97,86,25,20,98,106,101,41,129,2,63,64,56,14,109,85,52,87,73,88,49,68,61,7,33,35,236,106,23,54,101,48,4,25,23,21,21,18,42,40,49,41,85,37,34,23,315,391,274,47,392,518,293,179,498,345,125,528,474,32,626,755,262,395,699,479,24,339,286,15,193,70,42,235,182,19,218,350,337,132,295,708,776,364,235,809,1078,884,264,544,1131,1218,703,18,545,632,453,342,430,172,90,21,25,18,189,120,100,6,140,108,73,49,40,118,123,39,79,88,76,85,68,149,117,65,63,63,132,14,113,54,34,135,208,122,44,23,54,45,40,26,66,46,79,27,132,5,90,139,1,113,75,19,113,150,97,37,28,28,148,52,141,126,40,57,99,192,37,71
14,0,70,59,49,15,14,135,30,26,71,12,73,26,2,80,18,18,56,14,49,61,43,29,20,7,88,40,2,65,9,36,44,7,39,2,11,27,76,2,30,75,17,18,65,54,18,63,48,86,22,14,9,22,52,14,10,67,11,20,29,2,28,9,5,24,41,42,9,49,546,64,674,1079,783,0,708,944,640,72,326,293,92,476,417,172,951,1350,1001,37,977,1470,1199,387,442,848,21,208,214,302,49,306,428,186,274,613,585,239,152,327,254,83,14,98,212,197,43,377,555,402,3,401,498,0,11,6,11,22,26,24,7,0,6,7,11,2,4,11,17,32,23,69,26,4,7,2,44,55,51,40,24,38,29,9,51,9,7,13,20,12,51,43,23,80,60,47,21,23,30,48,43,45,11,44,23,48,0,14,33,34,55,27,10,4,34,56,53,55,80,97,8,0,56,8,24,75,18,19,94,0,52,37,50,33,59,21,67,9,38,8,51,24,37,28,7,53,59,20,35,37,73,35,19,0,35,72,0,54,33,11,2,3,59,65,7,44,7,34,7,24,14,3,49,33,47,12,21,43,47,77,9,97,4,0,28,9
5,0,0,2,2,1,86,736,1100,1062,626,6,624,1071,1231,1081,703,199,244,514,512,237,179,559,715,537,56,539,1077,1386,1355,995,2,278,826,1076,984,507,176,836,1230,1224,794,122,579,1116,1330,1195,809,280,180,491,527,317,67,462,669,588,212,2,6,2,8,3,6,1,0,0,0,0,0,0,5,0,3,3,3,3,1,4,1,2,1,1,6,0,3,1,0,0,1,1,2,5,1,3,2,0,1,0,1,1,3,0,4,3,4,4,0,3,2,1,4,0,0,1,0,1,4,0,2,0,0,0,1,0,0,1,0,1,0,0,0,1,1,0,1,4,0,1,1,2,1,0,0,3,0,0,1,2,1,0,2,0,0,3,2,1,0,0,0,1,2,0,1,4,0,0,0,0,0,1,0,1,3,1,2,1,1,2,0,2,2,0,0,0,0,2,4,2,1,1,1,0,4,1,1,5,0,1,0,1,2,2,2,0,1,0,0,2,0,2,1,7,0,0,1,2,1,2,0,3,7,3,0,0,3,0,0,0,2,1,0,2,1,2,3,1,0,0,4,4,2,1,1,3,1,1,2,0,0,2,2,1,3,4
66,146,115,40,389,507,877,695,289,80,417,758,893,557,198,801,873,449,49,272,159,18,41,245,678,742,269,562,1153,1051,380,456,167,740,243,90,114,20,52,186,473,598,359,184,627,714,401,70,359,303,11,173,88,412,463,131,200,481,744,296,239,264,573,283,243,377,143,351,199,949,637,103,366,120,88,92,86,91,108,295,207,48,260,215,21,111,74,32,104,59,100,222,223,23,318,398,358,278,258,78,223,52,394,294,146,452,349,69,244,156,67,197,122,97,295,207,68,228,66,188,155,171,441,126,47,146,89,139,52,94,46,238,154,32,392,102,193,88,109,57,173,162,149,372,190,220,455,333,46,366,406,129,245,332,90,219,269,57,355,292,628,451,362,84,421,404,9,387,452,113,367,531,137,395,551,232,187,418,409,120,366,617,201,585,778,14,771,694,263,8,49,560,300,168,223,622,406,188,513,135,772,419,563,987,430,392,765,550,45,451,543,187,387,520,44,609,805,290,524,984,791,207,464,765,248,196,310,364,12,357,181,367,726,519,32,368,645,710,388,231,637,469,112,262,185,576,407,189,597,628,470,136,519,307,68,71
144,400,170,106,67,75,53,72,434,627,263,509,1044,929,195,507,699,473,148,81,218,208,122,633,930,677,16,739,992,698,63,410,88,394,163,48,23,20,168,355,531,433,0,547,863,631,42,493,596,318,25,9,98,121,118,382,389,124,173,518,500,57,677,46,52,353,85,524,144,406,275,167,23,46,15,22,44,84,65,12,45,30,7,12,77,150,129,84,68,229,275,223,30,204,315,224,194,92,76,0,25,75,184,200,27,200,296,150,96,227,115,50,142,63,85,92,31,92,25,75,97,14,126,254,53,129,91,94,111,101,123,101,53,70,141,4,74,33,78,65,18,8,137,197,34,411,520,148,411,666,354,211,528,351,44,273,116,139,134,138,226,260,173,530,477,57,369,445,161,143,186,25,129,45,185,253,82,218,362,223,119,367,343,70,213,326,213,412,203,104,56,124,40,113,208,721,359,400,8,201,375,144,365,781,633,26,611,726,303,163,312,86,144,91,250,464,389,70,562,748,401,211,657,607,157,227,306,111,129,84,210,464,417,20,522,822,590,48,628,782,414,120,395,299,17,88,73,256,179,159,392,148,82,63,19,26
18,36,77,52,7,29,272,608,287,363,674,273,548,1042,694,258,1045,1022,271,541,760,357,138,183,180,386,42,663,996,503,491,1127,5,47,744,631,95,665,486,343,1074,1010,66,1081,1535,948,235,1132,1183,542,160,451,376,276,320,373,176,278,713,41,55,177,82,46,80,4,31,25,23,3,330,918,897,66,1053,1570,1026,220,1271,1421,678,295,798,640,197,3,167,339,102,549,1091,929,46,939,1280,754,14,640,542,202,131,381,451,60,914,1333,739,541,1498,1337,222,878,1137,569,129,398,275,192,297,310,47,587,771,42,71,9,0,46,24,1,5,16,1,91,27,232,222,75,368,346,11,388,459,195,151,338,314,160,47,274,412,315,37,422,544,264,200,474,357,32,93,294,80,406,354,95,534,548,94,438,594,286,141,326,230,72,53,111,44,198,428,409,67,369,550,342,76,88,76,6,7,66,0,44,29,23,63,7,427,93,255,437,348,80,129,117,7,8,202,332,172,231,495,347,65,313,196,74,130,113,383,349,26,495,69,468,46,525,695,462,27,335,410,243,64,17,70,23,180,394,413,117,296,517,379,4,256,202,71,226,54,71,26,88,10,11
35,6,195,145,100,61,235,263,216,19,1,161,223,154,6,198,192,134,222,132,66,116,178,8,49,15,38,129,293,452,107,315,221,236,122,89,121,337,186,96,60,44,172,82,7,401,151,52,4,140,38,123,97,79,406,187,81,114,162,255,137,205,253,230,28,166,126,96,212,205,94,80,45,306,122,335,6,13,186,45,229,176,23,149,228,61,14,103,94,248,126,206,64,128,7,26,143,67,184,90,210,258,70,59,143,219,138,9,130,76,274,22,97,11,49,122,181,192,126,56,37,1,62,13,49,49,78,12,11,49,35,26,38,184,489,88,505,304,219,256,43,73,1,300,440,120,803,510,501,1037,346,784,995,126,814,760,192,670,179,326,88,309,166,533,669,278,1121,653,674,1264,439,719,915,145,341,310,261,305,57,622,980,93,1180,1254,137,1367,989,28,173,224,28,130,29,115,67,63,162,57,15,187,77,71,55,137,110,5,397,151,7,147,120,112,180,299,141,119,33,57,282,25,155,185,129,129,62,125,179,149,147,114,76,84,173,256,37,264,153,193,203,89,32,105,62,328,402,348,124,165,236,489,232,389,176,19,100,95
54,164,549,63,178,165,71,775,201,301,312,93,415,458,163,168,537,16,492,90,501,594,77,553,360,137,365,182,239,395,230,373,68,240,215,447,90,597,582,314,642,239,602,789,41,832,710,367,973,119,873,672,455,682,185,806,77,600,412,35,410,656,975,5,538,77,889,411,67,430,326,687,247,576,56,1023,11,78,341,1268,177,196,331,527,47,727,116,207,341,189,385,244,393,429,5,295,691,79,266,401,630,40,765,383,446,421,375,713,25,379,185,64,595,760,449,184,227,201,112,278,355,389,148,20,23,229,178,230,89,26,57,71,155,75,259,576,385,262,327,259,21,163,89,390,127,14,428,37,449,172,553,702,225,525,316,297,238,362,752,417,248,27,297,78,164,237,285,189,167,91,137,253,577,84,306,142,625,602,43,700,212,489,1104,78,459,637,521,276,175,102,258,1059,103,317,484,21,270,558,167,369,192,472,598,303,642,737,220,74,644,15,692,396,1178,461,77,303,282,105,431,258,227,297,56,968,40,204,144,379,54,738,276,627,14,175,698,317,378,18,394,714,750,618,176,105,52,947,1150,232,929,387,190,384,5,315,911,313
2,5,1,9,52,658,1141,1192,774,70,725,1258,1309,880,88,776,1381,1448,968,111,852,1504,1587,1055,101,949,1638,1717,1114,73,1074,1791,14,1121,2,1129,1739,1671,969,87,1100,1614,1487,808,180,1066,1471,1293,633,261,989,1313,1093,468,312,914,1135,875,313,339,819,19,13,0,5,0,18,5,5,12,5,5,9,1,4,7,1,1,0,2,3,2,0,0,0,1,2,1,7,4,2,2,4,1,1,3,4,0,4,3,0,0,4,2,2,6,1,7,0,1,2,2,0,8,0,0,0,1,2,0,0,2,4,1,1,0,2,0,0,1,0,3,3,0,0,1,1,0,2,3,2,2,3,5,0,0,3,1,2,0,1,1,6,2,0,1,1,5,1,2,1,1,2,3,4,0,6,2,0,1,0,1,0,1,0,2,1,3,2,5,1,6,0,0,3,0,0,0,1,1,1,2,1,0,1,3,6,3,5,4,10,3,3,1,11,9,2,6,3,0,7,3,10,3,7,6,2,10,9,6,1,3,6,6,1,3,5,11,8,11,0,7,16,12,2,2,8,1,0,0,1,7,8,15,4,6,7,11,10,6,6,4,1,7,1,8
18,7,25,25,82,111,20,0,39,17,24,21,68,37,43,48,120,7,20,8,130,67,185,21,2,74,9,69,54,86,52,7,157,94,4,138,31,40,61,29,77,11,40,19,31,139,89,16,58,38,37,66,7,49,171,66,43,29,10,16,14,127,42,10,35,24,43,27,3,3,787,688,522,291,28,250,501,713,863,959,984,916,773,564,318,29,241,471,643,768,791,765,635,454,215,37,90,485,581,613,557,460,319,171,15,124,230,268,262,186,57,102,256,385,450,453,402,287,116,38,181,253,241,44,10,25,3,31,26,0,48,7,19,44,52,13,5,13,43,17,3,66,12,22,3,14,15,88,8,8,7,0,10,149,42,6,22,52,37,0,91,74,38,30,104,45,53,71,108,126,93,90,11,82,46,83,18,51,0,4,72,106,49,0,11,123,43,76,3,17,47,3,71,7,38,46,79,11,52,9,3,60,61,27,11,52,23,94,144,135,71,6,37,47,18,32,77,87,74,130,30,196,19,56,102,37,57,99,118,24,8,6,57,154,36,102,89,12,22,16,34,106,119,89,74,10,61,29,35,53,46,49,40,67,9,12
43,328,22,136,56,199,1197,787,98,426,399,135,15,177,482,587,305,236,764,987,839,335,331,856,937,566,97,137,54,110,26,471,104,928,396,370,905,959,548,4,304,272,86,32,119,355,463,287,59,389,524,398,47,290,386,259,43,247,232,595,137,347,120,463,88,423,196,576,515,344,327,199,29,42,10,86,66,37,139,142,0,160,120,82,310,263,9,308,353,126,187,335,146,171,352,191,137,364,267,30,282,231,18,154,134,6,170,173,33,250,282,68,216,277,82,139,195,37,161,226,80,181,380,44,212,68,95,188,30,172,71,21,248,286,33,195,0,348,431,114,338,519,289,128,277,116,113,109,119,291,144,197,502,382,65,564,628,228,332,518,371,93,285,139,153,319,184,194,496,473,93,371,546,262,220,480,258,285,668,517,97,677,722,211,401,598,196,386,303,119,6,405,479,406,529,241,225,185,343,394,99,281,455,195,236,500,282,215,548,402,151,656,705,279,309,677,544,125,185,108,196,357,79,471,2,789,352,234,727,924,782,315,188,425,424,230,124,191,347,398,285,46,454,720,695,432,30,295,430,366,113,460,198,362,472,276
21,50,37,46,142,211,320,106,372,125,154,3,284,64,75,423,22,306,15,423,328,373,91,125,171,351,255,186,18,61,257,115,153,84,152,20,108,130,113,116,87,77,27,58,159,52,464,25,56,238,138,5,61,113,41,168,105,124,70,38,327,164,221,74,466,66,157,312,24,59,143,293,44,130,177,78,118,29,125,171,97,77,30,201,122,220,470,406,214,82,116,66,106,103,25,170,37,52,305,254,85,57,166,123,197,112,178,114,251,230,327,32,155,29,69,119,15,8,125,113,83,95,56,82,121,90,39,115,92,20,33,51,29,28,475,153,387,648,235,541,854,175,838,971,63,1098,863,343,1081,614,385,783,343,197,307,195,97,14,102,224,65,2,189,276,192,26,309,510,307,248,794,683,150,990,1045,34,1121,1345,272,1224,1602,537,1174,1765,799,831,1528,90,104,141,72,6,82,241,45,312,17,10,64,67,111,264,74,280,42,166,70,233,72,206,101,19,93,77,143,12,110,71,69,346,268,313,118,27,50,208,285,150,295,22,372,108,277,198,97,16,358,346,27,510,305,43,159,68,23,187,142,82,155,115,169,79,104,75,85,28
37,321,26,7,400,880,692,172,439,301,5,204,72,701,1052,653,144,300,146,155,272,282,863,1175,582,51,39,331,637,312,427,1016,890,267,15,279,620,621,84,561,657,325,30,67,472,759,470,215,411,282,185,128,232,668,602,58,368,104,233,334,104,438,399,70,170,28,229,155,54,383,249,55,34,3,148,188,55,190,153,2,113,7,163,184,61,172,10,176,285,43,193,197,159,212,184,327,434,104,228,173,182,412,7,392,400,38,243,39,301,321,159,426,196,114,165,118,152,25,229,241,17,125,74,348,8,292,281,47,236,139,341,122,131,68,86,253,77,407,234,220,312,28,257,22,448,354,113,501,171,200,241,237,566,260,383,522,78,388,161,406,629,192,435,584,21,417,188,458,677,169,456,621,99,537,264,380,786,414,315,603,106,518,589,226,750,674,108,626,226,505,780,266,606,754,19,546,535,459,911,590,352,759,195,542,596,114,861,757,37,567,273,476,714,333,466,825,322,263,217,415,906,761,39,541,496,160,257,10,600,973,635,13,359,209,220,354,17,729,912,588,32,206,88,498,431,6,589,700,422,47,151,248,657,629,40,163
95,49,378,268,162,57,54,146,249,337,409,36,533,557,567,544,499,416,316,191,65,81,224,364,500,618,719,791,834,817,819,767,671,549,409,253,107,48,195,1319,421,496,552,566,548,497,406,288,142,19,188,344,486,608,689,735,745,719,652,578,472,353,223,106,11,116,201,263,292,301,281,247,179,111,31,87,127,189,230,248,238,203,148,67,18,128,232,330,413,476,514,537,547,525,496,433,366,284,192,85,18,108,194,739,305,324,318,291,240,177,103,39,21,72,96,105,90,74,41,7,24,50,67,28,12,17,5,15,36,14,34,5,51,23,48,117,180,236,275,284,262,222,148,66,19,99,158,204,214,187,146,89,22,60,104,155,186,194,188,170,139,105,51,1,50,104,143,179,209,237,243,244,238,229,206,183,136,102,61,9,41,79,120,155,186,190,190,176,129,71,12,76,174,271,376,451,521,564,583,563,525,455,354,241,91,58,223,367,480,595,663,691,679,621,528,406,257,673,60,228,391,529,651,744,785,796,753,659,529,378,189,27,154,317,463,559,635,683,692,666,613,521,419,287,147,228,151,288,405,508,581,645,663,670,654,110
146,200,135,33,191,11,68,124,3,130,150,175,76,59,52,79,205,131,29,81,112,84,153,119,184,129,287,30,76,233,161,27,10,258,93,297,247,339,406,6,442,122,509,663,140,149,70,302,52,481,231,142,137,297,337,299,119,102,123,15,242,44,102,151,129,106,168,26,387,181,31,242,527,678,842,1433,994,963,1009,942,936,904,810,784,594,545,348,188,79,221,280,282,427,461,536,677,139,775,847,749,788,498,487,1024,75,69,187,278,402,403,321,370,293,149,122,37,58,213,196,188,183,163,66,9,81,66,51,44,9,33,58,65,63,101,13,21,9,35,59,59,117,111,35,67,38,31,18,19,4,83,37,23,130,291,14,3,199,172,128,70,228,194,39,85,52,107,96,11,65,46,259,202,44,85,116,70,94,36,57,101,65,207,221,40,14,92,154,76,112,40,171,106,89,227,77,31,66,154,69,56,46,300,21,145,76,34,7,53,3,319,103,7,8,77,150,61,138,178,141,14,56,51,54,286,6,156,23,43,57,65,23,24,225,26,36,66,193,227,89,127,42,134,21,41,169,28,163,85,39,5,139,27,38,37,140,139
154,36,1,102,189,499,249,182,378,269,510,172,525,78,538,65,460,80,498,329,321,461,301,729,90,609,230,524,333,475,403,250,295,263,290,14,311,273,188,339,139,611,169,540,88,566,57,627,164,483,61,384,61,299,109,274,21,170,156,250,929,57,163,423,241,164,44,316,402,514,77,136,17,45,48,30,13,117,0,52,138,74,11,11,3,42,50,40,11,17,68,60,57,38,54,44,160,13,17,50,74,24,44,19,37,125,36,13,64,21,65,8,34,71,63,49,24,16,23,25,9,5,31,136,153,224,50,42,85,77,19,19,73,122,11,202,238,217,53,73,282,581,123,259,297,118,200,278,844,88,273,7,293,1,67,504,90,37,228,748,292,281,348,11,184,279,251,70,309,9,323,272,191,389,333,46,95,774,54,865,126,468,40,45,77,21,288,435,212,88,543,18,125,19,228,338,1,417,268,571,72,494,63,57,133,1337,42,87,270,525,11,221,67,534,178,282,543,130,2,95,53,236,673,175,278,307,279,376,490,163,432,63,195,41,420,742,546,796,143,858,331,206,406,972,149,43,411,439,746,126,106,50,331,4,77,42
1,20,142,10,7,22,41,268,477,653,766,805,777,678,528,361,172,11,159,272,336,335,293,162,3,215,441,660,835,934,958,882,60,489,217,70,354,585,773,893,949,933,854,729,580,406,245,105,2,62,98,78,16,85,232,396,554,698,788,85,104,35,57,119,61,49,128,149,24,79,573,611,617,569,459,305,109,107,310,483,589,638,594,472,287,59,186,437,662,835,957,1034,1040,984,873,720,108,340,172,64,35,98,258,490,768,1045,1287,1456,1526,1487,1343,1138,876,609,382,220,145,162,248,386,525,630,677,7,6,52,16,6,0,56,14,27,49,0,152,209,227,205,145,57,39,126,199,242,257,253,238,227,235,263,312,376,445,501,543,548,511,431,323,192,105,110,247,368,460,516,539,512,464,380,274,164,70,5,31,20,30,99,190,273,325,349,336,291,214,109,6,13,58,100,16,50,69,22,59,155,23,157,312,253,182,111,54,20,5,18,61,133,208,302,383,453,478,465,402,292,148,19,173,316,418,479,490,464,118,349,280,208,159,97,56,28,8,8,12,38,84,148,234,324,410,476,510,494,430,306,164,10,123,236,304,117,47,147,55,6
