Subcarrier_1,Subcarrier_2,Subcarrier_3,Subcarrier_4,Subcarrier_5,Subcarrier_6,Subcarrier_7,Subcarrier_8,Subcarrier_9,Subcarrier_10,Subcarrier_11,Subcarrier_12,Subcarrier_13,Subcarrier_14,Subcarrier_15,Subcarrier_16,Subcarrier_17,Subcarrier_18,Subcarrier_19,Subcarrier_20,Subcarrier_21,Subcarrier_22,Subcarrier_23,Subcarrier_24,Subcarrier_25,Subcarrier_26,Subcarrier_27,Subcarrier_28,Subcarrier_29,Subcarrier_30,Subcarrier_31,Subcarrier_32,Subcarrier_33,Subcarrier_34,Subcarrier_35,Subcarrier_36,Subcarrier_37,Subcarrier_38,Subcarrier_39,Subcarrier_40,Subcarrier_41,Subcarrier_42,Subcarrier_43,Subcarrier_44,Subcarrier_45,Subcarrier_46,Subcarrier_47,Subcarrier_48,Subcarrier_49,Subcarrier_50,Subcarrier_51,Subcarrier_52,Subcarrier_53,Subcarrier_54,Subcarrier_55,Subcarrier_56,Subcarrier_57,Subcarrier_58,Subcarrier_59,Subcarrier_60,Subcarrier_61,Subcarrier_62,Subcarrier_63,Subcarrier_64,Subcarrier_65,Subcarrier_66,Subcarrier_67,Subcarrier_68,Subcarrier_69,Subcarrier_70,Subcarrier_71,Subcarrier_72,Subcarrier_73,Subcarrier_74,Subcarrier_75,Subcarrier_76,Subcarrier_77,Subcarrier_78,Subcarrier_79,Subcarrier_80,Subcarrier_81,Subcarrier_82,Subcarrier_83,Subcarrier_84,Subcarrier_85,Subcarrier_86,Subcarrier_87,Subcarrier_88,Subcarrier_89,Subcarrier_90,Subcarrier_91,Subcarrier_92,Subcarrier_93,Subcarrier_94,Subcarrier_95,Subcarrier_96,Subcarrier_97,Subcarrier_98,Subcarrier_99,Subcarrier_100,Subcarrier_101,Subcarrier_102,Subcarrier_103,Subcarrier_104,Subcarrier_105,Subcarrier_106,Subcarrier_107,Subcarrier_108,Subcarrier_109,Subcarrier_110,Subcarrier_111,Subcarrier_112,Subcarrier_113,Subcarrier_114,Subcarrier_115,Subcarrier_116,Subcarrier_117,Subcarrier_118,Subcarrier_119,Subcarrier_120,Subcarrier_121,Subcarrier_122,Subcarrier_123,Subcarrier_124,Subcarrier_125,Subcarrier_126,Subcarrier_127,Subcarrier_128,Subcarrier_129,Subcarrier_130,Subcarrier_131,Subcarrier_132,Subcarrier_133,Subcarrier_134,Subcarrier_135,Subcarrier_136,Subcarrier_137,Subcarrier_138,Subcarrier_139,Subcarrier_140,Subcarrier_141,Subcarrier_142,Subcarrier_143,Subcarrier_144,Subcarrier_145,Subcarrier_146,Subcarrier_147,Subcarrier_148,Subcarrier_149,Subcarrier_150,Subcarrier_151,Subcarrier_152,Subcarrier_153,Subcarrier_154,Subcarrier_155,Subcarrier_156,Subcarrier_157,Subcarrier_158,Subcarrier_159,Subcarrier_160,Subcarrier_161,Subcarrier_162,Subcarrier_163,Subcarrier_164,Subcarrier_165,Subcarrier_166,Subcarrier_167,Subcarrier_168,Subcarrier_169,Subcarrier_170,Subcarrier_171,Subcarrier_172,Subcarrier_173,Subcarrier_174,Subcarrier_175,Subcarrier_176,Subcarrier_177,Subcarrier_178,Subcarrier_179,Subcarrier_180,Subcarrier_181,Subcarrier_182,Subcarrier_183,Subcarrier_184,Subcarrier_185,Subcarrier_186,Subcarrier_187,Subcarrier_188,Subcarrier_189,Subcarrier_190,Subcarrier_191,Subcarrier_192,Subcarrier_193,Subcarrier_194,Subcarrier_195,Subcarrier_196,Subcarrier_197,Subcarrier_198,Subcarrier_199,Subcarrier_200,Subcarrier_201,Subcarrier_202,Subcarrier_203,Subcarrier_204,Subcarrier_205,Subcarrier_206,Subcarrier_207,Subcarrier_208,Subcarrier_209,Subcarrier_210,Subcarrier_211,Subcarrier_212,Subcarrier_213,Subcarrier_214,Subcarrier_215,Subcarrier_216,Subcarrier_217,Subcarrier_218,Subcarrier_219,Subcarrier_220,Subcarrier_221,Subcarrier_222,Subcarrier_223,Subcarrier_224,Subcarrier_225,Subcarrier_226,Subcarrier_227,Subcarrier_228,Subcarrier_229,Subcarrier_230,Subcarrier_231,Subcarrier_232,Subcarrier_233,Subcarrier_234,Subcarrier_235,Subcarrier_236,Subcarrier_237,Subcarrier_238,Subcarrier_239,Subcarrier_240,Subcarrier_241,Subcarrier_242,Subcarrier_243,Subcarrier_244,Subcarrier_245,Subcarrier_246,Subcarrier_247,Subcarrier_248,Subcarrier_249,Subcarrier_250,Subcarrier_251,Subcarrier_252,Subcarrier_253,Subcarrier_254,Subcarrier_255,Subcarrier_256
37,22,581,734,854,920,945,917,852,733,587,421,197,14,222,420,595,740,848,913,935,910,835,723,568,374,175,29,227,411,579,710,810,854,865,819,742,637,482,671,116,70,249,410,540,650,712,744,726,664,576,454,316,172,23,120,250,367,457,517,542,533,504,450,376,282,180,76,23,114,188,256,305,333,344,1143,297,260,211,158,103,46,8,52,92,122,144,157,162,163,158,150,137,128,115,100,81,61,34,2,35,76,119,330,199,225,240,234,209,150,74,15,108,197,264,305,313,277,202,102,17,131,221,4,2,1,0,0,0,0,0,0,0,0,106,68,19,33,85,133,166,184,186,167,126,71,9,57,121,175,220,250,260,529,218,170,109,39,36,107,176,235,281,309,323,310,283,239,176,102,24,59,149,228,295,349,387,404,397,368,319,266,168,70,28,130,228,318,395,453,490,495,488,440,371,282,173,60,59,177,288,390,473,535,568,579,552,506,429,330,220,97,40,173,298,417,509,843,637,648,639,592,525,429,315,176,34,116,264,396,520,619,701,746,759,725,661,562,438,293,130,51,229,401,561,475,787,849,868,846,791,683,554,389,207,9
27,35,512,302,78,155,376,578,751,862,941,1365,887,777,617,418,194,41,273,486,671,813,899,924,890,789,647,468,273,56,169,381,569,710,811,843,832,772,657,637,307,99,108,299,464,598,688,737,723,657,558,421,265,103,67,221,354,462,532,558,549,499,429,327,213,90,33,143,231,304,351,373,375,346,303,552,154,85,11,52,108,154,190,207,209,200,180,158,131,98,66,32,6,18,48,71,97,121,148,166,179,182,170,791,103,44,23,99,180,240,282,289,257,200,100,11,127,227,294,311,275,193,77,0,1,0,1,0,0,0,2,2,1,2,85,124,145,145,119,77,20,43,103,161,195,209,206,176,129,63,7,79,151,330,255,274,275,250,197,137,56,26,113,187,256,304,332,338,315,269,204,122,28,68,168,256,322,383,405,410,382,292,249,151,41,70,186,292,381,451,496,495,478,419,332,220,89,39,176,299,410,493,554,573,557,507,423,314,184,36,108,254,387,499,578,624,632,827,545,447,326,178,22,140,298,441,566,649,704,712,686,608,497,353,181,2,179,356,519,655,755,811,815,766,676,577,368,171,41,257,462,644,790,880,930,8
62,6,817,739,632,481,314,125,65,256,434,1025,730,824,877,886,856,788,683,550,379,194,0,183,365,529,660,754,816,841,830,772,680,542,388,217,44,125,303,342,577,670,721,735,726,671,580,466,327,180,34,118,253,365,459,524,563,572,548,490,418,325,224,121,13,87,180,250,306,344,361,363,348,317,270,480,144,84,22,33,80,122,154,177,187,185,176,165,153,136,117,96,75,54,34,12,10,35,67,93,122,151,177,674,205,196,175,138,80,8,70,147,219,270,293,281,234,158,60,46,149,227,265,2,0,0,1,0,0,1,1,0,1,0,106,128,132,114,86,44,9,63,115,159,186,196,194,175,136,88,27,34,96,221,208,240,261,266,253,224,178,119,52,17,90,159,224,274,309,330,332,319,290,237,173,101,19,66,148,230,305,214,403,421,418,395,352,291,214,125,30,74,174,271,357,421,469,501,508,487,442,373,285,184,69,49,166,272,371,454,517,562,579,569,537,477,395,356,176,52,76,201,319,431,525,595,643,660,648,610,544,448,338,203,60,88,231,375,504,610,702,749,773,757,709,613,508,364,206,33,144,320,489,631,744,4
95,2,129,137,140,137,130,121,97,57,40,16,40,71,107,135,153,164,180,168,160,132,98,62,18,24,81,108,139,154,168,169,165,147,119,90,42,5,32,327,100,129,150,151,140,118,108,90,63,20,20,53,77,94,104,113,109,103,77,54,31,8,20,48,63,74,82,80,73,55,33,12,10,31,47,151,64,62,57,45,30,9,19,34,44,62,59,55,45,29,10,14,33,50,71,73,69,60,41,13,13,35,61,427,71,64,49,32,6,28,43,71,79,57,46,21,8,35,52,62,52,24,4,3,1,2,1,0,1,3,0,5,2,0,253,208,88,73,223,318,360,312,210,78,76,223,339,405,409,372,272,137,17,14,309,405,459,461,420,325,203,66,76,208,322,407,452,457,423,354,265,152,29,93,209,309,382,434,446,436,384,1381,219,115,2,111,212,301,376,418,442,430,388,326,247,139,44,58,182,274,348,401,428,427,402,350,268,188,77,27,126,213,284,335,373,382,381,751,276,204,125,36,47,123,192,230,247,272,274,255,224,174,124,82,39,15,48,88,117,134,146,150,143,140,127,987,99,78,63,49,32,20,14,24,47,1
69,4,917,915,861,754,611,424,215,5,228,802,630,779,883,936,935,887,791,653,469,266,45,168,378,567,711,816,881,892,860,770,642,463,273,70,136,324,505,150,743,791,791,749,676,550,398,228,46,131,293,431,542,611,643,636,587,522,411,285,152,11,113,224,323,391,431,437,421,387,337,266,186,98,12,570,138,189,224,247,253,248,232,203,166,125,84,43,5,29,55,74,91,105,123,134,147,154,157,154,140,117,80,517,23,77,142,200,250,274,276,240,177,89,17,127,222,289,317,289,223,121,0,0,0,0,0,3,0,0,2,2,0,1,132,131,107,68,14,43,101,150,183,201,193,168,128,65,1,72,138,193,237,490,268,249,211,156,84,11,69,150,216,273,309,325,325,302,258,192,118,33,62,154,238,310,361,396,404,393,357,285,216,113,14,95,199,297,384,445,487,490,483,435,362,265,147,24,99,222,336,432,507,555,570,560,515,442,340,221,94,46,189,322,435,532,598,889,647,613,550,454,342,208,57,103,254,395,518,614,692,726,729,688,608,498,361,201,23,153,332,500,639,752,829,711,833,759,655,503,334,135,73,283,475,4
36,28,440,269,86,100,281,449,594,702,777,1167,784,722,618,477,309,123,64,251,427,575,686,752,781,758,696,597,467,313,141,41,217,377,517,619,687,717,704,419,546,417,263,101,58,214,350,463,544,583,592,563,500,415,308,184,56,69,186,282,357,406,429,426,399,345,280,195,109,22,59,133,193,234,264,969,264,242,210,169,121,74,26,18,54,86,106,121,134,137,133,128,120,110,96,81,65,47,23,6,38,74,113,305,177,193,199,183,147,89,13,64,140,211,252,265,242,185,98,2,103,185,230,4,3,0,1,2,2,1,1,0,1,1,74,40,6,52,97,132,150,152,135,104,57,4,54,110,155,189,207,205,189,359,106,50,12,75,137,187,228,253,260,250,221,175,119,52,21,95,167,226,276,308,322,316,289,246,182,109,25,5,151,232,299,347,380,392,382,351,298,221,134,35,75,179,273,355,414,453,468,451,414,351,267,166,55,61,178,283,377,453,503,527,525,489,431,448,244,129,5,123,245,355,457,530,580,596,584,539,466,362,241,101,48,192,329,456,554,629,678,684,657,590,487,420,207,39,130,302,460,590,691,756,779,10
48,21,518,665,778,854,892,879,836,742,622,538,289,99,91,276,451,604,731,821,869,884,848,777,664,513,348,171,12,190,364,520,647,732,792,799,781,728,633,601,358,190,19,147,297,433,541,622,666,671,646,587,503,398,277,151,15,110,228,324,396,445,473,473,459,411,345,269,185,100,19,59,130,191,239,1166,282,279,264,240,207,168,126,84,41,3,33,60,81,100,112,122,126,129,132,133,133,133,128,116,97,68,27,322,69,117,171,213,246,255,242,203,139,58,36,134,214,272,292,280,220,132,24,2,0,0,1,0,0,0,0,0,2,1,0,48,93,126,148,153,140,113,74,23,33,91,141,185,211,225,219,196,157,325,46,15,82,143,199,242,270,284,285,263,226,175,112,44,30,103,176,237,294,332,356,363,348,316,266,202,125,142,55,147,231,305,365,414,442,448,438,397,345,265,175,71,37,146,248,340,420,479,523,534,526,494,433,358,261,151,34,83,204,315,415,502,557,860,613,593,554,485,399,293,175,42,92,228,354,463,565,637,687,708,696,652,578,474,349,213,59,106,271,428,565,465,756,805,818,795,740,643,521,369,202,6
70,5,848,878,865,808,715,583,428,248,63,381,321,491,638,752,834,874,881,846,766,655,507,347,167,31,214,383,532,659,755,814,835,804,747,642,521,383,212,614,132,294,432,546,632,689,707,692,635,549,448,318,184,46,91,216,325,414,478,508,517,495,453,397,324,234,141,47,45,123,194,249,293,319,325,1112,281,247,201,157,106,58,12,31,68,97,119,133,145,151,150,145,136,126,119,107,97,83,61,38,8,28,70,116,158,196,227,240,237,206,155,82,2,92,176,245,287,295,264,199,101,7,112,3,0,1,0,0,0,0,0,0,0,0,97,124,135,126,107,70,21,31,81,132,170,193,204,195,173,135,81,22,41,116,163,210,245,265,264,255,223,180,128,62,5,78,149,212,266,302,331,340,332,307,262,204,132,51,32,117,200,110,342,390,419,425,413,384,333,266,188,92,3,109,211,303,381,445,493,513,511,480,434,364,273,171,56,56,174,280,378,460,528,570,588,584,544,655,410,309,197,73,51,182,304,420,518,590,647,668,671,641,584,499,388,258,118,31,184,331,470,591,689,757,794,674,758,682,579,447,295,123,53,234,406,6
35,22,204,14,179,362,528,669,782,853,892,1282,831,739,615,459,284,90,101,290,470,621,745,824,867,860,815,734,627,487,323,139,48,232,397,536,654,738,788,267,744,671,560,430,284,117,42,199,341,453,543,599,626,617,584,518,426,324,202,75,42,154,249,324,389,419,429,416,384,333,278,205,129,54,19,650,139,183,213,230,238,231,214,193,162,130,95,64,33,2,20,41,60,76,93,107,121,135,147,158,162,160,146,727,79,29,28,93,160,215,254,273,265,226,159,67,31,129,213,270,287,263,193,1,0,0,1,0,0,1,0,0,1,1,106,81,44,7,55,103,140,167,179,174,149,108,58,2,62,120,174,213,237,495,236,210,169,118,56,10,79,145,203,253,289,306,308,292,257,210,154,82,3,78,160,230,295,345,376,392,386,301,312,247,170,83,10,105,204,294,368,424,467,478,469,438,382,310,228,125,18,99,212,313,406,477,524,549,553,529,482,414,319,215,96,29,154,443,389,477,551,598,625,625,601,542,466,361,239,106,34,179,317,448,559,642,701,735,732,697,632,528,404,257,94,93,241,402,546,669,768,831,856,838,779,2
388,332,37,803,1272,1344,887,343,195,523,453,377,301,371,539,869,1098,1185,877,203,458,1056,1294,1166,787,344,127,382,400,160,141,347,599,679,605,490,304,70,282,562,787,1070,1169,891,402,0,417,502,211,129,290,221,41,382,786,682,369,176,729,836,637,88,566,1101,1201,965,379,215,641,726,548,217,187,567,606,319,169,647,949,959,731,335,40,86,73,12,27,266,410,651,741,581,346,65,7,2,186,330,465,378,94,347,865,1214,1333,1250,813,349,187,572,768,814,685,535,304,165,29,109,201,242,226,244,299,140,172,0,4,46,150,47,56,147,60,181,57,333,451,307,141,18,96,375,566,512,145,441,855,976,676,184,277,496,455,104,113,164,91,91,313,457,413,351,247,59,108,263,285,311,337,321,310,343,247,107,118,382,570,762,695,490,183,176,370,399,343,207,52,59,5,86,334,534,710,680,415,41,368,667,594,438,297,226,336,342,484,481,403,252,57,201,347,531,651,633,584,298,67,189,332,196,196,527,689,645,178,462,1124,1357,1146,711,45,420,568,353,15,247,201,127,714,1183,1303,888,221,685,1331,1675,1412,774,112,906,1414,1339,827,108,697,72
279,137,717,537,403,307,184,161,121,129,178,222,371,543,663,719,780,887,950,1050,1070,1085,977,899,794,682,575,494,310,260,246,186,203,261,314,418,496,641,746,809,1013,1098,1051,1088,976,895,608,413,211,7,198,290,395,457,345,304,171,16,92,310,507,683,817,938,1004,1062,1013,901,793,666,472,335,131,131,361,546,685,826,921,819,799,643,501,255,69,133,265,392,520,548,517,520,366,306,186,24,83,263,375,516,630,727,762,798,830,853,828,831,794,695,649,586,541,466,456,450,328,333,298,264,177,181,172,47,217,380,15,71,203,196,147,182,120,213,680,621,486,307,194,5,97,172,201,123,23,101,248,414,479,560,565,539,441,277,128,9,180,276,367,439,439,410,455,438,397,332,262,202,88,45,70,159,225,235,296,363,368,438,431,417,409,388,304,286,209,195,78,8,93,125,306,367,466,497,575,603,481,423,382,316,276,205,103,93,39,9,93,136,185,275,303,354,501,553,497,508,536,356,321,52,57,323,547,848,1034,1207,1300,1307,1138,1083,884,701,493,291,75,138,253,318,329,306,193,47,135,298,468,576,823,989,1154,1188,1200,1259,1265,1152,1095,569
356,475,284,164,166,314,544,541,585,451,326,109,174,275,547,761,934,1130,1181,1276,1144,1144,931,835,734,406,315,103,47,226,295,463,477,551,576,517,608,552,536,518,522,499,534,556,479,478,423,307,129,105,243,391,550,711,673,708,660,621,347,223,22,272,492,636,814,983,948,862,865,757,599,463,246,75,182,434,581,693,848,802,830,648,523,325,126,54,204,323,339,367,349,267,215,208,121,109,50,4,21,10,8,34,48,80,66,147,129,164,163,173,155,154,148,33,55,140,212,218,297,269,229,191,158,63,123,60,21,200,139,36,90,181,133,318,493,548,498,384,198,31,138,275,306,298,228,30,210,370,501,656,669,630,494,360,183,65,106,197,312,417,346,415,425,460,454,430,387,269,243,222,193,128,76,42,13,103,157,213,225,374,386,404,355,373,306,205,174,55,3,26,73,173,185,303,360,498,513,502,391,290,132,11,77,312,389,524,595,732,745,747,727,696,700,697,603,544,493,396,271,177,62,232,517,767,970,1162,1269,1291,1279,1106,922,609,409,178,34,247,373,485,418,379,218,57,123,332,564,745,968,1125,1216,1241,1268,1270,1244,1210,1023,514
132,386,788,1190,623,346,965,1002,418,179,423,260,321,519,690,654,202,657,1331,1510,800,263,1104,1225,762,67,445,483,142,163,357,274,23,288,591,670,498,67,400,832,1101,851,225,501,956,876,346,165,189,36,15,102,516,724,328,355,776,575,0,609,668,50,637,910,582,184,804,877,426,199,524,394,0,375,451,17,509,767,583,1,457,639,496,262,167,235,34,323,689,721,427,51,340,342,154,117,183,401,563,342,133,828,1170,1002,206,621,1112,1143,560,90,595,768,630,277,14,123,287,347,347,275,84,46,183,157,213,30,46,199,140,288,25,52,240,265,631,530,130,205,193,7,1,280,529,285,344,943,831,102,674,908,615,42,430,318,18,128,23,206,409,268,3,318,499,466,162,163,327,324,263,139,61,148,344,487,491,204,257,699,806,544,29,435,537,360,100,40,125,21,179,224,99,417,670,582,87,424,745,640,271,43,155,203,219,285,453,421,183,285,607,830,686,192,195,540,636,515,230,128,198,16,186,227,71,601,1066,903,50,957,1247,887,140,496,498,201,8,82,523,690,283,603,1185,1045,129,975,1568,1061,125,1258,1498,816,339,1193,1300,548,465,351
29,33,128,358,558,717,830,879,882,804,684,602,293,64,169,400,589,738,841,880,857,780,637,457,247,7,218,427,605,735,817,837,800,689,552,361,154,49,264,346,597,700,740,728,676,560,407,240,49,136,302,435,539,593,610,575,497,395,259,110,34,167,279,366,425,447,433,386,312,228,134,35,56,141,210,1115,277,276,260,231,187,132,76,20,30,68,100,131,143,152,149,139,128,115,97,79,56,24,7,43,92,130,164,620,201,196,173,125,52,32,125,203,262,290,270,212,119,4,111,215,272,279,225,0,0,0,0,0,0,0,0,0,0,1,31,19,75,118,148,158,143,108,55,8,76,137,184,208,214,196,153,98,24,8,127,189,241,265,266,251,202,143,67,16,101,182,251,297,318,320,295,247,180,90,6,106,199,284,345,385,398,306,333,252,156,53,62,177,280,372,438,464,473,433,361,268,144,16,115,244,360,445,513,536,526,476,392,281,151,5,139,278,401,503,564,599,584,720,453,333,189,34,125,280,420,536,622,658,660,616,530,404,253,81,107,285,447,585,682,745,756,709,620,478,304,246,102,303,492,650,768,833,849,793,693,8
172,244,661,809,896,954,955,946,792,643,449,231,72,125,327,565,728,908,1000,975,979,966,838,711,567,423,336,193,2,86,224,226,266,353,330,304,196,120,77,99,178,311,373,361,335,276,265,157,152,70,17,42,1,78,121,222,342,419,497,598,745,820,834,898,919,871,748,641,528,431,259,83,86,286,420,642,725,815,863,752,724,588,450,219,151,98,209,326,352,453,387,321,269,180,98,27,175,309,489,588,685,816,871,934,958,998,901,899,846,765,717,602,545,458,454,377,300,280,247,192,138,85,19,15,32,80,136,185,217,95,196,126,119,113,611,490,415,266,156,62,4,18,22,103,231,395,551,661,682,712,667,622,517,283,127,0,201,312,449,500,507,494,519,450,449,292,221,155,30,96,174,303,389,430,544,564,631,603,609,641,520,390,298,233,160,53,27,112,264,392,502,579,657,713,855,830,721,680,507,378,238,97,39,191,292,461,567,638,674,720,743,774,754,709,775,705,600,486,385,229,17,186,334,575,745,949,1109,1126,1047,970,879,609,386,129,144,346,617,891,1034,1158,1290,1269,1281,1232,1157,1088,941,904,686,575,449,252,171,59,123,14
411,392,836,1128,1132,717,109,413,663,865,629,428,426,401,591,911,1027,970,722,98,534,979,1289,1173,861,498,4,314,482,375,183,75,342,519,722,757,782,676,542,398,214,168,515,837,986,888,657,315,19,24,127,459,561,575,355,135,469,754,664,275,232,724,976,968,519,53,515,832,914,649,319,88,419,496,315,43,377,765,837,736,533,226,8,30,147,184,220,72,256,430,663,715,564,323,99,56,192,436,652,878,926,730,332,169,726,1102,1284,1174,955,628,277,13,183,292,292,271,295,327,290,226,132,116,86,82,39,139,252,4,28,118,247,219,356,170,652,677,461,186,43,25,225,524,612,396,144,804,1184,1140,798,186,308,611,551,211,64,222,202,2,294,516,579,569,484,320,138,20,118,141,177,248,300,384,500,579,541,413,202,20,341,600,671,606,347,144,44,172,148,25,150,347,569,464,336,30,305,640,633,652,492,275,308,238,264,386,415,477,365,202,65,349,513,662,752,874,712,539,299,2,191,297,112,299,600,834,692,272,416,972,1306,1263,852,401,53,206,63,190,565,725,488,2,622,1196,1385,1260,815,91,660,1225,1420,1150,624,77,698,1185,1300,52
8,112,58,359,738,877,1020,947,867,685,525,386,355,418,580,724,964,1141,1388,1445,1483,1301,1038,699,435,186,104,283,346,429,441,399,408,340,270,245,199,129,136,165,115,60,111,255,415,508,582,451,277,90,145,227,245,154,49,161,381,538,659,728,647,464,216,140,380,634,755,816,646,545,307,137,38,411,533,643,674,607,476,244,63,21,24,7,178,232,383,452,505,447,341,156,10,24,28,88,143,336,413,631,904,1091,1185,1215,1150,1059,864,677,473,341,193,56,63,6,31,46,2,1,0,44,30,23,57,14,112,248,8,81,40,105,403,116,209,118,342,98,99,213,150,25,175,312,435,408,185,116,430,696,853,871,760,574,282,48,163,181,190,122,51,96,256,347,425,534,508,464,395,342,283,326,344,351,436,518,614,704,718,698,690,617,471,308,142,90,16,19,7,3,119,221,315,464,659,757,841,843,728,629,467,357,279,274,258,309,408,480,597,655,716,822,790,793,792,814,857,771,616,499,264,83,85,270,327,262,211,104,458,725,903,1014,905,689,462,150,83,272,276,202,5,368,709,1038,1166,1288,1227,1152,896,564,116,342,619,932,1114,1222,1146,729
233,186,1383,1367,1368,1198,1123,1117,955,794,583,467,219,65,47,339,567,779,906,1035,1104,1086,1021,945,839,680,509,423,239,94,30,5,41,125,107,139,263,426,522,741,964,1144,1122,1148,1065,948,744,498,324,11,222,384,497,624,710,654,559,537,359,329,215,78,58,180,311,406,466,437,421,367,422,371,448,561,565,631,641,699,695,618,592,509,378,307,231,23,21,119,186,188,235,159,131,120,10,67,200,371,453,595,805,992,1111,1144,1270,1305,1281,1191,1136,1048,970,808,628,457,368,242,133,58,18,87,144,168,222,157,240,217,153,11,102,271,136,7,192,293,677,623,538,382,215,16,152,302,439,524,546,504,366,295,183,78,9,129,195,276,238,185,193,232,200,191,207,244,314,315,276,233,307,323,264,306,218,185,188,173,136,112,131,35,49,69,31,120,115,43,39,73,54,138,173,297,407,563,645,718,789,861,784,705,553,371,150,75,100,224,495,642,758,826,918,890,854,783,725,622,556,432,281,236,140,178,97,137,196,223,224,179,194,119,100,83,131,99,59,14,133,77,140,173,146,68,55,162,271,403,372,551,718,832,949,1050,1143,1161,1186,1226,1202,264
591,39,194,478,666,853,906,819,790,594,420,275,92,62,147,355,348,351,382,270,144,8,121,213,357,438,424,522,487,433,456,420,442,463,444,508,611,617,722,869,955,1027,1076,1063,898,749,632,437,168,21,22,61,50,41,205,232,453,567,682,706,739,754,659,532,387,201,13,152,265,334,400,476,544,483,361,276,149,7,100,173,245,250,104,56,148,293,453,574,626,621,620,521,341,201,50,102,204,367,493,554,548,510,466,424,353,271,186,96,86,57,44,23,88,75,144,187,241,247,261,235,239,237,292,196,193,168,56,30,1,12,47,151,30,231,659,589,405,233,85,34,72,4,142,365,611,831,1011,1073,1051,926,715,481,239,26,144,245,272,301,294,244,146,125,131,120,53,41,97,133,171,224,310,336,416,509,541,623,681,680,712,607,587,389,340,255,132,66,45,92,162,254,384,350,396,373,374,254,228,195,184,189,258,338,395,495,524,521,589,654,695,729,598,624,519,480,482,465,411,370,223,148,2,232,412,645,887,1221,1295,1379,1382,1224,1015,780,578,207,47,309,544,603,638,557,407,186,68,376,622,944,1161,1359,1384,1507,1489,1346,1322,1138,903,1087
38,17,541,690,800,861,887,860,796,677,531,357,159,43,241,429,593,724,817,871,876,837,750,622,463,275,84,110,297,467,618,727,801,816,804,731,637,509,348,632,11,189,354,491,600,669,703,700,651,563,454,319,178,31,111,240,355,448,500,524,515,479,424,348,259,156,52,43,131,208,268,310,337,337,322,898,239,189,128,71,13,40,87,120,143,156,162,164,161,150,137,121,106,88,65,44,19,4,34,63,100,131,162,605,205,206,194,156,106,26,57,137,213,271,291,282,235,156,51,56,162,235,271,0,0,1,1,0,1,2,0,0,1,1,123,112,89,48,1,51,101,141,170,185,176,152,112,54,4,65,126,179,220,457,251,235,209,161,101,33,39,112,177,233,280,304,313,302,271,223,164,89,5,78,162,238,301,351,377,389,381,290,289,213,128,32,68,169,265,345,414,453,480,471,436,380,300,207,101,11,127,245,348,435,499,542,548,537,492,419,330,220,96,31,160,285,393,718,567,602,621,602,560,487,395,274,144,0,145,286,420,532,625,682,714,703,663,586,479,349,198,30,142,314,476,405,715,784,817,807,766,672,550,394,216,5
639,223,234,328,413,668,699,765,707,504,431,204,63,359,506,747,994,996,1135,1169,1071,1039,726,707,382,349,201,104,175,358,465,406,593,492,629,555,506,447,343,342,384,304,312,344,345,318,277,146,6,83,219,360,550,607,691,715,745,736,710,506,402,273,64,138,371,536,692,800,753,751,687,658,651,496,332,236,75,15,125,212,258,284,193,82,120,254,451,636,715,783,812,682,563,415,232,46,246,401,609,867,1000,1144,1192,1227,1314,1281,1234,1211,1151,1011,891,749,603,469,405,251,132,118,81,17,21,12,55,54,139,147,87,7,236,123,15,219,119,150,347,394,402,314,193,31,210,389,558,732,783,708,598,409,247,125,4,118,153,159,67,33,53,92,158,104,126,187,151,163,187,107,131,31,80,115,268,351,506,568,618,679,659,741,586,530,442,275,245,134,151,151,107,32,114,189,320,575,623,734,808,821,690,573,432,274,308,195,95,36,63,18,8,4,54,196,252,286,483,515,559,612,475,236,125,170,397,588,853,1041,1102,1084,1077,929,716,569,313,197,94,61,207,173,129,55,196,354,463,767,898,1035,1137,1428,1467,1478,1572,1477,1456,1301,1111,935,690,218
226,500,256,588,887,1076,1023,989,869,593,455,400,434,623,777,950,1005,1189,1202,1163,1002,712,412,103,115,327,511,523,568,426,347,184,71,55,187,246,365,440,475,548,634,712,924,945,931,821,660,449,223,25,41,8,101,242,442,564,684,630,543,300,25,256,610,823,919,947,863,639,388,171,68,310,435,560,429,302,133,112,317,480,546,541,357,279,155,92,71,131,242,341,465,522,514,370,229,39,154,335,521,546,546,445,305,80,194,412,639,805,937,921,906,828,630,504,444,369,315,263,264,246,261,292,370,113,71,88,164,14,188,32,59,174,46,176,509,387,218,78,16,82,230,404,609,773,706,519,203,53,347,573,661,646,483,307,63,112,265,276,229,139,68,1,122,229,298,321,292,267,252,207,172,292,339,394,510,598,665,699,666,638,549,410,244,121,37,13,55,43,20,47,182,363,554,695,850,877,869,766,493,361,243,201,220,280,378,503,585,627,723,710,736,697,708,765,664,634,452,370,216,10,144,296,392,301,110,148,406,813,978,1031,947,703,468,106,89,244,245,107,184,596,896,1189,1347,1360,1221,988,620,183,248,622,981,1159,1265,1235,1032,905
44,22,614,436,227,3,211,427,619,766,886,1408,943,891,781,632,443,234,8,215,431,623,770,871,916,902,841,727,586,408,203,15,230,427,596,717,809,843,824,489,640,486,312,117,68,257,421,559,651,696,700,654,580,467,335,189,30,117,251,366,445,492,517,498,457,388,297,191,86,19,111,193,261,301,330,1159,306,272,225,173,115,55,1,49,92,127,146,164,168,169,159,143,131,114,95,77,51,24,10,47,88,128,166,558,222,224,215,176,117,41,56,148,228,292,311,291,235,141,26,93,200,271,289,1,0,0,0,1,0,0,0,0,0,0,124,111,77,30,30,85,135,174,191,192,167,123,65,5,74,144,198,236,258,515,233,190,131,63,19,96,170,235,286,311,324,305,268,215,140,54,35,127,212,284,346,383,393,387,345,286,209,163,7,103,209,299,378,439,472,480,467,406,336,235,111,17,148,271,376,463,530,555,562,525,459,371,252,125,16,156,288,408,511,586,624,634,601,713,450,328,189,39,114,264,404,526,624,680,712,696,650,559,442,290,125,52,225,395,547,673,766,814,820,771,687,586,394,201,1,205,407,590,743,852,919,2
677,337,576,379,209,67,65,168,150,79,50,120,293,545,709,883,1085,1260,1441,1448,1533,1482,1458,1233,1117,870,750,576,385,246,85,109,15,65,52,194,283,408,533,601,763,861,820,843,683,619,419,294,108,95,115,36,94,64,141,226,353,519,738,844,955,1039,1054,999,993,901,813,669,464,344,231,52,175,312,505,757,806,875,911,885,845,698,570,437,299,168,29,18,67,53,110,110,153,61,35,60,71,75,13,22,7,5,22,58,55,63,112,40,61,31,22,12,4,59,133,170,193,212,253,230,240,220,245,54,32,68,58,168,234,165,14,60,4,119,649,595,484,331,133,42,179,313,399,403,297,168,1,149,315,393,522,495,420,362,203,101,39,141,195,304,359,323,336,357,379,265,257,139,67,14,99,172,308,355,379,507,484,559,519,543,536,393,455,373,377,304,246,110,69,70,195,368,455,535,625,634,630,550,568,466,389,312,331,243,110,9,58,223,319,433,572,682,799,885,859,884,782,589,356,192,56,360,693,891,1148,1290,1301,1262,1161,988,773,533,300,11,53,275,388,462,428,263,184,98,189,446,606,796,999,1175,1294,1307,1371,1336,1347,1198,1167,351
34,19,559,386,191,14,221,418,595,738,855,1404,949,927,856,743,589,407,210,3,210,405,582,718,830,886,903,872,806,698,557,381,192,7,202,382,536,664,761,146,820,782,702,584,451,281,116,60,224,362,482,572,628,651,645,598,515,421,297,170,39,85,196,286,366,416,445,438,417,374,318,247,172,90,9,583,123,171,214,237,252,247,233,211,181,141,108,73,41,6,19,43,61,81,101,115,135,150,166,172,175,168,147,736,72,17,50,120,188,241,277,287,270,222,142,41,66,171,253,301,302,257,170,0,0,0,0,1,0,0,2,0,0,0,111,135,142,125,96,49,6,62,118,168,200,212,207,183,143,90,22,45,110,240,226,264,282,281,258,223,167,100,28,50,126,199,261,306,337,349,347,322,271,206,130,47,48,139,223,301,367,276,437,440,416,372,306,226,126,21,83,196,294,383,454,502,523,524,496,442,367,265,153,29,98,224,336,438,521,574,602,606,578,522,445,339,219,67,50,189,322,438,538,616,668,685,680,635,563,466,350,204,51,109,276,428,555,664,739,786,804,772,711,605,480,422,146,44,236,417,582,720,826,893,921,1
3,40,485,432,377,280,184,65,35,150,247,547,417,468,491,496,491,452,384,284,169,71,48,164,294,410,514,569,581,578,539,484,366,275,127,20,184,289,396,513,518,534,527,519,426,357,228,98,84,219,356,466,562,609,627,614,538,420,282,140,25,192,356,488,604,661,688,646,576,443,284,91,103,299,485,501,700,726,727,646,520,338,133,104,319,483,606,679,696,632,527,363,163,62,282,472,622,691,680,583,420,209,22,166,422,546,598,559,444,268,62,139,314,424,466,420,297,116,78,240,334,328,238,9,3,1,7,7,1,11,10,10,1,1,264,324,284,149,37,224,357,412,388,291,146,37,212,369,457,479,419,310,154,194,184,328,419,476,464,406,288,144,16,165,282,359,402,410,388,328,249,147,34,85,184,268,333,356,353,316,274,490,149,80,14,64,141,205,261,279,295,276,261,222,187,135,78,10,64,126,179,209,248,279,300,293,274,229,173,107,53,22,95,169,217,261,294,270,356,356,343,260,199,93,7,109,207,310,390,429,460,470,457,402,334,225,95,29,139,239,346,412,479,523,534,1174,428,333,216,105,2,99,219,324,420,34
32,12,431,379,313,247,170,100,26,65,140,616,280,359,429,457,491,506,505,474,453,428,375,296,231,158,57,50,141,237,346,432,499,561,592,605,594,543,472,886,332,230,150,61,48,173,272,372,461,542,588,616,619,601,558,483,407,294,183,44,89,220,349,463,561,623,670,688,663,619,537,439,312,160,5,389,318,466,596,677,741,751,721,648,536,386,223,54,131,302,443,561,653,700,690,626,518,359,174,22,210,379,499,723,617,586,496,372,212,23,159,309,417,477,470,394,262,99,69,219,317,330,266,4,0,0,5,7,4,3,4,6,5,3,273,185,45,118,269,359,395,364,275,129,19,172,310,413,462,452,403,302,174,111,120,251,361,440,479,476,442,370,266,155,31,82,181,266,325,370,388,407,379,336,280,201,121,34,36,103,163,158,258,276,302,301,296,282,257,227,187,144,83,42,13,50,91,135,178,211,240,276,278,280,279,265,239,218,184,131,97,52,15,59,106,159,223,63,316,370,387,408,417,384,339,301,243,166,100,22,68,154,229,308,384,440,498,521,522,506,469,420,360,291,209,229,28,76,155,231,305,372,417,452,502,14
18,21,107,75,274,393,464,459,419,293,136,624,229,399,497,498,444,300,129,76,256,411,523,507,437,315,142,79,302,482,594,599,477,296,83,188,403,559,589,931,410,211,19,257,446,584,599,525,355,135,143,368,545,624,610,472,229,50,326,538,650,666,537,314,35,259,505,673,710,606,380,83,221,502,686,398,647,436,109,236,549,738,779,640,360,24,310,561,697,685,521,237,106,423,641,712,603,333,28,367,599,675,561,662,18,320,532,588,478,232,73,347,494,477,306,40,225,390,389,231,13,224,316,12,0,7,1,2,13,0,3,11,5,7,38,247,347,272,68,178,364,413,308,67,189,391,473,399,197,66,312,461,476,310,142,108,329,459,472,366,162,80,301,431,461,382,217,3,190,325,400,412,324,172,9,177,312,373,356,280,162,457,126,243,312,319,267,177,73,30,141,234,282,273,240,165,52,70,170,249,280,267,213,140,36,87,186,252,303,291,226,143,43,86,229,306,322,377,260,161,15,176,337,432,442,388,290,108,55,231,384,471,503,429,288,86,134,352,486,530,482,405,223,8,193,1024,489,527,468,356,171,35,240,382,501,4
222,189,295,29,144,325,472,537,582,530,362,222,18,158,397,560,729,911,1010,1085,1081,1012,868,776,680,555,351,247,92,11,157,226,330,388,445,560,537,511,399,470,411,384,360,397,430,411,352,238,141,29,123,223,332,437,501,525,530,508,472,418,297,145,61,119,300,476,539,533,582,627,574,520,478,389,215,82,83,141,182,282,248,216,144,53,176,358,474,599,737,717,679,623,520,382,213,31,145,329,533,738,916,1029,1081,1104,1138,1148,1108,1040,947,883,759,668,544,437,348,326,266,233,156,146,91,56,53,40,195,102,95,98,113,132,192,109,133,233,147,83,7,64,59,41,133,340,517,729,860,969,945,861,728,643,442,243,41,80,227,387,299,355,320,301,218,205,151,102,73,67,89,130,174,210,215,349,421,435,509,558,592,587,599,605,515,465,370,286,223,242,145,54,40,141,279,365,493,592,668,617,620,498,399,244,127,3,120,236,333,449,492,537,622,661,697,752,756,789,793,722,625,468,178,58,214,433,650,888,1077,1179,1213,1153,981,873,591,401,266,74,150,232,352,380,309,128,54,262,402,589,829,1054,1216,1329,1422,1446,1451,1434,1356,1257,1140,4
67,2,855,818,746,628,487,317,138,53,240,804,578,714,814,874,894,867,805,711,580,426,251,71,114,301,463,606,718,795,835,829,793,708,597,464,309,153,24,551,356,490,600,666,711,716,692,629,539,414,285,147,6,129,256,363,441,501,533,532,508,458,394,313,223,120,24,68,146,216,266,309,328,337,322,970,247,205,152,98,48,2,39,78,110,132,150,152,155,155,148,138,124,114,100,88,74,55,32,4,28,63,107,287,183,212,227,229,213,173,104,27,66,147,222,273,295,286,235,153,46,62,157,3,0,1,1,3,0,2,0,1,0,1,122,124,113,84,42,5,56,106,151,181,197,193,171,134,87,30,29,91,147,330,235,258,260,253,224,185,124,61,5,77,145,205,262,299,320,328,319,299,256,196,123,47,36,119,196,269,333,232,409,421,411,378,325,259,174,83,12,111,209,301,379,437,478,501,503,477,430,358,271,174,59,56,174,278,377,459,518,563,579,572,543,486,404,389,198,75,51,177,293,405,499,574,632,662,660,634,583,500,399,274,133,13,157,302,440,558,665,732,775,778,752,654,597,475,333,169,4,184,357,519,650,3
30,2,276,119,36,172,286,370,427,465,474,47,402,320,203,72,67,202,322,423,494,531,530,485,402,284,151,3,158,305,440,541,600,606,563,461,325,160,8,112,302,422,510,562,576,538,454,323,167,15,195,362,502,602,646,634,562,435,263,65,146,342,510,630,694,691,622,490,307,89,141,362,547,679,744,313,645,487,272,22,232,460,635,734,748,673,520,311,67,184,415,598,707,721,636,463,221,50,314,525,653,675,590,736,179,77,311,482,565,543,427,240,16,200,367,448,424,295,96,127,308,396,358,4,2,2,11,11,14,6,2,0,14,3,168,57,262,378,376,262,65,148,327,431,438,351,193,4,203,369,467,487,420,157,90,114,296,428,492,478,398,264,99,70,222,339,410,430,396,318,207,76,58,181,280,344,370,358,312,240,152,485,45,133,206,262,295,305,289,250,191,115,33,49,127,191,238,267,276,268,241,197,136,69,11,92,173,236,282,309,304,278,234,180,111,35,54,132,248,342,404,432,420,360,271,152,31,91,210,309,400,466,495,483,420,319,191,40,110,245,364,456,517,539,521,1085,349,222,74,69,203,322,425,505,557,25
9,38,28,299,541,736,871,937,930,843,699,550,238,34,300,541,735,868,936,927,841,679,468,219,41,304,531,715,844,898,882,789,636,418,183,71,313,519,687,83,819,787,676,516,335,111,108,318,491,612,678,680,632,530,390,220,37,140,299,414,494,526,516,460,372,254,121,10,133,237,314,359,373,354,309,575,156,73,6,83,141,187,215,221,210,185,149,111,70,29,9,44,72,97,119,134,146,155,153,139,113,81,30,266,100,162,213,245,256,223,157,61,46,160,248,304,306,258,157,27,107,218,277,1,0,1,0,0,0,0,1,0,0,0,39,93,135,153,145,113,61,3,75,141,186,213,210,179,123,57,28,113,183,407,266,269,239,184,104,19,75,163,238,290,323,316,285,229,142,48,58,158,255,326,376,386,365,312,231,126,10,4,239,340,411,453,452,425,351,247,124,19,161,294,406,484,517,518,476,394,275,128,30,187,332,456,542,585,584,531,443,318,163,9,178,339,474,821,644,651,610,518,391,234,54,139,319,479,610,687,721,702,623,498,323,129,79,292,485,643,758,810,803,730,601,488,197,39,280,502,694,830,905,903,834,4
5,11,242,134,5,141,222,314,396,442,486,836,472,432,354,264,166,53,62,180,289,395,480,521,543,541,523,460,347,238,101,44,181,307,432,533,606,601,560,31,425,318,213,77,75,231,372,493,587,637,638,591,512,403,267,109,62,227,381,511,620,675,681,641,561,424,253,58,109,295,467,607,704,738,719,1076,504,334,112,118,330,521,669,750,755,675,551,392,190,35,267,473,622,702,732,666,515,306,61,183,402,576,659,411,580,418,219,11,222,394,497,517,457,333,150,56,251,379,410,352,210,0,213,10,0,7,3,1,9,5,6,2,2,4,407,359,212,13,178,324,403,389,293,140,47,220,360,454,459,384,267,103,75,75,397,471,485,455,349,212,54,101,232,336,405,425,413,348,250,154,39,78,191,291,355,381,393,353,289,216,131,352,21,108,178,241,279,278,282,264,230,195,152,93,36,32,98,169,205,248,286,284,275,245,208,171,95,28,27,88,135,187,224,279,305,309,323,986,257,188,98,5,106,194,290,369,427,459,460,429,374,296,196,88,22,156,265,358,447,499,513,521,475,405,315,36,53,65,205,293,387,462,491,524,564,4
174,90,121,120,105,72,31,11,54,111,167,172,291,343,385,408,406,372,315,248,167,74,9,88,169,238,293,340,370,376,369,334,287,224,149,87,0,71,139,542,291,345,396,435,451,447,420,378,321,259,205,140,90,43,2,46,91,118,165,194,218,238,255,269,291,306,326,338,342,347,324,306,274,249,219,403,192,176,172,173,173,176,186,203,221,249,285,318,355,387,408,409,392,358,293,201,80,54,208,360,492,598,657,1038,618,516,366,183,12,212,384,512,595,604,542,431,277,95,73,213,307,345,325,13,37,39,45,12,47,24,10,27,46,4,128,56,29,115,182,222,223,181,110,8,103,215,304,362,391,371,322,244,140,358,97,210,311,383,428,443,432,391,327,252,161,65,21,101,169,220,240,251,242,201,157,96,15,70,159,234,309,13,396,408,401,373,342,294,238,176,113,48,18,63,93,106,87,50,1,59,134,207,273,343,408,457,500,521,524,507,463,410,335,251,155,42,66,107,276,368,433,473,495,482,446,400,340,270,186,103,18,65,133,196,253,287,309,304,292,263,205,148,72,4,68,264,197,241,269,278,272,242,187,127,59,181
629,422,113,659,130,103,378,138,120,47,70,341,54,89,49,209,280,306,25,159,96,314,397,199,396,229,19,84,282,531,125,10,119,401,45,257,93,509,171,74,50,682,99,118,176,21,246,39,395,57,204,427,598,500,36,179,399,211,270,59,192,116,101,286,150,264,528,92,286,96,258,261,48,134,324,199,50,90,322,55,274,268,38,429,244,154,283,98,27,97,66,28,251,166,111,31,62,261,426,129,301,335,63,225,211,165,35,12,152,79,84,142,110,128,210,49,29,32,94,62,15,122,12,263,31,82,18,115,12,150,136,49,13,177,414,2,386,454,255,43,60,417,637,462,265,1110,1312,839,78,622,866,645,67,246,201,25,314,414,266,98,343,477,528,370,103,123,251,264,272,299,346,381,362,156,121,615,841,863,579,50,547,731,578,333,87,52,108,18,208,307,275,341,96,377,180,682,825,684,322,118,9,18,56,61,56,313,733,978,867,570,200,100,508,815,820,644,284,18,227,12,245,474,457,79,592,1098,1346,921,136,548,855,724,400,75,23,289,694,875,373,494,1360,1581,1124,149,861,1503,1478,716,347,1037,1238,481,98,178,318,207
359,99,389,146,151,413,95,92,265,502,246,57,116,482,297,426,75,556,450,15,133,317,54,282,203,80,177,410,297,238,129,32,412,315,346,8,316,355,122,288,209,10,487,16,594,41,32,362,293,447,390,29,45,182,201,13,344,413,261,124,234,299,318,11,153,90,25,50,105,146,366,512,10,162,281,468,137,73,133,305,537,43,14,487,303,256,288,137,103,149,526,323,77,9,92,108,6,148,10,266,326,151,311,186,96,5,170,6,274,121,300,151,31,415,98,62,16,235,486,258,55,126,92,68,84,14,69,113,24,19,54,43,62,96,629,621,550,429,276,24,109,334,457,560,600,451,270,122,28,98,180,251,313,261,220,171,156,93,40,22,52,68,110,125,116,94,172,254,281,322,310,297,362,388,363,362,439,418,413,493,449,408,335,208,112,145,64,95,153,145,168,251,95,79,828,875,888,807,554,361,189,24,219,369,514,676,784,775,784,773,540,465,399,230,111,182,117,66,128,138,179,314,448,525,648,667,621,576,473,423,411,225,48,1,58,264,210,309,244,202,129,38,52,220,289,366,608,804,918,924,975,261,85,429,130,249
40,92,158,125,93,122,173,505,480,26,632,357,303,421,764,434,200,534,275,214,398,81,404,483,61,495,655,252,361,664,456,54,428,418,137,91,101,7,21,416,407,201,344,762,592,116,798,862,256,523,850,500,160,576,478,57,271,253,4,199,136,95,307,326,92,273,532,487,97,377,618,456,95,205,342,788,354,259,33,493,770,576,59,757,969,482,355,901,717,25,663,582,91,612,383,415,883,427,628,1214,683,495,1176,250,192,702,408,120,152,252,396,95,749,742,83,892,810,61,782,610,133,569,275,22,10,2,31,12,5,3,12,30,20,29,390,43,349,284,150,369,98,319,304,145,470,249,319,568,204,365,507,89,385,961,120,490,294,284,623,341,284,645,388,179,504,288,149,315,27,328,278,187,607,452,194,761,679,5,671,720,150,132,573,96,431,474,7,514,556,63,514,662,294,261,555,395,45,180,176,113,166,261,167,209,603,575,55,588,791,356,338,683,393,219,528,254,333,1449,288,411,843,595,124,708,743,331,160,405,412,318,223,43,254,550,585,237,325,715,625,119,417,541,237,155,220,19,314,121,399,712,399,347,864,703,9,86
37,99,284,183,78,62,185,302,426,524,615,402,717,726,712,661,595,497,368,237,80,66,224,373,490,616,700,745,772,754,714,639,534,415,292,161,47,74,164,841,351,434,498,536,560,554,506,441,350,257,168,74,24,106,179,242,276,309,319,326,335,347,370,408,451,491,537,574,603,609,604,579,544,484,409,964,245,169,121,81,57,63,60,80,113,139,196,247,310,386,470,542,596,616,604,532,421,277,90,110,307,487,626,1538,729,673,550,359,130,135,412,658,865,1005,1059,1032,917,737,507,252,5,206,365,74,27,15,10,1,27,60,29,12,35,54,351,321,248,134,0,147,281,400,468,478,442,345,202,37,141,300,429,513,556,988,459,341,197,47,115,263,388,486,554,582,569,520,436,312,172,11,153,319,478,608,714,796,832,846,817,745,659,305,388,218,46,118,268,401,512,598,650,676,689,666,611,538,426,296,155,17,107,224,315,377,421,441,434,407,358,271,165,49,85,225,357,476,582,1273,713,741,769,758,734,693,652,585,487,414,333,261,204,160,117,96,83,69,67,79,99,125,163,183,195,195,187,632,120,69,1,83,178,275,349,410,441,42
211,30,218,55,34,212,251,145,653,686,90,487,886,434,315,710,507,38,416,316,90,373,169,331,597,283,372,759,511,134,600,560,148,221,279,143,31,99,202,733,220,564,555,59,619,917,519,322,931,817,118,572,753,351,211,460,277,100,290,167,118,330,324,43,365,584,389,79,515,618,360,36,331,448,413,67,30,276,565,639,371,208,783,939,482,350,969,877,140,630,773,212,473,564,76,769,679,244,1135,1028,68,1103,1100,516,685,708,95,331,116,367,347,307,862,563,410,1056,647,381,918,444,383,603,92,22,91,6,46,94,25,41,53,27,13,38,117,262,346,24,379,231,249,412,24,464,409,150,591,384,243,598,311,293,534,522,421,532,12,588,604,8,620,640,108,457,549,136,318,334,74,392,180,380,655,252,495,877,506,323,865,659,77,116,620,3,536,485,58,541,500,4,550,665,234,359,621,388,32,245,176,74,138,286,251,111,580,708,275,454,866,603,116,677,606,2,546,483,134,1299,548,133,785,803,195,528,812,528,13,346,383,277,209,196,60,268,585,603,217,374,749,621,69,432,472,89,216,371,344,451,26,601,819,404,318,774,683,133
90,8,371,173,22,199,340,446,491,478,427,70,192,42,126,259,377,437,431,385,276,123,30,202,354,489,600,665,710,713,677,594,473,348,192,76,32,81,85,535,56,187,330,484,637,771,876,958,979,963,896,774,628,454,284,128,13,115,192,244,274,308,342,379,427,449,452,434,384,322,255,192,168,162,202,236,362,456,557,650,724,785,836,857,846,805,717,579,383,170,71,308,500,635,694,634,496,274,21,343,649,893,1043,1602,962,744,444,106,203,425,537,504,340,70,255,582,820,957,952,822,596,330,67,73,44,7,78,15,34,32,22,23,28,63,178,315,381,366,261,97,102,293,438,514,491,376,201,17,233,415,520,541,479,850,141,81,304,489,619,698,685,615,480,315,123,60,211,323,366,336,246,99,111,324,539,723,841,897,889,795,652,344,273,57,139,332,472,586,646,663,632,559,460,334,212,101,36,1,19,64,183,309,439,572,678,762,799,803,768,673,526,362,156,55,256,424,556,1501,637,598,517,414,307,193,91,36,0,7,47,116,214,332,454,550,627,668,663,624,539,450,326,191,62,52,141,468,205,167,66,60,232,413,579,695,757,74
24,17,876,867,828,765,668,545,402,235,70,345,272,431,574,696,785,844,876,876,846,781,680,566,424,259,95,68,229,383,520,637,729,780,812,799,770,716,623,610,372,225,74,75,210,350,458,553,616,647,663,641,600,536,452,355,244,135,17,90,189,271,341,393,430,444,440,414,374,325,266,202,137,67,1,574,109,152,186,210,224,228,225,209,189,166,140,116,93,71,49,30,10,11,30,45,64,84,108,126,148,169,185,770,193,181,152,110,57,9,83,153,217,267,290,288,254,193,110,9,93,181,242,2,1,1,1,0,0,0,1,1,0,0,80,113,136,142,137,115,81,38,12,66,115,158,195,213,218,212,186,151,106,212,8,67,126,181,226,258,279,287,286,264,233,186,134,74,8,61,127,193,254,301,340,366,371,368,345,308,261,240,127,47,34,118,198,276,345,399,446,467,479,467,431,383,313,240,158,65,35,135,235,321,400,467,518,550,560,547,522,475,409,329,239,139,30,174,190,293,396,476,544,598,630,645,640,607,556,480,396,289,175,45,88,219,343,461,560,649,717,761,778,763,724,638,564,451,317,166,11,147,307,452,590,4
287,261,399,231,42,151,352,571,751,876,957,349,1061,1043,997,925,787,572,350,124,98,333,544,682,846,955,1020,997,941,860,751,594,470,344,218,85,3,45,63,935,2,118,231,352,488,626,770,862,956,1035,1036,978,893,821,699,553,431,327,194,56,37,129,212,304,371,445,526,597,614,607,586,518,430,310,171,525,144,320,469,581,700,804,869,897,902,875,781,631,467,283,34,226,471,694,892,1018,1038,977,851,674,390,84,210,1481,651,750,704,504,243,78,472,861,1165,1343,1403,1334,1123,805,453,122,174,416,562,11,75,87,72,27,83,32,23,3,14,46,485,487,423,300,123,88,318,503,650,698,646,496,259,6,268,496,664,739,734,1431,485,277,34,184,373,538,675,752,785,753,688,539,367,146,70,291,512,690,808,871,876,819,692,535,359,169,21,171,400,534,643,763,810,802,763,710,605,459,320,238,159,57,7,36,65,104,221,383,518,608,715,848,938,985,1041,1081,1014,898,783,645,474,244,6,46,499,759,924,1025,1083,1110,1082,982,846,689,480,262,85,54,162,258,324,357,374,351,289,205,119,45,22,108,172,496,246,258,214,127,7,144,286,427,523,60
88,46,386,565,697,772,802,763,687,550,379,105,41,249,443,603,719,785,792,745,647,498,318,112,95,300,474,615,716,757,754,685,574,412,235,35,160,336,496,32,676,689,654,566,450,290,119,57,225,366,473,539,566,547,496,407,289,160,18,117,232,325,386,418,416,387,324,246,155,57,31,120,189,242,273,974,263,232,189,135,80,23,27,71,107,129,144,150,145,135,121,101,79,57,36,11,15,44,74,103,133,152,166,662,148,115,68,6,70,140,201,238,247,220,158,69,32,132,210,254,251,200,110,2,1,0,0,1,0,0,1,0,2,0,6,43,88,122,138,135,110,69,13,45,104,149,181,193,182,151,98,39,31,102,161,207,236,243,224,191,133,67,8,83,157,218,265,288,288,267,224,159,83,5,93,178,252,308,342,348,334,269,225,136,37,63,166,257,334,389,416,409,380,317,227,119,1,121,234,329,410,456,476,459,410,334,227,109,24,152,271,378,459,511,527,508,452,467,262,132,6,147,282,398,496,557,589,571,525,434,321,176,17,144,301,436,549,627,663,653,604,502,370,204,27,2,338,492,619,704,744,729,675,560,418,18
80,0,121,112,82,60,29,2,30,77,107,264,159,170,178,165,133,109,72,23,12,54,92,120,150,184,178,176,159,135,88,44,4,44,89,129,144,165,169,247,139,111,76,31,8,38,66,105,122,131,127,127,95,76,43,9,28,54,76,85,98,94,94,69,52,17,1,28,52,61,75,65,60,55,35,58,6,25,44,53,58,61,39,32,10,10,24,45,56,58,57,48,28,11,10,39,58,66,72,66,52,24,0,187,56,70,81,74,59,25,1,32,55,61,62,57,30,2,27,48,52,49,21,3,0,3,2,0,1,1,0,4,4,1,182,272,282,195,48,107,257,344,367,321,219,74,91,248,358,424,432,378,270,109,35,186,320,422,465,454,402,293,167,29,116,250,353,430,452,443,396,315,203,79,55,178,288,375,419,452,430,1358,309,206,107,16,138,246,336,393,428,431,406,356,283,169,57,54,161,266,346,402,438,426,395,330,248,144,29,85,185,280,335,380,384,385,349,746,205,115,19,69,135,224,259,296,290,281,252,192,148,94,30,26,73,104,137,157,167,164,159,139,113,106,87,935,35,14,9,33,57,72,92,101,111,3
6,11,1,18,45,65,82,105,138,138,158,333,163,161,141,126,96,73,32,4,39,74,105,138,153,163,187,184,170,161,136,103,72,31,12,35,67,91,121,100,149,144,157,146,125,110,88,53,28,5,31,62,86,112,103,109,105,109,89,78,55,21,3,16,43,52,71,80,83,80,71,49,39,24,3,107,32,42,49,69,58,45,44,26,8,3,24,48,47,58,70,59,55,45,11,2,19,40,61,75,75,69,58,176,20,13,31,49,73,73,70,68,38,6,12,42,57,66,59,42,18,7,30,4,0,1,1,0,0,0,1,2,4,0,233,161,27,127,257,329,346,312,225,104,37,177,293,377,416,420,365,283,158,132,118,239,349,426,476,469,429,351,271,154,36,90,200,293,375,425,463,450,427,385,296,224,122,10,84,185,272,142,392,421,445,431,395,365,286,212,120,35,60,153,236,318,358,425,435,432,419,372,328,252,173,84,5,107,187,260,321,360,374,400,390,368,326,717,192,127,45,17,89,156,205,229,269,272,273,261,242,208,174,138,92,59,22,12,42,61,88,109,106,126,116,557,123,118,116,117,109,99,84,79,63,3
199,26,235,229,198,218,178,130,81,47,25,171,112,149,216,256,289,323,355,345,376,355,323,288,226,196,147,55,19,37,119,185,216,285,311,316,341,342,332,757,268,211,179,126,61,9,41,86,144,171,205,218,253,233,254,215,177,154,117,54,27,3,61,76,114,126,155,157,152,137,147,104,63,26,14,211,61,86,125,97,106,102,102,93,69,36,6,47,55,90,102,126,141,115,113,86,41,5,41,81,111,149,158,666,139,115,86,24,28,65,122,127,137,131,111,75,22,29,76,99,111,98,51,0,2,9,3,4,1,0,6,8,7,5,481,555,502,317,60,207,444,625,729,744,670,509,302,44,224,450,653,817,887,578,836,731,532,312,77,151,383,583,750,853,909,928,877,797,679,536,352,176,19,203,380,553,678,803,853,890,886,1899,771,684,561,429,261,110,35,227,388,524,644,768,830,880,872,881,802,721,625,524,364,238,56,95,254,399,539,644,722,752,786,796,762,699,652,1712,424,305,172,14,78,201,293,378,443,483,503,511,499,488,450,430,361,314,252,190,122,52,30,33,47,80,117,514,147,164,180,182,208,205,215,227,242,3
43,12,0,68,118,135,123,71,17,60,128,324,154,106,34,52,130,172,180,133,36,56,134,174,169,122,46,52,133,170,171,123,39,51,125,164,154,112,33,355,123,152,139,92,18,58,127,130,125,70,0,67,107,116,88,49,17,78,103,106,75,22,29,69,90,76,31,10,48,69,71,46,0,33,53,103,51,15,21,49,58,48,18,26,42,62,53,23,16,51,64,53,28,20,52,72,60,22,25,62,75,67,21,228,62,75,55,9,39,70,76,50,0,57,73,56,12,34,62,52,14,26,42,3,2,6,3,3,3,0,1,1,4,1,44,235,288,154,88,290,347,221,23,259,384,338,141,127,353,424,340,109,167,83,452,355,120,156,376,469,384,171,92,330,453,424,256,11,241,418,453,356,156,93,310,434,430,300,72,164,351,868,397,243,17,212,376,445,368,207,20,243,393,434,352,180,53,273,408,428,331,144,84,289,408,423,302,121,108,294,399,395,279,84,127,291,373,762,235,59,124,265,331,303,193,35,112,225,268,238,155,37,81,173,206,207,140,54,38,113,152,155,123,71,5,369,87,114,118,97,55,0,53,93,116,1
64,14,742,623,467,280,81,127,325,507,667,1290,867,898,876,807,691,543,366,169,39,246,439,596,731,815,852,844,799,702,572,405,219,21,172,354,507,636,733,99,775,732,635,512,377,206,35,132,295,418,527,595,627,620,585,508,406,294,162,24,98,216,308,377,425,443,438,399,344,273,194,113,26,52,124,980,222,246,260,258,237,212,176,134,93,45,7,23,57,83,98,109,119,124,131,133,133,134,125,114,93,61,18,295,82,134,184,224,251,250,219,162,88,6,106,195,263,294,286,234,148,35,78,2,0,2,1,0,0,2,0,1,0,0,74,34,19,68,117,154,170,167,145,108,55,3,68,131,177,215,230,231,211,437,116,49,18,86,156,209,257,283,297,284,255,204,141,69,13,98,174,239,301,339,363,362,337,296,230,153,62,76,132,226,305,368,412,439,440,414,372,293,212,103,14,127,237,336,420,479,517,519,503,454,377,280,165,45,81,205,319,424,504,558,589,587,551,659,402,288,164,28,110,245,373,483,577,637,664,657,627,553,456,328,181,23,137,296,442,568,679,745,778,766,716,614,503,345,172,19,211,398,566,703,802,1
270,143,246,142,29,63,232,18,67,198,55,231,28,381,327,154,321,292,254,454,151,186,70,66,477,169,201,167,19,447,136,66,725,46,249,215,293,223,162,172,218,84,192,418,163,78,6,432,505,593,372,905,463,67,168,278,279,300,389,21,234,188,191,410,200,77,111,4,116,432,17,167,63,73,234,130,111,177,524,138,201,260,596,328,550,103,10,98,187,177,598,326,274,52,25,392,27,149,22,69,186,74,153,352,302,248,71,285,51,28,251,85,162,94,169,175,84,44,59,69,40,130,119,62,78,307,135,2,69,111,44,21,38,21,167,21,111,202,160,8,129,375,675,899,1077,1205,1151,1042,842,694,400,184,13,134,197,255,297,281,264,259,237,242,246,219,212,175,206,392,254,333,375,490,581,692,745,873,953,938,1033,1026,968,850,703,506,397,259,129,38,197,326,396,694,325,402,275,285,256,246,221,242,295,283,339,490,384,369,374,332,272,291,177,12,94,112,182,143,148,78,8,68,209,302,456,524,572,529,478,316,232,155,23,75,46,95,117,185,278,461,596,881,1112,1236,1403,1495,1525,1777,1504,1476,1316,1167,1000,193,187,28,191,247
499,482,198,746,125,185,16,227,174,89,19,282,56,160,87,14,408,243,188,212,50,76,516,119,231,202,290,277,22,341,437,127,265,316,751,277,192,60,828,256,258,89,398,31,159,325,451,243,81,573,108,46,338,321,281,150,367,343,553,92,6,366,202,147,68,23,146,281,244,343,433,207,91,249,249,111,93,105,488,304,61,216,288,340,166,186,115,285,117,121,147,147,161,104,249,134,51,22,76,160,104,214,114,211,313,1,170,89,189,184,148,90,69,301,32,99,213,268,77,45,196,330,33,1,32,141,114,6,141,100,130,111,33,34,532,602,536,367,120,140,188,101,122,481,877,1180,1284,1215,946,607,256,82,271,339,230,88,99,260,385,491,483,407,496,487,487,375,434,259,355,350,354,424,509,569,687,764,796,745,597,494,305,156,29,3,0,91,60,41,23,82,246,487,18,323,221,17,190,366,401,308,148,8,194,402,518,598,690,663,654,516,534,485,518,418,324,200,20,95,178,136,44,105,353,626,949,1219,1343,1384,1281,972,745,441,217,69,24,95,270,599,952,1281,1590,1726,1711,1529,1274,1082,405,73,479,715,949,324,291,493,96,132
10,26,109,306,486,639,768,848,889,879,832,999,606,444,255,56,147,344,515,664,779,853,885,859,798,682,543,377,194,4,190,370,531,655,744,791,798,772,696,569,438,274,98,83,245,397,518,606,661,668,650,589,501,392,264,130,13,141,259,352,421,467,482,470,439,376,306,217,127,36,51,132,199,249,284,1165,294,277,247,207,164,111,64,17,25,62,92,111,127,137,143,142,136,132,124,117,105,93,74,48,16,25,66,92,153,194,224,234,229,191,135,58,31,122,202,265,296,288,238,156,47,61,162,3,1,1,0,2,1,1,1,0,2,2,119,128,118,90,50,1,55,104,149,182,194,188,164,120,67,8,58,120,174,379,245,257,249,222,179,123,58,15,86,157,218,268,302,320,317,295,259,204,132,52,32,116,198,268,329,372,397,300,379,335,275,197,105,6,98,198,292,370,436,470,485,472,433,378,297,199,95,25,146,258,357,445,507,546,560,540,498,432,339,228,109,20,148,436,389,482,556,604,628,619,584,513,422,307,175,37,110,254,393,518,620,688,725,728,693,625,533,400,248,83,94,71,432,571,690,778,830,840,805,731,615,8
17,25,243,50,136,323,495,646,773,864,932,1412,935,876,778,647,487,311,124,67,258,436,597,728,825,885,907,897,852,765,651,494,334,148,31,202,375,516,644,68,795,813,795,738,662,542,411,268,113,44,188,320,432,521,585,626,618,599,546,470,380,272,167,62,48,140,223,293,341,378,394,388,372,336,283,535,165,106,46,13,63,107,138,165,179,187,185,179,169,155,141,127,108,91,72,56,38,14,9,38,73,108,145,464,211,233,236,223,195,139,70,12,104,187,255,300,314,290,233,142,32,80,176,3,1,1,1,0,0,0,0,0,0,1,79,114,141,152,143,121,82,33,18,78,131,177,208,225,226,212,181,132,76,147,55,117,177,231,267,291,297,288,273,231,180,117,45,29,105,173,242,296,339,367,382,378,354,314,259,184,106,117,77,167,253,326,387,442,471,481,479,440,397,326,238,137,30,77,187,287,380,457,520,557,574,568,536,485,412,315,213,103,20,140,257,371,461,798,614,645,661,644,606,548,468,358,247,115,20,156,292,420,537,633,709,753,770,756,715,648,551,425,282,123,42,11,369,525,654,761,845,889,906,880,821,0
57,15,465,249,9,237,466,657,801,873,895,1186,706,528,307,60,191,421,621,771,859,884,828,720,549,328,91,149,374,568,718,809,836,785,683,517,328,114,119,477,512,652,723,739,707,600,453,278,81,113,289,438,548,600,611,568,474,359,206,47,103,235,338,417,452,450,411,341,241,141,29,73,165,235,288,1210,296,267,223,164,103,35,26,80,119,148,161,167,162,148,130,103,77,47,17,10,40,70,102,131,163,176,179,839,132,77,10,66,150,217,261,268,241,178,81,39,153,244,287,286,223,120,6,2,0,0,0,0,1,1,0,1,1,0,45,92,130,144,137,103,55,5,74,134,178,199,197,167,118,53,24,100,167,395,251,254,233,186,115,37,49,135,210,266,302,308,287,243,168,83,13,110,210,284,339,368,360,331,265,180,77,72,157,260,347,405,433,431,387,314,218,96,35,167,292,393,460,502,500,458,377,264,128,17,167,307,421,507,555,556,520,447,333,196,42,119,271,631,524,589,623,598,540,444,308,145,30,206,374,510,617,681,693,658,561,428,265,74,128,321,499,645,745,787,773,657,565,384,174,55,280,492,671,797,864,0
26,16,599,726,822,873,894,860,802,698,574,451,235,50,136,318,480,625,738,824,868,875,842,775,671,525,364,194,20,155,327,482,616,711,778,796,791,757,678,572,425,274,111,47,199,348,469,569,632,656,663,626,567,480,374,261,135,13,110,218,307,376,423,454,464,444,403,347,278,205,129,47,29,99,155,1042,231,248,255,253,241,217,185,153,110,70,35,5,22,50,67,81,91,104,118,126,134,143,149,152,149,136,110,662,33,19,77,135,194,235,262,262,240,199,124,32,65,158,229,275,282,248,175,1,0,0,0,2,0,0,0,1,0,2,94,121,136,131,113,78,31,20,70,124,164,192,207,204,185,152,105,48,15,44,141,190,233,261,269,268,249,212,169,111,46,24,98,164,222,275,316,338,346,335,308,263,205,136,54,28,118,50,278,339,390,419,430,426,399,357,300,219,133,31,74,176,271,357,430,484,516,520,510,475,417,338,240,138,26,91,202,307,404,483,545,584,595,831,557,494,414,317,209,86,39,173,295,409,510,591,653,682,691,669,620,539,438,316,178,31,123,279,428,557,666,558,795,809,793,741,663,542,402,242,70,4
85,4,105,90,73,49,20,11,40,70,95,257,143,157,167,160,151,135,111,88,39,1,36,74,110,137,161,172,178,179,154,132,102,64,23,17,55,89,115,80,150,152,149,135,116,85,53,24,10,43,66,91,104,114,129,110,93,72,58,31,3,23,49,65,72,86,74,67,58,39,27,3,12,39,50,140,58,58,48,39,20,2,16,31,54,58,64,59,49,35,20,0,23,50,56,68,72,64,48,16,3,28,53,414,73,72,64,45,18,4,41,49,69,75,60,39,14,13,40,51,57,47,15,3,3,2,2,2,2,0,1,2,4,4,232,280,245,138,15,170,289,353,360,307,199,61,89,232,340,414,439,412,332,156,70,78,221,337,425,466,457,419,337,224,101,36,162,276,362,416,449,447,417,353,260,159,49,68,165,270,347,373,442,444,421,370,297,210,109,16,101,200,288,360,410,440,441,415,367,296,214,119,18,87,179,270,334,400,418,416,394,342,279,219,114,25,63,94,220,279,322,339,336,313,278,226,173,115,47,16,65,115,155,183,195,196,193,182,161,141,115,92,57,33,13,654,31,42,61,75,91,97,109,113,123,9
79,16,826,879,871,789,665,488,283,55,178,769,597,747,846,886,872,798,675,503,291,62,167,379,569,718,811,848,834,762,643,470,274,47,160,357,528,664,751,183,753,674,543,386,211,10,178,353,494,585,646,645,604,520,407,268,121,30,179,300,392,452,479,475,437,362,270,166,58,43,136,218,276,312,326,1088,274,225,161,100,41,17,72,117,146,159,166,170,160,143,125,100,75,51,23,1,30,62,91,122,152,172,181,817,157,117,66,0,80,160,229,263,275,251,183,88,26,131,225,277,281,236,142,0,1,0,1,0,0,0,0,1,0,0,120,120,95,53,0,55,113,151,179,183,165,122,67,1,72,135,189,224,241,519,203,151,88,10,67,140,208,255,290,296,282,240,182,105,15,73,162,239,304,342,363,351,317,256,176,74,29,13,238,321,388,424,431,411,362,288,195,82,38,163,282,376,446,493,510,484,425,332,222,93,48,186,311,419,502,553,571,550,488,393,282,148,2,284,302,418,521,586,623,618,580,492,378,235,77,88,253,407,538,640,697,713,688,613,499,348,175,20,219,404,569,487,785,809,794,719,603,438,243,27,184,7
40,20,477,629,751,835,884,880,849,760,649,580,323,132,65,254,432,588,717,810,866,881,850,776,663,512,348,169,15,196,372,529,655,740,797,804,779,720,619,609,328,159,9,176,324,461,565,641,676,672,639,571,476,362,238,107,25,152,264,356,423,462,484,473,448,392,323,241,153,63,19,101,170,224,266,1159,292,279,257,229,192,149,101,58,13,25,59,84,102,120,131,137,137,135,133,133,126,121,109,91,65,34,8,168,103,153,197,231,249,241,213,157,80,8,99,186,253,289,288,250,171,69,43,3,1,0,0,0,0,0,0,0,0,0,45,0,50,96,135,157,164,153,127,88,35,24,83,140,184,216,231,228,209,429,125,65,1,69,135,192,237,271,291,291,279,243,196,135,64,12,91,164,234,293,336,364,371,360,331,281,219,188,47,46,138,223,303,374,424,454,465,446,413,351,269,174,67,42,151,255,348,428,487,527,541,530,487,427,343,245,134,16,109,230,341,440,513,822,608,607,588,537,465,368,258,128,3,141,274,396,508,597,663,700,709,680,622,534,419,286,137,28,194,355,503,424,725,789,818,809,767,684,568,426,263,5
30,4,897,932,930,895,828,727,604,449,288,42,77,256,425,576,702,803,878,922,933,914,848,763,642,492,335,169,0,171,336,489,617,717,795,831,851,835,780,539,589,461,314,162,15,143,285,411,518,592,652,674,673,646,597,530,433,335,218,107,6,116,211,290,359,403,434,437,425,403,364,319,264,198,136,139,1,51,103,143,173,195,211,215,210,200,183,167,147,127,107,87,72,52,33,17,4,25,51,76,105,136,170,578,219,229,226,207,171,114,42,35,118,195,264,302,313,293,239,154,48,60,156,4,0,2,1,0,0,0,0,0,1,1,93,125,148,149,140,111,72,26,27,83,132,176,213,229,231,223,194,152,104,220,18,82,143,196,240,275,294,301,303,280,244,195,141,75,4,65,135,203,269,317,357,386,393,392,369,337,285,232,144,63,26,111,193,279,351,413,465,492,510,501,471,426,358,287,202,104,3,102,210,307,396,473,529,573,596,591,575,536,475,403,316,213,101,75,133,242,357,450,533,603,652,682,693,673,640,577,500,401,285,155,20,118,255,386,508,619,710,775,817,833,822,716,701,601,479,332,179,10,159,325,481,1
8,27,78,103,282,449,605,738,836,904,941,1382,909,843,739,606,448,278,98,88,274,442,595,716,821,879,907,902,864,795,695,563,414,240,68,101,264,413,556,160,746,793,798,778,738,651,549,419,280,135,4,146,275,386,474,543,583,608,596,550,492,415,334,247,143,44,52,136,207,268,315,347,365,362,345,984,272,229,179,126,75,26,19,58,90,117,136,148,157,163,162,158,148,142,134,125,117,107,90,75,46,17,23,112,115,163,204,242,268,265,245,197,131,50,43,140,222,280,308,301,259,177,71,2,0,2,0,0,1,1,1,2,1,0,121,104,69,26,24,72,118,160,187,201,197,175,143,94,40,19,80,140,192,410,267,277,274,260,226,186,130,63,1,71,140,202,259,303,331,349,354,342,315,269,217,147,70,10,91,174,251,154,383,421,449,454,442,421,375,312,243,153,63,40,144,240,329,412,478,527,551,556,543,508,450,378,285,184,77,32,144,255,362,452,528,588,622,895,640,608,557,483,398,298,187,55,72,201,325,437,542,630,697,740,753,744,710,645,562,447,324,174,22,135,293,226,576,688,779,847,888,890,860,801,708,1
17,20,85,103,289,461,616,748,850,915,949,1344,892,812,694,549,377,193,4,183,367,536,680,790,870,903,908,875,812,715,587,428,261,74,102,275,433,568,686,22,806,814,782,718,635,512,378,233,76,77,220,348,454,534,591,624,617,596,541,459,368,265,160,55,52,145,227,293,344,377,393,388,368,336,290,542,170,114,54,3,53,97,131,158,174,183,185,180,171,159,147,131,113,101,85,68,47,26,1,27,61,97,132,382,203,228,240,235,212,162,99,15,71,157,232,287,315,305,259,177,73,40,144,2,0,0,1,0,1,0,0,0,0,1,118,136,140,127,96,56,4,51,105,152,190,212,220,208,183,144,91,29,36,79,160,211,251,282,292,289,266,230,186,125,57,15,88,159,224,278,324,353,369,366,349,313,261,198,124,40,46,10,225,303,368,418,449,470,463,441,407,341,271,178,75,31,139,243,339,420,489,535,564,566,546,508,442,363,265,157,45,72,190,305,407,499,567,862,648,649,629,583,516,430,326,204,78,56,191,318,441,547,639,705,749,764,746,701,628,530,415,269,114,50,214,167,516,644,749,828,880,894,874,815,728,5
47,21,618,409,173,82,325,552,738,864,940,1368,867,731,540,308,55,200,438,644,806,903,930,887,782,605,393,154,89,323,535,704,823,863,845,757,625,451,236,622,222,432,594,708,768,761,701,586,425,232,40,157,332,466,568,622,617,577,483,353,209,57,86,220,327,406,441,444,411,352,273,176,78,26,116,992,247,277,286,273,242,196,143,83,25,25,68,102,130,147,156,152,143,133,119,98,78,51,17,19,66,112,162,570,221,222,198,149,81,10,110,198,271,307,291,228,134,13,107,215,281,295,246,1,1,1,2,0,0,2,0,1,0,0,118,141,137,110,59,2,64,126,176,203,200,173,124,58,18,92,165,220,252,530,243,198,129,50,39,122,201,263,304,317,306,260,192,112,9,84,180,261,329,367,380,360,308,231,133,22,95,60,311,389,437,452,433,385,301,194,71,63,197,318,422,489,516,516,475,394,284,146,3,155,298,424,516,575,591,560,498,396,263,105,54,215,368,731,593,640,651,609,532,420,273,97,81,258,426,560,665,720,730,685,587,451,284,85,119,319,506,660,774,824,827,704,641,470,266,33,205,433,634,790,890,4
12,10,844,737,595,416,219,18,180,356,509,254,702,733,715,642,525,365,176,47,282,523,754,958,1130,1255,1337,1366,1352,1287,1177,1015,819,600,365,138,72,255,402,1861,552,544,487,374,213,10,222,475,734,987,1222,1423,1587,1709,1777,1790,1756,1669,1537,1366,1176,978,776,576,389,215,56,68,165,229,266,272,255,220,165,182,27,43,111,174,228,271,302,324,334,334,327,307,286,258,232,200,162,118,69,7,56,129,209,286,361,424,478,503,534,533,507,457,389,308,232,167,122,107,119,163,228,307,381,435,450,411,325,4,1,4,2,0,5,0,3,5,6,4,75,35,2,25,36,36,27,13,1,5,0,19,52,105,177,263,363,464,571,538,769,849,909,942,953,932,886,815,720,608,483,352,218,93,26,127,211,270,306,320,312,286,236,172,95,16,62,168,191,234,257,263,249,209,152,77,11,110,210,309,399,473,531,567,580,566,529,463,378,275,160,39,79,194,300,388,452,488,492,466,411,324,218,661,51,202,353,500,634,757,858,932,982,988,961,896,802,677,530,364,184,3,185,362,519,650,750,810,827,798,727,144,478,308,119,85,292,491,664,793,880,6
78,2,850,784,652,454,228,21,269,498,690,1317,894,886,807,664,470,238,13,260,490,682,809,873,859,771,621,433,214,23,260,475,650,762,813,789,712,580,385,641,62,281,461,604,693,719,689,600,461,285,96,102,276,419,525,586,585,545,452,327,184,35,110,240,340,409,432,417,373,298,209,108,7,90,170,1097,267,276,263,235,194,139,78,18,36,86,119,143,153,159,149,136,116,93,69,46,14,20,59,96,132,162,185,791,174,138,80,8,75,159,230,269,273,236,155,43,74,183,260,292,263,182,66,2,1,1,1,1,1,0,0,1,0,1,108,76,22,38,93,141,168,170,145,98,37,34,104,166,209,228,217,185,126,215,35,115,186,240,268,275,250,200,134,51,40,132,216,278,317,327,313,271,199,103,0,106,207,293,357,388,392,306,291,199,89,30,152,266,359,431,466,457,417,337,221,89,51,192,319,421,494,524,513,462,373,248,104,46,196,334,448,530,573,568,523,441,312,161,7,172,330,457,557,620,636,602,524,399,247,70,119,302,462,594,679,718,702,624,501,339,146,66,283,479,645,559,808,797,728,599,417,201,37,275,488,8
42,40,590,184,267,651,862,849,621,220,239,1089,870,869,632,242,214,610,842,859,642,253,205,601,832,835,625,251,182,566,802,826,623,258,170,541,765,783,585,632,167,520,718,725,543,210,167,489,666,656,471,169,167,445,594,582,412,146,150,390,508,482,334,107,138,334,427,401,276,86,112,268,345,328,225,92,82,200,259,249,176,66,49,140,189,185,139,68,10,81,126,143,132,95,42,21,82,130,149,138,88,8,82,376,202,184,103,27,163,251,251,162,6,161,273,283,175,5,183,283,255,111,76,3,0,0,1,1,1,0,0,0,0,0,117,66,19,103,152,143,73,28,127,188,177,103,10,132,211,220,157,43,91,323,253,224,127,15,155,255,277,223,98,60,207,297,305,227,80,91,245,334,333,234,69,120,284,375,359,251,66,26,317,412,395,270,68,159,350,448,432,295,81,163,368,479,458,320,87,174,396,515,501,356,112,165,405,540,536,391,142,147,404,562,572,439,187,215,394,576,609,487,239,76,374,588,650,547,305,24,353,597,695,615,371,30,329,609,734,678,441,78,313,633,794,678,502,126,288,637,823,798,554,169,276,12
40,27,631,442,223,14,245,466,660,803,916,1397,931,845,707,524,305,68,169,396,598,763,873,925,915,839,709,539,343,123,107,328,527,683,790,840,847,796,686,638,338,127,87,282,454,594,689,740,728,666,568,428,271,97,74,234,366,473,543,563,550,492,414,316,197,66,51,165,256,323,366,385,376,339,287,458,137,61,15,80,135,177,205,214,208,193,169,140,110,73,43,14,15,40,66,88,112,130,154,169,172,169,148,720,67,4,67,135,208,255,281,275,222,148,44,75,182,263,307,298,240,139,12,2,0,0,0,0,0,1,0,0,0,0,24,74,121,151,157,144,104,52,6,76,137,185,218,225,209,171,111,43,36,110,187,240,276,287,269,241,183,110,33,56,146,219,286,329,343,336,307,251,184,91,11,107,203,295,359,406,425,331,372,297,209,107,14,128,243,346,432,475,509,497,446,371,262,140,12,124,257,370,474,537,569,569,526,455,353,221,82,68,220,357,472,565,619,881,627,559,472,345,202,45,121,287,433,555,652,702,725,690,619,507,352,183,3,188,373,533,672,772,821,820,771,660,517,337,131,89,311,516,692,823,906,2
23,27,189,390,572,716,837,910,947,928,878,1020,628,458,265,60,146,350,529,687,812,899,937,922,868,754,618,455,277,87,115,312,490,634,750,814,846,845,788,571,557,401,225,48,121,294,443,565,650,689,706,670,611,521,406,284,140,4,135,256,349,425,472,497,494,462,412,337,256,163,75,14,98,168,226,1115,289,294,285,264,236,198,155,108,60,14,25,53,82,104,122,132,137,141,142,143,141,143,135,123,99,69,28,310,72,126,184,228,265,268,250,204,133,46,53,155,239,294,310,288,217,116,1,3,0,0,0,1,0,0,0,1,0,0,110,78,34,21,74,124,162,185,189,178,143,94,34,33,98,154,204,238,256,519,240,201,147,86,13,56,130,197,257,297,321,326,313,280,230,168,94,13,74,159,239,306,360,395,409,401,375,304,254,173,82,16,121,221,314,391,455,488,510,495,455,389,302,205,94,20,135,254,362,454,521,566,580,574,539,473,390,285,163,31,96,230,348,679,553,612,652,655,638,588,514,408,289,148,4,143,292,429,552,650,727,758,764,731,668,568,448,290,122,56,237,202,565,692,791,855,885,867,815,717,592,8
53,13,471,230,29,293,529,721,848,891,859,1009,564,330,67,198,446,650,798,877,874,786,621,408,154,120,366,582,744,830,845,780,646,443,213,37,281,491,657,62,780,729,603,430,229,2,219,413,559,638,663,615,518,372,200,16,163,318,436,505,522,484,409,303,167,26,108,222,311,361,374,359,308,230,142,193,46,122,182,222,237,231,208,164,115,62,8,33,73,104,123,134,137,134,124,110,89,63,24,15,63,111,157,583,205,197,162,102,17,76,169,240,277,276,216,117,4,129,228,284,276,210,95,2,1,1,0,1,0,0,0,0,0,0,76,116,136,132,101,48,17,83,140,182,194,177,132,67,9,91,160,212,239,502,207,149,71,16,107,186,245,280,291,264,212,132,35,66,163,246,307,342,341,304,235,145,34,83,197,294,368,281,401,363,287,182,57,75,209,325,414,460,475,435,354,239,99,49,197,332,439,505,530,508,436,322,174,16,149,299,427,525,578,573,521,425,282,110,59,234,392,514,597,634,615,540,419,256,67,127,315,483,613,692,708,667,565,407,210,3,224,433,608,731,795,689,698,557,361,129,119,367,587,753,847,2
29,10,678,801,893,929,937,904,829,717,574,425,211,17,175,357,530,679,803,885,928,926,896,820,711,551,380,196,18,162,344,511,653,753,819,841,838,810,731,602,470,309,137,29,186,347,479,587,659,687,700,671,617,534,432,310,180,52,78,195,296,373,432,472,492,474,442,386,323,248,172,88,5,67,131,958,228,255,266,266,258,238,214,179,140,95,63,32,4,26,51,73,87,101,114,123,139,155,163,167,166,159,141,725,67,18,42,104,173,234,277,291,282,246,180,88,16,119,209,274,299,284,227,0,1,2,0,1,0,1,0,0,0,0,124,135,131,113,78,33,20,75,128,168,196,210,206,188,153,102,41,23,88,178,203,242,270,283,275,254,215,165,107,41,32,108,183,245,294,328,352,360,349,317,272,209,135,55,32,120,206,145,358,410,441,455,451,424,376,312,232,141,43,65,177,276,367,442,505,542,556,544,509,454,373,277,163,51,70,188,300,404,495,561,612,636,630,810,550,471,370,255,130,1,133,267,391,504,594,666,714,731,723,682,607,512,399,262,109,49,212,368,516,640,748,642,853,854,821,753,656,524,368,199,15,4
34,13,468,395,269,88,107,267,388,455,441,253,222,34,145,304,404,455,440,345,178,17,230,397,495,518,456,306,90,139,348,500,584,538,409,190,44,282,438,715,523,436,257,19,200,427,547,588,492,325,86,161,392,548,611,564,385,132,161,417,593,654,583,395,133,163,433,617,683,608,412,127,191,487,671,407,613,369,40,308,585,735,707,523,215,118,421,625,686,596,357,31,312,577,689,610,385,54,274,534,649,578,343,280,315,528,577,458,201,98,361,494,457,274,2,252,398,385,212,40,254,335,245,0,2,5,0,2,1,5,1,8,0,2,9,212,324,270,71,173,349,381,262,37,208,383,424,320,109,143,354,461,427,137,29,219,405,467,394,217,6,222,364,417,367,230,42,155,308,385,375,279,124,48,202,315,352,318,216,84,62,149,264,298,279,221,106,8,127,214,267,271,232,153,39,82,185,237,266,240,176,82,23,123,207,262,275,234,152,26,91,192,264,304,287,225,123,204,172,308,388,399,334,202,38,126,289,405,433,404,288,116,62,254,396,480,472,382,212,5,201,367,464,495,438,688,95,125,324,445,486,458,345,176,26,24
101,1,799,673,495,264,23,231,460,656,800,1365,889,827,695,507,275,28,222,452,653,796,865,870,799,656,468,247,12,229,447,629,757,812,805,722,596,423,205,613,245,444,592,690,731,706,623,487,313,118,75,259,410,521,585,601,555,480,353,205,50,99,229,336,410,445,437,390,317,222,119,14,84,172,237,1185,293,280,248,203,146,84,18,40,90,128,146,160,164,159,142,121,95,65,39,10,24,59,96,129,156,174,185,826,142,89,18,59,144,215,262,272,245,178,78,42,156,246,291,286,217,115,12,4,1,0,0,0,0,0,1,1,0,1,94,56,4,57,109,148,170,163,127,75,7,64,130,184,217,224,198,155,89,135,73,148,213,255,271,263,223,166,89,0,92,177,251,301,323,317,290,228,145,43,65,169,258,330,375,388,375,297,236,132,11,107,224,327,404,451,463,430,369,268,139,0,139,275,387,472,519,521,484,403,293,154,2,154,298,420,512,565,576,536,461,349,202,9,129,288,428,534,604,633,615,542,431,282,108,73,255,425,562,666,712,702,643,528,376,184,21,235,437,603,728,630,800,740,623,454,244,13,225,451,637,6
221,25,1459,1409,1278,1067,808,477,132,232,593,1579,1177,1375,1489,1515,1453,1301,1082,800,469,117,244,586,887,1135,1309,1408,1435,1374,1238,1019,741,416,82,256,570,842,1069,21,1295,1291,1203,1043,831,563,278,18,309,563,775,930,1025,1056,1020,922,769,582,356,129,93,302,479,611,707,742,742,685,595,476,348,195,53,90,216,1534,384,429,443,436,401,352,284,207,131,55,14,77,127,169,191,210,220,227,230,230,222,207,185,151,100,37,41,225,216,292,362,404,408,366,286,157,6,158,312,432,496,495,413,267,84,104,269,10,7,1,1,1,1,0,2,0,1,3,181,217,223,187,120,35,60,156,237,300,327,323,288,213,126,19,97,207,305,608,425,433,411,355,265,157,36,95,218,336,432,497,532,532,492,421,322,196,53,95,246,382,498,590,642,661,636,464,466,325,166,2,179,351,510,639,744,789,803,753,665,529,355,167,36,241,433,611,756,859,912,917,861,768,623,440,237,12,222,439,641,812,934,1416,1036,989,901,757,572,359,119,135,383,616,826,984,1108,1162,1161,1089,964,777,546,281,4,298,582,849,1070,1230,1337,1154,1302,1164,967,711,413,82,253,583,879,22
34,17,545,681,787,853,888,880,829,744,628,565,311,131,56,239,410,561,691,788,855,878,868,808,720,584,433,267,98,80,253,416,554,671,749,789,794,779,712,551,484,340,177,18,134,287,419,525,605,643,665,638,587,517,421,312,188,67,60,172,271,350,405,442,459,448,418,365,304,234,160,79,3,66,129,932,215,240,251,251,244,222,195,161,126,86,52,20,5,34,55,71,82,97,111,120,132,143,151,156,151,146,124,673,51,1,56,116,178,227,261,270,256,217,150,56,40,138,215,270,284,258,196,0,1,0,2,0,0,0,1,0,0,1,88,119,135,137,120,91,46,4,53,107,154,185,203,207,194,166,123,69,7,2,120,174,218,252,270,273,258,231,189,135,73,3,68,137,203,255,302,330,347,343,324,288,233,167,93,8,78,30,245,314,370,411,435,438,421,385,330,257,176,75,29,132,233,325,406,465,509,529,524,500,448,377,287,188,77,38,152,260,366,452,526,576,597,829,580,525,456,365,263,143,18,115,242,362,469,561,632,672,699,688,648,581,491,375,240,97,58,216,365,504,622,528,779,810,806,767,700,599,468,315,147,2
34,15,868,834,771,675,553,400,240,61,118,609,458,603,722,815,863,881,870,821,736,634,491,338,171,14,186,344,498,622,723,795,827,817,791,710,620,510,366,631,52,108,260,391,504,597,659,695,692,656,599,513,413,300,175,51,71,182,287,362,425,462,484,481,458,410,357,282,204,124,48,29,95,159,207,1078,262,270,267,256,235,207,175,136,97,60,25,5,26,50,69,84,97,109,117,124,133,141,149,151,149,140,124,681,59,15,45,104,163,213,256,272,267,240,182,99,8,89,177,244,277,274,232,1,2,0,0,2,0,0,0,0,1,0,10,36,81,117,146,158,156,139,109,67,17,40,96,145,189,220,231,230,214,446,141,90,29,31,95,153,204,247,283,298,302,287,263,226,171,111,44,30,106,177,244,298,340,374,386,382,365,292,276,208,135,54,35,122,211,295,366,419,463,480,481,463,418,365,296,206,113,11,98,199,298,388,457,514,552,562,559,533,481,417,332,239,130,36,104,213,327,419,504,572,621,644,653,626,582,515,428,322,204,69,69,205,335,455,561,653,721,761,776,753,707,625,527,399,256,95,67,230,393,534,658,4
82,10,101,86,65,43,9,31,48,94,128,292,165,173,172,162,143,114,83,21,1,53,93,135,165,181,187,186,170,140,109,72,28,16,65,94,145,150,168,166,156,137,106,70,32,7,38,74,102,122,135,134,125,103,89,57,21,10,40,67,87,94,96,88,76,52,31,15,11,32,53,65,73,68,63,16,27,10,12,31,46,62,62,59,39,35,11,4,26,45,62,64,66,61,42,20,6,32,57,77,82,81,64,212,14,19,47,65,80,75,60,38,16,18,43,63,65,57,35,9,18,42,52,3,4,2,8,4,2,2,0,1,4,3,186,53,112,257,337,335,263,125,30,187,316,398,418,378,279,141,19,182,317,246,472,470,409,307,169,26,136,270,383,450,482,463,406,307,189,62,57,192,303,388,444,466,449,406,328,219,105,847,133,240,333,399,442,458,434,391,316,224,112,3,117,212,314,391,446,454,440,403,337,246,133,33,76,188,277,346,397,418,416,391,322,247,169,409,28,122,201,263,303,330,317,306,268,214,157,88,29,33,81,128,153,187,191,194,181,164,138,127,90,68,27,768,18,37,54,68,82,94,113,120,127,14
28,27,483,300,110,91,287,472,636,769,877,1406,954,923,849,736,587,407,215,17,189,382,557,700,815,881,906,888,838,746,621,463,287,91,102,286,454,597,714,59,819,810,755,667,564,420,264,100,72,226,367,479,568,618,641,634,586,527,430,313,195,65,50,154,251,323,382,412,426,415,390,342,284,214,138,134,12,69,123,165,198,217,227,227,213,194,165,142,111,79,54,28,7,17,37,58,81,105,131,150,170,184,194,819,175,143,96,32,39,118,193,249,293,306,279,220,136,34,76,178,256,292,280,0,1,2,0,0,3,0,0,1,0,0,118,94,54,3,48,102,146,179,196,191,169,127,75,13,48,112,169,216,248,504,264,240,203,151,84,16,58,128,196,251,296,322,336,326,299,254,200,125,45,41,130,207,279,344,385,414,423,324,368,313,240,153,60,40,144,244,334,407,472,506,515,500,457,403,323,227,118,1,122,240,348,442,514,567,595,590,565,517,439,342,233,103,28,272,293,403,507,582,636,671,674,646,597,514,408,284,143,7,157,309,451,573,670,740,779,787,766,698,606,477,329,296,13,195,367,533,679,790,871,914,915,4
31,21,421,204,36,267,482,663,809,867,898,1170,712,537,329,87,151,376,579,732,836,891,845,766,610,403,181,50,279,480,645,765,826,801,757,608,455,262,32,527,381,554,663,720,735,674,568,442,250,69,117,292,440,531,592,605,555,486,359,222,80,71,191,306,384,431,438,415,353,272,179,80,17,109,187,1092,278,277,271,239,199,146,89,28,27,74,105,133,144,152,149,138,128,109,91,67,41,14,25,55,107,141,174,674,202,182,149,88,13,74,163,228,270,285,243,161,53,63,171,254,283,262,186,4,1,0,0,0,0,0,1,0,1,1,117,128,116,82,29,27,87,140,174,194,177,141,83,16,56,126,182,230,240,500,203,149,76,4,85,162,222,270,296,286,266,202,130,46,50,139,225,288,338,350,342,307,237,159,53,52,163,126,345,403,427,419,374,314,208,97,28,148,271,368,447,489,483,459,392,290,172,33,113,248,370,473,527,562,542,482,398,279,134,20,168,323,436,782,604,611,595,520,416,284,125,48,216,369,512,608,673,683,654,576,450,296,116,76,264,447,593,709,770,775,728,623,469,282,75,147,359,555,718,819,871,1
70,21,687,799,868,878,850,758,635,463,271,92,153,359,541,692,803,866,882,850,761,641,473,284,77,140,340,510,661,762,828,834,802,706,590,422,246,62,136,453,478,604,692,729,729,680,594,482,330,167,1,163,304,423,512,567,580,568,513,429,325,205,84,35,149,244,321,367,388,387,369,325,273,200,126,182,28,89,144,186,213,226,224,211,186,157,120,87,54,18,9,34,55,72,92,105,120,134,151,156,155,144,118,673,35,17,81,145,205,246,266,253,211,142,50,53,152,235,284,287,249,165,56,1,0,0,0,0,1,0,0,1,1,2,66,107,136,141,133,102,57,0,58,117,160,193,209,200,174,132,72,7,63,151,192,234,262,268,254,220,171,105,33,43,122,192,253,297,323,326,315,279,221,147,63,26,120,207,279,342,386,288,402,368,318,243,150,49,60,167,269,352,426,468,484,471,425,366,282,174,61,67,189,304,402,485,531,556,546,506,437,347,229,103,31,170,296,621,513,573,614,614,592,531,448,329,202,52,100,246,390,511,612,678,717,703,658,575,460,321,157,23,203,379,535,457,754,805,812,773,694,570,419,234,41,10
1,31,199,42,274,493,672,800,880,881,831,942,542,328,94,149,380,577,738,841,881,858,767,619,429,196,41,265,472,641,765,828,832,757,642,462,270,61,164,406,535,667,727,736,704,598,455,288,94,100,273,421,534,592,616,585,502,395,255,101,45,181,295,383,434,450,431,374,294,203,102,1,93,180,241,1147,291,280,253,212,156,95,38,20,70,107,132,152,157,157,146,129,110,90,64,38,12,20,55,88,128,158,181,745,184,156,112,44,36,121,203,252,276,267,208,109,0,117,215,275,281,239,145,0,1,0,2,1,0,1,1,0,0,2,125,115,82,33,26,81,131,166,180,171,134,78,12,60,129,181,220,239,224,457,137,65,13,92,170,230,268,287,280,245,195,114,25,63,155,232,293,330,350,333,292,224,132,34,74,179,271,201,401,419,405,362,287,195,77,49,172,282,385,448,483,482,438,368,268,143,7,131,270,385,473,532,547,530,470,372,253,109,43,195,336,456,541,846,611,575,506,392,255,101,67,235,388,513,616,665,678,639,555,434,272,93,94,282,458,601,709,761,767,708,609,509,268,57,160,370,565,714,822,862,846,7
47,9,514,160,233,588,820,893,782,509,136,575,617,842,893,766,483,107,290,628,838,876,727,438,60,331,639,820,837,682,392,18,355,644,798,780,608,320,42,401,643,763,711,528,240,99,402,619,692,617,423,147,145,394,559,598,512,327,79,171,368,479,485,397,229,22,171,322,395,383,294,156,4,154,261,1154,285,215,105,11,116,190,222,208,154,82,4,68,120,151,152,129,90,42,10,60,106,138,150,140,96,28,54,221,196,211,178,93,32,160,248,268,204,78,84,222,293,267,147,22,182,273,248,0,1,1,1,2,1,2,0,0,1,1,80,126,128,85,7,77,147,175,151,78,23,123,193,212,176,85,25,133,215,498,214,127,8,120,221,275,266,194,76,66,196,288,317,277,173,31,124,259,340,351,283,155,12,183,313,385,378,274,134,53,234,370,432,408,294,118,87,281,427,481,436,302,100,123,330,473,524,467,314,94,152,370,511,556,491,325,94,161,391,541,585,519,346,85,167,409,572,623,551,378,122,164,422,603,668,605,422,150,158,439,639,719,655,461,172,157,465,689,778,711,503,308,174,502,734,827,752,527,187,198,548,3
106,3,133,142,140,134,124,110,99,68,49,30,23,58,93,119,141,159,174,187,180,169,154,131,104,73,45,4,47,72,107,133,148,166,172,174,165,136,119,450,51,16,17,49,81,100,118,132,135,134,127,113,94,68,40,11,16,44,61,79,93,101,96,93,82,66,51,20,6,16,34,52,63,68,67,83,52,38,21,1,13,26,41,56,58,65,54,48,33,14,12,30,48,65,77,75,69,54,32,13,17,44,66,433,81,79,62,41,18,10,38,53,72,71,66,51,21,5,33,56,60,53,38,2,3,1,0,6,1,0,3,3,2,1,12,137,263,327,319,245,114,26,176,296,376,410,397,325,220,78,61,204,323,85,463,472,434,361,252,127,7,137,259,358,423,465,478,448,393,318,229,120,8,99,206,300,367,424,447,454,432,1325,333,254,163,58,45,137,234,305,376,419,441,454,437,394,337,267,179,89,6,99,197,280,347,395,431,448,427,395,349,284,203,122,34,53,139,76,254,302,335,343,345,320,291,242,197,137,78,24,33,78,117,151,171,180,189,190,180,169,156,136,110,98,73,947,33,16,0,14,34,49,65,75,95,2
36,26,537,368,180,23,224,418,592,719,834,1348,891,852,761,634,472,283,80,122,325,508,657,771,837,853,835,764,664,525,352,158,41,235,411,551,675,750,787,306,718,626,497,340,177,2,175,331,460,556,617,643,634,581,502,404,272,148,7,126,231,327,403,438,459,446,412,354,284,196,110,20,64,134,202,1094,264,271,267,250,226,186,141,93,44,0,35,66,90,111,123,130,135,135,135,130,124,118,103,84,56,27,16,134,116,165,210,237,250,229,183,115,29,67,157,236,286,295,264,195,95,19,125,1,0,0,2,1,0,1,2,0,0,1,12,35,85,122,153,159,148,118,70,17,45,104,154,195,219,222,208,173,124,249,6,78,143,202,245,271,278,270,245,201,144,70,6,84,160,229,289,326,350,348,327,292,226,155,70,24,119,78,291,356,402,426,424,406,359,292,213,111,3,105,218,318,396,465,506,513,502,449,384,293,183,60,66,188,305,403,486,544,574,579,552,494,410,385,177,49,88,220,346,455,549,610,657,654,630,565,475,352,217,64,96,250,395,523,630,711,755,760,724,647,536,473,232,50,131,312,486,633,756,833,872,2
31,21,420,196,39,279,494,676,812,880,889,1163,700,521,303,66,177,407,605,755,848,879,840,744,586,375,147,89,315,515,677,783,829,806,733,591,418,216,14,501,422,584,682,731,731,658,540,388,204,18,167,334,467,557,603,597,540,451,323,178,28,117,236,340,409,442,438,396,331,243,143,41,60,145,214,1138,283,282,262,225,176,117,58,0,51,96,123,146,157,156,150,135,120,95,74,47,19,12,49,84,122,155,178,737,188,160,120,52,30,115,196,248,276,270,212,117,4,113,209,272,282,237,141,1,0,0,0,1,0,2,0,1,1,0,110,130,127,103,56,0,63,120,163,190,187,159,114,50,22,92,158,211,239,501,223,176,114,36,47,126,195,252,287,298,284,238,171,91,5,96,184,260,321,353,357,330,274,196,98,9,120,90,319,384,423,424,394,338,249,142,20,105,231,338,423,476,491,474,419,330,214,79,67,210,338,446,519,553,549,498,419,307,170,17,139,285,414,759,591,613,599,534,436,309,154,14,186,346,491,598,666,689,661,589,466,312,135,59,249,431,587,700,771,778,735,625,481,291,79,144,363,558,716,822,868,5
53,6,924,916,859,759,628,458,271,66,142,693,533,693,818,897,934,933,889,806,673,510,326,133,73,282,465,619,742,829,883,890,859,771,649,491,326,157,41,525,401,546,652,724,770,770,728,651,538,402,258,101,54,199,334,438,516,571,589,570,526,455,371,275,169,57,48,140,223,287,336,364,374,360,334,828,231,172,107,48,7,60,102,139,164,176,179,176,173,162,146,129,112,92,72,54,29,6,22,51,85,120,159,543,215,227,221,198,155,89,8,80,166,243,291,307,291,237,148,40,74,180,249,1,0,0,0,0,2,1,0,0,2,0,79,120,144,150,140,108,66,13,45,103,153,191,215,225,214,182,133,76,10,3,131,191,241,272,289,288,267,232,182,118,45,35,115,188,254,305,344,360,365,346,307,254,181,98,7,85,181,114,343,402,439,458,451,425,376,307,227,122,19,94,207,307,393,469,523,549,549,518,465,391,291,179,54,65,189,304,410,499,571,610,624,613,569,667,413,300,173,40,93,234,364,485,583,648,696,712,702,649,576,472,339,196,40,121,285,437,575,689,775,824,842,726,751,645,510,352,174,21,215,399,566,5
813,113,515,670,388,177,510,311,319,162,578,397,67,106,172,155,629,781,223,314,161,40,272,297,66,122,301,414,211,2,50,805,454,271,534,297,304,603,146,239,590,253,224,68,20,528,141,758,288,13,107,190,322,161,560,554,585,181,820,161,80,107,376,395,74,247,215,232,230,185,272,306,213,87,206,154,76,451,374,222,178,76,551,20,12,327,252,174,153,240,26,364,200,271,320,298,180,125,344,458,173,28,117,35,224,347,191,28,96,372,139,67,683,116,286,54,71,329,255,81,47,128,191,225,126,5,127,107,121,49,51,304,18,317,103,24,169,161,101,2,2,76,131,357,213,36,296,50,134,209,9,252,291,49,567,377,265,114,389,100,222,405,553,245,410,42,138,214,750,359,368,557,362,44,109,304,226,122,238,295,229,263,619,99,441,239,517,111,206,39,327,172,301,358,59,514,272,1166,726,361,532,254,1026,812,191,783,558,52,215,199,891,911,397,190,298,93,391,152,608,1132,1024,441,85,249,275,993,615,223,742,709,251,59,321,863,1339,929,264,277,206,277,646,55,848,1498,1054,153,128,263,972,903,155,1379,1351,440,430,515
523,149,373,109,206,138,430,75,51,215,124,730,341,372,266,381,67,20,362,99,290,930,89,149,125,245,762,27,838,242,664,240,234,146,522,235,334,189,640,167,705,247,371,54,331,118,124,285,372,174,345,464,109,538,117,274,796,91,749,100,28,28,197,463,113,758,190,55,295,194,129,45,62,94,339,351,340,404,692,74,458,30,472,313,519,209,34,403,197,41,209,105,393,226,172,465,66,329,62,56,408,22,260,135,94,103,490,16,11,355,282,77,288,51,144,181,248,182,70,163,124,3,12,322,50,63,109,138,92,96,203,26,226,116,68,80,83,362,48,205,375,102,212,32,96,93,191,372,303,419,42,151,195,507,67,495,395,146,202,98,248,223,53,284,487,200,382,276,184,256,175,523,112,25,184,186,669,487,194,263,79,161,89,106,93,29,562,120,25,103,361,236,197,368,115,407,9,291,519,618,544,493,440,333,238,113,59,80,327,516,733,822,768,735,377,59,472,898,1091,1157,929,591,136,152,590,405,158,3,277,407,267,29,525,837,1227,1290,1113,751,335,349,844,1178,1201,1104,867,572,253,26,172,334,282,329,291,523,338,322
71,1,276,263,442,212,468,59,91,506,37,337,549,155,164,774,382,830,573,617,335,123,235,688,84,696,126,341,248,145,69,610,114,204,125,13,728,687,64,297,252,353,408,11,135,19,603,256,66,573,159,379,502,79,193,458,339,278,347,412,75,791,481,279,92,564,22,134,55,84,296,350,364,684,727,106,29,295,252,136,240,22,71,223,607,21,453,191,1,58,302,39,516,40,242,537,37,274,88,285,428,529,22,715,172,246,85,314,255,311,251,99,285,190,122,305,54,51,54,65,95,7,372,196,363,198,130,33,345,317,115,47,144,11,82,33,318,11,94,120,94,24,88,51,137,271,22,201,337,115,200,532,83,209,254,2,61,186,311,438,388,177,99,578,241,40,932,99,407,58,78,13,5,198,207,29,597,113,225,33,287,463,180,396,495,479,198,273,610,412,768,127,134,441,147,318,792,1165,795,56,601,618,224,345,839,850,432,76,415,487,224,145,533,620,368,34,520,760,721,395,50,203,174,154,796,1104,1239,1080,721,392,75,26,352,784,1070,1218,1118,696,162,293,347,69,604,1122,1198,862,207,369,678,457,301,1003,1209,125,407,63
774,649,386,281,574,144,452,6,607,151,190,123,324,501,265,93,55,421,398,441,916,515,109,243,244,23,242,624,669,660,11,96,243,496,601,73,1031,1000,201,165,736,530,123,204,56,64,160,253,311,119,446,559,196,623,386,382,37,283,362,246,370,61,163,193,43,275,326,461,309,98,221,8,161,87,19,37,350,47,243,220,311,517,34,75,190,244,217,285,119,552,248,10,198,460,316,346,622,142,532,16,433,260,63,221,253,324,630,397,450,227,138,46,258,11,130,237,173,96,341,143,130,110,236,7,35,142,80,21,159,110,341,292,179,61,91,222,27,271,222,72,249,144,330,105,454,60,133,126,361,149,223,27,122,491,184,111,503,227,263,88,319,53,11,28,444,1064,293,527,244,355,224,621,64,10,123,138,369,334,173,712,410,171,369,156,161,492,73,30,107,40,184,505,708,951,53,103,1123,1242,889,288,285,760,963,991,787,407,137,159,324,395,258,82,45,135,129,95,37,247,445,511,536,318,253,141,241,723,800,897,833,613,208,222,619,861,1146,1207,999,673,335,306,865,1331,1472,1513,1321,880,255,411,1009,1328,1444,1071,765,614,105,306
856,449,144,1299,140,256,166,162,169,571,329,43,64,476,222,738,177,582,101,44,16,286,333,244,266,102,242,333,53,281,175,256,534,110,350,447,780,207,113,806,161,587,146,57,302,31,203,189,687,303,56,89,234,48,7,41,47,447,280,410,380,337,27,210,374,67,429,280,108,186,94,337,237,395,187,16,315,612,244,197,188,613,236,372,42,181,251,119,203,696,43,394,771,255,919,287,106,100,22,49,192,31,244,122,559,66,258,325,508,195,140,560,425,345,137,71,199,322,49,25,257,254,138,53,216,211,289,106,29,55,109,23,57,52,100,260,184,258,90,255,45,124,52,393,497,390,112,157,792,86,145,437,181,88,659,289,224,216,153,266,193,181,77,148,344,16,305,751,290,273,194,71,19,310,668,185,359,2,76,141,151,262,600,112,27,699,112,716,55,236,223,296,340,8,539,93,782,176,850,734,92,564,941,598,95,377,595,328,135,622,825,646,109,200,289,1,419,879,1070,873,483,50,107,23,218,958,1218,1398,1041,480,58,77,62,555,1028,1318,1250,740,190,211,251,93,657,1212,1276,936,279,412,553,171,699,1366,1503,292,511,380
48,209,397,172,431,102,380,447,301,263,157,446,497,104,640,249,213,140,589,686,379,60,225,150,441,589,338,437,471,173,212,263,537,277,278,584,634,27,979,31,255,355,521,351,229,36,211,186,536,206,825,189,427,310,249,244,221,431,431,208,279,238,243,6,327,235,487,531,159,318,454,131,344,248,541,73,439,8,156,634,433,404,440,495,65,785,181,326,162,224,209,83,58,186,1169,425,130,424,239,99,313,582,307,204,70,353,11,106,344,157,226,3,100,465,235,7,223,68,15,187,289,16,52,50,164,103,6,222,12,107,33,149,221,23,73,110,108,19,163,394,67,400,566,155,302,386,73,414,304,18,148,177,162,82,555,10,697,226,17,166,440,460,290,215,133,313,488,21,185,347,278,72,231,112,42,257,521,34,150,374,232,132,306,76,121,86,261,518,123,755,83,404,667,131,535,196,1143,1039,427,354,633,293,417,956,1036,725,197,188,160,92,553,812,989,693,261,54,128,137,459,926,1022,830,424,99,475,403,68,349,662,609,333,317,720,842,798,331,80,400,294,185,831,1397,1317,900,305,275,353,103,834,1420,1508,972,121,446,636,434
801,306,545,317,104,376,808,3,38,335,170,236,243,351,86,85,565,258,430,625,125,154,738,337,386,624,327,25,522,482,5,160,587,546,223,191,404,201,754,547,12,20,269,139,24,665,259,71,142,78,724,179,28,160,310,386,472,186,200,271,213,456,894,216,324,86,18,314,179,145,368,34,579,27,178,334,126,478,203,114,431,240,51,35,113,29,361,264,596,310,248,32,358,44,64,8,70,207,690,77,386,322,343,191,447,303,155,550,84,246,253,360,162,27,177,110,176,252,121,147,97,74,45,18,71,127,12,34,70,33,43,55,1,35,224,109,187,240,15,377,13,319,19,144,397,43,449,416,74,106,168,167,195,176,582,181,104,515,53,169,359,181,279,295,26,95,332,239,152,155,317,265,237,151,154,254,133,345,255,41,46,84,165,357,201,598,253,58,18,966,50,23,120,175,127,225,674,1006,1028,566,31,525,836,775,527,166,96,268,233,4,342,553,803,802,476,152,390,776,1087,1185,1104,681,340,24,47,496,437,295,188,11,63,94,158,468,655,842,861,755,475,78,720,1274,1470,1506,1232,612,9,426,634,484,106,387,755,603,643,36
123,277,930,233,408,153,180,406,691,165,195,446,395,789,312,775,241,318,442,80,283,237,566,117,393,178,543,151,17,29,593,766,349,187,359,12,140,528,452,497,378,69,306,160,185,339,429,182,785,761,214,535,400,193,189,34,261,315,300,183,840,374,121,346,312,104,103,289,37,29,366,186,142,277,86,441,59,320,85,73,668,86,262,579,508,594,93,146,102,610,338,16,495,320,961,1139,254,272,184,155,482,454,73,1,153,399,16,174,109,317,617,192,57,391,267,83,2,187,121,383,129,183,135,92,114,156,149,53,13,15,108,102,159,14,107,20,197,216,193,52,212,46,52,222,160,364,355,249,46,197,165,42,145,381,303,15,207,329,233,155,142,196,209,290,37,137,103,169,60,167,69,1,428,107,230,849,549,49,31,170,71,645,18,8,316,394,186,2,20,454,455,226,465,267,154,276,789,925,970,695,276,157,426,775,790,746,542,295,101,393,599,714,672,488,321,74,191,350,446,436,386,241,155,111,256,75,206,352,258,251,31,295,660,778,906,976,863,571,90,346,879,1310,1494,1487,1299,806,268,372,1048,1515,1744,1700,1342,76,317,565
241,183,322,341,91,512,263,246,2,38,143,66,84,545,315,329,581,85,260,333,218,14,454,124,264,574,277,109,141,1057,230,638,647,193,288,302,423,75,393,637,299,175,781,179,237,514,278,433,56,642,108,437,182,41,135,105,373,694,694,397,70,264,437,57,271,4,33,463,195,79,446,123,339,251,203,80,585,323,100,179,229,1089,60,261,366,359,323,360,314,266,337,232,220,551,4,156,195,107,77,333,353,692,130,42,248,164,337,141,109,422,207,119,147,320,43,128,525,121,43,221,69,157,68,106,23,125,149,161,199,172,43,57,273,7,17,60,196,172,66,89,39,206,22,107,193,329,365,247,135,127,327,137,114,285,61,138,69,239,152,228,39,87,210,32,372,367,473,96,20,317,771,76,424,160,58,255,343,11,676,205,11,78,527,7,190,712,268,237,772,463,181,331,163,573,447,62,1,255,463,597,645,636,538,557,397,323,226,15,337,589,888,992,982,745,526,189,347,622,867,771,575,274,233,132,198,444,721,890,863,835,354,154,705,994,1143,1163,1015,640,364,156,23,141,292,477,445,353,11,412,911,1313,1588,1552,1346,622,595,768
56,174,540,595,79,76,156,846,183,63,173,633,847,62,798,474,701,18,293,115,769,175,374,98,526,1,0,430,500,192,233,414,105,456,126,459,453,455,284,201,502,32,828,5,199,200,148,278,26,297,82,870,559,642,76,98,272,683,42,131,49,60,5,231,422,112,430,157,98,128,255,288,232,60,407,250,71,66,95,332,559,236,256,389,233,372,51,503,193,185,750,334,590,482,68,452,51,448,13,218,223,216,820,124,145,22,116,66,169,7,653,5,198,80,65,358,176,17,191,25,18,185,159,107,33,224,4,18,113,210,124,115,9,36,87,25,21,216,163,37,169,28,356,93,402,120,386,88,582,91,96,185,42,522,796,318,431,20,197,448,207,561,176,207,497,459,431,28,354,611,614,194,371,544,43,71,226,146,109,60,432,63,163,428,194,255,568,354,138,302,439,584,554,312,122,72,627,457,100,171,463,728,985,1128,1048,912,662,339,45,247,306,239,142,12,31,228,362,832,1185,1289,1224,841,430,24,49,253,6,234,511,522,222,249,828,1045,1334,1248,917,628,360,185,274,540,898,1076,1082,753,279,290,956,1408,1624,1589,1391,214,234,79
147,561,55,607,161,16,610,120,465,57,10,72,407,48,159,305,598,51,693,163,315,290,311,438,30,34,365,511,527,618,92,224,183,207,655,57,252,200,586,189,306,78,481,284,174,134,165,304,373,50,92,76,465,141,364,226,503,15,1,218,164,96,93,183,132,44,523,83,172,163,455,83,340,136,66,550,19,657,36,400,90,233,510,499,25,52,119,9,53,169,353,115,137,291,153,612,218,98,408,39,547,38,128,522,152,566,279,84,180,234,273,9,28,17,172,47,145,28,41,110,334,122,25,273,128,3,108,2,245,56,142,197,50,66,53,28,24,166,144,150,9,194,10,226,36,39,262,126,434,550,389,138,604,130,163,127,113,418,309,195,159,233,6,107,34,91,71,91,158,29,13,262,230,163,85,273,203,492,318,553,102,139,263,585,225,4,374,144,193,650,219,474,195,187,556,429,1056,702,165,231,548,609,510,344,59,223,357,376,234,106,225,343,448,526,351,158,47,389,626,784,820,700,448,102,205,597,750,900,835,728,336,57,346,607,711,886,829,736,462,20,345,765,994,1175,1199,952,537,30,752,1283,1685,1755,1528,390,486,16
633,517,543,339,280,255,98,74,30,13,331,21,28,196,266,502,222,406,369,449,144,111,174,173,271,38,74,322,98,697,571,427,299,266,243,420,821,208,162,754,276,335,551,432,40,452,17,330,419,675,251,141,6,521,44,301,517,186,718,232,316,737,157,175,518,258,123,108,382,424,691,5,77,436,158,523,217,612,130,24,746,290,15,56,302,491,355,359,94,307,352,434,147,101,5,151,119,40,178,463,465,206,111,44,419,279,38,5,474,286,151,82,94,72,165,120,104,38,54,319,49,2,58,261,26,56,60,56,71,138,97,29,87,172,125,58,37,2,209,36,139,517,361,305,581,375,73,141,40,197,158,236,100,314,372,162,385,442,417,77,128,227,30,77,109,597,328,74,33,221,13,259,125,61,869,11,500,185,386,251,12,175,106,139,51,443,178,550,44,61,203,73,20,247,582,209,1268,949,59,587,401,294,944,930,272,410,590,279,322,691,408,140,655,774,403,49,346,1,559,1116,1152,867,158,150,169,666,1293,1423,1136,523,75,17,488,1037,1354,1196,560,104,409,61,762,1396,1046,451,418,873,484,327,907,521,495,1480,1540,683,242,710
506,327,314,140,40,598,361,111,97,5,52,187,393,13,297,176,452,247,496,102,990,5,472,551,547,263,84,648,31,316,1050,94,493,501,103,536,358,142,182,102,99,247,304,657,640,406,195,426,167,91,140,15,618,226,413,97,139,354,334,65,347,281,627,76,94,313,209,35,105,53,399,32,48,43,146,213,129,31,109,78,248,523,124,484,480,4,624,83,213,285,77,194,0,70,325,5,201,692,173,343,292,7,209,157,269,414,191,324,119,398,331,177,272,109,7,167,8,296,106,241,144,271,137,260,9,8,291,168,91,15,180,215,97,435,132,289,161,497,395,2,96,101,136,154,352,207,121,253,242,29,27,144,319,53,734,110,78,201,289,294,81,243,138,274,314,562,100,67,273,198,126,427,154,21,135,39,278,354,40,488,254,530,509,48,359,716,111,268,435,448,836,356,526,89,313,14,1061,1093,892,501,60,523,886,1113,1008,837,522,61,367,637,975,1108,925,739,418,29,483,917,1263,1290,1170,929,484,119,287,1038,1318,1333,1278,977,484,55,646,909,1155,1185,1124,841,465,35,502,870,1044,1153,1078,924,513,36,594,1030,1371,1612,1453,646,122,3
109,362,33,1176,300,188,72,951,310,141,2,203,507,78,88,413,191,494,514,95,64,57,199,10,357,86,74,5,234,215,392,87,55,605,215,443,402,354,810,360,474,313,689,913,361,308,443,622,609,333,178,569,187,176,343,108,380,375,424,496,327,76,815,359,420,389,383,297,252,443,132,429,447,246,310,56,728,556,533,165,266,152,325,104,154,179,462,67,284,642,401,352,171,216,451,571,100,306,329,563,17,188,240,351,144,15,256,49,202,341,138,445,436,179,29,41,154,93,54,6,39,105,194,215,125,10,65,120,77,13,20,30,121,15,413,8,257,53,190,74,6,266,266,449,90,189,227,333,229,304,41,87,414,39,193,388,143,10,175,122,264,833,348,106,130,296,127,426,283,341,59,346,59,409,358,13,175,146,135,36,257,145,74,318,269,271,398,47,134,78,68,284,58,127,13,223,194,811,963,225,548,554,256,986,1097,370,216,419,4,643,812,418,322,693,544,56,386,187,351,1095,1220,821,179,177,59,788,1382,1295,687,71,298,13,761,960,841,29,660,846,372,311,578,87,856,1500,1367,603,272,197,601,1459,1573,605,681,463,669,331
573,301,380,356,530,405,748,104,190,235,2,377,834,70,333,199,790,421,362,198,86,410,179,226,240,407,456,338,14,48,406,130,398,70,463,408,411,130,148,10,244,116,251,419,307,676,779,493,540,23,854,519,554,124,213,163,652,62,662,10,116,218,91,106,271,110,201,97,555,88,51,809,3,159,295,66,647,104,307,592,378,39,130,542,185,109,108,91,555,212,588,64,317,310,397,308,177,132,4,39,441,39,105,448,4,98,462,74,27,58,276,610,154,234,58,486,101,434,581,48,10,69,71,9,117,101,27,138,53,77,198,70,193,244,43,211,101,241,11,217,180,52,107,263,61,203,148,375,165,238,184,493,6,398,195,181,503,22,451,66,425,77,342,465,234,528,44,124,272,185,251,32,220,308,514,27,53,176,500,223,88,357,301,180,207,283,484,191,368,499,77,14,162,631,245,397,1062,1166,1036,759,437,4,282,505,670,556,486,409,281,281,314,384,373,338,201,36,467,802,1170,1334,1288,859,514,79,192,435,539,339,124,69,16,256,585,803,1199,1325,1214,919,399,102,637,1010,1140,1076,899,700,459,307,202,266,200,211,98,433,249,506
94,749,555,418,263,130,27,44,115,175,192,993,303,338,410,453,508,576,608,638,683,689,650,643,597,531,462,367,248,154,34,72,216,300,414,514,596,646,701,377,793,820,844,807,800,766,690,619,516,370,225,47,149,334,514,683,864,987,1076,1143,1141,1085,1018,868,700,472,262,27,210,423,622,784,921,979,1018,1348,933,829,688,526,342,142,42,227,390,525,636,707,767,762,712,626,488,317,132,70,265,432,557,582,572,493,354,329,3,163,274,326,348,306,227,109,10,74,136,165,150,102,29,26,76,110,122,85,37,9,37,14,41,71,119,31,40,117,16,66,165,253,323,377,380,326,226,103,64,233,371,509,591,611,569,509,398,740,28,132,323,440,557,628,656,657,633,551,475,378,260,149,17,115,267,410,561,685,773,851,888,850,781,642,480,236,75,141,341,491,616,697,740,737,677,611,501,401,254,121,11,149,269,369,463,526,518,533,494,437,368,247,149,15,90,218,319,393,473,530,565,458,569,515,453,409,304,214,139,49,42,141,244,329,404,484,562,619,671,681,674,625,549,465,364,252,161,34,67,207,323,434,565,680,802,890,974,1003,1009,97
52,5,901,929,910,840,733,584,416,221,16,477,394,576,723,837,911,939,927,868,759,630,462,278,82,134,327,503,653,764,844,883,878,819,731,597,449,289,98,590,277,440,572,671,735,764,751,705,613,492,359,208,54,95,236,358,448,521,562,567,548,496,428,343,242,134,24,76,161,238,292,335,358,359,341,963,260,211,147,90,36,17,65,104,136,158,170,173,171,166,154,141,122,109,94,76,56,33,5,25,61,98,140,433,206,228,231,223,189,128,51,39,129,213,276,307,303,263,185,86,30,141,225,1,1,0,0,0,1,0,1,0,1,1,54,102,135,152,151,133,94,46,11,75,131,177,210,227,224,202,163,114,53,85,88,153,211,256,284,295,286,261,222,165,98,21,60,136,209,270,325,357,373,365,340,300,237,162,79,16,109,58,288,361,413,448,459,455,418,364,299,203,105,8,122,233,334,422,491,532,555,541,511,453,369,273,154,33,92,215,329,430,518,582,618,631,607,760,492,392,279,148,18,123,257,391,510,601,670,706,722,697,646,562,448,314,170,7,157,322,474,611,719,799,841,722,808,734,625,479,318,128,65,256,436,5
189,1164,1681,1172,322,694,1299,1468,1081,187,752,1901,1254,859,79,716,1122,1123,764,219,457,1046,1231,1005,472,381,1070,1386,1124,394,504,1254,1509,1144,410,465,1307,1478,1164,723,387,1121,1467,1183,447,501,1367,1767,1396,418,749,1741,1954,1324,151,1079,1925,1872,968,320,1523,2031,1698,625,871,1856,1950,1330,123,1133,1888,1695,832,459,1426,1498,1297,239,900,1530,1547,779,264,1207,1574,1075,57,929,1401,1112,236,810,1318,1001,147,772,1212,922,59,754,1046,711,26,117,871,488,131,617,662,242,183,408,257,28,240,252,31,359,412,154,201,485,524,152,60,160,328,70,330,224,46,8,210,366,640,539,99,425,732,554,36,582,893,625,42,778,1102,729,79,898,1217,827,35,1175,1279,876,34,903,1380,966,119,825,1304,1145,312,691,1286,1276,641,252,1080,1404,1090,288,638,1264,1356,779,166,1043,1341,1728,370,569,1265,1260,658,284,972,1285,913,33,804,1197,1037,315,549,1199,1098,469,296,946,1143,737,61,599,988,893,508,138,693,852,708,234,325,735,763,129,31,575,882,768,365,297,849,942,620,31,589,1033,1013,465,247,913,1312,1142,475,429,1175,1552,1214,328,832,1612,1663,1933,33,1220,1826,1663,790,280,1303,1722,1320,387
465,35,348,745,1107,194,740,948,268,661,849,1299,497,721,365,283,714,434,229,681,521,161,638,491,11,572,672,37,515,603,243,562,793,66,527,674,191,621,599,497,407,700,198,566,541,107,442,759,205,598,824,195,753,928,153,842,975,66,850,931,25,980,861,33,885,916,96,1015,838,206,1012,757,304,1027,613,688,964,422,522,871,235,662,744,27,675,597,194,703,379,315,634,228,395,530,47,473,375,120,444,212,275,349,15,385,178,124,244,4,197,88,96,134,38,147,38,111,105,65,110,20,77,33,4,51,39,34,108,59,68,0,63,52,125,82,142,247,299,98,336,42,304,224,136,372,127,355,389,4,432,382,145,538,270,276,565,171,420,483,2,483,434,145,560,283,359,598,134,513,558,48,618,544,168,709,437,300,691,338,364,768,286,620,695,164,558,656,1,599,492,96,597,382,295,550,189,275,476,137,368,446,14,369,447,18,420,397,34,454,381,121,472,288,235,495,201,326,482,43,375,495,14,490,421,55,508,432,149,531,368,185,624,412,227,678,460,250,710,442,259,809,450,309,809,529,378,580,447,408,933,518,549,988,393,512,1076,33
459,31,817,834,821,766,644,530,398,274,115,99,105,221,286,409,445,513,553,630,702,701,726,728,735,672,607,515,424,240,69,84,214,372,463,508,610,659,665,445,633,676,611,587,515,352,223,51,141,363,521,688,844,943,975,964,952,870,787,638,468,270,68,142,336,526,713,836,903,924,863,766,600,457,195,117,190,389,551,708,787,820,792,738,598,446,251,49,180,335,486,619,618,578,507,382,233,96,59,180,280,316,316,153,208,72,36,142,208,259,260,207,166,57,35,114,141,174,105,43,62,171,275,183,54,54,105,167,20,16,170,54,3,61,18,148,258,317,368,317,225,82,67,214,369,486,515,511,439,316,149,14,210,729,529,602,627,582,526,377,245,68,116,264,407,517,598,616,600,585,489,419,276,99,58,249,401,538,616,658,649,669,453,311,152,3,156,283,380,448,489,501,494,461,412,313,164,88,77,186,321,406,453,447,427,340,273,134,29,91,198,292,362,401,455,466,499,297,429,352,283,212,109,35,111,174,277,390,465,508,548,553,554,456,370,255,75,62,263,416,553,664,760,813,851,895,768,722,637,535,381,228,17,126,321,79
474,29,628,644,381,108,413,491,714,464,48,859,491,661,598,495,40,533,703,818,508,57,193,588,949,638,139,69,372,771,794,511,32,383,621,916,809,50,326,567,903,814,304,201,661,824,719,424,45,544,828,965,536,118,599,751,909,604,122,774,1029,880,304,273,803,974,754,236,426,903,1007,679,50,525,916,1077,575,76,581,838,835,447,3,589,825,633,247,214,585,620,378,15,354,554,391,71,228,418,330,85,121,280,233,4,29,264,268,9,174,200,198,43,105,209,151,2,77,55,6,72,1,63,165,103,28,268,13,104,42,78,52,67,98,31,113,122,306,255,11,237,294,231,33,289,400,264,56,288,388,360,92,256,459,740,237,70,374,529,430,103,253,485,563,342,7,398,574,515,226,100,428,666,641,173,316,633,736,522,15,536,780,586,229,246,642,728,398,2,363,567,548,280,7,333,540,540,225,138,381,415,392,113,194,377,247,159,36,166,362,312,41,138,280,425,319,5,271,175,442,400,71,359,590,435,352,169,264,579,649,510,167,253,591,743,544,162,208,538,799,654,334,205,701,857,657,498,198,671,814,607,226,185,496,694,675,109
584,294,793,762,642,483,255,8,208,380,513,1199,654,626,538,419,257,67,127,326,513,673,758,762,655,499,238,49,335,568,731,775,746,643,486,240,63,166,377,104,661,714,682,586,394,135,167,457,700,860,868,744,512,241,107,388,624,804,861,854,709,472,198,139,453,746,945,1027,930,672,335,109,460,778,938,1276,781,490,159,185,473,645,726,651,477,216,42,307,508,593,564,451,235,21,273,448,528,486,321,113,130,296,383,714,233,59,112,221,212,162,36,78,137,151,74,50,197,271,279,175,6,219,414,98,6,60,94,30,149,147,106,78,193,81,94,294,418,425,330,155,38,223,321,329,226,52,148,350,456,490,396,226,0,233,444,583,611,535,343,109,149,383,567,645,608,476,250,27,306,528,677,695,581,355,64,237,485,660,681,614,444,380,56,283,472,582,590,515,374,189,47,250,417,541,549,484,323,99,131,354,490,529,455,340,111,83,285,387,445,398,323,185,34,109,254,368,405,613,351,247,73,150,314,446,555,556,441,265,68,151,361,497,558,595,526,397,252,73,146,367,568,711,790,724,575,478,19,339,638,842,934,855,678,379,48,272
196,478,1430,498,692,1555,1759,1255,254,799,1475,1650,1050,237,649,1247,1398,1059,393,384,1024,1367,1240,638,213,1012,1506,1384,728,223,1059,1506,1401,745,125,994,1463,1396,839,994,957,1508,1472,835,188,1155,1655,1475,625,453,1378,1719,1308,345,777,1549,1686,1110,80,1004,1726,1707,940,277,1397,1942,1641,574,729,1744,1907,1269,41,1196,1822,1542,548,590,1443,1583,926,76,1056,1440,1106,218,713,1310,1253,482,558,1247,1312,651,328,1114,1269,715,154,848,1067,639,65,1215,688,341,159,472,342,16,296,379,143,172,363,302,56,172,266,137,84,229,156,75,20,424,5,330,335,123,120,25,98,217,553,3,582,858,653,71,552,849,643,34,612,892,679,27,730,1049,757,19,740,1588,961,228,612,1163,1108,478,380,1021,1183,759,43,844,1214,975,265,642,1219,1235,612,325,1163,1447,1046,74,943,1529,1391,460,455,1308,1531,1036,113,876,1388,1228,565,335,1024,1197,782,35,720,1054,824,232,445,872,806,319,264,777,847,517,88,594,882,648,193,392,766,788,419,592,612,795,622,171,375,742,763,455,149,639,810,671,245,385,777,950,662,84,514,987,1126,749,33,749,1252,1291,777,712,1005,1510,1372,727,300,1219,1711,1526,658,219
131,108,97,186,309,424,508,599,653,643,601,1107,413,280,166,86,20,88,153,240,294,357,385,444,477,531,583,595,618,555,443,324,165,25,235,445,590,720,756,208,738,721,675,608,551,446,354,185,23,253,478,658,806,925,967,989,905,798,629,420,175,69,325,538,684,771,833,822,787,704,578,393,177,68,299,728,680,789,828,803,699,566,377,160,90,300,515,649,729,735,640,509,301,55,164,363,530,590,567,493,348,175,4,186,301,391,417,355,254,107,49,178,253,237,177,79,43,153,238,253,213,103,18,211,63,118,45,111,83,120,25,113,2,50,351,202,10,192,365,481,496,409,260,25,196,390,518,579,570,480,324,172,6,83,287,381,450,483,496,452,374,260,102,75,232,399,510,620,635,635,566,480,330,131,91,316,518,640,687,688,634,431,403,255,103,93,262,420,575,630,664,612,516,369,207,15,172,339,451,524,543,517,419,276,134,20,182,277,366,387,394,381,306,266,199,95,4,14,197,274,352,412,436,466,450,404,334,259,123,33,126,239,358,463,573,635,643,687,669,619,537,421,298,166,20,131,349,534,671,767,803,810,722,613,472,382
73,1,831,729,593,426,244,44,154,350,534,1166,821,907,950,944,900,806,683,530,348,152,46,242,428,595,728,818,881,904,880,808,703,556,397,216,29,147,334,354,618,717,770,786,769,707,618,496,355,200,42,113,255,378,476,554,592,608,586,532,456,363,259,155,40,64,160,240,307,351,379,384,376,344,298,598,177,114,47,12,63,109,144,171,187,191,191,182,168,150,131,111,92,72,52,34,11,13,45,76,107,142,173,626,217,220,211,178,127,58,25,109,190,258,298,305,278,217,126,13,99,195,256,4,1,2,2,1,0,1,0,0,1,2,130,131,111,75,29,26,83,133,175,202,207,194,163,119,64,2,65,131,188,401,265,276,271,250,205,154,86,14,59,132,200,259,309,336,347,338,319,278,218,144,60,22,112,198,274,340,393,287,436,427,396,345,276,191,92,10,113,217,315,398,462,503,520,520,495,442,370,275,165,52,70,192,306,406,494,552,593,606,595,557,497,409,301,192,48,83,214,339,449,545,622,671,696,684,648,580,490,372,239,89,68,219,367,503,620,712,783,810,811,767,695,604,443,278,105,84,267,445,606,739,841,2
133,204,2,42,525,343,266,430,439,112,147,93,37,498,172,132,39,64,54,517,312,489,665,420,549,140,55,882,605,164,423,439,262,623,116,16,61,338,48,156,379,325,171,851,463,219,211,1144,305,149,466,356,384,313,417,18,112,193,432,1165,20,450,112,26,110,225,574,219,90,126,124,261,311,699,325,94,273,645,336,359,373,357,388,61,28,232,41,270,73,197,555,132,335,179,126,70,176,92,134,2,676,433,366,171,88,27,71,104,223,129,287,119,202,17,307,78,472,39,166,235,159,9,11,287,194,35,279,174,115,12,180,11,103,130,323,234,198,428,101,109,91,401,287,201,3,53,238,53,532,155,122,401,130,22,170,255,184,419,33,29,135,316,85,65,150,412,111,711,320,432,28,923,37,304,70,287,346,22,136,74,344,501,126,272,224,404,642,265,185,151,202,36,174,242,347,340,808,97,725,783,253,176,128,418,873,605,144,255,221,175,372,132,233,520,563,293,15,126,562,896,943,526,25,103,334,624,665,350,190,559,538,97,248,103,284,777,999,767,163,122,108,650,997,826,134,557,654,65,445,257,535,1294,1357,120,905,201
225,129,2,150,246,729,107,228,63,319,748,492,561,912,46,277,555,569,157,253,368,316,604,238,589,61,343,196,91,47,454,73,233,155,41,51,429,216,134,923,501,54,308,257,508,322,39,84,360,439,613,672,751,226,43,532,109,312,350,294,226,99,576,387,234,55,263,138,379,412,66,510,180,347,148,98,290,245,181,445,135,110,115,236,75,238,260,174,284,386,478,305,301,552,98,3,140,94,393,271,92,283,518,94,109,462,140,314,43,672,141,537,395,698,212,81,513,141,99,162,224,98,241,262,34,33,3,69,164,41,184,42,1,129,134,1,115,205,74,90,23,304,185,157,401,367,306,323,160,268,406,0,804,337,144,3,427,31,21,79,526,503,437,181,3,139,177,421,353,282,350,36,456,196,497,26,36,174,240,38,721,44,232,249,243,49,75,142,537,341,75,124,79,22,406,460,885,853,668,425,161,186,458,704,752,806,667,441,91,205,407,552,444,285,114,79,17,135,327,653,677,730,444,91,922,606,757,886,637,374,151,7,16,138,415,594,712,709,436,51,311,731,895,993,940,682,469,170,108,40,5,58,7,531,323,472
77,150,756,191,114,145,440,64,215,87,1036,356,869,581,103,442,813,204,329,406,1069,1139,170,543,486,307,292,238,418,181,543,80,453,386,82,778,311,260,175,35,199,34,257,223,1091,272,151,338,83,125,234,229,397,264,110,220,524,209,504,123,251,211,278,837,134,115,6,173,446,253,336,432,199,342,189,528,20,419,181,131,682,419,359,125,625,32,443,27,449,96,196,214,249,244,376,32,254,389,470,106,114,13,129,132,156,555,168,124,84,540,320,306,29,114,60,52,154,243,140,3,168,203,71,19,103,238,165,104,12,212,257,176,26,308,19,199,33,489,43,86,125,294,152,313,247,94,159,307,90,339,38,27,583,82,136,118,407,129,170,11,57,204,373,227,93,18,160,51,1,160,550,110,146,356,164,95,233,156,338,301,364,152,222,61,425,445,473,350,304,394,148,207,368,514,289,246,519,892,950,757,364,140,446,736,779,675,360,126,95,260,356,348,253,143,30,69,53,83,20,77,198,183,199,135,120,147,240,335,400,377,337,211,36,258,384,501,561,509,383,264,62,411,684,928,915,826,481,13,442,959,1264,1346,1153,587,151,307
4,373,384,373,61,136,62,157,422,58,109,13,48,263,353,167,478,541,340,369,622,122,140,461,206,316,58,1001,268,299,225,90,432,120,365,89,105,252,446,486,92,112,226,470,758,227,750,121,188,345,445,276,1052,274,622,6,200,671,271,389,520,463,232,30,481,315,319,408,300,82,39,175,224,277,325,275,35,297,841,458,363,344,310,77,264,297,244,699,660,100,150,212,157,90,747,40,394,215,10,215,25,309,421,531,467,138,378,402,155,259,399,183,306,345,182,165,364,271,114,331,166,215,208,277,5,127,34,111,190,25,113,170,180,63,187,175,215,132,55,189,359,164,201,507,55,322,237,244,254,108,310,367,392,215,23,64,27,108,162,1,407,407,95,392,503,214,40,71,62,779,85,735,370,95,81,26,50,22,595,96,111,535,544,366,161,186,277,510,127,286,66,226,74,206,464,356,894,1080,1018,751,426,58,318,630,845,845,661,464,192,119,359,396,424,377,241,125,19,21,173,290,423,372,275,130,130,646,901,1038,1130,891,513,134,214,328,395,364,297,92,26,100,220,429,621,822,856,766,460,21,462,941,1295,1423,1298,10,74,51
770,231,109,2,298,133,540,472,282,11,78,243,764,10,266,229,28,66,205,31,713,581,138,677,125,512,127,271,205,73,505,416,36,615,417,285,292,864,295,385,480,578,79,348,151,83,933,124,346,108,40,815,47,534,796,41,627,106,117,33,42,195,161,106,48,226,686,146,561,545,220,518,75,395,218,57,26,68,6,569,265,225,18,303,292,364,97,253,67,359,353,338,341,125,594,272,400,473,345,79,21,239,78,483,349,269,80,245,294,203,110,231,12,160,42,165,87,95,326,14,12,217,290,90,91,159,26,45,323,80,64,80,83,290,126,21,124,94,403,148,127,43,43,35,507,79,85,56,147,810,382,112,358,242,225,65,14,197,450,187,144,156,450,97,306,0,59,56,64,247,50,351,145,275,257,251,281,114,539,333,102,354,191,31,110,467,202,25,473,63,138,188,659,311,145,701,879,1022,584,14,361,191,354,700,808,574,167,211,111,218,609,817,712,422,74,72,81,463,893,939,827,431,180,89,146,435,838,1025,969,674,261,32,9,210,616,951,971,713,286,80,214,68,542,937,1160,907,320,134,278,104,826,1343,1372,707,799,717
145,294,150,167,923,439,392,664,51,110,165,312,153,409,440,484,708,781,25,199,182,435,60,345,1042,120,284,304,755,33,455,285,232,262,331,261,82,204,67,521,130,339,100,537,530,373,284,317,37,226,607,158,731,194,223,11,217,173,290,47,214,3,719,308,377,62,242,346,44,488,41,133,110,54,281,155,218,2,314,101,472,40,44,44,57,407,606,709,178,150,82,237,102,297,134,481,244,544,42,120,233,309,646,309,233,159,409,554,127,430,47,132,544,186,195,50,104,345,191,185,526,570,132,13,112,189,39,160,100,55,122,181,15,40,90,226,113,130,230,156,256,69,214,289,58,99,256,207,68,320,111,569,126,374,472,80,253,52,177,177,151,455,169,285,159,231,121,354,65,90,551,601,540,169,566,5,100,30,290,133,162,48,69,150,77,91,564,800,345,246,119,443,199,156,711,134,277,1015,744,168,470,15,556,364,354,791,665,110,144,98,589,586,30,509,507,219,98,118,626,1106,779,182,272,130,25,484,110,538,1013,801,268,50,143,674,882,581,95,619,530,10,291,124,871,1207,892,50,523,161,504,470,418,1341,1281,148,769,185
343,30,325,151,53,19,60,6,299,634,200,27,148,149,495,436,127,351,819,667,149,212,728,440,60,430,345,370,66,193,218,391,149,169,506,569,232,394,431,452,96,103,322,30,758,219,495,38,219,79,58,139,191,23,605,184,403,247,418,84,199,114,276,266,228,707,129,686,38,762,104,124,379,212,123,519,187,11,136,240,602,468,397,198,337,225,384,840,6,469,708,731,659,177,6,79,46,300,23,334,89,363,44,387,101,13,378,476,179,36,299,355,368,49,280,295,155,11,319,37,170,160,70,244,165,157,123,224,87,80,169,34,90,15,162,88,409,289,27,269,205,372,165,241,7,137,127,176,270,105,2,78,116,335,31,4,104,204,334,204,428,60,205,84,182,425,321,273,260,81,17,142,57,210,630,458,18,317,421,184,491,171,443,599,219,501,463,60,634,185,599,249,70,324,170,519,593,393,74,91,251,315,332,208,132,1,62,112,137,74,161,148,144,184,73,73,72,242,435,506,620,557,388,208,219,527,779,936,1022,903,668,152,291,588,902,1093,993,802,532,195,203,528,726,893,908,819,532,303,15,398,691,985,1054,76,359,305
685,305,143,155,220,590,445,796,346,385,544,354,211,327,530,232,131,126,783,534,395,637,399,383,321,363,256,141,617,124,35,121,989,191,254,276,191,657,241,660,14,299,164,328,449,501,948,25,616,169,415,142,606,25,290,92,82,786,478,46,527,476,576,247,231,335,213,42,310,215,513,330,581,346,67,204,278,186,14,90,584,100,91,208,435,308,101,13,625,98,413,468,53,64,42,248,217,18,294,423,403,303,175,387,103,106,138,35,388,151,434,215,202,23,329,249,555,282,48,289,105,182,250,241,47,32,17,50,111,51,16,89,61,99,259,38,87,8,33,211,301,336,409,422,46,38,384,902,533,260,209,39,405,64,99,50,141,20,116,460,75,399,340,386,104,273,199,149,639,183,245,809,26,546,12,320,189,290,202,92,97,245,418,256,378,73,697,58,754,932,173,114,649,32,584,188,72,936,922,242,389,265,458,699,502,240,661,553,46,264,76,654,872,675,212,156,137,484,805,468,117,608,577,175,34,145,405,889,1083,689,286,66,176,643,1015,803,282,422,513,30,396,491,130,838,1261,896,106,248,172,912,1211,568,542,263,409,391
414,44,545,457,289,42,162,356,521,571,636,768,525,447,314,231,95,54,243,413,608,741,848,857,833,773,612,437,224,7,199,374,534,684,823,883,897,875,736,773,329,106,119,397,531,662,780,782,748,714,564,405,149,132,353,632,815,945,980,954,865,658,415,155,79,347,563,775,863,898,848,704,488,219,71,415,548,675,725,670,552,394,149,63,305,490,597,640,636,505,363,210,4,180,285,388,406,391,275,165,71,45,98,205,100,21,33,93,113,142,144,60,22,14,51,39,8,65,125,157,165,116,56,21,27,176,35,77,99,31,162,154,73,22,21,81,144,193,201,188,97,6,79,155,243,253,270,208,170,87,20,127,236,185,365,388,352,314,206,102,35,200,302,377,442,463,396,295,122,40,214,431,572,675,711,650,547,369,123,94,350,615,683,748,730,649,478,255,47,243,436,567,672,658,573,420,218,63,146,297,405,429,411,331,236,79,65,145,282,324,362,335,290,221,74,26,88,496,204,226,223,221,219,129,45,10,99,177,264,307,370,422,405,375,334,263,174,38,65,225,424,553,664,746,753,1032,573,415,256,69,97,270,397,477,575,94
280,309,594,898,839,462,79,566,822,748,459,244,357,634,694,546,290,119,454,719,753,484,84,454,784,884,649,164,424,838,958,676,114,443,801,824,601,109,413,526,756,531,150,271,550,694,617,301,39,471,738,785,524,42,521,877,910,596,20,610,980,934,498,140,686,964,807,343,292,754,906,652,174,342,756,934,544,64,445,749,708,377,117,557,681,514,121,302,591,508,234,140,445,466,274,21,274,380,241,32,160,234,166,105,109,134,51,80,99,65,3,115,107,33,61,106,78,14,121,106,23,113,182,32,21,41,45,57,58,144,164,23,122,83,210,104,98,217,168,41,149,197,156,10,188,244,160,27,194,278,225,76,99,393,287,230,95,122,302,370,296,61,163,401,430,303,7,326,527,464,183,187,512,617,394,7,407,644,545,218,232,752,662,396,17,417,628,564,231,184,515,593,407,83,253,467,484,286,21,238,408,373,195,47,244,352,278,140,71,255,326,266,45,146,353,370,243,4,272,425,380,130,173,434,457,299,33,313,475,450,262,32,295,444,443,297,9,277,487,498,373,113,185,473,602,1010,315,91,490,742,720,444,50,566,876,152
126,238,627,831,899,876,834,784,668,519,417,643,67,171,421,586,832,888,928,945,815,740,548,416,181,17,276,572,815,1071,1201,1241,1199,1016,703,486,170,139,322,11,665,825,930,1022,1079,1045,997,834,586,311,14,410,720,1033,1202,1268,1241,1116,901,556,262,170,497,827,1116,1252,1307,1263,1091,814,433,51,391,752,1038,1453,1176,1119,930,677,360,22,284,501,765,932,952,877,692,436,138,164,406,558,601,534,392,244,63,120,252,291,285,38,91,42,120,215,217,237,169,77,21,108,171,170,131,30,76,150,160,155,62,79,46,53,316,64,105,48,32,2,124,151,75,57,10,81,180,286,363,343,243,105,7,137,203,281,258,253,217,165,106,22,59,189,348,468,611,631,565,448,229,5,250,437,645,772,823,815,736,502,311,13,285,533,762,878,906,864,660,41,55,239,543,735,857,854,769,573,362,92,124,328,527,621,685,679,618,472,273,69,86,315,403,475,514,419,401,296,188,110,36,218,321,449,484,486,436,263,157,32,173,324,413,493,560,531,541,481,328,139,41,257,390,518,592,617,695,683,672,622,547,398,272,177,206,522,743,927,1032,1034,960,760,537,425
115,17,493,318,126,461,460,152,362,590,385,344,612,622,146,488,786,444,262,830,697,14,738,941,321,524,918,616,238,900,809,63,704,838,405,372,862,584,93,350,717,246,465,793,490,149,761,763,50,708,822,312,506,993,555,344,924,741,56,891,946,155,715,971,446,501,1044,591,297,909,766,72,841,807,75,1619,832,224,579,790,290,426,726,373,350,708,355,262,602,398,200,569,361,168,454,338,106,383,282,110,279,162,64,3,108,100,112,7,71,33,39,69,6,74,24,54,45,9,50,21,49,80,36,35,80,29,63,23,31,0,231,72,22,19,171,191,0,208,200,12,246,256,23,282,261,18,282,283,2,317,327,22,284,299,87,293,415,142,231,410,256,194,469,354,100,490,455,9,471,560,118,468,642,188,429,666,282,416,718,333,366,802,356,303,694,429,254,684,500,148,607,516,67,546,536,64,465,556,123,378,533,169,309,419,231,226,421,178,172,318,189,105,353,166,139,352,234,444,339,354,7,360,400,126,314,532,248,235,514,377,50,450,464,93,336,474,244,187,407,323,0,371,420,136,264,1168,276,143,428,327,65,407,425,39,369,214
272,351,1034,332,595,1002,578,262,858,767,138,1808,929,517,302,956,863,54,894,1124,359,748,1286,732,470,1244,992,122,1154,1217,259,933,1293,597,655,1329,904,263,1186,1060,78,901,1073,395,480,994,724,76,860,958,302,657,1099,565,447,1171,831,289,1148,944,90,1099,1099,103,993,1185,282,884,1246,472,791,1295,597,665,1308,655,578,1195,711,402,1065,680,295,925,663,167,788,605,149,730,603,112,667,490,199,614,395,204,528,225,241,377,68,398,205,141,230,10,290,211,172,347,115,289,287,26,278,132,219,237,123,378,95,10,248,242,24,90,0,12,26,81,5,67,424,428,129,462,118,426,432,146,623,383,311,696,346,351,645,312,273,564,311,84,454,353,67,409,399,21,420,482,18,508,583,32,604,699,72,651,848,159,751,940,209,745,1008,220,794,1035,247,1082,1008,223,716,964,274,556,854,346,416,732,483,233,700,570,129,675,631,6,633,652,17,594,563,32,536,454,108,477,347,46,433,357,23,334,394,456,301,492,278,223,587,418,170,668,555,91,667,662,42,615,727,184,501,676,318,316,671,455,121,605,607,73,542,1075,328,489,920,578,342,1036,802,197,1023,145
89,26,456,514,589,608,612,624,586,544,505,925,343,239,114,30,208,388,573,725,848,951,976,962,903,807,633,478,288,101,64,284,450,599,719,794,841,831,767,38,581,469,336,244,131,6,87,217,349,474,612,719,798,842,817,768,656,509,330,109,108,320,523,691,840,909,936,884,787,636,437,222,17,274,501,1508,860,935,939,874,745,547,293,35,210,424,589,689,723,677,569,416,268,92,76,161,268,331,298,270,194,114,17,98,118,135,120,74,3,73,141,167,167,118,37,19,117,163,205,199,175,131,99,52,19,1,75,26,36,58,110,56,125,191,330,315,266,141,25,93,200,261,286,290,224,157,73,5,107,183,248,307,350,97,345,299,221,115,17,147,282,399,484,528,534,503,414,300,143,0,191,342,495,598,679,699,679,606,474,308,122,12,316,478,640,721,743,666,572,386,224,24,169,326,443,511,492,465,409,301,215,72,25,150,258,346,405,436,440,413,337,249,179,51,14,129,207,36,361,392,436,404,397,363,277,195,70,47,161,263,354,439,481,451,471,415,408,328,234,148,97,21,129,262,401,315,582,643,659,634,569,476,343,186,26,221
706,1061,126,460,740,957,1098,1181,1178,1083,967,1458,555,261,51,349,670,922,1104,1206,1226,1126,1007,831,619,359,50,238,522,802,1024,1201,1270,1242,1161,958,751,487,203,350,328,643,854,1078,1205,1284,1278,1137,886,564,212,146,498,798,1043,1218,1273,1180,1042,813,514,137,323,737,1095,1312,1427,1406,1229,963,550,120,339,754,1067,1045,1409,1337,1195,879,509,77,333,670,928,1038,976,854,614,366,98,136,308,431,485,507,435,377,252,109,5,116,207,476,224,144,50,17,87,96,68,10,103,142,172,128,57,42,94,95,26,106,277,39,162,200,48,83,89,30,44,46,133,45,21,159,244,227,149,21,117,254,326,356,292,235,120,16,115,271,391,494,499,71,330,209,7,203,405,543,623,627,558,441,296,78,161,419,636,820,922,960,868,677,384,9,332,605,857,998,1020,1326,788,481,188,112,411,670,829,920,886,760,550,291,24,251,536,728,810,796,740,566,333,120,124,337,474,520,513,513,410,309,170,91,12,115,203,54,404,458,428,320,235,96,115,293,429,522,577,525,450,366,252,99,100,230,395,529,673,776,796,797,702,517,301,1047,190,411,630,820,921,986,991,986,915,485
247,976,51,126,295,449,609,715,801,894,948,1029,1015,1041,1004,992,928,895,808,727,626,501,391,231,83,129,338,547,726,952,1156,1295,1425,1488,1525,1512,1473,1338,1183,766,762,498,287,39,207,417,636,813,980,1129,1197,1272,1269,1263,1204,1122,1006,856,637,446,191,58,313,580,830,1013,1204,1308,1364,1379,1323,1187,984,738,488,196,91,391,650,857,1037,1102,1130,1082,989,821,646,447,214,27,148,313,416,485,486,499,437,355,256,164,60,8,55,235,89,45,13,52,86,123,142,144,92,20,51,79,105,115,100,68,34,8,35,372,322,337,2,49,134,13,67,114,13,19,26,157,254,328,402,380,334,252,148,20,108,210,314,380,431,441,434,390,333,141,143,26,111,220,370,470,552,628,659,684,608,561,448,313,129,54,220,375,524,670,748,810,829,822,758,633,478,65,85,133,366,583,765,898,978,1006,967,893,697,517,296,43,202,392,582,708,776,806,775,685,560,423,230,67,122,241,355,424,502,515,504,512,474,1,385,310,239,198,132,36,76,180,246,340,391,437,501,561,541,544,519,475,413,323,210,116,21,138,294,442,575,1563,804,943,1006,1032,1042,1015,955,858,753,317
275,191,43,220,359,514,598,685,723,733,749,935,622,472,380,230,52,150,271,490,649,792,928,951,974,929,818,645,438,166,124,403,613,821,952,1002,989,892,731,726,422,222,50,128,307,463,534,697,804,853,842,752,662,497,266,11,260,528,742,892,987,1011,906,798,591,317,63,197,457,684,845,961,952,867,751,457,322,42,245,489,695,786,842,812,681,460,221,22,234,427,576,604,588,484,328,142,39,208,341,382,389,312,234,380,49,115,186,221,205,157,73,0,3,32,6,29,70,126,138,90,32,52,128,48,7,10,41,32,21,65,38,153,68,181,156,81,8,92,145,167,134,80,5,62,181,234,285,265,223,149,48,37,130,219,296,339,333,324,272,200,60,37,140,274,376,449,473,474,381,330,170,31,178,369,515,628,668,642,597,422,234,168,184,389,548,622,656,617,478,346,183,45,163,335,435,417,475,439,326,221,12,105,248,313,439,417,369,310,208,44,99,220,280,329,375,377,340,183,232,164,96,1,82,157,274,349,385,470,453,397,324,253,117,7,133,277,364,396,455,521,511,433,401,310,246,587,94,255,408,536,681,702,702,679,596,99
94,400,951,149,1037,965,133,1098,864,79,1008,1755,23,938,1078,104,1015,1108,124,1040,1197,138,1044,1173,166,1061,1208,150,1038,1217,177,1034,1191,95,1097,1150,61,1076,1067,971,1047,1063,25,974,1070,73,978,1087,131,1028,1163,109,1088,1252,48,1201,1233,55,1387,1246,243,1512,1160,519,1635,976,759,1685,687,1022,1589,403,1202,1377,79,1485,1163,240,1239,842,400,1149,538,584,1000,226,730,742,99,773,482,358,744,235,535,620,39,589,438,250,559,189,353,217,30,315,211,100,225,31,131,72,39,36,22,1,17,29,128,37,177,174,80,10,2,31,201,115,89,22,161,13,209,68,365,1,334,218,193,362,38,359,305,136,443,210,267,477,104,364,445,16,423,461,90,464,264,233,480,155,400,503,43,582,471,248,735,395,467,823,282,622,874,138,778,801,9,819,742,122,861,306,291,843,451,450,821,179,621,695,30,783,575,335,815,386,529,792,155,626,690,4,619,541,70,557,392,160,464,249,175,407,171,210,382,66,320,594,73,429,331,189,506,257,285,601,260,344,590,253,390,680,279,399,733,300,475,738,267,548,772,151,595,764,108,733,714,115,714,766,32,743,856,39,901,111
49,168,50,5,109,21,248,483,264,111,393,515,663,405,500,395,5,61,45,156,21,498,338,482,77,298,161,547,177,470,548,628,1328,21,272,285,704,435,131,232,155,418,567,660,528,258,500,394,426,189,73,291,646,381,224,53,218,29,383,89,16,189,67,376,148,25,578,407,268,207,18,84,537,784,462,324,398,126,319,436,50,53,425,189,602,222,178,19,51,56,86,296,276,463,406,156,636,327,886,252,401,18,282,301,45,420,98,249,76,137,254,10,248,66,231,56,343,6,130,48,56,180,413,225,190,83,199,37,3,147,155,95,35,417,181,87,74,236,172,253,49,119,72,535,36,554,264,41,159,380,172,67,391,80,222,46,36,165,111,366,105,24,25,239,180,170,205,220,8,9,294,102,59,131,193,70,137,9,19,348,13,426,176,532,319,232,205,91,27,44,201,220,647,117,404,509,548,224,212,401,564,445,249,89,373,603,549,585,353,70,222,470,602,611,568,360,180,200,554,699,804,709,626,301,59,233,451,576,636,652,468,296,113,16,177,289,328,290,326,294,332,198,27,81,234,410,476,440,325,10,334,652,918,180,17,541
687,76,443,647,816,912,1018,1042,1060,1009,934,1194,745,570,451,270,65,142,360,554,808,985,1142,1254,1307,1336,1303,1205,1079,870,652,383,114,193,455,729,889,1045,1070,968,1060,1056,995,985,826,752,580,407,132,170,507,774,1065,1229,1434,1463,1492,1404,1278,1080,812,511,165,160,456,737,953,1145,1196,1243,1231,1126,963,770,528,579,33,354,637,862,1036,1147,1147,1068,889,660,361,52,220,505,686,805,833,774,658,458,234,6,186,332,425,444,403,439,192,126,8,70,108,101,62,16,53,102,106,122,102,54,5,58,91,99,104,76,113,257,124,103,164,73,183,140,108,20,176,51,67,200,313,338,339,254,136,16,182,323,452,524,549,512,459,381,273,133,28,122,270,373,490,573,611,595,553,486,350,180,23,127,339,503,654,769,851,867,802,663,451,167,104,411,668,655,1080,1171,1137,1056,874,664,363,102,181,389,560,658,682,679,644,539,437,312,178,61,77,267,369,497,551,598,557,480,371,236,73,107,239,337,442,285,439,415,391,294,240,123,14,92,188,239,367,459,570,612,715,750,754,711,669,557,470,337,199,17,148,366,539,955,917,1091,1171,1222,1156,1096,901,727,438,125
115,35,342,185,578,739,539,146,283,601,639,1176,35,373,694,698,412,83,594,861,736,244,356,872,958,649,6,630,1005,912,407,274,815,1002,734,137,483,918,911,466,128,678,938,713,178,451,875,837,396,234,736,901,554,9,626,915,765,231,460,931,926,470,214,860,1032,714,8,715,1102,904,248,548,1053,1030,443,523,950,1044,561,186,840,989,656,70,676,935,644,12,582,836,581,6,543,725,469,75,488,576,298,116,411,391,119,69,275,151,64,171,108,43,143,120,24,148,124,20,89,90,3,89,70,44,156,77,163,116,62,57,37,41,131,67,11,51,81,166,150,44,121,177,107,60,205,198,65,123,216,214,113,22,138,248,238,341,51,260,392,281,14,330,456,285,95,441,508,233,230,571,567,227,287,679,714,323,222,676,764,468,87,567,739,469,54,426,642,495,94,351,542,436,72,320,527,389,73,319,526,445,110,255,499,463,177,182,435,423,188,163,354,343,121,171,346,309,67,237,405,465,114,215,447,472,254,85,395,524,404,131,262,490,541,344,4,364,586,543,247,182,561,713,504,45,484,838,756,772,394,854,923,491,158,752,942,672,108,202
591,48,646,401,1116,1074,284,605,1062,859,82,1901,1088,746,142,927,1089,473,472,1120,965,170,756,1157,713,213,1012,1073,403,589,1206,908,20,957,1239,620,428,1166,1059,1040,810,1203,832,136,1025,1231,583,554,1306,1164,81,1061,1487,750,577,1493,1274,58,1242,1564,662,758,1541,1136,125,1317,1451,457,828,1478,966,287,1328,1271,214,797,1396,658,626,1333,972,200,1150,1137,185,868,1152,498,522,1031,700,176,805,735,66,559,614,129,394,436,54,301,287,210,325,248,133,324,214,87,250,151,29,80,57,36,69,54,76,186,128,109,254,392,75,266,176,3,24,39,135,253,68,6,391,2,346,302,42,325,175,180,353,119,305,461,181,285,583,357,163,584,537,509,471,616,292,243,581,452,33,504,528,116,398,581,259,370,713,472,273,802,700,11,782,928,301,597,1012,633,259,1298,879,97,722,950,403,425,904,613,141,759,724,112,610,780,300,413,750,432,232,685,577,1,535,543,115,395,539,264,268,505,340,116,495,436,26,911,597,250,346,697,532,11,598,739,433,251,843,851,240,627,1105,696,213,1056,1077,277,717,1135,749,200,959,1058,368,323,1114,924,6,960,1270,572,515,1310,1071,174
325,164,587,24,351,97,46,36,37,679,188,401,130,221,27,350,39,93,125,330,81,263,121,278,536,149,20,380,148,166,21,362,505,350,75,5,263,79,197,660,64,237,400,128,460,46,87,229,547,110,578,318,298,110,171,253,146,370,105,116,18,788,2,778,382,284,231,38,320,167,83,115,61,250,85,286,551,212,236,198,4,8,46,42,71,49,147,159,9,207,87,131,16,113,113,98,37,409,56,129,36,245,173,19,218,154,189,20,140,149,3,301,113,124,273,111,16,133,94,104,41,23,14,52,54,5,27,110,30,25,0,110,13,69,336,3,100,73,17,28,108,116,34,69,314,102,163,38,56,63,8,34,129,45,378,171,145,255,335,121,352,149,240,221,237,265,108,299,188,14,158,164,124,358,236,72,287,103,12,185,95,347,87,109,168,181,75,288,72,314,521,304,66,107,1,550,393,251,708,611,65,417,682,664,158,580,509,195,339,653,554,248,381,713,651,214,273,825,767,479,185,740,843,602,215,665,987,812,241,582,971,394,431,308,870,960,522,245,858,1069,745,119,702,1101,897,719,607,1097,904,224,655,1195,1023,63,157,27
175,488,550,345,151,59,249,410,574,710,788,1534,818,775,704,550,384,171,66,279,524,717,850,935,962,908,772,606,406,148,124,351,539,717,799,855,846,788,674,349,343,154,58,281,482,630,801,866,895,869,765,630,387,146,137,411,651,850,992,1052,1022,898,711,437,130,215,497,775,967,1080,1053,939,736,444,118,130,542,799,935,992,926,774,525,234,52,338,564,704,762,714,612,433,207,7,195,359,429,454,388,285,164,36,77,174,217,186,165,112,67,25,10,19,3,21,43,47,36,9,4,43,79,83,91,46,66,127,66,116,168,2,49,137,50,148,12,77,172,258,302,313,284,202,94,21,142,229,272,269,233,129,8,103,228,338,343,374,351,288,169,58,84,210,345,421,482,481,430,329,192,27,134,304,463,536,565,516,437,287,117,95,265,600,506,570,557,482,387,220,18,137,309,412,495,499,449,356,199,43,124,262,379,418,417,369,242,110,39,187,335,426,462,471,405,283,139,6,169,93,426,484,504,481,408,306,168,33,118,214,318,391,470,502,529,494,449,382,286,138,42,208,430,609,752,842,875,1059,684,497,259,19,305,554,740,862,942,233
112,321,190,749,803,327,433,949,771,32,719,1384,517,236,790,807,362,303,782,756,278,380,818,717,161,503,858,645,25,587,842,545,109,726,882,386,344,868,738,179,544,835,564,93,688,802,362,300,767,757,215,495,907,698,74,797,994,436,439,1024,890,65,828,1144,584,430,1131,976,85,848,1168,605,425,1124,952,455,867,1062,461,468,973,740,54,755,828,269,450,752,413,196,573,445,25,393,377,52,258,293,97,162,233,94,80,32,94,68,149,102,42,99,32,39,56,2,45,10,67,36,79,153,70,123,225,10,134,48,14,52,0,18,14,37,17,77,140,15,91,59,77,159,53,140,237,115,130,296,182,61,283,283,71,213,338,253,131,362,300,49,373,363,52,308,436,208,190,453,388,30,424,533,219,298,576,429,81,492,495,123,339,504,264,225,420,357,2,346,403,138,229,407,270,91,425,429,69,367,496,239,217,494,388,13,376,465,174,220,449,293,119,369,325,40,308,316,60,255,379,182,161,404,365,41,302,479,360,78,529,625,296,304,693,589,59,506,697,427,91,583,631,346,176,588,673,297,376,865,648,30,662,798,344,357,810,659,58,351
146,117,110,20,59,171,250,339,391,454,531,724,614,644,691,716,748,773,827,848,857,871,890,881,899,879,837,816,753,700,595,489,425,269,207,65,40,130,244,203,408,507,558,630,665,735,815,852,898,940,981,973,993,941,923,850,806,710,612,512,338,224,57,80,251,380,515,676,776,869,933,987,999,1002,983,1009,848,740,597,470,314,160,5,143,285,402,511,603,651,670,652,615,569,471,377,246,111,19,72,156,239,236,240,265,147,89,21,52,115,158,180,175,162,123,93,43,11,49,71,86,77,54,21,66,82,7,30,57,0,134,56,87,133,184,50,30,28,68,120,159,177,186,163,156,129,63,24,40,99,166,214,295,347,225,417,397,408,403,326,270,165,62,30,128,209,322,405,511,563,612,669,692,694,652,613,519,409,265,128,19,176,416,460,557,606,655,712,706,679,614,534,424,296,195,53,66,181,288,386,441,502,530,514,527,518,489,449,432,377,286,223,166,102,11,75,171,228,373,379,439,476,527,549,559,585,546,520,470,415,340,302,232,161,123,60,19,88,148,246,303,397,512,585,694,790,915,927,959,968,962,932,878,775,688,590,297
330,303,663,813,435,300,761,676,145,497,770,890,52,650,807,426,244,827,814,228,568,956,692,84,799,992,442,399,943,827,149,625,951,598,119,774,873,368,362,465,703,78,561,800,470,206,711,703,194,447,784,545,129,737,819,276,521,981,698,196,967,999,219,746,1143,630,347,1033,878,62,748,945,420,374,837,846,30,625,707,219,439,716,396,271,706,509,134,695,651,21,614,743,225,469,710,334,297,591,352,179,435,231,146,583,84,220,246,4,282,253,35,276,227,39,180,97,52,67,93,162,5,255,277,68,54,49,73,196,68,37,136,114,149,165,65,103,110,68,240,144,137,339,230,130,370,300,71,388,356,8,352,405,105,421,437,181,234,449,257,168,475,363,75,463,479,48,438,606,237,330,670,453,136,680,653,112,561,791,365,369,771,115,116,688,664,114,499,674,283,322,634,415,139,543,510,42,441,556,211,311,538,330,149,491,433,13,364,425,169,253,429,241,125,395,352,11,352,71,163,287,580,368,135,579,602,128,485,725,473,205,709,721,159,499,832,556,123,671,775,323,397,825,660,3,665,861,403,318,843,744,49,675,927,437,360,254
268,345,572,375,957,676,234,930,790,80,845,1272,51,724,840,230,555,849,407,380,829,564,217,818,724,62,822,818,25,785,846,98,733,830,162,647,808,238,506,624,342,348,763,499,245,797,639,137,835,781,21,877,891,39,877,969,128,853,1036,214,814,1054,283,766,1054,312,734,1071,364,705,1057,356,693,1028,338,805,980,304,669,921,251,648,851,178,642,759,96,613,633,41,609,494,158,577,326,253,485,133,297,331,28,290,136,234,196,46,229,59,171,196,53,223,107,108,158,9,105,9,118,12,207,174,135,91,190,0,75,184,47,75,54,19,162,16,373,78,288,246,136,354,81,313,337,88,432,268,240,494,177,352,498,74,444,237,30,512,421,103,543,388,177,558,355,238,597,324,296,653,326,348,698,330,449,793,325,520,869,289,621,886,237,691,902,158,725,838,81,719,745,2,697,625,50,627,530,98,611,485,119,567,452,135,556,412,171,570,382,206,577,348,210,574,337,228,562,335,236,447,353,221,612,408,217,658,467,206,706,513,212,765,569,185,788,605,182,807,663,145,815,699,77,804,761,10,793,1036,80,773,888,169,704,928,294,617,965,140
52,135,567,886,280,677,844,33,756,686,76,710,607,130,705,578,216,733,508,260,772,482,412,889,374,538,916,238,693,864,77,808,746,115,829,599,288,839,511,161,822,437,441,840,360,559,861,177,710,851,4,887,769,255,1001,581,547,1050,326,806,969,8,988,845,301,1078,590,568,1063,306,831,968,71,1029,764,262,1057,462,629,954,125,817,745,235,870,411,485,712,43,604,424,254,529,99,386,308,170,332,10,290,170,164,232,77,221,82,120,133,26,98,48,32,12,11,49,53,37,136,47,125,153,38,185,4,49,33,113,23,9,22,116,120,26,291,88,227,236,58,309,115,253,275,70,339,117,268,318,83,404,193,292,414,20,845,340,222,513,162,434,521,77,620,389,351,683,160,611,601,166,763,403,428,771,132,704,639,200,835,409,494,776,144,715,672,187,798,449,460,775,124,667,612,216,763,364,466,669,19,599,451,255,620,231,396,546,3,497,374,213,494,187,340,474,46,403,431,86,441,351,278,638,296,449,686,122,636,677,94,780,572,313,875,400,564,904,172,750,839,33,872,725,269,983,580,459,496,343,705,947,159,820,872,115,948,689,60
715,375,116,1368,1562,496,957,1616,987,326,1383,1576,281,875,1336,825,216,1030,1128,519,442,1156,1087,187,916,1327,728,439,1333,1164,145,953,1338,689,412,1162,1089,273,701,216,805,184,1046,1147,405,682,1228,847,192,1111,1207,313,845,1366,863,374,1412,1347,228,1193,1627,736,743,1693,1204,226,1524,1512,242,1188,1590,707,687,1513,1040,351,1318,1260,144,1022,1318,506,700,1271,679,434,1126,769,228,937,744,122,775,641,52,621,556,13,487,439,2,364,331,561,247,244,9,159,136,4,93,51,4,16,44,29,154,146,54,298,265,82,421,7,2,30,37,108,72,100,31,149,12,71,123,79,228,55,277,366,17,402,457,39,477,550,51,504,596,107,510,652,191,660,731,301,480,848,431,415,912,582,294,930,740,138,958,932,100,928,1153,385,781,1322,738,508,1343,1071,129,1179,1208,511,874,1190,538,574,1150,740,322,1057,832,82,989,946,81,906,1034,280,747,1092,427,562,1063,616,325,945,712,62,770,787,187,559,796,357,305,762,586,166,684,789,261,488,900,568,241,916,822,58,736,992,410,480,991,726,150,909,948,264,664,1115,632,371,1091,931,37,622,1219,554,552,1288,1065,29,1122,1432,623,241
30,292,1232,835,230,1155,1243,303,860,1389,778,451,1232,1108,228,828,1188,785,183,1002,1243,594,577,1414,1244,123,1196,1625,829,642,1617,1414,163,1170,1652,939,482,1605,1544,594,1189,1845,1078,519,1629,1524,203,1181,1771,1000,497,1679,1589,181,1412,1926,837,940,1931,1380,340,1708,1699,291,1330,1823,918,745,1835,1439,148,1611,1732,402,1268,1964,899,796,1808,1256,302,1565,1481,105,1265,1418,401,885,1301,501,608,1086,544,412,862,459,319,680,379,236,520,296,184,60,221,98,258,131,122,178,106,67,90,20,23,14,12,112,121,47,251,184,167,41,120,140,106,211,40,200,51,80,40,35,505,89,409,423,38,456,354,82,493,404,101,566,494,113,673,587,95,681,667,379,624,743,230,458,783,460,286,842,693,94,891,894,92,875,1070,269,745,1179,564,538,1168,845,268,1151,1070,21,1021,1619,360,803,1268,608,570,1281,863,258,1132,998,98,875,1076,384,541,929,593,253,775,666,3,553,587,82,414,548,246,314,574,356,225,622,448,140,628,825,0,538,755,310,287,659,555,98,461,719,486,191,818,835,144,705,997,426,491,1022,749,107,901,991,387,599,1162,1264,192,1113,1209,293,827,1297,710,340,1155,303
80,81,704,567,383,237,26,180,464,620,749,1125,812,724,655,548,311,152,97,251,476,648,805,833,949,905,780,640,459,175,81,358,550,735,839,967,987,958,794,475,385,226,80,384,670,908,1091,1166,1172,1044,788,493,135,257,600,907,1092,1220,1267,1136,942,649,286,109,497,840,1100,1236,1308,1174,950,630,227,205,565,1196,1108,1165,1115,959,694,379,15,306,611,810,889,920,802,584,355,64,214,479,580,633,604,492,289,115,80,235,305,11,252,165,9,10,133,93,99,40,21,52,51,20,40,113,164,179,93,21,87,80,124,123,12,27,49,18,47,36,4,5,439,425,325,160,45,189,298,354,315,274,144,7,150,240,336,389,400,334,262,124,19,206,386,496,543,581,513,332,158,52,315,522,650,754,722,594,363,150,147,387,644,810,890,861,722,553,279,140,255,516,681,865,839,717,546,310,0,229,432,675,696,648,583,368,199,25,245,402,580,598,592,537,445,303,156,11,167,334,487,501,551,559,404,168,172,55,175,326,443,462,489,456,330,205,80,34,135,280,427,509,566,604,592,593,411,243,34,232,432,707,823,886,868,816,667,382,144,46,332,544,630,204
507,11,1169,1027,251,727,1203,900,76,837,1120,873,80,855,1180,671,217,1037,1130,556,442,1233,1207,484,652,1360,1192,372,818,1473,1140,98,1006,1479,1074,99,1096,1415,822,32,1195,1452,697,408,1399,1421,471,893,1642,1302,35,1297,1716,855,725,1758,1606,310,1297,1853,1299,227,1595,1819,735,846,1809,1526,199,1247,1750,1004,435,1592,1495,485,973,1590,925,336,1392,1364,349,871,1398,822,287,1074,1053,176,666,984,524,225,696,564,25,444,450,34,320,352,98,69,216,79,109,94,40,120,41,144,154,10,116,89,36,92,20,214,205,84,373,36,32,49,35,116,98,127,72,107,174,152,50,360,376,38,316,243,145,460,339,166,551,475,33,524,644,316,230,629,492,278,546,633,265,331,701,533,84,644,721,307,406,864,631,70,780,895,328,482,1093,813,62,907,1094,489,544,1222,919,325,1004,1172,464,584,1148,859,146,959,932,285,616,913,587,210,755,762,169,575,774,465,220,661,577,220,307,646,445,79,355,551,302,77,395,490,75,279,432,308,134,510,453,29,348,593,314,119,581,561,224,309,620,501,52,462,690,406,130,737,815,439,351,858,885,638,552,1059,849,59,826,1173,755,220,1047,133
59,122,1074,895,99,743,1118,804,39,937,1198,944,357,1126,1174,439,604,1230,1060,190,788,1277,937,13,949,1310,869,121,1123,1374,746,364,1297,1356,564,631,1401,1282,303,162,1497,1077,44,1165,1474,818,378,1323,1407,500,768,1504,1177,54,1136,1473,834,412,1361,1370,397,892,1531,1058,121,1224,1464,710,568,1451,1289,246,1031,1505,911,455,1289,1254,304,833,1294,781,331,1101,954,63,795,937,291,522,835,442,272,706,533,19,558,564,110,337,458,214,115,212,201,1,111,100,47,5,33,5,62,126,95,47,169,160,3,172,207,51,171,95,76,24,134,74,38,35,183,72,2,102,237,125,403,319,29,326,316,45,251,313,47,269,357,119,272,445,232,218,543,205,63,532,610,206,375,682,487,116,671,708,185,520,805,504,229,850,823,123,712,1042,534,384,1084,980,79,875,1214,318,398,1147,1021,121,835,1150,592,378,1006,840,56,692,874,331,402,739,451,166,623,497,37,521,565,134,400,588,331,169,541,446,109,279,484,325,27,363,380,211,36,312,352,178,135,378,364,87,305,496,294,115,484,514,134,398,690,504,97,690,784,299,428,896,755,1227,712,1002,585,221,924,977,423,416,991,206
8,29,202,0,199,394,567,707,818,873,892,1220,773,647,485,299,97,105,306,487,646,775,849,874,858,779,665,522,354,168,31,228,408,556,684,756,795,792,738,528,509,351,174,6,173,335,474,579,646,668,655,600,518,408,284,148,2,130,255,355,428,471,487,473,436,370,291,200,106,11,75,155,227,271,303,1151,292,266,229,188,139,87,34,12,54,91,116,132,145,147,146,139,132,126,113,100,81,65,36,6,30,69,110,311,186,211,225,216,189,132,56,29,119,204,261,291,285,239,157,52,61,162,235,3,1,0,2,1,0,1,1,0,1,0,23,71,115,140,155,146,116,75,19,40,100,150,190,214,215,202,162,115,55,91,83,147,203,246,267,274,262,228,184,122,50,27,108,178,241,290,329,339,336,307,260,199,116,30,61,151,239,163,371,409,423,412,379,325,248,155,54,53,163,264,354,426,473,500,499,465,413,325,229,114,10,137,256,363,455,519,560,573,551,507,435,336,222,68,49,179,311,422,520,587,633,640,627,570,488,381,250,100,55,213,366,494,602,684,731,745,723,654,553,418,256,226,99,280,449,597,724,806,854,847,800,6
54,34,355,569,745,865,933,939,890,763,607,418,167,77,313,530,707,841,917,939,896,789,631,433,211,36,267,475,655,787,871,889,853,747,609,419,209,1,227,407,594,717,773,782,748,654,520,351,165,26,210,369,497,585,634,637,589,509,393,249,105,41,173,287,379,434,459,445,402,341,264,169,72,23,107,962,228,260,275,276,252,215,168,116,64,13,30,70,99,123,136,145,140,143,137,129,118,101,81,48,7,36,85,205,187,219,242,240,203,142,54,43,143,232,292,314,289,220,114,13,132,230,279,3,0,0,0,1,0,0,0,2,0,1,116,137,134,115,71,18,45,107,158,195,209,193,162,106,41,34,108,172,227,487,267,253,214,155,81,7,85,163,237,288,320,326,308,265,197,115,23,68,163,248,322,370,395,391,360,297,218,181,5,107,219,315,391,450,476,473,438,362,272,153,19,114,246,364,456,520,552,542,506,433,326,196,52,95,239,371,477,555,605,613,587,522,420,355,144,12,173,323,458,565,647,685,682,633,548,428,278,104,78,260,433,572,683,759,787,760,699,572,417,226,19,6,398,572,720,822,881,878,823,707,551,20
32,28,332,575,758,887,941,914,834,657,451,91,84,341,579,767,884,932,916,822,655,445,185,75,332,565,740,853,909,880,780,615,410,154,89,329,544,695,805,228,790,685,516,311,98,130,337,516,633,693,705,639,536,384,214,30,148,309,432,519,550,524,476,380,257,123,14,136,246,323,373,386,371,324,258,265,69,8,90,151,196,224,233,221,194,154,108,66,24,21,53,83,106,121,132,142,143,144,134,111,77,34,22,83,147,198,234,244,231,174,87,13,121,223,286,313,282,204,85,52,174,262,289,3,1,0,0,0,1,0,1,0,2,1,86,125,145,138,108,55,12,78,137,187,205,199,168,108,35,42,120,194,240,513,262,223,163,85,11,98,180,250,299,313,312,263,195,114,9,89,192,271,342,368,375,346,278,195,81,34,161,122,361,423,447,444,386,317,206,71,63,202,332,426,492,523,498,449,351,226,81,79,233,367,480,556,580,570,502,399,262,109,61,232,377,514,593,908,639,576,481,341,175,5,188,363,516,626,704,708,678,582,446,272,63,141,344,520,663,764,804,778,694,550,359,283,103,333,540,720,834,892,884,789,649,13
80,0,924,903,830,703,539,337,119,109,335,981,719,848,927,954,919,833,702,536,329,109,119,333,533,698,814,884,909,875,789,655,488,282,75,140,340,515,665,39,814,815,760,664,538,367,188,0,185,346,483,581,642,660,638,581,484,371,228,85,54,188,298,384,445,467,466,429,373,299,216,122,31,59,139,1027,246,269,276,276,249,216,171,126,81,30,12,49,84,109,125,135,139,142,143,140,135,127,115,92,64,23,29,110,139,184,229,254,253,226,171,92,1,105,199,273,311,309,258,163,48,76,180,3,0,0,0,0,0,0,0,2,1,0,106,136,144,130,93,42,14,75,130,178,203,213,200,159,107,44,31,100,170,365,263,277,273,244,192,131,53,26,111,184,251,298,332,340,324,284,235,163,70,25,121,209,287,355,395,416,411,312,322,238,145,39,73,184,288,375,452,485,510,489,442,365,262,152,26,101,228,346,445,520,566,579,557,505,422,313,190,55,93,235,361,477,562,888,651,631,589,508,402,271,128,34,192,343,480,589,679,724,739,704,635,525,387,224,45,137,323,495,642,754,828,712,829,756,644,488,307,99,113,326,520,6
497,2,277,755,667,244,665,604,366,334,17,346,59,570,425,649,535,234,229,309,82,58,1049,66,368,142,109,260,265,785,523,420,32,94,851,161,207,113,489,66,43,8,333,106,298,225,473,552,89,600,60,84,298,465,345,568,244,173,363,382,832,356,360,106,139,82,420,103,921,570,305,45,240,174,613,50,200,233,542,84,60,574,218,117,211,27,559,386,554,73,208,32,578,345,426,250,99,177,184,160,858,619,31,517,54,174,60,62,67,144,401,313,124,16,188,122,408,185,29,161,86,92,5,40,39,93,129,26,113,151,96,60,226,35,91,235,2,43,45,278,144,331,423,40,159,56,158,142,113,244,46,292,97,297,6,203,62,242,706,296,209,399,242,297,158,120,430,24,33,94,276,252,500,152,249,235,169,198,60,93,216,223,268,369,19,300,391,57,131,470,607,622,141,61,1160,200,43,252,433,519,408,228,10,268,494,584,633,628,432,167,187,381,543,577,593,600,528,331,180,28,269,338,480,616,216,757,677,710,591,426,112,191,574,752,1017,1050,1001,947,605,239,201,657,962,1224,1326,1224,962,522,21,567,1072,1385,1422,345,34,190
107,28,619,699,744,744,717,647,549,415,267,5,74,238,393,521,626,700,741,744,714,642,537,404,254,83,77,233,381,501,605,670,702,690,651,568,468,347,202,495,99,242,370,469,548,592,601,582,527,442,344,225,103,18,134,239,327,393,436,444,438,404,351,285,207,120,34,46,120,180,229,265,284,285,273,748,204,163,114,67,21,23,61,93,115,129,138,140,137,128,120,108,93,78,63,49,31,13,11,38,67,97,127,427,171,181,178,157,119,63,4,76,146,202,236,247,227,176,97,8,84,160,208,0,1,1,2,0,0,0,0,0,2,1,59,19,22,63,101,126,140,140,124,92,50,2,47,98,142,174,192,196,185,372,123,75,20,38,96,147,190,222,246,247,238,209,171,121,59,2,70,132,194,244,282,308,314,303,275,230,174,168,28,53,131,205,269,322,360,382,386,364,328,267,192,105,11,82,174,258,332,393,434,453,448,424,373,312,229,135,35,69,176,274,362,432,481,709,516,492,449,384,302,202,94,24,144,255,361,445,521,564,592,583,551,488,405,302,180,48,90,233,366,482,580,496,683,682,655,592,508,385,249,96,64,15
12,30,724,624,504,366,212,49,120,285,438,1026,700,788,856,888,887,854,791,707,588,455,300,144,18,190,341,481,602,704,774,817,831,803,758,673,579,470,328,655,29,122,263,387,492,585,646,684,689,662,622,546,462,363,255,143,21,85,194,283,356,412,444,465,465,445,407,357,297,229,160,92,22,43,102,883,193,216,234,241,242,233,218,195,166,137,106,85,59,32,11,9,25,44,57,70,88,106,124,141,160,177,186,822,178,155,120,73,16,51,125,188,242,283,292,273,228,158,70,29,124,204,254,3,1,1,2,0,0,0,1,0,0,0,120,109,80,41,4,52,97,138,168,188,191,183,161,122,76,24,34,91,144,303,229,254,266,266,250,224,185,135,83,18,48,112,174,228,272,305,330,342,340,321,292,249,189,126,57,19,97,27,247,308,362,402,426,441,435,414,384,329,267,187,97,4,93,187,273,352,422,471,515,536,537,521,482,431,362,282,192,92,16,124,223,323,407,726,552,592,619,617,602,572,521,448,362,262,147,34,85,204,323,437,535,615,678,719,734,731,704,649,573,470,352,343,77,70,216,362,500,624,731,806,856,9
61,21,580,446,280,91,99,291,461,596,696,1094,731,674,567,417,239,45,150,331,493,618,699,727,700,618,497,345,169,17,200,372,511,611,667,668,627,541,410,495,82,94,255,392,501,569,590,567,503,397,272,128,20,156,279,376,439,470,457,415,342,249,144,35,70,166,242,294,322,324,303,262,207,139,69,277,70,122,165,187,198,192,174,148,113,74,40,6,22,49,69,86,98,106,112,111,110,104,92,75,47,13,29,33,117,158,186,197,187,148,88,11,74,153,212,241,235,190,113,15,84,168,214,4,2,0,1,0,0,0,0,0,0,0,99,98,74,35,11,59,102,134,151,147,124,83,30,27,85,135,174,196,196,381,140,87,24,42,106,163,206,234,241,229,196,143,78,6,71,141,204,251,283,291,276,238,185,111,30,58,146,120,293,332,350,344,308,256,179,89,12,115,215,298,363,398,406,389,341,269,175,66,51,168,274,361,424,456,459,427,369,286,178,58,67,190,303,574,469,505,510,478,417,327,216,83,55,189,321,428,514,563,576,549,484,386,260,111,44,203,352,480,583,638,657,575,556,441,298,126,54,238,407,547,655,3
57,5,924,909,850,736,596,418,224,15,197,775,585,736,852,921,945,921,852,743,593,417,218,12,193,387,557,695,808,875,899,870,803,683,541,364,178,4,202,442,531,655,737,775,779,735,657,546,407,248,90,70,222,353,464,548,590,610,584,529,450,350,248,132,18,93,191,268,330,366,384,383,364,327,276,451,137,72,3,53,106,148,177,195,203,198,187,170,150,128,106,84,61,38,15,4,33,59,88,118,148,173,196,788,205,186,148,96,28,52,134,207,269,303,301,262,193,94,19,127,222,279,288,2,0,0,0,2,2,1,0,0,0,0,11,65,112,143,164,164,143,105,52,6,70,127,177,216,236,235,212,174,123,237,11,82,152,210,256,287,297,292,267,225,166,95,18,59,141,214,279,327,365,373,366,341,292,227,147,58,41,2,233,316,381,431,456,464,447,404,345,256,162,48,69,185,293,390,468,521,552,553,528,476,398,301,183,63,71,198,312,423,513,578,618,632,611,763,492,390,272,136,0,143,285,416,530,618,683,713,721,685,627,528,404,258,102,68,237,396,545,669,766,821,848,732,765,663,530,366,185,12,208,397,570,3
92,4,919,896,792,627,416,170,85,340,574,1231,891,952,935,852,702,493,254,2,260,492,692,836,907,908,841,709,534,315,67,180,409,604,747,822,850,806,695,632,318,93,134,344,514,648,727,744,700,598,456,275,86,103,275,424,520,585,589,547,461,348,215,73,68,199,299,369,406,411,382,331,258,166,72,439,109,171,220,249,261,248,219,173,124,71,20,22,60,95,115,131,137,140,139,137,126,108,85,53,13,33,93,226,195,225,239,221,179,104,9,94,195,274,310,297,237,139,13,120,226,288,281,2,2,2,0,1,1,0,1,0,0,1,30,31,89,136,162,164,143,95,28,42,112,171,211,227,215,181,120,45,37,121,194,251,280,284,255,208,134,44,44,134,218,282,326,341,319,277,212,126,21,85,194,280,349,395,407,383,335,245,145,23,102,218,320,410,461,481,471,407,320,201,60,83,224,351,454,520,555,536,486,394,268,120,36,195,338,460,549,600,604,568,490,381,229,31,112,274,428,542,627,671,667,610,514,372,208,25,167,355,518,648,730,760,738,656,531,366,169,50,270,479,657,589,853,861,802,683,513,301,67,181,414,12
100,10,102,70,17,35,94,133,151,148,110,116,14,83,141,171,168,129,75,9,63,131,172,180,146,91,7,65,130,167,180,151,92,19,58,118,156,158,145,430,11,58,114,146,147,123,74,14,58,103,127,124,91,42,11,55,97,116,106,74,32,18,62,85,89,69,41,4,37,64,76,63,39,8,31,131,71,62,34,4,25,51,62,55,29,1,29,55,62,53,27,7,42,67,70,53,20,21,56,76,72,42,1,183,61,79,66,26,17,61,75,71,42,4,44,66,63,35,11,47,60,43,3,3,0,0,3,5,0,3,4,2,4,0,15,185,297,258,84,139,313,361,269,69,160,344,409,340,158,80,295,426,431,198,89,156,357,459,436,305,91,147,344,449,444,329,128,92,289,416,449,384,230,22,185,350,432,429,332,165,29,103,369,437,413,296,126,70,250,380,437,406,285,110,83,265,389,436,399,279,103,91,266,398,435,386,261,87,101,264,379,408,364,240,71,98,242,620,356,314,212,69,76,205,279,302,263,176,70,52,147,211,233,215,149,78,1,75,125,163,157,130,80,39,14,270,84,110,122,116,82,46,6,33,76,4
63,10,654,464,231,32,289,526,713,833,888,1238,757,588,360,102,166,416,628,781,866,874,798,660,457,209,47,298,520,693,803,840,802,676,501,280,42,187,410,207,705,760,731,645,505,309,101,119,317,471,583,637,632,565,449,295,116,58,222,353,443,486,488,445,366,250,122,12,135,232,307,348,353,324,270,448,112,31,48,113,168,202,218,210,187,150,106,64,21,19,54,82,101,117,125,132,133,127,108,82,43,5,60,116,169,207,222,213,171,94,0,106,197,267,290,264,188,76,49,168,250,278,239,1,2,2,1,2,1,1,1,2,2,0,90,125,138,123,82,25,41,105,155,187,188,162,110,40,36,113,176,222,239,505,194,132,52,36,124,201,257,286,290,258,198,114,19,80,174,253,311,342,337,298,227,136,29,86,195,291,366,278,402,362,289,188,66,64,195,312,404,456,475,446,374,266,132,13,164,302,417,494,531,519,464,362,224,71,93,249,388,497,565,582,552,477,352,229,28,148,316,455,560,624,636,589,496,358,185,1,194,379,532,647,705,704,644,522,357,158,58,279,480,644,759,669,775,685,525,324,88,158,397,605,761,5
57,33,477,665,807,874,882,823,702,525,309,77,180,409,614,763,858,882,849,746,588,381,148,90,320,530,688,798,846,830,752,609,425,202,23,247,449,609,725,150,770,698,564,400,217,5,191,373,520,606,657,643,585,478,344,184,16,145,288,395,467,498,488,442,366,259,144,25,89,188,261,319,342,336,307,715,185,116,40,29,91,142,175,194,198,181,162,134,105,69,34,1,27,52,76,98,119,137,151,158,150,135,98,558,8,73,135,195,241,255,235,177,92,8,118,217,278,296,262,180,66,60,169,4,2,1,0,0,2,0,0,2,3,0,113,84,36,20,79,128,160,173,159,126,68,2,71,137,190,221,228,213,174,322,34,45,126,194,247,277,278,255,208,145,62,29,122,202,268,312,335,329,297,232,149,52,57,160,255,328,380,287,397,350,280,187,74,45,173,284,378,440,478,473,429,349,242,118,19,156,286,396,480,531,536,504,430,327,199,49,99,246,381,485,560,595,584,717,445,319,171,8,157,317,455,564,634,660,640,573,467,318,148,40,230,402,548,660,730,741,712,610,473,290,84,51,339,522,674,778,829,821,753,618,442,6
25,20,510,332,134,77,283,472,641,765,855,1335,875,812,701,551,367,165,48,256,454,626,756,839,873,844,777,665,527,359,166,40,239,422,581,692,769,798,778,462,603,453,286,109,69,246,401,529,614,655,661,620,548,448,327,193,47,91,224,332,413,465,485,472,436,369,292,198,102,5,85,166,233,275,305,1145,290,263,222,174,123,69,15,30,74,107,130,145,153,152,144,134,125,113,100,85,64,43,11,22,59,99,139,458,200,211,212,189,145,78,7,97,180,251,286,288,253,180,80,33,142,226,265,2,0,0,1,0,0,0,0,0,1,0,98,68,20,29,85,129,160,173,168,145,102,46,16,82,141,192,223,237,230,472,161,100,33,39,113,175,229,270,293,293,274,232,174,107,26,56,137,212,277,324,354,364,346,310,251,173,86,84,113,208,292,358,409,437,440,415,371,293,204,94,23,140,250,353,434,487,521,515,490,434,345,238,117,9,142,267,374,468,533,578,591,566,510,559,320,194,57,83,222,350,465,558,630,662,662,620,549,440,313,162,0,159,316,463,584,683,748,765,745,675,572,496,272,89,98,289,468,628,754,831,869,6
111,4,715,506,227,84,384,651,837,930,937,1127,625,352,37,270,544,761,893,931,861,698,453,163,146,445,679,834,906,869,741,527,256,43,329,567,744,833,829,518,535,294,22,240,464,640,729,742,660,504,306,67,165,365,518,609,621,569,444,277,91,94,257,383,462,478,444,356,239,100,35,162,260,320,347,1081,268,190,97,9,70,141,187,208,209,185,150,109,57,6,37,72,101,122,138,144,140,127,102,66,15,44,109,364,210,226,214,161,76,31,144,235,286,296,235,125,11,152,257,303,280,184,42,5,1,2,0,1,0,0,0,1,0,0,48,17,85,133,163,157,119,57,24,108,173,212,217,182,120,36,59,147,220,493,264,225,161,68,37,138,225,285,311,297,246,156,46,70,184,275,339,366,348,280,181,58,76,204,312,391,425,325,339,229,96,53,200,333,429,479,484,418,319,170,6,179,334,456,528,545,501,393,247,68,120,303,450,552,594,568,485,351,170,25,221,404,539,894,642,588,480,313,113,103,313,493,628,694,696,615,473,272,43,198,426,607,727,772,736,626,450,213,57,326,570,533,844,855,772,604,365,86,209,485,709,10
35,31,53,288,506,687,827,912,949,910,833,876,503,285,49,184,409,604,768,879,935,930,858,741,572,356,132,97,316,513,681,800,873,869,826,711,566,399,184,586,240,434,581,694,761,768,729,644,510,344,170,13,186,335,471,551,600,616,570,493,389,263,135,2,127,239,328,381,410,412,392,341,281,199,114,275,58,120,179,217,236,243,235,209,178,140,98,58,23,18,47,72,93,106,125,137,145,150,153,146,129,103,64,435,49,113,176,229,265,265,241,183,93,9,118,219,286,314,295,224,118,6,129,2,1,1,0,0,0,1,2,1,1,0,127,137,123,95,43,13,75,133,173,201,203,178,137,72,4,71,141,199,242,495,264,237,192,131,49,26,113,188,255,299,327,321,299,253,179,98,7,90,182,263,331,379,393,391,357,295,218,162,5,106,221,313,389,447,475,473,446,371,291,177,45,85,216,336,435,505,552,551,529,465,367,252,116,27,172,309,432,525,590,617,611,570,486,477,242,92,67,222,369,495,599,664,700,681,631,539,414,258,86,98,279,443,585,695,766,793,777,701,588,433,251,201,167,362,552,702,820,886,900,854,759,12
14,28,671,547,406,244,77,100,269,431,579,1181,803,866,895,885,842,766,663,539,386,222,46,126,290,447,582,691,776,826,847,832,784,692,582,449,308,159,11,560,316,455,560,638,695,720,712,676,609,513,407,282,156,30,99,215,317,400,463,498,508,503,477,433,375,299,217,131,47,32,107,171,224,262,288,1212,294,278,255,224,189,150,109,68,30,6,36,60,80,97,109,117,123,127,128,132,137,140,138,133,124,106,79,560,1,50,107,161,211,246,264,260,233,184,112,23,70,161,233,276,286,256,190,0,0,1,2,1,0,0,1,1,0,1,92,123,139,138,121,91,49,1,51,101,143,181,207,217,210,187,149,100,44,101,75,133,185,227,259,277,279,268,249,212,162,103,37,30,99,164,225,277,320,347,364,360,340,307,260,201,129,133,36,119,198,270,335,389,428,455,464,448,417,364,296,213,120,22,74,174,267,353,430,484,524,543,542,521,481,416,342,254,147,43,66,180,284,594,474,540,588,614,624,614,582,522,448,353,246,130,2,126,256,380,491,584,658,710,737,740,716,662,582,477,355,340,67,89,244,394,537,657,757,827,868,4
64,0,44,60,75,95,111,124,142,158,165,334,163,157,142,128,110,82,57,22,0,36,65,94,122,141,165,174,183,177,171,160,143,121,96,71,48,10,26,380,72,95,112,129,136,139,149,131,122,104,83,65,41,12,4,32,49,65,83,94,98,100,94,80,73,64,34,23,2,21,31,48,52,58,66,124,55,51,40,25,12,5,21,41,45,65,66,65,59,47,34,18,7,18,42,53,66,79,76,79,57,36,22,29,35,49,66,77,80,78,59,36,13,11,37,53,66,66,55,36,10,10,40,1,0,0,1,2,1,0,0,5,0,1,119,12,152,268,332,338,291,189,72,61,188,297,376,418,419,384,305,211,89,103,162,275,365,433,468,469,444,391,315,222,115,5,103,204,285,364,405,441,454,447,422,375,324,245,162,71,19,500,182,251,324,377,419,431,435,431,402,366,315,252,182,100,29,64,128,213,279,337,389,415,435,425,414,385,343,288,228,159,86,14,66,142,190,332,286,319,338,338,333,310,280,260,211,173,131,80,39,3,41,82,111,130,141,154,163,163,158,156,140,132,121,1004,100,92,81,69,58,53,37,34,28,4
48,12,844,795,710,582,438,266,81,106,289,874,617,742,831,881,884,854,785,688,549,391,213,36,151,333,491,625,734,799,837,829,790,699,591,449,294,134,47,540,371,506,607,676,713,719,688,627,532,413,285,141,2,137,258,365,442,505,536,536,512,461,395,319,226,126,26,60,146,209,265,306,332,339,327,999,254,209,155,106,56,6,36,74,104,129,146,155,159,155,148,138,129,118,106,91,73,60,32,8,21,57,97,231,177,207,229,234,219,181,123,46,39,127,204,264,293,286,243,169,71,36,137,1,0,0,1,0,1,0,0,1,1,0,120,115,91,52,7,44,91,133,166,187,189,170,139,93,41,20,80,136,187,406,247,252,245,225,183,135,71,7,65,131,193,247,288,311,320,311,294,256,203,134,58,19,101,181,252,313,362,261,407,403,376,332,270,193,104,6,89,183,274,354,420,464,486,492,478,437,377,295,198,92,20,134,242,339,425,493,540,568,570,552,506,439,346,288,126,2,123,241,353,457,541,606,649,657,644,601,535,440,331,200,58,84,227,366,494,604,693,749,775,767,725,632,551,418,268,100,69,247,418,566,694,1
76,9,909,923,881,777,635,446,237,9,221,816,634,783,890,940,933,872,763,611,415,195,31,250,458,638,767,851,893,879,817,692,535,333,128,88,292,473,631,44,802,812,766,676,554,389,211,23,160,323,465,567,634,655,641,582,488,371,233,85,54,183,296,379,440,465,461,423,365,288,207,111,19,66,147,1016,252,273,279,270,244,212,165,117,67,21,22,58,87,115,129,136,138,139,142,135,129,117,104,78,47,7,44,15,153,196,234,255,245,211,144,58,41,140,227,290,312,291,229,125,6,119,214,0,2,4,0,1,1,0,1,0,0,0,67,113,142,151,141,107,59,0,60,123,169,203,217,206,178,130,65,4,78,206,209,249,274,278,257,216,159,87,8,77,156,227,284,324,342,336,312,263,192,106,13,84,178,266,335,387,419,325,399,344,274,182,75,36,153,262,360,431,490,508,500,455,382,292,179,55,75,208,328,432,516,566,578,566,517,437,333,204,64,83,224,355,469,820,625,646,638,590,515,405,274,119,40,202,356,487,607,685,732,737,701,621,510,364,193,11,175,365,534,674,785,670,855,811,727,595,437,241,30,185,392,5
53,25,470,318,148,32,205,371,518,634,718,1125,748,697,606,479,322,148,33,212,380,523,634,702,732,714,657,562,436,285,121,51,220,370,500,594,655,674,653,411,492,363,216,57,95,242,367,466,533,560,554,514,445,354,243,121,4,122,226,310,371,404,414,393,356,294,221,135,48,33,107,171,221,251,267,914,243,212,171,125,76,30,16,56,86,110,124,132,135,130,122,109,97,83,67,51,31,9,16,46,75,106,136,489,175,174,162,128,78,12,60,131,190,234,246,228,178,101,7,91,170,220,225,1,0,0,0,1,0,1,0,0,1,2,102,89,58,19,27,72,110,139,152,149,127,91,43,13,66,119,161,190,206,421,181,146,98,41,23,83,144,191,227,248,252,236,206,160,101,33,39,109,177,233,275,304,309,301,270,221,157,146,6,94,174,248,306,352,376,377,356,312,252,170,75,29,129,224,308,375,423,444,440,411,355,281,186,82,31,141,242,337,412,469,497,496,470,549,341,244,131,9,113,229,341,431,504,547,563,546,504,430,332,210,73,69,208,340,453,545,613,645,645,604,530,456,290,134,30,196,353,492,609,687,731,4
54,12,813,870,886,848,778,667,528,362,179,213,205,389,555,688,791,856,882,871,817,720,592,440,259,67,116,293,456,594,713,789,828,819,779,693,583,455,292,618,58,224,376,501,599,670,703,702,663,588,490,368,239,100,39,168,284,383,458,495,512,501,467,417,347,262,171,76,16,98,172,234,281,309,318,1125,286,254,212,168,122,71,21,22,60,89,115,129,142,149,152,148,138,130,122,112,101,85,65,43,12,21,63,59,154,190,220,235,231,206,159,87,0,87,172,243,286,295,265,199,106,3,108,3,0,1,0,0,0,0,1,0,0,1,72,110,136,144,133,109,66,18,37,95,143,179,203,211,202,176,134,81,19,34,109,168,214,251,269,272,258,228,186,130,66,6,80,148,212,264,311,336,349,340,312,268,209,136,54,31,121,73,282,348,392,419,430,420,388,339,274,187,94,9,118,218,310,392,459,499,517,513,487,433,361,269,163,51,69,185,293,394,476,537,581,598,582,750,488,401,298,183,59,72,203,330,442,537,612,657,684,674,642,576,482,366,233,85,68,221,374,509,628,717,778,669,791,741,659,544,408,242,66,115,288,7
54,30,493,683,826,903,941,916,841,710,541,307,104,130,359,563,727,848,920,937,895,800,658,473,260,27,196,407,590,732,837,882,876,800,691,534,349,156,60,466,451,606,710,765,779,732,648,524,366,186,9,169,323,451,554,606,618,598,530,430,316,185,54,73,192,293,370,410,422,408,376,316,250,170,85,363,77,139,191,228,244,249,235,210,173,133,94,55,21,14,46,71,91,107,124,133,146,148,152,150,136,115,75,456,38,98,165,223,258,274,259,206,122,28,82,186,261,310,306,255,162,43,77,1,0,1,0,1,1,1,0,0,0,0,76,29,27,79,132,162,175,170,141,94,34,35,102,162,208,239,241,227,190,355,64,13,93,166,229,268,295,294,281,238,180,104,17,67,155,230,300,347,370,365,340,291,220,135,37,66,169,122,350,409,448,452,427,379,303,211,103,17,138,254,360,442,498,530,529,489,422,322,206,73,65,205,328,440,525,581,602,590,542,459,356,225,82,155,223,358,481,572,638,669,668,615,537,422,284,127,41,214,380,524,646,724,768,765,721,632,509,344,160,37,237,220,600,729,827,869,871,813,713,567,392,11
37,32,38,280,506,686,834,919,944,898,798,807,435,203,43,282,504,690,830,916,942,884,781,618,422,178,62,295,501,672,802,869,883,822,706,540,348,144,91,456,500,649,733,777,772,700,586,427,241,48,140,314,455,561,622,635,601,532,421,276,131,18,151,270,368,431,456,443,406,339,261,165,68,30,113,949,236,270,281,270,248,211,162,105,50,5,45,82,106,133,144,149,146,142,134,123,108,84,58,24,21,68,116,327,200,223,231,219,174,93,3,100,196,271,308,301,249,155,38,90,197,274,291,0,2,0,0,0,0,1,1,1,1,0,7,65,114,149,160,150,115,64,0,72,134,185,217,224,209,166,109,39,43,119,191,242,273,284,266,229,162,85,3,90,175,250,306,336,339,318,273,206,124,23,80,180,269,342,392,412,404,306,299,207,103,12,132,244,349,430,482,494,485,429,342,227,95,42,176,305,416,499,551,566,541,479,383,260,119,32,182,323,451,541,608,629,613,741,463,336,185,22,143,304,450,574,655,696,695,652,565,437,278,94,97,281,450,599,715,777,807,761,680,541,369,300,52,263,467,646,788,876,906,873,784,13
71,0,840,766,644,473,275,59,155,365,562,1192,829,888,892,838,732,585,403,193,30,246,450,618,749,828,852,826,758,639,483,293,85,123,319,492,635,733,781,277,727,624,483,319,140,52,227,387,515,599,649,646,608,533,425,294,148,3,140,264,363,432,474,479,456,397,323,229,130,28,64,149,218,269,302,1179,292,265,222,172,116,60,3,47,89,117,139,154,159,158,149,132,117,99,80,60,36,10,20,57,97,130,165,638,205,198,179,136,69,8,95,176,242,283,286,249,176,78,34,148,231,275,265,1,0,1,1,0,1,1,0,0,1,0,43,91,127,146,141,118,78,26,31,94,147,187,208,204,182,140,83,18,53,153,183,226,257,266,249,217,164,96,20,59,138,208,267,305,323,316,292,248,182,100,8,84,175,258,324,372,397,305,369,312,240,149,43,65,178,279,365,427,471,478,457,399,322,225,110,14,138,258,367,456,513,544,540,502,435,338,223,92,49,188,316,429,519,842,614,601,557,480,377,251,110,46,201,346,475,578,654,687,687,643,561,440,300,133,43,220,391,541,668,753,798,684,738,631,493,316,124,82,286,474,633,3
34,4,736,819,874,885,863,800,713,590,447,244,105,76,253,418,561,681,774,840,874,872,835,759,648,504,343,177,13,153,311,461,590,692,765,797,805,778,711,550,490,353,206,52,97,248,382,493,577,625,651,642,609,555,478,388,276,159,33,80,183,268,344,397,433,442,436,408,366,311,246,175,106,34,30,693,141,180,209,228,239,234,221,198,171,144,118,90,65,38,13,10,29,49,64,75,92,111,129,150,165,179,182,824,153,121,75,23,39,108,176,231,271,287,273,228,155,64,34,131,209,260,270,0,1,2,0,0,1,1,0,0,1,0,93,63,23,22,70,111,149,172,179,173,150,113,64,9,47,105,157,199,231,503,249,233,204,166,116,60,4,71,135,196,246,284,310,318,311,293,263,218,160,89,11,68,143,217,278,332,374,268,410,401,375,332,272,200,115,22,71,162,249,331,399,450,481,499,496,471,424,359,279,185,84,23,135,236,331,416,484,539,569,581,569,538,482,533,317,211,98,17,135,249,360,461,546,611,654,671,668,636,582,501,402,287,158,19,126,271,407,531,640,723,777,656,792,757,690,593,471,324,166,0,166,0
52,23,425,267,99,75,252,414,555,662,737,1136,739,677,575,443,285,110,73,251,418,561,664,724,742,708,639,535,406,254,90,86,257,404,532,617,664,675,643,420,467,334,184,29,124,271,394,491,551,567,554,507,430,334,220,96,26,142,245,327,384,415,416,391,347,279,204,120,35,45,118,181,231,259,272,933,241,208,165,118,70,23,21,58,87,113,128,136,141,134,123,109,95,81,67,52,32,10,18,49,80,113,142,500,174,172,157,124,74,10,65,136,196,237,247,226,172,94,1,96,175,221,226,1,0,1,0,1,0,1,0,0,0,1,97,81,46,6,41,86,121,145,154,143,115,76,24,32,85,137,175,198,209,417,169,127,72,12,51,108,164,208,239,254,251,228,190,137,73,1,69,135,198,251,290,308,308,291,252,195,121,101,45,132,208,274,328,362,377,370,343,289,222,136,35,70,171,262,338,395,432,443,428,390,326,243,145,38,75,184,281,368,435,479,499,485,449,516,304,200,85,35,155,269,373,457,522,556,560,534,481,397,290,163,25,112,247,375,483,569,628,648,632,582,493,436,241,86,77,238,391,526,636,709,738,0
116,28,810,878,873,799,673,499,292,61,178,789,600,756,857,894,864,779,640,456,235,1,235,446,627,760,831,848,811,711,565,368,153,77,289,474,628,730,784,285,705,592,427,241,48,158,336,491,601,650,663,612,533,411,269,106,55,205,334,428,481,501,483,431,349,244,127,16,95,183,255,312,342,339,318,798,201,134,56,11,69,119,157,179,187,182,167,151,129,95,67,33,4,21,47,72,95,121,140,158,167,162,143,745,57,7,75,140,209,249,264,241,189,105,5,114,207,270,292,262,183,73,53,1,0,1,0,0,0,1,1,1,1,2,75,116,137,137,113,73,15,48,110,161,191,198,184,146,93,26,48,121,185,418,253,250,225,179,114,42,42,122,200,258,299,311,304,264,202,126,36,55,149,235,306,351,371,366,331,268,183,156,30,139,244,330,392,433,442,418,369,282,182,60,81,206,320,414,479,513,507,464,392,286,161,21,120,257,378,475,537,568,557,508,432,324,183,14,121,268,402,506,584,622,625,579,497,379,233,69,101,272,425,560,654,705,714,673,583,455,293,101,101,298,484,417,749,804,810,761,656,503,316,105,112,14
43,23,820,715,580,413,223,19,185,375,557,1160,835,913,948,934,884,787,658,498,308,106,101,291,469,628,748,838,887,897,868,786,674,512,342,154,30,205,389,254,662,746,786,785,757,682,578,446,296,137,19,176,318,431,526,584,610,610,573,502,419,317,213,100,16,124,217,288,341,374,391,386,361,326,271,444,136,72,10,44,93,137,167,190,198,195,191,177,161,141,119,96,72,53,32,12,12,39,66,100,129,160,190,686,212,207,184,144,85,11,71,154,230,284,309,296,248,169,68,44,149,234,277,2,1,2,1,1,1,0,1,0,0,0,128,137,121,90,48,1,57,111,159,193,205,202,178,140,89,28,37,102,160,347,251,269,271,258,225,179,117,48,23,97,168,232,285,320,339,341,331,295,248,178,100,18,75,161,242,313,374,277,437,428,408,367,304,224,128,24,79,182,279,371,442,491,516,526,508,462,395,300,197,84,40,161,278,377,469,538,587,609,598,565,507,426,325,225,72,61,192,317,430,533,614,666,695,688,653,590,499,380,249,96,56,211,358,497,617,709,782,810,810,765,687,601,435,274,105,84,270,453,617,748,849,1
109,15,920,901,801,631,420,169,88,342,580,1242,893,956,935,837,679,469,227,32,296,535,725,859,915,898,812,670,482,254,5,251,477,658,788,839,843,779,644,654,236,2,227,424,585,698,747,739,666,537,377,180,17,200,363,493,570,609,581,513,406,272,128,21,159,278,366,412,429,410,355,281,193,90,7,684,176,226,259,275,261,232,190,132,77,20,29,72,102,130,143,147,147,141,132,116,96,72,40,0,45,93,146,467,217,225,206,165,102,9,91,185,262,307,298,240,143,20,102,217,284,295,241,2,1,0,0,1,0,2,0,0,1,0,78,26,33,95,143,173,176,152,101,36,37,107,172,217,234,229,189,132,55,67,118,189,248,282,284,263,211,139,57,35,130,213,286,333,345,330,289,221,130,25,86,192,286,359,401,411,390,291,248,138,14,107,231,339,421,474,494,463,406,309,175,33,115,258,380,475,539,554,532,464,361,227,71,86,243,380,495,573,609,599,547,453,315,173,15,183,349,481,587,657,677,639,564,440,281,105,88,284,460,605,709,753,751,689,577,421,230,8,218,429,620,559,843,860,815,708,545,335,100,150,383,11
49,19,614,414,174,90,341,568,743,851,889,1219,736,556,324,66,193,436,640,790,868,871,793,650,447,199,59,306,526,695,804,836,800,678,511,294,62,171,397,230,702,762,739,656,525,336,128,86,290,446,566,627,633,580,474,333,163,10,182,323,427,479,491,459,386,282,160,31,91,194,276,329,350,336,297,580,148,65,19,91,149,189,209,208,195,163,123,87,46,7,29,64,92,113,127,134,139,137,125,101,67,26,23,43,142,194,227,232,207,143,54,53,152,240,286,288,234,139,15,114,215,270,261,0,0,2,4,1,1,2,1,1,0,1,113,129,118,82,28,36,100,150,179,186,160,112,41,35,110,176,219,239,230,449,126,47,41,128,200,253,282,276,249,192,115,21,77,172,250,307,335,334,299,230,139,32,80,188,283,353,395,295,366,297,198,83,44,174,290,382,449,468,454,389,286,158,15,131,270,390,476,520,521,478,392,268,116,42,203,344,461,540,575,561,501,401,259,77,82,249,403,520,598,632,613,539,422,266,86,101,287,457,591,678,709,678,592,454,273,67,147,357,547,688,779,676,746,637,466,254,13,233,465,655,791,1
19,25,349,120,110,338,542,709,828,876,885,1139,690,517,306,76,165,387,583,735,837,880,856,772,632,438,220,3,224,431,609,739,815,818,773,661,519,344,131,570,287,468,605,692,732,709,643,529,369,192,6,174,328,453,541,588,581,544,455,341,208,60,74,199,300,374,414,417,391,343,279,194,99,4,84,874,214,246,263,256,237,199,157,107,56,6,34,72,101,125,136,141,140,131,125,111,97,74,48,18,27,71,119,357,197,213,215,191,142,66,25,116,204,267,293,270,208,112,2,121,215,270,267,0,0,0,0,0,1,0,0,0,0,2,106,73,23,32,90,135,161,171,158,121,61,5,78,140,191,221,229,216,173,342,43,34,111,180,232,270,280,268,237,179,104,16,76,160,235,291,326,337,327,283,218,136,38,65,166,257,333,249,413,400,365,299,208,107,14,136,255,346,427,472,484,454,393,311,201,74,59,194,321,423,499,541,540,511,438,333,207,67,83,229,362,475,551,849,606,565,491,379,246,91,69,233,386,508,607,662,681,645,571,456,305,127,51,240,412,564,681,750,776,738,656,559,354,155,58,270,471,641,774,847,866,3
99,5,854,813,710,555,375,153,65,279,496,1143,799,878,893,859,769,629,449,246,20,196,402,588,727,816,853,829,771,658,503,308,95,125,317,487,637,733,789,275,715,611,468,300,117,78,257,411,534,613,650,643,592,501,389,252,102,45,191,309,395,454,486,474,439,367,281,179,78,23,111,194,260,298,321,1148,281,240,187,134,74,20,36,81,118,143,157,166,160,150,134,114,93,74,54,33,6,21,53,87,122,153,182,749,194,171,137,84,6,76,156,225,268,286,257,196,99,11,122,216,270,277,229,1,1,0,0,1,0,0,0,1,1,0,30,23,76,122,150,157,145,111,67,4,59,122,175,206,222,216,183,133,68,117,77,145,208,252,274,274,251,209,154,80,2,83,166,235,290,323,337,328,293,233,157,71,23,124,211,293,360,255,414,393,351,288,197,99,10,128,239,332,416,463,484,468,424,362,273,156,34,100,233,345,441,510,541,548,519,452,367,252,118,20,162,298,416,766,581,605,605,562,492,387,260,108,46,202,353,477,587,656,694,685,638,548,423,274,99,77,259,433,583,698,776,662,782,705,590,431,248,38,167,374,554,4
63,13,655,470,238,14,259,489,679,812,885,1301,800,651,443,201,53,304,526,707,832,880,852,757,595,377,135,111,349,556,717,810,835,783,667,492,290,63,176,437,562,688,738,732,668,539,371,170,40,234,405,530,605,620,585,504,379,231,64,98,241,355,433,473,470,419,334,227,107,10,117,208,275,317,326,1061,261,200,131,57,14,79,132,168,189,189,173,155,128,95,60,28,2,33,62,87,115,138,151,156,152,132,101,591,12,82,149,208,245,252,222,156,63,46,156,245,291,286,229,127,0,125,217,5,0,0,0,0,0,0,1,0,1,0,113,88,39,21,80,134,168,176,157,116,52,21,95,161,208,231,223,188,128,235,30,111,184,239,269,274,249,197,127,39,55,147,227,287,319,325,302,252,170,72,34,139,235,314,368,389,379,287,249,147,27,93,212,317,396,446,459,428,365,263,132,9,150,284,396,476,518,515,468,384,263,117,38,189,331,442,522,563,561,512,421,296,139,98,198,352,482,571,619,622,577,481,347,183,2,185,363,512,626,695,703,659,561,413,229,26,186,389,570,701,783,666,742,633,466,259,27,215,441,631,767,2
66,2,913,924,893,805,686,519,339,136,73,600,477,646,781,876,927,936,900,826,701,549,366,172,31,241,430,590,726,820,881,894,862,772,660,508,341,169,29,534,391,541,652,726,767,769,728,650,538,396,250,91,64,209,342,447,521,573,588,568,520,445,359,260,151,38,72,162,242,300,345,369,376,359,326,770,213,154,87,31,24,77,120,153,172,182,185,182,172,157,139,120,99,80,62,40,16,9,41,72,107,140,176,620,216,218,206,173,120,45,36,120,203,267,303,308,271,202,101,11,124,215,269,0,1,0,1,0,0,0,0,1,1,0,38,88,127,152,161,149,118,74,19,42,103,156,197,226,233,221,190,144,87,159,53,122,185,237,274,295,294,278,246,197,132,60,22,99,178,244,304,339,366,369,353,320,264,194,111,20,76,30,264,343,400,439,458,460,434,385,322,229,134,21,93,207,310,404,478,525,554,547,520,465,388,290,171,51,78,203,319,425,514,578,619,629,609,761,494,395,280,150,12,129,268,401,515,605,672,706,719,691,638,546,431,293,141,21,187,348,499,631,738,809,843,720,790,705,586,433,262,70,122,312,491,5
66,1,856,789,661,464,237,12,256,489,678,1312,886,885,809,665,469,234,15,261,493,676,807,866,862,772,624,432,212,29,267,484,657,769,810,788,703,574,384,644,64,284,468,613,698,721,687,589,452,269,82,115,287,430,529,586,583,539,441,310,166,15,124,253,348,410,433,416,364,292,197,93,8,104,182,1117,271,277,265,228,184,124,63,3,50,94,124,147,160,158,148,134,113,89,62,32,1,33,67,106,140,169,189,808,167,126,63,12,95,174,241,270,266,219,135,18,99,200,268,289,247,159,37,1,0,1,1,1,0,0,0,2,1,0,115,88,41,18,76,131,166,176,157,119,57,10,85,153,202,228,226,200,150,273,2,84,161,223,260,278,261,221,161,82,9,106,190,260,306,329,320,288,224,135,32,73,177,267,340,382,397,311,314,228,120,2,119,235,340,416,460,463,433,364,255,129,14,154,287,399,477,521,522,483,401,286,141,8,162,304,427,518,571,575,538,462,343,211,29,136,300,438,543,616,641,615,539,425,272,101,81,270,435,577,668,714,707,638,524,360,170,42,258,453,623,542,802,796,731,606,430,219,12,250,470,2
40,3,61,88,112,132,142,150,160,155,138,213,93,61,23,11,54,100,140,152,167,182,182,170,149,120,84,47,2,38,85,120,150,169,179,179,157,132,103,470,35,4,39,74,103,119,150,148,136,125,100,71,40,9,19,51,74,91,104,106,103,90,75,53,26,7,18,48,68,78,79,71,70,39,28,90,13,31,45,56,63,65,60,39,24,0,20,43,58,67,67,66,46,26,7,15,37,60,73,73,78,58,28,85,29,50,72,81,80,64,41,21,7,41,58,68,66,48,18,10,31,46,51,1,1,0,1,1,2,1,1,4,1,1,261,196,64,99,244,330,359,313,206,60,98,240,354,421,424,387,280,142,8,123,303,409,470,480,433,360,249,104,42,180,303,395,459,474,460,404,323,217,102,24,140,252,345,413,444,456,433,1283,301,208,105,6,119,232,309,374,435,452,442,402,340,265,173,56,39,154,249,330,392,433,439,426,372,319,233,134,33,65,161,249,311,363,384,768,359,319,259,187,104,18,51,117,180,223,252,261,260,244,229,174,132,94,50,11,25,58,82,99,115,116,128,637,125,120,111,104,98,92,81,59,31,7
114,4,521,248,63,377,646,839,933,921,810,743,319,5,321,596,802,917,925,833,637,364,52,261,545,763,877,898,821,644,394,96,212,484,701,817,848,783,616,668,96,188,436,632,744,767,694,542,325,79,162,380,545,631,646,583,449,278,69,134,303,428,495,504,451,342,202,47,98,225,316,371,374,334,260,232,49,49,140,205,239,249,228,185,127,63,0,55,98,131,148,151,145,130,103,73,35,8,60,107,148,181,198,854,143,76,11,111,202,263,282,246,159,39,98,222,299,309,252,132,17,163,259,2,2,0,1,0,0,0,0,1,0,1,116,74,8,59,124,165,174,149,92,13,74,152,207,227,210,156,73,20,116,316,255,272,252,195,104,2,108,206,278,315,310,266,183,75,48,164,266,341,369,354,292,194,66,72,204,320,400,307,407,332,222,76,81,233,366,455,493,469,404,273,107,72,245,389,497,547,532,452,321,152,41,235,398,521,587,584,518,393,218,12,190,377,525,892,648,599,486,316,111,108,322,506,636,697,685,592,436,223,17,262,482,655,754,770,701,551,341,78,194,455,673,611,854,807,671,453,179,123,416,664,836,7
12,23,911,859,781,670,535,379,206,26,155,686,503,646,770,857,914,933,924,884,809,701,564,414,246,59,116,287,446,586,704,794,857,869,862,808,740,649,515,671,214,49,114,265,398,522,612,678,712,710,696,638,567,475,363,248,118,1,122,225,313,386,436,473,485,478,453,405,349,281,207,136,61,11,75,820,178,212,238,252,253,245,232,210,184,151,120,96,68,38,14,4,21,42,62,76,96,118,138,154,171,184,197,841,184,158,115,66,2,71,150,214,267,302,308,281,225,144,48,59,158,236,280,1,1,0,0,0,1,0,0,0,1,2,109,136,146,141,120,86,41,11,64,118,161,197,221,224,215,193,154,102,45,93,80,141,193,237,272,291,297,287,268,230,180,122,60,10,83,150,216,270,319,355,378,387,372,349,307,253,184,171,24,66,151,234,306,373,426,469,492,493,480,442,385,312,223,131,33,74,174,272,365,445,509,555,580,586,571,529,479,405,314,213,108,8,124,396,353,447,531,595,638,671,678,658,619,553,472,371,261,133,0,139,276,403,520,620,702,764,802,806,789,736,661,595,429,283,127,40,204,369,524,659,775,6
79,0,34,70,118,163,212,245,279,294,322,666,324,307,285,242,207,148,77,3,70,134,204,260,307,344,363,367,362,336,303,247,184,124,54,17,79,145,212,284,286,308,309,308,284,262,216,173,105,48,17,78,128,155,190,215,216,217,203,174,149,115,71,20,23,65,96,126,140,150,141,131,119,84,60,136,18,53,73,102,110,130,120,104,81,42,11,21,59,89,113,139,132,127,117,70,24,19,62,105,138,156,154,718,121,76,29,24,74,108,136,141,136,111,65,9,38,91,112,117,99,61,13,6,0,5,3,1,6,4,5,6,8,3,49,246,499,647,642,521,293,16,281,525,716,816,823,730,561,330,60,222,485,66,859,946,945,863,713,505,266,16,233,457,663,813,909,952,931,853,736,570,380,185,28,230,434,597,725,826,892,1874,883,810,715,572,409,229,44,153,315,485,634,753,836,884,888,858,809,699,565,420,245,60,125,303,462,588,712,777,826,838,811,744,650,526,396,1107,85,59,199,328,428,512,561,588,590,577,528,466,393,316,225,141,69,15,79,134,169,219,246,262,272,274,275,1469,256,242,226,203,192,179,151,140,117,0
11,2,34,11,15,35,67,91,121,144,158,337,171,161,148,130,101,69,30,8,49,92,118,149,168,188,191,185,169,145,115,73,37,7,49,85,123,145,163,104,171,153,136,108,78,46,13,23,58,88,110,119,122,124,114,101,84,60,34,4,20,43,57,71,82,83,81,71,51,30,12,5,22,33,53,138,61,59,53,35,19,2,16,38,48,61,62,60,51,33,11,10,34,50,60,65,69,69,52,33,7,19,45,388,74,76,67,55,34,6,18,46,63,72,67,54,27,3,28,50,57,48,28,1,0,2,4,0,2,2,1,1,1,1,89,60,207,305,333,286,182,41,112,251,355,405,407,351,250,114,38,188,312,5,460,468,433,350,231,98,43,180,297,385,446,466,458,413,338,240,127,2,116,223,315,386,432,454,445,412,357,1332,185,80,29,135,232,313,381,426,448,440,416,365,297,212,118,16,88,186,277,349,409,435,439,423,389,332,253,166,65,23,119,204,268,328,360,599,371,347,304,250,186,112,41,29,90,149,191,218,240,242,237,219,193,162,124,83,49,20,6,31,50,71,85,123,107,107,109,113,115,117,111,108,105,1
33,8,73,48,20,9,36,65,88,119,139,318,166,171,167,153,140,111,78,40,6,42,88,118,148,173,186,188,183,164,142,111,72,35,8,44,74,107,132,22,163,160,151,129,107,80,50,15,17,48,77,95,111,120,119,111,98,79,54,27,4,20,45,64,75,83,82,76,64,53,35,14,8,27,43,137,62,61,64,50,36,11,3,23,42,53,64,66,63,49,34,12,11,31,49,63,77,78,64,46,21,2,30,343,67,72,79,68,52,22,2,32,58,69,67,57,39,12,16,39,52,53,37,0,0,0,2,1,2,4,0,2,1,3,151,11,141,273,341,336,260,136,15,165,293,381,424,404,335,221,80,70,212,45,419,466,469,425,338,216,81,59,198,308,392,454,477,464,415,335,240,122,10,107,215,307,385,434,454,445,415,1316,283,193,92,14,123,217,303,369,418,444,443,420,376,307,223,127,31,70,169,258,335,398,429,441,422,383,330,256,176,82,15,104,197,262,314,464,368,361,338,301,253,184,118,47,17,83,128,173,201,222,229,227,216,192,160,132,97,69,37,10,13,35,57,140,88,93,104,110,115,116,120,116,111,4
53,45,258,595,901,1146,1339,1446,1484,1421,1298,1400,816,496,151,196,529,830,1093,1290,1423,1472,1430,1290,1092,812,508,179,158,482,780,1028,1217,1321,1359,1306,1187,1000,754,986,147,163,456,711,921,1069,1158,1165,1098,970,788,555,312,55,191,410,607,753,846,883,859,788,678,532,363,182,5,161,304,421,509,561,582,556,514,1153,331,228,117,14,79,159,219,259,286,295,294,272,252,219,185,147,107,68,28,7,54,96,152,200,248,285,312,1197,293,254,180,81,36,167,299,396,456,467,417,314,164,12,195,345,449,468,404,3,0,2,4,2,0,1,2,0,0,2,0,85,166,220,258,255,219,158,74,28,128,219,295,344,364,354,303,226,126,209,110,222,321,391,441,453,435,387,319,216,98,28,160,284,393,478,541,567,556,506,428,321,183,38,118,271,418,318,631,683,699,669,601,501,362,205,32,150,336,493,636,741,804,827,804,726,611,446,259,56,162,368,554,714,834,909,936,924,853,736,575,376,159,171,299,513,706,860,977,1036,1060,1009,922,769,578,351,105,158,419,656,877,1039,1157,1210,1205,1130,999,802,561,277,28,39,624,883,1106,1262,1369,1389,1341,1210,1018,6
89,3,810,714,562,358,136,101,327,533,709,1335,885,882,815,689,510,300,65,167,396,592,741,836,871,832,738,595,420,212,9,239,441,610,734,789,797,752,641,607,295,88,116,309,474,602,676,706,673,589,470,308,138,34,198,341,447,518,542,529,476,391,288,164,32,96,208,291,347,375,371,344,301,230,159,112,12,81,148,194,220,229,222,198,163,123,86,52,15,21,47,80,99,114,129,132,137,135,128,113,87,51,5,213,103,158,207,234,241,210,156,70,28,134,225,279,294,262,188,76,45,157,233,2,2,0,2,0,1,0,1,0,0,0,115,129,120,90,43,11,70,122,167,189,185,156,108,43,27,97,164,210,236,514,224,179,115,41,41,116,187,239,280,294,289,251,195,121,26,63,154,231,297,337,354,347,309,250,167,68,42,15,257,337,395,423,423,397,331,243,138,17,105,224,335,420,472,502,488,439,356,242,111,29,168,298,408,495,547,561,536,473,373,248,105,40,194,531,461,543,606,617,593,530,430,291,136,31,199,355,496,605,676,703,680,609,500,349,171,20,213,398,565,689,772,660,777,692,559,379,176,49,267,475,644,7
57,70,157,263,660,1004,1269,1442,1507,1447,1290,1300,675,275,147,551,908,1194,1391,1482,1462,1325,1086,756,372,46,454,814,1113,1317,1418,1412,1291,1064,771,406,23,349,706,350,1180,1284,1265,1151,962,686,364,26,306,601,835,987,1062,1046,949,786,556,292,23,237,463,637,752,798,777,696,563,395,204,17,160,315,428,509,537,1805,466,384,280,166,52,59,152,222,275,299,299,287,258,215,170,117,66,19,27,74,123,177,225,261,287,291,270,1247,142,33,84,209,330,413,447,421,332,189,8,185,353,467,497,438,292,92,121,8,6,1,0,2,2,0,1,2,4,1,185,219,220,181,101,0,105,204,275,318,314,270,191,82,41,155,270,358,403,839,371,290,176,40,105,241,353,440,491,494,458,370,245,106,54,208,350,467,554,588,582,522,412,271,94,86,273,206,586,674,715,696,617,500,327,131,81,297,498,658,774,827,808,734,598,418,199,37,287,513,703,846,920,926,861,730,551,324,65,200,456,682,861,1402,1034,1006,912,738,515,252,35,327,598,829,1017,1117,1151,1095,954,745,474,165,162,483,779,1021,1200,1284,1287,1176,983,828,377,11,359,716,1031,1269,1421,1453,1387,26
72,23,708,833,885,865,783,636,449,215,30,601,501,683,817,885,886,816,691,508,286,40,205,429,618,757,829,847,804,697,534,325,99,140,361,540,686,774,793,387,648,494,305,100,102,300,464,591,665,673,636,539,409,256,86,84,240,375,465,518,522,484,413,314,193,62,62,170,262,323,352,361,339,288,228,208,60,16,89,148,190,214,220,208,185,149,109,70,33,6,36,68,91,105,120,130,138,140,134,120,95,57,8,209,110,165,208,236,238,202,136,46,58,156,238,286,288,244,153,35,88,194,255,1,0,0,0,2,1,0,0,0,0,0,99,61,7,53,106,147,167,164,135,89,26,40,112,170,209,225,213,180,120,230,29,103,172,227,261,272,254,215,152,75,13,104,190,256,303,326,323,293,238,155,61,42,149,240,320,369,395,296,347,278,185,75,42,161,272,368,436,466,468,427,343,238,111,24,161,289,397,475,526,531,494,420,312,180,36,118,263,392,494,556,588,573,510,550,286,134,27,191,344,476,576,633,650,616,541,422,273,97,88,275,444,578,677,723,724,670,570,415,229,19,198,186,577,709,795,819,789,693,548,357,141,12
66,9,766,611,412,178,64,309,532,714,864,1403,949,891,775,609,398,156,89,327,549,731,856,922,924,849,718,543,341,111,120,351,552,709,816,852,840,769,637,648,250,29,184,379,543,664,732,748,705,608,477,306,127,51,224,371,481,558,586,564,507,415,307,178,41,94,208,296,360,393,396,373,330,259,186,27,6,71,140,189,225,238,235,217,189,148,109,72,32,10,41,73,91,107,124,135,146,150,150,140,119,86,43,325,78,144,203,241,267,254,210,134,29,81,188,267,308,303,251,151,26,103,205,2,0,1,0,1,1,1,0,1,0,1,119,91,44,12,75,125,163,184,182,154,103,36,34,109,172,213,239,246,217,419,109,29,52,133,202,257,288,298,283,243,183,103,14,79,169,247,312,350,367,349,307,244,154,53,51,164,266,202,413,438,437,406,341,258,144,19,105,226,342,431,496,518,500,460,381,278,149,4,144,282,406,503,562,588,574,519,431,313,168,7,148,296,432,780,622,649,644,591,503,382,237,63,114,282,440,569,671,725,733,694,606,477,322,131,69,268,458,623,750,818,845,729,716,572,390,176,52,284,500,685,821,4
53,23,503,685,815,880,879,808,682,496,275,145,216,446,642,786,868,883,834,724,555,344,110,132,364,566,717,812,854,822,730,576,385,156,71,289,485,641,745,171,762,679,540,362,174,39,240,413,549,625,663,631,563,447,303,140,27,183,320,423,482,502,482,426,342,230,108,8,123,216,286,333,349,337,302,644,166,93,17,53,111,161,190,199,197,178,154,126,92,55,22,11,39,63,85,105,124,140,152,152,143,120,81,499,31,96,159,211,250,251,220,151,61,44,149,238,287,290,244,152,32,93,195,2,0,0,0,1,0,0,0,0,0,0,117,86,39,18,74,124,159,173,160,126,73,8,63,133,185,217,228,213,172,339,33,37,118,186,239,272,273,254,211,148,68,21,113,195,261,308,331,326,297,236,154,55,50,153,247,319,376,283,395,354,286,194,78,40,164,280,373,435,475,470,426,350,245,122,16,154,285,394,481,526,536,504,432,328,199,50,100,249,383,487,560,596,582,719,438,314,162,1,164,321,462,569,637,659,638,565,453,304,132,54,243,412,559,669,734,740,702,598,456,269,62,38,359,538,689,787,832,815,737,595,416,7
38,5,62,87,112,131,140,149,145,134,115,167,54,14,24,66,104,141,168,177,195,179,156,126,92,47,1,39,88,126,155,169,173,170,153,134,92,51,6,389,76,108,123,140,145,143,128,104,71,35,0,36,69,93,109,117,118,103,85,64,39,10,16,44,64,76,79,80,68,50,32,12,15,31,46,127,55,57,46,33,14,1,21,42,55,64,59,53,32,12,9,31,50,60,75,73,60,41,16,13,42,59,73,410,69,49,23,4,34,57,72,74,62,45,16,12,42,59,62,52,25,5,32,3,1,2,5,0,4,0,2,0,4,1,62,103,229,309,306,216,79,72,215,340,385,373,303,180,30,130,268,382,437,251,385,282,152,24,178,303,400,472,466,413,353,236,107,20,154,282,370,422,457,431,375,306,215,94,32,144,268,101,410,437,438,400,336,264,149,36,76,189,288,357,412,437,429,390,330,237,138,31,82,190,283,358,407,417,405,371,305,222,132,27,74,169,243,363,344,355,339,300,248,177,105,30,38,102,164,202,224,232,232,213,184,147,102,61,25,6,38,65,88,102,115,486,112,112,116,107,97,84,71,51,39,0
82,2,89,69,47,27,2,32,60,92,124,293,160,167,167,165,153,128,95,58,21,18,55,93,124,150,174,180,180,169,144,117,82,44,8,28,67,100,127,68,146,150,149,133,109,81,48,15,8,43,72,91,107,114,113,105,88,69,53,25,3,23,50,67,80,84,84,72,63,44,26,3,12,28,44,151,63,58,52,40,24,2,14,31,45,53,60,57,49,39,23,0,19,45,55,65,70,62,47,32,8,21,44,367,73,76,73,54,29,5,23,47,62,74,63,45,21,6,29,50,55,44,21,1,0,0,0,2,4,2,0,3,3,0,259,219,108,43,191,299,353,334,260,143,0,149,279,375,421,417,360,259,128,44,165,293,395,454,469,434,366,264,140,11,122,246,342,409,449,449,425,365,286,188,76,36,150,249,333,392,432,1036,423,380,321,240,142,45,61,163,258,334,387,426,434,419,387,324,251,150,54,47,144,238,310,371,407,417,414,376,324,251,171,75,13,105,173,234,298,335,343,333,312,273,226,159,97,24,36,91,132,167,191,208,208,200,184,162,142,112,86,54,25,2,19,431,52,64,85,92,97,103,112,117,132,12
37,1,76,101,122,135,141,140,139,119,93,92,21,25,70,113,147,167,173,174,165,128,101,56,11,41,92,128,153,169,178,168,146,111,69,20,26,67,95,81,152,160,148,126,100,66,26,12,50,85,106,118,120,111,92,67,33,1,25,51,72,86,96,89,75,57,31,3,25,49,62,64,67,59,46,33,1,18,39,51,60,64,56,40,19,7,25,47,57,61,63,48,28,8,17,43,61,71,72,61,39,14,14,332,67,73,72,60,37,4,23,52,68,67,55,32,1,26,53,62,51,26,0,0,1,0,2,1,1,2,6,4,3,2,100,235,298,265,153,9,172,300,364,362,281,149,11,178,312,403,435,397,299,251,11,171,313,414,466,455,389,278,135,11,165,298,393,448,456,413,335,222,92,43,173,285,379,431,443,419,360,1298,152,26,99,216,312,388,429,432,407,350,258,143,22,96,212,312,384,426,430,406,349,261,150,37,83,193,291,357,395,400,382,335,248,153,45,264,153,229,287,317,323,306,274,219,135,66,14,83,134,178,207,220,216,193,163,126,87,53,15,22,52,82,96,247,118,115,118,109,105,93,74,60,55,8
100,15,229,152,42,79,187,265,305,280,190,69,102,235,320,348,297,184,32,134,269,339,349,281,153,11,176,298,354,333,235,87,79,223,311,340,293,182,38,660,245,299,294,220,99,30,153,247,269,235,149,22,93,182,237,221,154,61,52,140,185,195,150,69,18,101,150,156,121,54,25,88,124,131,96,119,27,82,114,107,75,15,51,95,114,102,47,25,84,119,116,76,15,61,122,142,121,56,29,104,151,144,84,282,88,142,148,103,15,74,135,146,106,21,67,125,133,77,9,85,115,82,22,0,7,3,1,3,10,1,2,8,0,3,132,272,565,558,256,204,594,725,551,144,336,699,804,627,214,286,694,880,783,490,74,553,871,917,682,253,250,683,917,893,627,189,291,684,894,875,634,239,209,608,848,883,708,362,75,478,768,1535,781,500,108,311,656,852,852,651,306,100,492,774,876,783,510,120,287,628,831,845,672,353,51,436,718,839,760,509,157,217,542,737,766,632,358,848,317,574,684,641,463,185,110,360,522,565,483,309,79,142,312,411,415,342,215,53,95,210,281,297,260,190,93,1308,99,180,228,234,209,162,90,5,90,1
51,35,410,640,817,916,942,886,765,568,329,93,217,471,683,841,922,930,861,726,524,281,9,255,499,700,832,895,893,806,654,446,205,54,301,515,693,803,846,424,700,535,318,88,137,352,526,652,714,707,647,526,365,184,8,193,352,482,551,570,537,455,351,219,74,67,194,292,367,400,400,367,305,220,123,272,75,146,197,234,248,244,218,179,130,75,24,21,62,101,121,135,144,143,139,134,117,97,67,30,21,72,126,409,213,228,216,179,113,20,81,176,256,300,292,235,135,11,118,228,291,293,227,0,3,0,1,2,1,0,1,0,2,0,24,84,130,152,150,123,72,6,65,132,185,213,214,186,134,66,20,105,182,402,267,266,238,181,98,15,80,166,242,295,324,315,276,216,126,30,79,179,274,337,378,382,348,288,193,82,38,31,279,368,427,453,438,391,304,189,51,90,230,356,451,503,520,492,423,317,184,27,136,289,421,519,574,585,547,461,339,189,20,151,314,461,569,879,649,607,520,387,229,48,141,326,484,608,689,713,687,599,469,292,82,127,333,516,664,761,807,775,686,535,337,251,134,365,573,742,850,890,869,759,596,8
22,23,232,30,172,365,544,696,820,899,944,1347,885,788,657,491,301,95,108,306,496,659,785,870,918,909,860,771,653,503,327,133,64,257,437,582,702,787,835,332,781,699,578,432,277,100,70,239,386,503,597,649,668,652,606,533,429,313,184,50,77,192,292,370,429,456,459,437,398,339,273,193,111,30,47,728,171,209,239,256,257,247,225,198,162,125,87,52,19,13,39,60,77,95,110,124,136,153,164,168,167,155,134,681,55,0,61,128,195,246,278,283,262,211,130,30,76,173,254,295,300,253,169,2,0,1,0,0,0,1,0,1,0,1,124,106,69,21,32,84,133,170,192,196,178,142,94,33,31,94,157,205,240,489,263,245,212,164,98,30,44,116,186,243,290,317,332,324,297,254,198,128,44,39,125,204,278,338,385,410,416,322,360,303,226,137,40,61,166,266,352,422,479,503,507,485,434,371,287,182,69,52,175,287,392,479,540,577,592,574,535,469,376,270,151,16,116,393,372,473,560,623,657,667,647,593,518,410,288,150,3,146,299,439,566,663,731,774,775,746,685,582,456,299,127,122,228,400,552,690,801,871,907,891,838,9
111,4,626,393,108,194,473,712,869,934,911,1098,580,317,11,286,550,759,889,934,874,719,488,211,89,385,623,797,890,887,797,618,372,84,200,454,662,793,842,406,656,456,208,50,293,511,660,737,722,625,474,272,53,167,358,505,584,608,558,444,296,121,54,210,339,421,453,431,377,276,162,33,91,192,265,1298,308,281,228,158,84,3,69,130,171,188,188,175,146,108,68,30,10,43,78,110,134,153,163,157,135,98,37,299,106,177,228,256,243,187,89,25,146,249,303,302,237,125,18,155,258,295,257,2,0,0,1,1,0,0,0,0,1,2,104,135,139,108,56,13,86,147,185,197,168,112,37,53,137,201,240,243,212,407,62,33,125,208,266,292,279,232,154,55,53,159,249,314,339,329,283,203,93,33,157,264,348,395,396,357,278,214,19,126,253,362,433,466,445,374,264,119,37,202,343,452,512,523,475,378,238,66,114,283,434,535,580,567,501,377,219,33,164,345,496,598,632,857,531,390,212,9,192,387,547,654,697,665,572,421,224,3,234,447,617,730,773,735,621,447,223,34,291,528,716,627,854,801,657,452,190,96,378,624,802,6
45,15,657,513,341,146,53,253,444,604,745,1316,895,895,849,758,620,457,270,70,138,332,509,655,768,835,854,832,770,663,525,354,167,30,217,389,542,661,744,160,769,719,623,499,356,189,21,144,299,427,531,596,625,620,579,512,413,301,172,41,85,199,295,365,421,440,437,404,354,288,215,134,53,24,100,881,207,236,252,255,242,220,189,150,111,68,29,1,35,65,82,97,108,119,128,134,138,142,142,131,115,89,54,403,48,103,162,208,246,256,243,202,137,50,46,143,225,278,292,266,198,97,17,1,0,0,3,0,1,1,0,0,0,0,4,43,91,126,152,158,143,111,64,11,51,106,157,198,220,221,203,166,119,227,10,80,144,200,243,268,278,270,246,200,142,71,4,79,156,222,281,321,346,348,332,296,236,167,83,7,101,57,273,345,393,421,427,414,375,315,238,140,37,73,186,287,374,445,491,512,508,473,415,331,227,111,13,131,254,362,453,525,569,585,572,527,458,469,252,124,14,150,281,403,505,586,643,664,654,611,541,435,312,167,8,151,304,448,569,667,737,769,766,718,627,548,363,188,9,180,363,530,671,780,848,1
42,5,53,28,5,17,49,77,95,130,141,331,156,164,150,150,123,95,66,19,5,52,88,122,149,164,184,179,182,162,143,107,78,30,1,45,69,112,114,3,152,157,148,136,109,91,49,23,9,34,70,86,110,112,116,101,101,79,60,35,12,15,35,55,72,74,75,70,68,56,37,19,6,20,37,143,50,61,64,54,43,20,4,12,29,42,53,58,57,52,35,21,3,9,34,49,67,75,72,59,50,21,4,302,50,65,76,69,61,43,26,6,38,54,65,65,56,33,3,12,41,49,42,3,1,1,0,3,0,2,0,1,8,2,6,139,257,311,299,210,77,67,208,305,380,386,354,263,152,5,139,278,374,5,452,427,366,261,129,5,141,270,358,424,456,462,416,354,254,154,36,72,183,279,358,402,437,429,429,369,310,1273,126,15,82,184,260,346,393,424,432,424,388,333,257,176,75,24,110,199,286,353,404,426,430,403,361,303,229,144,54,40,126,204,274,333,351,582,347,331,291,242,173,103,42,29,80,140,176,210,225,229,232,205,199,164,134,96,66,40,4,18,42,50,73,12,95,98,106,104,105,105,120,103,109,7
80,22,812,899,941,913,846,723,564,366,150,296,299,502,678,811,897,936,925,860,744,588,399,189,31,256,453,620,753,843,893,877,822,702,553,374,173,19,222,369,569,683,757,784,770,702,598,459,297,119,54,221,364,480,564,611,619,596,530,429,313,188,56,65,179,278,349,392,413,410,386,340,279,203,121,214,41,102,156,196,221,237,235,224,197,165,133,97,61,25,5,30,51,72,93,108,129,145,160,168,167,160,133,672,43,11,82,150,213,258,283,273,236,165,69,44,153,240,295,304,272,189,74,0,0,1,2,2,1,1,0,0,0,0,108,137,143,127,95,47,9,69,125,172,199,210,201,166,118,57,14,83,152,331,252,270,270,252,210,156,87,11,69,148,217,274,319,337,337,309,268,207,128,39,54,150,235,309,366,403,419,326,372,304,231,134,27,82,196,295,385,448,498,508,492,441,368,278,166,43,85,215,331,435,511,566,584,569,527,452,356,235,99,42,185,317,436,772,613,647,651,618,561,469,356,212,62,98,255,399,532,635,709,745,742,697,617,501,356,188,9,182,367,532,675,587,844,854,831,756,643,484,298,96,110,8
83,1,127,139,147,145,136,120,82,69,44,26,39,75,109,137,159,173,177,182,157,139,104,65,20,21,63,102,125,151,173,178,172,157,136,105,67,24,25,321,88,114,138,142,142,139,125,95,61,38,3,27,55,80,102,112,116,108,94,74,48,21,3,32,45,64,70,74,73,61,48,30,1,4,34,118,61,61,59,56,38,24,13,16,37,49,58,64,58,43,38,10,16,29,41,62,74,68,59,40,19,11,38,423,75,73,68,56,31,9,22,43,66,71,62,47,22,9,32,54,58,46,22,1,1,2,1,1,4,0,3,2,0,1,192,70,86,230,320,336,281,174,20,126,258,359,407,394,321,213,78,86,223,189,428,462,444,377,274,143,6,146,271,366,431,459,445,389,309,213,93,28,148,255,347,406,448,444,408,358,270,1217,61,52,155,256,332,393,428,437,420,371,301,215,115,15,91,198,285,357,403,430,432,400,335,268,177,88,22,118,207,284,345,378,384,383,347,821,215,134,52,33,111,180,228,266,285,284,263,232,195,147,105,43,2,36,79,108,132,143,148,153,141,137,127,993,91,68,57,39,20,0,19,43,57,10
44,25,358,534,681,793,862,883,877,802,713,704,403,215,19,185,370,537,677,781,852,884,856,793,686,535,370,192,1,188,369,529,655,743,803,796,774,710,601,612,300,127,47,221,370,498,591,663,683,667,622,536,432,305,170,35,103,224,329,409,463,486,488,461,418,345,263,172,77,14,96,168,231,269,298,1157,293,270,234,193,145,95,48,4,37,72,100,120,136,145,149,146,142,134,126,117,101,87,67,42,7,29,72,126,162,201,229,236,228,188,129,53,33,125,205,267,296,287,238,156,50,58,159,2,2,0,1,0,0,0,2,1,1,0,112,90,52,6,46,95,138,169,183,179,154,113,62,0,64,119,174,213,236,497,234,204,161,107,38,28,101,166,224,265,300,306,301,278,232,178,111,34,49,131,207,274,327,367,382,380,357,279,252,174,84,9,106,203,290,364,427,459,478,461,422,363,278,187,82,32,143,252,356,438,499,541,546,536,494,421,337,235,112,9,136,263,371,697,550,591,619,610,576,515,433,321,204,63,79,219,354,475,578,656,709,718,696,643,552,445,309,148,19,188,356,292,633,730,794,818,811,754,672,543,398,7
34,16,802,713,586,432,255,61,137,322,500,1127,772,853,894,888,838,748,626,472,290,97,96,279,450,598,714,796,844,845,806,723,605,454,284,106,69,240,405,311,652,722,750,740,694,609,499,367,219,67,83,229,350,452,530,572,583,564,514,437,347,241,135,28,81,178,257,317,357,375,374,354,322,278,219,224,83,20,41,96,136,167,186,197,198,189,175,157,135,110,87,60,37,15,3,24,45,71,99,125,153,174,189,806,182,159,122,67,1,71,146,213,264,288,279,235,163,68,38,139,221,269,269,1,0,2,1,0,0,1,2,0,1,1,93,126,139,136,115,75,27,28,85,137,177,199,206,198,170,126,68,6,56,135,179,225,257,272,268,247,208,157,97,29,47,120,189,244,289,321,339,334,312,270,209,140,58,25,108,192,269,180,386,416,424,411,376,321,249,162,68,35,137,234,325,400,456,494,509,494,457,393,311,215,103,15,134,245,349,436,507,555,576,573,545,486,406,387,194,70,60,188,308,419,516,592,643,662,652,611,547,451,339,204,57,95,243,385,513,620,705,754,774,754,698,611,491,342,179,0,182,359,521,660,768,1
12,2,634,762,858,921,947,932,881,786,669,604,346,167,25,212,395,554,694,808,888,935,934,894,820,702,568,413,244,64,116,295,458,597,713,785,834,850,826,496,668,548,402,243,89,81,232,372,492,575,642,671,676,648,598,522,416,312,186,61,54,163,252,333,397,437,453,446,424,382,330,269,201,125,58,418,76,125,171,202,224,236,236,224,204,182,156,133,106,79,54,31,9,11,30,49,69,95,118,141,167,183,196,794,192,175,137,87,23,49,128,199,258,300,307,285,229,145,45,65,166,243,281,2,1,0,0,0,2,0,2,1,0,0,117,96,61,15,36,86,132,169,191,201,189,162,118,63,5,57,119,175,221,441,272,271,259,228,182,130,64,4,75,145,210,264,307,335,347,345,329,292,241,178,104,25,58,140,220,290,353,256,433,444,437,410,364,305,227,139,46,56,155,250,343,416,472,518,540,538,517,467,403,320,222,116,0,116,231,333,428,504,568,605,622,621,587,713,465,370,262,143,19,108,234,359,468,562,641,688,720,721,700,650,570,468,347,210,62,91,246,398,536,653,752,645,856,859,824,760,668,543,400,239,62,1
58,38,187,389,550,667,739,752,716,615,478,296,95,113,315,486,620,711,749,727,655,526,363,173,27,227,403,552,658,711,711,653,550,395,226,33,155,325,474,41,641,649,595,505,385,225,60,110,265,387,477,524,533,495,428,325,197,65,70,190,286,356,393,397,375,323,250,158,60,32,114,185,238,266,277,850,225,179,123,65,10,43,87,120,141,148,146,139,123,103,81,58,32,7,16,42,65,89,113,131,144,146,135,630,69,17,40,104,165,208,228,210,169,100,9,87,173,230,248,223,157,59,50,3,2,0,1,0,0,0,1,1,1,0,98,80,45,0,50,94,128,144,144,123,82,28,34,92,141,174,192,190,166,313,61,3,72,135,187,223,238,230,205,160,101,25,54,128,193,242,275,285,277,236,181,103,16,74,161,236,298,231,351,332,289,223,137,39,66,171,263,335,390,409,400,357,282,192,82,32,150,262,355,419,457,460,427,363,270,154,31,96,222,333,424,488,508,680,456,376,270,141,2,140,272,391,486,543,569,549,494,400,277,130,34,192,339,466,563,620,644,605,531,412,261,206,93,271,433,567,663,712,711,653,555,16
48,26,75,234,425,500,402,217,29,269,427,52,368,148,120,362,494,448,279,13,237,435,502,429,202,95,376,542,525,339,28,287,520,601,501,228,119,408,550,914,328,39,271,512,572,453,167,178,475,621,555,314,38,377,607,614,417,55,322,603,671,510,160,248,580,707,585,248,171,537,709,636,325,112,513,431,685,393,58,497,758,721,395,77,508,719,652,333,100,512,711,629,269,199,584,716,546,142,317,629,657,393,39,477,636,520,167,260,536,537,277,99,406,494,317,14,323,424,265,63,348,392,159,10,1,1,0,5,1,8,14,8,4,7,386,250,62,326,360,150,164,381,384,154,166,405,432,225,97,377,478,342,35,457,462,416,193,123,388,475,351,77,223,421,435,273,7,245,393,385,231,13,241,372,373,235,20,200,336,339,236,449,117,263,314,251,112,49,188,276,277,186,31,126,243,281,237,114,35,175,253,246,170,46,94,222,295,245,118,49,176,255,272,214,70,102,252,260,304,191,21,256,402,422,304,98,139,338,438,374,209,39,281,434,469,342,81,216,438,521,424,230,66,349,515,1218,341,73,219,440,520,430,224,65,377,10
84,12,855,873,836,743,607,433,236,23,196,764,586,735,839,889,884,828,727,583,399,197,19,231,425,596,726,805,846,833,772,656,505,320,125,74,268,439,587,57,753,762,723,640,523,371,203,25,147,302,434,534,597,615,602,547,461,353,220,80,52,172,276,358,414,441,435,400,345,273,196,107,22,61,136,967,232,253,259,252,231,198,156,113,65,19,17,53,81,104,119,125,129,133,135,130,125,115,101,77,47,8,39,5,144,185,222,244,237,202,140,59,37,133,218,278,300,281,217,115,2,113,205,2,1,0,0,0,0,0,1,0,0,1,57,101,130,143,136,108,64,10,48,110,158,193,209,204,178,134,74,5,67,169,194,236,263,268,248,213,160,91,18,63,139,210,270,310,326,323,301,258,195,115,23,67,157,244,312,364,397,304,384,333,267,182,81,23,134,237,331,402,459,480,474,435,368,286,184,62,60,182,298,398,477,530,548,540,495,419,326,209,74,64,199,325,435,761,589,612,603,561,491,392,274,128,21,173,322,451,564,645,693,701,670,598,492,356,199,27,151,329,494,629,732,632,811,771,695,577,424,243,42,163,357,7
3,18,228,95,23,126,206,278,354,402,441,173,463,422,362,286,202,95,22,123,225,334,426,478,513,530,512,457,374,279,171,35,124,245,361,472,541,566,562,871,479,392,277,143,7,139,284,395,493,561,598,607,579,500,374,232,71,107,275,415,531,618,671,669,620,519,386,220,27,170,344,506,625,706,741,309,617,490,301,77,142,346,529,661,725,713,658,546,372,170,46,270,472,622,699,700,638,491,282,55,171,381,539,701,608,533,384,190,17,214,370,468,487,426,287,100,99,274,373,390,315,159,41,14,5,7,3,0,11,2,8,5,3,0,363,243,64,135,294,380,375,292,142,36,204,338,413,434,384,260,101,72,249,519,463,482,432,338,205,54,95,234,342,405,428,412,348,262,147,30,87,198,284,337,364,362,333,284,209,122,37,369,120,186,238,264,271,275,263,222,178,128,73,6,58,116,162,203,241,245,247,250,225,202,175,115,50,6,63,139,176,214,245,269,283,273,255,422,176,96,28,59,158,234,300,352,386,407,405,370,329,259,162,54,71,179,279,382,447,475,494,490,445,385,286,336,59,59,178,266,352,432,484,537,558,55
23,53,180,520,829,1088,1296,1430,1506,1489,1412,1669,1015,734,414,76,265,589,888,1137,1330,1456,1493,1446,1327,1129,884,600,282,43,364,671,933,1137,1284,1352,1344,1277,1139,974,686,397,97,202,475,727,918,1058,1134,1132,1075,962,803,609,391,152,86,303,501,649,754,816,821,785,714,599,466,315,155,1,145,276,382,456,507,1955,497,459,399,325,244,160,74,0,76,133,181,210,229,239,241,238,228,215,206,189,166,143,101,54,7,79,155,334,298,354,392,396,365,286,170,25,129,278,401,481,505,461,349,190,3,189,339,10,4,3,1,2,3,2,0,0,0,4,188,219,222,191,137,55,37,133,223,296,338,345,325,265,181,83,32,140,249,529,407,444,447,418,360,274,171,51,75,202,320,420,491,537,553,536,491,407,297,166,23,127,269,405,519,607,671,507,677,615,526,400,252,85,95,268,433,577,694,773,814,813,763,685,561,409,233,27,169,370,555,715,831,911,943,926,876,775,628,453,245,25,196,662,610,779,915,1010,1060,1055,1006,903,758,569,348,112,139,388,628,842,1024,1145,1216,1232,1185,1082,923,711,454,173,131,80,707,955,1159,1303,1397,1413,1369,1251,1062,12
11,28,368,122,123,364,580,754,883,936,941,1190,733,547,322,74,179,415,626,787,896,935,907,816,666,459,229,11,246,463,649,785,869,871,818,700,543,357,132,578,316,504,648,735,778,752,674,551,385,194,4,185,349,480,574,623,618,577,482,356,213,61,81,209,318,396,438,446,417,360,291,197,99,3,88,901,227,259,276,269,247,209,164,110,56,8,36,74,103,131,142,148,146,139,132,120,106,85,57,24,25,73,124,404,210,231,232,208,156,72,26,127,223,288,315,290,224,119,2,129,232,288,285,0,0,1,2,1,0,1,2,2,2,0,112,76,26,34,96,145,174,185,169,130,67,3,80,150,206,233,243,230,186,347,47,35,119,194,251,291,301,289,253,189,107,16,83,173,253,309,349,361,347,300,230,143,39,74,181,278,361,269,445,430,389,318,219,109,22,148,271,372,456,501,516,489,419,329,210,77,70,213,345,452,532,576,577,539,464,351,220,67,94,250,388,506,589,892,644,602,520,401,262,97,75,254,411,542,648,702,720,686,606,482,317,135,57,258,443,600,727,801,824,785,700,587,373,160,63,293,509,688,826,907,930,7
82,9,457,222,8,199,357,419,445,353,204,563,170,349,458,473,409,271,76,155,321,469,518,428,274,70,157,367,497,553,491,344,87,192,421,580,609,503,265,442,186,392,540,540,463,267,13,280,517,625,597,457,218,89,358,567,655,574,380,86,232,502,651,676,544,273,60,380,623,724,649,445,106,257,562,592,731,540,224,166,500,721,753,594,279,95,422,662,707,573,280,67,432,652,699,530,211,157,498,669,634,385,40,115,548,617,462,176,153,417,517,433,199,101,348,457,373,131,149,342,370,203,79,8,3,9,2,0,2,3,3,4,14,7,45,286,354,230,15,258,382,335,144,110,330,425,357,160,112,341,464,420,226,195,270,433,442,314,97,149,334,432,399,242,28,175,324,373,330,209,40,145,294,363,343,253,93,66,205,269,285,554,145,14,110,212,271,270,211,120,12,93,176,219,237,188,115,6,108,204,260,263,214,126,28,104,201,252,262,235,141,45,72,192,260,265,232,274,10,141,284,364,393,332,214,35,137,298,401,411,333,210,22,185,342,454,464,361,196,21,231,393,476,471,378,290,10,234,389,462,444,368,164,19,268,16
28,31,48,262,460,629,762,845,890,864,804,906,526,334,119,99,314,505,669,790,860,887,848,758,632,449,251,42,166,363,541,674,773,810,812,747,652,523,343,641,46,236,406,544,641,700,710,681,596,480,344,181,16,141,283,400,486,538,553,531,472,387,286,176,56,62,163,248,312,353,371,362,337,284,227,252,79,8,60,113,155,183,201,202,193,179,154,125,99,64,35,6,19,41,63,82,102,121,144,159,167,167,152,751,78,24,43,114,182,235,268,268,232,175,84,21,129,217,276,293,259,183,74,4,0,3,0,1,0,0,2,0,0,0,112,86,42,7,65,114,152,175,177,158,119,63,2,70,129,187,221,239,236,493,168,108,36,39,116,179,238,274,295,292,268,222,162,89,4,82,168,244,302,340,359,357,325,280,209,125,25,58,178,271,347,398,430,436,414,367,299,203,99,18,139,253,354,435,495,516,513,468,404,311,198,71,60,192,318,419,503,556,576,566,525,450,349,257,86,53,200,331,450,546,612,639,643,598,528,423,294,140,25,190,354,495,606,691,734,740,705,624,508,353,176,160,209,390,557,685,786,836,845,795,704,6
58,11,739,854,926,940,914,827,711,547,364,33,57,272,469,646,781,877,927,934,887,800,667,501,307,91,123,321,506,660,779,852,885,856,798,686,550,397,205,625,192,368,519,637,717,757,756,713,628,503,367,208,50,103,246,370,469,540,571,569,536,473,395,299,189,76,36,133,218,287,331,360,368,357,325,777,214,154,89,21,34,85,126,155,173,182,184,179,166,149,130,109,90,71,52,30,3,21,54,88,123,157,187,714,214,207,182,138,75,8,97,177,250,298,310,284,223,131,17,97,203,268,288,5,2,0,0,2,1,3,1,1,0,0,118,91,48,2,56,108,151,181,191,184,152,105,47,21,89,150,205,241,261,538,240,197,140,72,3,78,151,215,271,308,326,322,303,260,201,129,50,33,127,210,283,343,383,404,404,379,335,268,180,79,22,123,223,312,392,451,491,494,487,437,366,273,163,50,70,191,305,406,487,543,571,575,540,486,402,296,178,50,87,220,348,459,542,870,647,642,618,557,473,363,238,93,54,205,347,471,585,665,724,744,731,674,587,467,325,163,9,191,365,525,662,567,838,862,846,782,684,545,385,197,1,8
87,33,734,868,935,926,863,728,549,322,76,461,424,636,802,909,945,915,822,679,479,246,4,252,477,667,802,884,906,855,745,576,378,145,87,314,515,677,788,201,811,733,591,419,228,13,186,372,530,630,693,686,637,542,411,249,80,85,238,365,450,502,516,494,436,344,232,112,9,121,211,285,333,347,343,966,254,190,121,46,25,86,134,166,185,186,176,167,147,121,96,66,36,8,21,48,81,112,141,162,181,182,171,792,100,37,32,109,191,251,286,278,238,160,50,69,182,269,313,300,232,122,10,0,1,0,1,0,1,0,0,2,1,0,31,86,130,153,155,131,85,24,46,114,170,206,222,211,177,120,50,27,113,289,243,275,280,260,212,152,67,17,110,189,261,311,335,334,301,245,168,72,30,134,227,307,363,398,402,371,318,264,134,14,108,223,324,406,460,481,474,421,344,234,99,40,182,310,422,501,549,553,524,450,342,213,70,83,235,372,484,565,609,608,573,498,379,273,77,85,251,397,522,615,672,679,644,562,445,293,120,67,254,429,580,688,756,771,737,651,522,345,141,76,294,269,659,781,855,869,825,718,571,365,147,18
127,27,641,715,747,736,695,611,513,376,225,58,111,274,417,542,639,705,740,738,701,635,532,405,260,94,65,217,364,484,587,659,695,692,663,590,497,387,249,510,44,193,320,426,511,567,592,591,553,485,398,291,175,60,57,165,259,338,394,425,434,420,388,334,271,191,109,31,44,110,168,218,250,268,270,876,230,200,163,118,78,32,6,40,70,91,107,118,123,125,124,118,110,106,95,85,73,59,39,19,11,43,83,205,149,176,195,196,183,146,92,24,48,123,185,232,250,240,193,124,32,60,138,1,2,0,0,0,2,0,1,1,1,0,11,54,89,116,129,128,110,81,42,3,51,98,138,171,185,186,172,143,105,190,0,57,112,159,196,224,236,237,225,195,154,100,39,23,88,148,202,247,282,298,300,288,258,216,160,96,21,46,138,209,270,317,350,371,373,355,322,266,201,119,30,60,151,237,315,375,420,444,448,429,389,330,252,166,69,32,127,224,314,391,451,492,506,683,475,423,354,267,168,60,51,163,270,365,453,514,563,577,574,541,487,403,302,186,57,72,207,338,455,553,630,536,682,662,612,533,431,298,155,5,140,17
13,19,131,126,375,595,760,863,892,839,715,633,299,40,220,465,663,805,875,869,790,644,436,193,64,318,539,705,822,852,812,699,524,302,67,177,401,583,717,149,767,685,539,355,149,75,283,459,589,654,657,607,504,358,186,3,169,321,434,501,522,486,419,316,189,52,77,196,287,344,370,358,318,254,174,43,9,87,148,197,222,230,215,184,142,97,47,2,37,74,98,117,128,134,131,128,119,103,76,37,9,59,111,363,201,219,210,176,111,22,77,174,249,290,279,221,123,0,124,228,282,275,202,0,0,1,0,3,0,0,0,1,1,2,111,83,33,25,84,135,166,173,150,104,38,37,111,172,212,229,212,170,105,168,60,140,211,255,272,265,225,161,83,12,109,195,264,312,326,310,266,194,99,10,120,219,301,360,385,375,333,253,150,28,96,214,318,398,442,449,417,342,241,110,35,179,307,414,487,515,503,441,339,210,58,104,256,388,492,549,566,536,458,342,196,28,144,472,448,547,611,617,578,491,364,201,24,164,343,492,609,678,692,649,546,396,217,11,201,398,570,697,768,776,719,604,417,204,34,270,491,671,800,859,846,1
0,26,399,814,935,720,249,315,767,941,791,313,234,722,947,837,427,135,639,922,859,495,54,576,881,867,544,26,494,837,880,602,111,409,773,840,614,168,345,119,820,628,211,273,638,768,609,239,211,568,701,577,246,155,489,636,539,266,98,406,542,477,248,55,329,463,427,240,17,247,380,364,228,16,189,1244,309,205,41,117,222,244,182,69,60,153,184,158,85,10,89,138,147,118,51,25,99,150,158,110,16,90,178,825,148,22,131,242,259,150,36,215,298,237,51,170,303,283,110,120,280,274,109,6,0,0,1,1,0,0,0,0,0,0,127,107,19,88,159,147,61,61,167,197,135,1,138,225,212,106,54,196,255,497,78,96,236,287,218,64,122,265,311,229,56,143,299,338,250,67,148,316,367,280,79,151,334,404,317,112,140,200,438,362,147,122,353,467,406,194,91,357,500,458,249,56,344,516,506,306,6,322,533,549,366,51,292,532,585,431,123,233,513,620,502,211,160,728,643,574,303,77,439,652,640,397,16,381,655,697,502,122,309,642,758,601,233,224,611,791,693,339,140,585,830,715,457,38,527,834,849,555,57,469,839,6
110,5,128,141,141,148,148,129,124,124,95,106,51,14,26,57,83,111,134,149,174,184,200,165,176,141,129,96,59,42,5,49,82,102,143,141,162,158,170,327,148,131,102,80,46,18,15,53,82,100,124,124,121,118,125,111,77,56,36,14,3,34,48,69,66,88,84,83,74,54,52,23,6,11,24,135,52,58,57,67,52,38,24,17,5,28,38,56,58,60,63,49,45,23,10,12,38,62,65,78,83,60,45,2,6,19,42,60,66,73,74,66,42,12,13,34,55,65,63,49,20,7,26,0,1,0,1,1,0,1,0,2,3,0,262,266,189,57,76,216,316,363,364,308,208,78,56,196,305,392,442,453,417,292,237,124,32,157,280,357,436,474,475,447,393,305,207,98,11,123,214,310,375,429,439,445,437,396,332,266,181,1178,9,101,194,276,341,385,425,437,439,420,381,324,256,176,98,0,84,168,253,317,374,408,429,425,412,383,331,271,209,131,43,43,124,185,246,221,335,348,352,336,308,275,231,180,129,73,21,29,70,114,154,180,179,192,196,182,166,149,140,129,109,110,79,968,42,30,21,2,15,23,36,51,75,9
228,10,233,263,280,272,275,249,260,261,204,321,125,65,4,30,128,165,222,265,328,339,345,354,345,303,288,198,153,135,50,13,100,147,210,223,298,318,295,375,285,246,236,182,125,95,3,24,101,139,167,211,208,230,218,221,164,158,108,82,10,8,33,83,101,154,143,156,150,149,119,87,60,30,33,240,68,96,107,119,109,86,90,58,38,1,43,67,89,118,133,121,109,88,68,35,12,58,98,132,150,146,128,465,76,37,9,75,84,118,142,141,109,80,32,15,56,92,108,105,95,45,12,8,1,2,0,7,3,0,0,8,2,0,512,427,216,53,357,560,683,686,607,444,211,52,312,559,725,833,861,801,677,319,253,5,258,489,692,822,892,912,875,765,608,421,207,9,203,407,585,707,819,871,874,836,794,666,542,381,202,2038,157,325,482,627,732,801,863,863,833,765,667,573,400,259,96,96,247,408,556,679,767,824,852,841,789,697,609,489,339,178,45,117,275,407,495,577,660,676,690,641,599,538,435,365,249,130,22,75,141,244,303,338,363,370,367,352,337,334,277,249,218,184,142,1917,89,72,41,15,5,30,97,104,130,11
83,4,111,80,65,44,24,14,35,70,110,264,158,163,173,149,148,124,85,57,10,31,82,110,142,153,170,164,146,133,109,77,41,10,52,87,117,146,150,112,153,143,109,78,57,21,13,56,89,107,117,131,122,115,88,67,40,4,25,56,71,84,93,84,95,64,40,19,4,20,43,60,60,63,62,44,36,20,0,25,34,48,55,55,53,38,22,1,18,30,58,61,70,55,53,29,3,14,46,60,68,69,68,260,29,2,37,51,71,72,64,48,23,4,29,47,63,61,48,25,12,37,41,2,0,2,5,2,0,0,4,0,0,3,146,1,157,274,324,297,207,73,85,229,338,384,397,326,219,80,74,233,339,261,448,435,363,253,111,35,176,301,400,442,460,421,357,256,141,11,112,226,323,397,432,444,416,363,277,173,62,714,162,261,335,399,435,430,405,346,280,186,82,27,145,235,305,391,428,431,411,367,300,217,123,3,95,191,281,342,380,391,380,365,287,237,135,382,47,131,203,266,294,308,302,281,253,188,142,74,27,24,78,127,159,172,190,188,174,150,140,114,86,63,20,745,11,25,36,57,79,93,101,112,117,0
96,4,66,6,54,97,138,142,127,67,2,139,128,160,163,108,51,39,112,161,162,150,85,0,83,146,168,169,120,47,36,120,159,171,135,66,19,89,146,136,125,84,12,64,116,152,139,93,38,38,89,119,118,91,38,18,55,109,102,73,30,19,61,71,81,58,13,21,56,75,65,41,13,33,48,97,44,27,9,42,58,59,43,1,31,47,56,43,18,18,51,66,65,29,16,45,69,65,41,1,39,69,78,282,1,38,64,75,51,7,44,64,76,37,2,41,57,51,11,19,47,45,12,5,1,0,0,1,2,3,1,0,1,3,211,271,167,51,260,340,248,44,198,355,365,226,1,242,392,410,263,40,212,235,441,344,124,133,347,446,413,247,11,221,401,460,382,197,42,264,400,445,367,190,31,247,381,442,361,202,18,168,387,436,381,234,37,165,350,431,395,276,87,136,310,423,419,319,148,60,254,391,422,363,206,0,192,357,414,370,241,56,143,291,376,368,283,505,56,214,309,328,271,154,0,136,250,280,257,173,69,49,137,201,210,166,109,24,41,117,149,147,124,84,19,443,80,103,123,114,88,53,6,40,85,3
46,20,564,363,133,111,346,558,727,836,895,1279,792,646,449,215,27,273,491,676,806,873,869,804,668,479,262,28,204,420,605,739,816,818,766,642,485,293,66,568,360,536,652,719,733,681,580,433,258,66,121,297,438,538,593,601,554,472,345,202,50,93,222,327,401,438,436,399,332,243,148,45,51,141,211,1168,278,276,256,220,173,115,58,0,49,94,120,142,152,156,148,135,116,95,72,45,17,15,53,87,126,160,186,792,188,153,104,34,52,137,212,261,278,260,194,91,28,143,233,283,280,218,113,0,0,0,1,1,2,0,1,1,0,0,66,110,135,141,117,79,23,41,105,159,191,198,184,145,86,18,60,135,193,442,253,247,212,155,78,1,89,168,237,283,308,302,269,216,132,45,53,144,236,303,351,366,351,309,237,147,39,46,188,282,362,413,430,423,374,297,193,72,59,190,312,405,467,499,495,449,366,253,119,27,175,311,424,506,553,555,521,447,334,202,49,104,259,618,514,582,617,602,547,456,327,169,1,174,344,482,598,671,692,671,591,471,316,131,66,262,447,602,718,781,787,672,622,459,264,46,183,402,597,747,841,2
58,13,796,641,431,186,72,328,561,750,886,1407,935,851,691,485,239,22,281,517,716,859,927,923,843,688,488,249,4,238,472,661,798,862,861,779,652,477,253,600,223,436,601,711,769,754,685,562,391,198,7,205,377,509,600,641,612,546,429,285,129,27,167,294,388,448,463,435,380,299,199,91,17,117,197,1114,289,292,279,245,199,141,78,14,44,92,126,148,159,161,153,141,124,104,81,55,23,12,52,91,136,173,200,779,200,163,105,29,60,152,230,281,296,271,196,85,44,166,259,308,292,220,105,1,0,0,0,0,0,1,0,0,0,1,24,32,90,138,161,163,137,88,19,51,122,179,217,228,213,168,100,24,61,163,209,259,284,275,238,181,101,10,83,172,251,305,333,334,299,243,163,69,41,148,246,325,377,405,393,349,275,201,51,75,198,304,387,449,473,461,416,325,214,81,70,215,339,444,516,546,534,476,383,258,110,48,210,353,472,556,600,598,550,458,335,188,13,276,323,464,577,639,663,638,568,450,295,120,70,256,429,576,683,745,740,688,584,429,241,31,188,398,585,726,823,723,817,721,562,358,123,126,369,589,766,4
47,30,261,479,661,788,870,886,844,738,584,406,165,65,299,506,678,801,871,883,827,710,548,350,127,112,325,521,676,783,838,827,764,632,464,265,52,153,353,313,655,733,750,712,637,502,341,159,33,209,367,487,573,611,609,560,463,348,204,54,86,217,318,395,441,449,424,368,290,199,104,1,90,170,231,1171,279,276,254,216,170,114,59,4,45,80,110,134,148,153,149,140,127,113,95,73,47,15,20,54,95,135,168,668,201,192,165,116,42,48,137,212,271,291,267,203,110,4,122,218,274,281,225,0,0,0,1,0,0,3,1,1,1,0,3,59,105,140,151,142,111,62,1,65,127,175,206,211,197,154,98,32,45,147,185,234,259,263,244,207,144,68,14,98,176,241,292,318,318,294,244,176,95,4,101,194,275,338,379,388,373,302,256,163,56,54,166,270,359,426,461,457,436,371,278,164,32,98,229,342,437,498,530,523,479,403,297,172,28,118,253,381,480,549,587,584,541,612,355,215,64,94,248,386,508,592,644,654,621,547,437,293,126,55,237,404,542,655,722,742,724,640,521,361,171,148,235,426,593,723,808,842,817,733,598,13
10,23,335,104,133,362,560,722,835,882,875,1119,667,486,268,29,205,427,619,764,854,876,841,742,585,384,161,68,289,489,653,770,826,809,745,618,458,272,53,549,362,533,646,712,730,688,595,460,292,106,76,246,394,499,572,596,570,509,402,272,131,12,142,256,348,405,427,415,373,307,226,132,38,56,137,1017,240,258,262,248,217,173,123,67,13,32,69,100,122,138,143,141,137,127,115,97,77,51,19,19,66,111,152,556,208,211,196,151,85,1,96,179,252,292,285,234,146,31,85,192,263,284,243,1,0,0,0,0,0,0,0,1,1,2,118,98,57,3,55,106,147,171,173,153,106,44,26,97,157,201,228,231,208,419,101,27,53,132,199,252,276,282,264,222,160,79,11,99,183,254,307,336,344,319,268,195,103,0,105,204,293,208,409,416,396,345,266,168,51,73,192,299,393,452,483,474,429,361,260,139,2,137,273,387,476,532,549,529,471,376,259,119,33,182,323,443,533,857,611,581,517,414,281,132,29,198,353,486,595,659,685,661,588,476,325,154,29,219,396,551,675,749,780,749,668,559,365,162,55,269,472,645,774,851,865,12
62,25,501,380,246,99,50,199,344,474,584,1039,731,759,755,713,641,542,423,285,136,17,168,308,437,545,628,684,716,715,685,618,524,409,282,141,0,135,271,226,485,562,608,623,615,575,510,430,325,211,95,23,133,233,324,392,440,466,468,443,404,346,282,209,128,47,32,104,166,215,254,276,287,285,269,712,206,166,123,78,34,5,40,71,94,112,122,127,131,128,125,119,112,103,94,83,73,60,41,19,5,36,69,124,141,173,196,206,201,175,133,71,1,73,144,203,241,253,233,182,107,18,70,1,1,1,2,2,1,0,1,1,1,0,1,40,78,108,127,133,126,106,76,36,10,59,104,141,170,189,194,186,164,314,88,36,18,72,122,167,202,229,247,247,238,213,178,132,78,20,41,104,164,218,263,293,311,318,309,286,249,207,135,66,9,83,154,225,285,338,378,399,404,388,355,305,239,165,87,0,88,174,260,331,392,438,461,470,457,425,377,315,236,148,54,46,143,361,325,399,461,504,528,532,517,480,427,356,265,168,62,52,166,277,384,472,544,596,621,627,610,563,496,406,296,272,40,98,235,365,483,583,665,714,737,3
5,12,261,436,592,724,827,898,938,937,908,1150,735,602,444,271,85,100,279,447,603,735,838,895,926,905,857,779,677,545,387,213,40,140,305,458,588,695,775,119,823,798,730,643,533,395,249,99,53,193,328,442,531,593,632,641,616,575,505,415,314,203,99,4,108,194,272,327,368,389,396,386,364,328,281,483,158,100,41,16,67,107,141,165,177,185,187,184,176,161,149,134,117,101,82,67,48,28,2,27,61,95,134,372,207,229,242,239,218,174,111,33,52,139,216,277,311,309,271,200,102,9,113,4,0,1,0,1,1,0,4,2,0,1,121,97,60,15,39,88,134,171,195,202,191,162,122,67,14,49,110,166,214,444,272,275,265,239,197,148,85,19,47,116,183,243,292,323,344,346,340,314,271,215,154,79,1,84,161,237,309,210,414,440,449,438,408,365,302,229,146,48,47,147,245,336,410,476,521,543,549,529,491,431,354,261,153,43,72,185,290,389,476,546,598,633,633,847,586,523,441,340,231,109,17,149,272,393,505,592,666,715,742,743,710,655,575,473,349,212,66,93,249,400,541,447,756,827,865,870,846,790,707,594,454,3
459,189,50,151,228,99,320,285,436,229,559,1651,593,491,619,533,785,519,507,257,431,501,492,483,542,448,481,278,393,384,436,589,479,372,276,232,297,214,195,853,170,128,222,39,74,74,13,75,162,7,211,124,110,358,311,276,205,249,328,416,504,293,317,227,342,313,221,366,217,259,127,144,229,161,54,668,170,274,129,240,173,279,176,260,270,268,171,338,278,107,78,102,158,119,33,126,229,53,151,148,149,105,51,987,180,68,203,205,214,161,268,246,241,70,29,77,84,169,202,174,100,117,128,35,33,80,63,35,31,3,17,14,59,7,175,128,49,119,68,91,6,14,117,169,201,326,295,397,552,639,536,682,594,38,409,404,327,177,158,22,186,81,124,48,298,236,339,532,568,452,797,788,676,824,808,883,822,933,894,833,722,996,490,588,503,491,148,162,64,3,144,160,253,430,611,593,617,752,597,680,852,793,762,917,771,744,744,609,601,607,499,305,346,275,272,30,100,1103,253,73,196,167,227,360,418,550,539,446,492,728,587,750,684,535,768,790,933,762,753,708,691,667,749,509,739,1104,393,257,434,391,242,89,174,225,227,85
13,34,124,111,332,533,710,839,923,944,918,1133,689,510,300,76,153,375,575,738,860,925,933,880,777,614,427,214,3,214,423,595,739,823,863,836,772,663,504,659,115,94,287,456,593,691,742,741,692,593,472,317,153,12,174,314,430,518,563,565,537,469,386,278,161,37,75,182,263,327,366,380,371,335,287,495,142,71,1,63,114,156,188,202,204,199,181,155,130,97,70,43,18,6,33,56,87,113,139,162,180,186,181,811,126,75,6,69,149,218,271,294,281,236,151,44,73,182,267,306,298,238,139,2,0,0,2,1,1,0,0,2,1,0,123,105,63,13,49,103,150,182,190,180,147,95,30,41,109,174,220,245,254,504,202,150,83,7,74,145,217,270,305,316,305,268,214,144,57,28,120,205,279,336,374,386,370,338,274,194,96,77,118,224,314,389,438,463,464,433,377,290,189,66,60,185,304,403,484,531,554,534,488,409,303,177,40,99,238,363,467,552,602,620,602,547,459,425,211,64,91,242,384,502,604,666,699,684,636,546,428,276,111,70,249,413,557,676,757,796,797,740,643,505,335,278,64,264,460,629,768,864,913,899,838,8
197,69,713,845,933,945,920,818,688,507,306,439,152,381,596,777,916,1016,1056,1053,988,877,721,529,327,104,96,283,446,575,663,712,710,662,586,464,324,168,11,757,257,338,394,390,346,260,111,62,281,510,745,970,1172,1349,1483,1575,1632,1629,1582,1481,1344,1180,992,796,608,415,252,106,0,83,139,147,139,88,28,495,147,235,331,409,481,539,579,612,621,626,610,578,535,481,422,365,301,233,166,84,7,100,209,306,400,476,545,614,613,617,589,535,460,367,278,203,149,123,129,164,223,295,363,401,409,355,262,7,8,3,0,5,0,0,6,2,5,3,20,1,9,8,0,15,27,34,25,9,29,83,149,234,318,399,473,543,584,595,612,585,540,470,386,287,188,81,16,102,171,219,247,253,240,205,161,102,38,23,82,128,154,165,146,107,38,302,168,302,437,582,725,860,980,1078,1145,1177,1180,1135,1056,945,802,639,468,282,104,69,224,351,448,514,542,530,482,398,285,152,1,148,297,436,557,883,725,761,759,726,660,552,434,276,121,44,208,354,486,591,662,690,683,625,521,390,214,17,195,418,623,809,968,956,1175,1209,1195,1119,1001,830,628,403,163,57
4,24,38,157,344,522,673,791,884,929,950,1293,845,738,596,428,238,42,156,342,517,669,788,868,912,910,868,789,684,549,389,204,19,172,346,494,625,725,799,213,810,762,671,557,429,272,113,50,205,344,459,549,613,639,640,615,549,473,374,257,138,16,93,188,281,346,394,419,421,407,382,329,274,207,137,141,5,61,112,157,189,211,219,221,209,192,170,147,122,95,73,50,30,8,15,35,58,85,111,139,166,186,200,788,195,175,140,87,21,60,139,209,268,304,306,274,212,120,14,99,197,262,285,1,0,1,2,3,1,1,0,1,0,2,32,77,118,147,161,158,136,101,51,4,66,125,175,212,235,241,229,193,149,294,26,41,108,170,221,266,291,302,304,280,242,187,123,50,27,101,175,245,304,349,380,389,377,352,309,247,174,146,4,97,191,275,348,412,455,481,490,463,431,366,285,188,81,27,139,248,346,430,500,545,571,574,546,500,427,333,231,118,8,133,253,371,466,787,615,645,660,640,600,535,446,333,215,77,65,200,339,464,579,671,733,767,767,740,679,590,477,329,175,7,168,131,488,629,740,827,881,895,876,816,716,2
80,16,844,923,936,877,767,597,394,154,94,672,561,741,869,942,942,879,763,595,379,148,99,330,540,714,829,893,902,836,720,546,350,116,106,326,524,672,779,210,809,738,609,447,263,52,147,334,491,599,671,681,651,573,459,317,158,5,160,298,402,475,509,505,466,393,303,194,78,34,133,222,288,324,344,1096,294,245,186,118,50,14,69,117,151,170,178,183,175,156,133,106,81,55,25,3,34,69,103,136,167,188,200,813,172,126,64,8,101,183,251,286,292,259,185,79,47,164,255,303,295,238,136,1,0,0,0,2,1,1,0,0,0,0,123,135,128,95,44,15,80,137,179,203,199,170,123,58,14,91,160,217,252,512,251,212,153,79,5,87,171,237,290,315,319,294,247,177,87,2,99,190,270,335,372,386,371,329,260,165,62,46,170,274,361,420,449,459,431,375,292,178,54,78,211,330,426,495,536,533,501,424,327,198,56,96,235,369,477,551,595,601,564,489,388,257,102,133,220,362,492,583,644,668,651,582,489,353,194,19,160,338,497,625,715,760,757,704,605,464,294,90,120,330,522,484,795,853,866,815,711,556,366,142,87,12
13,7,311,471,609,729,818,868,897,871,833,1020,635,502,344,172,12,183,351,501,635,746,820,865,871,837,773,677,569,426,269,99,69,236,385,511,625,705,764,168,765,715,639,535,420,277,132,12,156,283,395,483,550,589,604,600,555,498,417,324,221,114,12,82,175,251,310,351,374,381,377,352,320,271,221,243,97,43,13,63,107,141,165,177,184,185,179,169,155,140,123,108,89,71,53,38,19,4,28,57,88,117,151,517,200,215,215,200,170,117,50,27,112,186,248,289,297,275,215,129,26,75,163,4,4,0,0,0,1,1,0,0,2,1,114,97,68,25,21,69,113,149,173,189,183,162,129,81,30,27,87,142,190,414,252,260,253,234,198,157,96,32,32,97,162,215,264,298,318,326,324,301,265,217,156,89,11,68,141,215,280,175,386,409,419,412,382,345,286,217,143,48,38,132,226,307,380,443,488,508,515,492,458,402,328,242,142,40,70,176,273,367,446,513,559,592,590,793,543,481,404,308,206,93,30,151,269,380,481,560,631,672,698,693,664,603,524,422,302,170,29,123,270,412,541,439,733,795,823,814,786,720,631,510,371,1
81,27,231,325,414,543,590,629,662,693,718,982,661,604,546,487,433,326,247,147,53,52,146,239,311,361,439,487,527,573,572,581,528,522,519,432,343,325,215,456,42,58,141,232,304,356,393,464,476,483,470,455,432,382,303,266,183,89,28,42,113,167,221,260,326,331,310,322,311,277,268,201,173,103,72,89,7,51,70,112,134,149,151,149,145,142,128,118,109,108,61,62,72,61,39,30,15,6,53,61,114,142,163,161,210,196,204,129,80,21,71,154,220,249,267,248,194,104,5,110,208,256,211,4,1,9,4,5,4,3,7,1,5,7,596,480,238,106,420,695,828,870,784,608,342,25,287,588,845,1036,1105,1122,1014,219,567,281,80,394,663,920,1083,1194,1253,1220,1137,953,737,483,223,52,307,567,791,987,1094,1227,1248,1243,1152,1099,932,1635,550,319,87,174,400,605,804,984,1147,1256,1325,1347,1307,1250,1101,965,779,547,304,50,210,443,683,916,1094,1302,1392,1451,1471,1413,1321,1219,1035,830,608,698,102,157,396,639,887,1020,1136,1240,1371,1334,1307,1217,1138,975,829,671,480,275,65,134,307,496,631,730,814,916,932,1525,972,931,875,806,715,609,490,370,250,0
50,24,642,805,907,947,917,821,675,463,231,219,282,510,704,851,926,941,893,783,609,399,157,92,331,552,719,836,900,895,825,695,521,292,68,167,391,565,711,102,819,787,689,536,369,163,46,243,421,557,645,681,664,599,498,361,201,33,128,270,380,459,504,507,472,400,309,197,79,35,134,227,294,332,349,1062,288,235,171,103,32,33,89,134,166,175,180,182,165,145,121,89,61,33,2,23,55,88,119,150,174,186,184,798,137,79,15,59,147,218,273,288,265,211,115,4,122,224,292,307,266,178,56,1,0,0,2,0,1,0,1,2,0,1,16,74,122,152,159,143,102,45,22,92,155,197,224,220,190,141,73,5,86,223,227,266,281,270,232,182,100,16,75,161,237,293,330,338,317,271,204,118,20,86,186,273,339,390,405,388,349,276,180,68,52,164,273,369,438,478,487,446,388,288,164,33,109,244,364,460,528,547,545,496,408,292,156,4,148,293,420,519,585,613,597,552,453,398,176,17,151,306,446,564,648,683,681,622,530,397,233,50,141,330,500,629,726,775,771,721,616,460,273,57,165,175,569,716,823,874,868,799,677,498,287,5
62,9,808,660,462,220,33,287,520,712,863,1433,951,887,750,556,327,73,184,424,637,801,901,930,887,768,600,387,156,86,326,542,711,811,860,831,753,622,429,668,25,253,446,602,711,756,742,673,552,385,202,4,186,352,486,576,611,607,540,442,312,167,23,118,243,345,409,434,427,390,325,240,145,38,57,855,207,247,269,272,256,219,174,120,64,4,40,81,110,132,146,150,147,138,126,112,93,68,35,2,48,100,152,497,217,224,211,171,107,17,83,180,257,303,301,249,162,44,83,200,273,296,255,0,0,1,1,0,0,0,4,1,0,0,64,113,143,154,133,95,34,33,106,164,202,215,203,168,109,37,49,128,195,431,269,266,239,185,107,27,67,152,231,286,323,326,303,252,174,87,10,109,209,290,352,384,386,358,299,212,106,97,135,246,340,408,447,459,427,369,281,163,33,103,243,360,446,509,530,516,459,362,239,95,59,212,351,464,544,582,587,546,464,346,203,45,123,457,434,543,623,654,644,590,493,355,190,11,177,348,508,634,713,747,725,650,531,364,170,39,253,453,631,759,838,727,802,693,533,329,97,149,384,597,765,0
30,20,598,456,298,121,60,238,409,561,696,1305,869,900,892,836,749,631,490,329,151,33,214,379,533,656,752,814,845,837,798,714,604,465,310,144,25,187,346,370,596,681,728,739,724,667,589,488,360,221,77,62,193,311,411,489,535,561,557,520,467,394,313,222,123,24,68,149,220,275,317,341,349,341,316,851,231,181,125,71,20,28,68,102,128,147,158,160,160,155,148,138,124,112,100,83,68,52,27,5,28,62,101,251,179,210,229,234,221,183,128,53,33,118,197,257,292,292,255,185,89,17,115,2,0,1,1,1,0,0,1,0,1,2,16,27,75,118,146,163,163,143,111,66,15,44,104,155,197,224,235,228,207,446,126,68,6,58,121,178,226,264,291,300,294,270,231,180,116,49,21,95,169,232,293,334,363,378,372,350,310,256,188,110,22,64,150,234,309,375,428,457,474,461,428,379,307,230,137,37,69,171,273,361,435,495,533,548,542,511,462,396,307,208,101,15,132,409,355,445,525,580,618,629,622,587,527,446,342,225,102,37,172,306,433,541,631,695,736,745,732,679,603,496,364,337,61,101,264,421,562,685,783,843,866,4
40,11,578,375,144,104,345,564,736,844,891,1263,762,598,391,153,98,337,551,725,840,880,849,748,582,362,122,121,353,549,702,795,828,781,677,515,317,101,131,465,529,661,726,735,689,575,418,235,35,159,334,473,572,617,609,552,439,303,142,20,169,294,385,446,459,436,379,289,187,74,34,137,218,280,309,1155,285,243,185,118,55,10,70,120,155,173,178,172,154,126,99,67,34,6,21,47,77,106,131,153,166,168,152,741,65,2,75,149,214,256,261,231,162,68,44,157,243,290,283,226,122,3,126,2,1,2,0,1,0,0,0,0,0,0,55,1,58,112,146,162,151,114,58,8,81,143,190,213,214,188,133,63,14,92,171,229,263,268,246,202,130,44,43,131,212,273,309,318,296,250,178,92,8,113,212,290,346,374,370,333,269,223,64,55,172,273,356,415,440,429,386,303,196,67,74,210,326,421,484,508,491,433,337,214,70,82,228,357,463,530,560,548,488,390,264,115,50,366,362,480,572,613,611,571,482,345,187,12,174,342,491,607,680,706,666,579,449,275,77,128,333,514,662,754,796,678,684,542,352,132,106,341,553,718,823,3
12,17,518,705,832,887,864,768,610,392,150,347,367,581,752,859,888,843,731,555,328,77,180,418,614,761,835,847,786,651,467,236,4,242,459,623,745,790,770,482,535,343,121,103,307,486,610,681,683,626,519,366,190,0,176,337,452,532,550,526,454,342,216,73,66,192,289,357,392,389,356,291,206,111,16,642,152,204,237,250,241,213,171,118,62,6,38,80,108,130,139,146,141,132,115,97,70,41,4,38,83,126,162,654,200,189,150,89,10,81,172,241,277,274,219,128,11,111,212,276,280,227,125,0,0,0,1,1,2,1,0,2,1,0,10,66,116,144,147,126,84,23,43,114,167,198,205,182,134,73,9,90,162,398,252,254,230,178,104,23,69,155,227,278,306,298,265,208,120,26,75,173,255,316,351,358,324,268,180,78,37,0,262,349,402,426,406,358,271,161,33,101,229,340,426,473,482,451,381,275,144,4,154,291,410,496,536,540,494,405,284,142,22,183,332,463,546,847,598,549,456,320,162,11,188,351,497,601,663,666,624,523,382,201,1,201,389,552,669,739,749,696,586,424,221,156,231,444,624,758,826,831,768,635,446,1
97,1,126,109,93,77,44,16,16,57,84,260,146,163,170,170,159,137,111,67,27,15,54,94,128,159,177,181,176,163,132,97,57,12,36,73,107,137,159,147,162,143,124,92,56,14,17,58,89,114,127,132,129,114,90,70,30,3,28,58,69,87,97,90,81,68,47,24,4,28,41,58,65,65,63,15,36,14,8,27,43,52,59,56,47,35,17,6,25,46,60,66,68,54,38,16,11,34,52,70,73,76,64,35,13,17,52,66,76,75,61,37,14,20,42,61,71,61,36,6,24,47,52,2,2,1,0,3,0,4,2,6,0,2,253,186,52,109,249,331,342,280,166,17,142,280,375,415,391,324,202,55,104,212,369,440,469,437,360,245,99,48,190,312,403,452,461,427,363,269,153,17,108,224,320,397,434,444,419,359,279,1241,69,42,153,259,343,404,433,438,412,357,277,185,76,33,153,253,338,391,427,430,408,360,283,192,92,26,116,213,291,350,389,401,380,336,264,717,96,15,80,158,221,266,288,296,296,266,220,167,113,44,3,57,98,138,146,168,167,167,155,137,111,95,72,935,25,9,14,29,43,64,82,93,113,1
13,30,376,155,73,300,507,685,813,877,892,1200,719,558,356,134,100,326,536,700,815,872,870,807,685,497,285,61,149,353,540,692,795,818,798,705,577,423,216,616,208,397,535,648,715,722,675,580,441,276,105,81,251,388,498,556,577,568,502,401,280,140,13,114,229,320,382,406,404,372,321,251,163,69,17,730,169,214,247,256,245,221,186,144,98,44,2,36,71,99,118,131,138,136,132,124,117,103,80,54,10,34,83,203,179,208,229,220,189,125,42,49,147,230,282,286,251,175,75,41,151,237,268,1,2,1,0,1,1,0,1,0,2,0,89,49,6,64,113,149,165,160,133,88,25,43,112,170,212,225,221,193,140,267,0,78,151,212,255,280,274,250,201,135,56,34,123,202,267,310,333,329,305,248,178,87,13,116,212,292,355,255,406,385,336,263,164,55,63,178,284,368,443,474,476,438,364,275,160,33,99,229,351,444,508,541,530,490,417,306,180,42,111,253,384,489,555,848,601,554,481,367,231,79,83,243,392,516,614,668,681,644,566,449,301,130,47,233,412,561,681,752,783,744,662,552,364,172,36,248,453,630,768,850,875,5
11,27,136,126,373,593,771,889,948,924,841,878,478,233,24,282,517,708,849,922,926,861,725,539,314,53,199,430,631,780,869,885,841,715,551,340,109,115,348,288,690,779,795,749,663,505,323,121,86,281,445,562,637,654,623,547,422,276,109,54,203,327,423,475,493,464,405,314,208,91,20,130,216,282,323,1184,310,271,219,153,87,17,45,100,140,163,176,180,171,156,133,107,78,44,14,17,52,83,118,147,174,189,189,824,130,74,5,76,161,228,272,280,251,187,87,37,155,249,301,300,243,137,2,4,2,1,3,1,1,0,2,0,1,0,124,136,124,87,29,30,96,151,189,203,186,144,81,6,73,143,205,246,257,510,205,144,63,26,114,192,254,296,313,301,260,192,106,13,88,178,261,324,366,367,347,293,208,111,1,111,223,171,394,431,439,413,352,271,154,28,107,232,347,436,494,511,491,435,340,221,82,70,220,352,463,542,576,573,526,432,313,170,9,155,311,449,550,870,646,621,557,444,305,141,35,219,389,529,642,705,724,684,601,467,295,101,98,304,485,642,756,814,816,749,632,524,256,27,210,436,634,786,887,914,880,12
61,12,758,645,498,322,130,67,264,445,612,1204,844,892,897,857,769,646,495,316,121,81,277,449,604,725,802,839,845,801,720,595,439,264,79,105,279,440,580,95,737,758,736,677,590,464,321,163,2,150,291,414,507,568,602,597,560,499,409,298,180,61,52,153,246,322,374,398,402,383,349,300,239,169,93,284,49,103,151,188,211,223,221,212,191,164,135,104,75,42,16,8,31,52,73,91,108,130,146,160,168,168,160,765,105,57,2,69,137,198,247,273,272,241,176,86,14,114,200,262,284,262,197,2,0,1,0,0,0,0,0,1,0,0,50,97,131,146,146,125,89,40,15,76,132,174,204,217,213,187,143,89,25,28,113,172,221,257,276,275,256,222,174,110,41,34,111,180,241,290,329,343,341,317,273,217,145,65,21,111,200,128,342,392,418,424,408,368,310,234,149,47,56,161,263,350,420,470,501,506,483,435,362,270,164,48,73,188,298,396,474,536,571,577,558,508,436,423,229,103,28,156,282,399,502,583,640,659,652,618,552,456,340,202,51,103,254,401,529,636,719,762,775,746,680,585,448,288,116,67,251,425,582,713,805,3
64,7,88,46,6,65,121,144,172,151,101,64,32,99,151,182,177,150,69,2,73,139,177,186,159,107,33,50,128,170,187,169,122,51,26,100,143,166,163,425,63,10,81,136,158,158,119,61,7,66,113,132,128,97,41,0,66,88,109,104,73,33,12,58,82,86,76,38,3,35,58,70,67,44,21,98,37,61,62,42,20,15,35,53,59,50,20,14,42,63,63,52,21,23,53,77,78,54,18,28,60,82,72,147,7,42,69,80,58,21,23,61,74,69,37,4,44,66,56,28,15,46,46,1,1,0,0,1,1,1,1,0,2,1,264,166,37,239,343,288,116,115,315,398,350,179,53,278,418,433,316,103,139,38,462,453,324,104,142,342,466,469,358,164,63,280,426,470,407,270,51,152,339,447,460,382,219,23,178,350,438,1075,368,215,19,183,347,435,445,376,231,44,159,325,426,441,377,240,73,122,296,408,449,390,263,95,104,263,385,429,387,283,119,55,220,339,388,829,272,138,18,165,274,331,327,256,150,22,87,180,243,252,228,150,63,33,101,152,176,175,145,104,49,11,63,87,118,130,119,98,64,27,28,67,107,4
6,31,236,9,247,458,652,804,909,943,933,1167,715,532,318,82,159,380,586,751,874,929,926,860,744,562,357,136,87,306,506,672,795,855,866,806,705,568,374,636,53,259,438,582,687,742,750,705,611,472,313,134,40,206,358,472,547,593,589,538,460,354,233,103,30,150,254,330,380,399,396,368,319,248,172,65,2,73,138,187,218,234,233,218,194,160,121,84,49,7,24,53,74,95,114,124,142,151,160,158,145,122,86,508,27,93,161,219,263,274,256,201,119,20,94,194,273,312,300,242,144,18,105,2,3,0,0,0,0,0,1,1,1,1,87,128,143,145,120,75,14,51,109,167,202,213,206,173,125,50,22,95,168,357,262,279,269,237,178,117,29,55,143,217,278,318,336,328,293,236,165,79,17,113,209,288,352,394,408,391,350,271,193,85,23,138,247,341,419,471,494,471,437,356,252,129,3,135,263,373,467,525,558,554,509,435,333,202,60,85,225,359,474,553,612,628,606,719,450,329,184,25,132,289,436,553,646,691,706,673,603,487,342,174,15,198,371,533,665,754,812,804,756,645,505,420,120,90,302,497,674,807,890,919,892,10
4,27,71,186,426,632,799,906,947,914,825,837,449,207,54,301,523,714,855,929,933,860,727,547,323,62,188,421,611,756,857,888,854,740,580,376,157,71,304,313,662,765,788,764,698,557,384,181,22,212,388,521,613,648,641,582,476,348,187,18,133,266,371,446,480,476,435,357,261,155,46,62,157,236,288,1201,308,288,247,193,132,67,6,52,99,134,155,170,170,164,147,126,105,79,53,20,9,46,82,116,155,183,199,800,178,136,81,9,82,168,240,278,288,259,181,66,55,171,260,303,291,224,111,2,0,0,2,2,1,0,0,0,2,0,130,110,74,17,46,107,155,185,190,170,122,59,17,94,162,211,242,251,223,435,111,31,56,134,206,263,294,302,279,233,165,76,22,115,206,278,329,357,360,327,270,189,85,24,136,238,330,252,434,433,403,343,249,142,10,120,246,349,444,496,511,487,424,334,216,83,66,208,345,452,534,572,572,527,444,327,191,36,130,286,420,532,601,879,630,573,476,344,190,21,159,334,486,603,684,714,699,633,521,371,186,3,203,395,567,696,789,813,788,697,559,459,161,62,288,500,683,823,901,913,859,10
82,16,827,879,877,815,720,584,417,224,20,473,387,562,708,810,868,888,856,784,663,507,324,136,67,271,449,600,718,796,838,827,775,668,538,366,194,16,169,472,493,611,686,725,728,687,604,495,352,197,38,118,257,380,476,537,570,574,535,465,378,275,163,51,58,163,251,309,352,371,373,352,316,263,198,142,56,2,64,115,155,187,201,212,202,182,161,136,110,80,56,30,9,11,35,54,80,106,128,149,164,173,173,831,139,100,45,21,96,169,231,266,279,262,206,123,24,79,175,247,279,269,212,1,1,0,0,1,0,1,0,1,0,1,113,87,46,3,56,105,143,170,178,172,140,95,39,27,91,147,195,228,245,520,216,174,122,57,14,85,155,217,263,290,303,292,271,228,166,94,17,64,147,224,288,337,365,377,362,331,278,237,121,22,72,168,256,334,396,438,461,449,425,363,285,189,77,35,150,258,353,433,494,525,530,512,459,390,292,183,61,67,195,312,417,502,559,854,604,576,520,432,332,213,79,65,207,341,460,558,634,677,694,670,612,519,403,266,108,56,228,389,535,654,749,638,812,771,699,586,446,278,95,103,290,14
72,10,802,712,597,446,275,88,100,284,459,1059,741,830,883,894,864,791,687,555,388,202,15,164,343,508,640,742,810,842,836,787,705,575,429,268,97,69,243,398,532,638,703,727,729,690,619,520,395,253,109,37,176,300,405,485,529,558,550,515,458,384,294,198,92,9,105,181,245,294,331,348,351,335,304,712,197,143,80,26,23,67,104,134,153,165,169,167,159,150,135,119,103,88,70,54,36,12,14,44,78,114,151,481,201,213,214,196,159,99,29,56,139,214,265,291,285,241,166,69,39,139,214,0,2,2,0,0,0,0,0,1,0,0,123,115,93,55,10,40,93,135,171,190,195,174,142,96,40,21,84,140,187,394,248,254,245,223,178,127,62,6,75,142,206,257,298,316,318,308,287,245,187,117,39,41,123,201,271,327,374,271,408,393,360,308,243,163,70,27,125,218,305,374,433,470,487,487,462,411,342,251,149,41,71,182,288,378,457,513,554,571,559,520,465,386,286,188,52,73,194,310,413,505,582,630,659,651,618,555,473,364,243,101,45,191,328,459,572,662,736,767,772,734,669,580,444,297,136,42,217,392,549,681,779,4
93,2,98,80,57,29,2,34,74,102,130,300,162,170,169,151,131,97,58,21,26,69,107,144,167,185,189,180,163,140,93,50,1,40,80,112,140,157,174,204,152,123,91,52,17,18,54,87,106,131,130,128,116,92,69,37,2,27,51,71,83,92,88,76,64,45,26,1,20,40,58,66,68,60,50,15,15,1,17,35,52,56,60,53,41,27,7,16,35,55,66,68,64,45,29,5,15,42,59,75,73,71,50,123,7,30,59,75,81,73,54,27,0,32,53,63,67,51,28,1,27,43,48,2,2,6,0,0,2,1,2,1,2,1,166,32,122,261,325,321,240,108,43,195,318,388,403,354,251,116,42,194,316,166,447,441,380,277,135,10,163,288,386,443,459,435,370,278,162,36,93,213,312,388,428,443,417,370,291,192,76,803,157,256,338,397,431,434,413,354,281,184,77,31,141,236,319,383,423,428,417,366,308,213,114,6,101,201,284,348,387,402,390,353,297,223,131,374,52,131,205,259,296,308,307,285,257,197,140,72,18,40,87,128,158,171,177,175,164,149,131,104,79,53,19,684,26,44,61,70,87,94,108,115,123,12
24,29,156,394,592,754,852,883,871,763,626,472,191,52,293,515,687,808,876,877,805,687,501,291,56,189,409,594,742,823,843,801,702,530,349,123,100,304,497,183,731,766,732,638,520,343,150,44,234,398,521,594,630,605,547,442,296,148,13,157,283,377,446,467,454,410,329,238,128,16,83,175,249,296,322,1119,278,232,171,107,45,22,74,120,151,164,166,169,153,137,111,82,55,27,0,27,57,89,119,145,165,176,170,803,111,54,8,83,164,224,262,268,232,165,64,54,157,242,286,279,219,117,10,1,0,0,1,2,0,0,0,3,0,0,121,97,56,1,62,112,155,174,171,143,91,29,45,111,170,214,229,230,192,386,73,4,89,161,219,266,278,273,245,186,118,28,63,149,228,286,327,335,326,274,209,123,24,83,185,270,347,249,411,392,342,271,167,58,68,189,304,383,451,476,464,425,339,242,114,21,160,284,402,480,528,541,504,440,336,209,66,83,231,369,471,562,588,822,550,461,345,200,39,125,284,430,548,621,674,656,606,508,367,201,9,177,356,515,640,726,758,737,662,533,365,285,47,263,459,632,757,833,851,798,695,7
66,16,766,585,358,96,172,434,653,823,927,1387,891,751,551,311,44,223,476,690,849,926,923,846,696,474,219,42,296,520,707,831,886,849,745,578,372,144,114,427,551,700,770,783,733,608,438,234,17,192,380,528,623,656,634,558,436,286,107,67,223,350,439,491,494,449,371,258,141,18,95,198,273,324,343,1083,284,222,151,73,2,68,126,165,189,196,186,171,143,109,74,36,2,29,59,88,117,140,154,165,166,153,119,601,5,80,153,217,263,271,239,172,72,44,158,257,310,308,247,144,7,125,228,3,2,1,1,0,3,0,1,0,0,3,131,111,71,11,52,115,164,187,180,151,96,22,57,137,197,239,249,233,184,323,25,66,150,221,271,296,284,247,188,106,4,95,193,272,324,347,344,309,241,141,32,82,192,290,364,408,420,315,322,226,107,19,155,276,378,453,492,483,439,348,223,78,75,225,354,462,529,553,533,468,359,218,54,109,267,404,514,586,610,580,510,397,244,31,112,287,442,556,636,670,652,575,455,292,104,94,293,471,617,717,755,737,663,523,345,134,91,319,529,695,813,723,831,738,588,382,140,124,378,601,776,5
6,25,19,147,309,458,592,706,794,853,887,1329,865,805,714,597,462,315,153,12,181,340,485,608,716,790,834,851,839,800,737,637,518,374,221,68,79,228,374,343,591,667,711,734,734,696,634,553,449,334,212,80,42,156,264,355,429,490,527,534,517,481,440,390,317,238,152,71,7,84,149,203,247,275,294,1193,296,281,255,225,189,150,110,71,38,3,25,48,71,90,100,111,115,121,126,132,136,145,150,150,148,131,108,655,44,1,47,104,163,214,253,274,273,249,196,120,30,61,150,223,267,280,254,1,0,3,2,0,2,2,2,0,0,0,6,32,75,113,143,160,165,155,129,93,42,9,63,117,163,202,227,239,237,509,199,160,113,59,2,62,123,180,225,263,292,307,314,303,277,240,196,141,75,4,65,136,202,263,316,357,388,284,405,388,357,314,257,192,112,29,56,143,227,306,373,426,464,490,503,494,468,422,363,288,200,105,6,92,187,280,364,440,507,549,578,591,580,751,512,448,368,275,178,68,45,163,273,378,473,553,620,668,696,700,677,638,579,494,393,277,152,14,129,271,409,318,634,718,782,820,835,823,777,705,611,6
111,6,134,131,123,104,88,65,40,7,39,160,105,134,158,173,180,173,154,131,106,59,18,27,70,105,140,166,181,180,173,155,126,97,59,17,24,68,106,140,153,159,157,148,124,104,64,23,13,46,73,93,111,111,119,106,98,63,45,16,10,40,58,77,91,84,82,70,52,31,8,16,34,51,62,122,68,53,40,22,2,15,25,48,55,53,57,45,29,10,14,31,49,67,70,71,58,35,12,10,48,67,74,426,73,53,26,3,30,54,71,75,68,49,26,2,30,52,57,57,35,10,16,3,5,6,4,0,0,0,0,3,1,0,161,28,124,260,324,317,237,110,40,183,302,379,400,359,266,142,9,162,292,19,450,450,398,309,190,49,94,231,345,420,454,450,403,316,221,107,13,137,244,334,401,434,438,413,353,274,169,1109,50,162,259,336,401,429,442,400,357,285,197,96,6,120,211,308,370,405,429,423,385,329,252,146,50,54,152,243,313,362,388,393,365,336,267,646,103,13,73,146,205,258,291,298,291,270,230,178,129,70,15,41,75,113,135,154,157,163,160,146,138,121,91,1001,52,33,14,6,26,52,71,77,99,4
17,26,487,288,73,149,364,554,712,819,885,1321,838,733,579,387,171,56,272,474,647,776,856,876,841,742,605,434,239,27,186,387,562,686,774,798,783,721,603,619,259,60,132,308,462,586,666,702,682,613,513,377,225,67,95,240,362,457,513,529,512,459,384,287,174,55,56,157,241,299,341,358,350,317,271,465,129,59,12,70,121,159,186,197,196,184,164,139,110,79,51,21,6,29,56,75,100,120,142,159,169,166,153,754,78,20,45,114,181,231,264,260,224,159,64,37,142,228,279,286,244,157,46,1,0,0,1,2,0,0,0,2,0,1,69,112,136,142,122,86,37,25,83,140,179,203,202,179,141,79,12,58,128,312,232,257,262,244,200,145,72,5,88,163,229,280,310,318,300,264,206,133,48,43,136,224,292,349,381,385,367,301,253,163,64,43,151,250,341,411,456,465,453,404,326,225,108,13,139,256,363,443,505,532,525,485,413,314,193,62,75,212,340,445,529,579,597,798,526,436,321,185,40,108,260,396,516,601,656,669,650,585,487,354,194,23,151,325,478,608,708,761,775,732,648,547,361,172,29,233,428,601,738,829,870,6
5,9,297,461,610,728,818,871,891,871,826,995,624,483,323,142,37,214,382,533,667,770,842,870,868,819,747,644,517,371,209,35,135,298,444,568,667,744,783,251,751,685,590,468,340,191,42,101,238,358,459,536,587,610,606,578,520,444,351,247,135,27,72,164,249,311,360,388,397,388,367,327,281,223,162,3,34,22,73,118,152,177,192,199,195,189,173,156,136,117,95,75,53,36,17,2,18,40,68,95,123,148,171,656,200,200,183,153,102,38,36,116,187,246,282,293,269,214,134,33,71,161,229,2,1,1,1,1,0,0,0,0,0,0,122,123,109,79,38,8,60,109,149,181,196,196,181,149,105,53,6,70,126,265,222,250,265,265,247,221,176,125,67,1,70,135,198,250,292,319,336,337,319,286,241,180,113,36,43,121,201,121,336,382,414,426,422,403,360,305,236,150,66,30,129,222,307,387,451,492,519,518,500,461,403,325,233,130,24,86,192,292,385,465,528,575,593,819,577,529,461,375,277,164,45,80,200,319,430,522,602,656,693,700,683,633,565,468,352,221,81,72,223,367,502,423,715,779,817,820,799,739,654,535,396,2
69,4,683,517,304,59,186,422,624,771,875,1324,851,743,564,348,110,137,376,583,746,851,876,843,734,562,359,126,112,335,537,695,792,815,788,680,540,357,136,553,304,488,619,702,734,695,600,468,288,95,93,273,421,527,589,602,552,478,353,206,57,89,221,323,397,437,436,398,330,241,141,38,61,149,218,1131,285,279,254,217,167,104,44,14,66,106,133,152,156,155,142,127,105,85,59,32,1,33,68,106,139,169,190,776,171,128,74,0,87,167,236,269,271,233,153,42,75,183,257,291,261,185,66,2,0,0,0,0,0,1,2,0,0,0,5,48,102,139,153,146,113,61,5,75,136,179,207,208,184,137,66,11,90,237,224,256,267,249,199,135,55,33,119,196,262,301,314,305,256,190,110,16,86,183,269,331,365,374,348,291,212,174,10,124,234,322,389,433,437,407,350,251,139,10,132,260,364,451,501,508,483,405,304,177,32,120,259,387,484,542,563,542,476,378,247,101,62,367,373,486,578,618,615,574,487,355,200,28,153,319,472,595,672,703,680,603,488,325,132,69,271,461,621,731,796,690,731,612,440,235,6,227,451,641,774,7
58,3,77,55,26,7,14,43,78,102,129,308,170,175,176,164,149,123,101,68,28,14,53,83,116,139,162,171,175,174,160,141,115,84,46,6,27,64,92,110,139,151,153,149,133,113,90,58,24,4,32,67,90,103,110,113,109,107,90,65,42,15,9,34,49,63,72,76,76,70,55,41,19,3,15,124,43,54,59,58,53,43,31,12,8,22,41,54,58,63,58,46,25,10,11,35,54,63,68,69,57,47,25,201,32,50,66,70,73,61,47,21,6,35,55,66,62,49,32,8,18,40,51,3,1,2,3,0,1,2,1,0,0,1,8,157,268,314,283,192,56,88,223,326,386,388,339,245,121,18,159,284,379,46,453,419,341,238,111,21,154,266,370,430,460,455,424,351,267,157,46,72,174,272,343,400,430,440,414,373,308,1233,140,41,61,159,244,319,377,416,435,425,390,340,272,193,98,2,88,179,258,328,379,406,417,401,373,322,254,177,88,3,86,163,238,289,333,493,358,343,308,267,213,155,83,6,42,105,151,192,206,226,230,212,201,181,154,124,100,69,37,7,15,38,57,191,84,93,103,107,117,120,124,119,123,5
126,7,110,122,137,146,147,151,156,156,146,252,122,102,74,50,27,7,36,65,90,114,140,157,173,181,183,176,170,154,138,116,90,62,29,0,25,51,79,244,123,132,143,151,149,143,132,119,105,81,54,31,8,15,36,57,74,91,96,100,100,93,84,71,59,42,22,4,12,34,40,50,58,67,67,80,54,44,28,15,3,16,32,47,55,62,63,59,51,45,28,9,7,23,46,57,71,72,78,67,49,33,11,64,31,42,61,73,74,67,58,40,18,9,25,46,55,60,52,38,19,7,24,2,2,2,1,2,1,3,2,0,1,0,213,277,280,214,104,26,156,265,339,377,373,324,244,134,15,109,228,321,397,213,447,430,377,301,202,92,18,126,230,314,385,431,451,453,429,386,335,265,187,98,6,79,165,240,307,361,404,787,435,429,407,373,327,269,206,130,54,25,106,177,246,307,355,394,415,426,426,406,384,345,284,220,148,82,9,67,130,198,253,299,332,351,368,732,351,330,295,253,204,159,106,50,3,45,84,118,148,171,189,201,200,196,187,178,165,153,140,124,105,89,70,920,39,30,19,8,5,15,30,47,56,3
114,6,104,125,137,149,148,140,123,99,75,79,10,29,62,101,134,157,176,184,182,162,139,107,66,18,24,62,102,134,157,172,179,171,158,132,96,54,9,398,71,102,123,140,149,151,142,121,92,59,30,7,42,68,86,107,110,109,100,84,60,37,8,24,40,58,70,79,75,69,57,36,21,4,24,129,53,62,64,55,44,28,10,8,27,45,54,60,62,52,36,17,6,29,49,63,71,69,56,37,9,14,40,357,71,71,65,50,28,7,19,44,61,68,63,47,18,10,35,50,52,43,21,3,2,2,3,2,3,3,1,1,0,2,251,197,71,86,231,323,350,306,205,64,83,224,340,406,414,366,266,130,19,9,297,392,447,457,411,324,212,79,66,194,305,392,441,448,425,370,281,178,58,68,186,285,367,418,436,428,394,1343,241,137,26,85,188,277,349,398,420,422,399,346,276,185,87,26,126,226,312,375,413,434,417,369,306,226,127,32,57,150,235,297,346,364,369,775,308,242,171,87,11,68,142,197,235,253,260,249,232,193,160,120,76,28,12,50,83,100,122,134,136,132,128,898,110,96,82,70,55,40,20,3,22,8
86,4,121,101,88,71,47,22,4,28,56,189,111,127,153,168,178,179,176,167,152,131,108,75,51,15,16,57,89,115,137,157,167,174,176,168,151,125,101,459,44,11,24,52,74,104,119,131,132,132,126,120,105,82,63,39,12,15,35,58,76,80,87,95,86,84,70,51,32,14,3,17,32,49,61,108,61,61,56,38,26,11,1,23,40,54,60,60,61,59,42,31,12,9,28,45,64,69,69,68,58,41,24,160,20,44,61,75,74,67,52,36,8,16,39,55,63,63,54,33,8,18,37,0,1,0,5,0,1,3,2,0,2,1,15,147,251,307,299,231,119,14,149,262,350,392,390,348,266,159,34,98,215,87,402,444,459,435,376,287,185,70,51,156,262,344,408,436,448,436,405,349,282,192,97,2,98,188,258,321,379,433,431,430,410,380,323,257,182,105,22,64,152,231,296,352,387,416,425,412,399,359,310,249,168,81,4,74,151,223,276,317,358,373,379,365,338,818,253,197,141,81,14,43,94,145,183,207,227,235,234,226,221,197,171,142,123,86,65,40,14,12,25,39,57,148,74,86,93,96,103,110,117,122,128,1
10,30,55,323,557,749,881,944,933,834,682,521,210,56,321,559,751,876,936,919,826,663,447,200,62,327,550,728,848,897,872,775,618,401,167,84,321,526,691,71,822,786,668,505,320,95,119,328,500,618,683,682,628,524,380,209,25,148,304,422,495,524,510,456,363,250,122,9,132,232,309,357,372,356,310,580,155,76,8,83,141,189,213,218,209,183,146,110,69,25,9,42,69,93,113,131,145,155,157,145,121,88,35,292,98,167,216,250,257,225,160,64,46,158,249,307,310,263,167,35,99,212,276,3,1,1,0,0,0,1,1,1,2,0,45,98,140,154,142,105,52,14,85,152,194,213,206,169,114,39,45,127,197,425,274,268,232,170,86,3,96,181,250,301,326,314,276,212,120,22,80,181,274,341,381,385,352,291,203,97,20,26,259,353,418,449,443,404,329,221,95,44,181,309,416,487,515,511,460,368,247,100,57,212,354,472,549,584,574,514,421,291,134,34,201,358,489,837,644,644,598,498,368,207,27,161,340,495,619,694,724,692,612,479,298,99,110,318,504,659,771,814,801,717,582,470,169,68,308,532,716,844,908,899,820,9
45,14,741,830,880,887,850,769,656,505,335,38,54,244,423,580,710,804,864,881,858,796,691,553,389,199,12,170,347,502,635,738,800,817,805,739,647,535,386,648,47,128,288,427,542,629,681,700,678,618,535,421,296,163,28,106,228,335,419,473,501,502,480,436,377,294,202,108,13,71,145,211,260,293,311,1184,291,264,226,181,132,83,34,10,50,82,107,124,135,141,145,143,140,134,128,118,107,94,75,49,17,20,64,61,152,190,220,237,235,209,159,90,4,84,169,240,284,294,265,199,102,8,109,3,0,0,0,0,2,1,1,2,1,1,26,74,116,140,152,146,120,83,35,21,79,132,176,206,222,219,196,158,108,216,21,86,148,201,240,270,278,276,258,218,165,100,27,47,119,188,251,299,336,352,352,335,298,245,178,98,9,48,170,254,323,378,417,439,437,415,374,307,231,136,30,78,183,284,371,440,491,518,526,505,459,392,303,203,92,25,142,257,364,453,526,576,596,834,565,506,429,333,221,95,36,171,301,419,522,601,659,685,688,657,598,506,391,256,108,46,207,363,509,630,727,619,811,800,753,669,556,409,242,63,118,4
29,1,17,27,55,71,91,102,122,132,144,336,158,164,153,158,147,130,120,90,56,24,0,29,53,87,117,133,159,161,170,171,170,163,146,150,126,101,70,454,14,7,45,63,82,109,124,129,134,134,128,118,114,88,63,49,29,15,13,39,46,61,76,82,83,87,77,70,63,43,30,16,0,20,31,132,48,57,65,60,52,56,32,10,1,19,32,40,55,63,64,64,55,52,36,19,4,22,41,56,74,80,69,287,57,39,22,7,26,41,64,70,74,65,51,38,1,14,41,47,51,49,28,0,5,2,2,0,0,3,0,1,1,1,170,262,303,266,186,59,63,187,285,352,384,368,334,240,150,16,90,213,309,81,435,453,448,398,334,250,140,31,69,164,252,340,388,433,451,445,431,383,334,265,187,112,23,57,146,214,280,94,379,413,426,436,413,399,358,299,248,180,114,32,41,123,193,268,304,348,392,409,427,425,404,379,338,288,229,165,103,35,30,102,163,221,258,275,326,341,337,320,301,301,259,231,174,132,83,42,6,45,65,94,132,131,151,155,161,152,155,149,150,134,129,943,110,103,89,92,70,67,51,42,53,2
71,4,90,87,54,43,7,30,63,76,110,273,147,163,162,178,164,147,122,94,50,11,24,64,99,130,146,173,171,172,172,148,130,91,55,15,22,59,90,217,142,153,154,150,134,115,87,64,40,1,30,61,76,87,110,118,110,105,88,72,39,12,8,23,50,63,74,77,75,74,50,39,19,1,18,135,47,53,59,56,48,42,28,0,10,36,48,59,63,54,48,40,28,3,25,42,69,71,80,63,48,38,9,54,34,56,76,81,63,52,33,12,21,46,57,55,57,42,17,11,27,46,45,3,1,0,1,5,0,0,0,5,0,2,131,8,162,273,326,311,236,105,28,174,287,373,403,386,310,198,64,78,213,53,408,455,446,411,315,203,76,62,186,292,370,437,459,449,404,338,248,138,25,86,186,280,356,405,428,438,408,1375,295,212,109,10,90,174,263,324,387,418,429,413,379,329,258,155,67,20,120,197,286,342,385,414,410,383,352,288,222,136,53,35,130,207,253,461,336,343,343,307,269,224,169,96,41,24,74,128,161,184,218,213,207,196,183,157,126,95,82,49,13,1,18,341,59,78,88,94,103,112,121,113,120,13
88,8,128,113,114,106,95,78,51,35,5,15,42,59,89,109,132,156,173,178,178,177,175,163,141,118,102,68,45,3,16,47,75,105,118,141,156,166,165,170,164,146,118,95,84,42,25,4,31,51,64,97,104,112,111,109,112,92,87,75,47,33,14,2,21,41,56,65,71,71,68,62,53,52,37,8,0,15,34,37,49,64,59,61,52,53,33,19,2,10,30,46,54,65,69,66,60,48,29,1,13,34,55,367,67,77,62,56,33,12,11,30,41,62,67,67,55,35,8,13,33,47,50,1,3,0,0,0,1,1,2,4,4,1,229,164,43,92,218,301,349,329,289,196,83,43,160,270,357,419,437,410,372,41,198,89,32,154,263,337,413,438,456,443,413,350,283,194,95,8,97,176,257,330,372,408,431,433,420,408,352,1378,237,156,78,7,70,150,230,279,337,380,417,423,427,414,388,346,306,247,175,107,38,46,116,195,261,300,352,379,402,393,391,380,338,300,252,547,132,69,11,48,105,148,187,220,252,255,266,259,261,223,210,180,151,126,94,62,39,23,11,22,39,60,65,127,82,83,86,96,98,102,105,115,124,2
100,4,129,118,106,78,48,20,17,40,97,253,141,165,170,162,141,100,77,37,13,55,93,130,158,178,183,175,151,123,81,34,11,50,96,134,152,162,176,301,129,93,59,11,29,57,94,119,137,131,122,107,79,49,15,13,50,86,87,98,97,89,77,48,25,0,23,47,66,69,71,63,46,35,14,92,30,46,56,59,55,40,22,1,16,32,50,60,66,60,43,14,7,27,49,64,73,66,54,36,10,20,48,406,80,76,61,37,10,13,51,67,69,60,43,18,10,33,57,53,40,23,14,0,1,2,1,4,0,1,3,4,1,0,53,102,240,313,298,202,57,105,255,347,380,349,257,118,39,191,318,416,442,210,323,197,43,113,264,366,440,471,424,345,235,95,49,175,304,392,438,439,416,353,252,144,18,111,227,319,388,786,430,403,344,252,145,24,95,197,297,370,419,431,411,357,283,178,84,37,146,249,332,385,402,414,369,307,219,119,15,86,185,273,335,371,379,767,305,241,161,71,12,101,160,226,257,274,272,251,214,166,113,59,1,40,92,124,148,156,156,150,129,134,97,1004,61,36,19,4,28,49,76,85,99,8
70,11,865,871,808,672,494,273,35,211,441,1095,790,875,896,847,731,564,353,122,126,358,565,727,832,866,828,734,594,402,182,55,279,479,640,738,792,789,709,555,400,197,14,220,401,546,642,695,682,608,501,344,173,1,170,324,439,525,547,535,472,380,270,143,9,118,225,301,356,379,370,338,281,201,119,269,57,119,176,215,232,233,214,186,145,96,49,8,29,67,90,111,122,127,130,129,128,120,103,79,42,3,58,116,167,205,228,225,197,136,51,49,146,230,284,293,256,175,62,65,175,250,271,0,0,2,1,0,4,0,1,0,1,0,36,17,76,122,151,157,142,102,43,22,90,149,194,217,216,186,129,61,17,99,171,226,262,269,249,209,145,69,19,105,187,254,301,322,308,276,220,145,48,53,152,240,312,363,383,371,334,276,169,60,54,168,273,359,421,451,452,405,339,232,104,28,165,288,393,473,514,514,482,407,300,171,25,120,262,387,484,551,574,555,499,413,280,114,30,190,343,463,560,619,637,605,533,418,275,105,76,258,422,561,662,713,716,664,567,427,254,49,164,366,549,489,780,814,790,710,571,386,173,62,287,4
99,5,124,122,111,114,92,70,65,41,24,40,34,59,92,115,139,151,164,180,172,180,175,162,146,120,96,66,32,4,34,76,95,118,138,148,159,167,164,291,152,128,109,78,50,20,5,31,54,77,99,114,108,119,118,118,100,91,70,60,28,11,14,37,43,67,63,74,72,75,71,55,47,24,18,84,21,30,35,45,66,58,52,46,31,24,8,12,29,38,56,64,66,63,66,49,35,13,14,26,49,69,74,420,79,63,46,27,3,34,47,57,73,70,64,48,28,11,23,36,48,53,35,3,1,3,0,1,0,2,2,1,1,1,243,278,247,150,21,119,233,325,371,372,327,246,138,15,113,235,336,405,443,273,416,355,267,154,36,85,191,286,370,424,462,467,436,402,347,265,182,87,4,95,183,268,336,393,421,444,442,1070,394,354,290,227,148,68,24,101,186,254,310,358,404,431,434,422,416,373,328,274,196,127,49,28,110,187,250,305,354,372,393,390,377,356,331,822,229,172,115,49,4,75,125,172,203,225,240,253,243,234,234,212,191,155,132,105,81,53,19,7,11,31,42,346,60,71,74,90,86,100,113,115,131,16
82,2,114,125,146,150,150,131,136,118,87,100,36,6,31,70,101,139,157,171,178,175,157,139,120,95,48,12,31,70,101,128,145,171,167,166,156,132,105,457,33,11,40,70,89,119,131,141,139,131,113,95,63,36,1,25,52,68,88,95,102,101,74,67,55,31,0,22,46,51,68,75,65,55,50,23,17,4,23,30,52,52,57,57,38,37,13,10,25,39,54,66,73,66,49,32,3,14,39,66,67,66,68,247,33,10,23,44,58,71,76,71,52,17,5,29,47,67,54,50,24,5,28,3,0,2,1,2,1,2,0,0,1,3,197,278,285,208,73,64,209,319,370,360,297,193,52,90,228,353,419,445,422,357,244,110,29,173,298,388,445,465,447,389,296,187,61,57,178,278,363,414,446,449,413,358,282,185,77,22,132,407,312,369,420,452,435,402,356,283,193,97,2,115,213,281,354,406,428,434,420,377,317,254,153,47,57,145,231,305,354,394,394,398,365,319,243,694,100,14,69,136,191,238,272,293,288,278,252,209,172,121,73,29,25,47,90,118,144,146,154,157,146,141,136,984,96,77,81,58,46,29,9,14,36,7
71,3,82,106,127,141,133,146,154,153,142,246,105,81,58,35,10,38,67,103,126,148,176,168,183,190,168,156,125,97,68,35,3,30,68,97,126,133,155,150,161,145,141,112,90,55,34,2,22,58,83,97,116,124,118,118,103,79,65,43,23,7,21,39,62,69,75,78,80,75,56,42,16,0,11,125,30,46,64,60,60,56,47,24,0,17,29,45,51,53,72,65,49,32,27,1,25,49,65,81,79,72,58,84,24,6,29,49,65,71,74,62,49,19,5,35,47,58,59,48,30,4,19,1,0,0,1,3,0,2,2,0,3,1,129,247,304,278,194,62,75,224,314,373,387,353,280,156,25,117,235,345,412,61,443,400,329,213,90,25,155,266,355,418,460,453,436,392,310,221,121,19,85,184,267,352,405,431,439,434,403,1188,290,208,122,32,50,144,235,297,361,403,438,450,423,398,352,281,208,121,34,50,136,220,293,346,380,423,413,408,386,331,268,215,133,65,22,283,170,228,267,302,316,328,315,290,265,220,176,112,71,27,16,61,74,113,137,152,162,153,159,155,137,146,124,988,97,81,74,50,43,36,16,6,12,0
30,7,63,87,114,129,146,149,149,143,122,190,71,32,8,50,85,120,155,168,186,180,172,150,112,77,27,16,59,96,131,149,166,171,166,153,120,97,56,432,34,70,99,127,135,141,138,127,101,75,39,2,33,64,81,101,111,111,101,87,67,35,6,20,42,50,70,77,76,68,54,36,10,1,29,127,50,57,63,53,45,28,6,6,41,49,58,64,56,45,30,12,23,38,63,72,77,67,55,32,3,17,42,432,69,65,61,38,18,21,33,55,68,64,53,29,0,28,49,53,52,35,3,0,3,0,0,0,2,4,0,1,1,0,161,259,292,242,123,38,188,304,368,369,300,184,38,118,256,378,438,443,386,352,149,2,157,290,395,454,470,423,352,240,111,27,166,280,376,436,456,440,390,313,211,98,25,152,245,338,404,659,440,409,357,276,182,71,48,149,253,329,396,425,433,410,360,285,204,93,14,121,223,308,367,399,420,406,362,295,220,120,25,87,164,250,308,529,362,354,318,267,203,123,44,33,87,154,194,225,242,241,229,196,176,138,86,44,3,27,57,85,100,119,124,532,126,117,115,102,90,78,71,48,25,4
19,9,534,672,781,853,890,883,844,765,663,642,367,195,11,171,345,503,643,753,833,875,879,845,774,660,529,375,210,37,137,303,454,583,685,753,792,800,769,472,598,471,321,167,15,139,282,406,509,581,630,645,631,587,520,437,328,217,94,22,129,226,310,369,421,434,433,406,368,319,264,197,125,52,14,652,132,172,202,220,233,230,221,200,175,146,116,89,63,31,10,11,30,48,67,81,97,119,138,153,166,175,175,815,144,108,60,1,66,134,201,248,280,285,259,202,121,26,75,168,238,273,263,3,2,0,1,1,1,1,1,1,1,1,121,125,117,93,53,9,42,93,136,173,193,198,186,157,118,67,8,52,112,257,212,243,260,263,248,226,181,130,74,7,62,131,195,248,288,316,335,334,316,282,235,177,105,26,52,133,210,117,345,386,416,423,415,393,344,281,210,120,30,71,168,260,341,413,470,505,519,510,479,429,357,270,170,60,50,162,266,359,444,511,561,591,591,785,533,465,381,280,168,49,75,201,321,430,524,598,654,685,690,667,618,539,440,321,185,42,105,259,403,535,647,544,789,813,804,762,695,591,461,312,143,1
35,23,158,98,349,571,745,854,891,855,748,725,355,105,156,404,613,769,862,886,832,703,518,289,40,217,448,641,777,840,837,759,621,422,195,42,275,478,641,0,775,742,631,477,294,78,133,330,490,595,650,639,578,466,321,152,23,194,333,435,493,500,468,401,300,179,50,74,185,271,330,357,351,319,257,348,91,9,68,134,178,208,218,209,189,149,107,65,23,15,49,77,102,117,127,135,137,134,121,98,61,17,30,28,147,198,225,230,203,141,52,49,152,239,286,288,240,147,24,103,206,267,263,1,2,1,1,0,0,1,1,0,1,0,76,25,33,89,133,158,159,134,85,19,50,121,177,212,221,202,154,86,6,53,155,218,258,269,252,208,142,57,30,121,206,269,308,317,293,245,174,84,22,126,224,300,351,375,364,323,249,210,31,91,209,310,384,432,442,412,348,249,130,7,150,280,388,467,506,505,455,368,247,105,49,202,341,451,528,558,546,493,396,264,110,57,222,584,498,578,618,603,545,446,306,136,45,226,396,532,634,686,682,626,509,355,169,34,239,431,596,711,774,775,709,586,401,188,45,283,499,679,805,865,848,2
71,31,574,748,849,887,862,762,620,414,181,279,308,528,702,828,887,874,803,667,480,257,15,223,443,632,764,838,852,795,678,504,303,71,157,366,552,686,768,224,734,636,478,289,98,116,306,470,588,647,661,611,528,402,253,82,87,241,366,456,502,503,473,401,305,186,59,54,162,250,306,342,353,329,290,542,139,66,10,77,131,173,199,204,198,174,143,114,81,45,9,24,53,73,93,111,126,138,145,142,131,108,65,427,47,111,170,216,250,243,205,130,34,70,169,253,290,286,228,126,4,115,211,3,1,0,0,2,0,1,1,0,1,0,111,75,27,32,88,136,163,170,149,114,52,14,84,149,195,224,226,207,158,292,11,66,146,208,254,277,271,239,189,119,34,56,148,224,282,320,332,315,270,197,112,13,91,190,278,343,388,292,381,328,247,148,29,89,212,317,403,450,477,455,396,311,193,65,71,207,331,428,502,533,522,476,391,277,140,10,159,301,424,514,572,595,561,654,391,257,101,65,229,376,505,595,650,652,615,525,399,239,61,128,312,473,605,695,737,730,670,549,391,195,19,37,435,604,734,811,831,785,692,528,335,19
22,20,149,104,346,563,736,847,888,861,766,771,391,147,107,350,564,731,842,889,854,745,580,373,136,121,357,562,719,813,843,803,698,522,314,85,145,357,550,118,758,766,696,584,435,234,27,183,366,501,601,640,624,558,444,301,136,29,194,326,424,475,488,462,398,302,187,61,55,163,248,311,339,339,310,746,186,115,37,35,97,147,181,197,199,177,154,125,90,52,16,19,47,71,93,114,133,144,150,145,126,100,57,382,64,129,182,229,248,231,180,98,4,111,207,277,297,266,183,70,58,172,245,2,2,0,2,1,0,0,0,0,1,0,4,57,104,140,150,136,101,43,25,92,152,192,210,198,165,107,31,49,125,325,239,262,254,221,160,87,0,88,171,240,287,309,302,265,200,123,28,70,170,258,325,359,363,340,285,201,101,110,135,242,333,398,430,429,390,317,217,94,38,172,298,395,461,495,489,442,355,239,95,52,198,335,447,518,558,542,495,403,277,126,33,194,341,705,559,606,610,560,473,351,196,20,159,329,481,591,665,686,658,577,436,274,90,116,318,496,643,736,778,754,674,559,351,136,92,321,527,697,813,864,840,5
66,21,628,780,864,883,849,749,604,406,182,272,291,509,681,809,873,878,826,717,549,348,118,115,337,537,693,795,851,834,764,633,466,250,41,179,382,550,682,38,773,734,635,491,331,133,60,245,414,530,615,638,621,558,463,332,177,23,128,264,368,441,473,477,439,370,284,181,64,37,133,214,276,310,324,1080,270,218,155,93,27,34,86,128,152,165,168,166,156,134,111,84,59,31,6,19,49,79,110,138,161,174,176,813,133,79,19,50,135,201,255,269,256,204,115,6,105,203,270,288,254,176,62,0,1,0,0,0,1,1,1,0,0,1,33,84,124,143,144,121,79,21,42,107,160,191,207,196,163,109,42,30,108,279,226,252,262,242,199,145,65,13,99,175,243,288,316,316,281,232,164,78,16,113,204,281,338,373,380,353,305,258,136,26,86,194,290,370,426,451,448,401,339,238,116,11,144,267,371,453,508,521,503,445,354,236,104,42,183,315,428,512,560,574,551,494,392,317,125,29,187,329,455,555,622,641,625,563,467,335,177,2,177,347,502,617,699,730,716,653,548,392,214,13,193,183,567,696,789,824,807,731,610,433,231,12
16,11,130,135,101,32,45,111,150,146,102,45,66,137,169,152,89,2,97,166,180,139,57,42,127,178,171,108,12,84,152,177,142,63,38,124,164,152,94,424,77,137,154,123,52,32,102,137,124,75,0,71,115,121,88,26,43,95,109,84,34,23,69,91,79,40,11,56,76,68,32,12,49,67,57,12,11,47,59,49,16,18,46,59,44,11,30,60,60,39,1,37,63,64,31,11,56,72,60,19,31,63,71,229,4,49,72,60,22,28,66,69,39,12,52,64,41,3,41,55,31,9,41,0,0,7,3,1,1,4,1,2,3,1,89,142,294,241,18,232,352,269,37,223,376,346,144,137,359,421,293,29,252,105,421,236,49,316,457,413,203,81,334,454,402,201,73,319,444,412,235,24,275,427,427,283,48,202,384,438,344,1155,122,331,430,389,225,12,246,397,423,309,99,143,342,427,379,205,34,260,402,414,296,85,153,337,414,358,192,29,241,374,389,274,68,145,305,651,311,166,28,208,316,319,223,65,101,216,260,228,132,5,118,200,215,169,82,19,104,154,161,127,63,14,78,350,125,103,63,8,47,96,122,114,85,18
6,7,0,24,54,80,104,122,139,152,152,265,130,106,75,42,6,31,72,106,140,167,173,178,173,149,120,89,52,11,34,78,116,145,165,174,167,156,135,473,69,26,13,49,77,107,129,134,136,132,107,85,52,23,6,37,64,86,97,99,99,86,69,47,26,1,26,51,64,68,71,63,55,43,19,80,14,36,49,55,58,56,45,30,11,11,33,49,57,64,61,52,38,15,7,34,53,66,72,71,58,37,13,289,38,59,72,75,67,48,20,7,35,54,66,62,51,26,3,28,47,52,38,2,1,0,1,1,1,2,0,0,2,1,111,235,294,270,168,22,136,266,347,376,340,248,115,40,193,320,399,435,411,362,229,90,61,207,329,411,455,448,408,327,214,84,54,183,294,377,431,447,435,387,308,212,96,23,137,240,331,52,433,431,412,359,284,194,91,15,122,223,306,372,413,427,413,374,312,224,124,20,85,184,277,346,391,416,406,374,329,255,164,72,28,124,207,75,315,343,347,325,289,235,169,99,35,37,98,145,184,209,218,222,213,190,158,122,86,46,18,14,39,64,85,58,112,114,113,117,114,107,102,89,78,12
64,1,75,54,28,0,27,62,91,117,136,306,158,158,146,129,102,69,32,7,49,90,124,151,167,175,173,165,145,116,78,38,8,53,94,125,148,158,163,261,136,110,78,43,9,24,60,90,114,129,130,123,109,86,59,33,6,22,47,71,89,96,96,85,72,56,35,14,11,32,50,61,61,60,48,1,23,5,11,30,44,59,61,57,49,28,10,10,27,44,59,66,66,55,40,16,8,35,51,71,78,74,57,89,11,13,37,60,72,73,64,40,12,16,43,58,64,58,41,15,14,38,52,5,0,0,0,0,2,1,2,0,3,0,0,145,260,313,284,184,37,117,253,346,380,357,281,162,16,137,269,373,433,252,388,297,169,23,123,257,365,430,459,443,383,292,177,51,80,199,301,381,424,443,424,379,302,206,96,25,125,353,320,384,421,434,416,368,299,208,106,1,108,210,297,365,406,424,416,384,328,252,158,51,54,159,249,322,373,400,401,377,336,267,183,95,3,238,164,235,283,312,326,315,287,243,190,127,66,0,60,113,155,183,199,196,189,175,154,132,102,73,40,15,5,484,44,65,78,91,99,107,114,116,117,6
53,30,474,660,792,872,888,838,744,580,382,45,83,314,522,700,822,876,881,821,696,536,331,105,124,349,548,694,807,848,831,752,627,440,247,28,191,380,554,123,752,769,724,622,493,316,124,65,246,403,521,593,628,612,557,459,325,178,22,126,254,353,428,462,464,428,367,279,179,70,28,127,202,260,301,1179,291,260,214,158,98,36,21,74,116,137,154,163,159,150,136,113,90,72,48,22,4,40,73,106,142,166,184,799,174,138,90,22,59,138,214,265,280,261,195,99,9,124,219,275,281,237,146,1,0,0,1,0,0,1,0,0,0,1,16,69,114,143,149,134,96,42,21,88,146,185,210,207,182,135,71,0,77,208,205,247,261,258,228,182,106,27,55,136,210,265,305,319,301,267,208,129,41,59,156,241,312,362,384,377,344,282,195,93,16,123,228,321,393,444,463,436,392,309,197,75,60,187,307,404,479,512,524,492,420,324,201,62,80,222,350,456,528,573,577,550,472,463,239,92,69,220,363,483,578,632,654,622,555,445,307,145,35,216,388,530,639,711,736,716,649,527,373,182,22,35,425,592,719,800,835,803,726,590,420,11
73,16,820,868,883,828,746,607,450,253,45,423,364,545,695,803,867,884,857,790,671,519,337,142,60,266,448,600,724,803,845,828,774,666,533,365,189,9,184,445,511,625,699,733,731,680,591,474,331,172,14,143,284,401,495,554,578,573,526,453,359,246,133,19,95,196,279,329,366,377,375,346,305,247,178,40,32,30,91,139,173,199,209,209,196,174,149,124,97,64,39,15,7,30,52,69,94,116,140,156,168,173,167,801,112,70,10,54,125,192,246,268,271,240,175,82,21,126,211,267,284,254,183,2,1,1,1,1,1,1,1,0,2,1,123,109,79,35,18,72,120,157,178,185,168,134,88,24,42,102,159,203,236,517,240,212,172,115,43,25,98,168,225,271,299,306,297,268,219,154,82,3,81,165,239,300,346,374,376,359,322,275,190,98,4,94,191,281,355,415,457,462,457,411,342,254,151,42,73,186,292,386,462,513,536,534,496,437,355,249,132,7,124,247,364,461,535,843,610,593,554,481,391,274,147,1,140,282,411,519,612,668,698,687,644,561,455,320,165,4,168,336,493,624,729,623,810,790,728,624,489,322,141,55,248,9
47,9,861,815,736,625,487,325,151,36,217,762,547,685,789,855,884,880,838,765,653,513,348,179,1,183,351,500,629,730,804,834,833,785,708,594,467,329,161,615,165,321,453,561,642,692,708,695,644,561,467,346,221,89,41,167,278,370,445,486,502,501,478,436,375,298,214,125,37,48,121,182,237,276,295,1210,291,272,242,208,169,124,79,35,1,39,65,86,104,119,126,130,131,136,134,132,130,130,119,105,87,57,22,316,69,121,174,215,248,259,250,208,153,79,10,103,187,253,285,284,242,168,71,0,0,1,2,0,0,0,0,0,0,0,80,45,0,46,93,135,161,174,171,154,120,71,15,44,100,152,196,228,243,521,230,197,155,100,37,25,91,152,210,254,288,305,312,299,269,228,177,110,36,42,119,189,253,313,353,382,394,298,366,323,262,192,112,23,72,164,253,330,394,444,475,482,469,442,393,324,241,144,38,69,177,280,369,446,507,545,564,561,533,485,417,332,229,100,2,117,236,343,440,526,592,633,656,645,610,555,478,375,261,128,14,156,290,421,536,633,712,758,776,759,716,627,533,402,251,87,83,250,413,560,686,2
49,32,313,523,693,813,877,885,838,720,567,383,140,93,321,523,687,803,874,882,828,717,559,363,146,86,301,498,660,768,834,832,781,662,512,323,120,82,292,379,617,713,742,727,675,563,417,244,57,121,287,420,527,588,613,582,513,420,294,149,8,131,246,337,402,438,439,404,341,266,180,83,10,96,171,1101,259,266,263,246,208,161,111,59,9,31,69,103,125,139,144,142,137,129,117,98,83,58,33,3,46,85,129,451,201,214,211,184,127,52,37,127,211,273,292,271,208,113,0,118,210,267,265,0,1,1,2,1,0,0,1,0,0,0,70,112,136,138,119,81,27,32,95,148,186,204,197,167,120,53,16,88,155,360,247,259,249,218,161,94,12,68,146,212,269,302,315,300,257,197,122,36,57,149,234,301,350,375,375,343,287,236,112,3,104,208,301,374,425,452,450,405,342,244,126,0,128,249,359,436,497,517,514,466,388,278,156,18,121,258,378,476,543,576,577,539,458,450,221,78,76,221,362,482,576,630,653,625,569,466,333,171,1,173,346,494,615,696,739,733,688,585,447,270,71,47,331,504,655,762,829,834,788,684,541,14
29,20,491,683,819,885,875,799,653,449,213,258,298,526,716,837,889,866,774,617,411,168,87,329,544,709,814,855,823,720,559,347,114,126,354,542,687,774,792,392,624,456,249,29,183,382,533,637,684,664,596,468,308,132,47,220,363,473,532,536,498,420,312,184,46,88,205,294,355,380,374,338,275,194,107,338,70,138,194,228,240,232,207,165,119,66,18,23,62,93,115,131,137,137,132,124,110,90,59,22,22,70,119,413,197,213,202,167,107,21,76,169,244,284,280,230,136,17,105,212,272,274,218,2,1,0,0,1,0,0,0,0,0,3,54,101,134,142,125,84,27,37,102,159,191,200,180,133,71,4,82,156,212,480,252,230,182,112,29,57,141,214,268,297,301,270,216,140,44,52,150,236,306,347,358,335,282,204,104,6,122,74,326,390,419,417,376,307,205,81,50,182,301,394,459,484,468,419,329,211,71,81,228,354,456,522,543,524,463,358,227,76,87,243,383,500,571,858,589,525,419,276,112,62,233,391,525,618,667,661,606,500,351,173,29,227,411,567,679,741,750,695,584,418,217,157,233,443,623,755,828,837,778,650,465,8
52,12,137,123,377,602,770,869,891,833,702,603,254,8,273,508,698,824,881,857,754,582,352,101,162,414,614,760,842,842,766,618,422,175,75,309,519,677,769,223,727,600,418,206,11,231,425,570,655,668,623,520,374,197,10,169,323,445,518,539,503,421,312,181,31,107,223,313,369,386,371,323,248,157,59,526,125,183,225,244,241,216,178,128,73,17,31,74,104,129,138,141,137,128,110,91,65,33,8,51,96,139,174,719,195,173,125,55,34,126,210,264,279,251,170,61,64,179,258,290,258,171,45,3,0,0,0,1,0,1,1,0,0,1,120,128,111,73,15,50,111,156,179,178,148,93,18,60,133,194,227,235,213,423,89,2,86,163,226,270,280,260,218,143,54,44,140,225,288,323,327,303,245,158,53,55,163,263,336,379,394,294,299,204,85,40,169,286,376,437,459,433,374,272,141,3,146,285,399,479,518,508,451,356,225,70,95,249,384,485,548,567,536,455,334,183,11,300,330,465,565,611,613,565,469,325,152,40,230,401,546,648,695,684,607,482,315,112,105,317,511,659,756,786,750,620,469,262,26,218,448,648,790,860,846,3
89,20,803,876,883,820,702,533,335,109,127,694,557,724,835,893,880,811,687,521,311,85,151,368,560,708,806,847,835,759,636,461,261,36,178,376,551,677,759,219,746,660,520,350,169,32,216,386,520,607,654,641,592,496,375,226,71,87,228,344,425,475,489,468,415,331,231,121,8,96,184,255,304,325,326,975,252,196,130,67,0,58,109,146,168,172,170,166,150,130,106,78,50,26,2,26,55,88,116,145,163,175,174,792,128,75,15,54,136,204,255,273,254,204,115,8,102,201,268,289,257,178,64,1,1,0,0,1,0,2,0,0,1,1,103,129,130,109,67,13,47,104,152,186,192,175,140,83,19,50,120,178,224,484,247,221,175,111,34,41,124,193,252,289,306,292,258,201,122,42,51,138,224,292,341,363,360,330,275,196,100,97,117,220,308,377,417,438,420,376,304,205,93,29,157,275,374,453,497,508,485,422,335,219,89,55,190,318,425,506,555,567,539,477,386,269,124,100,183,319,444,535,599,627,617,560,472,346,199,34,135,305,456,582,671,715,714,664,572,439,277,87,116,310,495,448,754,807,811,759,660,512,330,117,100,16
78,21,787,864,884,837,747,599,421,208,19,544,455,633,773,859,891,862,785,658,484,279,60,163,373,561,702,797,850,839,780,657,502,306,104,105,303,477,624,47,768,759,698,589,458,286,105,80,258,401,522,594,627,617,570,483,361,229,81,62,192,300,384,438,461,448,403,337,252,158,66,32,118,190,247,1184,287,277,252,217,171,119,63,9,35,72,104,128,141,151,147,139,129,117,104,86,64,39,12,24,64,104,145,532,206,212,200,168,108,31,58,144,221,273,288,267,202,110,4,120,210,265,265,2,1,1,1,0,1,0,0,1,1,0,101,69,21,33,88,131,163,174,165,132,83,18,50,115,170,210,231,231,209,423,106,34,45,119,186,236,272,285,281,248,198,128,48,37,122,196,268,317,343,347,326,283,218,134,42,61,162,83,333,387,417,421,395,345,269,172,64,54,170,278,370,438,480,492,474,421,344,236,116,17,150,278,386,474,534,557,551,509,434,329,207,67,76,378,352,460,550,600,621,602,554,461,346,204,47,116,275,422,548,642,702,713,687,613,506,362,194,3,191,375,542,476,769,808,808,750,651,501,325,123,88,16
209,29,1455,1462,1384,1210,973,669,337,26,390,1352,1027,1268,1432,1507,1496,1402,1235,992,683,346,16,368,690,980,1201,1357,1434,1426,1337,1160,923,624,304,36,367,653,912,223,1236,1288,1255,1146,973,740,471,180,113,389,625,816,952,1029,1036,981,867,714,513,293,65,151,341,499,622,695,728,703,647,555,438,300,159,21,112,1364,312,369,408,423,407,377,322,257,189,116,52,12,66,116,148,170,192,205,217,228,228,228,220,195,158,104,35,479,139,228,320,387,423,415,357,251,112,49,211,356,459,501,468,364,200,5,186,0,3,5,0,3,2,2,2,1,2,1,185,222,224,192,129,47,46,145,227,297,330,331,298,226,136,32,84,195,299,630,426,441,420,366,277,175,54,73,201,319,420,490,531,533,504,436,345,226,81,67,215,355,472,570,628,656,645,496,498,359,210,45,131,300,466,607,717,779,806,772,696,569,409,231,38,167,364,549,706,824,897,923,888,812,681,513,318,99,126,352,558,742,884,1399,1035,1017,950,829,664,463,238,10,261,501,730,908,1059,1141,1175,1139,1048,888,679,426,152,143,439,720,968,1165,1302,1132,1354,1257,1095,864,588,271,64,398,715,27
58,4,907,844,734,572,385,169,52,279,490,1121,815,911,954,936,862,737,578,388,166,54,283,482,657,785,868,900,886,813,699,536,354,139,71,277,464,615,734,104,819,792,701,578,436,248,65,113,294,436,553,630,665,654,615,534,418,293,145,3,132,256,355,423,467,474,455,403,339,254,165,69,23,108,182,1065,264,281,283,265,236,195,148,102,55,6,31,65,97,116,130,136,141,142,140,132,126,119,98,79,47,2,44,6,155,196,237,254,247,214,149,65,33,135,221,286,310,298,235,138,18,108,203,0,1,2,3,0,0,1,0,0,1,0,125,139,131,98,50,6,63,119,162,199,204,193,159,103,43,28,97,161,217,450,269,260,235,193,125,55,28,109,181,243,294,323,332,318,277,218,150,69,26,117,205,284,341,386,401,397,367,284,235,138,36,71,178,276,367,432,483,489,483,436,363,264,148,28,98,223,335,430,509,553,566,552,497,423,319,192,61,79,223,350,461,553,610,881,637,586,512,409,280,136,17,176,323,459,575,655,715,725,703,640,537,402,248,70,114,292,465,610,732,810,847,738,773,662,516,338,140,75,283,483,651,3
187,7,154,244,286,201,110,386,24,103,122,147,64,280,10,83,84,103,77,181,392,157,261,238,136,192,389,103,165,203,68,41,191,30,245,15,366,126,8,251,274,15,418,22,128,69,39,196,381,11,73,179,30,160,344,23,311,2,445,192,2,261,69,6,219,222,9,542,105,146,115,75,99,117,153,111,127,43,105,394,323,51,139,1,225,18,31,7,18,37,305,165,40,52,55,50,15,92,9,438,32,307,305,284,219,68,96,9,185,268,41,16,228,202,34,12,1,16,153,22,35,67,156,10,30,26,12,48,55,78,62,16,55,30,486,447,344,136,48,22,167,379,572,583,413,76,338,668,855,866,657,392,82,153,200,175,67,131,299,360,425,425,400,334,248,138,85,38,97,158,163,159,160,61,30,274,418,555,603,575,461,324,138,13,15,8,52,86,5,67,194,37,39,110,257,447,586,652,539,396,271,163,138,256,246,387,493,632,610,683,739,781,695,536,377,155,37,127,302,258,104,148,371,603,747,722,480,179,170,410,560,572,424,129,92,289,411,340,100,256,648,921,1156,1091,1029,547,229,259,685,949,1032,244,170,46,52,79
94,16,649,714,747,740,700,620,518,385,236,35,93,255,403,531,635,707,746,746,712,642,545,416,272,112,46,203,346,472,577,650,692,696,666,601,509,397,263,491,30,174,305,416,503,563,593,589,558,491,409,305,193,75,44,155,253,333,390,425,432,421,390,340,280,203,123,43,32,101,163,212,247,267,270,895,237,207,168,126,82,38,1,37,68,92,110,121,128,126,126,118,113,105,97,85,73,59,38,16,9,43,77,144,145,172,192,195,184,150,97,31,43,117,182,229,249,241,197,128,39,55,137,0,2,0,2,0,0,1,1,1,1,3,11,53,90,117,131,130,113,83,42,5,55,103,143,174,190,189,174,143,104,209,1,58,113,160,199,227,238,239,223,192,151,98,40,23,86,148,203,249,282,299,301,287,257,213,158,94,21,13,133,204,264,312,348,370,374,356,324,268,204,121,32,59,149,234,308,370,415,441,446,430,390,334,259,173,79,20,121,218,309,385,448,487,507,685,479,429,360,274,176,67,45,158,268,365,450,515,563,582,581,547,493,409,309,191,65,69,205,334,451,547,623,543,685,666,620,540,440,312,171,17,137,12
111,7,146,142,135,118,93,64,27,10,53,177,127,153,174,185,185,168,149,128,66,37,9,61,102,143,171,184,200,184,163,133,99,49,8,42,87,126,153,43,173,168,145,122,83,48,11,45,73,98,120,131,132,122,102,90,53,14,13,44,71,89,100,95,82,66,41,29,0,20,40,58,71,82,66,28,39,21,3,30,37,54,70,57,53,39,19,1,24,47,59,66,78,65,46,21,7,35,62,72,80,71,58,52,12,22,50,68,72,63,61,22,9,22,50,64,65,53,29,1,31,45,48,4,0,0,5,1,0,1,0,0,1,1,232,289,260,138,24,184,313,372,363,284,152,0,162,307,405,444,426,350,218,345,99,255,380,459,491,460,378,268,129,20,167,300,400,457,477,455,401,301,191,59,76,197,300,394,445,463,445,1220,319,220,101,19,145,237,338,404,445,455,436,384,308,207,100,30,131,244,327,395,437,444,426,359,289,204,98,10,119,216,301,350,389,407,378,826,268,186,97,1,82,160,222,269,282,289,275,251,208,157,108,47,4,45,99,128,144,161,164,162,150,144,121,1042,75,53,25,8,13,25,61,75,106,6
22,21,172,0,171,342,493,630,746,824,884,1345,874,815,722,607,460,298,130,44,227,394,542,666,759,820,847,846,814,742,642,512,369,200,35,124,283,418,549,183,715,757,753,719,665,570,462,338,197,60,81,209,322,420,500,554,570,573,544,488,422,334,250,154,52,42,131,200,254,302,334,346,351,336,313,778,216,166,109,57,11,32,70,102,127,146,154,161,161,156,153,142,130,120,108,95,82,63,40,14,16,49,88,170,169,205,231,243,238,209,159,94,8,78,159,232,280,295,279,228,148,48,58,4,0,0,0,2,0,1,0,0,1,3,115,129,130,113,79,40,12,62,108,154,186,203,207,191,163,123,69,10,50,112,168,215,250,267,273,267,241,204,159,100,36,31,99,164,221,272,313,337,349,343,321,287,231,171,102,20,58,2,222,286,346,391,417,440,430,408,380,314,251,164,66,27,128,229,313,386,451,491,527,529,512,483,421,353,265,165,61,46,161,267,364,450,510,829,605,610,601,560,504,430,338,227,111,11,140,260,376,486,579,652,699,718,715,682,621,540,442,313,173,23,135,80,428,555,663,750,813,841,837,808,736,1
47,1,62,74,105,118,135,146,165,163,151,229,108,79,40,4,34,75,113,136,156,174,180,183,168,150,119,92,31,1,50,88,117,143,163,162,174,153,126,474,68,30,1,37,68,100,131,139,144,141,126,109,80,48,28,7,35,62,80,95,103,96,87,74,45,29,17,18,37,55,66,68,55,58,53,19,4,4,17,36,47,57,52,54,49,27,6,14,33,52,67,65,66,64,45,19,2,24,47,62,74,81,71,71,18,3,32,51,65,66,64,50,30,2,21,45,61,65,45,31,3,19,38,1,3,2,1,2,0,3,2,3,3,2,176,48,106,246,325,338,275,168,20,134,268,361,410,401,330,212,85,72,211,219,420,458,459,405,315,195,40,93,226,333,413,452,458,431,372,274,164,54,69,181,285,362,414,439,442,415,350,1228,180,77,31,138,236,318,384,423,440,426,391,338,257,159,69,41,144,228,307,371,406,430,422,391,332,262,173,78,14,112,201,273,333,375,367,717,337,291,228,158,79,10,65,132,178,220,240,253,252,233,204,176,134,90,60,19,20,51,70,90,107,126,127,570,131,122,116,104,93,84,68,52,43,2
25,15,857,808,735,626,494,334,165,12,190,704,526,658,766,839,878,883,858,798,701,579,434,274,102,83,254,406,538,652,745,806,833,812,765,680,585,468,319,612,0,157,300,421,528,613,670,693,683,636,575,483,379,264,140,20,96,204,303,378,431,464,479,472,447,400,339,267,190,110,37,37,102,161,211,1086,260,266,263,250,229,205,173,135,96,62,26,1,27,51,71,84,93,103,116,125,136,148,155,159,157,147,126,672,52,6,52,109,171,221,262,275,270,238,177,94,0,96,181,246,277,274,228,1,0,1,1,2,1,0,0,0,1,0,7,55,97,131,152,159,149,123,85,39,14,72,129,173,207,230,233,222,197,406,107,51,10,72,134,187,232,267,294,300,292,268,234,184,124,59,8,81,153,221,284,327,358,376,380,366,337,273,229,158,81,3,91,179,260,337,399,440,473,480,467,431,380,315,240,150,55,50,157,252,347,426,486,531,555,558,540,505,445,370,281,178,67,130,169,276,379,464,538,598,636,646,640,602,547,467,374,257,136,1,139,269,394,508,610,687,745,769,770,735,674,595,467,332,187,25,140,307,465,603,718,4
20,34,226,460,658,792,872,888,830,705,532,300,70,175,414,612,763,855,883,847,738,569,364,131,114,349,549,706,807,844,816,722,576,374,153,74,293,481,637,5,771,742,646,512,348,143,61,252,419,539,621,637,612,532,419,276,113,51,203,329,419,472,482,462,397,307,196,82,39,143,225,292,326,333,314,824,209,142,70,4,67,120,160,184,196,185,167,145,116,81,48,14,15,44,69,95,118,139,153,162,156,144,108,572,8,76,140,197,248,260,237,175,92,14,124,222,281,295,257,174,57,69,178,1,2,1,0,1,1,1,1,0,0,1,121,130,110,74,19,43,102,151,180,191,168,125,62,13,87,152,205,238,245,504,173,107,26,56,138,207,259,286,291,268,217,144,55,35,131,213,280,326,350,336,298,232,146,43,68,173,270,183,401,416,402,354,275,178,58,70,198,304,402,462,485,469,416,333,221,91,52,193,324,429,505,541,535,492,412,292,156,5,151,298,429,526,586,848,580,507,399,263,103,64,232,388,520,614,668,670,624,528,398,229,39,152,337,502,637,720,767,737,665,529,361,279,66,281,481,647,772,843,850,778,656,11
165,0,1734,1685,1535,1269,946,557,145,289,709,1909,1400,1634,1767,1790,1697,1513,1251,917,520,92,331,730,1085,1367,1570,1667,1690,1594,1421,1138,806,411,8,383,748,1062,1304,44,1532,1496,1374,1163,903,581,236,114,449,735,977,1134,1225,1235,1172,1036,840,607,339,61,198,428,622,767,857,885,866,778,655,502,337,154,17,171,315,2028,492,523,526,506,451,380,289,203,112,18,57,125,174,222,250,259,272,273,271,260,247,225,193,143,73,4,102,60,308,386,456,485,459,390,261,93,97,285,442,556,596,552,421,223,4,233,408,2,2,0,1,1,5,4,1,2,0,0,191,253,277,258,200,106,2,118,227,325,376,402,383,319,230,108,26,162,291,655,485,514,521,478,387,275,136,16,175,321,453,550,620,644,618,550,460,331,164,17,192,368,519,649,732,781,779,604,628,477,304,105,104,308,513,687,829,904,954,925,844,700,513,306,73,170,410,633,821,970,1058,1087,1046,959,802,604,372,113,157,426,676,887,1051,1655,1224,1192,1111,957,764,511,245,60,361,648,910,1116,1278,1362,1392,1330,1193,981,718,404,64,286,633,951,1232,1443,1576,1353,1563,1404,1186,881,534,131,273,670,1026,24
4,34,55,166,376,561,714,824,881,884,836,975,584,398,188,33,248,451,623,758,850,880,860,779,654,481,285,76,134,332,512,658,761,808,810,752,654,523,350,619,43,236,402,540,642,698,706,671,588,468,329,167,1,157,299,413,493,543,550,517,457,370,265,151,32,85,185,266,327,359,371,358,325,273,208,137,58,12,79,131,169,198,211,210,195,173,146,112,83,48,20,9,36,56,82,100,120,137,154,162,162,153,129,653,42,20,85,153,213,251,266,248,193,117,19,85,184,256,290,279,220,125,9,3,1,2,2,0,0,0,1,0,0,0,121,122,96,60,4,51,106,150,178,190,176,141,89,24,42,113,171,213,241,507,232,193,140,72,5,78,154,217,266,295,303,287,253,197,123,43,47,134,214,285,336,364,368,351,306,240,156,144,44,146,243,323,388,429,444,435,394,325,238,128,8,115,232,338,427,487,521,516,485,421,330,216,87,46,181,306,414,498,557,582,577,532,458,446,231,92,56,200,338,459,560,624,657,649,604,524,412,270,112,57,230,388,526,638,713,748,748,690,597,462,294,242,85,278,460,617,742,822,856,836,760,7
79,21,824,917,942,893,791,622,423,184,64,635,540,724,862,936,941,882,763,593,378,144,107,345,556,725,841,891,894,822,698,517,310,75,153,367,558,699,796,258,796,709,568,391,201,14,209,391,537,633,688,677,632,534,404,250,77,85,235,356,444,494,512,493,439,352,245,126,9,103,193,271,321,346,346,974,267,206,138,67,3,65,118,154,179,184,182,175,157,137,109,81,52,22,7,37,71,104,134,159,178,187,181,791,123,64,1,79,165,232,281,290,262,196,96,17,135,232,296,306,259,167,38,0,1,0,2,1,1,0,0,0,1,0,90,131,149,140,109,60,3,70,133,182,208,209,188,143,81,7,72,144,208,447,273,266,235,179,104,24,69,151,229,281,320,327,313,272,201,120,22,77,177,262,333,378,395,383,344,274,185,156,35,154,260,353,419,462,469,443,391,295,191,61,79,210,331,434,510,541,546,500,426,317,185,40,110,255,389,491,564,603,598,557,478,368,224,32,102,256,407,522,614,663,677,635,564,442,296,126,58,240,413,564,681,747,772,740,664,538,379,178,35,248,451,425,763,842,870,837,748,609,427,209,22,10
52,22,629,789,892,939,928,853,731,557,356,9,114,349,558,729,849,920,933,890,785,642,448,228,2,237,448,625,768,856,894,867,790,649,489,287,73,133,343,293,662,750,785,772,712,600,454,287,98,90,260,409,525,600,636,627,576,495,375,239,101,43,170,279,369,427,449,438,403,343,273,183,93,1,86,877,214,247,268,267,251,226,186,141,93,46,3,40,72,106,123,136,142,145,145,143,136,127,111,84,46,1,50,15,163,206,241,255,242,197,125,35,69,167,248,301,311,277,195,86,39,157,241,2,2,0,1,1,1,1,0,0,1,0,109,77,27,28,88,136,171,186,179,150,100,32,37,109,171,220,244,251,232,448,131,58,24,104,177,234,281,304,307,281,238,168,88,1,91,176,254,317,357,373,365,335,273,196,103,4,111,80,306,380,430,452,446,412,347,263,156,36,89,211,326,418,482,524,531,503,450,354,242,107,34,180,308,426,513,572,599,592,544,465,359,230,80,151,231,366,490,578,642,665,660,601,522,399,252,89,86,259,423,561,674,742,767,751,689,586,446,265,69,136,340,316,675,785,856,872,838,750,618,441,237,10
31,12,92,91,275,448,600,721,814,866,888,1263,805,708,576,419,244,55,133,315,485,629,745,820,860,853,819,741,635,502,344,168,8,189,351,492,615,705,766,183,758,700,606,491,357,203,52,104,247,373,478,553,596,612,597,563,494,404,298,184,67,41,149,235,313,366,401,407,399,371,333,278,217,150,80,359,51,105,151,184,209,218,218,209,192,170,145,118,93,66,41,17,5,28,50,68,88,110,134,154,169,181,182,826,152,116,72,12,57,128,194,244,278,285,257,200,120,23,79,176,245,278,263,3,0,3,2,0,0,0,1,0,2,0,24,17,64,109,141,160,163,149,119,73,18,41,101,151,194,222,234,227,204,433,119,60,4,68,133,191,236,272,294,294,282,251,209,153,85,14,59,132,204,267,319,353,371,368,352,313,264,238,117,30,62,146,230,308,373,425,456,463,457,418,359,284,196,97,5,115,219,312,399,465,513,540,541,518,476,405,324,227,111,5,124,245,349,670,529,577,612,619,601,561,496,401,299,176,47,87,223,352,473,572,654,706,726,718,678,610,519,393,252,96,68,42,385,527,648,742,810,843,839,794,711,4
49,40,254,530,784,1009,1198,1343,1445,1476,1475,1962,1275,1098,884,645,378,92,198,482,740,979,1168,1305,1394,1420,1405,1337,1227,1060,863,623,364,87,189,445,675,869,1041,17,1242,1275,1235,1147,1040,865,666,454,221,2,213,416,596,740,857,928,944,944,891,803,690,551,409,258,91,61,202,313,410,486,542,572,585,561,531,1325,389,307,219,143,63,9,76,132,172,217,242,259,263,257,250,241,232,217,207,196,175,151,116,82,43,13,75,71,212,288,355,397,419,402,357,269,153,21,123,267,381,464,487,458,369,237,78,2,0,1,1,1,0,0,2,0,4,4,140,91,18,59,141,208,258,294,299,287,243,178,97,3,90,185,270,343,391,748,422,398,357,295,210,124,16,89,196,293,381,449,503,529,530,513,486,421,337,231,122,1,126,248,361,461,555,407,669,687,678,645,574,492,380,253,121,29,175,320,462,591,693,778,830,847,836,785,716,613,483,340,171,4,172,340,500,646,775,873,942,982,981,1283,896,797,672,515,345,161,36,233,427,604,778,907,1031,1107,1156,1158,1120,1039,930,777,597,390,172,74,313,549,781,652,1140,1261,1335,1368,1359,1292,1188,1027,829,11
13,23,165,0,172,337,487,623,738,817,881,1329,884,840,761,657,521,367,202,34,139,307,462,596,702,784,834,854,844,800,726,622,495,340,187,25,133,278,426,267,634,705,740,741,724,667,587,492,369,239,112,25,146,259,366,448,505,549,554,537,503,445,380,304,215,129,37,44,121,188,246,286,319,329,330,1064,284,249,210,168,122,74,30,9,41,72,96,115,129,138,143,144,142,140,136,135,130,124,114,99,81,53,19,317,66,116,163,205,243,258,257,230,180,116,32,61,145,220,272,290,272,218,136,1,0,0,0,1,1,1,2,0,1,1,110,94,61,18,32,76,123,161,182,194,187,161,128,79,26,28,89,147,190,394,255,262,258,241,207,166,110,51,10,75,142,198,252,291,315,331,333,318,288,246,194,132,59,15,91,167,238,144,358,393,418,424,414,394,351,294,232,148,64,29,127,217,301,379,440,484,519,518,514,481,432,370,287,196,98,7,113,214,315,405,476,542,577,843,607,581,541,481,406,315,212,92,26,145,270,374,477,565,635,687,715,714,689,639,564,473,362,228,91,59,208,154,484,600,698,772,824,842,835,791,718,1
78,12,872,925,932,875,780,632,453,248,28,478,407,597,755,863,926,936,900,816,684,517,320,101,117,328,519,673,792,867,895,870,802,669,522,332,135,59,261,401,591,702,769,787,766,695,585,451,288,114,57,222,364,476,565,609,620,599,533,441,331,206,78,44,156,257,336,382,411,409,393,353,298,227,148,142,7,73,133,179,212,230,233,222,204,177,148,114,78,44,12,15,37,57,80,100,121,139,157,170,176,172,154,775,76,21,45,116,182,240,280,285,263,208,121,18,91,193,269,300,290,231,138,2,1,0,0,0,0,0,0,1,1,1,134,133,112,72,17,43,101,148,184,205,198,174,132,69,3,64,133,190,235,496,270,251,216,164,96,23,56,135,204,261,303,327,331,311,269,209,137,56,34,123,207,283,343,386,406,402,375,294,251,158,61,44,151,250,340,414,471,491,496,461,400,316,213,101,21,143,262,372,464,528,563,573,544,494,413,307,188,54,86,222,350,461,551,872,648,637,604,535,444,325,191,38,117,268,410,531,635,700,739,734,695,611,502,359,196,21,163,345,510,652,768,659,857,833,771,661,522,344,150,59,264,7
64,4,920,889,813,686,533,348,151,64,269,857,639,780,878,940,946,908,828,711,549,370,168,31,233,430,595,725,831,883,899,860,785,658,516,342,158,21,221,429,549,666,742,778,778,733,650,545,406,248,93,67,219,352,461,543,586,605,585,534,458,362,258,150,34,78,177,257,318,359,381,384,370,336,287,505,150,86,20,39,90,133,163,185,195,197,190,180,163,139,115,94,71,47,26,2,23,52,80,110,144,169,197,755,209,197,164,117,52,25,107,186,258,298,307,281,220,128,17,95,196,262,286,1,3,1,1,0,1,0,1,2,0,0,51,100,137,156,156,139,101,51,6,71,131,177,214,230,230,207,166,111,50,83,94,157,215,261,286,298,283,256,215,154,82,5,73,149,218,276,328,355,369,357,328,283,213,136,49,44,139,78,311,382,424,449,451,437,394,332,255,154,53,59,174,282,374,454,511,540,545,518,475,404,310,198,73,47,176,292,399,490,561,605,626,615,567,663,412,299,166,33,104,245,372,489,590,658,705,710,699,641,561,449,311,160,1,164,329,480,613,720,795,830,834,719,717,599,453,279,91,107,300,482,638,2
62,2,912,851,743,578,383,159,73,305,520,1168,839,925,954,915,819,675,489,277,39,194,418,602,757,854,903,891,833,715,556,354,139,92,301,488,645,764,823,297,778,681,538,361,176,28,222,393,531,623,684,682,646,568,459,318,161,6,148,278,380,454,498,505,480,422,345,244,136,28,71,163,239,291,324,1197,309,278,229,175,113,53,6,58,100,131,156,168,174,169,158,141,121,102,79,54,26,5,36,75,112,147,182,680,215,202,174,125,53,31,124,205,269,304,292,247,162,52,70,180,258,293,271,1,1,0,0,0,0,0,0,0,1,1,2,62,112,149,166,159,133,85,24,47,112,169,210,228,226,202,153,93,15,11,141,206,260,291,291,274,231,172,101,15,74,156,231,291,332,347,347,317,263,188,100,0,100,198,284,353,404,300,425,385,327,245,142,32,91,205,315,398,470,502,505,473,410,327,219,95,39,174,301,411,499,558,579,567,520,439,333,204,60,91,235,368,485,822,632,645,629,568,482,362,223,62,103,264,416,543,647,709,737,718,654,549,415,250,64,125,315,493,648,755,830,719,819,728,600,429,236,17,202,415,602,5
2,1,795,850,884,880,847,784,687,565,426,224,97,67,235,389,528,651,752,828,873,884,862,805,725,602,473,329,176,18,144,298,442,563,659,730,777,800,783,406,665,566,442,310,182,32,107,241,361,454,538,589,619,623,605,567,496,423,323,221,116,14,79,164,244,306,356,380,393,389,371,344,305,255,199,176,80,24,24,69,106,138,163,176,183,186,181,170,159,145,130,117,98,84,68,57,40,17,5,31,59,95,131,378,194,216,229,224,209,172,115,44,31,113,188,248,284,292,268,212,127,32,62,0,1,0,1,0,1,0,1,0,1,0,91,120,139,145,135,111,74,32,18,70,118,162,197,216,223,214,192,156,109,222,6,65,123,176,220,255,279,290,288,272,241,198,148,89,25,39,105,169,230,280,324,353,368,371,360,330,288,256,167,95,15,66,144,223,297,360,414,448,474,476,460,427,374,313,240,154,61,36,135,229,317,396,462,509,544,559,557,537,495,434,363,276,176,31,41,148,255,352,440,518,584,630,654,659,642,600,540,459,365,254,128,3,126,256,380,495,601,683,748,784,795,680,730,654,559,441,307,156,2,159,317,9
7,33,11,210,416,602,755,861,932,939,907,1101,683,511,309,89,133,347,541,700,828,909,938,907,832,695,529,341,137,68,277,469,632,744,828,851,835,776,668,637,339,148,50,234,398,540,647,711,729,697,635,531,404,260,108,45,194,320,427,492,529,528,508,454,383,282,181,69,31,128,207,273,324,343,349,1049,287,241,185,125,66,2,47,92,127,153,170,174,176,168,154,138,119,103,79,59,33,10,26,61,102,137,174,596,219,222,204,165,107,29,62,145,226,285,308,293,238,150,39,77,187,260,286,1,1,1,1,2,0,0,0,0,1,0,28,77,123,150,162,153,122,77,17,50,112,167,208,229,230,216,172,113,45,61,103,169,226,269,289,291,269,229,177,107,30,55,139,212,275,321,354,362,347,308,250,178,89,6,101,195,281,202,408,436,442,418,371,306,215,115,7,109,221,322,409,473,510,526,510,460,390,284,170,45,86,217,335,439,524,573,596,592,552,488,394,274,143,63,148,283,411,517,600,654,679,660,622,537,430,298,148,18,186,343,499,618,707,765,784,763,705,598,461,295,109,87,271,453,617,744,845,891,900,849,761,7
31,19,681,541,375,188,6,206,395,565,723,1300,913,949,940,892,798,669,513,332,138,60,258,438,599,731,823,881,903,879,823,720,584,416,239,56,128,296,465,204,704,770,792,780,739,652,539,409,258,97,52,202,335,443,533,588,608,606,567,502,418,315,214,106,7,110,206,278,329,366,383,382,368,335,288,504,157,97,34,19,72,116,149,175,189,192,191,182,169,154,134,112,94,74,54,33,10,16,48,78,111,145,176,598,219,221,211,182,133,64,16,102,186,255,297,307,285,228,139,34,81,181,248,2,1,0,0,2,2,2,0,1,0,0,103,75,29,22,76,123,161,185,193,183,150,105,47,18,81,142,192,230,254,515,253,223,181,125,58,10,84,155,219,270,307,325,330,315,283,237,182,109,30,56,141,216,285,346,386,408,414,326,363,312,241,160,66,35,134,234,323,397,456,496,509,498,464,416,345,256,155,40,81,193,305,401,481,542,580,593,582,547,481,399,299,182,58,157,202,323,432,523,598,649,680,674,650,585,501,398,271,130,18,170,322,457,573,672,742,791,804,775,717,622,502,437,190,18,164,341,508,658,783,868,917,1
35,33,177,400,586,748,861,925,951,895,818,850,491,290,59,161,380,571,730,850,917,940,892,801,660,474,266,54,156,365,545,697,808,850,869,806,721,599,422,643,27,171,355,516,632,712,743,736,678,576,455,295,134,26,187,323,440,524,562,570,535,470,394,296,180,61,55,155,242,311,353,375,381,344,308,596,174,108,30,31,86,135,170,192,202,200,189,174,151,122,96,70,44,16,10,34,62,89,123,150,171,187,190,808,160,120,68,1,77,158,232,277,293,283,226,140,33,82,188,263,300,282,216,0,0,2,0,2,0,1,0,1,0,0,27,25,84,123,160,171,165,136,86,23,41,110,171,212,236,243,220,181,124,218,20,96,166,227,269,292,296,275,242,181,111,26,60,139,217,280,333,359,365,344,303,244,161,74,22,127,221,154,380,426,449,441,404,353,273,174,71,51,166,274,376,451,498,527,522,483,425,324,214,87,54,186,310,421,508,568,596,599,559,494,398,280,145,63,152,289,420,523,605,657,678,653,607,508,398,255,96,68,241,397,545,659,731,774,771,733,651,532,375,191,2,18,391,558,703,811,874,891,861,773,648,12
87,31,812,912,946,890,791,629,426,186,62,633,543,729,865,938,940,877,753,586,364,125,125,358,569,737,843,897,885,812,680,493,285,46,182,400,587,727,809,275,792,697,541,358,164,55,255,430,571,653,702,677,616,508,372,211,36,126,275,391,474,516,516,489,420,323,211,91,27,140,223,296,339,355,346,914,251,187,113,39,33,93,142,173,192,191,186,173,153,123,93,61,31,3,26,56,84,116,142,165,179,181,170,765,95,32,39,112,192,250,282,274,233,157,51,64,177,260,304,294,229,128,1,1,2,1,0,0,0,1,1,1,1,2,73,120,146,151,128,89,30,38,106,164,202,215,204,171,116,45,35,110,184,401,269,275,253,208,144,66,24,111,194,258,305,328,326,295,235,160,66,33,134,226,304,360,390,390,368,308,228,188,11,106,220,318,395,448,470,460,417,332,235,107,29,163,290,398,485,536,548,517,453,357,231,90,64,211,351,463,547,598,604,570,506,403,265,89,55,214,367,493,592,653,678,649,581,470,329,162,18,205,382,536,658,734,770,745,677,554,400,206,6,217,427,407,746,831,867,842,760,623,442,223,4,15
23,24,26,304,600,815,928,925,808,579,282,278,385,662,858,945,906,756,506,201,139,454,708,878,924,849,664,407,97,219,509,734,860,859,759,554,292,3,303,295,729,807,762,631,426,160,113,366,564,675,700,624,477,268,34,195,386,525,579,559,463,311,133,48,219,350,424,440,402,310,190,54,78,192,281,1235,313,273,200,112,17,66,139,185,207,198,170,132,83,26,22,65,99,124,140,146,143,123,91,45,16,78,141,537,218,212,169,93,19,131,231,286,283,223,104,38,180,279,312,266,146,6,151,3,4,1,0,1,0,0,1,0,1,0,73,126,149,135,85,13,67,139,190,202,175,107,16,81,166,227,245,231,167,272,28,135,223,276,285,259,185,87,30,144,245,310,333,311,237,134,5,126,243,333,380,374,318,217,86,66,210,167,414,441,407,322,190,37,132,288,413,480,501,443,325,164,19,205,368,489,550,538,459,319,138,64,261,429,546,593,568,475,318,117,95,302,475,856,646,615,509,334,121,109,333,519,647,693,670,550,367,131,126,373,580,718,771,726,593,383,128,162,435,657,809,715,792,635,393,95,216,513,746,886,921,1
98,9,776,729,623,467,279,66,152,360,546,1064,776,806,775,682,539,355,146,74,293,484,634,734,778,759,679,555,391,198,8,213,401,553,661,711,710,661,550,523,223,25,166,337,479,581,628,626,570,470,345,187,27,128,269,386,459,501,498,452,371,268,154,30,86,190,270,323,352,350,321,271,202,121,40,409,106,158,197,218,220,204,178,141,98,49,11,26,59,85,103,115,122,123,120,112,104,87,63,35,2,46,91,213,169,192,195,176,134,66,14,101,177,235,261,242,185,98,5,116,199,244,238,1,0,0,1,2,3,0,2,1,0,0,7,42,88,124,138,133,106,60,0,61,119,159,187,192,172,132,74,7,64,148,188,225,239,228,196,147,78,3,76,150,213,259,283,284,256,208,142,64,27,118,201,268,315,339,336,302,247,171,71,31,135,227,305,364,396,397,370,310,226,118,4,127,239,334,410,454,463,436,378,287,173,44,90,217,334,419,481,509,499,449,372,267,134,44,151,283,404,493,547,566,547,482,383,258,108,45,205,351,477,574,628,636,601,519,395,242,66,119,303,464,597,550,727,710,643,528,368,182,21,224,416,8
80,16,816,874,874,810,704,550,366,154,67,623,488,657,788,863,886,856,773,642,467,266,49,165,373,557,695,791,840,835,781,668,524,331,134,69,268,440,591,106,757,764,717,626,504,340,171,15,189,340,469,557,610,620,593,522,419,297,159,15,117,236,334,399,442,447,428,374,305,222,136,39,49,130,196,1140,266,272,263,240,205,162,110,62,11,31,67,100,120,136,143,142,139,135,125,110,97,74,52,19,19,58,107,305,188,210,223,215,177,113,31,60,152,230,278,293,263,200,99,18,129,217,261,1,1,0,1,1,0,0,1,1,0,1,49,2,57,104,144,160,160,138,99,43,20,89,148,193,219,227,209,175,119,226,24,96,167,221,258,274,275,249,208,146,73,9,94,171,241,293,331,342,329,293,237,161,76,20,115,207,293,196,403,414,406,367,304,222,118,8,103,211,314,393,454,480,479,452,395,309,204,79,49,180,301,405,484,535,556,542,496,419,314,190,55,83,223,555,468,544,599,613,599,549,470,352,216,63,93,245,394,519,622,686,710,690,635,537,408,248,72,121,304,474,623,530,799,809,780,698,579,419,229,26,181,9
51,33,395,618,788,898,943,910,816,645,431,84,82,339,572,758,880,931,917,836,686,480,242,15,265,502,690,822,897,893,819,680,495,257,22,217,439,615,750,173,816,749,619,440,247,23,190,380,540,639,690,674,613,501,362,195,17,155,306,425,498,529,517,465,377,259,134,9,111,211,287,347,369,359,330,670,184,104,23,53,113,166,198,212,212,193,167,137,101,61,24,12,42,69,96,118,137,151,160,158,149,124,84,466,40,109,177,231,265,262,225,149,48,62,172,262,307,303,246,142,11,117,218,2,2,1,0,0,0,0,0,1,1,0,135,128,99,51,10,75,134,176,193,187,153,97,21,56,132,192,237,258,243,468,142,65,26,111,190,251,291,305,292,250,185,95,2,101,194,270,331,359,364,329,271,186,79,33,144,247,336,258,431,429,390,321,220,104,27,164,288,388,468,504,499,460,381,277,143,3,156,295,420,510,561,574,534,463,353,211,58,103,261,405,518,601,631,838,566,462,326,165,8,189,352,502,618,684,706,677,599,469,306,113,93,289,468,618,729,789,797,732,618,445,240,165,219,435,624,770,863,889,857,745,586,15
54,13,656,465,246,4,235,463,656,806,913,1414,923,834,689,497,273,32,211,435,636,789,890,929,904,806,657,473,266,40,192,411,599,740,829,847,822,749,609,658,222,3,203,392,546,665,733,750,703,606,477,315,141,34,201,350,465,548,582,567,517,431,329,207,72,57,173,268,336,378,391,380,349,288,218,108,43,30,104,160,204,226,233,225,203,168,130,98,58,16,14,43,67,89,112,126,140,153,160,159,145,118,82,508,29,98,162,219,265,271,251,194,103,3,110,212,283,312,293,222,112,13,133,1,1,0,1,1,0,1,1,0,1,0,53,3,54,108,151,171,170,146,101,38,33,105,165,211,237,233,207,166,96,161,61,140,211,262,288,295,272,230,167,88,0,90,180,255,310,342,354,337,298,229,144,49,57,163,257,338,396,297,430,394,339,256,149,34,91,209,321,405,477,507,502,462,385,292,170,43,98,233,362,463,535,574,569,534,461,356,231,87,71,224,361,481,570,886,647,617,554,452,325,173,8,163,328,471,593,676,723,721,673,582,447,284,108,88,281,462,619,738,816,831,800,680,577,398,194,26,254,469,652,801,891,0
44,24,535,717,839,884,871,785,641,441,216,254,287,510,695,818,883,873,802,669,478,255,7,231,452,641,767,840,845,784,662,484,276,36,193,399,580,708,778,273,720,604,435,243,38,172,359,512,616,657,654,592,491,349,186,17,148,296,413,488,517,497,447,363,256,127,3,114,218,292,338,358,352,311,257,341,94,21,54,120,168,200,214,210,193,162,124,88,50,8,26,57,82,102,118,130,140,145,140,126,101,63,13,244,104,159,206,236,241,207,143,53,49,148,231,287,291,249,158,38,87,192,256,4,0,0,0,1,1,0,2,1,1,0,128,116,84,35,26,87,139,172,181,171,131,72,0,75,146,197,229,240,217,433,109,32,51,134,205,256,283,283,259,209,138,50,46,136,219,283,325,343,332,286,216,127,22,83,185,276,351,259,409,389,335,256,149,33,94,217,324,402,465,480,454,395,301,185,51,90,228,348,448,511,540,521,463,372,248,104,44,195,338,454,539,593,587,751,469,351,205,40,122,287,434,549,628,660,649,581,478,330,159,32,228,400,553,666,729,744,705,602,455,272,64,23,368,550,697,792,832,810,724,576,385,8
2,17,449,600,726,818,874,887,866,801,707,725,426,254,72,113,296,465,608,726,815,871,882,850,779,667,534,384,221,45,132,304,460,587,692,753,788,797,757,493,574,444,293,134,21,181,318,441,540,600,639,642,618,568,491,393,278,159,35,85,191,281,352,404,439,445,431,396,348,290,222,146,70,4,72,799,178,211,232,242,244,231,213,187,153,120,85,58,29,0,27,47,63,79,95,108,121,135,149,158,165,161,151,741,91,46,11,72,138,198,246,272,274,252,198,117,21,78,168,241,277,275,232,2,0,0,0,2,0,1,0,1,0,0,86,116,137,142,128,99,57,7,47,103,152,188,209,215,204,175,132,77,15,27,112,166,214,252,272,277,266,242,203,149,86,16,56,126,192,247,294,329,347,349,332,298,248,186,112,33,52,5,223,297,358,401,427,438,427,397,352,281,204,109,9,93,194,287,373,441,493,518,528,510,469,409,326,233,125,14,99,210,317,410,490,551,584,837,593,556,496,414,320,210,88,44,171,297,413,513,597,655,692,699,678,625,548,445,322,185,35,124,281,430,561,474,750,801,820,803,756,671,554,414,254,2
10,26,209,53,311,537,718,840,889,859,760,751,370,120,144,392,607,765,857,881,826,695,501,272,18,242,469,655,786,842,829,738,590,382,146,98,329,522,672,37,772,720,596,424,228,7,203,394,538,625,660,627,545,411,252,74,106,261,390,478,516,501,444,354,237,107,25,148,251,322,363,368,340,285,212,99,32,46,119,177,213,228,223,202,166,121,72,26,18,57,86,110,126,135,138,138,131,116,89,53,7,42,95,282,191,219,221,195,137,52,44,143,225,277,286,244,155,38,86,198,266,278,227,0,0,0,0,1,1,0,1,1,1,1,113,86,39,20,81,135,168,176,154,108,41,35,110,175,217,236,220,177,112,190,55,140,208,256,275,268,231,167,89,4,102,191,261,312,327,314,271,200,105,0,112,211,295,356,383,378,340,261,163,45,79,201,308,388,438,448,424,354,257,127,13,157,288,396,474,512,504,450,360,236,88,70,226,360,470,536,564,544,479,370,229,69,102,437,415,527,600,620,595,519,402,247,66,119,303,462,590,670,696,667,580,444,268,66,149,355,534,674,762,783,742,620,470,264,30,209,438,632,779,854,858,7
82,15,892,933,911,824,690,501,287,43,201,809,633,791,899,945,927,855,728,557,335,101,140,362,566,731,839,892,895,838,726,560,364,131,91,307,498,652,769,144,819,758,641,492,321,115,84,270,434,554,647,682,670,613,520,392,241,85,75,218,334,421,477,503,491,439,365,267,159,47,48,148,224,281,318,1222,308,281,233,180,116,56,7,59,103,133,153,166,173,169,155,140,117,97,74,50,18,13,48,83,125,156,190,741,212,192,156,101,18,74,164,237,287,303,273,207,106,8,130,226,284,294,248,1,0,0,0,0,0,0,1,1,1,1,115,82,31,26,84,134,173,187,182,150,97,31,42,115,179,224,247,248,224,444,113,37,43,123,194,250,292,306,302,267,214,139,50,39,134,211,287,338,368,366,346,298,224,131,29,79,187,117,363,417,448,445,412,355,268,164,44,81,208,320,415,478,513,520,490,429,337,216,84,59,203,334,444,525,579,592,576,518,425,301,164,18,140,468,430,532,613,646,653,621,551,435,296,136,35,204,372,520,638,719,754,742,691,589,449,279,89,116,320,504,663,579,852,857,826,730,596,411,199,26,251,9
42,8,574,410,222,18,185,378,552,695,806,1352,891,864,786,661,503,315,116,91,291,482,637,753,835,856,838,774,673,534,367,179,18,207,389,539,659,746,785,284,719,626,499,345,182,2,164,322,455,549,618,639,631,586,507,404,278,147,8,121,235,329,397,442,458,445,411,348,276,191,103,18,64,134,196,1108,262,275,269,250,217,178,135,88,43,1,34,65,93,111,125,131,137,139,137,132,124,117,103,80,49,14,28,90,129,173,214,238,243,219,169,98,12,84,173,245,290,293,255,177,74,37,136,1,0,0,0,0,1,0,1,2,1,1,31,14,64,108,147,163,161,138,101,48,14,75,135,181,214,230,223,200,157,316,35,37,106,171,222,258,280,285,268,231,183,113,37,41,123,193,258,308,341,351,343,314,262,198,116,26,66,34,248,327,382,416,429,421,387,332,260,163,60,52,163,266,356,431,483,511,507,473,420,338,237,120,3,125,249,356,449,520,564,581,569,522,451,457,240,109,26,163,292,409,513,590,642,659,643,595,519,410,279,127,34,196,347,485,601,687,747,763,745,682,581,503,289,109,78,266,444,599,729,816,861,3
56,72,106,395,659,904,1111,1269,1399,1458,1490,2028,1347,1195,1002,770,503,222,68,351,616,869,1079,1242,1358,1410,1417,1371,1284,1133,951,722,473,198,73,338,584,794,989,58,1215,1262,1244,1180,1087,926,740,537,308,76,144,359,546,701,828,912,947,962,914,830,721,581,442,292,138,12,159,281,387,470,534,567,582,560,532,1380,404,327,244,162,82,1,70,122,163,200,224,243,250,250,248,241,229,218,203,189,173,156,126,95,53,0,59,101,201,277,344,389,417,407,365,286,175,44,103,245,367,452,485,462,377,247,91,0,0,0,1,3,0,1,3,0,6,0,163,127,61,15,99,171,236,284,303,304,272,217,148,60,28,122,211,294,358,710,430,424,401,354,278,195,90,15,121,225,324,407,477,522,542,544,523,474,401,312,209,93,31,157,279,392,499,353,653,690,694,681,631,565,467,348,225,75,73,229,373,513,629,731,805,847,859,834,784,695,580,445,278,113,61,238,399,556,697,816,903,968,983,1327,946,867,758,619,459,278,91,111,304,494,676,828,968,1072,1140,1169,1155,1100,1003,872,702,514,300,60,184,424,664,560,1059,1207,1307,1363,1382,1339,1263,1122,948,18
101,11,849,759,592,349,77,209,470,685,830,1357,859,740,542,290,8,273,520,719,847,882,824,681,467,197,83,347,575,738,832,829,746,575,350,93,163,400,595,35,777,742,622,444,230,14,243,443,586,651,656,581,453,284,88,107,284,423,509,535,504,420,298,153,3,149,272,350,392,387,345,271,171,68,39,827,201,241,260,250,221,168,102,38,24,79,119,147,159,154,141,120,94,67,32,0,39,77,114,145,168,174,161,757,67,5,87,166,230,260,246,188,96,23,143,237,290,284,211,99,39,162,246,1,0,0,0,1,1,1,2,2,1,0,69,116,141,132,99,40,31,101,157,191,192,160,103,24,61,140,203,236,239,490,144,62,33,126,204,258,281,272,232,161,66,39,144,231,298,331,329,287,213,107,8,131,239,324,378,387,360,284,183,55,76,208,319,402,445,438,390,291,171,19,135,281,398,477,504,483,408,290,139,27,196,346,463,535,555,516,428,297,127,54,233,391,513,846,608,561,462,311,137,59,251,425,558,645,667,621,517,356,159,62,280,473,622,712,734,686,573,389,164,87,334,331,710,801,812,744,600,388,136,134,391,11
23,33,8,209,403,587,738,850,930,942,935,1167,745,591,404,208,10,217,422,599,743,859,911,930,893,806,685,528,356,159,42,246,435,592,722,793,843,842,800,542,583,427,249,64,110,289,436,564,646,693,699,670,607,513,395,266,115,23,159,273,369,437,486,496,491,448,388,311,222,123,36,55,136,200,257,1172,299,297,281,253,219,173,125,76,28,13,50,82,106,127,137,144,147,146,147,143,134,126,114,94,61,26,21,131,127,178,220,253,269,247,202,137,48,49,145,231,291,316,293,233,133,19,93,5,0,0,0,0,1,2,2,0,1,1,129,135,124,92,47,7,65,121,166,199,209,200,174,126,68,6,65,131,189,394,268,280,264,238,188,129,60,18,94,166,233,282,325,340,336,313,276,219,143,57,29,119,204,282,343,392,422,317,405,359,298,218,124,20,92,195,296,377,446,491,510,502,465,414,335,237,130,2,123,242,355,450,524,572,592,580,543,483,392,285,161,25,107,400,372,478,567,627,663,665,643,579,498,379,252,106,48,205,360,500,621,705,758,780,759,711,624,500,347,176,4,5,374,537,678,787,871,892,885,832,735,7
41,29,323,516,679,802,896,933,940,880,796,833,494,298,92,116,325,515,673,800,889,933,928,871,770,625,453,275,77,123,322,500,647,753,830,845,832,783,682,619,381,209,21,167,323,480,588,672,717,709,675,599,498,376,242,101,48,181,296,392,458,500,514,496,460,395,313,227,129,35,54,138,209,264,301,1201,307,288,257,222,174,123,72,27,16,56,88,111,131,143,149,148,144,142,134,128,117,105,88,62,35,4,50,5,149,192,232,251,255,223,173,97,8,89,180,259,304,314,276,202,96,21,133,0,0,1,0,0,1,0,2,0,0,0,122,98,59,9,47,102,146,180,193,194,166,122,69,0,67,126,186,227,254,517,255,226,177,116,41,30,104,173,235,284,319,329,325,298,250,191,120,41,51,138,219,291,344,390,404,405,385,298,275,190,96,6,106,208,303,381,450,480,506,492,453,394,306,216,101,13,135,252,359,450,516,566,577,571,529,461,376,270,149,17,112,250,366,692,566,614,653,646,621,566,485,375,251,106,42,190,339,468,587,676,739,764,749,703,625,510,379,210,32,144,328,286,635,752,829,872,878,832,756,631,481,9
19,12,583,718,816,871,888,858,796,687,556,414,208,16,176,357,520,665,774,851,880,875,822,734,606,444,268,86,92,268,435,582,696,766,809,795,759,693,581,606,284,117,53,217,358,487,584,655,684,668,634,555,461,344,221,94,42,163,277,363,428,467,478,471,442,387,317,236,146,61,20,97,168,220,259,1158,284,278,256,232,197,151,108,65,22,17,51,72,96,113,123,131,131,133,133,133,133,128,119,104,78,49,8,231,90,139,186,221,247,249,227,178,108,24,67,161,235,283,294,266,198,104,2,3,0,0,0,0,0,1,0,0,0,0,9,56,102,134,152,155,138,109,67,11,47,105,155,196,222,230,217,189,143,285,27,40,103,166,215,253,277,287,280,252,212,155,88,16,58,131,199,260,312,345,360,358,333,296,242,169,90,102,91,178,260,328,385,426,445,445,424,374,314,230,133,26,82,186,287,372,443,492,523,529,510,467,399,315,214,101,13,130,250,357,447,525,572,841,609,576,526,448,354,243,120,15,150,278,403,505,595,655,695,702,675,618,535,425,291,144,14,178,335,482,611,521,783,815,810,766,700,587,451,294,119,7
70,2,51,23,9,46,82,116,143,158,154,324,137,108,70,23,28,74,119,153,182,184,178,155,121,75,23,27,76,120,152,169,174,163,135,100,58,8,38,311,119,145,152,149,137,108,69,30,9,56,90,114,127,124,107,85,56,22,12,43,72,90,96,91,75,51,21,0,23,43,59,68,70,61,41,11,5,27,43,54,58,55,40,19,3,23,47,57,61,59,46,27,5,20,42,62,72,71,57,32,5,24,52,360,67,71,52,21,11,41,63,73,68,53,22,12,42,60,61,47,21,9,38,0,1,1,2,1,4,0,1,4,1,0,169,266,278,196,42,133,280,360,358,278,139,27,196,333,413,423,364,244,84,131,256,385,457,460,400,287,138,26,184,321,416,459,446,384,281,150,5,138,267,366,427,443,415,346,246,122,11,354,261,354,413,431,414,360,273,162,38,92,215,316,392,431,431,393,326,222,104,21,146,256,342,396,416,399,349,269,166,50,68,176,266,329,364,739,339,281,200,104,4,86,166,227,254,277,270,243,197,141,78,12,49,109,136,159,167,168,160,142,117,84,48,798,1,27,49,71,93,110,118,122,115,7
57,14,451,222,35,293,519,708,838,888,876,1069,612,396,144,117,365,580,747,848,878,839,711,530,302,46,210,437,637,770,838,831,751,593,407,178,61,283,491,172,739,769,716,603,453,254,41,170,356,505,599,637,624,551,434,284,109,62,224,356,446,485,489,445,368,257,132,5,115,211,285,333,349,331,290,540,139,57,25,96,150,188,205,207,190,160,123,90,50,7,29,61,87,107,125,135,141,140,127,108,74,33,18,44,139,193,227,233,213,154,68,32,135,229,280,290,249,158,40,89,200,265,269,0,2,0,0,1,0,1,0,1,0,0,120,103,64,5,56,114,158,178,167,135,80,7,70,140,196,229,230,207,153,277,1,87,167,229,267,281,258,211,147,59,36,131,217,284,319,330,309,259,182,81,31,136,234,320,368,388,379,297,246,139,17,103,224,330,405,449,460,419,349,240,103,39,181,310,414,488,520,500,447,352,222,70,89,245,375,480,548,566,542,474,360,222,57,228,280,419,540,602,625,600,523,401,244,64,126,305,466,594,675,709,673,586,450,270,65,147,356,541,683,770,795,681,644,482,273,38,207,437,634,780,859,6
71,24,712,818,878,878,834,736,595,419,216,186,217,418,594,735,834,882,881,828,720,574,397,198,15,232,425,585,715,801,841,826,765,647,501,324,133,58,251,414,565,671,728,737,709,633,519,377,211,43,121,276,404,502,569,590,579,536,452,346,226,97,25,141,243,321,375,399,399,375,336,274,203,125,43,499,99,154,196,223,235,232,217,190,156,119,81,42,9,25,49,69,89,103,117,126,137,143,145,140,126,103,68,485,33,90,151,204,241,257,244,201,131,43,59,159,238,286,293,249,173,67,45,1,2,0,0,1,0,0,1,1,2,0,29,77,120,144,152,137,103,54,1,65,119,169,205,217,210,181,132,71,2,23,138,194,242,267,272,257,224,167,100,25,55,133,205,263,307,327,331,314,275,213,136,48,45,138,223,301,360,254,414,397,362,302,220,125,17,93,200,294,379,440,477,481,457,410,336,238,129,6,121,243,356,446,507,546,554,531,478,393,284,159,28,109,244,580,474,550,600,615,603,557,481,368,240,92,61,213,359,487,597,671,710,710,672,597,480,335,167,14,197,371,531,452,758,804,812,773,692,568,408,220,18,8
9,9,795,851,881,885,855,794,716,597,476,319,164,3,155,309,448,576,686,772,836,877,872,853,794,702,598,477,346,203,46,112,257,401,518,611,703,754,784,234,748,696,612,509,411,277,143,12,120,239,347,438,510,557,591,600,575,551,485,417,336,241,152,64,27,109,184,238,283,320,343,351,350,336,312,811,226,177,132,86,41,2,37,67,91,113,129,138,142,151,148,145,140,134,128,127,120,113,106,89,73,49,9,285,67,115,160,200,241,258,261,239,198,145,65,24,109,184,246,282,280,250,184,2,0,2,2,0,0,0,1,0,0,1,128,113,91,56,14,31,81,124,158,186,196,193,183,152,110,68,14,43,97,226,200,232,260,271,270,259,235,194,157,101,39,22,86,144,200,250,292,323,350,353,351,330,296,255,202,136,69,110,86,156,230,291,344,397,431,451,464,443,425,377,318,248,165,81,2,93,181,266,351,416,475,518,541,553,546,515,476,419,342,261,168,73,29,258,242,331,423,490,553,603,637,647,642,610,574,505,429,333,226,107,17,137,258,374,484,583,666,731,773,786,784,673,692,608,507,384,251,99,53,202,352,0
58,20,674,813,883,872,790,639,440,198,58,644,544,728,845,893,864,767,610,402,155,102,348,564,725,824,855,813,712,546,333,92,150,379,564,698,784,797,738,544,435,226,3,212,401,555,653,695,671,586,460,289,109,77,242,394,490,553,554,506,418,298,160,20,113,233,321,377,397,384,340,271,185,88,10,711,172,219,243,249,238,207,162,109,56,0,42,83,112,136,144,150,138,128,109,93,68,39,5,35,79,123,163,655,203,193,151,94,17,77,168,242,279,277,223,136,19,98,203,270,282,236,139,1,0,1,1,2,0,0,0,2,0,2,75,118,140,136,106,56,6,72,129,175,197,193,160,105,32,44,121,188,232,516,241,205,141,64,27,111,190,251,290,300,280,229,156,68,28,125,216,286,335,349,340,296,222,126,15,99,210,138,374,412,415,385,315,225,105,25,158,277,381,451,483,473,420,334,224,89,57,201,335,441,511,542,524,466,373,241,94,64,224,367,483,566,594,804,524,421,284,124,48,219,381,515,612,659,657,598,498,351,175,21,220,403,558,670,734,741,692,574,413,208,12,46,444,619,748,818,825,761,639,450,231,9
69,9,101,110,123,132,132,120,124,115,102,141,43,9,22,53,88,114,129,157,178,165,167,146,122,100,69,53,14,24,58,96,124,142,156,157,146,144,129,311,76,39,10,21,50,73,109,101,114,121,113,106,89,68,47,25,2,32,54,68,76,82,82,81,60,52,32,15,4,23,41,53,59,54,57,85,37,24,8,6,20,35,47,49,49,51,42,29,13,5,25,33,49,63,67,60,49,32,11,11,33,51,65,367,62,55,38,17,8,41,48,55,60,55,42,22,0,24,39,50,48,32,6,0,2,3,1,1,0,2,1,2,6,0,228,194,96,37,168,262,310,304,247,150,28,98,217,312,369,383,352,283,178,54,68,187,291,368,410,416,381,316,234,134,25,86,191,279,339,388,404,393,359,300,227,140,40,44,141,219,287,581,377,388,382,352,309,249,166,96,6,84,165,240,306,350,380,381,375,344,299,241,171,88,7,84,163,236,286,325,347,352,340,309,270,214,160,290,11,57,120,175,221,247,267,279,254,234,201,163,122,79,37,7,42,73,98,119,134,141,146,137,133,124,105,882,85,73,62,47,29,16,3,15,31,8
89,1,119,115,103,93,72,57,20,24,18,66,67,86,112,127,143,141,157,159,157,142,127,105,78,45,11,17,35,74,96,121,137,150,155,161,145,147,125,352,71,40,9,16,42,56,95,100,111,119,119,109,99,82,67,46,37,1,18,38,57,68,77,87,75,72,64,49,38,22,5,11,34,45,44,113,51,50,47,37,29,13,2,18,34,46,52,55,55,50,41,26,14,10,27,45,58,67,67,62,56,43,23,7,18,41,57,67,69,58,44,30,5,15,35,51,58,56,38,27,0,19,36,0,0,1,0,2,1,1,1,5,1,2,142,35,92,207,282,298,263,189,85,35,151,251,327,366,365,330,252,157,46,4,179,276,352,399,416,392,347,289,195,100,4,103,198,272,336,381,400,395,377,337,284,216,142,52,29,112,190,64,313,352,377,383,378,353,317,264,208,136,63,17,91,168,227,292,327,361,377,379,363,334,286,237,171,106,34,38,110,174,234,281,312,321,331,668,308,273,235,179,133,74,28,22,71,117,146,176,189,200,204,194,185,172,152,130,108,85,64,40,20,0,20,374,42,53,65,74,81,95,93,97,111,1
51,0,74,92,111,122,131,135,130,122,102,163,54,23,9,42,74,104,129,148,154,160,153,136,113,84,49,12,28,66,98,125,145,153,154,145,129,108,76,399,7,29,60,84,103,117,125,125,120,101,78,49,21,7,34,57,75,83,93,90,85,70,52,33,10,10,30,46,59,62,62,54,41,27,9,62,16,33,43,51,53,51,41,28,11,4,26,42,53,59,58,50,36,18,4,23,43,59,68,68,60,45,23,101,29,46,61,67,64,51,31,7,17,38,53,58,50,34,10,13,33,43,39,2,1,2,1,0,0,0,1,1,2,2,199,112,16,151,256,304,287,212,96,36,166,273,344,367,341,266,155,25,111,116,330,391,412,387,325,227,109,17,138,243,327,380,404,395,354,286,197,92,15,120,213,290,350,383,390,371,329,1135,188,97,2,92,182,261,324,365,383,378,352,302,235,155,67,25,110,202,275,329,365,376,367,335,283,223,138,53,33,116,192,253,299,326,331,602,283,236,178,114,45,26,89,144,183,215,232,234,225,201,174,135,99,61,23,10,41,66,87,101,111,116,117,660,111,104,95,85,75,62,47,30,7,11
66,2,862,652,324,70,444,748,922,931,780,563,111,287,631,865,946,862,623,287,111,485,768,918,900,721,420,49,324,640,839,890,786,533,199,168,501,733,836,448,591,302,40,361,610,751,738,608,359,61,234,481,631,661,572,389,136,118,348,499,553,500,364,176,34,226,366,432,421,332,196,33,123,247,318,1145,281,193,77,37,135,203,225,213,170,104,29,42,100,139,153,148,126,92,48,0,52,100,142,166,162,130,65,309,114,194,242,234,172,55,82,210,288,292,211,67,102,244,310,276,153,17,176,1,2,0,1,0,2,0,0,0,1,1,113,139,122,59,20,106,164,184,154,78,23,123,199,230,203,132,20,95,194,488,265,214,114,13,138,242,296,293,234,123,15,152,268,333,333,273,158,11,148,281,363,388,332,218,57,118,276,233,433,399,292,126,64,250,398,475,472,379,225,18,192,374,489,525,465,320,120,112,326,489,566,549,428,238,0,240,440,574,604,540,374,147,111,558,547,642,631,511,305,44,228,471,638,701,648,479,231,65,359,597,740,757,643,418,115,209,511,731,825,785,607,404,33,386,675,851,880,759,503,155,230,5
42,14,641,513,369,201,32,147,317,474,618,1198,825,881,898,881,821,729,611,475,316,145,31,203,367,513,642,739,812,847,847,810,738,630,510,366,215,59,111,463,413,532,624,683,718,719,694,641,556,443,327,193,58,69,193,301,385,456,501,521,518,494,452,393,317,229,142,54,25,100,168,223,269,298,314,1130,290,264,231,197,156,111,64,22,15,48,75,93,109,119,127,131,131,135,136,134,131,127,120,108,90,64,31,344,56,104,157,199,238,255,256,231,183,117,33,60,150,224,272,290,267,208,123,0,3,0,1,0,0,0,0,1,0,2,73,110,135,144,139,119,83,36,14,67,117,161,194,215,217,208,183,138,86,183,34,94,152,201,241,268,282,281,272,242,201,147,84,16,55,121,188,244,291,329,356,362,354,331,293,238,170,168,12,73,154,229,299,363,410,444,462,455,431,387,324,247,159,66,30,129,226,315,397,460,509,537,542,531,496,438,369,284,184,78,31,146,256,545,450,521,578,611,626,618,590,534,464,372,265,144,17,115,245,370,485,579,656,709,738,743,721,662,583,473,345,313,53,105,259,414,549,672,772,837,868,0
9,20,865,879,871,825,756,655,541,394,246,45,80,235,388,527,642,737,805,856,879,876,830,772,677,545,415,271,125,25,177,322,452,574,667,728,779,795,788,397,679,591,483,358,242,99,40,170,290,392,476,543,590,611,613,593,539,489,401,318,227,129,36,47,136,211,272,319,346,366,368,359,342,313,274,568,175,124,72,29,16,52,86,113,131,146,152,158,156,153,148,141,134,124,115,111,102,91,77,58,35,7,32,113,109,150,189,224,252,253,240,206,152,86,3,86,163,232,278,291,269,213,135,0,1,0,1,2,0,2,1,0,1,1,111,80,47,3,41,84,125,159,181,191,184,164,133,89,39,7,64,120,169,348,241,257,264,258,237,210,169,116,63,0,62,120,180,230,274,306,329,344,342,325,300,261,208,152,88,16,59,1,207,271,331,374,405,435,442,436,424,381,338,271,189,107,14,74,159,246,322,390,460,501,529,545,534,515,480,423,361,281,187,90,9,111,204,480,395,465,537,577,611,630,632,608,575,513,442,358,258,144,28,99,220,335,442,534,621,696,746,775,777,748,703,629,541,433,308,169,19,133,287,427,561,10
3,23,141,311,472,611,726,812,868,889,881,1186,751,642,508,351,185,8,166,338,500,634,742,814,856,856,826,772,690,578,437,282,119,50,211,367,498,610,700,23,770,758,712,635,546,424,291,156,7,126,257,370,463,533,577,595,580,549,489,412,327,226,131,35,64,150,228,284,326,355,365,361,342,310,268,548,160,106,51,2,43,85,118,142,158,169,169,165,158,147,137,125,111,100,87,75,60,41,19,8,41,75,112,307,180,209,226,229,216,178,124,55,25,106,187,250,287,294,265,203,114,11,86,3,0,1,2,0,0,2,0,1,1,0,120,107,80,42,5,52,99,142,172,191,193,177,148,106,53,3,64,121,173,382,246,258,259,247,218,182,129,71,10,56,124,186,242,284,311,329,333,319,290,248,196,133,61,15,93,167,241,133,362,398,420,424,410,385,337,275,205,119,31,66,164,251,332,403,459,499,519,515,495,453,390,314,220,121,18,88,192,291,383,461,526,571,592,831,581,538,476,395,302,196,80,42,161,281,395,490,576,638,683,705,700,666,610,527,422,301,168,20,130,279,423,341,655,740,796,827,829,793,733,638,516,1
78,30,670,814,883,875,797,649,451,208,50,639,536,717,840,889,869,773,614,406,160,98,344,560,724,828,857,817,715,544,332,89,153,376,568,702,784,799,739,540,441,229,6,213,405,557,653,697,675,590,465,292,105,82,252,398,500,557,555,508,419,295,159,16,120,233,325,378,398,381,336,266,176,81,13,738,170,218,245,250,236,204,159,107,53,2,48,87,115,134,141,141,138,125,109,91,65,36,0,38,85,127,165,660,203,189,150,90,7,83,171,239,275,275,222,133,17,104,209,274,279,230,133,0,0,0,1,1,0,0,1,2,1,1,66,110,136,136,111,66,4,61,121,171,192,191,162,109,41,33,109,177,224,505,241,208,150,75,11,96,177,240,283,299,288,242,172,86,14,112,203,279,334,352,346,304,232,142,33,79,190,126,366,413,419,392,326,236,119,8,140,261,368,440,479,477,431,353,243,109,37,183,321,430,506,543,530,477,382,255,107,51,212,355,471,560,593,822,537,437,301,140,31,207,365,500,604,657,662,612,514,370,195,4,205,390,550,665,730,744,697,585,429,231,7,28,429,612,744,820,829,773,653,467,250,13
93,53,831,400,58,518,937,1274,1503,1604,1566,1852,1092,701,236,237,687,1074,1367,1543,1581,1478,1245,907,488,21,434,852,1189,1412,1516,1478,1311,1020,649,225,205,611,960,40,1354,1375,1252,1029,722,349,41,416,739,977,1117,1158,1094,932,696,399,80,232,511,725,856,900,867,756,590,379,147,90,301,465,581,640,630,569,465,648,170,19,121,237,324,374,389,372,326,261,187,110,31,40,101,154,195,223,239,247,244,228,197,147,79,9,106,146,303,377,406,388,312,182,13,173,344,470,523,487,362,166,60,278,436,497,450,5,0,3,0,5,0,0,2,0,1,0,216,214,164,81,28,140,239,302,320,292,215,103,30,170,288,377,417,412,353,626,109,46,202,336,437,493,499,449,354,217,52,126,290,433,536,589,588,532,419,262,72,124,315,486,613,691,708,534,534,367,164,58,284,491,660,775,826,799,704,540,320,62,194,443,664,826,918,934,863,717,509,252,38,317,578,789,940,1019,1008,912,740,504,216,198,401,682,907,1059,1129,1105,992,792,525,209,131,464,769,1020,1187,1261,1228,1093,865,556,192,191,572,917,1189,1367,1432,1254,1188,903,533,112,327,746,1109,1378,1532,0
3,27,394,163,72,308,523,704,846,919,952,1282,806,656,453,230,15,252,477,667,817,906,935,900,806,653,463,246,15,210,426,607,754,835,866,831,746,619,441,661,22,192,386,547,672,742,758,723,635,505,347,171,9,179,335,460,542,594,591,544,466,359,243,111,22,146,249,327,377,402,399,369,317,244,163,84,5,78,142,185,217,233,230,218,189,155,117,76,41,3,26,55,79,97,120,132,148,153,160,155,134,110,68,428,43,111,176,227,267,269,243,181,88,14,127,224,291,313,286,210,102,24,140,4,1,0,2,0,0,1,1,0,0,0,30,82,124,151,158,139,101,45,18,88,149,193,218,219,200,153,94,23,57,167,196,245,277,285,260,222,155,79,4,90,172,244,302,335,341,325,281,216,135,39,61,158,247,327,378,409,414,334,331,247,148,36,80,197,307,394,462,490,499,465,400,304,182,55,86,216,338,441,518,560,567,538,470,372,251,107,39,187,331,454,550,613,634,843,572,479,361,214,54,111,275,423,551,642,702,715,690,615,501,354,174,12,200,384,547,678,771,815,811,749,647,539,308,98,122,341,539,708,835,907,923,4
96,1,748,605,416,187,50,286,497,675,812,1372,890,834,712,536,321,86,154,384,587,741,844,879,847,747,598,407,193,35,262,469,637,748,805,797,737,627,459,646,45,169,359,521,639,702,709,664,569,426,264,82,96,261,399,501,556,574,536,458,355,227,95,39,165,270,343,386,399,379,333,269,189,101,12,643,141,193,230,246,245,223,191,149,100,47,4,35,68,97,115,125,132,134,132,122,112,98,75,44,2,43,93,263,185,213,223,208,165,94,6,90,181,254,289,279,227,136,23,100,202,263,269,0,0,1,0,0,0,0,1,0,0,0,99,128,134,118,77,26,34,94,148,184,195,180,143,89,21,49,123,184,226,503,242,212,162,92,12,71,148,216,266,294,300,277,230,163,75,18,110,194,271,327,358,358,331,274,195,99,5,21,220,310,377,416,424,406,350,267,167,47,80,205,320,408,466,494,487,443,364,254,124,17,161,295,409,494,547,557,529,466,367,241,97,55,207,552,472,557,610,616,583,511,401,259,97,73,245,399,532,634,687,701,657,569,442,276,93,103,299,479,635,736,796,682,734,619,456,264,46,180,396,589,740,12
3,28,192,12,215,407,579,717,827,875,893,1208,763,634,469,283,81,124,324,507,665,786,857,881,851,767,653,503,335,148,51,247,429,577,698,765,801,790,725,533,487,331,155,23,193,357,490,595,653,671,655,589,502,390,263,126,19,151,272,368,438,475,487,466,422,353,274,186,92,5,91,170,235,274,305,1146,290,261,221,177,131,78,28,17,58,95,119,138,146,149,149,142,131,122,109,97,78,60,30,1,39,78,118,350,190,212,225,214,182,120,41,48,135,214,268,293,281,227,141,34,79,175,242,2,1,0,3,2,1,0,0,1,0,0,23,68,111,138,157,147,119,77,21,38,94,145,189,212,217,206,167,117,55,95,84,148,201,241,268,276,261,229,185,122,50,29,107,174,240,290,327,340,336,306,261,198,118,31,59,148,235,156,371,407,422,408,372,323,247,156,57,51,159,257,348,423,467,499,497,464,413,326,227,112,12,138,253,360,448,513,556,570,552,508,433,336,220,67,48,179,308,420,516,587,631,640,626,568,489,378,247,97,60,216,366,497,604,684,733,746,721,656,551,411,251,212,110,289,457,602,724,808,856,850,804,5
61,30,536,717,832,885,875,797,674,487,267,152,217,442,633,780,865,885,848,748,586,386,155,86,312,518,681,791,852,840,767,634,463,246,27,195,403,568,698,53,771,721,612,458,286,83,115,300,456,568,635,643,612,528,415,269,108,51,202,326,416,469,485,464,411,329,225,113,2,109,194,266,315,331,327,952,238,176,106,34,29,85,133,161,178,179,169,157,138,110,82,52,21,4,30,58,86,114,143,160,172,169,150,761,69,4,61,134,204,246,266,245,189,107,3,115,211,276,295,258,177,64,60,4,0,0,2,1,1,0,1,1,0,0,59,5,53,103,143,161,156,129,81,17,50,115,170,207,220,209,173,118,44,55,113,180,233,263,270,255,211,149,73,11,97,179,250,298,317,318,291,240,168,77,21,120,213,295,354,385,392,301,310,225,120,10,107,220,321,401,454,462,451,394,308,197,68,66,197,318,421,486,528,522,481,407,299,171,27,120,260,386,486,558,584,582,520,573,311,168,8,149,304,438,551,624,656,638,585,482,348,186,5,178,359,512,631,707,738,721,655,533,369,174,33,47,438,604,732,810,834,792,698,547,359,14
8,38,197,51,284,498,685,828,913,944,914,1149,676,481,261,19,218,445,646,794,900,934,915,829,699,501,283,51,172,388,583,735,838,870,850,770,647,498,290,689,149,353,513,646,736,769,747,671,555,395,226,39,146,303,440,531,588,611,576,500,403,283,156,21,109,230,321,373,409,410,388,344,276,196,113,341,55,124,182,220,232,236,228,207,175,132,90,52,15,23,53,78,99,114,132,140,150,152,151,140,115,83,41,354,80,144,200,239,264,253,219,143,42,61,168,252,304,310,267,180,62,66,174,0,1,0,2,0,0,0,0,1,1,2,66,110,140,152,137,102,52,12,75,141,185,212,216,192,155,91,19,57,135,320,244,269,276,257,206,152,72,9,99,179,249,299,331,333,310,267,205,123,29,71,166,253,326,381,406,404,371,306,232,132,20,92,206,305,390,452,489,481,460,388,289,171,40,92,225,341,441,513,558,562,527,459,360,236,97,54,198,334,454,541,606,630,612,755,468,348,208,48,115,279,422,544,638,690,708,679,605,488,345,177,12,200,376,536,666,754,812,800,748,639,492,419,102,106,322,522,692,820,893,913,880,20
1,11,540,666,769,842,883,891,869,807,731,785,472,318,149,19,189,346,496,626,732,817,866,882,859,799,714,607,483,340,184,15,148,304,446,562,663,735,779,198,760,709,627,523,412,270,132,7,150,273,384,475,543,586,604,602,564,517,443,355,259,156,62,32,126,202,273,317,348,365,369,359,339,300,262,473,150,94,39,9,52,90,121,142,154,166,169,169,164,155,145,130,118,105,91,80,64,47,24,0,29,61,101,242,172,203,226,236,231,202,155,88,12,72,154,225,272,292,282,238,163,66,37,2,1,1,0,0,0,0,4,0,1,0,10,32,79,116,149,160,161,148,117,78,30,25,79,132,172,211,232,239,230,495,175,127,72,14,45,103,161,212,255,285,305,305,298,272,236,188,135,70,3,74,146,212,269,320,358,383,396,304,369,332,278,218,142,62,26,114,200,278,350,407,451,479,484,483,460,418,360,281,193,97,4,106,205,299,384,454,511,550,573,573,557,527,463,503,305,205,95,14,125,240,348,445,533,599,647,672,680,660,620,556,473,371,253,123,11,149,287,419,541,644,728,604,809,811,780,720,638,529,398,253,98,2
50,5,782,853,885,874,830,743,634,479,317,21,55,239,415,565,696,793,857,889,872,823,730,612,469,290,119,64,232,401,549,670,758,801,821,787,731,657,532,635,232,66,97,256,386,509,596,657,682,667,638,565,473,364,240,115,17,135,243,333,396,445,471,475,459,413,356,283,198,118,35,37,107,167,215,1138,265,270,264,249,222,188,154,116,77,38,2,25,53,76,94,104,109,116,123,129,139,145,149,143,134,115,83,534,4,56,116,169,219,253,268,255,220,162,78,15,112,196,256,286,272,223,140,0,0,0,1,0,1,0,0,0,2,0,123,127,115,85,44,5,55,107,147,180,194,193,176,142,100,47,14,75,135,307,231,256,265,262,235,202,148,93,27,39,109,173,232,277,311,329,333,316,286,240,180,112,34,46,128,206,277,173,383,408,417,407,378,336,273,196,111,10,85,184,276,357,418,472,503,513,498,459,401,321,228,126,14,96,206,307,398,475,533,574,589,581,539,642,408,311,204,85,38,165,284,399,502,578,637,666,679,658,616,544,446,327,196,50,96,247,390,522,634,719,779,658,794,752,674,568,436,284,115,57,229,3
60,2,858,810,728,588,432,238,38,163,357,952,686,804,878,898,875,805,696,557,379,184,20,210,394,560,692,788,843,851,816,729,617,459,288,101,85,259,430,251,670,735,754,730,674,576,455,308,148,8,163,305,424,511,572,593,580,539,466,371,263,144,33,78,182,268,335,371,392,385,362,322,268,205,133,138,9,69,123,165,193,212,216,208,193,169,144,120,91,59,32,2,20,40,61,78,98,118,138,153,169,172,167,788,113,66,6,60,130,194,246,272,273,246,181,93,8,112,204,262,283,261,194,1,1,1,0,0,0,1,1,1,1,1,34,13,65,108,145,162,161,141,106,58,2,61,120,170,209,228,227,211,176,353,62,8,78,144,200,243,273,288,284,258,217,157,90,18,65,143,215,275,321,347,357,348,315,267,201,121,32,41,159,247,321,379,417,436,434,409,365,288,207,101,8,122,231,330,414,470,508,519,509,469,401,313,206,90,34,157,271,378,467,534,580,594,580,722,466,369,256,127,5,142,273,397,507,590,650,676,672,632,565,466,344,201,47,118,276,424,560,666,747,784,789,685,673,555,414,246,65,128,312,487,636,3
31,36,48,203,428,631,790,891,949,917,850,916,511,291,42,206,436,638,795,898,934,909,819,677,487,251,13,224,442,628,771,855,891,834,752,593,406,212,25,519,440,615,714,771,779,715,614,469,289,96,91,268,422,529,613,637,608,551,440,310,167,20,117,239,341,413,447,447,411,352,278,182,89,12,98,941,226,254,273,269,247,211,167,114,61,9,30,72,100,126,138,142,145,144,137,125,112,90,65,31,13,58,107,311,198,223,238,220,179,104,11,87,188,268,309,305,257,168,48,79,194,269,284,2,0,0,1,1,1,0,1,0,2,0,14,43,99,140,164,160,135,89,27,42,111,169,209,228,220,188,138,71,8,59,166,222,269,286,277,253,192,120,34,55,141,217,287,324,341,330,299,239,163,66,36,140,236,318,373,406,414,330,337,252,151,39,80,196,308,399,468,490,498,457,379,280,152,19,116,253,373,462,541,568,558,514,426,320,181,31,116,265,398,505,582,626,624,789,508,391,251,88,76,239,397,527,631,686,710,675,613,494,348,171,26,212,386,549,673,762,807,788,726,603,442,360,32,186,398,587,743,850,906,896,833,11
0,0,751,842,916,943,944,900,826,718,588,468,259,77,105,283,451,600,727,827,902,934,935,893,824,707,572,427,269,99,75,250,410,553,667,753,810,847,841,422,722,618,489,353,211,52,102,245,379,477,570,628,658,661,639,592,520,437,332,223,107,5,107,199,285,347,395,414,425,412,389,353,306,250,186,70,54,2,58,103,142,171,195,202,201,195,184,175,159,143,122,106,87,70,51,33,14,9,36,62,91,128,163,495,215,232,229,216,184,133,62,18,100,182,250,299,312,295,244,164,61,46,147,3,1,0,0,0,1,1,0,1,1,1,6,54,99,136,161,171,163,141,105,58,2,56,113,164,204,233,251,249,234,464,155,100,38,26,94,151,209,254,292,315,324,316,295,259,207,149,84,12,69,143,216,279,333,375,405,416,413,319,354,297,231,152,67,23,119,211,297,369,435,481,508,515,503,475,432,369,291,200,95,15,124,230,329,416,494,548,585,603,604,576,541,479,396,356,187,74,47,167,280,391,491,576,637,685,707,707,685,631,560,463,346,219,83,58,203,345,481,600,707,783,838,725,844,801,731,629,507,362,200,34,140,1
67,8,843,729,572,371,153,76,304,511,697,1331,924,957,933,848,709,529,322,101,136,361,562,724,840,901,908,856,766,624,447,235,19,204,403,570,711,799,841,346,753,636,477,294,113,89,271,435,565,646,691,681,638,556,440,302,139,8,159,285,382,455,500,505,482,420,346,247,141,36,64,152,228,282,321,1221,310,283,238,191,133,74,13,38,79,116,138,159,165,166,158,145,131,114,95,73,50,24,6,44,82,122,163,583,219,222,212,173,110,29,65,153,232,291,305,286,224,127,12,111,209,275,285,2,1,0,1,0,0,3,0,1,1,0,101,135,146,137,104,56,0,63,122,174,200,212,202,166,119,49,25,96,165,371,259,276,273,242,189,127,46,31,114,188,257,303,334,336,315,273,218,139,46,48,143,231,305,364,398,412,399,315,292,200,99,10,125,233,332,409,472,491,498,461,396,303,186,67,63,194,313,417,499,553,573,559,507,434,327,201,63,81,227,358,472,559,614,887,632,579,497,383,248,96,60,223,372,503,614,680,723,719,680,597,475,321,151,33,217,395,559,690,787,834,839,725,697,553,378,180,35,251,455,637,781,5
129,7,748,535,248,75,386,658,845,934,927,1088,583,294,39,356,628,825,926,921,806,595,307,10,321,596,790,890,894,786,583,312,10,290,550,734,834,838,732,632,282,3,275,511,674,753,739,636,451,221,23,259,457,584,642,622,519,368,172,35,224,369,467,501,475,391,267,115,35,172,280,350,373,347,288,386,86,13,110,185,229,244,232,193,142,81,21,38,86,122,142,147,144,131,111,82,46,4,47,95,140,177,198,839,155,89,0,101,195,259,284,250,169,50,91,216,296,312,254,134,13,161,256,1,0,0,0,1,2,0,1,1,0,1,124,130,97,44,31,103,158,185,176,133,61,27,113,184,230,238,201,135,44,5,154,233,277,283,241,172,73,36,146,240,305,326,306,248,150,33,92,213,307,361,374,343,266,155,15,128,263,206,427,435,392,298,165,11,153,298,417,482,501,452,345,194,18,160,326,456,537,549,502,395,237,46,150,329,478,569,599,561,457,297,103,105,307,711,599,650,634,533,380,186,36,261,463,612,703,707,638,492,288,44,212,445,629,748,786,734,600,386,123,157,431,442,805,865,827,693,473,199,105,407,661,11
109,71,270,9,21,159,139,200,498,306,250,257,393,206,552,296,219,350,18,306,139,298,447,29,526,571,17,577,584,71,448,472,106,214,218,85,57,70,27,68,334,70,368,500,128,407,565,152,420,550,113,425,482,42,398,377,29,353,282,68,295,240,48,285,287,1,306,337,48,279,337,100,168,223,147,81,39,189,285,176,148,448,389,53,523,533,50,512,576,58,503,468,110,509,211,420,524,114,711,465,376,791,300,1128,572,56,332,146,170,55,306,252,287,573,124,537,535,129,577,254,319,371,73,5,8,3,25,18,25,15,2,19,15,6,161,237,23,251,121,175,175,121,247,33,327,177,239,350,2,324,175,194,249,161,294,78,282,286,103,380,194,236,381,82,303,293,56,287,106,206,205,126,356,120,328,456,60,409,452,35,368,239,33,274,124,162,196,87,316,169,226,400,154,231,340,128,124,154,44,16,102,107,107,346,289,108,485,424,57,475,419,31,359,236,133,230,67,712,175,321,562,214,384,605,281,218,419,283,43,68,140,245,276,107,243,489,371,109,505,451,1,351,262,54,135,166,276,57,551,529,119,761,676,68,673,46
67,68,140,555,933,1263,1530,1694,1786,1756,1655,1952,1158,808,423,3,408,792,1141,1420,1629,1748,1761,1661,1487,1200,868,503,107,285,668,1007,1288,1479,1600,1601,1539,1397,1163,1219,514,145,228,565,861,1110,1279,1381,1382,1290,1149,930,670,388,91,197,458,688,860,970,1015,998,938,819,659,468,264,53,132,309,451,558,635,649,653,2000,512,419,313,193,84,31,128,202,262,301,320,322,322,300,282,246,212,178,138,100,50,3,64,125,195,263,333,1215,405,404,368,294,182,28,146,310,445,549,581,540,428,255,42,176,374,501,540,0,3,0,2,4,3,3,0,0,1,3,85,170,248,280,297,262,190,96,13,136,246,338,405,432,418,367,276,159,29,31,246,361,459,515,539,526,480,386,279,140,10,170,320,448,562,627,669,669,625,530,412,265,89,95,276,441,597,427,796,825,821,755,648,506,324,121,92,302,509,686,830,930,975,974,916,804,656,447,221,26,276,522,726,902,1036,1107,1126,1094,994,844,653,406,146,292,402,645,868,1042,1176,1250,1271,1211,1111,931,701,428,136,183,494,779,1046,1243,1384,1463,1469,1396,1256,1024,746,406,43,37,674,996,1271,1488,1636,1689,1662,1523,1325,28
68,3,924,896,826,708,565,386,195,8,216,768,589,740,851,923,946,923,866,768,627,468,277,84,119,314,493,642,767,849,894,886,846,748,634,479,308,135,59,492,406,549,659,730,768,766,722,655,546,406,266,108,43,186,315,425,503,557,582,571,529,462,388,297,190,80,26,119,203,267,318,350,366,358,339,869,244,190,129,70,16,38,84,121,146,161,173,173,171,162,153,137,120,104,88,71,54,31,4,26,64,100,142,417,212,227,233,219,186,127,50,36,127,211,274,309,309,272,194,92,25,134,217,3,1,0,1,0,1,0,1,1,1,2,113,138,144,128,102,59,2,53,109,163,196,213,214,195,163,113,53,13,83,173,206,245,277,287,275,252,208,153,87,15,59,136,207,262,309,339,358,352,328,284,222,153,68,18,107,194,278,202,404,437,449,437,406,358,285,198,104,2,109,215,313,398,464,514,543,534,511,454,380,288,177,57,65,188,306,405,488,555,597,613,608,574,504,533,314,192,58,79,211,342,457,555,635,682,707,699,670,594,501,383,237,83,74,234,389,526,649,743,808,834,828,727,695,572,426,253,70,125,310,486,640,0
43,69,211,528,828,1073,1282,1421,1504,1509,1447,1809,1119,870,582,270,54,376,681,949,1186,1352,1461,1483,1446,1322,1157,936,670,382,81,234,530,801,1026,1191,1297,1346,1329,714,1089,888,650,391,120,165,425,656,844,975,1060,1083,1058,978,861,703,508,307,88,119,306,470,595,684,746,750,726,663,577,466,345,210,73,48,164,1446,330,381,413,420,410,382,339,287,230,164,101,46,1,47,83,115,140,167,190,213,231,248,263,265,256,240,204,1068,73,18,124,228,330,406,445,449,408,321,193,33,134,290,408,480,473,400,268,4,0,2,0,2,0,6,2,3,1,4,81,16,60,144,211,261,282,274,236,174,86,9,107,207,287,353,390,399,379,764,257,164,58,56,171,273,365,436,490,510,496,458,393,301,190,72,55,184,308,420,515,582,627,637,614,560,473,411,220,73,87,237,387,524,637,723,778,787,772,704,603,468,312,143,40,225,400,560,703,811,883,919,909,859,770,639,489,310,112,97,301,494,664,1195,935,1008,1039,1028,974,873,738,565,371,149,82,314,539,745,930,1074,1173,1217,1211,1147,1033,877,685,442,183,97,381,324,897,1102,1259,1365,1416,1399,1324,1177,982,13
64,4,76,59,34,12,8,43,57,89,133,283,168,173,173,168,156,129,110,89,45,6,32,70,101,137,154,168,173,175,167,150,127,98,67,23,13,48,81,261,126,139,149,145,138,122,108,85,55,25,10,39,68,90,115,120,105,112,99,78,59,37,16,15,34,61,78,73,75,70,66,48,34,21,10,91,35,47,56,64,57,48,33,18,0,14,33,46,60,62,75,53,49,23,0,19,39,61,72,79,68,68,40,207,12,35,55,69,80,79,60,39,13,12,37,55,63,61,44,25,4,30,41,0,1,4,0,0,1,0,3,0,1,0,69,207,293,306,242,129,21,161,290,357,390,360,292,178,53,99,231,347,420,227,436,383,289,170,28,96,231,319,408,452,466,433,383,297,195,86,25,132,232,320,380,428,443,428,394,346,261,1176,79,20,121,219,290,362,405,420,431,412,372,318,246,163,66,32,131,214,291,350,401,420,425,411,369,313,238,158,74,8,93,182,246,314,349,719,367,349,315,261,207,139,65,4,56,105,156,184,212,227,234,218,200,196,157,128,98,73,46,9,8,38,59,129,86,89,97,102,115,124,119,116,115,4
52,1,851,877,862,794,694,553,385,192,7,507,405,576,716,816,873,889,859,790,676,530,354,166,34,233,411,568,697,785,839,842,803,715,600,446,278,101,86,521,418,548,647,708,733,718,658,571,448,308,159,5,141,276,389,476,533,564,559,517,453,367,267,164,56,47,145,222,288,332,358,362,347,313,266,513,144,83,19,38,84,126,157,177,184,185,175,160,143,123,105,84,60,42,18,4,28,50,81,106,134,159,180,768,193,178,146,94,27,53,133,204,256,289,282,243,175,81,26,129,213,264,270,0,0,1,1,1,3,1,0,1,0,1,45,3,53,99,137,160,163,151,122,76,17,40,100,158,199,226,231,220,192,404,92,26,40,110,170,224,263,288,291,277,246,198,136,67,11,86,163,229,290,333,359,365,349,313,257,190,107,115,77,170,252,329,388,427,447,438,416,360,296,202,102,11,120,227,328,410,472,512,527,517,477,417,328,228,112,9,132,251,361,456,532,580,602,823,563,496,407,299,177,42,91,228,357,471,567,634,683,687,667,610,526,409,276,127,34,195,354,499,625,723,786,669,792,731,636,507,359,183,3,193,372,0
15,30,468,288,95,103,299,483,643,777,879,1413,952,924,851,738,591,416,225,28,176,369,547,688,807,875,905,897,849,766,644,482,310,114,76,259,425,568,692,21,812,811,765,688,593,454,303,136,31,187,331,448,543,604,638,637,599,545,457,346,233,110,3,112,217,297,362,397,416,413,391,351,302,241,171,16,23,38,94,141,179,204,216,220,211,194,176,153,129,100,78,53,33,9,14,38,62,88,114,140,166,187,201,801,193,167,129,72,2,78,156,224,280,308,297,252,179,85,23,132,221,278,288,0,2,1,2,0,0,0,0,0,1,1,100,69,23,32,81,130,164,187,190,176,141,92,31,33,97,155,208,239,258,513,245,210,162,102,34,39,113,179,240,286,315,328,324,301,261,206,143,67,17,102,185,256,321,368,401,412,405,315,330,264,182,94,3,104,204,296,377,439,490,507,504,475,421,354,267,166,55,61,179,287,390,475,537,576,592,579,542,484,400,295,181,53,77,340,335,442,533,601,651,670,669,632,570,478,370,241,100,51,202,349,484,598,688,754,787,785,759,682,582,448,300,271,45,225,393,554,695,806,882,918,911,4
86,0,110,118,121,120,111,99,88,69,44,27,9,40,71,100,124,144,153,155,153,137,120,97,67,35,0,32,67,102,120,139,149,155,151,135,116,87,56,380,8,38,66,89,109,120,123,120,116,97,77,54,29,2,21,44,62,78,87,88,84,72,57,40,22,3,15,30,44,55,60,60,56,48,36,34,9,11,27,40,49,49,46,39,29,16,0,17,34,48,56,59,55,44,29,12,8,29,47,61,68,65,57,205,24,3,27,46,60,63,59,47,26,6,17,37,52,59,51,33,8,18,33,1,2,2,1,1,2,4,1,1,3,1,209,237,196,96,35,164,262,314,314,262,173,56,71,191,289,353,377,358,297,231,83,43,164,269,352,396,407,382,327,242,138,29,78,178,264,331,374,391,384,349,293,217,129,37,56,144,222,181,341,372,382,368,335,281,213,138,51,36,122,202,269,320,354,369,368,340,300,245,175,94,6,78,156,229,278,319,344,348,332,298,252,193,126,384,16,86,147,198,236,258,268,262,259,218,177,135,91,47,4,37,73,108,125,137,145,146,143,134,119,108,99,859,63,47,32,16,0,17,33,45,65,3
0,1,731,814,869,892,878,830,753,640,514,377,195,27,147,310,465,598,713,801,859,882,872,829,753,638,509,364,214,51,113,272,421,550,653,722,775,796,785,397,662,565,438,302,169,20,121,256,375,468,545,593,619,618,596,549,474,394,291,187,81,24,118,203,278,336,381,396,399,386,362,328,281,224,166,29,45,7,61,102,137,166,186,196,196,186,175,162,149,131,112,95,79,63,45,29,11,10,37,66,91,123,155,529,203,214,213,203,170,120,53,20,102,179,240,284,295,276,225,148,53,49,143,1,1,1,0,0,1,0,1,0,2,0,15,61,101,132,154,158,148,126,89,41,13,68,123,167,203,228,237,228,207,439,127,71,11,50,111,165,215,254,283,301,302,289,266,227,175,116,53,17,93,163,229,282,329,366,385,390,379,307,310,252,186,113,32,53,144,229,303,367,425,462,482,479,461,432,385,315,240,150,50,52,154,251,340,419,484,530,559,569,559,529,485,423,336,280,140,30,85,195,301,400,490,565,620,654,671,661,630,572,498,402,289,168,36,99,235,367,489,598,687,753,796,671,788,736,659,559,439,297,142,16,182,7
2,6,571,688,783,852,887,888,865,800,720,780,469,321,159,6,172,328,477,609,719,805,860,880,864,812,734,636,525,390,242,80,82,238,382,506,616,697,759,137,773,736,668,580,485,354,222,84,51,180,299,402,482,540,579,597,579,552,494,423,342,249,154,60,31,119,195,252,300,333,353,359,351,327,297,726,202,156,106,60,15,28,68,99,121,140,150,155,156,156,151,144,134,126,116,112,100,87,74,53,26,2,45,40,130,169,203,227,248,245,220,179,116,40,44,136,209,266,293,287,246,172,77,4,0,1,0,1,1,0,0,2,1,1,55,91,124,145,153,144,122,87,43,6,58,111,159,196,219,231,227,207,176,369,83,23,36,96,152,202,243,276,297,303,294,270,237,192,137,78,14,53,125,191,252,305,342,373,384,385,370,306,294,234,167,93,12,72,160,238,313,374,429,466,483,484,462,432,385,320,250,159,65,33,136,231,322,400,468,517,554,569,567,549,508,457,381,354,198,94,13,122,230,334,432,514,585,634,668,672,665,628,574,494,398,289,174,43,91,227,360,485,594,689,757,636,811,799,759,693,602,488,355,207,48,4
16,28,277,455,614,733,827,874,888,857,790,912,534,361,178,14,202,383,544,681,791,855,887,864,802,687,552,398,230,52,130,310,475,607,709,767,794,791,740,504,528,384,221,56,102,266,401,515,601,638,659,630,580,506,408,298,169,39,91,207,301,377,427,455,461,440,402,341,271,191,110,26,51,119,179,1097,249,264,264,253,234,202,165,125,86,42,8,21,50,75,92,106,113,125,135,140,141,141,141,133,117,100,65,489,28,82,137,189,236,258,259,229,180,108,17,79,169,243,283,289,248,173,71,1,0,1,0,0,1,1,0,0,1,2,58,13,36,87,127,156,167,164,143,105,54,4,65,122,173,210,236,241,225,476,149,92,29,39,107,169,223,265,291,299,293,267,224,169,101,27,50,123,198,259,313,351,372,375,359,320,264,229,105,16,75,164,247,326,389,435,461,459,446,398,328,243,147,44,64,172,272,365,443,498,531,540,520,481,420,336,238,130,5,117,236,349,441,773,581,605,612,590,546,472,381,265,142,7,132,265,393,503,599,668,709,716,692,636,550,440,311,154,10,178,343,279,619,720,789,822,829,787,711,599,461,7
31,10,855,880,874,830,755,650,518,362,195,144,154,319,477,610,721,805,861,886,873,825,745,639,508,348,185,17,146,305,452,580,685,754,799,803,788,740,652,578,419,279,126,28,166,307,428,528,599,637,658,640,605,546,467,374,264,154,36,74,174,264,335,389,423,438,435,411,371,325,266,200,134,66,2,589,112,151,183,208,220,226,224,211,190,165,139,115,89,66,44,22,3,16,33,50,71,91,115,134,157,172,184,796,184,167,137,90,31,38,112,177,236,277,293,277,235,162,73,29,125,204,253,3,0,0,1,0,1,0,0,1,0,0,26,70,110,140,158,156,143,115,73,21,30,86,141,184,214,232,233,218,189,400,100,41,19,80,142,195,239,272,296,301,293,268,235,190,130,67,1,73,145,212,272,319,352,376,383,373,349,300,254,189,112,30,52,140,224,303,371,423,462,479,478,459,419,367,299,220,128,29,72,174,267,355,433,494,536,556,562,546,509,452,382,297,195,53,23,135,247,349,440,523,587,631,652,653,632,586,521,432,331,211,81,54,188,321,445,556,652,721,772,793,783,670,674,576,459,320,172,9,157,316,467,4
45,27,516,688,810,874,887,845,749,600,417,119,32,259,470,645,771,856,884,860,774,641,465,266,49,184,392,570,712,799,844,823,755,624,466,278,81,118,321,335,629,717,748,729,668,558,416,253,70,101,265,406,518,584,618,596,533,447,325,185,50,87,199,297,373,419,434,417,370,303,227,137,47,41,122,979,226,251,262,258,235,203,158,107,55,8,31,65,93,114,125,133,137,138,136,128,117,96,75,43,5,36,82,205,176,207,228,225,195,141,62,32,131,213,270,294,273,211,115,0,112,206,257,1,2,0,1,0,1,0,1,2,0,0,123,116,89,50,3,62,117,159,184,187,171,128,71,2,68,138,192,231,249,524,215,167,100,23,57,126,197,249,291,301,295,257,205,135,49,37,126,209,275,326,359,363,342,300,234,147,46,75,166,262,339,397,427,433,409,359,289,189,80,43,168,279,375,451,499,511,492,439,359,251,128,8,143,270,387,477,540,573,565,523,452,353,227,53,64,205,340,452,548,610,642,627,578,490,373,230,71,101,270,425,559,654,713,731,706,636,530,380,204,9,190,177,551,681,775,820,823,768,667,517,334,6
39,4,90,128,146,153,136,91,60,1,61,225,157,165,168,142,84,32,29,99,147,188,179,149,101,30,45,93,153,181,178,152,102,40,28,99,149,159,170,335,102,43,25,88,121,140,142,115,62,14,46,96,115,126,116,66,39,6,43,75,96,96,79,53,4,20,64,79,80,65,37,4,20,34,67,112,45,29,3,27,44,53,53,37,19,15,39,59,66,53,33,0,41,50,73,70,48,15,25,63,74,74,53,106,13,48,71,79,66,34,14,50,70,59,48,12,30,52,51,43,10,24,47,0,1,3,1,1,0,1,2,6,4,1,213,73,125,281,326,241,66,133,309,386,341,201,4,214,370,430,388,242,38,51,360,453,449,341,155,54,262,407,466,439,316,137,65,246,389,462,442,347,194,8,171,322,417,444,400,274,114,803,230,350,426,434,371,256,77,94,246,364,426,421,348,230,73,114,266,372,422,415,339,217,58,106,253,369,415,391,316,193,40,116,244,333,382,779,285,169,38,94,208,279,308,299,241,147,43,58,144,202,228,224,183,142,73,1,62,115,142,149,151,122,90,932,5,31,63,92,117,124,123,117,82,7
112,7,37,255,529,747,867,888,804,622,372,72,235,512,729,865,886,802,626,379,86,216,489,710,838,862,784,615,379,95,199,465,673,785,812,733,578,352,83,544,437,625,729,740,664,504,289,51,190,401,551,629,630,548,407,221,12,184,348,463,511,492,422,303,153,7,154,274,351,382,369,311,224,112,6,752,191,241,262,252,212,156,83,12,51,104,138,159,163,151,124,94,59,22,18,55,93,121,148,161,157,132,91,465,50,127,196,241,244,199,114,2,119,225,282,288,226,113,27,162,254,278,225,2,1,1,2,1,2,0,0,2,0,2,106,63,1,64,124,157,162,132,74,6,89,160,205,214,188,127,43,49,140,367,252,256,221,150,53,45,150,230,287,301,277,211,119,8,112,214,298,343,343,296,214,103,25,156,268,357,402,304,335,231,100,46,192,318,411,452,445,375,269,119,47,212,353,455,504,492,427,298,138,41,220,377,486,548,542,468,345,179,11,203,372,508,582,833,539,421,253,51,158,351,510,610,650,614,512,343,137,92,318,513,652,716,700,598,430,212,35,294,520,692,790,683,698,523,283,6,274,528,725,840,850,16
24,29,432,634,785,865,885,833,715,537,317,76,189,424,629,774,860,883,837,728,550,328,86,161,390,593,739,830,853,805,696,526,324,86,148,362,549,685,764,234,727,619,456,267,64,152,346,502,611,656,656,595,486,345,184,12,149,299,419,484,513,496,441,354,241,113,13,129,227,298,343,362,348,308,245,276,73,0,76,137,183,210,219,207,186,147,110,70,31,12,43,72,92,108,123,132,139,138,132,113,84,47,5,114,127,181,215,235,233,188,110,11,92,186,260,297,281,218,113,12,132,230,270,2,0,0,1,2,0,0,0,1,0,0,114,131,124,95,46,13,76,131,168,190,182,149,92,21,57,123,185,227,242,515,193,136,62,23,111,182,240,280,293,279,238,167,82,9,105,195,269,320,351,342,309,248,162,57,54,162,263,179,400,416,402,358,276,177,53,76,199,308,403,463,483,462,403,316,203,71,73,215,343,443,514,543,528,470,377,252,111,42,200,340,459,549,590,822,549,463,340,189,24,144,306,453,566,639,666,639,566,447,296,117,78,263,438,584,690,743,747,682,567,400,201,140,234,433,605,739,824,839,786,670,499,8
47,14,776,626,434,205,34,276,499,683,839,1425,954,914,815,659,457,226,15,254,481,674,818,903,926,877,774,625,439,220,10,239,451,621,754,823,849,812,711,620,379,171,43,248,426,578,677,732,728,668,569,428,270,96,76,239,372,481,544,565,541,481,402,291,172,40,81,190,280,344,378,384,368,319,263,349,104,26,50,112,164,194,218,219,212,187,157,125,89,49,17,14,43,67,92,112,132,147,163,165,162,143,113,651,15,53,123,189,247,274,273,233,160,62,51,159,250,302,309,259,167,43,83,3,2,0,2,0,0,0,0,0,0,0,83,37,18,78,131,162,178,168,140,85,18,56,126,186,225,241,234,206,150,292,1,79,156,222,267,294,295,274,230,161,80,13,108,193,267,320,353,359,340,291,222,134,34,73,174,271,351,262,438,431,397,336,245,141,19,106,227,335,430,488,515,505,454,385,282,160,23,116,254,374,476,546,580,576,531,449,344,212,64,93,240,378,494,845,638,642,618,542,440,309,158,13,182,344,493,603,689,726,723,670,570,430,270,78,118,311,487,643,759,825,842,730,703,556,375,163,61,292,502,684,820,3
55,8,837,721,543,330,96,150,382,589,771,1354,948,940,863,725,540,318,79,162,398,605,766,875,924,895,809,669,489,279,44,192,404,586,729,809,847,824,728,608,403,195,20,227,414,564,666,729,725,668,576,428,269,93,84,250,383,492,552,566,541,475,387,282,150,18,102,210,295,353,384,386,364,310,246,254,77,1,71,132,177,209,227,224,209,177,143,109,72,34,0,31,58,77,100,121,138,154,162,162,148,122,86,501,20,89,156,213,261,269,251,195,108,0,110,210,282,308,290,219,108,20,141,3,1,0,0,1,1,4,0,0,0,2,123,99,56,3,63,116,161,185,187,164,113,48,22,100,164,214,243,250,226,440,119,46,35,119,191,253,291,306,300,261,208,123,35,56,154,231,299,344,370,361,327,271,187,87,19,135,238,174,396,431,443,422,367,296,187,65,62,186,307,400,472,511,505,481,419,317,203,62,85,228,358,467,541,581,584,539,471,369,230,84,68,223,366,719,586,628,650,618,549,450,316,154,15,189,359,499,620,698,733,722,661,552,419,240,48,151,345,530,679,782,842,740,780,664,508,311,90,143,369,573,739,2
54,10,682,547,377,183,12,218,408,574,727,1286,884,895,852,767,635,470,285,89,120,315,495,646,760,828,854,825,771,663,519,350,161,36,218,391,548,659,746,165,765,712,612,481,343,167,2,160,317,442,538,600,629,613,576,497,391,278,141,13,107,224,314,378,428,441,431,395,342,272,198,111,28,46,126,935,223,248,258,254,240,211,176,136,95,52,14,20,51,75,95,109,120,127,131,136,136,134,130,117,95,67,25,300,76,127,182,223,252,250,222,174,101,6,87,177,249,287,288,243,158,53,59,2,1,0,0,3,1,0,0,1,2,0,41,7,59,102,144,163,164,145,108,59,2,64,122,172,208,228,227,206,168,330,49,18,92,158,213,254,278,284,277,245,196,132,58,14,96,170,242,296,338,352,350,330,283,225,149,63,31,3,218,301,364,404,426,433,407,359,298,204,108,1,116,222,318,404,467,500,520,495,453,383,291,179,59,65,189,301,402,483,539,573,578,552,492,536,309,189,54,79,216,341,453,544,616,651,660,628,575,481,369,232,72,88,240,390,519,627,715,759,765,734,662,572,415,245,65,122,312,484,632,753,836,1
50,13,480,320,146,42,225,399,558,689,797,1337,897,885,831,741,611,460,288,102,90,275,451,594,714,795,841,847,824,759,663,528,373,195,19,155,319,461,589,99,745,763,741,686,609,496,366,219,66,83,223,347,447,523,573,597,582,541,474,387,288,182,70,30,129,217,289,338,371,379,375,350,314,265,206,188,76,17,41,90,132,161,181,194,196,188,177,158,140,118,97,75,53,31,10,10,28,54,83,109,135,163,181,719,196,186,162,117,59,14,88,163,230,275,291,273,225,147,50,57,156,228,263,4,2,0,1,0,1,0,1,0,0,1,83,49,3,47,92,133,162,176,173,154,115,62,6,54,113,164,206,232,243,501,218,181,128,68,3,64,130,191,242,279,300,307,300,272,229,174,111,37,41,121,199,262,316,358,382,388,378,288,293,227,148,63,29,126,217,302,370,425,467,479,472,439,384,318,233,135,29,81,188,288,381,457,510,543,554,539,500,445,363,269,161,41,78,336,315,416,501,565,609,628,625,590,536,453,350,236,106,33,174,311,440,552,637,700,734,739,718,654,565,449,309,283,7,175,341,494,627,734,812,856,857,2
62,19,693,805,874,882,856,778,663,504,328,11,76,278,464,624,750,836,876,877,827,729,598,437,256,45,153,341,506,645,752,807,831,798,724,610,474,322,134,579,232,395,524,625,687,715,702,647,554,430,300,141,11,155,287,394,478,531,553,536,488,416,332,240,129,16,87,172,247,301,335,355,354,325,285,619,171,111,47,11,63,109,143,167,182,183,177,167,156,132,111,87,63,42,22,3,20,48,79,108,141,166,184,749,187,169,134,84,18,61,141,208,262,288,276,231,156,59,51,151,233,274,267,0,2,1,0,0,0,2,0,0,0,0,121,107,73,29,23,77,125,162,183,187,166,132,83,19,43,105,162,207,240,493,245,218,174,116,50,19,92,161,221,269,298,309,303,275,230,167,99,23,65,150,226,290,341,374,386,375,344,262,220,131,41,57,156,252,336,401,450,465,470,437,381,299,200,97,13,127,237,337,427,493,529,541,525,482,411,321,218,98,34,161,281,395,484,804,598,607,591,542,475,382,268,129,10,154,294,418,529,611,676,704,696,652,577,468,335,179,15,159,327,482,617,533,789,810,801,744,658,522,364,191,7,7
38,26,364,561,717,826,882,875,825,707,556,367,143,80,304,504,672,793,868,883,842,746,602,418,212,14,230,432,602,730,812,833,809,715,592,418,226,27,177,448,522,642,717,739,714,636,525,377,208,29,145,299,432,527,587,599,571,508,408,286,153,15,112,223,317,378,415,418,393,345,281,198,118,28,57,818,189,225,250,254,243,218,183,139,94,49,7,36,65,93,111,122,129,132,135,130,126,115,103,77,41,0,47,37,149,192,224,238,223,180,114,27,74,166,240,284,292,253,174,63,53,162,236,1,0,2,3,1,2,0,0,0,1,2,122,125,105,70,17,38,96,145,177,190,178,146,94,33,36,107,166,213,241,520,231,195,138,69,9,83,159,223,274,297,302,280,240,183,102,21,72,160,236,301,345,367,360,333,280,204,113,126,97,199,291,364,411,437,433,402,345,256,156,37,86,204,314,406,473,506,515,478,420,327,212,83,52,187,310,418,503,552,573,559,510,428,318,199,45,102,247,377,490,573,627,638,619,554,461,335,187,24,148,311,464,587,674,723,730,690,614,489,334,149,43,47,422,579,709,792,833,816,753,635,483,10
64,1,866,831,745,589,405,189,39,266,480,1116,796,877,900,858,756,601,412,193,35,264,473,643,772,841,857,811,720,572,386,172,45,259,450,600,718,784,791,406,637,492,313,117,75,269,430,562,641,667,655,587,492,361,209,50,106,250,365,450,498,503,478,423,340,234,123,4,104,195,265,313,342,336,319,795,208,142,70,3,61,110,150,175,185,181,171,160,138,108,82,49,19,7,33,56,84,107,131,150,168,172,163,782,101,40,24,98,173,229,267,267,233,168,71,36,142,228,282,285,238,147,30,1,1,2,1,2,1,0,0,0,0,0,119,102,64,11,45,101,147,173,182,168,130,70,4,66,133,185,222,238,232,468,148,79,4,76,152,212,261,285,292,266,229,164,85,1,89,171,249,307,344,353,338,297,233,148,54,49,152,107,333,388,422,421,390,341,259,160,43,80,199,302,394,456,486,488,458,393,300,179,48,89,222,343,441,515,554,553,521,452,354,227,89,54,201,523,460,542,604,613,594,535,445,318,175,13,151,307,450,568,658,699,699,651,564,432,276,96,92,285,465,611,726,641,808,765,674,535,363,156,55,271,466,6
171,44,892,899,824,675,473,236,18,264,482,227,741,757,691,539,317,41,275,614,952,1258,1509,1687,1775,1776,1691,1532,1319,1059,768,464,170,90,302,449,535,545,484,1000,207,29,142,287,394,442,425,344,201,1,242,509,778,1028,1238,1408,1517,1560,1528,1434,1289,1112,915,702,491,288,103,47,166,247,290,299,288,261,228,102,183,186,210,257,314,385,460,544,625,696,747,788,815,824,810,778,728,664,591,501,404,289,155,11,146,309,472,1312,755,857,923,947,928,862,766,653,532,430,359,333,349,394,451,503,516,481,388,1,2,1,1,1,4,0,4,5,3,5,61,45,18,15,45,66,68,57,30,3,18,31,26,6,68,155,270,397,528,519,772,864,923,941,923,863,766,644,504,358,208,68,49,134,186,201,192,156,96,27,43,105,150,172,164,122,47,342,197,350,508,663,802,919,1001,1042,1035,980,882,735,555,361,165,23,188,317,407,447,446,397,310,195,61,81,216,334,421,465,472,432,342,215,43,347,349,544,720,863,965,1020,1022,971,871,722,538,328,104,116,313,476,592,647,647,574,443,261,38,210,466,704,912,962,1163,1182,1129,1005,816,583,313,33,233,32
39,27,93,142,366,558,701,784,796,739,617,517,221,14,251,461,630,742,791,768,680,529,330,104,128,349,535,670,752,761,703,583,409,201,18,236,426,573,672,213,672,577,424,243,47,149,328,471,567,602,582,509,393,249,89,78,226,352,439,475,465,413,330,224,101,22,136,233,302,335,340,318,263,193,110,227,59,124,175,204,214,208,182,142,99,49,5,32,66,93,111,122,126,123,114,101,85,61,31,6,51,95,134,454,183,183,160,111,41,42,130,204,247,254,215,138,35,78,177,243,256,213,123,2,0,0,2,1,0,0,1,3,0,1,110,95,59,6,50,103,143,161,154,123,70,3,68,132,180,207,207,182,133,221,14,90,162,212,240,246,223,177,113,30,58,141,213,266,292,293,264,208,128,34,66,160,243,306,341,347,320,241,173,70,43,152,252,333,385,407,392,337,252,139,6,124,246,350,421,459,457,414,330,222,86,58,198,321,420,480,502,485,426,329,203,55,98,389,378,476,539,554,525,454,345,202,39,131,293,431,537,604,619,584,497,366,202,16,177,354,509,624,688,695,643,542,369,174,39,252,449,613,725,770,751,1
53,28,468,665,814,904,943,915,835,687,507,229,40,201,433,633,787,893,939,925,847,717,533,322,88,155,381,575,732,839,889,875,815,683,523,316,98,110,329,341,658,759,795,778,715,596,445,266,68,120,299,443,552,618,648,626,559,465,333,185,36,108,233,338,414,458,465,435,380,305,223,123,27,70,152,1054,260,277,281,267,237,196,147,91,40,8,49,89,116,137,149,151,149,143,134,123,110,87,63,29,14,58,107,311,198,227,239,226,182,115,25,74,176,254,300,309,271,192,77,51,164,250,287,2,2,0,1,0,1,2,0,0,0,1,125,138,128,101,51,9,74,129,175,202,202,182,139,75,5,72,143,200,243,512,262,233,185,116,35,44,130,204,270,307,327,315,284,229,149,61,33,130,217,294,350,386,391,373,325,251,158,141,62,175,279,363,425,461,467,443,393,304,199,76,62,191,313,417,495,536,550,518,462,364,249,110,31,177,313,431,525,584,609,595,545,463,342,222,48,105,262,401,520,610,667,676,657,583,481,344,182,3,178,354,513,638,723,773,771,723,632,490,313,115,94,104,492,652,780,858,884,850,762,626,448,13
241,37,1451,1469,1384,1183,926,583,215,181,571,1617,1202,1400,1508,1500,1391,1185,908,570,183,205,583,917,1174,1353,1430,1413,1307,1108,839,504,141,241,589,879,1124,1274,1338,561,1160,950,667,351,28,310,596,845,1017,1102,1121,1040,902,697,452,187,85,335,548,705,803,841,817,743,614,447,261,68,114,277,404,507,558,565,541,1440,371,266,144,32,74,161,237,282,311,308,297,271,238,194,147,93,43,2,43,82,134,177,219,259,282,288,275,1296,171,74,32,155,283,382,449,450,400,289,125,57,242,388,479,484,402,249,47,5,2,0,2,4,1,0,0,5,1,0,202,210,176,115,23,72,171,248,304,320,295,226,134,26,97,205,308,379,410,841,360,275,169,39,100,222,347,434,491,505,479,411,312,184,38,113,269,401,510,581,614,600,540,434,298,132,48,32,408,542,650,713,723,700,612,482,317,111,98,309,504,662,769,841,852,802,689,533,333,104,134,367,580,749,878,941,953,900,787,609,404,163,96,584,588,775,930,1019,1055,1014,923,755,540,290,11,266,542,786,990,1124,1198,1180,1097,929,710,430,125,211,543,836,1090,971,1363,1354,1266,1094,857,539,196,178,540,31
20,13,20,4,39,65,95,109,137,149,165,325,157,142,115,89,50,15,35,65,105,137,163,178,180,178,162,132,100,66,22,14,57,93,130,144,166,165,169,374,122,87,54,19,16,50,84,105,116,127,125,118,99,81,52,21,0,25,50,71,85,92,90,87,70,55,33,1,22,43,60,71,78,61,53,3,26,3,15,37,54,62,58,59,53,40,16,7,23,41,63,68,75,58,55,27,3,26,45,64,78,88,70,120,18,0,26,52,70,75,66,54,28,3,27,50,65,64,47,30,0,27,39,1,1,6,3,1,0,1,1,1,2,0,236,273,230,114,40,185,294,358,348,282,160,14,139,273,376,427,421,366,270,344,12,157,287,389,457,467,426,350,253,126,9,142,261,357,422,450,453,412,349,253,145,25,85,195,294,361,413,623,431,400,344,262,162,73,49,146,250,323,387,419,437,418,379,313,235,138,38,67,170,262,328,389,414,431,397,348,284,199,109,12,70,184,243,253,337,348,340,314,276,216,154,73,18,49,109,156,189,217,231,228,200,189,154,123,84,53,28,0,39,55,79,12,106,117,122,116,115,105,109,104,94,0
16,11,217,380,530,659,760,832,877,883,861,1122,709,590,447,285,116,56,230,392,543,670,770,832,862,852,816,747,655,537,396,237,68,100,255,401,530,634,713,53,772,753,699,618,522,396,259,121,22,157,282,391,478,542,583,599,581,545,484,401,312,214,114,18,82,167,241,294,335,359,370,361,344,313,272,512,161,102,47,5,51,90,124,146,161,170,173,170,164,154,142,128,112,100,85,73,55,34,12,15,45,77,114,322,182,210,225,231,218,178,124,51,30,113,190,253,288,294,267,203,114,12,89,3,2,0,0,1,0,1,2,1,0,2,112,92,57,15,34,80,124,159,181,191,181,155,118,69,15,42,100,155,198,425,254,257,248,227,188,143,86,22,39,104,167,221,268,302,321,327,323,301,263,214,153,82,7,71,146,219,287,174,389,414,425,418,393,352,293,223,146,56,34,130,223,308,382,445,489,512,519,501,468,413,340,254,155,50,55,160,261,355,440,507,559,590,596,812,553,496,422,334,234,122,4,119,236,350,456,541,613,663,691,693,672,624,555,461,348,222,85,62,209,350,485,395,695,765,805,819,805,758,681,576,444,4
79,14,811,869,864,794,674,507,306,83,150,730,571,728,840,883,870,797,672,504,298,72,157,373,561,705,803,844,830,756,633,461,262,45,169,365,540,669,752,188,749,665,533,367,186,12,201,368,504,596,644,640,594,508,393,250,95,60,205,326,412,466,486,468,423,344,249,141,30,71,158,236,290,320,327,1044,260,209,149,83,21,39,91,129,156,167,171,171,157,136,114,85,59,34,9,16,42,74,101,133,157,176,180,816,144,99,40,32,113,186,244,271,265,223,144,43,68,171,250,286,271,207,102,1,1,0,1,0,1,2,0,1,1,2,118,130,116,84,35,21,82,131,171,192,184,154,108,45,25,95,159,210,239,519,229,190,132,60,17,94,170,231,277,297,297,269,221,154,70,16,108,192,265,322,355,361,341,294,226,137,35,64,181,276,353,404,429,427,395,335,250,143,23,100,224,330,417,478,508,500,457,380,278,152,15,124,257,374,468,530,564,558,515,435,330,203,55,202,245,377,487,564,611,622,597,524,422,288,132,32,201,360,502,611,683,708,694,633,526,386,219,27,170,358,529,471,766,805,796,736,627,468,282,70,145,10
65,22,671,797,864,880,833,724,576,375,155,297,308,513,686,814,877,877,828,722,563,376,155,77,296,498,661,771,844,849,795,681,528,325,127,89,297,474,625,15,766,758,688,571,433,250,62,125,302,444,553,613,635,603,538,436,302,155,2,143,264,363,434,467,470,431,372,282,181,78,19,118,195,255,297,1162,294,266,223,173,113,50,5,58,99,125,144,158,162,158,145,126,106,85,63,39,11,20,54,88,130,156,181,732,191,163,130,68,13,98,181,240,276,280,236,159,56,58,167,250,282,265,192,1,2,1,0,0,0,0,0,0,1,1,104,129,132,112,73,20,39,100,149,184,197,181,150,97,33,37,106,169,219,468,252,232,192,132,54,18,101,173,240,280,305,301,275,231,158,78,13,108,195,269,329,363,368,356,309,235,149,129,65,171,271,348,405,444,440,411,360,267,166,46,90,213,323,416,483,512,516,470,405,302,179,42,97,237,359,460,531,565,569,535,464,367,236,69,60,208,353,468,560,614,639,614,561,461,334,183,17,155,323,471,597,676,719,715,665,578,445,276,87,112,310,288,636,742,807,812,769,672,534,350,148,11
18,13,691,862,843,634,288,121,503,776,890,1132,535,158,257,611,830,874,726,427,23,380,694,862,834,618,272,126,489,745,844,761,507,139,246,564,758,790,641,643,11,365,611,728,695,490,184,153,442,614,655,545,314,26,257,472,569,553,400,172,77,297,438,479,412,252,51,143,296,375,370,287,147,14,159,1179,295,264,182,72,40,136,197,212,180,113,36,32,93,133,143,132,104,58,5,49,97,135,150,136,93,25,64,274,200,202,156,63,65,192,262,251,163,17,143,265,292,214,63,114,245,278,196,0,2,1,0,0,0,0,1,1,1,2,30,103,139,123,61,26,112,168,171,122,29,78,169,217,199,126,12,110,206,496,232,149,28,105,212,274,266,192,67,76,210,293,313,255,132,20,171,289,347,323,222,68,108,268,367,387,324,214,9,200,352,429,409,305,122,90,288,426,480,423,265,49,180,378,494,508,409,219,25,265,451,544,514,380,159,94,334,511,577,518,349,105,168,634,572,612,524,324,59,224,471,620,634,521,297,6,298,548,683,675,518,259,64,384,626,743,703,510,199,161,494,531,805,715,473,124,257,595,808,852,705,3
37,22,711,547,342,112,129,359,569,734,870,1404,945,891,776,613,405,174,65,297,518,699,829,906,920,867,762,612,425,209,19,247,456,628,757,823,848,815,723,623,406,199,16,219,400,555,664,727,735,683,595,462,312,142,28,191,333,449,525,555,549,504,436,338,219,92,30,142,236,309,354,379,373,342,295,511,146,72,7,72,130,172,201,212,208,193,172,147,117,83,50,18,9,35,61,84,111,132,152,169,176,171,153,733,68,3,67,140,211,260,283,273,221,145,38,73,182,264,306,298,236,135,7,2,1,0,0,1,0,0,0,1,1,0,16,39,92,138,163,164,145,104,47,19,90,153,199,223,230,207,164,107,34,25,122,192,247,281,288,277,237,179,108,22,67,152,231,293,333,349,341,310,252,175,82,18,121,222,305,373,417,317,417,366,295,201,89,26,152,266,372,443,497,510,491,441,352,250,121,12,152,285,404,493,552,580,566,522,435,322,192,45,110,258,390,502,583,890,643,610,540,433,305,156,4,174,334,474,593,670,719,717,675,586,453,296,119,71,259,438,593,718,798,828,810,696,612,444,250,30,189,405,598,754,863,1
34,36,215,413,572,684,742,741,687,565,408,174,3,214,409,566,678,740,741,683,569,405,216,4,201,394,541,652,712,711,655,538,384,194,2,194,373,509,610,154,643,579,462,311,148,34,203,355,469,535,562,527,463,354,228,85,59,194,306,382,422,427,392,332,244,142,36,66,155,226,274,299,298,273,230,344,93,25,40,95,136,166,178,177,163,134,105,72,40,4,22,48,70,86,101,109,118,120,118,104,80,49,7,163,91,140,178,199,199,167,105,25,62,148,211,249,243,192,109,1,102,186,224,2,0,0,0,2,1,0,1,0,0,0,71,103,117,110,84,41,11,67,115,152,167,159,129,79,19,42,105,157,194,391,203,174,124,59,15,84,151,203,240,252,245,210,155,86,4,75,154,219,272,298,299,272,224,153,65,30,124,109,291,337,358,352,311,252,163,57,52,162,261,339,393,415,398,359,284,182,68,58,184,291,382,442,464,452,403,321,219,96,39,172,294,399,467,704,509,467,392,285,157,14,132,273,392,486,551,567,544,477,373,239,80,81,242,388,510,594,640,625,569,464,315,244,44,226,396,541,647,705,708,651,545,13
63,39,399,614,775,881,936,926,861,727,554,322,95,147,381,590,755,868,929,929,861,744,570,365,133,117,343,545,710,822,885,877,825,699,542,341,125,88,306,353,648,752,793,779,720,600,450,275,81,108,285,434,548,620,647,629,559,464,330,182,34,112,231,336,413,457,466,436,380,302,218,117,19,74,156,1072,259,278,283,268,237,194,141,87,34,15,57,94,121,142,150,151,149,141,133,118,103,81,54,21,24,69,115,358,207,228,234,216,169,91,0,95,193,267,308,305,256,170,49,75,187,265,289,0,0,1,0,0,0,1,0,0,0,0,109,135,142,126,88,32,30,93,150,192,212,203,175,123,57,19,94,161,218,467,272,261,225,169,96,21,70,151,226,280,319,325,314,274,208,131,39,56,152,243,315,369,394,398,369,310,231,190,17,100,213,309,387,445,475,476,443,367,276,159,23,113,244,362,459,521,555,544,507,430,322,192,50,100,244,376,482,562,606,611,581,514,407,331,128,26,189,334,464,571,647,679,677,620,533,408,257,79,101,281,451,589,691,760,775,748,674,548,387,190,17,35,431,602,742,834,878,862,796,672,511,11
140,35,689,770,798,755,673,537,374,174,38,497,433,593,716,785,803,757,665,534,359,160,48,247,427,581,693,752,765,721,626,485,321,127,66,252,422,551,647,155,686,632,532,394,239,62,112,273,406,504,566,580,559,494,401,279,142,4,132,251,339,399,429,426,396,337,258,165,67,28,112,188,243,276,291,927,248,205,150,93,37,14,63,101,129,144,152,155,145,129,110,87,65,42,19,5,28,54,82,112,137,156,163,675,139,101,52,9,83,151,207,238,244,215,153,66,37,132,209,252,249,199,111,1,1,0,0,1,2,0,1,1,2,1,98,117,116,97,60,11,46,100,144,171,176,159,125,74,15,50,114,165,205,417,225,200,156,98,28,40,114,178,232,264,280,267,235,183,110,33,52,133,206,266,309,331,327,300,250,177,92,69,106,198,282,339,380,397,382,343,281,191,89,24,142,248,340,409,452,460,442,385,309,207,86,39,165,280,379,452,499,512,490,437,357,252,126,56,144,268,383,471,533,561,558,511,437,330,203,60,92,242,380,496,583,631,640,606,533,422,290,121,56,232,399,370,650,710,732,696,623,500,351,171,16,16
57,0,854,797,684,524,327,106,118,334,537,1163,821,888,896,843,734,584,392,178,53,276,482,648,766,836,850,813,730,592,423,214,3,219,409,568,697,768,791,354,674,546,385,197,11,182,354,497,594,648,657,621,549,438,309,157,3,148,281,383,453,486,495,462,403,315,214,102,4,103,183,254,302,327,327,1016,258,209,143,79,19,36,88,125,155,170,174,174,163,142,120,91,65,41,18,6,32,62,92,126,154,177,188,812,165,126,72,4,76,152,221,267,281,259,195,109,3,112,211,272,282,248,167,1,0,0,1,0,1,0,0,1,0,0,59,10,43,94,136,160,164,143,107,53,8,76,138,185,216,224,210,176,122,226,16,90,164,223,263,282,276,247,206,138,61,21,109,186,253,305,337,346,326,282,213,130,37,61,155,247,322,229,413,413,388,335,252,162,46,67,186,290,380,445,481,484,455,402,316,209,85,49,181,302,404,485,534,550,533,480,398,292,157,15,126,264,385,731,566,601,606,572,509,410,286,135,19,178,330,460,572,648,689,686,642,556,436,284,109,74,258,430,580,695,773,665,781,703,583,421,232,27,185,391,570,6
100,4,122,131,135,147,148,147,158,130,116,186,75,53,24,7,41,66,99,122,146,161,170,184,185,177,172,145,114,90,63,33,0,38,67,89,125,137,153,68,162,158,145,128,110,94,60,35,10,26,47,69,83,97,109,115,116,108,96,81,63,41,15,9,37,38,48,67,66,75,70,61,60,39,27,71,6,25,35,46,56,58,64,46,47,32,18,0,20,35,48,58,70,77,55,56,38,20,0,13,40,64,73,427,80,66,49,22,0,17,50,63,67,76,61,46,27,0,27,43,54,49,33,1,0,3,2,1,0,2,0,3,5,0,113,20,160,273,333,324,274,170,50,89,214,319,389,417,400,362,268,158,33,225,219,321,405,452,472,444,399,329,234,129,14,92,195,290,364,408,447,451,439,408,357,293,214,116,37,57,150,412,298,350,394,424,436,436,407,376,325,257,183,100,18,61,125,228,286,337,388,412,430,426,409,368,324,266,197,130,51,25,105,176,235,284,319,523,358,356,339,313,275,227,179,127,70,22,28,74,109,143,167,189,204,198,191,183,170,155,145,121,117,108,78,947,41,21,9,2,10,25,34,43,66,4
21,21,184,408,599,750,846,880,866,771,635,500,221,15,252,475,651,788,867,878,833,725,563,370,146,99,318,518,684,787,841,828,755,617,453,250,37,168,373,301,668,746,752,702,619,472,303,114,73,249,403,516,592,618,604,541,430,304,148,3,143,265,359,423,454,445,411,345,255,154,52,53,144,220,272,1200,290,273,236,193,140,77,21,34,84,117,143,161,160,157,145,127,105,88,64,40,11,23,58,93,134,162,184,769,182,150,109,46,38,119,198,250,274,268,213,125,15,99,200,267,284,248,160,0,2,0,1,1,0,1,0,0,0,1,62,14,44,98,139,163,163,139,96,34,33,103,164,202,222,218,189,143,73,106,83,156,218,257,275,272,235,182,114,31,52,138,218,275,313,328,318,282,223,139,44,56,158,254,325,375,402,305,363,292,203,100,17,137,249,348,424,459,478,452,388,301,181,55,77,209,330,425,502,535,530,491,414,306,177,30,116,254,381,481,550,592,582,732,459,342,200,45,116,267,408,522,609,650,657,608,528,404,250,74,112,286,446,581,678,738,749,699,605,463,284,225,123,327,511,668,776,835,839,780,667,5
69,3,855,871,815,695,519,301,61,182,421,1066,778,872,900,852,735,569,358,121,128,366,571,730,831,859,826,728,586,389,165,75,303,503,658,753,798,783,696,589,370,162,55,259,438,579,667,701,673,583,462,296,124,52,219,367,468,539,553,525,451,348,227,95,39,164,266,339,381,390,366,319,252,164,75,441,97,158,208,235,246,233,205,165,116,68,23,18,55,89,113,129,136,139,136,133,123,103,77,44,0,46,103,294,193,218,219,197,155,79,14,115,202,266,290,268,204,103,15,138,228,276,262,1,0,0,0,1,0,0,0,0,1,2,78,29,29,86,132,163,167,147,100,39,30,98,157,202,222,217,182,132,57,75,100,172,231,264,272,258,211,148,68,19,110,192,262,309,328,321,288,228,145,45,61,165,255,329,376,392,381,305,257,158,42,74,191,298,383,440,468,448,404,317,200,70,70,206,328,426,498,525,518,464,377,259,116,31,183,318,433,519,567,571,536,468,349,234,53,108,268,403,518,596,634,623,569,468,338,178,1,180,353,506,625,694,721,688,607,481,315,114,98,304,494,451,757,808,799,729,605,430,226,6,241,8
17,19,284,60,168,388,581,735,843,883,883,1129,684,510,298,66,165,383,578,730,831,879,864,792,661,478,275,50,169,375,562,707,795,821,800,712,589,429,231,623,185,373,529,641,710,719,682,598,471,311,139,38,203,350,466,547,576,572,519,431,321,189,62,68,187,284,356,393,398,382,342,279,204,117,31,576,120,175,218,240,245,229,205,168,125,80,34,5,39,73,95,113,124,130,135,135,134,127,111,91,55,14,32,6,139,187,224,239,228,186,117,28,75,172,250,292,293,249,163,46,75,178,246,0,1,0,3,0,1,2,0,0,0,1,21,28,80,126,153,157,141,104,52,14,82,142,190,216,220,198,156,104,25,11,124,189,240,269,272,256,213,157,81,1,86,168,239,292,323,329,310,268,206,123,31,67,163,255,328,376,402,313,366,302,214,112,1,113,229,326,406,454,482,467,418,339,235,118,13,145,272,377,465,518,540,526,472,390,277,144,3,139,277,402,498,565,592,816,549,465,353,216,67,89,242,385,511,596,656,668,643,572,464,323,153,26,202,376,525,645,727,763,752,685,578,483,245,37,171,375,553,699,806,860,857,8
55,3,87,106,121,130,144,148,159,146,133,226,94,65,33,0,37,62,112,134,158,164,176,177,172,154,127,105,76,41,9,52,88,114,135,154,169,168,162,367,119,89,62,29,0,36,62,92,115,126,132,129,119,102,87,55,32,3,19,40,59,73,86,88,84,76,65,50,28,5,18,34,53,64,60,89,53,43,32,18,3,21,40,50,53,59,60,49,33,13,1,29,38,62,68,76,69,59,37,12,17,32,50,434,71,77,66,51,25,6,38,52,70,72,62,43,22,6,31,50,53,50,29,7,2,1,2,3,1,3,4,2,5,0,257,249,159,20,131,252,333,355,322,237,114,25,167,291,383,431,421,381,287,331,27,113,246,352,426,455,456,417,349,254,137,12,116,227,328,389,443,450,439,397,335,254,159,50,44,142,242,200,384,424,438,435,402,365,287,209,112,18,82,169,254,323,389,418,431,421,392,345,282,200,108,11,76,170,244,309,356,388,398,392,352,306,253,714,109,30,47,118,182,233,270,285,289,283,265,235,195,147,100,56,8,24,57,85,105,125,139,157,148,142,140,884,113,106,98,87,73,59,32,22,13,4
12,25,779,691,577,439,287,117,54,225,394,962,679,780,852,887,886,854,795,707,587,448,285,124,50,222,381,520,643,734,799,831,834,787,729,629,520,393,239,637,74,227,363,480,576,644,684,703,682,626,562,465,361,247,124,6,113,220,314,389,439,469,482,481,451,407,349,279,196,122,44,24,91,149,198,1111,259,267,266,258,236,212,184,148,112,76,42,19,13,36,57,72,85,95,104,116,128,143,152,159,163,157,148,756,95,52,2,58,124,180,236,269,279,271,228,159,72,21,114,197,253,276,261,1,1,1,0,1,0,0,0,3,0,0,102,128,141,134,115,81,38,9,62,112,153,184,209,214,203,183,142,92,35,67,87,141,192,231,258,277,279,267,248,212,159,100,35,32,101,163,224,274,317,346,365,365,340,314,267,207,136,158,21,106,187,259,325,384,426,450,469,454,431,385,320,240,145,53,42,141,237,319,403,464,511,542,547,539,506,452,385,303,205,104,1,114,221,514,420,494,560,597,619,623,608,566,511,428,335,225,106,23,148,276,394,500,590,660,712,744,750,723,668,586,482,438,221,76,79,233,388,528,660,754,827,6
1,25,170,70,308,525,701,825,885,875,804,872,472,246,1,245,468,656,791,868,879,819,696,517,297,50,191,414,602,740,821,839,792,671,509,304,84,135,352,309,665,747,753,702,608,455,277,77,121,297,449,553,614,622,583,494,367,219,57,98,235,344,419,461,465,426,356,265,156,45,60,161,237,290,315,1140,282,239,181,116,50,15,74,120,153,169,175,171,158,135,111,79,48,20,7,38,67,101,128,152,170,176,168,782,96,32,36,113,188,241,266,253,208,127,21,95,197,269,291,264,186,72,57,1,0,1,2,0,1,2,1,0,0,1,99,129,136,120,79,26,35,99,152,189,196,177,137,75,4,70,143,203,238,515,238,195,137,60,25,112,186,247,288,300,290,248,181,100,4,90,179,257,320,351,359,332,277,198,98,9,122,66,324,389,425,427,395,334,239,123,4,133,257,360,438,486,488,461,394,296,171,28,119,259,380,474,534,552,532,466,369,242,94,62,214,355,473,812,608,603,560,470,353,208,44,129,295,442,562,640,679,664,602,494,342,168,20,216,399,556,680,748,771,729,634,522,300,89,131,350,546,705,813,862,840,3
81,0,136,121,109,87,58,21,25,58,95,253,148,167,175,171,155,125,90,46,3,47,90,130,153,180,182,182,162,131,92,42,1,51,91,126,152,173,167,282,138,95,67,23,17,56,89,113,123,132,128,117,82,58,27,6,33,59,79,96,101,92,78,56,30,2,14,38,59,73,78,74,64,43,21,80,31,35,49,56,60,51,31,11,6,29,43,55,62,61,53,34,8,15,41,54,69,70,62,49,24,8,35,377,76,77,75,52,23,6,36,59,63,67,53,32,1,22,46,59,51,34,1,5,0,0,0,0,1,2,0,3,0,0,11,144,270,311,272,153,4,168,296,377,385,327,215,63,101,256,363,442,441,117,277,136,31,181,320,422,462,459,407,313,183,41,107,237,340,414,452,443,401,323,216,98,30,158,265,357,414,775,431,387,314,217,109,7,130,234,331,392,431,438,404,352,272,160,49,64,179,277,358,406,435,414,374,317,218,114,11,106,202,285,341,378,381,721,306,231,152,69,24,102,170,236,260,284,278,249,220,165,110,54,3,45,94,122,146,157,161,159,148,135,110,1031,66,33,18,8,32,45,75,97,108,0
10,13,89,266,429,578,703,797,864,886,884,1199,755,647,505,348,176,4,183,355,514,651,757,829,866,856,823,750,659,534,388,217,47,127,288,433,559,662,738,88,775,743,674,579,472,333,190,41,109,241,365,465,536,584,604,600,562,509,429,334,231,120,18,79,173,249,313,353,378,384,375,348,315,265,213,195,83,29,30,78,117,150,173,187,191,188,176,166,150,132,116,99,77,60,38,21,2,21,51,76,107,139,168,612,207,210,203,179,134,70,1,80,160,227,274,293,281,238,164,69,35,134,210,4,0,1,0,0,1,2,0,0,0,0,112,130,135,120,91,49,0,56,105,153,183,202,206,192,168,127,76,17,46,100,166,214,248,269,273,266,241,203,156,97,32,38,109,173,231,280,320,342,350,339,318,280,224,156,80,0,85,21,248,315,371,412,435,443,428,397,354,285,210,112,14,88,187,281,364,433,486,518,533,520,488,438,364,278,181,73,36,147,255,355,441,518,563,856,610,590,554,492,416,321,215,93,30,155,280,391,497,579,648,690,708,699,659,594,506,397,273,126,25,184,334,265,596,696,769,814,832,813,766,680,568,2
11,27,636,513,373,220,59,107,271,421,560,1160,779,851,891,897,868,805,719,612,482,337,176,16,150,309,456,583,690,768,818,840,829,780,713,616,509,383,234,642,71,215,348,456,554,630,676,701,691,651,594,508,415,310,198,81,33,143,244,320,385,431,460,472,465,437,397,343,279,210,137,66,3,66,123,948,200,226,241,248,246,233,216,190,164,130,101,76,51,28,6,14,32,49,62,76,92,112,131,149,167,181,188,829,171,146,111,66,8,58,128,190,244,282,291,273,226,156,65,35,129,206,252,2,1,1,0,0,0,0,1,0,0,2,102,73,33,14,59,106,142,168,184,185,169,141,104,52,2,55,111,163,205,431,255,261,253,231,197,153,97,38,21,83,146,202,250,289,314,330,336,326,300,260,213,152,86,12,62,135,211,116,339,384,414,429,430,419,389,347,291,218,141,52,41,135,228,309,380,442,489,516,532,524,498,455,394,320,236,139,41,62,166,262,349,430,498,815,594,610,609,583,542,486,414,326,225,118,1,119,233,348,452,546,626,680,716,727,717,686,634,551,451,333,200,207,86,232,370,502,619,719,797,848,871,8
37,14,696,815,898,934,936,890,805,677,530,345,158,39,238,421,588,724,831,906,933,923,866,772,641,474,299,110,75,258,433,586,714,798,849,847,820,769,665,637,373,203,27,141,294,443,560,651,700,708,694,638,562,458,339,212,72,56,183,294,381,441,481,498,494,460,406,335,254,172,92,5,77,144,200,1152,270,283,281,269,248,219,182,142,98,56,16,12,41,73,94,107,115,126,137,143,151,154,154,151,144,125,91,599,0,54,116,177,232,268,284,270,235,175,87,16,120,212,275,304,291,238,148,2,1,1,0,1,0,0,0,0,1,0,105,134,148,141,119,81,29,27,84,139,181,210,222,217,195,153,99,40,29,61,163,214,258,282,289,285,257,214,166,104,29,47,124,194,257,306,345,365,367,350,317,263,197,119,35,53,147,92,317,378,425,453,460,448,414,358,291,197,103,6,117,223,318,409,481,527,555,551,524,479,407,318,211,99,22,140,255,364,463,536,593,628,625,835,566,490,397,286,166,35,99,236,363,474,573,649,704,724,724,689,618,523,413,277,124,38,201,364,510,635,744,642,852,854,815,744,647,509,353,178,5,4
61,4,780,664,504,306,88,136,355,544,716,1293,891,892,837,729,567,370,151,72,294,494,661,783,854,861,816,719,580,400,197,21,233,426,588,698,775,799,763,501,547,376,186,7,195,367,507,612,667,672,637,554,440,301,147,12,162,295,399,469,502,500,470,409,324,216,107,10,113,201,269,316,342,337,317,786,211,148,79,12,48,101,143,169,182,185,175,161,144,117,92,65,37,11,17,43,70,97,125,150,167,176,175,786,125,74,14,58,137,203,255,277,262,215,131,28,84,183,257,289,270,204,97,0,2,1,1,1,1,1,0,0,0,1,27,25,77,123,151,159,146,113,63,0,65,127,177,208,222,207,174,126,60,90,92,160,217,256,271,270,241,198,138,61,24,108,189,255,302,328,334,314,272,205,126,33,63,161,247,325,377,286,409,377,323,246,147,42,72,185,294,376,445,478,482,449,386,302,192,75,54,185,306,410,486,536,546,529,471,381,274,146,3,140,276,399,499,810,609,604,567,491,389,263,119,38,196,342,475,576,652,685,683,632,540,412,261,86,93,272,440,587,701,773,794,686,689,561,400,208,4,207,405,587,727,5
41,34,306,461,590,681,739,752,727,655,554,490,255,82,98,269,426,558,661,724,752,733,667,564,434,274,107,63,229,382,513,613,680,695,683,619,531,417,274,524,45,200,339,453,535,589,602,582,524,433,329,200,71,58,178,284,369,427,457,454,427,374,305,223,134,38,53,130,199,250,285,301,301,277,246,519,146,91,33,18,63,101,129,149,158,160,152,138,123,102,82,60,43,23,4,16,39,60,86,107,130,148,157,661,142,119,82,26,34,103,166,212,236,236,202,144,64,25,114,186,231,236,198,1,0,1,0,1,0,0,2,0,2,1,48,82,112,123,119,99,64,19,29,82,125,157,179,178,164,135,88,35,23,62,138,179,211,229,226,209,177,130,74,9,57,123,181,229,265,277,283,264,228,178,117,45,32,109,181,247,299,222,350,342,319,271,211,134,47,42,134,218,295,354,395,412,403,378,330,260,180,77,26,131,232,322,390,441,471,469,449,404,334,246,142,28,85,322,303,388,457,503,526,518,491,432,354,253,137,11,119,246,364,464,545,592,610,596,553,478,379,250,108,42,198,171,470,572,649,690,701,667,602,496,367,13
23,35,210,27,252,462,645,792,897,938,940,1192,755,588,388,165,64,295,503,679,816,904,939,908,831,684,508,306,97,119,335,527,687,788,854,849,807,722,582,649,204,0,196,380,531,648,721,746,719,641,537,393,235,68,96,245,376,478,544,567,552,503,431,335,224,102,14,123,217,289,341,369,377,354,317,640,186,116,41,23,82,133,169,193,199,196,186,168,148,116,89,62,40,15,15,41,72,100,129,154,174,188,189,811,147,102,41,28,108,183,250,286,287,264,193,94,21,133,227,288,303,263,176,0,0,0,0,0,2,3,0,0,1,0,123,105,64,14,47,104,150,183,192,183,148,95,29,44,109,175,221,250,257,511,208,152,83,7,77,149,216,266,305,317,310,270,219,148,65,25,117,202,278,337,374,388,373,341,278,201,105,101,110,216,308,385,436,463,464,438,387,300,205,82,45,175,293,393,476,527,553,536,498,422,321,196,60,77,217,344,452,537,590,614,604,559,477,454,236,91,60,210,353,478,583,652,692,688,651,571,462,317,155,17,201,367,515,641,733,786,801,757,675,549,389,317,5,200,397,579,730,837,903,908,867,14
38,18,532,715,836,884,864,774,625,416,184,296,323,542,725,842,888,865,772,624,418,181,71,311,525,692,800,849,834,739,591,389,163,75,304,501,656,758,793,360,661,514,320,107,102,305,472,597,667,671,628,524,389,224,50,125,282,410,492,532,520,463,379,268,140,6,118,223,307,355,370,362,320,252,175,38,4,76,142,188,216,228,221,195,161,114,70,26,13,50,78,102,120,129,134,138,132,125,105,77,38,9,64,112,170,211,226,218,184,113,21,78,172,251,288,285,228,136,14,112,213,270,265,1,1,0,4,1,2,0,0,0,0,1,110,133,130,102,57,3,69,125,167,193,184,154,101,30,44,119,179,227,245,504,200,143,68,19,104,181,241,279,293,277,240,169,84,6,104,193,266,321,349,339,307,244,157,56,57,163,264,194,398,420,402,353,269,170,45,85,214,322,412,466,484,459,395,303,185,44,100,239,365,461,521,539,516,455,352,221,73,83,237,373,482,566,593,802,531,432,300,139,30,199,358,492,595,647,662,617,532,398,235,46,153,338,502,634,716,745,720,636,499,321,113,64,326,519,676,784,833,815,736,594,406,10
61,64,204,141,473,785,1051,1260,1425,1491,1512,2016,1272,1057,773,457,118,230,562,859,1113,1317,1439,1480,1445,1315,1138,901,625,319,4,338,640,895,1118,1248,1335,1345,1280,842,930,680,396,106,178,459,700,905,1043,1106,1114,1053,949,795,601,386,145,77,293,476,618,724,783,794,771,692,585,454,305,152,6,141,268,363,446,1970,489,475,435,380,311,239,158,85,8,62,116,163,199,220,235,236,238,232,224,213,194,178,146,108,54,13,91,43,254,329,391,413,412,352,251,126,28,183,327,440,499,493,417,286,102,88,261,2,1,6,2,2,1,0,0,3,0,3,156,206,237,226,195,130,42,49,150,238,301,338,350,320,265,189,83,28,139,309,342,408,449,455,431,369,288,181,64,63,190,306,411,489,541,560,553,503,429,325,194,55,99,245,382,509,608,442,704,690,635,551,432,284,121,53,225,396,550,675,768,820,823,794,717,599,459,267,70,128,337,524,683,814,900,945,944,902,803,671,498,296,84,293,361,561,741,886,997,1055,1074,1029,949,800,620,408,169,78,335,583,815,995,1133,1215,1238,1209,1123,965,760,509,223,202,366,655,911,1132,1303,1404,1444,1394,1284,13
386,164,91,37,141,132,287,119,254,126,250,215,16,212,101,241,59,184,51,423,199,10,108,131,194,79,237,272,286,13,11,24,351,101,188,297,225,191,478,10,77,114,209,40,276,146,153,258,20,355,106,163,59,30,247,197,111,178,61,127,226,42,77,327,20,203,221,226,48,154,131,181,30,28,185,244,171,223,70,73,174,138,136,230,84,157,10,15,63,82,73,98,0,87,37,151,217,116,106,140,223,214,100,39,59,47,0,161,119,64,99,220,33,84,105,128,0,207,33,23,95,13,130,68,29,32,31,31,85,26,81,104,7,43,70,154,205,167,114,20,242,353,470,478,397,264,11,140,288,417,402,388,276,82,77,195,320,387,476,478,453,461,438,414,392,333,301,236,234,207,238,228,336,320,445,551,579,637,596,594,519,295,243,149,62,11,4,111,148,203,302,92,214,71,357,445,481,478,429,331,233,169,7,199,187,275,371,459,527,510,516,577,537,530,546,461,441,381,240,72,45,156,257,388,327,254,149,42,124,296,424,433,410,337,127,69,312,604,895,1104,1282,1273,1234,1128,917,809,456,171,140,320,394,100,33,159,6,161
93,6,671,470,155,202,512,713,752,623,357,135,345,619,752,719,523,209,148,470,687,747,637,387,51,296,568,712,693,518,228,111,420,630,692,597,368,63,257,157,642,627,461,198,102,374,549,598,503,297,36,229,429,525,500,359,142,94,298,421,442,362,206,13,173,309,365,337,234,89,63,195,273,287,236,213,17,96,177,215,203,148,67,18,91,137,152,138,100,48,8,61,97,116,116,99,65,18,36,91,135,150,129,532,10,103,174,204,176,88,34,154,230,232,154,18,125,226,243,164,21,125,214,2,0,0,1,0,1,0,0,1,0,0,30,89,118,100,42,33,106,147,139,88,2,88,159,183,152,79,23,127,194,420,175,83,31,141,215,238,198,107,11,134,231,268,241,152,26,110,223,288,286,214,88,62,203,300,327,281,168,88,157,290,359,348,252,101,81,251,364,402,346,209,19,177,334,421,410,308,135,74,272,411,459,407,258,51,169,354,464,475,380,202,24,250,420,708,482,348,140,105,327,486,539,476,308,71,188,411,550,573,467,260,12,285,501,612,586,437,186,115,397,599,674,562,388,88,234,512,679,702,564,297,38,7
32,5,541,763,904,939,876,714,468,176,136,852,692,862,944,922,792,578,301,7,311,587,789,904,917,823,639,393,109,188,468,692,835,870,820,669,456,198,88,532,579,736,792,768,658,464,230,27,269,462,605,668,663,577,430,243,27,175,350,473,534,529,466,359,216,52,99,234,333,386,399,365,293,197,84,537,123,197,248,267,252,216,159,93,26,39,88,127,153,160,155,141,121,90,55,18,24,64,113,147,177,188,174,839,79,2,86,175,245,278,260,192,87,42,172,269,315,296,207,70,80,208,275,2,2,1,0,1,0,1,0,1,0,0,128,137,116,66,4,78,141,179,188,163,103,24,65,148,210,242,237,196,125,185,70,165,239,281,284,250,182,86,20,132,226,298,334,331,284,203,95,28,158,266,346,390,385,338,249,131,7,2,284,386,441,449,404,317,189,32,126,277,405,482,511,479,393,266,103,74,251,404,510,567,561,490,364,203,12,179,353,498,589,618,582,486,333,124,62,264,443,573,648,659,604,474,297,84,139,352,537,669,734,724,628,470,257,13,236,469,661,782,820,772,642,512,178,103,377,616,794,888,888,788,599,1
70,3,121,105,86,77,60,45,20,0,31,124,78,109,131,148,163,189,191,187,179,170,159,133,115,86,53,22,8,23,63,86,114,129,151,166,173,159,161,335,135,121,95,76,49,26,13,35,57,79,94,104,110,112,104,112,103,87,78,60,39,16,3,23,40,49,59,70,73,74,69,59,51,44,21,77,6,22,34,45,56,57,55,49,40,39,22,8,9,26,37,56,58,63,65,64,54,40,21,0,21,44,59,442,75,76,71,52,27,5,11,39,51,65,65,66,53,32,9,13,31,50,49,2,2,2,2,1,0,4,1,2,1,1,175,63,77,207,305,343,337,283,196,75,55,174,287,370,423,425,401,347,257,363,27,96,214,318,392,440,471,471,433,386,311,223,126,25,78,168,259,322,383,418,439,443,438,408,374,324,244,1248,88,8,71,149,221,290,347,387,421,436,441,431,407,366,320,252,193,123,40,33,113,180,240,302,355,380,404,417,415,393,359,318,254,209,154,619,14,52,103,155,192,222,253,272,280,280,265,245,221,199,175,125,114,84,51,23,1,18,35,71,63,88,91,81,96,98,104,105,112,126,135,113,130,2
33,17,468,258,27,205,427,618,767,851,893,1241,762,617,421,194,46,278,491,671,799,867,873,816,699,523,319,95,130,348,540,690,790,818,798,707,580,415,207,614,224,413,561,663,723,717,662,558,413,240,59,120,283,420,522,579,582,554,473,362,232,92,40,164,272,354,403,416,396,352,285,199,110,13,69,867,203,236,256,254,237,201,159,109,57,5,36,69,98,122,130,139,136,132,126,114,99,77,49,16,29,75,123,406,199,214,214,188,135,56,36,126,214,276,292,267,200,100,14,136,225,276,263,0,0,3,2,0,0,2,1,0,0,1,121,106,70,18,41,97,140,170,179,166,124,65,4,75,141,190,225,240,221,455,128,55,24,105,177,235,273,285,279,243,192,113,28,62,152,229,290,329,349,335,297,231,145,48,58,160,254,167,394,418,412,375,307,222,109,13,135,250,354,426,475,488,460,405,318,204,72,68,207,329,432,505,545,547,508,431,326,196,50,102,249,379,487,821,608,603,561,474,363,228,68,99,265,408,534,618,672,679,637,555,423,265,89,103,291,461,605,706,769,772,725,615,479,292,84,136,350,541,697,813,864,5
87,2,96,122,144,146,136,111,88,51,1,113,101,140,171,182,172,142,116,66,5,52,107,150,177,182,165,148,92,38,19,74,122,157,178,176,147,116,70,447,43,94,130,146,154,135,110,76,21,21,63,97,118,118,103,79,53,12,19,53,75,89,93,77,59,32,6,26,50,68,74,65,55,32,1,108,34,55,62,56,44,19,10,21,45,60,59,53,35,8,17,40,60,75,63,49,22,8,39,63,78,72,52,64,3,38,64,75,69,48,10,15,46,67,67,52,25,8,40,51,50,28,0,3,0,0,0,1,0,4,0,0,1,0,169,270,270,163,9,182,322,366,315,189,10,175,327,411,403,316,173,18,206,21,449,462,394,260,77,94,269,407,461,454,382,255,92,82,246,358,434,457,415,322,189,39,120,255,363,432,440,1238,310,189,46,97,237,345,411,433,413,345,238,106,39,183,300,376,428,419,367,277,156,22,115,233,340,393,418,384,307,205,82,53,168,267,349,636,357,309,227,127,21,77,170,230,279,278,255,205,144,71,1,68,137,157,184,183,170,145,116,69,42,5,44,178,93,106,114,112,110,94,87,81,37,3
85,23,739,856,926,934,901,808,679,505,306,76,138,354,546,711,831,909,935,918,839,719,556,363,149,75,285,472,639,768,855,888,872,796,696,538,367,183,26,605,408,561,671,743,775,756,695,601,467,307,140,32,189,330,451,538,588,608,584,523,436,329,214,97,27,140,237,306,359,387,396,378,345,291,226,181,70,2,65,120,162,195,214,220,213,195,169,142,112,77,55,29,4,20,45,69,94,118,145,164,182,188,181,879,127,80,20,50,129,202,260,286,288,258,187,91,18,128,223,285,305,270,189,1,2,1,1,3,0,1,2,0,0,0,120,137,136,112,72,18,40,100,148,190,207,207,187,142,85,21,50,121,183,409,266,274,268,237,185,124,49,32,111,183,246,295,331,342,329,295,247,181,92,0,91,181,267,336,382,411,417,327,358,287,203,105,1,112,220,318,403,459,503,506,486,430,351,259,151,28,98,228,343,441,517,568,581,570,527,450,355,241,102,33,171,308,427,790,602,637,651,621,571,483,377,238,94,62,217,362,496,607,693,740,750,719,651,547,414,259,85,106,291,464,619,525,822,856,856,801,711,569,406,210,9,14
9,34,56,304,529,715,852,930,945,884,772,734,376,137,115,357,570,746,872,932,926,850,715,531,311,58,186,412,607,755,855,886,858,751,604,410,198,25,254,374,620,736,786,777,723,611,455,272,71,125,307,457,568,631,649,616,533,424,280,123,30,174,295,390,452,475,460,411,337,245,146,35,64,156,229,1173,299,299,281,244,197,140,81,21,36,78,114,139,155,164,161,151,135,119,100,78,52,18,18,59,106,146,179,663,214,205,174,119,37,55,151,230,287,307,280,206,102,22,141,241,295,292,231,2,1,1,1,1,0,1,0,1,0,0,65,12,48,104,147,171,169,145,100,37,35,103,168,211,234,230,203,152,79,139,86,161,225,269,293,290,257,204,133,45,47,138,222,290,332,351,342,306,249,162,63,42,147,246,327,385,421,312,392,326,238,133,10,113,236,346,433,481,506,489,436,349,230,100,44,183,315,424,514,561,569,541,471,371,241,94,59,214,359,479,567,623,631,807,531,422,283,120,45,212,373,512,619,684,708,679,608,494,347,168,27,216,398,558,686,768,804,780,702,569,401,323,20,240,448,631,778,870,904,877,789,7
61,12,831,910,943,915,852,741,597,420,225,160,189,393,575,725,839,908,938,920,854,747,600,432,238,24,176,372,541,686,796,857,885,851,790,677,538,387,198,604,184,358,506,624,706,749,754,721,649,535,408,255,100,51,197,320,426,508,555,567,549,501,437,352,252,142,34,65,152,227,289,332,359,362,348,931,259,202,139,78,23,28,73,112,138,160,172,175,175,162,152,137,120,107,88,68,44,22,10,42,81,115,154,493,212,225,224,201,160,92,11,78,170,246,296,317,297,236,141,29,88,191,257,2,0,0,1,1,1,1,0,0,2,0,32,21,75,120,154,172,170,150,112,59,2,65,125,181,220,239,243,228,194,384,80,9,63,135,198,247,281,304,307,290,256,202,137,63,20,103,185,253,315,358,378,386,367,331,275,201,115,103,83,184,272,349,407,453,475,473,450,392,331,236,125,5,113,226,330,418,489,538,565,560,527,470,381,279,160,33,93,221,339,445,533,598,629,874,618,559,481,376,260,126,13,160,300,428,541,627,695,724,730,695,629,529,406,257,97,77,246,411,562,684,780,686,858,832,769,664,531,365,184,6,198,6
36,26,511,339,156,40,236,424,590,734,845,1394,949,941,885,789,654,489,306,116,87,278,465,621,750,838,893,903,880,814,711,570,408,225,41,143,320,475,615,74,785,809,795,741,664,544,405,256,94,67,214,350,462,546,603,632,617,586,519,431,329,214,102,10,118,213,292,348,385,401,403,383,347,297,232,261,95,32,27,80,127,165,186,199,202,198,190,171,153,131,109,87,64,41,20,1,25,49,77,106,137,167,192,705,216,210,183,141,83,6,73,159,231,286,310,300,257,180,82,35,143,226,274,1,0,0,1,0,1,0,1,0,2,1,73,38,11,63,112,152,176,185,175,149,104,44,16,81,139,188,228,250,255,510,214,169,113,50,21,90,159,220,271,304,324,325,310,274,223,162,90,11,71,154,233,297,350,390,408,409,391,298,291,217,131,39,60,161,255,339,412,463,501,511,493,455,391,314,223,118,8,111,228,333,425,503,553,586,592,565,520,453,363,263,147,18,111,386,364,462,552,614,655,668,658,618,557,466,354,229,89,60,207,353,489,598,684,748,778,782,757,683,590,461,314,274,20,203,373,535,677,788,870,909,912,2
39,33,181,403,599,750,869,927,944,891,798,810,465,251,23,205,423,614,766,875,929,933,876,766,614,415,202,16,234,433,612,747,844,868,856,776,666,524,335,634,71,271,449,589,691,744,755,719,633,508,363,193,25,137,289,410,508,571,589,567,509,425,324,208,84,40,151,241,312,360,387,386,369,318,265,348,113,39,35,93,143,182,208,216,211,198,174,148,122,87,57,26,1,21,50,72,100,122,150,167,181,183,173,798,110,57,9,83,160,224,275,289,272,228,142,35,78,182,263,303,292,233,134,2,0,1,2,0,0,1,0,0,2,0,70,25,32,83,134,165,179,169,140,91,29,41,110,168,214,245,245,231,187,365,63,14,92,163,226,268,298,301,289,248,193,117,34,48,139,216,289,338,369,373,358,316,248,169,71,31,136,94,325,392,438,456,448,414,350,266,167,47,72,192,308,403,475,522,541,522,479,393,294,167,34,107,238,364,467,540,589,606,587,534,457,347,216,34,84,227,367,484,579,641,680,666,630,548,442,304,151,19,191,358,512,632,719,768,778,745,672,550,399,216,25,3,370,542,693,800,872,886,861,774,647,18
1,26,142,408,638,797,879,876,786,625,403,17,148,411,635,793,876,874,788,626,398,133,142,399,619,775,846,839,757,594,374,119,146,393,595,725,793,787,693,594,311,69,170,383,559,671,711,679,574,411,223,15,190,364,492,570,584,547,444,303,143,23,173,299,394,435,430,385,306,203,87,32,137,224,278,1217,294,259,202,131,59,13,74,126,162,179,178,164,140,109,72,37,5,26,64,94,119,141,154,157,146,120,71,430,65,135,196,239,251,215,146,49,66,173,255,293,275,202,86,46,170,253,272,2,0,0,1,2,0,0,0,0,1,1,15,72,120,145,143,113,60,6,77,141,186,201,186,142,76,4,90,164,219,496,245,209,147,64,28,122,204,263,295,291,254,185,95,8,112,207,281,332,349,323,265,179,68,51,168,276,358,261,405,368,290,183,54,82,220,337,420,462,470,419,323,195,47,107,257,387,476,522,517,465,364,223,60,106,269,405,504,566,570,518,421,279,106,175,256,411,532,600,622,588,499,353,175,20,217,400,550,650,694,674,585,446,263,45,182,393,576,703,768,763,686,561,333,99,151,393,600,757,847,846,762,10
17,34,10,230,447,634,777,865,890,842,742,720,368,137,105,341,544,712,825,879,864,787,648,467,245,3,228,439,618,746,824,835,788,666,509,310,95,122,334,349,649,731,749,712,633,492,319,131,62,243,402,518,594,616,598,531,418,290,142,16,157,281,375,433,456,444,397,323,225,120,18,84,169,237,285,1214,290,263,223,168,113,48,9,60,103,132,149,162,160,153,136,117,93,71,44,12,14,50,88,117,151,173,182,829,159,117,61,11,95,174,237,269,269,232,153,44,71,176,255,288,267,196,84,1,0,1,0,0,1,1,1,0,0,2,121,98,58,6,55,109,152,175,173,149,101,37,34,102,163,207,229,231,202,412,85,10,70,149,212,260,280,277,254,205,136,53,42,129,211,274,321,340,336,300,239,158,56,48,154,249,330,234,411,405,366,300,207,100,24,148,264,356,435,473,480,447,378,288,169,39,102,237,362,454,520,544,529,477,390,268,134,14,168,308,429,526,581,849,579,514,410,277,127,35,202,356,490,586,654,666,643,567,449,301,124,62,247,420,568,677,747,759,718,621,481,395,94,118,327,520,679,790,848,842,776,10
49,19,662,518,351,164,27,219,402,571,722,1346,915,949,942,890,803,679,529,360,167,33,231,410,577,712,813,875,899,888,839,748,629,473,302,119,63,236,407,327,666,743,779,784,761,697,599,475,331,175,24,125,263,379,477,549,592,609,590,540,466,376,278,177,70,35,128,209,282,330,365,378,377,356,319,745,210,152,91,35,20,70,108,141,158,170,176,177,172,163,155,139,122,105,86,64,45,24,5,30,64,101,142,428,213,233,242,230,196,138,67,16,108,193,261,304,316,287,222,130,18,95,190,0,1,0,2,0,0,1,0,0,2,0,64,22,29,79,123,160,178,180,164,133,87,26,39,103,157,204,236,250,249,523,201,153,97,33,38,107,172,232,280,311,325,320,302,269,216,151,84,4,76,160,240,299,353,390,408,408,392,299,297,225,138,42,54,150,243,332,403,459,503,512,500,466,406,335,249,148,40,76,192,300,398,483,541,578,592,576,544,487,406,310,201,80,49,309,303,410,507,579,630,664,674,653,606,532,431,315,187,44,102,249,390,515,621,706,764,790,793,749,679,574,448,402,131,42,219,388,550,689,801,880,915,3
45,37,423,612,755,845,887,865,796,665,499,270,70,155,373,563,718,823,878,877,816,701,542,352,139,92,301,494,652,765,832,833,790,676,537,355,157,42,249,404,573,679,732,738,702,603,477,319,140,39,211,358,476,554,599,598,553,478,368,237,100,36,160,266,350,402,426,416,380,323,254,171,82,6,88,915,212,245,260,255,238,210,165,121,72,29,13,50,79,107,122,131,134,137,137,130,123,105,89,62,21,21,71,148,174,207,231,236,210,154,79,11,111,199,262,292,282,231,138,21,96,197,252,2,1,0,1,0,1,1,2,0,0,2,121,125,105,69,16,41,99,147,179,193,180,145,95,30,38,108,167,213,241,522,232,191,136,62,16,89,167,225,274,296,299,274,233,176,96,13,80,167,242,304,347,367,360,327,272,194,100,114,111,213,302,369,418,440,430,397,335,243,139,18,109,227,332,420,483,512,515,473,408,310,189,57,78,212,335,435,514,562,572,547,493,405,289,151,9,135,280,405,511,584,632,633,605,536,430,295,144,23,191,350,496,610,689,724,721,672,586,449,287,97,99,97,473,617,736,803,831,803,722,591,428,11
76,1,912,842,702,502,267,4,257,501,704,1370,939,948,874,736,535,297,36,229,484,688,836,914,925,847,706,511,289,42,202,438,641,780,848,844,782,669,477,672,17,217,415,580,700,759,751,675,551,374,188,18,212,378,509,592,613,596,522,408,265,112,35,175,299,390,438,442,417,358,275,177,70,35,124,1038,250,274,280,264,230,180,122,59,0,57,95,127,147,158,157,149,136,121,101,81,53,16,23,65,113,156,194,738,209,185,142,73,14,113,202,265,298,290,231,127,2,122,226,295,299,248,142,0,1,1,0,0,0,0,1,0,0,0,93,47,13,77,128,167,179,164,121,62,8,81,151,204,235,235,206,154,85,139,90,170,233,274,287,276,233,166,81,8,105,195,271,323,344,337,302,240,153,43,68,177,275,352,399,414,396,293,256,148,26,98,222,331,418,472,492,465,410,306,173,29,120,261,384,483,541,557,529,458,351,211,53,107,262,399,507,581,611,588,527,427,284,105,54,224,384,510,605,661,672,626,529,392,224,39,157,347,511,648,725,755,734,650,517,339,135,89,311,513,685,620,856,843,767,629,439,212,34,282,510,5
46,19,648,465,257,30,196,413,610,762,886,1420,947,890,778,619,424,199,32,259,476,659,802,888,926,898,816,690,526,329,116,107,319,509,666,767,835,846,802,541,566,394,197,5,196,377,524,637,698,712,688,610,503,369,216,57,103,247,369,455,510,526,517,473,399,302,196,80,28,126,212,279,327,346,349,1057,275,223,160,96,32,28,81,121,152,171,178,178,171,155,138,116,92,67,44,20,6,36,72,108,145,175,200,794,202,179,140,78,3,90,180,246,293,307,274,204,105,11,129,228,287,296,252,1,0,0,1,1,0,1,1,0,0,2,118,139,133,111,64,8,53,113,161,197,208,196,165,110,47,26,99,162,219,463,271,263,235,184,112,41,41,124,198,261,305,327,329,309,259,194,112,23,69,163,248,318,368,400,402,380,333,266,167,60,50,161,263,354,425,472,499,477,440,364,265,147,15,112,241,353,452,520,563,565,534,472,379,268,134,8,149,284,410,510,584,621,626,809,533,434,310,167,18,138,292,432,554,638,699,710,690,626,526,391,228,54,127,306,470,610,723,794,823,799,730,625,459,273,70,143,353,546,706,829,905,2
43,19,722,613,482,322,152,23,204,372,532,1122,774,848,890,891,850,779,675,548,395,224,45,132,301,462,596,705,782,824,845,821,759,659,539,395,244,87,83,499,392,518,612,679,718,720,694,640,551,439,320,185,51,81,205,314,402,474,518,527,519,485,439,375,297,209,118,31,53,129,198,248,288,315,323,1125,287,255,213,177,131,85,41,2,36,68,92,111,125,134,139,138,136,133,133,128,123,120,105,89,66,35,2,219,96,145,191,225,250,254,240,193,127,50,41,133,212,265,290,279,231,151,48,3,0,0,0,0,0,1,0,0,0,0,9,52,95,130,153,161,148,122,85,36,18,76,132,178,212,229,232,215,187,395,96,37,21,84,145,197,240,273,296,296,285,255,216,161,95,27,43,113,185,250,304,342,366,378,370,345,306,242,179,98,14,72,159,244,321,386,437,462,478,466,435,383,313,234,144,45,58,159,263,351,430,492,531,552,550,525,482,422,339,241,137,21,94,346,318,411,495,555,602,628,630,606,561,493,403,299,182,50,83,220,350,465,568,649,708,743,752,725,672,590,480,436,206,48,111,275,427,566,686,782,845,3
38,0,864,870,848,781,687,560,412,240,60,364,306,466,612,728,815,861,881,863,807,722,604,461,296,113,64,236,395,534,654,745,804,817,806,748,674,577,441,635,128,36,193,336,456,561,635,682,690,660,614,537,443,330,205,79,41,157,267,348,414,456,477,479,456,411,352,279,203,123,46,29,97,158,206,1109,264,269,266,250,231,200,165,128,88,50,16,11,35,59,79,92,102,114,126,130,141,146,151,149,146,133,111,647,34,13,72,128,188,234,267,272,254,211,140,54,44,137,216,269,287,262,196,0,0,0,0,2,0,0,1,1,2,1,81,45,0,46,92,130,158,175,173,158,125,80,24,33,91,146,187,221,242,496,237,207,165,116,56,7,71,134,193,240,279,303,315,307,285,251,203,143,73,3,84,156,225,290,341,375,398,293,386,350,302,239,162,79,14,106,199,283,362,424,465,486,484,471,439,384,313,219,120,15,94,199,299,389,464,517,554,567,560,534,489,418,328,269,116,0,120,233,340,442,527,593,640,657,652,623,573,491,399,279,149,11,127,263,396,519,625,707,761,783,778,683,669,569,449,302,146,21,189,355,508,0
36,23,688,571,434,269,105,73,246,411,566,1142,794,862,893,892,845,771,667,538,383,222,43,131,298,452,593,702,789,833,849,823,768,670,564,424,278,126,39,508,349,482,584,658,704,716,705,664,587,488,375,246,114,15,141,252,347,426,480,509,514,497,464,416,348,267,182,93,5,71,141,199,247,283,303,1158,294,274,243,212,172,131,86,42,3,29,59,79,98,112,120,129,131,136,141,139,139,137,131,122,106,81,50,411,39,93,148,193,235,257,264,245,199,136,56,37,130,209,263,290,275,224,141,1,1,1,1,0,0,0,0,1,0,0,68,105,133,145,143,125,93,48,0,56,106,154,191,212,221,216,192,153,104,218,13,75,134,186,231,261,279,283,278,255,217,169,109,42,30,101,167,225,279,319,351,368,360,345,313,260,198,179,42,40,125,202,277,347,398,440,469,463,450,411,350,281,191,98,4,98,197,286,378,447,501,537,549,541,514,463,398,318,218,116,6,108,218,507,422,496,564,601,622,622,602,554,494,407,305,189,66,66,198,322,443,544,626,689,727,744,734,690,620,520,398,360,113,41,195,351,496,626,735,812,858,2
56,3,887,793,623,391,127,154,418,648,825,1402,954,887,738,528,273,4,280,533,743,878,929,908,795,606,371,112,149,398,616,779,869,870,796,644,450,225,36,472,503,670,763,789,748,629,458,249,28,185,378,529,628,660,630,551,416,259,75,103,260,379,460,497,491,430,339,221,94,32,148,244,311,345,345,976,255,185,103,20,56,119,167,197,208,200,178,151,114,74,35,2,35,65,95,119,140,156,161,156,137,101,47,345,88,158,218,257,264,229,157,54,61,173,263,314,304,237,128,9,142,243,286,1,0,2,1,2,1,0,1,1,0,0,62,114,144,149,124,74,7,61,128,180,205,203,171,111,34,50,131,198,243,504,250,208,141,54,41,133,212,275,310,311,281,215,131,29,80,182,271,337,370,365,329,258,161,46,74,195,305,235,435,438,404,335,228,103,40,185,312,413,486,511,489,418,312,179,26,136,286,415,512,563,567,520,423,291,134,37,207,366,497,583,620,612,541,550,281,104,83,266,427,558,650,683,661,581,455,290,92,117,324,509,648,737,765,730,631,476,281,50,190,421,621,584,848,860,793,662,467,229,32,295,535,2
79,12,851,784,613,348,47,267,543,749,872,1292,776,577,295,12,317,582,773,872,860,734,508,227,84,382,624,783,852,799,656,426,149,152,424,631,763,794,713,576,312,40,224,455,623,708,692,597,411,187,56,280,459,572,609,566,448,285,82,117,284,405,465,472,413,297,158,7,135,253,324,357,346,283,201,39,20,110,186,232,242,224,182,122,59,6,61,110,140,156,153,136,111,80,44,6,36,80,120,150,170,165,136,663,11,71,155,219,255,237,176,70,57,178,265,294,258,160,21,122,230,279,240,0,0,0,1,0,0,0,0,1,0,1,71,14,54,113,148,152,123,62,11,94,159,199,200,161,98,9,81,160,223,505,232,175,90,10,115,201,263,284,269,210,123,11,106,210,287,327,323,272,187,68,60,187,286,359,379,352,277,218,18,129,263,367,422,433,383,279,143,20,186,331,434,482,467,395,271,111,68,244,398,499,537,511,414,273,95,101,284,441,543,578,541,448,285,60,119,315,482,577,617,585,485,311,105,117,335,510,634,683,649,536,347,121,125,362,560,698,754,712,582,377,121,16,417,630,769,818,765,616,386,98,201,12
31,14,609,730,819,871,891,863,818,724,615,553,312,141,38,212,382,530,661,762,834,874,874,845,772,662,530,381,224,59,109,277,427,556,666,733,782,796,778,424,631,519,385,240,96,60,203,339,451,535,594,626,632,606,567,499,405,304,188,75,35,136,229,298,362,400,420,414,397,361,320,262,200,132,67,372,55,99,144,177,201,215,218,211,193,173,152,131,110,83,62,43,22,3,20,35,55,79,104,128,150,169,189,788,195,176,145,102,44,26,102,171,234,277,294,280,236,159,68,35,133,212,257,4,0,1,1,1,2,0,0,1,0,0,103,73,34,9,58,99,140,168,179,179,161,128,82,26,29,87,141,188,223,474,253,244,222,187,136,85,20,42,110,170,226,268,303,321,320,307,286,245,190,125,52,20,95,174,243,302,353,237,411,411,398,362,314,254,172,86,4,98,189,275,353,415,463,496,510,495,467,411,346,262,164,64,48,153,257,350,432,496,543,576,582,573,532,638,405,310,205,92,23,144,261,370,470,551,620,658,679,671,643,585,507,407,290,159,20,122,262,404,530,640,726,612,807,801,766,697,607,483,341,186,24,2
8,30,362,207,703,940,824,395,172,675,939,1161,430,145,665,938,849,452,116,637,916,862,468,91,608,889,833,467,67,575,868,829,479,48,546,823,794,469,36,331,791,762,442,38,482,742,702,410,35,449,676,638,361,41,412,619,578,333,33,363,532,492,274,34,316,461,428,236,26,257,382,358,207,12,216,1238,294,172,1,157,244,235,147,17,105,176,184,129,40,55,125,152,133,77,1,76,133,151,120,40,63,156,200,835,53,93,221,252,173,1,183,287,249,79,139,293,294,133,100,274,287,131,100,1,2,1,0,1,1,1,1,0,0,1,110,29,79,149,146,57,68,167,186,115,23,153,220,183,57,99,218,247,166,138,162,267,259,140,43,207,296,261,120,79,257,329,272,110,107,283,358,289,104,128,316,389,305,105,145,348,424,300,111,162,376,456,360,125,166,400,495,392,146,166,419,516,415,158,170,439,555,456,189,154,448,580,489,222,137,449,596,532,260,103,437,621,569,376,64,422,634,612,368,17,401,645,667,435,40,371,663,712,501,100,352,679,760,569,159,315,683,809,631,216,295,498,865,699,275,257,703,893,753,331,230,9
35,33,203,405,576,718,820,875,889,846,767,833,475,288,86,117,315,496,655,774,849,880,862,793,682,524,348,156,37,230,411,571,699,772,815,793,744,656,524,636,185,0,173,339,476,589,663,698,685,624,547,428,294,150,4,135,262,371,450,496,511,497,458,395,316,214,110,11,86,167,234,286,321,331,328,993,254,207,146,92,36,19,70,107,133,152,161,163,163,155,142,125,108,91,70,49,24,0,34,61,100,133,166,637,207,204,187,149,94,20,70,149,222,275,291,275,221,136,31,78,179,246,271,0,1,0,0,0,0,0,0,1,0,1,79,116,138,139,124,91,46,10,68,126,166,195,209,200,172,127,68,2,66,169,192,234,261,267,255,224,177,117,49,24,101,173,237,283,315,326,324,297,250,185,110,23,66,155,235,306,362,252,412,399,364,306,231,144,39,69,173,271,359,422,467,486,473,445,389,307,211,91,30,153,271,377,457,521,554,559,535,489,407,310,192,62,71,352,332,432,524,580,618,623,604,540,458,346,215,74,78,229,372,497,604,675,719,724,693,626,526,386,233,57,123,108,461,599,713,787,829,822,777,681,558,12
54,28,536,738,874,935,922,835,685,472,220,269,320,555,750,884,939,921,833,676,461,208,59,318,548,735,853,903,888,794,637,421,181,80,318,526,697,801,843,381,703,542,333,108,112,330,506,639,712,714,663,547,400,223,37,150,311,445,533,562,546,482,388,266,127,15,142,252,332,380,395,381,332,261,172,100,18,92,160,212,239,243,231,201,163,111,63,13,26,67,96,120,131,140,144,145,138,123,107,72,25,23,83,194,192,228,238,224,180,103,0,109,208,281,311,292,222,115,14,147,245,294,274,2,3,0,1,0,0,0,0,0,1,1,102,135,145,127,85,27,43,109,161,199,206,186,140,71,6,86,160,222,258,529,240,190,116,30,64,151,225,279,309,313,284,220,138,45,58,157,249,317,365,372,354,301,218,113,0,120,233,173,405,441,440,406,330,236,107,31,168,295,403,480,514,506,454,369,250,107,45,200,343,456,540,576,566,514,422,289,139,28,198,354,482,581,629,881,588,494,363,201,26,159,335,486,604,679,707,675,595,463,297,101,113,311,493,640,742,790,780,698,563,381,164,104,303,512,688,814,881,875,803,656,461,13
11,29,52,197,430,629,777,867,886,833,714,665,314,68,182,415,614,766,857,881,831,712,536,316,73,175,406,600,746,827,843,787,670,494,285,53,174,385,566,117,760,764,693,572,415,217,9,192,374,512,608,643,623,553,443,298,138,28,188,318,414,473,486,461,399,306,192,72,47,152,238,304,338,343,318,793,197,123,47,24,86,140,177,194,197,184,161,132,98,63,27,6,36,63,87,108,129,146,154,153,140,114,73,464,47,117,178,227,254,246,201,123,25,85,188,265,297,279,208,99,26,145,229,3,1,1,1,0,1,0,0,0,1,0,46,94,130,147,135,101,47,19,85,145,183,201,194,161,106,36,44,123,186,426,254,249,218,161,87,1,87,168,235,285,306,300,263,203,121,27,70,164,252,316,355,363,338,283,205,105,7,11,237,326,392,426,425,392,324,226,109,20,155,280,383,455,491,489,449,372,259,124,28,175,313,427,508,548,549,504,423,307,163,3,156,308,438,794,596,607,576,497,384,242,76,100,271,426,553,638,678,665,601,491,336,160,33,232,417,571,692,757,767,710,599,495,241,22,202,416,604,748,835,856,806,8
20,24,72,104,279,442,588,715,808,866,890,1289,821,736,618,475,317,141,42,223,400,554,687,774,840,858,844,797,721,619,488,331,160,26,194,348,488,605,698,33,779,761,706,630,528,399,257,108,41,179,306,417,504,565,600,606,576,531,455,359,261,155,53,47,149,234,301,342,372,379,377,354,320,277,219,244,90,33,23,73,110,144,168,184,188,185,180,167,152,134,113,92,75,58,41,24,4,21,47,76,108,142,172,625,205,210,199,178,131,67,8,87,167,234,281,296,280,229,150,53,51,148,221,6,0,0,2,0,0,0,0,1,0,0,77,113,135,143,132,109,68,20,33,87,136,177,206,216,211,190,157,109,54,97,74,132,183,227,261,280,280,266,239,199,145,81,11,60,130,193,253,300,335,356,359,341,311,265,209,136,55,95,121,203,277,341,391,429,446,449,433,391,339,259,166,64,38,139,236,327,404,468,512,537,536,515,466,404,328,235,132,22,99,211,319,410,488,811,597,612,602,574,527,454,366,254,137,10,119,244,367,477,573,648,694,718,711,678,618,527,424,291,147,12,174,130,467,589,689,770,825,841,823,772,683,3
16,34,187,421,624,772,863,887,844,727,557,348,96,148,388,592,750,849,884,850,747,580,371,136,107,349,550,709,815,847,817,719,570,365,142,90,311,497,654,1,776,741,638,491,321,117,88,284,450,562,631,642,606,519,394,243,76,92,241,362,444,485,487,449,380,279,160,43,77,177,257,314,341,340,311,740,186,115,39,30,92,146,181,198,200,182,156,131,100,62,26,8,38,62,85,108,128,145,155,155,146,121,81,475,36,104,166,217,254,252,211,138,44,61,167,252,296,288,229,126,3,121,216,3,0,0,0,3,1,0,1,1,0,0,109,132,132,105,58,1,62,121,165,193,187,158,109,41,29,102,169,220,243,522,214,161,91,7,78,156,222,269,294,289,259,202,125,35,60,150,234,296,340,351,335,288,211,120,9,101,210,130,374,413,419,393,333,248,133,7,120,243,351,429,478,488,450,390,289,165,25,120,262,382,472,530,545,523,457,353,226,78,80,235,371,488,563,848,596,543,450,318,169,3,168,333,473,581,650,669,642,564,445,288,106,88,277,452,597,699,755,746,687,571,407,324,8,226,433,612,748,829,847,795,683,6
33,15,867,863,827,755,653,517,366,193,19,423,336,498,636,746,825,867,881,864,802,714,593,454,293,113,59,226,385,530,650,740,802,819,809,758,688,592,464,654,164,3,155,298,423,537,612,668,685,670,632,566,477,374,257,135,9,105,218,305,377,429,461,472,466,433,385,322,249,172,95,20,50,114,168,1050,239,255,260,255,240,216,191,155,119,84,48,21,7,33,49,66,77,91,106,118,130,143,153,160,162,158,145,741,86,43,15,75,141,198,247,272,277,255,205,134,44,55,145,223,267,277,246,0,0,0,1,2,1,0,0,1,2,0,31,11,57,101,135,159,168,158,135,96,48,8,66,120,166,205,231,238,235,491,178,130,74,13,51,110,172,222,266,292,305,303,288,258,213,160,98,25,48,123,195,256,311,353,380,391,386,306,323,266,198,119,35,55,146,234,315,379,435,470,488,482,453,414,358,281,194,95,11,117,222,318,402,471,523,551,566,555,523,472,404,320,218,81,6,120,235,341,434,517,585,629,652,647,624,572,506,411,306,180,44,93,227,361,478,585,672,735,773,777,753,658,616,505,371,222,63,103,267,423,564,6
27,13,622,737,823,871,888,865,813,722,610,531,302,126,54,231,399,547,675,771,843,880,881,841,765,649,516,368,212,45,127,294,446,577,680,744,787,799,772,449,619,508,369,226,79,79,225,356,469,549,609,633,634,609,561,489,393,291,174,56,52,153,241,313,377,410,429,419,396,357,311,250,190,123,60,402,61,113,154,188,211,222,223,210,193,171,151,125,103,78,58,34,15,3,23,43,61,86,109,133,155,175,187,772,184,166,133,89,29,40,114,184,243,281,292,274,224,149,54,50,148,224,263,2,1,1,2,1,1,0,0,0,1,0,103,79,41,4,55,99,140,167,180,181,163,131,88,34,22,80,137,182,220,451,254,246,226,193,145,93,29,36,102,166,223,267,302,318,323,310,287,249,195,131,61,15,93,169,237,301,353,248,415,415,402,369,315,253,174,87,2,95,186,273,352,415,464,498,510,498,468,415,346,262,166,60,45,154,256,350,432,499,548,577,587,575,535,633,405,310,203,90,29,147,265,375,471,554,618,657,682,670,642,586,505,403,287,154,17,129,270,409,539,643,726,626,807,798,761,691,602,478,336,183,18,0
16,49,291,451,216,160,435,443,126,352,771,154,718,218,318,667,637,266,298,713,746,345,298,904,1151,946,381,284,810,1022,907,557,108,262,471,434,265,96,88,75,422,432,177,309,813,1101,1003,525,174,831,1212,1207,839,231,357,741,778,543,145,205,394,408,276,48,224,470,618,592,374,22,326,570,664,610,501,639,264,162,4,275,593,930,1124,1054,635,45,737,1247,1306,910,189,524,906,748,139,615,1092,981,288,686,1431,1581,1046,1066,713,1041,795,223,224,218,202,709,871,444,375,1123,1309,800,71,762,875,435,171,14,41,82,61,6,33,6,18,38,85,48,219,36,341,441,216,212,533,488,64,488,776,633,109,481,769,621,155,321,530,1273,35,403,524,311,89,473,631,476,98,315,546,448,68,350,555,368,151,696,976,796,223,513,1072,1223,901,247,448,95,834,403,148,552,584,267,211,602,742,571,188,224,486,500,311,68,22,114,395,642,654,363,165,725,1117,1167,855,272,360,807,861,490,97,601,729,1101,323,1016,1352,1151,519,280,892,1128,928,521,134,13,116,374,537,439,56,460,917,1153,1026,572,6,455,533,234,226,58,431,101,815,1378,1470,1005,140,764,1365,224
31,20,535,331,98,148,377,581,741,841,895,1262,784,636,440,210,34,274,493,674,803,874,874,811,685,498,286,56,178,396,586,724,810,821,780,665,519,338,118,584,307,489,621,702,734,697,610,483,313,127,59,237,389,500,576,604,570,508,396,259,114,30,157,272,360,415,433,415,365,294,204,105,7,88,167,1086,264,275,268,243,204,150,95,38,15,63,95,123,140,149,149,142,132,118,99,74,48,18,17,58,100,138,172,691,207,190,155,95,14,76,163,230,274,286,247,165,58,63,169,254,283,262,185,1,0,0,0,0,1,1,0,0,0,0,101,129,135,113,73,20,42,103,156,190,194,177,135,76,6,67,140,198,234,514,241,203,143,67,18,100,177,239,283,298,296,258,203,126,31,59,150,231,303,346,364,349,304,236,147,43,67,19,282,360,414,432,419,375,298,198,81,47,176,290,391,459,489,493,454,379,275,144,1,144,278,398,488,542,560,529,468,368,241,93,57,212,353,710,564,606,615,571,492,380,239,74,96,261,418,539,633,680,683,636,539,403,238,50,144,332,505,645,744,784,774,655,576,406,202,18,243,451,634,770,853,3
59,33,487,664,789,865,885,844,763,618,446,171,15,213,428,614,753,842,878,863,789,670,503,307,94,130,342,530,682,782,835,825,774,658,515,333,135,63,266,387,592,692,745,739,688,587,459,301,129,46,217,361,481,562,603,601,553,475,361,234,97,35,158,261,346,399,426,418,383,325,255,167,84,6,85,898,204,236,254,254,239,211,170,125,76,33,9,49,76,101,114,126,132,136,137,133,125,110,94,68,32,8,59,92,159,197,228,235,217,171,97,9,92,184,253,294,290,244,159,47,69,175,240,4,2,0,1,0,0,0,0,0,0,0,122,110,78,33,22,78,129,166,183,179,153,105,44,24,91,157,204,236,245,517,194,141,73,1,82,148,213,257,292,296,284,243,186,114,27,60,152,228,290,334,356,358,330,282,212,122,23,61,190,283,356,407,429,432,403,349,271,169,55,64,189,301,394,465,505,509,487,422,340,230,106,29,162,293,403,489,547,569,556,515,435,335,210,26,79,220,356,466,559,612,634,614,566,476,363,219,61,107,271,425,557,654,708,725,696,630,524,380,207,16,177,167,535,670,769,815,817,768,674,530,359,13
128,24,115,82,245,371,472,532,569,577,563,293,447,329,193,23,164,366,561,754,898,1018,1076,1102,1074,1001,905,808,680,585,459,388,316,234,193,143,91,67,40,750,37,67,131,216,331,447,578,705,802,886,925,926,916,860,780,728,637,570,515,459,433,406,391,388,415,438,493,547,613,662,710,720,716,694,648,1261,527,457,400,334,288,238,196,166,168,176,200,267,368,473,601,720,836,909,967,972,935,850,712,546,347,125,97,1387,457,556,591,550,425,228,41,325,623,899,1115,1244,1271,1194,1026,782,504,209,43,41,132,48,92,0,33,1,78,28,13,18,117,230,339,421,485,478,414,285,114,90,286,469,617,711,735,705,623,511,362,757,26,147,313,451,559,636,678,665,622,533,403,257,76,106,311,496,676,816,935,1005,1014,994,929,835,715,574,422,448,114,38,185,316,442,548,636,693,736,741,724,676,610,506,365,231,74,89,250,401,518,640,704,740,770,739,684,585,473,314,136,54,250,441,638,1638,963,1090,1190,1244,1252,1209,1123,989,814,614,373,152,69,272,457,600,722,800,835,829,766,678,528,357,151,76,286,202,710,861,1007,1109,1169,1181,1132,1045,916,81
2,24,66,180,414,613,770,862,888,842,734,717,360,125,129,368,573,735,840,882,849,752,596,393,162,85,317,528,692,798,845,818,729,580,391,171,54,269,468,223,725,763,731,644,519,341,151,54,249,409,537,608,634,605,534,420,269,109,57,205,326,418,467,479,450,385,294,187,71,42,144,229,288,319,325,1042,256,199,131,60,5,69,121,158,178,182,173,160,139,111,80,47,17,12,39,67,92,121,146,162,167,161,140,715,46,22,93,164,224,258,258,218,148,54,59,169,253,295,284,222,116,10,131,4,2,1,0,0,0,0,0,0,1,0,98,127,137,124,85,29,33,96,149,185,196,180,139,78,7,65,138,197,234,511,235,196,135,59,28,111,185,246,286,301,289,245,180,100,3,90,182,258,319,350,356,329,270,189,87,18,131,80,328,390,423,421,384,324,223,105,21,150,272,372,443,485,483,451,378,274,144,1,146,283,398,488,537,549,519,446,342,209,58,103,253,388,497,834,608,594,542,440,312,159,12,184,346,483,594,658,677,647,568,444,282,100,92,284,460,607,711,761,759,695,578,476,214,4,225,437,617,754,838,854,807,5
120,2,30,125,146,120,45,67,190,312,396,124,444,383,275,129,40,188,311,367,358,280,150,2,158,303,412,478,503,483,425,346,247,143,59,2,19,5,51,1,199,262,298,302,252,178,82,40,180,324,446,530,570,557,499,405,297,190,96,20,41,99,159,209,257,291,303,283,246,192,129,78,35,6,4,79,59,97,137,164,167,132,51,60,198,328,456,548,596,598,527,402,230,18,211,423,579,649,613,471,246,14,257,1042,533,509,383,199,1,174,269,262,149,43,275,489,625,649,548,343,90,148,302,7,38,32,20,15,7,10,54,27,2,11,192,87,53,183,257,255,174,36,122,261,342,348,280,156,0,158,266,313,287,571,58,83,217,291,314,268,171,46,78,185,257,284,252,176,53,88,236,362,435,456,398,280,124,49,208,326,389,61,353,265,150,21,111,226,310,352,345,295,213,115,18,50,79,64,1,93,198,306,400,463,479,457,392,282,153,5,129,236,292,292,227,109,52,118,419,574,669,697,660,562,431,283,159,60,17,19,58,137,231,340,433,510,550,548,488,385,243,92,37,124,147,411,28,198,397,584,741,829,843,787,656,104
30,260,54,235,263,94,210,553,793,867,692,65,140,577,860,854,585,130,380,762,884,719,289,228,720,1062,1154,1047,751,370,1,316,477,510,420,255,95,0,40,145,349,508,549,453,149,256,696,1080,1271,1247,958,549,62,363,638,745,670,522,287,82,126,302,426,486,426,266,11,323,609,818,905,872,762,605,478,707,380,391,380,322,145,131,503,878,1207,1376,1349,1094,640,105,429,801,900,679,162,490,1058,1349,1241,736,21,768,1287,2002,1124,596,32,315,315,14,425,800,865,536,56,726,1165,1223,863,254,311,642,610,146,6,24,74,37,67,43,29,30,64,42,180,405,474,317,6,349,518,418,71,396,746,845,626,187,295,632,705,510,148,186,434,442,241,84,385,600,624,466,197,127,378,484,406,151,187,492,644,544,200,312,809,1166,1244,1008,567,24,435,264,766,577,254,122,426,605,588,390,105,259,523,666,654,494,286,91,25,91,275,537,753,893,806,556,148,322,723,954,948,722,319,123,456,602,456,1389,449,944,1299,1382,1199,803,323,90,357,387,277,64,146,217,183,30,326,659,957,1099,1082,831,472,57,254,341,209,630,610,982,1107,907,446,204,826,1274,1450,133
246,177,432,467,407,236,2,279,533,751,895,60,849,670,414,118,205,472,686,770,753,602,364,73,248,553,811,959,1032,1005,908,735,564,402,248,108,40,8,31,301,261,455,650,817,919,928,876,734,535,304,66,161,361,507,610,642,630,553,464,334,201,53,78,217,357,476,590,689,753,761,748,684,607,544,491,1231,522,572,679,793,922,1040,1155,1266,1313,1310,1236,1066,816,484,101,274,600,818,910,834,596,216,245,720,1160,1467,1590,1874,1251,843,380,36,316,403,278,32,426,843,1158,1293,1238,967,562,113,269,513,556,4,26,100,41,61,0,4,34,58,56,0,83,171,395,524,507,338,65,252,529,713,754,632,394,93,227,484,633,659,554,1187,106,150,354,492,536,495,367,188,29,247,417,522,522,417,210,49,344,632,856,996,1027,942,759,498,203,96,352,9,609,619,537,383,179,61,307,531,706,812,826,744,599,423,232,88,15,8,58,184,369,567,790,981,1127,1218,1206,1106,905,630,327,2,304,532,677,1917,608,432,177,90,361,576,714,758,729,578,384,149,111,318,463,544,537,453,307,127,102,282,413,488,433,264,0,865,691,1041,1310,1457,1487,1389,1178,881,554,138
41,85,286,244,191,123,37,51,145,233,314,33,432,475,495,493,474,445,376,304,204,99,23,137,242,342,408,457,481,475,455,425,373,311,251,186,105,18,75,491,253,341,410,469,508,521,517,494,465,417,371,316,260,217,159,114,67,7,45,108,169,218,287,348,413,475,519,576,613,614,602,573,503,430,341,752,123,24,73,161,231,297,342,379,395,392,369,300,211,92,60,215,381,546,680,781,838,856,814,718,594,434,261,840,72,193,259,274,220,114,38,230,432,617,764,861,886,836,721,555,360,160,22,26,31,40,17,15,25,16,54,52,3,1,307,233,128,1,136,261,363,432,466,445,383,274,147,6,141,259,356,407,408,986,289,183,58,74,203,314,403,461,495,486,452,391,287,170,27,118,274,421,564,686,780,840,867,859,821,747,652,244,404,258,103,29,167,298,390,470,525,541,538,506,438,346,240,115,6,131,248,357,444,516,557,579,579,552,502,428,330,221,82,58,206,358,501,1115,716,786,812,810,770,703,628,523,423,331,226,140,54,11,70,114,160,186,193,173,150,109,44,18,80,147,183,573,200,178,153,78,27,49,118,190,234,12
100,39,343,110,103,69,153,303,175,171,446,46,46,337,426,154,216,328,87,279,376,85,351,534,286,211,558,490,88,333,470,274,39,235,208,72,33,25,28,340,118,222,151,111,385,410,93,368,613,407,101,527,569,232,197,413,326,65,155,209,105,48,158,133,27,214,295,172,100,353,399,200,80,276,314,445,141,40,123,328,480,384,17,451,700,516,5,525,667,332,213,500,295,187,456,199,358,659,355,353,823,608,103,1140,615,99,331,299,34,191,45,376,337,139,588,517,47,549,500,0,398,327,44,26,9,23,24,0,2,5,24,17,12,29,64,230,120,152,260,49,243,258,34,319,258,101,386,283,110,391,292,73,310,633,94,248,87,203,297,71,255,370,168,161,319,180,77,190,54,184,250,17,352,504,227,291,635,488,30,471,489,147,230,301,76,177,224,27,234,322,158,154,354,301,58,167,203,89,10,81,192,135,142,438,481,177,282,577,497,98,312,433,202,144,268,28,327,783,69,450,696,433,142,585,596,258,113,267,197,88,105,203,208,2,323,525,401,0,395,504,274,67,226,105,101,431,187,483,441,42,626,822,435,256,710,14
73,115,27,310,180,167,316,54,467,808,635,180,612,817,443,177,589,434,129,654,663,106,600,1004,810,127,664,1079,880,208,484,793,592,154,206,287,171,40,75,231,246,4,429,765,681,110,682,1195,1079,340,571,1118,1033,461,214,642,634,277,163,410,337,19,357,575,490,104,421,805,796,378,195,649,749,557,256,251,199,402,639,763,592,120,516,1045,1183,780,45,890,1266,882,13,795,881,200,658,937,327,742,1397,1024,117,1207,1451,190,329,919,705,72,309,58,449,577,12,872,1171,549,549,1184,840,84,725,576,34,6,7,98,46,44,25,20,5,65,50,86,497,317,149,445,283,172,468,281,245,635,496,125,706,724,150,527,723,301,308,1314,225,287,479,191,325,578,388,99,498,524,200,208,399,240,179,446,286,281,813,803,146,739,1198,872,10,761,940,422,108,495,427,23,388,456,117,405,716,570,59,447,597,370,44,85,49,259,210,168,674,917,649,49,801,1153,838,48,664,828,372,293,577,241,426,1390,744,5,841,1257,982,191,592,953,767,288,51,63,96,85,230,646,840,600,29,575,865,789,323,158,376,215,112,766,183,775,1076,660,323,1307,1601,1005,72,120
71,21,677,794,863,882,859,781,672,517,340,17,70,277,464,626,751,837,882,877,826,730,593,428,237,31,167,353,523,660,764,822,834,791,718,593,446,285,101,570,267,429,559,651,708,721,693,629,529,398,253,95,56,201,327,430,506,551,555,528,471,392,299,193,81,27,128,208,273,321,350,358,350,318,273,495,142,82,15,45,95,138,166,183,189,184,174,159,141,116,95,73,48,26,0,18,46,70,99,125,154,173,186,790,172,145,101,42,28,106,182,236,272,283,256,195,106,1,105,197,262,279,254,1,0,0,2,1,1,0,0,1,3,1,125,120,102,65,15,40,95,140,173,192,188,164,127,70,6,58,122,178,220,456,254,240,212,166,104,35,39,113,180,237,283,308,315,302,270,219,157,82,3,89,171,246,310,357,383,389,373,281,275,194,107,10,92,193,286,366,431,460,479,461,418,353,262,165,53,63,178,286,383,463,516,544,539,511,454,371,271,154,27,104,228,348,447,769,585,605,603,564,505,412,308,179,43,101,244,376,495,589,660,697,705,665,597,495,368,219,58,118,289,446,587,515,773,807,800,753,672,542,394,213,27,10
62,247,197,299,332,40,469,599,303,248,761,196,719,181,387,685,578,92,449,720,479,151,810,1140,931,290,503,1035,1111,753,181,339,605,548,304,23,110,66,60,1037,19,324,618,681,358,284,934,1261,1077,437,357,978,1177,916,402,136,481,570,406,111,206,399,387,158,201,588,782,696,348,126,525,752,756,588,358,200,20,137,381,679,929,988,755,210,509,1128,1391,1151,483,362,979,1059,528,323,924,847,101,901,1526,1315,363,786,1453,1266,596,204,610,453,24,370,218,343,916,994,380,556,1214,1108,328,549,907,576,67,114,21,90,18,25,14,45,70,8,38,65,384,462,145,306,526,307,176,553,520,67,490,782,554,25,602,776,451,129,559,1322,150,338,577,388,96,547,675,407,70,477,569,311,110,402,354,51,552,799,582,39,756,1180,1062,450,333,880,970,436,38,456,612,337,164,599,655,319,240,689,787,521,101,194,247,127,19,6,211,550,821,835,484,166,865,1279,1184,627,138,695,771,378,207,594,526,1210,673,1145,1112,563,217,847,1078,859,405,7,135,43,124,182,27,421,832,1054,887,352,360,900,1020,674,152,214,154,787,670,769,393,385,1175,1634,1467,722,273,308
249,85,243,297,207,22,294,531,662,628,466,56,183,508,715,769,652,317,46,484,696,795,559,262,221,609,951,1131,1139,1021,731,452,71,94,246,171,109,50,88,792,24,211,430,682,855,951,872,702,372,28,349,627,848,918,839,659,371,103,156,272,359,346,346,257,190,13,180,420,637,746,807,746,672,489,411,750,381,393,477,464,410,261,42,227,565,860,1152,1277,1258,975,568,25,462,807,883,657,182,423,1020,1421,1564,1357,896,835,287,656,718,490,94,286,480,398,27,463,955,1198,1158,764,212,342,660,684,410,1,25,84,65,47,34,42,23,32,32,19,365,323,149,120,376,515,419,156,218,552,714,624,331,55,444,668,683,493,166,113,411,466,320,22,310,586,704,643,424,128,144,352,410,331,89,202,509,718,799,687,408,8,452,841,1072,1073,876,429,168,171,385,449,356,134,157,479,724,826,791,602,372,130,3,50,39,162,349,501,607,584,427,155,216,578,892,1025,1006,773,441,35,286,527,544,1423,44,416,824,1146,1258,1211,968,661,328,114,35,90,260,449,601,646,609,459,230,90,395,654,781,728,512,190,129,378,422,303,50,494,993,1368,1578,1507,1237,133
34,18,147,40,227,399,560,689,795,856,889,1309,830,745,618,469,295,111,79,265,441,592,717,800,857,861,834,768,676,547,395,220,39,144,313,462,586,688,756,140,771,721,638,521,398,244,87,70,220,344,457,538,593,616,613,579,510,431,326,212,92,24,127,219,299,355,395,407,403,379,345,291,232,164,92,306,43,96,143,180,203,215,216,211,196,172,146,122,95,66,41,22,2,22,43,61,80,103,129,148,165,179,184,831,161,129,83,25,44,117,184,239,277,289,265,210,133,37,66,165,238,274,266,1,1,0,1,0,1,1,0,1,1,0,35,5,57,102,137,161,166,156,129,87,34,24,85,139,186,220,236,235,219,460,141,82,18,49,115,174,226,264,294,301,295,268,229,177,110,41,34,108,186,254,309,347,370,378,367,334,286,241,147,61,30,123,212,295,365,419,457,469,469,433,383,312,224,128,23,86,191,292,382,455,507,542,546,531,490,426,350,256,144,26,94,213,318,645,506,568,607,616,609,574,515,430,329,212,81,50,183,313,438,545,634,690,722,725,695,635,549,428,295,143,18,1,339,487,615,717,796,837,843,813,741,1
11,141,700,468,195,102,353,584,751,847,863,176,734,564,340,115,131,387,588,708,747,699,545,308,65,157,374,547,649,660,669,657,602,508,425,334,200,51,81,889,197,155,30,163,403,622,854,1054,1166,1217,1237,1190,1089,968,836,669,489,337,194,61,75,158,249,354,470,548,645,740,793,779,733,692,609,523,472,880,483,558,665,782,889,1009,1109,1218,1292,1349,1334,1268,1137,925,608,254,103,456,762,943,1007,946,776,480,126,227,535,1890,930,925,792,542,210,163,512,755,861,804,571,198,216,605,880,999,924,692,366,46,84,44,4,56,23,61,39,137,12,15,148,379,527,551,449,248,19,279,500,612,616,524,332,79,162,371,519,577,526,1299,215,15,247,455,604,679,704,631,505,332,144,49,224,347,415,413,323,165,43,289,559,803,989,1108,1154,1097,935,286,486,202,64,291,470,599,657,646,601,523,410,286,179,101,24,16,56,143,264,428,611,778,918,1044,1135,1163,1121,1034,904,703,449,180,103,393,665,1789,953,985,921,740,520,276,79,95,192,207,124,3,173,380,611,810,949,1056,1119,1134,1059,913,761,532,259,35,247,359,559,590,494,328,126,140,434,678,861,45
51,21,102,189,189,47,336,474,292,131,619,94,758,270,325,671,613,186,358,704,625,156,502,998,1079,711,41,632,1012,980,610,110,274,422,335,173,42,65,207,695,324,90,330,737,913,709,171,510,1041,1206,922,348,317,808,965,777,356,83,394,472,336,74,206,418,495,397,122,251,601,801,766,521,184,141,352,1047,527,610,699,723,557,190,350,908,1271,1283,871,157,572,1042,1035,549,149,693,754,248,552,1205,1274,661,353,1235,1507,574,220,494,688,366,141,353,64,553,1029,915,209,689,1220,1048,336,434,771,556,42,97,39,12,15,15,46,1,104,103,76,65,394,262,70,376,402,93,348,574,383,123,591,687,334,239,658,666,280,219,515,1289,92,295,463,290,113,495,648,467,53,363,548,402,35,288,349,74,388,757,796,393,263,891,1181,984,384,333,820,384,494,62,483,554,260,206,579,667,446,49,348,552,509,290,45,51,52,280,412,292,104,612,989,1047,716,130,482,891,931,587,45,416,540,234,326,1565,898,508,210,902,1275,1178,679,59,429,601,490,264,125,228,486,719,731,424,86,639,973,962,637,162,206,290,53,243,638,513,59,844,1450,1528,989,105,699,234
67,19,401,228,46,145,326,490,628,707,761,1091,689,586,440,271,82,108,295,456,594,689,737,736,684,578,441,275,96,84,263,423,552,635,685,672,632,544,411,533,84,83,245,382,492,564,595,588,532,441,327,190,49,88,218,324,403,454,466,446,394,318,230,132,22,82,169,239,287,315,319,303,269,215,157,21,16,43,99,139,168,184,186,179,159,134,104,74,43,11,13,39,58,74,92,103,117,121,126,125,112,93,63,404,24,82,134,178,211,215,198,155,84,2,88,168,226,248,233,177,91,5,98,0,2,1,2,0,0,0,2,2,0,1,1,44,84,115,130,124,103,65,18,37,91,134,168,179,176,150,108,57,5,27,126,174,211,228,224,205,162,109,47,24,95,159,217,255,274,275,255,215,158,89,9,71,150,226,278,319,336,256,300,245,175,92,3,96,190,273,340,380,406,396,356,297,208,113,5,102,210,303,384,435,458,453,415,353,264,159,43,76,193,305,390,461,499,707,487,429,350,243,126,7,139,266,384,468,540,568,569,530,456,353,224,82,68,221,361,484,579,640,662,635,572,492,330,170,2,178,346,494,616,693,734,3
16,43,57,179,399,593,759,875,944,947,909,1071,651,465,245,15,219,437,631,781,891,943,934,870,756,583,388,171,45,261,463,635,773,847,881,842,764,651,485,658,85,124,317,484,616,708,756,748,697,589,468,309,140,24,190,329,446,533,574,574,542,472,387,278,161,37,82,184,267,330,369,386,380,346,299,489,154,83,6,58,112,160,194,209,211,205,188,164,141,105,77,46,17,5,38,63,94,119,146,170,185,190,186,793,125,71,7,69,147,216,270,293,280,238,158,52,60,169,256,300,297,243,150,2,0,1,0,0,0,1,2,0,2,0,113,86,35,16,79,129,167,190,187,164,119,57,11,86,151,208,243,256,250,487,171,106,28,49,132,197,259,295,316,312,285,233,170,88,3,92,182,261,326,367,387,385,348,296,219,126,25,36,190,285,369,426,461,467,446,401,327,224,113,9,141,263,369,459,524,547,550,507,447,347,229,95,44,185,318,430,521,588,616,610,575,503,402,315,131,21,178,319,449,560,644,684,698,660,594,490,364,204,32,148,325,481,611,717,780,800,781,706,595,440,260,208,145,343,530,688,814,888,916,884,811,16
62,29,542,718,837,893,885,813,683,495,278,117,207,430,630,775,866,895,860,765,611,410,181,54,287,501,662,784,848,848,791,666,502,291,72,152,363,539,679,70,780,746,648,505,341,141,57,247,417,538,627,650,629,564,458,322,166,5,148,281,383,453,484,482,440,366,272,163,45,65,155,234,296,326,332,1003,266,209,145,78,8,53,105,148,172,182,179,174,155,132,106,74,44,13,16,46,77,109,137,159,177,179,166,761,96,36,30,103,179,236,269,260,220,152,50,66,170,252,292,279,218,117,5,2,2,1,1,1,0,0,1,1,3,1,33,22,77,124,154,161,143,105,46,20,87,146,194,218,218,192,143,79,2,35,153,213,255,274,267,237,180,107,22,61,146,223,283,319,325,309,271,208,125,26,73,172,260,330,377,396,384,294,272,177,68,49,163,271,364,431,469,463,436,367,266,149,12,120,252,366,455,510,538,519,462,375,255,122,27,173,311,430,520,572,592,573,504,514,276,124,36,195,343,472,576,637,658,633,567,458,317,149,31,217,390,536,652,722,747,716,643,514,346,150,59,83,462,619,744,820,835,795,695,544,351,9
5,30,236,20,195,404,589,736,844,891,895,1167,717,559,365,152,72,287,487,654,783,866,891,859,771,621,444,246,39,169,367,542,685,770,821,801,746,642,493,646,110,88,273,432,561,656,704,708,659,563,439,286,125,36,189,323,428,507,542,539,504,436,350,242,122,0,110,203,277,330,359,367,350,313,259,358,111,42,33,92,141,177,199,207,204,189,169,141,115,78,43,13,15,40,66,86,111,130,153,169,174,170,153,734,70,10,55,128,197,242,272,264,224,161,64,43,147,232,282,289,245,164,53,2,0,0,0,2,2,1,0,0,1,1,120,130,117,88,42,11,70,125,166,193,195,174,131,74,6,64,130,184,227,501,251,229,189,131,58,14,94,167,232,277,307,307,289,250,189,113,29,59,146,225,294,345,369,377,356,307,238,212,50,57,159,254,335,399,443,458,446,395,329,231,113,11,137,253,358,440,502,525,525,488,420,323,205,74,63,201,323,428,511,569,593,582,533,597,345,215,71,75,224,360,479,571,641,665,661,609,524,403,257,90,84,253,408,546,657,731,768,755,697,590,445,374,84,113,310,488,646,767,846,869,839,8
44,0,840,883,881,839,755,630,487,310,130,275,254,434,591,724,815,872,889,870,808,715,582,426,246,54,131,309,473,610,723,795,833,820,787,701,595,465,304,642,40,208,360,492,594,670,705,710,675,605,514,397,269,136,1,137,253,356,435,486,513,508,487,440,380,296,206,113,22,61,138,204,257,294,315,1177,299,273,234,192,145,98,51,3,36,71,97,118,131,142,148,145,142,138,133,126,117,106,89,65,38,4,38,43,131,174,214,235,248,231,195,136,57,31,121,204,262,292,283,240,158,59,44,2,0,0,0,0,2,0,0,1,0,1,109,131,138,124,95,52,2,54,106,152,185,203,205,187,154,108,50,12,75,163,189,228,257,271,263,244,205,159,101,32,39,111,178,236,284,317,337,339,325,289,239,177,103,22,59,141,223,132,356,398,422,424,404,373,319,247,164,66,29,132,232,319,393,456,498,513,511,476,424,351,262,159,46,69,185,293,387,469,527,574,589,584,546,659,413,313,197,74,52,180,306,416,517,594,650,675,682,650,596,515,407,277,139,13,164,314,453,580,683,756,800,681,774,709,609,481,333,166,10,189,363,2
44,14,856,762,631,465,277,74,132,336,528,1134,822,914,955,956,900,805,671,514,324,125,84,287,474,633,763,849,904,908,874,786,666,503,333,141,56,233,415,269,685,764,797,791,751,666,555,420,263,93,66,222,359,470,557,609,619,613,565,488,395,280,165,51,63,170,260,324,375,398,402,390,357,309,248,295,104,37,29,88,133,170,195,208,209,207,192,174,152,126,102,77,53,31,6,18,45,72,103,130,156,181,201,792,202,181,144,91,17,58,140,212,269,303,301,262,191,95,15,125,216,275,287,1,1,0,0,0,0,1,0,2,0,1,112,140,150,137,108,62,7,54,109,162,195,215,216,197,165,114,51,16,86,193,212,250,279,289,275,251,200,144,78,3,72,151,222,275,319,345,358,345,318,265,201,128,41,50,139,226,303,211,415,443,444,423,380,325,243,148,47,62,171,273,365,440,491,528,536,517,474,403,314,207,87,38,162,278,385,477,546,596,612,606,573,510,420,381,189,59,84,215,345,462,560,636,690,708,691,648,578,473,351,204,47,112,271,420,555,670,759,809,828,804,743,639,516,360,186,3,196,389,561,711,826,0
53,16,223,81,372,631,806,890,876,739,527,191,72,368,629,809,889,864,740,529,244,61,359,619,784,867,836,706,506,233,62,349,589,742,821,777,659,461,190,580,347,567,698,750,708,571,372,133,110,338,511,611,643,580,457,286,78,122,301,436,501,501,447,339,194,35,119,247,336,385,381,331,249,137,19,682,176,235,262,258,224,168,101,29,39,97,135,162,165,155,136,100,66,26,16,54,93,123,150,163,158,136,85,462,51,132,200,243,245,198,113,1,124,228,287,286,222,109,35,169,256,276,220,1,0,1,0,1,1,0,1,0,1,1,127,108,56,7,77,134,170,173,137,73,10,97,171,215,225,194,131,48,50,188,217,256,263,227,152,65,45,146,230,283,308,279,216,126,10,106,215,301,347,347,305,223,105,22,153,274,359,274,399,337,237,105,46,194,322,417,465,446,388,268,112,58,223,367,468,513,502,421,293,129,58,241,391,505,557,542,469,337,164,34,229,404,526,860,602,530,404,227,20,192,387,539,634,653,611,487,304,86,151,378,561,685,732,689,569,387,149,114,370,590,744,664,777,661,456,202,86,370,612,784,869,2
69,5,826,744,623,460,279,73,128,330,517,1121,792,875,905,885,816,708,563,393,197,11,217,403,572,703,798,847,857,816,739,607,456,270,83,110,296,456,597,89,759,773,739,670,573,434,280,115,53,212,353,465,547,599,616,596,539,462,351,233,108,18,134,234,318,379,416,418,405,369,317,252,178,98,19,573,118,166,205,231,238,237,222,197,167,129,92,58,24,9,34,58,76,94,110,122,134,147,156,158,150,132,108,617,19,35,97,159,215,250,266,252,211,142,51,52,146,228,279,286,253,182,81,0,0,0,1,2,0,1,2,0,2,0,52,5,47,94,139,165,171,158,126,80,20,39,101,159,202,226,233,218,191,393,82,17,54,125,185,232,267,285,291,271,233,178,112,39,43,121,196,257,311,344,360,354,324,277,213,133,43,72,144,236,311,370,414,437,438,412,369,289,207,101,10,126,234,332,414,477,515,521,509,461,391,300,191,71,53,175,292,397,486,549,590,593,569,700,439,337,218,85,48,189,321,442,543,617,658,673,660,602,523,410,273,123,35,197,354,495,622,710,773,790,771,657,606,470,312,131,59,251,433,596,726,7
11,16,346,514,660,775,854,889,893,846,775,860,511,344,158,27,213,394,551,690,793,864,892,875,818,710,584,435,277,99,87,269,430,570,684,751,794,808,773,482,591,461,310,148,7,173,319,449,550,609,650,646,621,566,489,393,269,153,24,101,205,301,370,419,452,454,437,396,339,272,201,124,46,29,95,896,200,230,248,256,250,232,208,180,143,105,67,37,4,23,45,64,79,95,109,123,134,145,156,160,160,150,129,690,56,5,54,114,176,227,261,270,256,219,150,60,38,135,215,272,285,259,191,1,1,0,0,0,1,1,0,1,1,1,33,80,120,146,157,148,122,84,34,20,78,132,177,209,224,222,203,167,118,239,3,69,133,187,233,266,282,285,271,237,195,134,67,3,76,146,213,268,315,346,360,358,332,296,239,168,90,108,90,179,258,325,380,423,445,446,434,389,336,255,158,56,48,154,256,345,422,478,518,535,526,495,437,365,275,169,56,60,180,292,394,480,540,850,612,602,574,517,442,345,236,105,26,157,288,405,513,599,666,705,713,689,636,557,448,324,176,18,143,301,453,385,694,774,814,826,808,743,651,526,377,4
44,16,656,520,363,183,6,197,383,547,693,1251,875,907,894,842,748,621,467,293,98,96,287,453,602,719,802,850,860,829,761,650,512,344,170,11,187,346,496,179,702,755,765,734,675,577,459,324,172,18,129,267,383,478,548,588,590,570,515,438,344,240,136,30,80,174,256,314,355,376,382,364,336,292,236,293,104,41,20,71,117,151,175,192,197,195,186,171,150,128,106,82,60,38,16,3,28,55,83,108,137,161,185,702,200,189,162,117,57,15,94,169,234,279,291,273,223,146,45,61,159,232,266,1,0,2,2,1,1,2,0,2,2,1,120,105,69,23,25,79,124,159,183,193,181,147,103,48,11,74,133,184,222,458,257,244,219,181,125,63,3,75,144,203,255,289,314,317,304,276,237,179,109,32,49,128,206,276,330,373,398,296,386,352,297,227,145,51,45,144,239,321,393,444,476,486,473,443,388,313,223,119,5,106,216,319,408,483,533,559,563,546,495,432,344,239,123,49,124,244,357,457,539,595,635,642,632,587,517,425,310,179,38,109,253,389,508,613,689,741,762,747,703,618,508,436,214,47,125,297,457,606,730,817,866,0
77,10,741,604,436,242,44,163,361,542,711,1350,924,962,952,900,800,660,495,310,101,110,314,493,655,782,865,906,907,862,782,658,505,316,126,73,260,424,586,189,778,817,800,749,673,554,411,255,85,80,235,372,485,566,619,639,618,579,503,398,284,160,41,69,183,272,345,387,413,415,401,366,320,258,187,8,32,31,93,141,178,207,222,228,218,201,177,156,131,96,71,45,22,1,28,52,78,106,133,154,175,188,197,882,174,143,95,36,43,122,195,253,292,305,277,215,130,25,85,186,258,292,275,0,1,2,0,1,0,1,0,0,0,0,129,147,138,111,69,15,44,98,150,192,211,210,193,158,111,52,15,82,149,323,250,273,281,273,241,197,137,68,5,79,153,221,279,319,342,344,340,306,257,186,111,27,63,152,237,307,372,266,437,439,415,369,304,224,129,23,77,187,288,376,448,496,518,524,503,454,384,285,179,60,64,191,304,406,488,551,591,606,593,551,487,396,283,160,23,110,244,367,475,568,638,681,696,673,628,549,446,317,174,18,144,296,440,571,675,755,806,813,789,720,621,533,331,153,33,221,408,579,722,832,904,2
31,43,576,925,1230,1481,1663,1744,1799,1721,1619,1867,1138,820,461,79,305,656,992,1290,1513,1700,1762,1777,1675,1491,1263,976,664,314,44,412,752,1041,1296,1448,1569,1603,1557,884,1248,1010,714,402,86,246,538,813,1027,1172,1266,1292,1263,1168,1023,850,614,379,117,125,341,533,688,797,876,891,874,806,712,587,455,296,143,5,146,1692,364,423,474,498,494,467,426,368,303,237,164,106,48,19,68,112,148,184,219,245,266,288,322,323,334,321,278,1474,143,38,78,206,334,441,517,547,526,466,328,152,45,244,410,535,572,531,403,2,2,1,3,0,3,6,0,1,1,2,46,143,224,282,314,301,262,195,97,12,126,238,336,404,446,448,421,365,271,569,46,91,221,333,435,511,552,565,562,502,429,315,192,64,92,237,376,496,604,670,714,725,688,630,527,401,252,251,106,284,457,600,714,826,879,898,897,812,726,574,389,201,15,227,430,619,789,916,1027,1068,1069,1031,925,797,624,416,204,20,272,500,705,910,1031,1680,1221,1217,1185,1088,956,779,564,304,58,212,488,715,951,1136,1290,1392,1441,1412,1328,1184,978,745,470,154,163,491,796,658,1311,1489,1610,1656,1640,1544,1391,1157,887,10
65,9,72,52,31,9,20,53,76,100,120,305,161,163,166,152,141,118,89,65,6,25,63,91,122,142,169,176,175,169,151,124,99,59,21,19,48,79,112,80,146,149,148,132,117,81,67,27,1,26,53,79,97,108,120,111,90,92,66,43,26,0,26,47,72,74,81,72,66,53,42,21,0,12,30,122,45,51,53,43,31,9,2,15,35,51,53,56,53,50,33,19,3,28,44,57,70,79,73,62,32,16,6,318,47,68,72,70,54,34,3,19,36,62,64,61,46,26,3,28,45,47,42,4,5,1,3,2,0,0,0,0,5,0,135,3,153,274,323,307,230,103,33,181,299,378,405,381,303,199,52,83,228,21,419,457,445,396,308,199,57,70,198,305,393,445,459,433,384,315,221,117,0,112,214,305,371,417,433,429,403,1271,266,184,86,13,114,210,290,355,407,431,427,406,359,312,219,136,39,67,154,246,315,380,406,421,412,384,331,265,186,98,0,87,179,231,282,457,349,351,332,298,253,191,143,72,6,54,110,159,195,207,219,211,207,195,174,144,116,73,48,14,3,18,46,241,78,86,89,98,110,114,113,115,127,2
78,25,698,827,891,876,805,672,495,274,38,484,434,632,781,871,896,852,751,600,399,167,75,303,512,681,790,846,847,778,656,476,273,42,182,386,565,698,772,238,738,639,484,299,110,99,282,450,576,639,671,625,554,436,294,136,32,188,318,424,485,507,484,439,355,244,130,13,99,192,264,318,349,343,318,735,193,123,46,24,85,137,172,195,200,188,168,148,119,81,48,16,16,42,69,93,115,138,152,164,164,147,119,625,16,49,116,178,234,259,259,206,133,35,74,175,254,293,283,222,121,1,121,1,1,0,0,1,1,0,0,2,2,2,22,35,89,132,154,156,133,87,25,42,106,160,201,217,207,173,118,50,28,101,173,224,259,266,245,210,147,75,14,99,180,245,297,320,313,288,238,166,77,23,123,214,295,355,390,386,356,284,218,117,2,113,223,319,396,444,466,440,395,306,192,62,74,203,323,421,489,522,521,478,402,289,160,15,134,274,397,493,555,578,566,519,420,372,156,0,163,311,441,546,620,646,633,570,472,336,173,3,186,358,510,625,703,727,708,635,524,360,171,35,244,242,606,725,806,821,787,690,546,350,142,11
73,39,535,720,855,923,949,907,815,666,485,204,26,212,432,627,777,888,944,938,871,755,589,387,166,78,300,501,670,794,878,897,864,757,622,446,244,40,178,497,550,680,756,783,770,697,586,440,264,78,105,274,421,530,605,632,617,571,479,359,230,88,43,167,281,364,420,437,430,397,349,277,195,102,13,687,144,195,232,256,258,250,227,190,147,102,56,18,22,62,85,108,120,136,145,152,154,149,144,129,99,62,11,236,104,160,213,252,268,251,208,132,35,67,172,256,305,312,273,186,72,54,166,0,1,0,0,0,0,0,1,0,0,1,98,59,3,51,109,151,179,184,167,128,73,3,68,136,191,233,247,243,217,428,103,28,52,129,198,252,292,306,302,269,216,145,63,24,115,198,273,329,363,371,363,323,260,177,84,22,128,59,322,392,439,456,443,406,340,252,145,22,100,223,335,425,486,527,531,506,448,351,240,107,36,176,305,421,515,573,604,596,555,474,375,248,100,148,205,342,472,565,635,666,669,620,546,431,290,132,36,213,381,529,649,725,768,765,720,629,502,330,143,59,262,229,620,742,835,871,866,804,696,537,351,17
42,29,303,508,676,795,869,885,859,758,625,498,221,5,228,436,611,756,847,885,869,796,673,508,306,72,153,361,539,677,787,831,833,762,658,502,322,130,83,495,459,602,693,731,735,679,583,455,292,119,61,226,373,486,567,599,583,545,458,348,227,91,33,157,262,342,399,417,405,374,321,248,166,80,0,681,149,195,233,250,244,228,202,166,122,78,34,5,39,67,95,112,124,132,139,138,139,132,120,98,65,27,23,90,130,174,219,239,241,209,151,72,29,126,210,272,297,274,212,112,2,118,209,3,1,0,1,1,0,0,1,1,0,0,125,127,102,63,10,47,101,149,179,193,179,142,89,23,43,113,170,215,240,511,227,187,136,67,11,83,160,220,271,296,304,281,241,180,100,19,69,154,230,296,341,367,362,339,288,211,118,119,95,197,282,356,409,439,437,407,357,268,169,52,73,194,306,405,475,510,519,485,432,345,234,104,30,167,292,402,488,544,575,567,526,451,340,246,69,75,222,350,468,558,622,642,632,573,490,368,224,60,110,278,438,558,655,720,734,714,649,535,384,202,10,13,377,537,675,775,831,827,786,678,541,12
25,5,749,854,922,949,939,881,800,673,530,350,169,23,214,400,567,705,815,893,934,939,902,825,716,566,400,224,45,141,318,479,623,726,805,840,853,832,766,591,536,386,216,51,104,268,402,525,614,671,698,690,657,593,508,406,285,164,31,91,200,294,370,430,470,477,465,427,382,321,256,179,106,28,45,756,162,200,227,248,254,251,240,219,190,156,122,91,60,29,3,16,35,57,79,93,115,134,153,172,183,190,185,837,144,106,54,4,74,149,215,265,294,303,272,215,135,34,71,174,247,290,286,1,0,0,1,1,1,0,1,0,0,1,121,99,62,15,36,89,138,174,193,200,189,158,114,60,1,62,124,177,222,455,273,270,255,221,172,118,49,18,87,154,218,268,311,335,344,336,318,283,225,156,84,5,78,162,236,304,367,262,438,443,430,395,344,281,198,106,9,92,189,286,370,438,488,524,541,528,499,441,367,275,170,60,58,171,284,380,466,536,583,613,622,605,557,651,408,306,188,64,59,189,314,431,533,613,675,710,724,702,665,594,495,375,245,95,55,212,361,506,631,732,812,694,861,835,774,679,561,415,254,79,99,0
41,8,916,935,921,860,769,639,488,312,129,275,260,441,600,736,836,906,939,938,893,817,706,569,404,212,24,160,330,491,630,741,825,861,872,833,771,688,557,659,244,76,91,246,381,515,615,687,725,718,689,624,540,442,323,200,69,56,182,287,372,434,478,497,500,472,427,365,295,215,136,53,24,97,158,999,242,262,275,274,263,245,217,181,140,101,64,36,6,25,46,65,81,99,116,125,139,152,163,170,172,171,158,758,96,49,11,72,142,203,259,285,294,278,227,150,54,50,149,232,282,299,265,1,0,2,1,0,0,0,0,0,1,0,59,14,39,87,131,163,179,183,165,135,90,35,27,88,145,194,230,252,258,507,221,178,123,66,1,63,132,192,247,286,316,325,324,300,265,216,162,93,15,65,147,220,286,345,382,410,420,317,383,337,277,204,116,23,73,173,265,345,416,473,507,516,504,481,438,369,288,188,80,32,147,256,357,439,513,564,595,605,589,553,498,422,322,239,93,30,155,273,386,489,578,642,686,701,697,662,606,519,416,290,154,13,133,283,425,554,667,753,811,837,836,732,729,628,499,351,184,3,179,354,514,1
249,10,1470,1395,1260,1027,762,437,108,246,588,1578,1164,1363,1484,1522,1481,1366,1176,930,624,291,63,396,715,982,1197,1347,1426,1430,1362,1208,1001,723,421,86,231,531,806,339,1191,1270,1282,1216,1095,910,677,417,132,138,400,624,807,941,1011,1025,977,882,732,548,347,132,67,253,419,544,638,674,684,647,592,501,391,267,136,579,103,203,288,338,375,387,381,357,318,262,208,150,98,38,5,52,85,123,156,185,214,236,264,275,280,261,230,1170,93,4,105,212,322,404,457,453,411,312,168,1,176,326,440,484,463,358,198,0,0,2,0,0,2,0,1,0,1,1,140,71,15,106,186,250,287,290,264,203,120,21,87,199,287,354,389,394,377,756,241,138,26,93,210,313,404,464,500,497,468,405,313,199,64,71,208,328,445,535,596,617,604,560,484,378,237,186,84,249,396,528,633,710,756,754,721,623,511,351,178,17,213,398,566,703,804,873,890,869,789,671,511,333,130,80,289,493,676,824,937,994,1010,1336,885,746,573,371,153,85,316,545,748,916,1046,1119,1153,1110,1029,880,695,464,210,62,337,600,852,1056,1224,1322,1360,1173,1202,1013,792,517,209,120,447,744,1002,10
57,6,863,824,745,626,476,301,113,86,278,838,617,750,840,890,892,856,780,671,521,352,161,27,217,399,554,682,778,835,855,822,757,643,510,347,172,1,180,459,493,607,686,729,736,704,635,542,418,274,127,22,164,293,401,489,539,565,558,517,458,376,282,185,76,26,126,206,273,318,348,360,352,329,287,608,175,118,53,3,55,98,133,159,175,179,180,172,163,148,130,109,89,67,46,23,0,25,55,84,112,144,174,659,207,205,186,149,96,24,56,136,208,264,292,286,245,174,78,30,135,217,262,0,1,1,0,0,2,1,1,0,0,0,85,119,141,140,124,90,45,9,65,120,163,193,206,206,186,150,100,39,21,71,149,200,241,265,269,262,231,191,138,74,1,73,144,206,259,300,330,340,332,300,255,198,125,44,39,124,209,120,350,394,417,421,404,372,314,239,155,55,43,148,247,334,409,465,501,509,496,452,392,313,212,104,15,131,246,348,437,506,555,582,582,554,497,548,322,209,83,47,175,301,416,515,594,644,669,663,633,567,480,364,229,83,66,219,368,500,616,703,765,790,778,671,644,523,377,210,35,149,328,494,633,3
59,5,671,536,370,179,16,213,400,566,711,1272,880,902,875,800,685,535,363,176,30,228,415,574,706,793,844,853,820,744,629,484,316,127,59,241,411,548,667,24,772,763,707,617,512,366,205,43,121,269,397,497,571,604,612,588,521,444,336,215,93,31,142,236,321,375,410,414,401,369,324,262,192,114,36,493,102,152,192,217,233,234,223,207,179,145,112,79,44,11,13,35,56,77,97,112,128,147,157,162,163,155,138,699,63,11,51,113,180,232,266,274,253,204,125,28,73,168,239,281,279,235,150,0,0,1,2,0,1,2,0,0,2,1,72,112,139,144,137,110,68,12,43,101,151,185,207,212,196,163,111,53,10,34,142,196,238,263,271,264,234,193,137,72,0,75,150,212,267,307,335,337,325,290,239,176,98,11,75,163,245,166,371,409,422,413,384,335,264,178,83,22,125,228,318,396,451,489,505,489,453,383,301,201,84,37,156,268,370,455,518,564,575,565,525,457,366,312,137,11,123,253,370,475,562,623,655,656,627,566,483,370,239,92,65,218,363,499,607,691,748,764,748,695,606,523,334,161,16,200,379,541,678,781,846,2
82,30,776,894,947,928,856,716,537,313,71,440,425,633,794,903,949,931,860,726,532,318,73,171,398,611,762,859,910,893,819,681,503,277,53,173,389,561,714,57,831,800,707,570,414,209,1,203,380,517,622,675,680,632,546,429,280,128,40,195,319,415,477,505,498,448,373,274,164,50,49,153,230,289,329,1212,313,280,226,169,107,41,18,71,119,143,162,177,174,167,157,132,111,89,58,30,2,37,67,106,147,172,196,792,192,164,122,57,29,118,203,260,294,292,241,154,38,81,191,269,303,280,201,2,0,1,2,2,1,0,0,1,0,1,126,144,133,103,52,7,75,131,179,203,205,179,132,69,6,82,153,211,250,516,256,220,169,98,12,64,152,222,280,310,322,303,262,200,113,22,71,165,249,318,369,387,380,348,286,195,94,80,134,235,330,401,446,467,447,402,330,224,105,27,169,289,393,479,532,545,528,462,375,257,113,37,180,316,433,523,586,609,589,530,443,326,181,37,142,291,431,537,621,666,672,630,551,428,280,115,68,247,417,563,675,743,769,748,676,552,402,207,1,215,423,395,741,829,876,860,794,662,494,282,62,15
39,19,715,597,456,285,104,84,268,442,602,1190,830,890,902,877,806,708,574,421,236,50,138,316,480,622,734,805,847,847,817,737,628,478,321,148,27,193,362,320,618,696,735,741,722,661,571,457,317,168,21,124,257,371,464,530,561,575,553,504,432,345,250,153,44,58,149,225,288,334,358,366,355,330,287,608,174,117,59,4,45,91,126,155,171,178,177,175,164,149,134,117,99,83,62,43,22,1,28,58,95,127,161,533,209,218,214,186,144,81,4,74,156,228,273,293,278,229,152,52,55,153,223,3,0,0,2,0,2,2,0,0,2,1,110,87,48,0,51,100,142,169,183,183,159,122,72,15,45,102,156,196,227,473,249,230,196,152,93,33,37,103,168,222,268,295,314,312,292,259,214,152,81,3,81,155,229,291,339,376,397,292,375,336,277,209,123,34,63,161,251,329,401,451,478,485,466,433,382,306,215,112,2,112,222,326,411,480,531,556,562,547,499,435,352,250,134,33,115,231,343,439,522,586,631,646,639,596,529,442,337,211,76,68,212,350,472,580,664,725,760,756,723,650,550,484,280,119,46,218,386,540,677,779,846,2
202,16,206,229,237,242,239,228,227,217,185,355,115,80,43,21,57,106,140,196,236,262,299,307,314,314,271,279,210,193,145,96,67,10,52,101,143,179,217,207,249,260,269,247,232,190,158,111,82,41,2,38,68,112,154,180,187,200,176,161,152,115,90,62,21,5,21,56,82,96,126,111,112,92,86,67,46,22,7,29,41,67,86,92,90,88,77,59,44,18,28,54,78,94,113,125,135,108,78,40,10,25,77,459,116,127,132,100,91,43,15,26,54,93,112,115,105,82,28,3,42,78,80,0,2,1,3,1,6,5,3,0,0,7,279,454,550,503,342,125,112,348,532,659,706,671,588,403,221,0,239,475,633,329,819,813,759,660,526,334,123,108,294,471,610,746,785,827,821,769,688,564,429,277,107,55,226,370,498,624,702,1574,792,800,767,703,630,521,393,269,122,20,156,319,441,528,645,713,752,771,767,722,692,604,512,362,240,140,13,151,268,406,514,557,619,669,665,1318,632,578,488,402,317,215,107,13,60,157,227,268,330,383,388,391,382,352,336,308,286,258,199,173,128,107,71,1459,13,2,39,32,65,81,93,126,129,0
141,8,96,109,165,198,226,220,274,257,276,546,233,193,142,122,78,9,35,94,157,193,228,266,289,299,293,263,237,230,176,109,81,19,49,94,136,175,244,19,276,266,254,215,190,169,112,41,0,36,83,113,158,165,161,169,164,153,131,106,82,39,10,31,65,93,94,116,132,124,89,94,59,30,4,174,34,67,86,100,95,73,75,47,35,19,35,54,69,94,103,89,96,79,26,5,20,66,99,107,131,131,110,412,50,0,44,73,91,114,114,120,86,33,6,45,91,107,113,88,58,1,36,3,2,1,0,3,2,0,3,3,2,1,26,270,477,567,536,374,169,86,335,535,668,727,694,563,397,167,73,337,542,150,803,819,787,683,510,328,106,149,335,518,663,770,817,821,759,659,539,371,192,7,188,355,520,624,718,766,788,2027,716,624,493,360,209,38,113,291,440,562,669,737,767,771,762,689,617,483,349,202,28,133,298,437,542,624,694,734,735,713,656,544,437,305,190,697,92,214,330,413,484,513,552,563,516,473,411,335,263,181,93,1,42,101,159,200,243,269,245,257,257,237,226,1587,191,174,172,135,103,96,79,61,11,7
17,4,43,28,5,14,44,69,94,109,125,287,151,161,163,148,146,133,103,65,36,3,17,57,92,104,140,155,156,172,165,169,136,116,90,60,28,4,28,360,82,96,115,129,137,139,134,123,95,77,54,18,2,21,51,54,79,87,94,91,95,85,76,50,35,18,6,26,44,43,56,62,57,48,50,29,20,4,16,25,39,37,61,45,51,30,27,13,2,20,47,51,51,71,66,52,38,22,2,27,43,55,70,417,62,51,30,16,2,26,51,56,62,60,51,31,8,16,33,49,53,44,26,1,3,1,2,3,1,0,2,2,0,7,137,5,142,268,324,337,273,168,35,97,225,324,399,417,388,326,209,95,43,145,296,388,451,477,460,411,325,221,105,18,144,255,341,407,449,452,450,410,354,273,186,88,5,118,209,290,357,728,432,435,425,398,355,290,216,134,41,48,140,232,299,351,411,429,439,426,400,356,290,229,133,42,44,128,201,263,327,351,394,393,387,365,316,656,203,131,50,9,66,134,180,224,258,275,277,274,245,216,189,161,117,91,47,13,7,38,59,84,89,101,122,355,109,111,110,117,115,114,95,96,83,2
58,24,841,883,862,768,626,437,219,17,257,851,660,799,883,899,852,744,585,387,159,79,311,516,686,795,851,844,791,672,512,304,86,141,350,529,668,760,794,365,687,550,377,188,11,208,385,526,627,667,666,608,511,380,228,63,95,245,365,454,500,510,485,422,334,221,100,18,123,215,280,330,349,344,312,697,187,118,43,27,91,139,175,193,198,187,171,150,122,86,52,18,7,33,58,83,105,129,147,162,163,158,135,663,41,22,90,155,219,255,262,232,171,85,22,131,222,281,293,254,168,53,70,0,2,0,1,0,2,1,0,0,0,1,89,124,138,130,99,54,6,71,131,173,196,194,170,128,67,1,77,146,205,432,256,244,210,153,84,7,74,150,222,272,302,305,284,239,169,90,0,90,182,260,322,357,369,350,308,234,145,122,72,180,278,353,406,434,432,400,334,244,132,8,125,245,354,436,492,511,495,439,357,244,112,30,170,301,412,499,552,568,546,486,393,274,128,89,180,320,445,539,604,628,618,558,464,333,179,11,163,331,482,602,683,716,711,650,548,404,230,34,172,368,546,493,779,814,805,731,612,445,247,27,193,12
7,20,90,274,445,600,725,820,878,895,878,1126,716,588,430,253,69,120,300,468,621,743,826,871,875,831,759,654,527,373,203,20,159,327,480,598,698,766,794,314,729,647,531,396,253,90,66,219,353,463,552,606,629,624,592,530,444,345,229,108,11,123,219,299,368,411,430,426,403,363,312,246,177,105,32,491,99,145,184,212,226,231,225,210,186,160,129,102,74,42,17,6,28,44,65,82,98,120,141,157,170,179,177,789,135,96,47,12,79,145,205,252,279,278,242,179,94,2,103,193,255,277,256,0,0,0,2,0,1,0,0,0,0,0,15,60,106,138,155,155,136,103,60,6,48,106,156,196,219,227,219,192,152,307,38,27,90,149,202,244,269,283,284,267,234,185,125,56,17,89,158,224,279,324,353,365,360,333,292,234,164,150,6,94,180,259,327,385,428,453,458,436,398,335,254,161,60,44,146,247,337,415,478,519,537,536,503,453,383,290,187,79,44,160,269,374,462,780,587,609,610,585,538,469,379,269,147,18,119,250,375,485,585,658,707,723,710,668,594,497,379,231,78,85,250,218,541,656,747,807,840,830,787,705,592,5
15,33,95,130,346,541,712,838,927,947,929,1155,712,540,336,113,114,333,534,700,833,915,943,909,825,681,508,311,103,110,320,511,670,780,851,860,824,745,618,669,257,55,146,327,481,610,699,744,737,681,588,458,313,155,7,161,304,416,501,546,555,532,481,400,300,185,69,40,138,223,293,339,368,366,349,878,239,178,106,42,23,76,122,154,177,189,189,180,169,147,125,98,75,54,28,3,26,53,89,121,153,179,200,801,195,167,123,61,13,97,181,243,287,303,274,209,110,3,119,216,282,296,258,0,1,0,0,0,0,0,1,0,3,0,66,18,38,90,140,167,177,168,136,88,28,42,112,168,213,242,244,228,191,371,66,7,85,156,218,262,291,299,289,256,204,134,51,34,120,200,272,325,360,370,359,328,270,196,109,9,95,51,292,370,423,450,453,428,379,309,220,109,6,128,247,353,438,502,534,532,509,445,361,256,128,7,143,275,394,490,558,601,606,582,526,438,325,212,47,97,244,378,497,586,654,681,680,635,557,448,315,156,17,190,365,510,633,723,780,792,769,693,580,427,250,200,144,341,523,677,804,877,913,889,823,10
95,8,851,671,396,57,284,592,818,934,936,1086,562,251,102,429,700,878,939,882,699,422,86,258,559,787,897,891,777,549,255,76,392,647,814,855,791,632,363,639,244,514,688,778,769,638,432,164,116,362,559,661,676,596,438,228,8,230,412,526,557,509,402,247,67,120,273,376,429,414,345,243,113,25,145,1116,294,299,269,212,130,41,46,123,172,189,184,173,135,89,37,12,56,92,123,140,150,144,125,86,34,33,107,363,215,226,202,138,35,86,197,269,297,257,149,7,142,257,311,279,171,22,132,4,2,1,0,1,1,0,1,0,0,0,131,125,81,9,64,133,176,179,145,77,14,103,181,224,228,186,108,8,98,277,253,275,254,187,87,21,140,234,299,313,288,212,103,23,152,260,328,357,338,262,149,11,133,264,360,406,405,298,224,71,92,246,368,452,473,425,325,168,8,189,353,468,517,505,417,277,92,108,299,453,551,572,521,399,228,17,193,385,535,606,604,535,376,189,48,274,470,598,661,642,543,364,135,111,354,549,686,737,688,558,335,79,189,445,648,774,804,722,544,288,7,115,579,772,867,855,728,498,200,128,443,8
4,37,444,278,102,76,256,429,588,721,832,1380,947,956,926,862,754,630,478,318,131,55,237,402,551,681,784,855,903,904,880,809,718,583,442,280,116,42,215,440,512,628,706,757,777,764,725,661,565,444,320,176,35,97,224,333,424,498,544,562,559,529,487,428,351,262,168,81,7,86,160,223,275,312,334,1205,317,295,267,232,188,143,97,56,15,27,57,80,96,113,123,130,137,145,145,145,147,148,147,140,129,107,78,508,9,59,121,178,228,262,284,275,243,196,120,28,71,163,238,290,302,275,211,3,1,2,0,0,1,0,2,0,2,0,128,125,102,65,18,31,83,132,169,197,207,203,184,146,97,42,18,81,135,290,234,265,282,283,267,239,196,142,86,20,51,119,183,240,289,325,353,363,357,331,297,243,181,111,35,47,132,54,293,355,406,440,457,462,444,409,368,296,225,131,30,78,181,277,361,433,493,532,562,562,542,504,442,366,273,170,64,45,160,269,370,466,537,853,638,649,647,612,564,495,412,303,186,60,71,195,319,438,547,644,713,758,772,762,727,668,586,469,339,195,34,51,280,434,572,694,795,868,909,920,894,2
71,13,787,649,481,276,61,157,368,559,733,1337,933,960,927,840,702,531,332,118,110,326,524,686,815,885,909,884,814,696,538,348,144,73,272,454,617,732,810,240,810,739,616,466,303,108,74,250,408,531,621,666,676,643,579,484,357,218,67,75,202,313,401,458,486,481,452,389,313,222,131,37,51,130,203,1117,282,295,290,269,237,194,145,92,42,2,41,73,100,123,133,140,142,145,145,138,132,120,104,80,44,7,43,1,149,195,232,252,254,222,163,86,9,110,204,275,311,305,256,163,47,72,175,3,0,1,0,0,0,1,0,0,1,2,108,76,31,24,86,135,171,188,183,159,113,57,7,79,140,196,233,252,251,510,187,128,56,21,99,165,227,274,307,318,305,267,218,151,69,16,106,186,263,320,364,388,381,356,308,240,154,150,49,156,252,333,400,446,469,467,441,374,302,197,78,45,169,282,386,467,526,552,551,519,454,365,254,130,5,143,273,393,489,565,614,623,604,743,474,366,238,94,54,203,346,472,582,659,704,709,687,619,525,395,236,68,104,280,442,585,703,782,826,821,775,666,552,383,195,11,216,416,593,744,856,6
37,27,468,264,47,176,389,582,747,858,937,1391,915,829,689,515,307,82,143,359,559,724,841,910,930,885,793,660,497,304,95,123,330,512,664,768,836,852,816,539,599,438,248,55,129,313,465,593,674,709,705,652,566,451,316,169,11,136,273,383,461,507,526,508,463,388,299,192,90,14,109,194,262,306,337,1181,311,281,232,182,126,64,5,47,88,124,144,159,167,165,157,146,133,120,101,85,62,38,5,30,73,113,155,521,214,224,222,193,143,69,22,111,196,270,306,306,265,185,75,46,161,244,282,2,0,1,0,1,1,0,0,1,0,0,86,46,9,64,120,159,180,182,162,122,67,1,68,133,186,229,247,246,223,443,124,53,21,98,169,225,272,299,310,292,259,201,131,53,35,121,205,275,331,362,376,371,334,282,208,119,19,48,188,282,359,415,450,462,444,400,339,242,142,22,103,224,331,424,496,534,553,527,478,400,295,172,40,95,231,352,455,540,591,617,606,566,489,489,264,128,24,173,314,443,553,631,685,698,678,620,532,405,259,91,91,262,419,563,675,760,805,807,762,673,545,454,200,2,204,401,584,731,844,908,926,8
26,19,305,113,86,280,466,629,766,867,932,1399,934,866,759,619,446,257,59,140,337,518,675,789,875,908,904,865,789,674,532,358,172,21,209,382,538,662,760,112,828,804,732,630,513,361,201,33,129,277,410,514,591,638,652,638,582,511,407,290,171,51,61,169,265,339,398,426,435,418,387,340,280,214,140,152,5,68,123,171,202,220,227,226,212,193,169,146,119,89,60,35,10,10,30,51,74,99,124,149,173,191,201,826,183,152,108,51,17,96,171,236,283,305,291,243,167,68,41,149,234,284,289,1,1,2,1,0,0,1,2,0,0,0,66,22,30,84,128,162,179,178,161,128,78,18,44,109,161,208,240,254,248,509,190,139,77,8,61,129,192,246,289,313,321,311,285,239,179,110,35,42,125,202,273,329,373,400,405,390,356,297,234,151,57,37,133,226,315,389,450,486,509,495,460,400,323,236,135,23,91,206,313,408,486,543,575,582,565,520,454,372,265,149,25,105,230,544,460,542,609,649,665,652,618,548,461,347,221,82,63,213,357,491,604,692,748,781,777,741,677,571,445,291,124,107,222,394,550,687,800,873,912,908,861,0
57,25,764,880,940,938,899,803,676,500,305,56,140,348,540,698,829,909,946,934,860,750,594,418,219,9,216,418,584,719,824,877,896,839,750,616,456,291,89,586,300,469,602,699,754,771,744,670,569,423,273,107,57,208,345,456,537,588,594,567,510,427,331,221,103,17,125,217,286,341,372,385,378,348,300,556,160,96,25,35,89,134,170,194,201,200,191,175,157,130,108,81,59,36,7,13,44,68,97,127,158,179,195,809,192,169,124,66,4,92,172,238,288,304,283,228,142,35,80,182,258,291,276,0,0,2,2,2,1,0,1,0,0,0,132,111,75,25,31,87,136,174,196,198,174,135,80,15,54,116,176,220,252,525,253,222,175,114,43,30,108,181,241,289,316,322,314,286,233,167,94,11,80,169,247,315,365,396,402,389,357,281,222,123,27,75,181,275,364,429,478,490,493,455,393,306,201,88,32,154,265,374,460,527,565,573,551,504,429,329,211,87,56,188,319,435,524,857,641,646,624,565,492,381,263,111,36,192,337,467,584,667,730,750,735,679,591,468,321,155,20,205,383,545,684,598,850,863,842,773,671,521,349,155,40,9
46,17,692,537,358,156,52,261,456,627,776,1362,943,960,923,839,712,550,363,163,50,258,452,620,757,847,898,905,870,791,669,507,331,137,63,254,434,585,708,31,819,814,757,665,548,396,232,58,112,268,410,517,598,637,650,629,567,486,376,251,121,10,132,234,326,387,429,438,433,399,353,287,216,137,57,449,90,145,191,225,244,248,239,222,196,160,127,93,59,23,1,27,48,70,92,107,125,144,161,173,176,173,158,758,93,40,22,92,165,227,270,289,279,239,167,71,37,143,231,291,302,268,191,1,1,1,0,2,1,0,0,0,0,1,97,130,148,143,125,84,31,27,87,143,184,208,218,207,180,136,75,8,61,149,193,240,274,287,279,259,213,157,92,16,61,138,210,267,312,342,357,345,316,266,202,127,39,51,142,228,309,214,417,441,440,416,368,304,220,124,21,93,198,298,387,456,503,529,528,495,442,357,260,146,22,105,228,342,440,518,573,604,604,578,526,443,337,238,83,52,193,324,442,543,622,673,697,683,643,567,470,340,197,40,129,290,438,572,674,756,805,810,782,711,607,524,303,120,71,263,447,613,752,853,918,7
24,0,769,840,882,888,859,790,695,564,418,199,74,107,281,446,587,705,799,855,882,876,832,752,643,501,344,177,10,160,323,473,598,694,764,793,804,782,722,545,512,376,227,72,77,229,360,474,559,619,651,649,624,577,503,415,307,196,75,41,145,241,319,378,420,440,441,419,381,335,274,210,140,73,4,589,112,156,190,215,228,230,225,208,184,162,135,108,82,58,33,12,8,28,46,62,82,103,124,146,164,179,187,807,173,150,109,60,0,69,141,203,255,284,287,259,200,121,23,78,168,236,266,3,0,0,0,1,1,0,0,0,2,2,63,22,26,71,115,147,167,174,163,137,100,49,6,61,115,165,204,230,244,519,225,191,146,93,31,29,91,151,206,250,286,307,315,305,281,241,194,134,64,8,85,157,223,285,334,368,393,289,389,360,316,254,183,101,12,81,171,255,331,395,445,477,489,486,465,419,359,279,187,87,19,124,228,325,408,477,528,562,574,569,541,493,420,421,235,125,7,105,224,333,433,520,592,640,668,669,652,602,536,443,334,209,76,63,201,341,471,587,684,751,793,683,785,735,652,543,416,266,105,60,230,0
37,13,741,839,888,869,807,688,528,330,114,337,328,523,692,809,876,885,844,753,611,432,230,10,206,411,585,719,812,849,833,759,647,479,296,90,115,300,476,178,713,758,747,693,601,462,302,124,58,225,376,490,572,612,616,570,493,392,261,120,17,146,258,344,410,441,442,410,352,280,200,108,18,69,146,997,248,267,272,259,230,193,147,99,51,7,35,73,102,126,138,142,144,140,137,127,117,99,80,45,5,37,84,176,180,209,229,228,200,147,72,19,115,201,263,293,281,229,143,27,87,190,249,4,0,0,1,1,3,1,0,1,0,0,70,25,27,78,125,155,166,157,128,80,23,42,105,161,203,226,225,203,163,318,37,35,111,178,229,263,280,272,252,203,141,62,21,103,182,247,303,339,348,333,295,238,158,67,26,128,222,156,368,405,421,407,367,306,215,115,3,115,228,326,409,464,485,487,454,391,304,190,68,64,196,315,416,494,544,560,545,496,413,304,182,43,98,386,371,474,558,605,625,604,556,460,349,206,50,105,265,411,543,638,703,718,698,630,528,388,226,41,147,332,506,452,750,801,817,775,694,563,400,208,3,10
19,28,262,452,617,747,839,885,886,838,746,788,455,266,63,141,339,515,660,775,854,886,870,797,688,531,357,166,27,221,401,559,684,766,808,801,757,684,559,640,230,47,134,298,441,562,646,692,697,649,581,472,348,210,67,73,205,321,416,474,508,507,479,429,357,266,170,72,23,112,189,254,300,323,327,1051,278,239,186,133,82,26,27,71,108,135,154,161,165,161,152,143,126,110,95,77,54,31,2,36,76,112,149,480,203,213,209,188,146,77,4,89,172,240,284,291,263,201,103,1,112,201,254,3,1,0,3,1,2,0,1,0,1,0,114,129,131,110,76,28,26,82,131,172,194,196,186,149,102,43,25,90,151,317,239,256,255,239,203,154,91,19,51,127,192,247,291,314,321,306,277,228,160,82,0,86,172,250,314,363,393,296,386,345,291,214,126,25,80,182,279,357,424,464,480,470,437,382,301,204,94,28,144,261,362,448,507,543,554,534,489,419,320,211,86,47,174,464,412,499,570,611,625,605,560,483,385,261,126,17,167,311,448,562,653,706,728,715,662,578,467,316,153,20,202,178,526,649,750,810,836,812,753,647,508,13
70,3,62,88,108,121,129,136,141,136,122,220,80,42,10,22,55,89,114,144,161,169,174,159,138,109,74,42,5,32,63,98,130,146,160,161,157,142,115,454,51,13,18,49,73,102,117,124,128,124,106,89,65,39,9,21,44,75,78,86,91,88,76,64,41,25,1,24,39,48,63,56,60,48,36,32,5,9,20,38,44,52,50,39,29,16,5,21,37,52,56,57,49,40,20,3,16,37,61,70,76,68,51,92,13,24,42,60,71,68,53,35,10,16,37,55,65,57,40,14,15,37,43,0,1,4,1,1,4,0,1,0,2,3,160,28,125,257,333,329,262,136,13,166,291,376,410,389,309,195,46,109,249,47,442,464,445,376,266,140,0,136,263,361,435,463,459,409,335,231,122,2,121,232,326,397,435,451,426,389,320,1297,132,20,92,188,280,353,406,437,448,420,374,304,218,122,15,95,187,279,352,401,429,435,408,360,295,215,114,13,83,174,252,316,354,378,382,774,311,256,184,108,28,48,111,167,223,239,260,259,248,215,185,142,107,54,15,20,55,88,100,117,127,131,130,706,113,108,103,91,81,64,44,25,19,14
63,28,761,890,946,915,827,670,464,214,42,620,545,741,873,944,937,858,720,533,293,35,223,461,665,813,891,902,856,734,555,338,101,149,378,572,726,820,843,437,688,530,326,109,105,319,493,626,707,715,682,578,446,277,98,85,253,396,494,551,554,515,442,344,216,79,53,172,273,342,377,390,368,315,251,221,70,12,87,151,199,228,235,226,205,163,122,82,36,9,43,75,101,117,132,145,154,155,148,134,102,61,6,173,123,181,224,248,255,213,146,48,61,169,255,306,307,258,165,35,93,205,272,1,2,0,0,1,0,0,1,0,3,1,101,56,0,63,118,160,179,171,137,86,16,57,129,188,225,239,223,187,123,204,42,125,199,253,283,290,266,218,150,67,28,126,214,280,326,346,340,301,239,147,45,59,171,270,350,398,423,327,360,285,179,61,66,189,307,399,470,492,494,440,350,236,97,45,191,322,434,513,561,558,515,430,315,173,13,144,292,426,529,595,623,608,533,550,288,129,49,216,375,514,620,675,688,650,565,440,280,90,109,305,483,626,729,775,772,710,600,430,226,2,228,235,623,763,852,873,838,737,581,367,135,10
58,8,781,632,431,198,46,292,518,705,855,1391,953,904,783,609,394,150,96,337,561,742,862,922,920,840,705,531,317,86,151,381,578,727,825,850,830,753,611,655,212,9,228,414,575,689,742,744,691,577,441,266,82,96,262,406,505,577,594,558,489,383,263,134,4,136,244,327,385,408,400,370,312,233,151,172,32,104,170,210,240,247,241,219,180,137,91,50,9,32,65,94,115,127,140,149,155,153,142,124,90,49,3,169,123,181,227,250,257,222,158,77,31,140,233,295,312,280,203,90,41,162,245,3,0,1,1,0,0,0,0,0,0,1,129,117,83,28,32,92,146,177,193,182,143,87,17,59,128,184,228,249,243,478,160,91,11,77,155,222,273,300,309,288,238,166,83,10,108,192,271,328,364,370,347,299,221,126,22,91,200,153,377,427,447,433,388,320,219,99,28,157,281,385,465,510,513,491,430,340,220,79,67,214,344,458,535,582,587,545,477,373,234,84,73,228,371,726,593,638,651,614,539,436,298,130,45,220,388,527,641,714,739,720,640,524,375,185,13,215,411,585,724,813,853,737,746,605,429,216,16,251,471,667,808,3
56,14,656,502,322,117,86,292,484,642,779,1335,900,889,823,711,559,377,174,33,244,440,607,736,820,855,848,790,698,561,395,207,6,195,376,529,657,747,789,292,729,632,501,340,177,3,174,333,465,560,623,643,628,579,496,385,255,121,19,147,257,351,419,453,467,445,402,331,250,164,75,13,98,166,228,1141,285,286,270,244,206,162,112,65,17,27,60,90,114,131,140,143,143,140,135,126,116,101,81,52,19,22,70,76,164,199,231,238,226,186,120,39,51,145,223,276,297,275,212,118,7,106,194,2,2,0,0,1,1,0,0,0,0,1,86,50,3,54,106,144,168,173,157,125,74,15,47,112,166,206,228,232,218,445,134,74,6,66,135,195,246,279,293,288,263,216,156,87,5,76,158,225,289,332,357,361,341,303,242,166,76,62,121,215,297,365,411,435,439,413,369,294,207,99,14,132,240,340,424,480,517,516,495,439,362,263,147,24,106,230,343,441,515,565,587,574,534,624,370,254,121,17,156,289,418,520,603,649,667,648,598,513,402,263,105,56,218,374,513,628,718,767,778,742,667,573,408,234,48,145,338,513,663,780,853,2
27,13,615,737,830,880,896,868,804,705,582,461,246,67,118,299,465,609,732,818,869,884,860,797,696,559,406,239,67,105,281,442,581,687,766,794,802,781,715,558,488,342,182,23,128,282,412,522,604,644,662,642,599,530,441,335,214,97,28,145,244,330,391,433,455,453,432,387,326,263,194,114,35,34,100,871,197,225,244,251,246,234,212,182,147,113,75,45,15,11,38,56,72,87,103,116,131,148,157,164,167,162,146,728,78,33,26,82,147,206,251,273,271,246,189,111,16,80,171,242,278,274,227,1,0,1,1,1,1,2,1,0,1,1,118,129,126,105,72,25,26,77,124,165,190,200,194,172,138,90,33,26,90,184,199,235,260,268,260,239,200,150,92,25,41,110,175,232,280,313,334,337,326,298,255,196,122,44,35,117,199,125,337,385,414,425,418,394,351,291,219,129,36,63,165,260,340,415,471,505,520,508,477,422,350,263,161,53,60,169,274,369,454,520,567,594,587,775,523,449,360,256,144,20,105,230,350,457,549,615,668,687,687,652,594,505,400,273,134,14,167,319,463,586,691,592,807,814,789,728,645,525,384,224,57,4
207,72,848,907,906,832,710,547,352,134,90,394,492,648,754,814,825,777,678,532,344,119,117,348,573,768,927,1042,1108,1124,1081,981,846,667,466,257,44,149,304,1700,501,522,497,396,240,46,188,443,711,974,1206,1409,1580,1700,1772,1777,1731,1631,1480,1295,1092,881,672,473,286,124,23,141,225,279,309,309,297,265,223,64,144,114,97,94,99,109,125,147,172,197,223,254,282,295,302,306,311,313,306,298,296,295,296,279,250,213,162,421,14,81,181,279,366,436,473,477,443,375,283,181,87,17,18,3,62,158,262,1,7,1,7,1,5,4,8,1,5,1,19,3,13,10,4,23,39,51,50,36,4,49,120,204,294,381,460,528,578,616,605,580,535,464,377,277,170,62,29,108,175,226,256,256,229,184,127,62,6,75,136,179,201,203,182,132,52,326,178,319,461,606,749,884,998,1091,1151,1171,1159,1090,989,856,699,530,352,173,2,155,292,401,481,524,527,491,415,309,185,48,98,243,371,479,569,980,661,651,605,532,426,292,145,20,178,328,473,593,683,739,754,724,661,547,399,218,18,189,404,605,780,922,1025,669,1089,1042,944,799,614,401,175,53,261,36
217,2,259,263,247,231,196,154,113,47,41,248,157,220,269,317,339,338,343,321,290,250,191,125,44,39,115,195,257,285,330,341,357,336,295,250,196,127,52,834,94,160,213,242,271,278,281,263,226,186,130,70,10,46,94,148,183,212,213,211,182,153,120,77,25,31,72,102,113,132,132,128,110,94,60,132,9,41,69,92,110,107,100,80,47,29,13,47,81,113,128,116,111,81,57,16,29,67,106,123,148,142,109,215,39,15,61,113,143,150,144,107,63,5,36,75,105,119,111,72,13,42,78,11,5,3,0,1,5,2,0,0,5,1,451,265,23,327,572,695,677,536,301,20,266,518,719,830,840,738,550,308,24,521,542,752,900,937,903,776,596,360,109,141,392,614,786,886,923,892,818,677,507,300,78,138,349,532,686,797,866,1605,840,755,635,483,315,121,67,264,457,617,740,826,866,857,797,711,601,426,249,61,125,310,482,637,749,836,846,811,763,664,545,380,212,41,120,286,425,522,607,644,661,620,564,485,389,274,173,69,29,132,233,289,347,360,378,362,340,303,271,223,186,142,106,1771,31,7,51,74,104,138,165,180,194,11
7,14,674,796,882,930,943,916,862,753,637,541,303,122,73,251,428,583,719,825,895,933,928,888,813,685,543,386,225,50,131,308,471,602,718,785,834,856,827,511,661,547,399,248,99,75,224,366,487,569,638,672,682,653,603,533,428,333,205,78,38,150,240,321,388,430,449,444,427,391,344,283,216,144,79,353,60,109,160,192,218,231,235,227,210,190,165,146,120,92,69,42,20,1,22,37,61,88,112,135,162,187,202,760,202,181,153,108,48,25,107,178,245,293,310,296,245,171,76,33,135,221,271,3,0,1,0,1,1,0,0,0,1,1,101,70,23,26,77,123,159,184,192,189,163,121,67,10,48,110,169,215,251,492,270,251,226,184,127,70,2,71,140,201,256,299,331,344,338,316,289,238,178,108,30,53,133,213,281,340,387,286,437,431,408,366,309,236,150,57,39,135,231,318,398,458,494,528,536,515,478,417,339,246,144,31,87,193,301,393,471,540,589,613,617,602,551,636,406,305,188,70,55,179,302,418,523,605,672,708,725,709,674,612,517,407,281,140,11,164,315,463,594,702,792,682,862,849,802,724,624,485,333,167,9,8
