Subcarrier_1,Subcarrier_2,Subcarrier_3,Subcarrier_4,Subcarrier_5,Subcarrier_6,Subcarrier_7,Subcarrier_8,Subcarrier_9,Subcarrier_10,Subcarrier_11,Subcarrier_12,Subcarrier_13,Subcarrier_14,Subcarrier_15,Subcarrier_16,Subcarrier_17,Subcarrier_18,Subcarrier_19,Subcarrier_20,Subcarrier_21,Subcarrier_22,Subcarrier_23,Subcarrier_24,Subcarrier_25,Subcarrier_26,Subcarrier_27,Subcarrier_28,Subcarrier_29,Subcarrier_30,Subcarrier_31,Subcarrier_32,Subcarrier_33,Subcarrier_34,Subcarrier_35,Subcarrier_36,Subcarrier_37,Subcarrier_38,Subcarrier_39,Subcarrier_40,Subcarrier_41,Subcarrier_42,Subcarrier_43,Subcarrier_44,Subcarrier_45,Subcarrier_46,Subcarrier_47,Subcarrier_48,Subcarrier_49,Subcarrier_50,Subcarrier_51,Subcarrier_52,Subcarrier_53,Subcarrier_54,Subcarrier_55,Subcarrier_56,Subcarrier_57,Subcarrier_58,Subcarrier_59,Subcarrier_60,Subcarrier_61,Subcarrier_62,Subcarrier_63,Subcarrier_64,Subcarrier_65,Subcarrier_66,Subcarrier_67,Subcarrier_68,Subcarrier_69,Subcarrier_70,Subcarrier_71,Subcarrier_72,Subcarrier_73,Subcarrier_74,Subcarrier_75,Subcarrier_76,Subcarrier_77,Subcarrier_78,Subcarrier_79,Subcarrier_80,Subcarrier_81,Subcarrier_82,Subcarrier_83,Subcarrier_84,Subcarrier_85,Subcarrier_86,Subcarrier_87,Subcarrier_88,Subcarrier_89,Subcarrier_90,Subcarrier_91,Subcarrier_92,Subcarrier_93,Subcarrier_94,Subcarrier_95,Subcarrier_96,Subcarrier_97,Subcarrier_98,Subcarrier_99,Subcarrier_100,Subcarrier_101,Subcarrier_102,Subcarrier_103,Subcarrier_104,Subcarrier_105,Subcarrier_106,Subcarrier_107,Subcarrier_108,Subcarrier_109,Subcarrier_110,Subcarrier_111,Subcarrier_112,Subcarrier_113,Subcarrier_114,Subcarrier_115,Subcarrier_116,Subcarrier_117,Subcarrier_118,Subcarrier_119,Subcarrier_120,Subcarrier_121,Subcarrier_122,Subcarrier_123,Subcarrier_124,Subcarrier_125,Subcarrier_126,Subcarrier_127,Subcarrier_128,Subcarrier_129,Subcarrier_130,Subcarrier_131,Subcarrier_132,Subcarrier_133,Subcarrier_134,Subcarrier_135,Subcarrier_136,Subcarrier_137,Subcarrier_138,Subcarrier_139,Subcarrier_140,Subcarrier_141,Subcarrier_142,Subcarrier_143,Subcarrier_144,Subcarrier_145,Subcarrier_146,Subcarrier_147,Subcarrier_148,Subcarrier_149,Subcarrier_150,Subcarrier_151,Subcarrier_152,Subcarrier_153,Subcarrier_154,Subcarrier_155,Subcarrier_156,Subcarrier_157,Subcarrier_158,Subcarrier_159,Subcarrier_160,Subcarrier_161,Subcarrier_162,Subcarrier_163,Subcarrier_164,Subcarrier_165,Subcarrier_166,Subcarrier_167,Subcarrier_168,Subcarrier_169,Subcarrier_170,Subcarrier_171,Subcarrier_172,Subcarrier_173,Subcarrier_174,Subcarrier_175,Subcarrier_176,Subcarrier_177,Subcarrier_178,Subcarrier_179,Subcarrier_180,Subcarrier_181,Subcarrier_182,Subcarrier_183,Subcarrier_184,Subcarrier_185,Subcarrier_186,Subcarrier_187,Subcarrier_188,Subcarrier_189,Subcarrier_190,Subcarrier_191,Subcarrier_192,Subcarrier_193,Subcarrier_194,Subcarrier_195,Subcarrier_196,Subcarrier_197,Subcarrier_198,Subcarrier_199,Subcarrier_200,Subcarrier_201,Subcarrier_202,Subcarrier_203,Subcarrier_204,Subcarrier_205,Subcarrier_206,Subcarrier_207,Subcarrier_208,Subcarrier_209,Subcarrier_210,Subcarrier_211,Subcarrier_212,Subcarrier_213,Subcarrier_214,Subcarrier_215,Subcarrier_216,Subcarrier_217,Subcarrier_218,Subcarrier_219,Subcarrier_220,Subcarrier_221,Subcarrier_222,Subcarrier_223,Subcarrier_224,Subcarrier_225,Subcarrier_226,Subcarrier_227,Subcarrier_228,Subcarrier_229,Subcarrier_230,Subcarrier_231,Subcarrier_232,Subcarrier_233,Subcarrier_234,Subcarrier_235,Subcarrier_236,Subcarrier_237,Subcarrier_238,Subcarrier_239,Subcarrier_240,Subcarrier_241,Subcarrier_242,Subcarrier_243,Subcarrier_244,Subcarrier_245,Subcarrier_246,Subcarrier_247,Subcarrier_248,Subcarrier_249,Subcarrier_250,Subcarrier_251,Subcarrier_252,Subcarrier_253,Subcarrier_254,Subcarrier_255,Subcarrier_256
105,98,434,431,409,368,310,229,140,36,79,334,312,406,485,542,573,580,564,528,468,392,302,197,95,7,103,191,260,319,358,386,394,392,369,346,306,268,219,80,100,43,16,67,117,139,147,139,100,49,26,99,169,225,267,290,290,276,243,194,140,71,11,106,196,289,361,418,453,458,445,395,325,236,124,322,128,249,370,471,554,618,665,698,718,713,687,638,555,449,320,175,28,114,260,388,505,601,673,714,731,719,681,515,574,511,456,416,394,402,429,496,579,673,762,828,867,865,816,724,606,461,311,43,7,6,4,20,18,16,4,13,15,2,171,198,233,265,298,313,318,301,274,235,189,143,102,71,54,46,46,46,56,296,67,69,57,41,23,3,33,68,97,119,134,146,143,135,111,85,39,14,64,121,179,213,245,275,284,285,271,229,225,197,165,131,92,49,5,39,77,99,110,102,80,42,0,52,100,147,176,201,209,203,185,162,127,84,33,30,92,164,234,288,342,376,393,150,384,361,311,253,166,79,19,102,165,207,240,244,235,215,186,129,63,20,107,189,265,334,395,452,504,555,588,1063,582,537,451,359,236,120,2,101,203,73
106,104,1,40,74,97,106,112,84,44,3,439,90,141,170,190,183,126,44,66,186,287,369,422,460,462,458,430,407,393,381,381,388,400,393,359,291,172,22,48,291,382,400,352,247,110,28,155,256,330,382,431,473,517,547,551,518,444,327,174,9,145,261,323,329,278,196,89,20,129,210,260,287,306,328,623,430,521,626,750,873,968,1006,971,856,686,479,249,24,171,291,326,270,135,50,250,437,573,632,596,480,306,139,300,52,66,49,41,87,212,428,688,940,1100,1112,954,661,290,68,338,473,456,314,33,33,18,7,18,27,29,13,16,57,9,100,24,84,200,303,385,435,458,463,456,448,441,433,406,337,224,76,87,237,298,395,385,319,213,98,3,39,22,37,131,213,276,309,293,245,175,86,23,10,3,50,129,233,336,419,452,426,321,196,40,98,202,233,191,82,67,230,366,466,501,479,392,286,177,97,68,95,162,266,379,494,582,614,588,521,435,365,318,295,295,332,391,473,234,578,584,571,535,492,432,340,248,175,144,154,192,254,322,405,465,511,516,490,441,375,321,275,240,211,183,152,203,90,40,13,51,66,63,32,8,42,23
167,68,422,361,280,177,100,19,72,152,223,56,369,422,481,522,530,513,480,422,314,230,132,30,78,160,252,350,432,512,602,687,734,761,770,734,651,544,424,202,65,87,255,422,536,630,692,724,737,703,675,617,569,537,494,464,465,483,506,546,589,640,688,734,755,776,773,787,790,790,823,864,914,975,1057,1624,1230,1322,1415,1513,1599,1675,1743,1794,1810,1801,1734,1627,1485,1302,1071,814,543,254,54,339,607,838,1034,1147,1201,1193,1119,1125,810,633,453,301,232,232,309,453,684,935,1184,1402,1555,1617,1574,1428,1217,954,676,41,4,36,39,22,1,7,41,29,61,22,460,599,731,823,882,925,929,895,885,894,906,955,1030,1130,1225,1295,1352,1346,1280,586,1026,828,617,409,212,24,127,243,346,400,424,427,409,361,301,226,158,83,37,0,12,4,32,87,131,179,229,299,305,312,328,331,311,278,236,177,110,48,6,41,70,61,27,15,83,179,283,383,492,592,657,707,710,682,601,477,308,111,122,349,585,808,1003,252,1271,1332,1330,1274,1173,1032,888,704,513,332,131,65,281,472,683,863,1007,1114,1190,1217,1155,1078,956,798,611,439,271,246,100,230,364,504,576,629,670,678,648,20
56,39,212,381,434,366,195,7,117,134,91,132,184,344,455,411,177,201,552,737,685,417,28,347,577,602,457,230,3,150,232,280,298,251,115,76,235,237,71,51,306,234,44,359,536,473,188,177,479,610,547,301,45,380,569,529,280,71,359,419,226,96,347,377,154,201,490,553,369,41,273,485,531,461,321,218,115,416,693,808,654,206,387,864,998,706,140,416,696,590,210,184,338,150,221,489,406,26,550,818,655,164,330,614,521,375,279,218,31,354,779,910,543,200,872,1031,590,153,676,685,256,250,472,88,23,8,29,41,10,17,30,11,11,44,106,102,314,363,201,92,358,463,388,211,1,219,419,550,496,218,202,563,648,91,27,264,309,167,11,6,110,237,223,43,186,333,322,175,2,90,65,7,16,79,244,365,314,71,249,451,411,183,114,243,150,82,255,221,30,343,526,451,150,211,428,417,244,68,0,51,119,70,141,413,565,485,187,194,455,502,384,213,113,89,44,85,323,92,617,464,141,215,485,565,487,316,133,13,110,179,225,286,363,405,351,168,116,402,586,606,468,244,9,245,434,1003,525,374,129,113,261,302,294,280,273,64
163,51,551,473,285,64,112,219,218,162,107,193,137,272,446,590,651,550,294,55,417,704,821,759,552,278,27,151,235,259,250,260,279,277,220,99,46,166,214,10,10,185,321,344,229,20,237,463,606,626,520,304,22,261,473,574,515,314,32,235,385,359,156,138,428,584,543,328,25,261,452,521,505,457,412,195,284,121,152,494,817,1010,979,698,218,315,729,897,766,400,28,333,382,170,198,521,628,451,45,413,730,795,622,117,85,49,100,170,345,615,835,829,496,101,718,1057,965,488,117,549,635,400,33,6,30,14,5,68,20,36,16,41,27,9,234,261,176,2,221,398,474,443,324,163,15,195,387,546,617,539,298,38,359,446,505,313,82,58,49,70,202,240,133,64,262,380,363,250,113,14,3,50,125,160,103,45,236,394,452,379,186,75,234,284,178,23,217,296,200,43,335,537,576,436,192,44,194,226,168,102,88,169,316,469,535,478,284,26,219,384,431,409,367,330,326,345,319,181,83,107,289,428,500,498,433,338,228,117,27,43,102,141,194,270,368,455,505,486,390,224,21,175,349,487,571,1055,555,432,253,63,99,167,167,130,151,71
90,76,132,390,503,396,146,99,237,231,145,8,93,187,258,192,37,386,649,659,350,157,611,788,628,230,191,445,468,330,152,30,33,107,190,240,176,10,154,114,9,193,277,164,77,341,486,452,214,166,539,707,547,111,372,630,546,207,190,424,372,70,290,465,313,93,496,633,424,18,338,502,473,374,236,260,233,544,735,654,275,290,799,986,721,93,578,907,732,178,366,536,270,159,380,199,244,599,588,193,333,680,669,77,33,206,346,475,571,491,85,537,976,847,140,670,996,615,132,635,569,110,283,2,18,13,44,29,17,25,42,14,21,2,62,243,323,208,65,338,456,365,127,150,375,495,444,185,208,551,628,379,61,466,497,274,39,192,91,112,191,32,250,417,318,38,223,293,193,56,4,60,113,94,45,234,355,304,81,212,377,218,31,234,286,66,256,403,222,194,540,564,246,195,478,474,260,30,84,77,43,98,239,369,361,161,149,403,489,397,225,50,106,236,351,405,360,30,21,202,398,507,461,251,30,261,361,343,271,216,158,45,128,314,424,406,277,85,115,286,394,451,395,230,22,699,526,549,369,80,169,280,249,187,187,27
80,19,333,199,60,79,212,330,444,528,596,844,638,621,570,502,414,305,191,68,59,185,304,400,481,539,575,587,582,546,487,402,300,182,56,66,189,301,397,519,535,570,579,550,509,433,345,241,121,3,125,237,340,425,490,534,542,535,493,428,345,240,136,24,89,196,297,374,434,473,487,476,440,382,306,380,116,13,90,190,277,349,405,436,442,416,379,316,238,144,44,60,160,250,321,372,400,407,388,339,260,169,64,469,154,249,323,367,384,363,301,215,113,3,102,196,261,295,291,250,174,82,19,0,0,0,1,0,0,0,1,2,1,2,148,253,325,345,324,246,137,1,139,283,387,451,473,444,372,267,124,21,167,438,406,480,516,512,467,395,292,174,50,80,206,319,413,477,512,519,507,457,382,286,174,57,70,196,306,406,485,529,569,570,537,476,393,293,168,37,98,237,361,469,558,620,645,653,625,556,462,334,192,40,117,273,417,547,651,714,743,740,695,619,516,379,217,83,128,291,452,581,687,759,796,783,742,657,548,409,251,72,109,278,438,560,665,736,768,769,733,665,561,435,286,551,36,195,343,474,582,660,711,722,703,4
65,36,189,303,402,443,404,305,187,78,24,226,137,239,334,373,323,197,2,232,463,653,744,733,612,418,201,7,124,198,230,243,260,264,254,203,120,9,101,235,212,177,94,42,211,360,492,539,500,363,161,80,301,485,587,593,495,314,56,202,397,470,387,172,123,395,569,603,504,328,130,35,168,259,339,898,494,578,648,670,611,432,130,257,639,919,999,849,511,94,272,466,437,218,94,376,522,480,269,37,347,561,638,468,468,355,300,280,233,83,206,576,900,1027,847,408,140,597,794,695,379,14,251,17,1,8,3,16,17,39,9,9,0,12,252,279,218,79,105,270,383,418,403,368,319,255,128,76,329,564,691,646,439,206,152,334,345,209,12,145,192,105,73,264,390,404,304,140,21,112,119,47,58,134,133,49,92,251,375,419,369,296,46,135,251,255,130,91,332,513,551,421,171,116,343,447,431,324,210,141,141,207,301,372,389,330,206,37,134,255,316,317,275,244,263,314,397,108,462,407,301,180,55,55,161,248,331,382,383,353,298,262,263,290,328,332,288,212,120,45,20,95,192,316,447,899,586,540,435,305,149,48,19,36,36,118
25,64,232,8,295,462,394,171,56,171,105,196,33,99,311,424,316,2,427,712,685,331,180,603,742,537,143,201,366,358,264,164,71,47,185,247,174,10,176,124,52,176,330,292,67,243,484,518,309,74,471,658,552,163,307,591,573,262,181,448,427,125,260,472,333,81,473,594,402,20,410,543,474,303,83,534,339,545,651,504,59,513,945,950,422,338,890,924,407,267,630,484,9,389,398,14,447,610,354,156,600,692,423,553,302,453,485,462,301,81,590,927,737,32,765,1055,615,198,748,680,141,351,435,20,8,9,12,22,11,34,14,12,24,15,107,271,264,78,166,348,357,218,14,274,450,490,311,89,499,692,504,20,415,487,327,54,244,149,87,241,124,158,378,357,99,186,327,269,66,61,59,13,57,36,203,296,219,48,319,404,254,78,315,283,29,272,343,91,305,572,461,28,416,624,484,115,184,311,245,135,106,138,152,64,148,363,433,317,69,155,304,304,247,241,203,51,136,37,467,403,227,53,134,351,483,450,287,25,256,349,306,285,225,114,45,219,351,354,239,156,77,110,344,526,545,223,87,432,542,437,231,25,102,122,154,91
88,94,476,467,410,301,181,50,40,88,62,256,135,275,416,536,635,699,733,733,692,614,497,358,195,56,52,109,118,84,27,21,58,48,20,22,72,110,132,145,81,22,51,149,252,368,474,572,647,692,702,684,645,581,491,362,207,32,151,313,421,472,431,328,174,10,177,328,436,508,535,531,507,469,435,1004,459,538,656,799,938,1041,1087,1051,942,758,512,238,36,272,436,498,446,283,46,227,482,680,792,809,737,608,452,197,207,164,181,234,285,288,200,14,259,570,847,1018,1044,908,645,316,1,241,361,17,15,41,19,9,13,9,8,22,5,36,10,42,117,202,282,346,395,424,451,479,517,559,578,561,490,358,183,14,197,498,395,373,272,124,36,186,276,303,261,166,45,80,176,231,243,204,124,19,88,181,242,252,215,127,20,103,222,372,346,338,259,124,61,277,475,627,701,687,587,429,246,83,32,90,81,29,59,159,267,355,413,443,435,390,326,255,192,142,129,154,191,241,302,44,380,394,389,363,340,302,257,210,159,111,67,54,71,116,170,235,291,321,329,321,320,319,346,378,415,424,410,233,299,223,146,102,70,59,74,121,183,162
48,18,521,596,618,588,506,398,279,190,120,81,108,168,245,339,449,563,668,761,824,848,821,744,630,490,361,243,161,132,124,143,161,167,148,111,47,31,101,198,175,179,133,65,36,156,293,435,565,674,747,779,751,700,606,498,371,231,92,50,204,327,406,416,349,214,30,154,311,422,476,481,458,431,413,1095,457,531,646,784,921,1033,1099,1089,996,818,575,308,38,191,353,416,381,245,43,196,426,610,727,762,721,612,475,205,239,179,165,188,199,163,44,166,446,743,979,1095,1046,840,526,176,128,330,397,54,1,8,7,2,34,21,29,15,3,2,180,254,320,360,367,341,289,234,177,116,65,4,92,203,336,469,578,638,635,455,413,239,64,72,141,127,43,84,221,330,397,405,359,285,200,117,55,28,42,79,158,248,346,436,483,484,427,224,141,48,222,350,406,373,255,75,133,329,480,564,569,522,432,329,226,150,98,83,109,168,263,371,472,544,568,538,475,381,302,248,239,264,324,86,458,515,543,551,557,558,556,557,544,504,453,405,360,344,355,389,429,463,480,484,479,476,486,505,527,546,555,769,535,516,488,451,397,336,271,222,211,81
108,23,61,249,420,509,504,420,293,158,82,82,126,247,390,497,532,458,267,10,279,533,714,795,766,643,464,263,108,12,13,7,4,34,90,150,166,139,50,204,164,234,252,210,102,61,258,468,627,709,679,550,342,91,170,388,538,576,493,295,35,218,405,460,370,160,108,376,565,645,620,536,426,326,268,58,195,118,45,293,610,915,1126,1153,961,572,77,376,684,766,624,319,34,323,450,376,125,220,558,771,803,655,403,379,50,140,157,185,289,492,737,906,872,573,75,468,858,955,740,326,97,369,409,10,41,20,24,5,3,20,6,7,51,41,164,273,321,289,178,33,113,229,315,381,443,487,486,411,222,38,326,556,658,378,377,110,107,214,174,24,148,276,300,212,48,137,269,321,275,162,38,50,49,45,198,351,435,407,266,53,161,256,369,288,107,113,306,394,330,125,168,460,625,643,502,290,93,31,42,9,98,165,183,134,19,130,283,427,508,515,473,398,328,285,286,314,337,138,292,204,81,69,231,375,484,529,512,451,380,322,299,291,295,287,252,195,131,72,3,79,168,265,370,459,544,913,626,584,482,335,171,31,38,21,59,55
37,35,354,396,409,414,387,347,299,239,184,98,102,86,87,106,141,185,232,283,338,383,417,439,458,446,417,376,327,262,195,137,80,50,32,37,58,94,128,377,194,212,229,224,214,205,198,202,202,202,199,176,141,97,29,52,147,239,325,389,441,450,435,395,336,261,180,99,26,34,79,98,85,48,21,233,222,336,431,503,536,520,466,375,240,90,65,215,344,440,497,506,464,382,247,84,94,282,455,596,700,747,744,731,610,518,440,398,412,481,599,752,900,1010,1060,1029,912,728,483,239,17,153,253,22,21,7,23,13,33,5,5,12,18,20,239,301,348,381,394,403,399,397,397,418,448,498,549,608,645,653,621,550,439,78,161,21,95,169,199,185,133,52,42,137,211,262,283,277,236,182,105,16,72,160,237,289,322,321,290,229,150,76,52,150,235,293,318,310,264,187,87,17,108,182,224,223,192,126,41,53,151,244,321,394,441,480,498,507,491,469,445,411,391,367,356,348,351,117,358,351,336,307,261,209,151,82,28,24,82,118,174,221,271,320,361,403,424,445,452,466,478,487,505,532,549,960,571,566,551,505,445,362,263,151,31,28
245,31,365,523,443,147,181,367,371,251,125,235,68,91,47,141,426,643,591,188,394,823,860,495,29,441,599,509,301,62,139,273,304,251,121,23,143,166,91,297,143,140,15,164,300,307,175,62,318,502,512,289,113,520,698,526,64,412,609,432,23,435,539,260,221,598,615,269,241,603,637,404,64,208,374,1057,480,415,185,228,674,938,794,201,572,1079,1004,381,377,788,639,116,356,441,110,359,599,403,130,648,817,523,24,721,653,551,327,97,179,518,780,707,177,579,1036,833,91,646,830,404,211,511,341,37,33,84,30,24,1,38,31,5,32,16,135,301,307,114,183,391,388,208,36,239,374,420,319,39,338,626,588,211,286,548,470,85,252,291,39,233,251,6,304,407,230,87,309,305,129,58,109,32,74,77,68,244,319,173,114,356,375,36,139,270,146,125,315,233,86,439,576,389,27,419,581,461,178,71,180,186,174,204,254,237,103,108,297,391,351,221,55,84,208,319,390,397,274,84,273,500,564,435,196,70,283,397,423,367,251,93,87,274,407,442,350,166,41,213,321,382,394,346,192,84,408,915,624,371,26,368,505,417,194,41,21,17
9,44,288,423,531,573,521,401,246,101,6,219,58,160,263,339,334,221,17,246,521,743,864,857,759,600,396,200,58,52,138,176,195,231,254,238,203,156,53,201,155,207,242,210,118,15,109,272,403,499,565,613,560,439,256,5,297,501,593,567,390,106,166,393,546,552,413,208,42,288,470,555,574,544,484,905,442,443,429,382,228,41,380,727,1005,1100,989,703,316,76,362,472,407,198,90,377,558,590,457,194,132,426,622,652,671,598,519,480,473,428,269,5,382,758,993,972,712,291,154,473,571,478,268,4,48,2,13,21,2,3,20,19,0,12,280,318,284,184,40,110,241,320,356,384,393,397,381,322,167,61,322,545,659,433,425,149,99,244,244,95,112,281,376,342,195,1,164,270,290,213,94,11,73,72,15,159,281,360,371,284,112,66,177,227,178,31,156,324,442,469,375,183,53,274,426,477,425,306,203,167,180,245,344,398,385,332,261,160,74,24,10,50,92,139,217,313,408,220,547,575,553,496,437,351,239,155,97,44,1,15,46,108,206,286,365,419,417,379,363,383,419,482,560,589,553,469,332,143,64,224,345,390,359,276,186,56
91,19,355,211,64,84,224,350,465,549,609,769,624,588,520,430,318,192,59,75,205,329,435,512,567,586,580,544,489,409,304,182,51,82,214,329,430,506,555,1051,561,518,450,356,249,122,10,138,259,367,449,504,537,541,513,459,373,276,157,32,90,208,309,394,455,483,493,467,419,345,261,154,42,72,185,754,352,406,437,446,424,376,306,217,115,7,99,196,288,356,400,415,402,363,297,213,114,7,100,204,292,355,389,790,357,290,200,91,25,141,239,308,341,341,294,213,113,2,102,189,240,254,222,0,0,1,0,0,0,0,2,1,1,2,296,282,211,105,37,173,296,385,427,418,348,234,90,67,220,349,443,497,504,558,378,259,117,35,179,300,402,472,512,510,475,404,307,191,59,74,205,320,418,487,523,536,510,460,375,268,143,208,131,268,378,473,543,585,592,569,518,417,308,169,14,142,289,424,543,622,675,684,660,593,486,354,196,23,155,322,475,600,691,748,763,732,657,610,402,227,39,144,325,487,620,717,782,797,770,694,580,431,261,73,115,290,449,583,683,749,776,759,696,596,465,698,140,36,202,358,494,601,676,717,720,5
30,82,290,399,223,151,458,475,226,61,207,385,109,157,287,312,45,426,768,677,122,552,919,737,180,425,723,609,216,175,391,381,230,24,162,241,187,0,175,531,24,205,307,179,102,364,440,261,94,448,591,396,64,536,697,385,190,624,573,77,451,560,153,393,598,278,291,652,541,68,402,605,476,164,161,1043,535,520,261,243,770,952,523,338,1049,1050,308,592,946,536,198,580,329,227,501,193,397,722,448,229,770,768,268,729,654,592,316,19,372,676,697,227,560,1043,715,215,933,801,13,628,567,22,375,8,20,23,29,13,48,27,13,29,9,20,288,150,165,383,312,4,301,403,284,43,227,441,468,202,283,656,592,86,475,471,296,197,395,178,155,216,61,347,296,84,441,432,77,274,331,127,72,68,70,119,34,271,329,123,207,407,290,97,297,253,38,273,176,198,476,325,172,598,565,120,349,496,303,34,74,52,57,179,317,293,55,260,445,376,154,55,188,281,364,352,153,193,505,407,365,2,349,532,497,250,92,339,401,302,181,71,75,269,434,408,169,147,360,420,356,222,3,295,538,576,327,420,538,705,515,51,408,580,385,48,135,104
133,21,125,86,0,133,262,359,403,377,299,220,155,181,275,417,567,652,641,515,289,2,288,539,708,774,740,627,465,300,150,31,46,101,143,168,180,166,116,57,78,181,265,296,259,186,65,86,231,378,517,617,646,591,422,162,137,419,582,590,426,147,178,446,593,584,429,200,71,300,464,540,550,515,478,802,450,440,401,270,39,285,638,946,1115,1067,813,403,52,432,634,605,363,8,344,574,588,401,69,299,605,767,772,368,495,336,216,123,13,161,409,692,917,967,779,378,120,552,769,705,420,48,245,30,8,9,29,0,19,23,15,20,8,31,133,242,336,361,301,171,13,126,230,310,376,455,517,527,443,241,43,340,561,418,527,312,54,138,205,125,54,250,363,367,248,64,111,222,228,174,72,9,36,12,118,247,356,406,363,223,31,133,294,305,206,8,194,342,384,306,123,103,310,453,500,456,347,222,130,90,119,192,263,278,229,110,29,168,263,304,303,298,311,346,402,455,479,158,405,301,173,40,82,185,262,307,331,333,327,326,334,342,386,408,422,392,347,274,212,153,94,29,57,198,372,988,685,730,687,563,392,219,77,5,2,31
98,10,165,305,409,370,145,131,307,299,198,121,122,198,281,251,89,229,554,763,701,375,123,566,790,711,419,57,235,381,397,305,192,50,77,173,196,137,12,272,206,139,15,207,336,355,253,62,186,427,572,558,316,87,526,761,665,224,300,623,576,209,265,575,556,203,283,632,681,447,72,252,440,483,442,660,304,148,160,554,867,906,572,49,702,1072,943,385,288,700,653,229,255,478,310,137,568,680,389,152,631,793,601,152,120,335,433,508,544,457,132,378,850,953,563,156,757,879,470,142,539,485,119,31,36,24,31,31,22,29,27,11,12,17,69,121,300,366,236,5,233,363,382,303,160,47,292,514,590,398,7,456,662,351,138,246,401,248,30,221,162,77,312,350,163,118,316,323,184,1,96,66,52,107,46,140,317,365,203,79,347,266,232,82,309,291,26,307,479,369,5,389,616,535,239,106,294,311,214,141,133,171,195,129,31,243,385,413,313,162,3,103,178,218,282,350,386,123,81,200,422,514,473,326,139,45,178,268,300,326,333,324,214,42,179,357,462,446,366,238,107,53,262,500,655,843,362,13,339,542,535,390,175,17,66,5
109,361,653,762,617,233,274,695,859,716,376,31,14,88,271,330,91,433,1014,1365,1268,704,159,949,1395,1395,1029,490,54,445,681,744,673,490,203,101,319,365,219,80,347,444,311,7,390,703,822,725,457,31,454,904,1163,1066,587,134,822,1169,1014,398,368,907,922,450,326,958,1143,822,163,504,969,1095,928,648,316,642,384,814,1227,1459,1302,668,364,1400,2017,1870,976,249,1232,1503,1023,132,601,764,302,461,1022,1044,446,474,1244,1531,1246,100,105,637,971,1164,1232,1077,497,430,1412,1914,1554,460,833,1592,1464,588,410,932,790,56,9,18,37,42,17,24,27,74,55,106,531,252,212,633,776,612,253,114,395,584,708,736,562,120,513,1081,1273,938,188,661,1054,916,355,238,500,277,193,555,532,128,417,744,693,320,86,299,241,33,108,52,193,473,583,418,13,401,640,398,191,196,409,261,145,599,782,525,76,764,1153,1082,603,8,433,584,515,418,373,418,428,299,36,281,511,609,568,490,396,296,162,76,352,669,886,499,769,413,24,442,713,820,773,670,568,419,210,91,467,801,978,933,710,369,60,149,276,417,625,873,1033,967,627,597,620,1109,1281,1084,647,158,212,341,311,5
82,60,324,381,406,416,400,385,348,299,223,371,12,104,215,312,392,459,513,555,580,585,564,519,452,365,276,185,104,31,13,57,86,104,114,102,83,41,5,48,119,167,195,203,202,185,159,126,82,17,51,121,187,240,260,251,223,181,129,81,11,61,156,251,342,415,475,517,530,536,517,483,431,360,271,464,48,72,194,316,430,527,610,666,699,697,668,616,533,428,310,177,37,103,226,349,452,537,609,667,698,714,702,725,635,590,548,513,490,484,504,542,589,659,721,766,789,787,741,660,553,423,276,46,6,19,36,15,23,17,23,17,14,19,287,313,337,350,363,371,373,377,385,394,407,428,465,503,551,597,632,659,665,493,608,550,470,375,261,139,19,95,195,274,330,355,357,340,302,262,202,133,58,33,115,201,281,336,380,406,410,298,361,314,243,158,65,33,124,198,247,284,289,274,240,197,142,71,12,86,163,240,315,361,394,406,384,337,271,185,72,39,149,261,352,427,468,145,487,458,417,366,302,222,144,56,38,146,243,331,418,490,533,551,534,486,401,299,180,51,86,214,347,471,576,784,676,681,655,607,551,480,390,277,151,120
59,111,227,402,550,681,766,790,786,719,595,642,236,3,237,463,698,863,993,1090,1102,1071,997,858,672,497,304,78,82,235,381,440,477,507,479,439,402,337,277,942,228,216,247,272,329,404,493,582,682,781,887,974,1056,1124,1161,1199,1229,1207,1189,1177,1154,1126,1111,1099,1090,1097,1106,1126,1152,1169,1178,1181,1151,1079,985,1824,619,388,108,193,467,738,981,1180,1315,1386,1395,1331,1211,1028,815,559,290,14,277,533,770,964,1128,1219,1264,1220,1130,1493,776,530,257,40,323,582,800,973,1059,1096,1038,923,768,555,334,131,58,196,294,65,6,5,56,31,24,72,26,31,43,28,443,516,575,614,645,656,662,662,672,694,738,791,858,934,1007,1081,1136,1151,1163,877,1045,960,851,710,576,443,315,212,118,40,0,21,50,25,29,10,13,15,30,37,15,0,8,41,70,83,77,72,13,57,157,295,429,578,730,872,985,1067,1108,1102,1036,924,784,593,374,158,70,285,444,595,696,724,696,634,479,300,112,133,345,568,767,906,996,549,1018,914,803,617,396,182,46,261,422,565,676,705,682,628,508,361,181,19,226,402,563,695,754,748,698,573,419,917,27,181,357,492,598,643,631,571,473,178
15,70,310,207,7,257,451,492,362,109,138,366,251,191,184,270,329,240,70,486,784,747,367,198,669,832,635,224,195,456,500,366,148,48,173,215,152,34,74,432,37,114,230,234,106,86,274,380,387,268,14,319,577,618,355,116,550,690,421,81,501,551,228,235,526,471,106,325,578,538,250,123,431,562,505,562,73,216,513,739,736,391,215,818,1065,772,85,589,854,608,84,324,371,95,223,310,71,338,629,552,128,406,734,512,379,12,321,529,644,593,260,322,850,946,447,337,873,791,203,410,605,333,91,45,14,24,2,7,2,10,20,22,15,14,255,339,189,128,394,424,221,72,284,385,383,293,64,276,586,645,343,175,594,412,311,135,383,302,21,198,172,68,314,344,106,242,447,376,101,156,220,128,22,38,145,210,117,98,302,349,201,143,282,274,58,203,301,118,219,461,401,80,312,527,464,219,68,249,312,301,266,206,80,110,303,383,326,174,41,48,117,223,344,405,317,89,189,237,487,407,222,4,180,302,349,340,284,176,30,172,374,514,497,281,34,306,432,430,332,227,107,49,235,426,539,684,242,139,494,626,488,193,72,188,178,58
188,37,221,152,10,219,389,427,310,91,109,395,131,80,126,270,410,382,120,284,625,743,556,171,255,550,625,480,207,55,237,310,296,219,100,47,147,147,43,58,152,89,71,223,294,265,140,43,247,406,473,390,137,242,582,680,436,52,497,629,368,94,458,498,230,169,470,533,338,10,334,513,476,302,88,490,258,445,604,607,323,212,765,1030,826,227,466,871,806,350,181,466,359,15,342,347,18,440,700,554,80,451,743,492,346,16,292,453,553,564,361,94,644,944,717,55,626,871,545,48,467,464,156,16,9,16,19,6,8,22,9,25,3,12,222,14,239,394,347,129,137,331,389,328,190,17,274,510,580,372,64,504,689,165,37,346,421,184,126,244,77,215,378,268,44,335,420,274,4,187,211,102,14,30,70,181,182,22,220,368,309,24,218,329,199,83,300,283,21,317,510,410,84,282,481,453,267,64,65,125,171,241,300,289,178,2,164,266,289,261,202,140,55,77,246,391,449,245,120,162,366,435,373,262,138,12,124,282,396,420,338,166,57,253,372,388,317,216,108,15,95,241,415,522,490,84,95,465,676,615,338,3,245,311,237,4
87,44,328,381,443,435,410,331,259,186,138,16,142,205,269,380,477,571,620,637,588,506,377,231,87,64,166,274,320,352,322,284,227,176,139,116,99,69,44,133,63,129,180,234,284,319,363,366,383,350,316,244,138,11,180,373,559,689,751,702,563,316,43,241,467,626,677,661,591,478,374,269,199,142,119,58,113,110,89,12,122,308,537,763,951,1050,1057,936,732,440,142,137,339,443,431,294,99,160,395,618,739,798,764,429,566,456,377,322,310,280,225,76,138,424,692,890,953,853,620,294,14,258,364,19,0,7,28,20,1,2,9,19,6,76,209,242,242,206,134,57,33,108,182,239,318,393,483,572,630,650,596,501,320,94,61,212,301,301,214,85,89,231,342,363,331,219,85,39,129,149,130,49,38,129,175,189,149,63,45,176,284,286,423,400,301,130,55,267,414,513,504,434,303,145,15,99,133,150,104,70,19,10,13,4,44,68,134,153,193,180,188,175,166,168,167,190,187,89,227,265,279,303,314,309,292,263,259,247,266,284,313,345,381,415,433,440,430,411,393,366,370,385,438,506,570,1092,634,623,559,489,386,296,202,144,105,21
62,6,378,441,488,493,475,420,344,254,148,332,74,190,295,402,500,591,676,744,790,808,810,782,729,655,568,474,370,273,189,111,50,4,12,22,5,22,57,486,146,193,235,267,292,320,337,368,391,429,481,532,583,634,679,698,710,700,668,612,541,452,353,263,165,79,10,35,61,57,37,21,93,185,277,387,487,589,689,785,867,945,1004,1051,1069,1059,1012,929,812,661,485,290,94,99,273,431,558,658,729,769,782,770,735,576,631,575,527,500,490,512,561,640,734,821,898,940,937,892,793,648,481,295,124,14,30,71,28,12,62,19,14,24,4,2,128,160,196,231,262,285,299,305,294,288,278,274,275,291,313,342,375,409,436,553,448,425,378,312,230,127,19,81,180,260,321,353,356,327,285,213,121,34,57,140,220,282,333,369,395,395,385,278,310,237,151,41,73,202,324,431,515,573,596,585,542,471,390,298,203,106,23,61,127,189,240,284,305,326,322,317,302,273,246,215,176,153,105,22,0,49,123,198,271,326,370,393,418,403,383,343,300,236,182,118,62,7,66,142,203,281,355,431,497,545,576,1093,577,550,496,434,359,284,199,113,17,144
124,113,429,488,494,416,274,113,44,133,150,326,9,100,140,93,32,211,421,605,734,770,706,570,362,151,48,187,248,256,225,195,172,166,159,139,113,58,13,529,80,66,3,88,208,309,390,438,429,404,335,220,84,115,327,528,655,637,490,210,125,389,536,504,314,38,265,489,611,637,570,478,372,280,218,121,73,38,197,386,602,794,916,936,808,543,178,212,522,681,639,421,104,196,380,384,208,88,421,678,795,760,592,20,150,22,127,204,293,432,613,775,837,718,404,30,459,740,781,596,274,39,235,6,64,6,61,9,5,71,43,20,24,25,182,257,272,222,134,8,116,220,310,375,432,466,465,409,271,53,208,438,590,478,479,251,14,168,211,129,40,226,357,380,287,117,66,210,267,232,154,64,7,11,78,174,268,332,328,252,117,109,227,328,323,195,19,269,455,525,445,246,1,236,391,439,412,335,273,236,235,269,294,298,272,203,139,67,7,29,76,114,185,257,336,404,440,52,432,407,385,356,335,312,275,216,119,20,87,184,244,284,320,329,350,359,367,370,371,382,392,411,423,394,319,11,20,211,360,442,445,374,274,187,136,37
8,29,300,489,586,514,307,38,205,312,284,447,126,126,222,374,487,494,356,78,280,598,800,818,631,299,54,322,441,418,312,201,120,75,26,35,100,105,62,75,118,183,184,105,31,212,365,457,445,339,150,98,341,558,649,551,269,110,442,586,459,130,249,502,523,315,27,365,572,604,496,284,66,115,252,850,446,538,607,585,415,79,362,797,1037,948,571,23,464,698,605,272,106,339,317,50,327,615,673,443,9,445,728,661,586,331,105,55,207,405,638,785,702,329,229,727,924,726,242,264,535,483,209,0,65,0,20,7,31,7,47,16,7,8,151,275,308,236,85,94,249,340,365,345,277,131,103,375,613,685,526,163,243,551,590,386,57,203,273,120,150,360,375,180,125,379,457,356,152,29,105,63,27,107,76,55,231,366,380,259,17,463,395,369,149,162,419,461,246,133,502,681,591,304,31,273,359,347,298,263,261,262,220,127,2,138,258,338,355,346,318,295,243,155,23,144,294,114,426,413,384,334,268,181,16,167,342,474,539,514,411,273,137,9,100,190,263,322,344,362,377,389,356,239,35,702,467,597,578,453,266,79,42,64,31,53
91,4,21,445,632,326,229,550,408,38,168,394,39,142,330,299,125,626,702,201,536,912,576,197,762,695,148,367,491,260,12,120,152,168,125,8,150,156,15,366,66,105,196,59,231,411,258,192,576,557,95,488,748,436,220,711,607,11,565,525,36,478,335,213,526,267,295,595,372,141,510,502,171,203,428,945,284,57,497,734,455,282,937,874,65,836,1001,323,563,813,284,381,469,25,423,175,409,632,128,610,802,248,484,738,419,68,399,509,423,48,527,804,356,533,960,428,529,870,285,491,607,77,363,22,46,5,37,5,46,14,27,3,3,28,229,45,216,323,170,136,362,335,70,273,473,350,76,516,584,148,455,667,290,486,537,220,217,281,15,205,12,298,278,105,424,318,77,338,242,10,109,16,29,107,243,140,188,416,269,150,438,167,143,380,151,279,375,31,487,437,98,587,522,13,457,497,185,134,266,241,182,114,56,286,398,253,96,366,390,206,14,202,326,360,191,133,422,187,230,96,352,458,345,57,304,510,424,106,252,475,423,171,157,388,425,251,25,271,391,368,172,162,477,558,278,563,602,572,152,308,485,330,56,95,103,112
92,109,156,213,251,272,300,316,305,279,252,262,118,61,26,111,195,273,364,440,500,555,589,603,597,577,538,483,422,362,289,223,169,113,75,57,53,55,89,252,149,190,238,280,323,369,406,444,483,511,535,571,596,607,619,628,616,590,557,501,425,352,271,178,92,18,53,117,147,150,149,109,50,27,113,211,356,490,614,736,846,931,1000,1053,1078,1076,1042,976,881,757,612,450,273,93,92,273,427,566,678,754,797,804,779,755,645,544,438,330,233,158,122,120,168,237,332,432,527,595,637,639,601,521,420,2,47,32,10,4,10,17,13,3,9,9,206,262,302,333,359,373,380,369,360,350,348,355,369,391,424,450,472,487,502,545,469,419,354,261,153,46,68,173,260,333,390,408,390,345,276,178,74,20,121,223,307,365,422,465,475,468,449,318,348,274,189,89,20,129,234,326,401,445,462,457,414,342,246,139,13,114,217,313,395,448,477,489,489,456,397,335,255,154,55,47,148,251,334,164,474,520,544,556,554,511,446,367,272,154,56,50,159,255,347,420,476,500,497,482,430,376,300,214,121,25,62,17,216,279,312,334,329,304,253,181,116,48
88,9,134,197,250,280,288,278,255,208,164,211,29,60,147,243,339,431,522,617,682,730,751,753,730,675,613,527,431,335,246,174,116,63,46,41,55,88,127,212,218,271,327,379,423,454,474,483,493,490,480,469,451,440,437,445,459,466,485,511,536,561,578,592,597,601,605,606,601,582,558,546,516,486,437,1026,331,284,230,186,140,95,57,30,24,21,35,52,78,125,180,244,318,380,442,499,541,578,589,579,558,525,487,82,420,398,401,426,480,554,640,738,830,911,956,972,945,879,776,642,495,342,205,9,14,25,28,5,22,1,23,3,5,6,154,176,195,204,205,200,194,182,160,133,103,66,32,10,14,25,27,24,2,269,68,102,128,146,157,156,150,130,102,65,26,4,30,52,69,67,63,39,22,1,18,37,48,68,90,115,139,178,211,258,313,360,408,446,475,500,504,496,469,442,397,353,303,250,189,127,69,1,59,114,168,213,260,292,318,338,329,325,304,263,215,138,66,83,109,193,270,336,394,434,447,429,389,336,261,165,62,53,156,265,357,430,491,514,514,487,436,364,283,186,88,217,106,186,240,276,300,304,272,229,164,61
139,26,600,823,1027,1056,981,746,505,231,109,429,232,452,698,838,850,617,264,263,745,1210,1461,1571,1460,1236,895,556,226,0,178,235,294,298,347,349,369,301,154,498,301,488,555,477,248,67,407,696,937,1077,1149,1132,1032,785,383,108,637,1044,1213,1077,668,70,537,990,1164,1064,716,244,238,634,885,975,966,909,863,1491,871,886,801,564,139,445,1092,1663,2008,2015,1675,1050,297,409,887,1019,770,262,387,939,1232,1156,715,39,671,1216,1485,1340,1235,940,711,550,443,235,138,704,1296,1766,1861,1527,799,52,802,1175,1123,700,140,8,75,23,66,38,16,16,77,41,50,14,192,377,528,575,529,406,243,69,102,286,498,730,937,1042,1019,776,361,159,635,935,972,779,356,65,389,454,283,99,479,790,863,723,405,72,200,291,232,69,91,153,65,138,429,660,809,767,587,164,121,460,615,572,293,144,646,1036,1247,1165,874,388,70,452,611,623,505,391,317,372,484,633,717,730,673,571,463,414,372,342,276,151,16,223,461,285,781,849,887,877,875,846,849,785,710,584,458,274,140,8,75,167,228,294,346,422,482,568,687,867,1020,1168,1221,1484,955,639,266,64,315,388,369,238,132,35
34,21,279,312,293,215,92,36,151,220,215,513,12,231,448,673,885,1066,1216,1335,1436,1519,1560,1584,1559,1490,1370,1213,1034,843,681,543,456,392,354,326,299,260,181,342,14,144,255,355,449,548,607,691,742,798,857,922,987,1079,1152,1225,1269,1280,1225,1110,902,626,298,45,402,708,974,1160,1267,1294,1262,1187,1090,983,904,1915,844,878,963,1094,1248,1426,1598,1762,1884,1952,1956,1872,1703,1440,1106,707,270,154,540,875,1098,1217,1231,1137,980,786,590,451,342,313,354,438,533,604,620,555,378,106,224,602,939,1211,1359,1355,1220,959,629,13,141,1,65,83,4,4,5,57,46,51,267,357,436,517,581,628,659,675,688,709,754,832,948,1082,1203,1290,1322,1270,1125,503,626,315,21,235,394,481,473,385,216,31,174,346,484,546,529,447,298,117,91,275,437,545,591,579,507,385,219,75,185,397,581,712,786,787,709,574,376,163,53,229,348,386,369,286,150,2,152,295,414,500,572,615,645,668,689,705,725,743,772,808,844,874,891,372,872,846,788,721,634,554,465,399,320,242,160,66,24,135,231,317,406,482,553,614,657,725,825,919,1023,1123,1208,2040,1287,1269,1208,1118,997,854,689,504,326,46
206,3,362,321,215,46,145,318,408,418,348,434,140,107,155,281,444,590,672,651,542,336,79,184,420,592,667,649,550,402,255,130,55,22,6,1,32,47,57,206,20,112,205,283,298,256,136,15,176,317,427,511,573,577,519,368,123,164,408,534,491,289,14,320,546,626,528,308,6,289,508,618,629,568,489,831,438,458,466,400,222,61,415,762,1006,1086,953,650,244,147,416,497,379,105,206,446,519,392,95,275,608,813,854,622,560,361,202,83,28,188,412,677,895,957,801,432,40,465,702,691,472,154,125,6,31,15,4,0,9,29,12,37,17,19,70,40,162,269,340,351,310,231,127,16,99,242,411,582,699,700,546,261,77,512,523,477,282,16,210,296,223,26,210,401,473,414,259,73,75,139,116,29,75,132,103,12,184,351,448,440,320,52,105,289,366,292,95,185,457,627,640,483,212,82,314,427,434,377,295,249,242,260,282,304,294,267,222,139,60,16,90,151,213,266,343,412,463,147,503,478,431,370,293,216,138,60,23,97,162,237,311,371,434,465,475,463,436,404,381,354,327,293,238,141,6,689,350,499,604,605,553,462,363,294,268,73
18,7,455,320,29,411,581,438,103,180,247,350,90,167,303,295,35,369,675,652,267,298,717,768,433,83,468,550,378,114,83,176,221,219,137,17,140,131,8,295,152,13,235,356,265,6,307,510,467,186,243,577,621,306,188,571,580,201,279,503,300,142,451,368,40,472,593,318,167,555,632,404,37,294,488,1050,479,225,213,689,928,680,13,770,1106,764,32,721,853,403,222,507,271,201,431,171,379,713,509,134,740,860,448,589,587,655,478,197,152,538,769,587,38,739,958,474,351,848,630,39,537,483,39,2,20,57,30,18,17,6,2,33,5,28,164,222,160,30,252,342,224,41,304,423,339,72,265,541,548,213,299,642,564,226,345,457,204,108,175,17,207,155,111,352,336,63,223,305,161,14,52,36,89,28,243,354,194,162,435,379,53,259,369,135,212,367,176,227,498,369,65,476,552,267,140,381,341,166,45,24,6,138,323,406,274,26,345,501,427,201,26,202,337,408,382,229,35,120,518,530,335,8,312,499,469,275,35,138,228,290,353,335,157,126,398,499,404,174,83,297,433,468,359,96,245,944,600,416,64,277,460,433,269,97,10,24
50,121,421,443,281,22,323,487,452,287,121,76,71,133,132,24,191,448,648,671,463,70,367,678,742,559,248,46,224,270,234,187,154,132,83,0,93,137,106,301,115,171,100,63,254,373,359,228,21,215,427,555,531,314,46,415,611,533,205,193,448,418,124,272,561,580,311,117,510,700,634,398,118,102,242,1027,490,622,657,480,66,489,955,1109,841,243,423,853,856,478,43,393,399,86,322,556,436,9,515,855,826,454,70,827,667,611,455,303,151,91,447,775,860,535,101,718,947,663,63,451,597,356,16,9,7,26,10,9,29,27,4,35,28,5,229,218,114,48,215,328,335,234,56,149,336,464,474,334,47,311,583,628,402,198,322,432,274,4,191,149,67,292,336,158,130,331,338,183,2,90,48,55,110,40,132,311,374,261,11,269,418,195,97,198,357,270,14,341,508,398,62,329,570,554,317,22,178,209,142,82,130,265,388,378,205,75,333,475,463,347,210,90,21,40,123,254,388,19,456,307,64,180,357,436,411,340,248,157,57,54,175,292,393,446,418,310,122,93,281,408,470,478,431,315,125,435,375,558,595,481,257,19,145,196,160,124
87,17,183,259,357,440,506,515,469,375,258,314,85,70,107,179,265,366,476,586,681,756,781,749,658,544,411,292,201,139,120,102,100,76,44,1,51,93,130,276,131,85,20,76,194,297,408,491,551,570,574,550,493,393,254,73,121,313,464,545,561,479,330,111,125,351,549,665,711,665,589,481,390,323,292,432,319,351,353,316,209,28,205,467,707,890,974,940,798,568,291,9,218,369,407,330,150,91,365,602,777,854,843,596,612,480,385,342,349,360,325,198,25,324,628,860,949,869,636,319,8,225,322,2,1,7,14,18,3,8,18,12,25,1,135,99,50,0,69,144,220,291,344,387,427,460,490,483,445,342,194,13,188,384,434,440,367,220,54,101,209,227,179,54,84,212,293,301,249,146,36,45,80,63,9,118,231,334,408,432,393,301,150,24,200,334,404,387,281,114,92,284,447,529,547,492,392,290,199,168,180,234,305,383,451,489,504,489,464,410,359,328,314,336,377,425,464,73,461,418,378,314,267,230,198,175,159,161,162,170,188,192,191,168,143,114,86,71,60,63,70,54,35,6,56,474,220,298,368,402,413,392,341,283,213,38
256,19,294,291,255,190,117,30,33,67,59,219,88,194,325,441,536,601,632,636,601,529,435,326,213,113,32,19,58,62,39,1,45,61,77,64,38,1,39,165,92,93,75,16,70,167,273,369,447,507,541,576,608,624,619,578,494,366,214,30,154,315,444,511,516,445,322,161,9,123,220,262,264,235,193,698,129,142,210,316,465,631,798,937,1028,1052,1002,885,702,472,217,14,203,323,354,289,148,52,278,495,672,785,819,755,722,643,584,565,591,653,724,765,746,632,425,154,141,396,572,636,588,446,269,12,30,30,41,19,21,12,0,29,22,32,186,210,207,172,116,50,15,73,122,160,206,266,342,435,522,592,618,593,506,117,208,43,97,192,224,188,94,42,194,328,415,441,395,300,179,64,22,59,44,21,120,229,340,420,456,443,378,221,133,12,160,292,385,425,405,323,180,14,147,275,358,374,339,265,166,78,12,22,11,37,107,170,221,251,247,209,161,120,90,71,72,85,93,42,111,117,114,112,118,116,120,117,110,116,116,104,92,78,42,13,20,44,50,64,78,100,128,154,170,172,148,176,81,36,7,51,87,95,85,47,27,22
110,8,416,252,63,133,308,456,575,642,669,506,589,488,351,187,9,159,317,449,550,616,633,607,537,426,283,130,37,198,347,474,565,603,609,561,480,371,224,776,105,263,399,501,571,592,571,510,403,266,114,49,207,343,454,533,564,557,498,403,275,128,16,163,299,400,477,510,507,461,382,272,141,2,136,760,366,435,471,468,422,342,233,109,25,156,268,359,425,448,430,375,282,165,34,101,224,325,396,425,408,350,253,753,9,148,266,355,397,385,323,216,86,53,173,273,322,315,256,162,38,81,177,0,0,1,1,0,0,0,0,0,1,0,195,68,90,237,348,402,390,305,166,13,192,351,465,511,488,401,250,73,113,421,429,517,546,514,419,295,133,34,202,345,462,531,553,523,439,326,177,21,146,301,425,520,564,569,524,437,314,361,11,186,343,472,564,627,625,582,492,350,188,4,189,369,517,635,707,713,665,557,401,217,11,200,401,575,706,772,778,732,616,453,257,34,197,651,603,738,822,824,773,662,500,287,62,171,399,581,728,814,834,794,681,523,325,102,120,337,525,678,774,808,786,904,560,382,176,38,246,433,589,692,741,5
3,5,424,572,570,406,152,86,222,222,139,317,10,73,219,388,531,588,517,303,17,366,643,769,711,512,247,7,162,228,226,211,206,221,227,205,111,1,105,76,71,70,228,309,262,89,149,388,541,591,525,347,104,188,455,629,618,401,60,281,472,422,157,200,484,580,448,167,156,413,527,534,466,372,283,126,51,143,404,680,881,910,710,296,238,714,978,942,607,130,297,501,411,97,270,497,455,150,294,674,828,707,385,549,277,428,482,519,559,562,422,90,374,800,975,791,312,249,627,667,403,17,274,26,1,2,16,26,40,0,2,13,11,15,76,13,132,242,299,270,158,3,144,273,366,427,413,287,37,281,555,665,539,48,124,354,374,209,15,161,149,1,198,329,333,213,34,117,174,146,65,10,15,92,215,293,267,128,94,294,398,400,132,127,314,338,166,122,412,563,496,237,110,403,539,497,342,164,52,37,76,86,30,101,257,384,435,397,302,189,101,28,29,109,212,335,436,46,475,392,261,101,51,196,313,403,452,459,426,361,272,159,24,106,219,287,325,358,381,400,405,354,227,33,191,743,536,584,520,376,186,20,73,76,36,38
210,31,555,420,138,232,572,819,894,763,501,534,93,149,382,739,1057,1235,1231,1011,640,198,270,690,1020,1198,1201,1038,789,502,297,158,106,88,28,68,193,287,294,181,37,303,546,678,631,424,100,283,627,907,1084,1171,1152,995,673,183,370,856,1104,1016,590,47,676,1112,1228,1008,536,32,561,934,1131,1159,1075,956,869,1179,804,717,509,126,430,1051,1616,1970,2020,1713,1105,327,438,998,1190,967,409,277,826,1028,784,155,651,1361,1761,1767,1426,71,364,16,238,364,533,838,1254,1643,1774,1467,732,251,1143,1625,1542,972,231,397,680,10,49,1,61,17,55,7,64,113,8,42,235,52,201,444,634,705,675,558,379,158,85,359,659,985,1218,1288,1097,647,39,941,865,875,594,179,189,331,233,58,380,607,657,524,284,33,148,183,77,93,284,332,241,37,386,706,860,809,570,108,191,470,563,410,35,444,869,1097,1015,650,84,444,798,890,753,495,297,234,335,527,714,808,784,619,387,139,86,248,345,395,444,525,651,791,933,197,1020,935,784,589,384,163,15,159,269,334,382,448,538,641,777,878,949,955,910,832,690,563,406,276,99,112,362,1662,919,1124,1223,1154,966,721,476,323,294,81
24,41,7,66,148,241,321,374,384,342,273,368,84,20,10,7,75,174,296,423,542,632,706,722,711,658,579,486,392,309,254,218,199,187,160,128,66,2,78,311,172,186,158,107,20,80,180,284,382,462,541,589,628,627,598,512,372,200,6,219,385,480,487,396,231,21,207,400,542,620,630,607,560,511,487,979,530,596,676,744,778,752,652,482,238,42,307,538,673,700,607,418,164,105,350,512,579,531,379,154,104,339,510,793,599,543,481,455,494,595,718,816,826,711,466,137,211,498,664,681,565,363,143,1,32,10,22,1,0,4,4,58,7,0,57,17,112,207,289,342,372,378,380,375,374,365,336,278,175,30,144,317,455,521,525,431,284,106,40,135,151,90,18,150,263,335,342,289,200,97,8,41,40,13,104,229,338,419,458,434,351,219,58,100,230,312,317,248,104,85,286,459,574,610,566,466,332,205,119,87,125,209,322,422,495,531,518,476,418,361,319,299,300,329,368,404,433,132,453,433,393,342,288,231,175,146,125,132,153,192,235,268,295,291,264,214,151,91,52,31,31,39,54,41,0,422,143,227,295,341,344,318,259,180,96,13
11,75,169,230,262,281,271,248,215,183,146,308,63,30,10,49,87,125,163,188,210,231,243,250,255,253,247,237,229,222,210,211,207,211,213,210,206,189,169,50,99,67,33,0,21,44,56,75,77,81,88,84,83,86,86,103,132,169,225,287,352,414,473,520,550,572,579,576,564,545,530,516,493,482,472,1068,484,501,530,572,610,662,707,759,784,803,791,769,722,649,562,446,325,184,34,115,267,409,534,638,717,750,745,831,620,518,401,295,216,169,168,208,288,395,506,608,682,713,693,630,528,401,269,0,34,48,2,41,26,3,8,11,33,3,95,120,150,180,212,238,254,254,249,235,225,228,242,269,309,360,415,454,482,554,458,413,342,254,157,53,43,134,212,277,314,329,317,284,232,163,77,13,101,188,260,319,358,373,373,340,285,186,116,9,100,210,317,409,487,541,580,592,581,547,497,435,363,289,219,152,90,31,12,57,94,120,148,168,194,226,252,286,320,364,386,404,412,43,360,313,255,182,109,43,19,81,137,189,247,287,334,372,399,406,401,372,327,274,193,110,19,78,175,258,330,462,442,476,490,478,460,416,354,278,190,68
32,31,633,543,394,188,40,240,384,456,403,1085,32,224,458,606,646,552,341,66,296,587,871,1059,1188,1190,1131,1030,883,745,643,571,533,518,511,488,424,314,163,1024,212,368,456,457,367,203,24,274,536,775,983,1158,1282,1340,1333,1246,1035,729,354,65,475,773,914,858,611,233,210,624,921,1086,1128,1076,1006,948,946,1716,1118,1269,1420,1549,1616,1587,1425,1128,717,204,339,810,1136,1274,1171,876,429,80,556,898,1045,963,669,228,263,724,1060,1692,1245,1158,1050,1018,1095,1267,1468,1586,1506,1181,616,89,762,1258,1452,1333,976,519,115,13,50,31,59,16,13,0,25,15,70,3,523,560,541,502,413,275,130,22,170,297,403,560,757,1004,1208,1334,1345,1227,883,72,13,350,587,582,397,129,159,435,623,689,661,491,285,55,112,183,174,12,215,398,543,593,482,276,27,348,654,758,733,607,269,7,374,710,928,1011,933,697,356,20,289,503,572,525,399,256,133,52,47,62,142,227,317,416,502,586,645,703,733,750,775,808,853,110,959,1020,1045,1077,1090,1087,1091,1094,1087,1091,1086,1090,1069,1019,968,911,840,786,745,726,736,763,823,909,979,1049,1062,1069,875,656,417,178,4,82,47,73,244,25
489,204,1036,1158,1213,1220,1163,1053,892,685,452,965,91,386,672,941,1194,1390,1566,1685,1747,1763,1735,1670,1572,1432,1269,1096,906,709,515,338,202,78,13,71,65,40,17,815,215,338,468,616,761,898,1017,1131,1228,1284,1325,1331,1335,1317,1290,1230,1172,1094,978,851,655,442,200,64,296,519,691,799,846,812,725,582,417,221,4,292,451,679,912,1129,1317,1473,1582,1643,1640,1572,1429,1270,1028,772,489,198,99,386,656,907,1118,1280,1383,1421,1399,1325,1218,482,979,898,889,940,1060,1239,1441,1651,1823,1924,1933,1851,1683,1434,1126,794,474,187,56,84,20,39,35,10,34,12,4,7,53,56,175,273,371,471,551,599,619,596,551,502,459,443,457,511,596,712,814,906,966,1114,927,825,673,497,280,53,147,350,508,625,709,735,695,626,495,339,145,54,235,414,558,666,745,784,772,735,678,355,408,227,26,208,452,678,891,1056,1174,1231,1252,1188,1096,965,820,653,477,298,117,49,210,381,516,644,742,819,851,877,849,811,764,695,626,536,435,41,165,4,172,361,541,703,855,945,1016,1030,1015,968,888,786,661,518,366,202,9,206,425,630,810,975,1107,1215,1282,1803,1315,1266,1183,1058,886,680,435,176,116,213
146,19,531,403,25,386,574,449,124,148,214,477,74,216,408,361,34,562,842,627,31,596,867,653,131,362,579,496,225,44,211,242,200,159,78,35,162,177,52,446,104,61,250,263,27,320,534,421,39,398,628,535,150,341,671,576,93,438,598,248,280,508,242,282,593,401,136,591,627,282,168,452,499,379,178,636,380,620,646,305,303,859,980,511,308,947,968,375,388,738,486,61,376,192,249,459,150,452,799,520,187,766,788,83,187,490,548,456,244,152,625,847,503,281,922,860,131,626,766,257,341,492,180,71,9,53,4,32,18,10,28,13,12,15,166,271,159,122,353,344,126,145,329,380,280,13,344,583,483,21,498,691,392,281,509,409,32,217,149,91,187,10,260,354,154,180,364,267,14,147,101,16,12,144,266,165,145,418,394,78,297,337,186,165,318,123,248,442,230,269,652,559,50,477,629,381,11,206,226,185,200,238,165,83,356,469,340,46,223,372,383,287,110,113,323,440,419,176,77,367,514,480,272,27,329,521,526,335,24,274,463,487,364,131,147,377,469,394,197,35,236,419,526,429,94,755,670,618,255,186,435,407,241,111,78,135
11,39,185,194,204,196,186,158,128,84,37,266,86,169,249,349,445,540,623,684,730,750,750,711,668,600,521,441,362,292,230,170,128,94,74,59,67,78,92,393,159,202,254,299,354,397,429,456,464,470,459,462,462,449,439,397,340,259,149,28,101,227,349,445,518,567,589,590,586,566,543,521,509,494,488,1050,500,519,550,588,643,707,767,833,883,912,916,889,829,738,615,469,289,104,95,289,477,628,758,827,863,856,813,630,666,599,554,543,568,629,712,819,911,977,991,952,857,713,528,338,146,8,126,0,4,21,56,13,11,17,46,37,8,4,70,110,162,221,271,308,336,350,356,359,375,406,444,496,549,600,633,644,635,479,510,409,289,163,40,79,166,236,286,297,278,244,192,141,86,47,20,11,14,36,63,107,146,207,263,324,369,331,406,386,335,255,160,46,59,172,264,335,386,410,407,377,323,248,152,52,54,146,232,305,358,393,415,417,406,397,378,361,337,310,283,252,223,6,141,98,49,10,71,135,190,241,281,314,341,357,384,404,425,430,428,405,371,309,241,151,64,25,110,182,241,135,313,317,316,293,263,232,202,180,163,11
89,57,384,406,421,449,454,457,416,346,231,776,147,378,617,872,1072,1264,1401,1500,1554,1562,1535,1467,1371,1240,1090,930,769,623,518,415,382,347,375,398,411,410,366,18,161,13,147,299,455,574,678,771,831,911,977,1041,1115,1187,1244,1270,1280,1221,1089,907,647,350,25,293,581,817,1004,1124,1169,1172,1131,1077,994,903,815,1954,695,680,698,765,872,1019,1191,1373,1548,1685,1743,1736,1646,1443,1167,818,411,11,427,795,1115,1361,1508,1540,1491,1374,1211,260,921,846,849,924,1057,1195,1328,1397,1379,1240,974,620,228,178,524,759,872,844,713,14,44,60,41,83,22,1,67,10,28,23,342,300,237,152,60,21,89,124,146,150,155,181,236,334,461,610,758,885,963,806,921,812,648,420,186,52,266,444,569,633,641,597,500,371,243,111,19,25,14,68,193,363,540,717,847,923,933,584,723,537,316,61,211,475,719,922,1071,1168,1181,1118,998,829,651,476,325,216,154,135,139,169,214,234,273,265,240,188,111,17,103,207,341,476,588,265,793,862,914,937,950,949,907,881,818,763,681,608,516,454,397,357,304,249,171,87,28,149,285,409,547,651,756,1094,887,889,876,817,726,626,531,439,372,49
42,11,88,93,90,81,81,78,74,78,82,109,113,143,203,268,354,443,522,600,648,665,672,640,612,571,526,484,424,362,295,227,165,106,76,82,102,141,183,355,242,245,237,220,195,182,170,174,174,176,180,180,160,122,63,15,113,221,319,409,467,498,505,480,437,381,316,260,204,161,139,129,140,164,210,297,364,466,575,670,748,787,790,749,669,564,436,305,163,26,100,215,315,374,398,379,315,213,74,69,206,313,379,801,370,303,223,147,96,87,120,202,331,479,625,751,830,843,782,659,493,297,112,33,53,14,28,27,17,14,17,11,7,8,36,52,75,116,166,203,240,261,270,274,287,310,361,423,493,561,615,638,629,337,508,398,279,149,26,82,167,227,259,260,235,191,133,71,33,10,11,43,91,159,228,295,366,411,441,451,433,327,327,227,127,1,125,262,388,492,579,625,624,594,531,454,372,285,224,165,130,101,93,96,100,102,103,86,59,15,31,89,148,204,262,322,366,34,436,442,450,439,428,417,403,390,376,344,292,231,172,104,28,29,80,118,153,196,237,285,346,408,473,531,573,836,628,629,614,565,504,415,320,206,100,66
152,32,229,277,307,321,316,295,261,218,175,250,89,66,43,38,37,38,39,48,49,54,55,57,54,50,41,20,4,18,45,72,87,103,116,110,98,84,47,281,46,115,182,266,350,414,475,520,547,565,580,580,600,610,631,657,661,660,630,582,508,410,296,158,32,85,184,267,311,335,332,295,234,159,66,410,142,243,341,422,483,514,517,492,428,344,243,127,2,113,224,311,383,422,435,414,361,281,179,67,38,129,183,738,184,121,35,72,161,231,257,240,170,58,89,248,401,526,599,623,583,493,358,19,52,59,39,3,21,29,0,27,19,2,108,160,205,244,279,302,312,318,311,314,313,331,355,402,453,523,583,627,646,515,584,502,392,260,119,23,150,257,332,378,388,368,316,250,182,113,58,13,15,26,11,2,29,60,96,137,187,239,279,317,336,339,320,278,214,133,45,51,116,175,209,214,186,134,55,36,137,229,312,380,422,443,445,427,397,352,302,254,191,133,73,15,40,178,154,207,262,313,358,405,431,446,443,431,402,378,341,304,265,232,197,160,111,38,36,133,232,336,436,531,602,881,685,690,662,621,555,466,363,257,143,1
43,64,451,515,545,553,561,537,461,370,269,484,18,124,270,384,502,625,712,782,824,849,859,842,791,727,671,590,492,414,329,254,194,119,77,63,49,47,65,345,146,201,239,300,367,402,438,488,516,555,588,599,627,656,650,644,626,569,506,411,294,181,54,92,204,307,401,459,493,498,462,424,350,250,136,393,82,206,309,403,469,515,551,552,517,466,404,313,202,86,39,145,252,359,419,456,474,468,427,378,305,244,215,199,179,219,291,383,492,587,683,759,771,747,680,567,434,279,115,20,129,218,263,10,10,8,13,18,18,15,32,0,5,56,132,142,142,144,145,145,156,166,182,211,248,288,333,366,385,391,374,329,263,77,89,5,86,149,182,199,189,156,110,46,5,37,77,88,70,38,2,60,119,179,238,279,317,349,372,379,370,398,335,284,213,131,39,67,179,289,378,447,488,499,477,417,332,242,133,17,93,195,277,338,399,427,433,431,404,364,312,242,171,117,46,26,91,190,220,275,345,393,430,487,510,512,501,456,399,342,243,146,68,14,92,158,218,266,327,390,453,492,547,594,624,1161,603,572,526,439,338,246,150,42,78,1
91,137,468,551,612,645,641,595,519,409,282,483,40,50,106,133,127,103,55,4,63,126,184,238,291,324,342,337,304,247,180,107,40,7,31,31,3,44,82,311,136,133,105,62,15,37,84,127,161,196,236,295,360,442,525,600,652,664,638,560,440,284,106,81,249,396,520,597,641,641,611,579,529,487,458,958,476,524,594,679,776,872,953,1014,1048,1033,969,845,679,475,248,30,169,321,407,423,370,262,107,64,220,352,427,728,430,372,313,268,270,322,430,570,745,893,989,1006,932,779,559,311,74,123,250,14,35,23,37,6,8,7,1,14,11,4,270,283,287,274,240,195,150,108,82,68,69,67,55,21,51,152,264,377,464,516,509,446,337,189,31,114,235,310,333,311,254,182,97,15,32,53,40,0,76,162,244,322,375,399,393,355,289,192,86,38,162,274,365,423,437,405,327,217,83,42,138,194,197,156,74,28,131,228,297,342,362,364,343,336,320,315,323,345,371,389,400,414,428,67,432,437,447,445,446,440,419,388,346,293,248,206,167,147,137,133,131,122,104,61,5,65,138,210,266,305,312,205,277,251,215,190,167,142,145,158,192,101
15,35,427,454,464,464,442,406,337,262,167,394,69,190,314,434,543,630,703,759,791,786,777,752,709,649,582,504,415,330,243,157,80,19,20,33,36,12,41,314,161,229,290,352,406,455,498,546,590,636,680,714,748,772,783,761,729,668,585,488,383,248,117,6,117,216,295,346,364,355,322,264,178,88,18,324,240,349,453,549,624,684,719,722,704,652,570,459,331,192,44,93,220,332,429,495,536,552,545,517,474,424,379,23,328,341,384,451,541,643,745,823,875,873,818,716,572,405,226,55,90,200,262,4,9,78,47,30,42,18,28,23,31,22,222,258,289,314,332,349,360,372,383,412,442,483,529,580,616,640,644,618,557,94,378,258,134,16,84,165,219,247,252,240,212,171,131,100,77,62,59,66,74,100,120,147,183,212,241,278,310,284,345,346,333,301,255,190,118,41,34,99,146,174,174,147,108,43,36,123,205,286,360,418,460,486,476,454,410,353,272,181,89,14,109,200,289,164,436,482,528,541,545,525,488,432,361,284,194,106,14,82,159,237,304,362,420,462,497,527,541,537,528,512,473,912,374,302,235,168,88,13,62,133,206,71
153,27,408,462,438,340,207,61,60,144,162,482,56,6,42,21,70,240,451,654,808,860,800,638,399,144,79,231,293,292,252,204,185,187,201,190,139,42,82,284,222,188,76,74,228,362,455,510,533,524,467,360,195,39,295,519,653,664,532,285,17,299,496,557,465,265,3,279,490,610,635,585,502,421,367,329,306,252,145,35,285,568,829,1012,1058,945,662,282,113,432,582,534,307,22,339,538,541,351,30,328,611,758,749,446,484,358,290,264,208,70,172,495,804,988,957,700,283,171,516,659,575,324,22,40,42,24,4,29,4,16,16,7,16,24,184,151,61,76,228,346,414,421,377,309,218,102,52,246,447,630,720,685,528,80,18,183,261,213,68,107,228,249,167,6,179,316,368,327,215,93,3,7,64,177,292,365,349,235,51,152,326,283,392,262,56,165,331,397,323,129,124,376,554,612,552,409,245,118,68,85,148,206,226,188,89,36,165,266,334,359,342,303,273,255,260,306,379,53,485,471,391,276,123,5,104,156,165,164,165,193,260,338,447,531,578,578,535,455,386,323,282,258,241,191,116,317,140,293,426,493,501,438,339,246,184,15
43,10,236,185,102,7,123,224,298,325,306,409,198,166,195,290,437,587,672,654,524,280,1,268,481,599,620,563,463,348,230,135,72,20,30,75,116,123,90,155,92,203,275,295,256,166,43,96,239,382,501,593,629,579,422,184,112,391,574,611,474,196,142,434,605,612,454,183,113,373,543,608,593,537,482,735,438,419,353,201,47,364,687,950,1066,992,728,327,97,452,625,573,328,20,344,529,498,264,104,476,737,820,723,157,311,151,59,8,116,314,579,832,946,849,515,40,430,736,785,585,247,92,306,28,42,24,1,11,8,0,16,27,44,7,174,103,28,184,320,396,405,363,286,182,67,77,246,434,587,658,608,421,151,392,346,416,329,141,61,187,185,54,138,314,396,360,227,61,56,94,45,41,121,143,94,21,171,310,398,419,347,104,6,188,292,261,109,128,368,528,549,423,192,73,288,403,407,325,222,147,140,202,304,402,439,393,281,108,53,174,231,229,207,182,194,242,306,36,439,473,478,445,371,259,130,23,62,110,125,143,186,251,351,434,495,513,489,437,368,303,246,216,169,96,2,496,288,420,519,536,494,413,318,240,200,3
4,69,434,445,335,111,173,397,466,355,170,257,15,0,36,208,451,600,506,143,374,783,881,625,128,374,658,641,414,134,71,202,252,256,217,105,43,121,74,30,176,168,4,234,389,407,266,26,246,470,570,468,160,275,620,673,381,109,498,567,265,189,498,450,76,394,648,534,127,338,615,621,405,138,98,844,491,653,659,397,122,703,1061,960,405,342,887,959,545,85,525,525,140,281,393,72,428,710,515,54,624,843,631,218,219,446,533,565,481,190,313,809,950,562,183,809,921,464,207,624,542,108,299,10,30,41,10,20,22,9,8,12,7,5,137,35,170,362,389,204,106,376,483,396,160,143,424,579,502,176,271,603,618,73,110,374,339,104,95,83,98,267,238,15,262,388,310,107,77,132,90,67,121,226,265,152,95,351,444,295,2,280,338,166,113,262,170,116,393,448,203,206,523,572,347,11,251,316,256,188,183,214,178,1,281,502,534,342,46,204,307,305,275,267,258,193,2,160,470,542,439,214,63,301,421,449,375,243,97,73,248,406,503,475,285,5,297,467,510,443,310,142,73,326,555,1013,494,201,129,373,465,432,338,222,100,51
235,191,140,115,58,2,75,121,143,145,95,550,150,330,552,769,961,1091,1136,1119,995,854,647,452,244,64,86,204,276,310,294,255,180,93,45,0,2,35,73,526,97,29,63,212,387,558,700,821,934,1017,1119,1227,1335,1419,1463,1427,1252,992,648,236,193,573,861,1049,1105,1052,900,676,457,231,43,105,188,214,185,1060,72,36,56,169,363,639,983,1345,1676,1921,2034,2003,1812,1477,1008,512,7,421,744,916,902,755,487,132,212,540,772,1676,921,885,834,829,910,1079,1339,1605,1839,1935,1848,1551,1084,523,48,525,830,937,861,57,35,25,15,43,16,37,46,11,50,36,154,326,485,608,708,762,776,766,748,736,736,716,690,633,504,315,70,204,475,1003,804,785,653,419,114,178,419,562,598,520,357,163,26,156,215,193,85,55,233,388,505,556,537,435,273,62,151,117,526,620,615,494,274,23,375,717,1009,1194,1267,1219,1070,869,663,492,400,377,421,526,638,750,847,902,933,930,891,826,755,680,605,549,535,568,613,129,784,861,903,913,892,839,794,738,692,637,600,590,570,570,593,612,638,651,652,650,608,559,499,437,411,396,426,1146,569,638,693,726,688,603,490,328,168,320
28,96,401,477,531,557,539,507,442,360,274,133,189,210,262,352,480,600,705,782,821,817,757,662,542,407,275,146,47,19,58,72,70,62,74,87,113,120,109,299,5,95,203,310,400,465,505,531,548,548,542,520,455,347,195,6,193,381,522,588,565,457,278,57,182,401,557,654,682,659,589,506,430,377,356,342,367,380,377,333,227,68,144,392,647,865,1002,1044,962,762,475,147,164,387,511,490,350,117,158,417,617,725,742,583,619,550,538,562,622,666,647,541,314,1,353,669,873,932,827,587,290,1,200,8,34,27,5,14,24,7,24,3,11,9,141,227,311,363,375,345,284,206,133,62,5,76,163,281,416,546,645,683,643,169,343,140,26,144,165,106,17,174,314,404,418,373,282,173,80,22,28,68,135,228,307,372,392,369,299,187,51,225,244,323,335,262,112,93,315,501,618,650,600,482,327,181,84,40,47,101,174,243,280,289,261,215,148,75,14,23,34,34,9,37,78,110,141,108,126,81,15,49,116,159,178,182,164,144,123,120,137,166,209,252,295,316,329,330,326,329,331,340,361,398,444,866,513,536,533,499,459,394,331,277,251,83
118,156,59,70,73,70,48,33,10,6,20,250,117,199,284,386,484,576,652,719,764,791,789,773,737,682,605,537,461,390,329,276,235,210,182,165,136,104,47,21,95,171,240,302,352,384,419,452,480,522,563,612,640,665,666,631,550,443,299,134,39,216,374,496,582,620,624,587,536,469,410,365,337,325,347,566,453,526,606,691,762,813,836,813,741,624,462,272,55,146,320,443,502,483,399,252,71,128,319,479,605,673,688,741,605,535,477,453,477,548,659,788,906,978,979,899,736,509,257,15,181,310,357,26,12,1,11,12,10,6,12,14,28,24,234,278,308,327,328,319,294,265,247,226,223,221,220,213,178,116,27,79,188,446,333,344,307,226,106,28,159,276,356,395,402,365,294,208,126,56,15,0,13,64,137,215,293,365,411,440,439,392,322,215,87,58,204,340,461,542,585,587,535,458,361,255,171,100,79,97,143,215,304,379,442,483,494,488,453,411,348,281,211,152,107,66,44,211,47,68,90,96,95,73,43,7,64,123,190,245,303,346,379,394,411,423,432,432,431,436,441,447,457,475,497,1009,541,553,544,509,461,390,318,230,144,133
84,30,85,88,106,122,144,160,170,152,112,321,51,153,282,402,513,605,687,739,761,768,747,701,643,564,484,397,314,253,213,190,182,190,195,181,164,122,66,179,92,163,228,271,304,334,358,393,429,472,519,559,586,591,559,497,392,264,107,55,216,361,474,553,587,578,533,457,372,289,225,179,161,170,212,341,346,421,512,584,644,677,670,616,525,387,214,27,157,327,450,519,513,446,317,136,70,279,465,611,708,740,716,708,579,510,467,466,516,607,723,840,925,952,899,772,576,343,102,116,280,378,403,42,7,32,48,16,25,2,6,16,13,56,149,166,165,143,108,69,26,15,43,68,84,111,137,184,249,328,411,488,543,495,515,431,304,144,8,142,248,303,301,262,191,106,23,40,73,79,43,11,81,176,262,346,416,451,467,444,383,133,164,24,112,237,340,400,421,394,333,241,138,33,56,115,139,121,61,26,127,239,339,420,466,488,482,457,415,362,337,308,291,294,301,314,332,144,380,403,417,412,407,376,333,261,190,105,15,50,116,159,187,202,210,214,224,241,262,297,337,376,427,468,506,891,537,537,519,493,438,389,328,272,217,112
4,65,251,213,199,167,126,93,46,10,54,194,228,342,458,571,680,785,860,943,1000,1037,1057,1041,1007,946,866,762,646,514,378,226,112,11,52,67,46,1,59,603,213,277,332,375,397,431,458,495,548,624,713,784,850,879,852,804,695,543,364,160,74,282,486,659,807,902,977,1006,1012,993,958,908,854,795,735,1597,653,651,649,693,751,830,932,1042,1159,1256,1329,1356,1332,1254,1107,901,647,363,62,247,535,791,1005,1143,1214,1218,1155,942,931,809,730,686,703,787,911,1083,1249,1399,1506,1537,1495,1353,1140,867,564,270,5,19,30,13,79,11,50,40,27,31,33,34,260,324,385,444,496,532,559,586,593,608,630,668,734,811,894,967,1011,1015,961,583,720,542,341,139,54,210,339,396,421,396,354,287,218,163,106,93,78,103,130,171,223,281,347,418,489,550,596,374,602,546,453,319,160,10,192,363,508,627,704,732,704,633,535,404,245,67,99,254,382,482,547,585,602,610,587,561,527,488,444,404,373,337,308,383,223,168,114,57,6,62,139,229,329,433,523,593,656,703,731,749,744,723,670,584,494,377,264,131,10,115,227,299,404,461,501,509,493,482,443,418,379,40
78,50,680,783,841,876,856,814,747,659,548,662,293,149,8,135,245,321,379,392,380,335,280,226,181,117,93,75,68,82,106,145,186,235,266,265,246,175,79,335,167,311,435,549,613,689,736,782,837,894,963,1036,1089,1098,1084,1015,900,729,526,299,67,163,384,574,730,850,923,958,960,957,934,901,881,845,811,1632,816,856,939,1051,1188,1324,1459,1580,1675,1714,1701,1624,1480,1267,992,672,321,34,378,679,932,1113,1217,1242,1202,1100,977,96,736,672,675,727,836,963,1088,1176,1195,1131,969,710,395,48,276,537,697,744,676,34,33,16,59,23,6,3,17,21,51,27,251,300,344,360,352,315,258,199,157,138,147,162,171,159,113,36,84,207,331,657,497,502,448,343,186,0,181,346,487,569,594,567,495,403,285,170,51,24,92,106,102,59,8,74,149,233,324,450,486,521,531,482,384,233,46,165,362,527,635,682,670,593,472,317,166,13,124,241,342,430,512,562,605,608,612,572,529,488,456,432,442,472,510,170,602,608,587,548,482,406,318,218,127,5,118,244,399,534,649,743,815,854,864,848,811,768,722,692,663,632,621,1377,580,539,507,439,378,297,201,90,63,20
200,24,213,307,433,572,697,766,758,664,504,786,254,232,311,483,693,905,1070,1177,1227,1187,1078,906,667,392,111,119,266,307,271,201,138,107,138,191,240,245,178,165,92,265,384,454,469,438,376,285,161,35,158,362,600,824,1019,1108,1065,883,560,175,221,539,736,769,652,421,117,203,482,696,830,857,860,803,736,1333,762,856,989,1091,1115,1007,731,330,153,652,1064,1327,1380,1221,875,427,44,420,621,598,354,39,489,899,1171,1258,1186,707,777,613,528,521,540,518,367,52,393,900,1329,1547,1485,1136,600,17,439,669,631,94,45,61,5,25,29,40,10,24,40,11,326,407,467,461,377,227,31,152,316,427,526,615,728,846,916,901,781,543,222,394,363,496,460,300,52,170,322,338,218,14,215,400,483,459,335,178,43,29,5,92,246,423,595,696,735,658,493,252,47,320,495,521,391,137,215,557,824,946,918,756,517,259,74,14,7,127,288,435,528,527,415,232,13,183,315,388,345,283,182,97,68,92,190,127,540,731,866,936,949,888,787,684,586,512,482,489,535,601,676,760,819,848,822,746,634,525,459,433,431,440,422,66,175,18,226,374,454,465,410,320,242,217
5,146,684,719,729,723,688,632,556,460,343,618,23,165,364,559,742,895,1027,1139,1205,1262,1276,1236,1168,1077,955,813,683,534,397,267,170,88,40,12,6,18,16,776,65,112,157,230,323,412,495,569,645,719,782,852,907,939,943,904,813,703,543,361,163,60,287,504,693,839,946,1005,1024,999,940,863,767,642,523,1278,333,255,197,148,106,100,124,182,273,371,484,584,678,735,760,749,685,584,460,300,125,70,268,443,587,674,704,1248,597,465,314,148,6,123,169,155,72,72,259,464,665,824,921,948,894,777,610,47,19,44,24,7,21,12,12,5,28,4,193,238,297,359,426,480,529,560,576,597,599,603,605,629,686,748,809,856,856,597,722,591,424,240,49,146,305,440,517,550,526,477,402,317,228,143,54,27,104,167,220,246,260,245,203,119,8,41,258,400,491,574,603,619,588,528,450,356,271,176,127,115,129,185,237,314,381,456,539,601,644,675,640,582,478,344,204,44,111,283,434,578,683,212,834,900,924,934,915,851,783,673,557,410,247,71,109,278,429,571,671,753,813,829,835,809,770,721,676,649,622,1370,576,528,465,380,277,160,19,118,258,56
192,67,70,1,90,192,285,353,374,352,296,510,119,21,37,44,10,122,263,417,569,688,774,802,787,714,606,480,366,255,176,120,93,85,86,73,57,15,22,305,90,96,68,11,79,186,290,396,472,535,586,618,624,597,535,411,226,4,231,430,546,555,465,283,63,173,380,536,629,655,624,567,490,432,398,641,435,482,542,557,512,395,204,44,328,600,809,926,923,781,542,234,77,335,503,536,437,224,67,353,597,736,758,540,575,462,404,414,477,547,566,484,291,5,349,657,861,907,781,523,213,72,257,16,20,31,36,5,20,0,13,5,26,15,199,238,259,254,210,135,41,57,140,203,274,351,445,542,613,634,583,455,288,218,71,187,218,180,84,44,161,236,247,205,113,1,99,158,171,123,54,36,108,147,141,93,6,104,226,337,414,368,370,241,60,144,317,433,458,391,249,62,125,272,359,375,338,259,169,97,65,82,155,256,371,467,516,520,483,411,343,285,246,247,290,341,417,109,522,550,561,564,540,506,449,395,340,294,264,258,271,316,366,413,439,423,381,309,237,190,172,185,224,248,245,183,119,13,94,186,235,242,206,126,36,56
57,91,109,97,62,32,18,13,0,2,28,278,171,250,326,425,546,665,753,812,858,914,939,901,813,705,596,500,404,316,252,230,232,242,241,214,159,112,54,219,110,207,288,348,389,430,473,509,521,538,566,601,621,595,554,483,380,232,50,122,265,373,467,522,548,521,452,377,320,271,229,196,178,180,204,139,309,377,445,502,532,529,479,364,204,30,143,293,418,508,536,495,403,273,101,100,314,514,680,790,858,871,836,538,669,585,529,518,563,639,730,807,822,774,636,426,160,112,340,486,541,509,410,2,28,45,38,26,7,10,12,50,0,9,80,142,217,298,370,413,433,443,448,454,467,487,505,528,538,525,467,364,242,220,12,77,140,139,93,11,85,176,268,335,377,372,329,261,187,114,49,3,27,20,28,97,169,241,305,364,401,334,369,309,218,97,59,225,375,476,551,582,583,537,446,353,284,257,229,206,196,226,297,374,425,473,491,500,476,406,313,230,163,99,51,26,14,158,13,13,15,14,1,12,34,55,78,121,172,231,295,364,435,499,542,561,563,560,544,533,526,523,528,526,551,1176,589,599,591,574,535,468,374,265,154,75
8,17,152,130,100,74,46,9,17,52,87,63,167,208,254,302,354,403,447,488,521,538,546,539,528,501,459,404,327,246,155,58,22,95,141,153,138,96,41,359,120,197,265,326,373,413,439,467,491,518,549,575,605,631,656,661,639,596,522,426,306,170,24,121,244,363,443,500,526,527,500,462,403,337,265,736,117,52,14,63,95,108,104,70,16,61,147,236,326,396,452,473,465,422,351,251,139,15,112,227,333,398,437,736,382,308,204,89,17,96,136,131,72,32,173,321,459,570,632,640,592,497,368,5,37,2,9,11,19,8,28,35,20,42,196,250,292,324,346,359,365,367,369,373,386,407,435,461,487,498,489,461,402,44,239,147,54,17,63,87,84,60,26,17,58,90,102,110,95,67,22,33,88,163,236,306,368,424,462,474,465,376,359,258,137,6,143,277,397,494,564,604,612,589,548,485,409,323,229,133,44,49,124,187,227,254,270,276,269,273,280,291,296,313,326,341,342,71,323,302,262,222,182,129,81,24,36,103,178,248,318,387,451,500,530,535,521,479,412,332,230,128,18,71,159,259,286,327,348,351,346,337,313,290,258,0
67,11,664,586,482,352,210,55,101,246,379,1130,576,631,652,644,603,535,440,327,197,61,79,211,340,445,526,582,620,621,588,523,431,311,183,47,88,222,349,419,535,584,603,587,549,472,372,259,121,10,147,279,390,478,538,570,570,540,477,387,279,151,28,99,223,329,420,478,509,514,492,444,369,269,155,626,84,197,295,376,436,469,474,445,397,315,218,111,10,129,237,325,392,432,443,424,374,303,205,89,33,154,264,335,405,423,404,349,262,144,12,113,226,313,357,358,313,230,125,2,107,199,249,0,0,1,1,1,0,0,1,1,2,1,267,329,329,273,166,30,120,265,378,453,465,423,337,199,47,112,266,392,489,658,533,476,387,262,115,29,175,309,415,490,533,535,508,438,340,221,93,39,179,305,413,496,545,566,552,506,428,528,202,57,78,214,347,461,550,615,649,628,591,504,383,240,81,82,245,394,528,630,704,737,726,673,574,450,294,118,62,247,423,571,686,768,804,968,746,641,507,342,158,41,228,415,578,697,788,829,824,763,674,544,385,208,18,176,353,509,642,738,795,807,770,945,581,439,281,102,76,250,408,540,642,0
171,17,431,488,522,546,544,512,463,388,293,463,75,40,144,243,321,389,449,502,548,577,588,590,565,520,465,404,349,299,266,249,254,258,270,264,247,203,142,134,10,94,169,237,286,330,363,397,422,447,479,510,554,586,622,638,644,629,591,526,430,325,208,85,39,151,245,321,372,398,401,390,348,294,225,505,73,2,61,101,120,116,88,33,40,128,223,324,408,467,498,487,436,343,214,63,94,252,399,508,599,641,646,732,569,503,434,383,356,363,414,496,608,727,822,892,905,859,748,587,394,187,0,4,9,9,18,14,29,20,35,11,21,27,8,27,74,130,175,220,252,265,269,265,258,262,273,303,344,395,441,471,485,328,431,354,252,133,8,102,192,258,286,287,261,217,174,129,91,69,57,56,60,78,99,119,151,185,233,283,324,336,360,340,288,191,80,50,182,297,386,445,472,461,416,352,284,201,123,40,35,108,170,236,272,304,314,306,294,282,260,251,259,284,325,376,427,164,493,504,490,450,399,331,262,186,100,20,65,162,253,346,427,500,555,589,602,599,570,536,492,445,399,351,315,737,254,229,206,176,138,89,37,34,109,9
18,41,59,90,119,163,199,226,239,212,176,399,23,59,148,187,220,210,172,98,0,97,209,292,369,419,434,436,407,370,320,261,227,181,159,136,116,95,47,135,64,139,213,308,370,435,478,508,534,524,527,501,467,405,313,203,52,103,260,388,461,484,421,307,145,45,216,381,484,544,565,540,508,462,441,1030,475,545,632,741,847,932,978,967,903,763,575,346,109,106,282,386,411,349,205,9,223,446,639,773,829,809,722,224,476,373,324,317,349,379,376,312,161,62,323,574,755,833,784,615,382,122,95,20,38,41,6,0,33,12,10,6,9,41,74,52,5,86,166,245,304,347,386,409,445,481,517,546,545,523,447,347,215,226,28,111,142,124,50,41,152,243,296,325,297,248,165,89,31,1,9,44,116,204,294,367,407,411,376,293,184,135,81,182,253,259,207,97,47,203,357,479,547,553,520,447,354,277,208,175,174,203,253,316,382,430,456,460,439,392,328,287,240,230,239,280,340,161,452,493,527,542,533,525,494,452,400,341,288,237,204,192,222,260,303,366,392,412,403,383,353,317,297,286,300,932,372,418,450,474,458,411,358,274,203,17
156,75,346,404,446,471,478,466,424,357,282,372,93,1,72,130,175,196,195,169,133,88,31,26,79,125,153,164,164,140,97,48,2,43,58,56,30,17,66,316,132,141,145,132,122,115,121,125,132,140,146,129,96,52,21,107,213,321,412,478,506,476,412,312,193,68,54,172,262,335,387,414,403,365,302,659,137,65,20,17,50,117,218,346,473,586,687,745,764,722,628,477,283,61,164,385,569,713,800,831,811,744,640,90,421,349,322,336,400,482,559,599,569,457,266,26,227,450,596,642,590,448,257,11,31,32,1,17,3,7,16,13,38,32,18,86,148,210,255,300,341,380,415,455,485,510,539,563,592,606,600,570,511,163,299,174,49,46,97,107,70,1,80,169,232,270,270,239,180,103,7,85,159,219,250,262,244,198,122,33,63,57,228,268,277,246,176,77,36,155,262,356,415,439,436,407,349,273,189,100,13,63,122,152,168,157,127,100,67,51,58,86,143,219,303,393,466,165,559,579,581,573,556,528,496,448,390,324,258,201,151,123,123,143,176,204,226,219,192,138,64,19,100,175,230,105,286,290,279,254,230,207,195,185,187,53
208,11,332,384,423,449,450,433,384,330,260,412,161,153,174,230,300,411,545,679,791,860,894,880,826,740,634,515,404,322,272,246,221,198,161,118,65,1,63,407,139,145,124,105,63,15,47,129,215,307,391,473,548,614,650,656,614,525,379,195,15,229,401,512,547,506,405,266,118,12,124,203,235,241,223,725,177,183,231,330,473,655,842,997,1092,1102,1002,821,573,297,28,190,336,379,333,183,41,302,558,766,899,937,885,540,634,501,428,416,460,520,536,478,311,56,251,547,770,874,827,649,383,100,133,77,1,28,18,10,11,2,16,6,39,25,181,219,266,305,324,313,281,234,184,132,72,1,87,196,321,442,540,589,584,337,418,285,155,43,26,45,20,58,157,264,347,380,356,299,202,103,27,8,18,84,187,301,398,468,500,493,429,287,173,3,152,270,315,285,190,46,118,275,386,436,428,385,319,250,193,155,129,124,154,200,272,350,424,472,487,465,414,330,253,202,199,241,317,173,480,556,611,640,640,607,562,494,413,342,271,236,228,268,346,431,517,567,589,580,553,523,493,468,480,506,552,1120,653,686,678,655,604,530,443,341,264,37
80,63,422,458,473,476,452,408,358,275,179,315,35,151,254,350,436,504,566,608,648,657,656,639,608,561,503,448,391,343,302,271,241,223,209,192,182,145,93,279,42,107,163,194,234,259,296,328,358,383,394,403,428,450,487,511,534,536,516,487,444,374,294,186,74,48,159,251,309,345,351,338,290,229,145,465,52,150,234,295,331,336,311,259,190,109,9,94,192,281,337,369,361,316,248,143,22,109,253,379,486,554,582,920,527,462,382,305,254,234,261,338,453,589,716,816,869,860,787,657,483,288,91,12,19,20,2,0,24,24,20,9,34,27,39,6,35,81,119,148,175,184,189,198,203,215,236,263,303,353,389,414,429,307,381,315,229,127,13,95,187,267,317,323,314,283,229,170,117,73,47,33,31,40,59,93,131,178,232,274,318,229,346,319,264,184,74,48,180,307,403,469,503,490,455,390,316,227,135,37,53,150,239,325,381,429,451,457,454,414,378,331,293,269,254,261,283,355,330,339,344,334,305,266,199,124,40,63,153,247,345,428,504,566,597,613,594,580,538,505,464,404,355,285,231,540,149,118,80,28,30,86,135,180,214,105
111,51,425,420,420,370,341,272,201,123,13,149,206,307,403,502,543,604,613,610,604,553,526,450,391,328,226,161,54,16,89,170,187,231,214,199,169,98,53,94,90,151,219,251,299,307,318,317,288,265,224,194,155,126,119,106,127,142,185,226,274,330,379,438,484,538,581,613,645,653,665,659,634,607,559,1089,458,412,366,319,296,271,269,270,275,302,320,338,351,355,364,343,337,310,280,249,210,177,130,97,60,24,14,411,32,74,151,250,362,485,599,688,744,754,717,623,497,345,186,42,79,156,195,20,13,2,10,8,3,40,7,0,24,10,191,224,255,294,327,359,387,411,440,466,499,535,567,605,622,640,634,609,577,218,436,338,231,122,2,106,204,282,344,370,365,345,288,226,150,76,1,73,128,184,223,249,265,254,246,204,159,75,0,87,196,278,377,442,492,533,527,540,505,471,434,378,343,272,219,151,78,15,82,137,211,265,307,343,333,345,316,290,254,210,163,109,60,332,68,123,187,228,280,303,322,336,323,321,283,259,210,142,88,1,69,161,253,318,402,441,484,512,506,507,486,1031,429,377,327,243,163,63,37,133,223,45
3,119,96,7,148,280,376,417,389,323,259,243,233,291,394,497,560,536,411,205,62,341,568,711,751,699,578,429,287,162,56,18,81,141,192,215,218,165,69,252,161,226,204,106,44,223,378,474,523,514,456,354,190,18,250,466,597,601,465,217,71,320,443,413,223,63,368,616,735,712,582,391,182,22,91,638,237,348,514,713,893,976,909,660,265,195,588,825,827,625,288,58,291,348,192,97,429,680,781,687,429,80,262,826,623,638,604,579,576,551,432,174,212,630,939,1011,799,378,91,446,570,459,205,31,10,22,27,21,35,11,36,15,23,9,246,225,150,35,100,234,352,435,472,457,381,249,68,154,367,545,627,588,428,79,45,209,260,184,31,115,176,130,9,193,332,377,320,193,61,20,25,58,163,251,258,163,17,228,402,477,424,271,33,177,281,243,68,180,418,557,553,409,164,95,297,386,358,269,167,108,129,224,361,473,525,491,368,203,28,118,199,221,204,177,176,230,333,100,580,634,599,473,290,80,90,199,227,207,146,116,136,206,336,464,570,599,561,459,332,224,138,78,15,71,199,883,506,612,650,607,506,377,261,187,159,136
59,19,244,0,288,475,444,248,20,186,220,128,224,283,274,75,280,604,649,370,125,573,738,555,130,317,570,541,271,52,263,310,239,126,10,93,155,134,10,411,106,60,266,295,80,255,482,456,189,182,487,594,423,2,468,681,468,52,500,534,149,330,494,208,288,592,463,14,502,684,486,53,321,515,521,557,193,159,583,853,727,144,609,1074,906,208,558,894,617,16,428,395,17,308,243,182,577,549,52,563,840,568,33,796,676,488,177,126,404,622,588,173,481,905,697,46,739,816,259,405,608,258,209,4,15,4,16,17,4,4,14,34,27,26,206,189,47,178,345,329,106,196,413,426,224,121,449,571,366,72,494,596,321,372,394,333,68,115,75,94,150,15,256,344,168,126,297,246,63,39,12,50,0,192,357,295,2,364,504,312,78,288,329,35,243,221,80,384,381,19,426,591,370,65,389,426,265,65,26,47,105,236,366,335,88,268,522,498,247,75,274,308,270,232,210,105,123,119,568,472,134,279,544,532,292,24,166,214,248,281,306,223,1,286,499,515,301,27,333,494,477,332,101,168,425,1081,529,228,195,520,589,408,123,95,224,31
48,62,101,108,107,104,93,75,63,56,55,144,161,245,347,452,535,592,600,578,523,430,345,253,156,73,3,47,86,103,109,90,68,49,47,34,36,45,64,268,39,9,78,156,241,333,419,483,532,572,601,622,620,612,566,485,364,204,30,144,296,402,457,448,390,292,166,25,110,235,338,412,458,471,469,1043,449,464,519,616,749,887,1009,1090,1105,1045,903,698,463,220,0,170,274,294,226,84,107,328,542,719,835,862,820,628,618,520,465,460,502,558,581,536,410,200,72,354,594,735,752,655,477,259,52,21,13,18,13,10,5,14,8,21,0,40,272,304,311,300,274,238,193,144,88,12,70,153,254,360,457,551,614,638,617,293,423,271,129,0,71,89,49,34,141,236,310,338,314,256,176,94,30,1,9,57,147,242,347,429,481,492,455,360,234,82,77,225,334,381,367,288,154,1,148,264,335,338,292,207,113,17,46,86,86,56,4,77,152,231,287,302,279,230,146,39,58,131,162,357,93,16,71,152,209,241,234,214,174,124,54,15,89,164,211,232,228,197,152,103,72,60,69,103,140,167,173,34,104,45,18,64,89,90,68,30,10,152
203,90,11,126,269,398,466,434,319,174,69,298,62,101,70,61,282,527,710,774,683,448,119,226,514,675,685,576,395,189,26,93,162,187,184,153,98,24,42,381,83,24,90,223,344,407,385,275,83,145,372,554,648,608,419,109,220,468,531,380,76,243,443,428,210,124,466,687,728,580,311,6,279,454,529,1127,550,564,548,438,181,223,668,1006,1102,881,416,134,556,709,569,226,144,354,301,1,402,718,796,571,147,326,663,832,719,539,362,210,63,155,449,752,894,758,333,239,709,863,639,193,244,452,378,30,20,3,12,23,28,24,12,44,10,0,127,8,135,265,345,356,277,126,80,285,449,541,528,395,156,151,434,598,574,88,90,165,265,194,23,122,137,4,224,392,422,292,88,83,145,90,16,78,26,122,304,439,460,339,106,154,358,347,293,57,189,322,253,9,310,555,583,383,40,290,489,495,367,193,91,96,172,257,262,163,37,273,479,583,562,448,292,154,75,47,32,19,141,186,509,637,659,546,331,87,131,277,347,342,327,331,361,406,421,395,275,96,109,288,409,465,481,487,495,480,414,283,45,206,421,545,554,479,359,239,154,47
254,88,81,23,72,185,293,378,408,374,306,239,215,260,346,424,435,351,163,91,354,569,725,779,744,615,424,191,23,178,248,258,213,188,186,189,163,101,9,463,124,83,24,166,317,405,433,383,281,134,43,249,445,611,678,613,392,68,262,503,552,399,98,237,496,624,582,406,147,141,394,577,654,643,563,784,415,377,324,192,66,430,800,1068,1111,908,493,1,408,625,599,362,19,293,458,405,144,231,598,822,833,639,315,543,280,415,456,476,532,618,663,570,280,180,653,957,950,633,136,325,559,502,227,3,1,14,8,8,8,10,4,32,23,28,230,224,176,92,28,169,308,406,443,424,338,199,12,206,428,600,660,562,328,242,239,365,324,157,37,152,131,3,186,330,376,309,168,18,71,78,14,70,121,90,30,210,385,489,467,326,104,82,296,336,223,7,238,417,442,299,12,298,537,626,545,351,142,9,37,17,125,194,187,80,102,305,467,552,536,443,308,185,103,87,112,148,135,279,113,321,510,621,633,532,392,245,139,86,75,75,75,26,66,203,364,497,573,561,486,378,294,253,235,204,113,310,257,449,569,600,535,425,319,225,174,104
84,132,404,453,476,476,453,408,344,265,167,352,60,179,308,426,537,629,702,758,784,786,760,715,648,567,481,384,279,191,101,19,39,88,116,117,103,73,16,273,123,206,280,353,403,444,461,465,453,429,394,363,321,303,289,284,300,318,358,395,442,477,513,537,559,567,573,576,577,573,574,583,577,578,572,1063,543,523,494,467,443,426,414,409,412,416,424,429,428,420,406,379,344,304,261,210,159,109,57,15,13,32,40,448,34,105,196,301,418,527,631,704,750,752,712,634,523,395,255,113,11,114,186,42,18,14,29,8,25,1,13,17,27,71,96,115,135,147,159,160,153,135,111,83,42,7,26,48,65,72,61,43,10,376,58,99,126,139,140,120,91,57,11,27,61,83,98,90,70,41,1,46,95,153,199,239,281,308,334,345,352,201,324,304,263,228,176,127,69,18,24,65,89,98,100,72,40,8,64,122,176,223,260,284,288,273,250,208,159,100,33,34,100,164,230,287,332,65,384,385,373,330,274,205,121,21,66,156,239,307,362,403,420,415,401,358,295,212,120,6,111,234,353,456,543,946,653,653,622,568,482,376,257,128,6,47
6,63,66,271,429,489,449,317,159,10,63,337,68,118,263,473,637,627,403,13,458,781,880,742,425,36,297,505,541,451,291,130,7,73,118,155,156,115,20,274,105,45,112,295,401,359,174,112,381,560,597,498,254,59,401,619,625,382,17,371,496,318,56,427,577,446,86,318,613,693,569,318,26,214,395,1113,593,618,559,332,54,535,939,1074,844,300,332,771,843,556,80,298,384,168,198,466,462,147,327,726,841,630,186,563,573,669,623,524,381,136,237,676,961,880,400,281,795,885,522,39,452,517,276,11,4,47,26,6,12,9,26,78,15,33,204,171,31,163,349,423,349,158,89,319,482,538,463,240,94,436,644,616,352,358,301,377,247,51,66,22,127,262,259,103,125,299,341,239,75,42,37,43,121,86,73,303,454,424,194,129,376,350,261,8,229,252,69,230,463,486,252,128,475,609,511,263,24,83,81,24,38,151,339,483,507,372,120,167,387,478,455,356,265,183,139,60,77,156,460,590,610,463,217,79,322,469,483,418,334,284,236,168,41,156,367,543,601,550,384,178,44,226,385,501,575,1009,450,222,78,318,464,453,365,272,237,50
158,28,87,182,288,385,435,436,387,309,226,81,189,242,330,404,421,346,167,79,351,595,752,810,767,620,428,219,38,109,196,236,238,222,195,174,137,98,30,395,106,131,94,9,155,319,449,522,517,443,320,150,54,261,458,591,614,500,270,37,304,466,453,276,15,336,586,718,706,573,365,144,53,191,280,912,410,514,644,767,836,764,531,154,291,691,929,937,734,384,0,279,377,269,13,308,571,689,619,372,18,336,596,704,672,558,442,360,310,229,49,250,608,899,984,804,389,104,500,666,563,282,32,34,8,32,16,2,6,16,32,8,14,48,177,195,160,67,81,245,376,444,436,384,292,184,38,154,375,581,691,650,456,203,108,289,309,197,21,127,167,105,55,229,349,378,307,176,38,37,36,34,147,224,218,105,74,273,429,467,396,275,19,156,234,182,16,218,424,535,506,325,61,197,380,431,378,262,155,111,139,228,330,400,408,346,213,47,118,241,300,297,258,217,215,271,372,63,568,566,483,325,138,36,165,236,246,220,196,196,241,320,417,494,540,518,439,320,208,102,27,49,126,219,333,1042,560,604,593,524,416,285,171,99,54,6
75,51,147,252,356,409,406,347,249,151,99,23,167,251,304,294,201,45,155,378,582,723,788,757,638,453,238,46,107,200,251,272,275,258,221,143,49,29,75,332,94,82,51,22,163,340,496,576,550,438,259,72,132,328,495,602,613,493,273,6,291,481,524,384,111,220,511,685,714,614,440,244,63,88,191,747,334,429,560,716,830,844,707,409,5,445,782,921,839,574,222,100,320,368,248,4,309,583,732,689,465,123,228,745,621,631,577,534,520,511,432,220,137,549,878,976,791,390,71,415,535,438,222,1,69,16,0,15,1,3,20,17,27,37,94,173,236,278,274,217,100,50,209,341,438,493,505,461,336,140,110,350,496,368,391,177,33,161,162,41,123,257,304,237,94,72,197,246,206,108,14,28,4,110,238,352,399,362,226,29,166,149,332,252,86,109,283,362,310,126,139,405,581,620,515,335,169,64,45,80,135,174,157,85,50,217,360,451,462,407,322,248,207,197,241,291,329,212,220,66,115,297,416,468,455,415,358,310,288,289,310,344,374,372,307,178,18,147,266,331,349,367,415,492,563,963,564,475,337,186,30,113,203,228,188,59
5,16,368,365,253,52,155,308,351,290,191,66,152,221,243,137,137,477,740,777,553,148,282,596,703,620,400,126,117,280,334,298,204,117,40,17,60,81,52,295,99,124,60,104,295,415,398,247,1,254,464,573,537,350,3,361,591,561,255,163,461,456,152,292,620,652,371,84,511,739,696,461,140,133,308,1046,483,565,585,443,89,418,870,1057,836,294,340,765,807,487,13,339,374,102,288,531,435,32,481,817,793,434,59,817,621,578,449,319,159,93,459,776,835,502,118,695,905,618,44,449,580,333,41,1,32,12,9,27,16,15,10,4,7,20,116,182,202,134,31,234,383,406,291,74,181,416,565,554,349,15,398,627,591,9,42,284,298,134,52,105,23,220,338,277,47,214,349,304,133,10,39,50,152,145,7,243,429,456,263,40,319,300,292,24,213,259,85,217,453,446,188,196,502,581,423,158,69,170,141,83,82,184,333,430,370,145,166,419,521,431,247,87,19,21,25,57,225,210,532,490,286,7,282,453,476,386,266,174,125,80,14,181,376,514,536,433,238,16,176,319,408,466,480,442,313,67,207,466,601,562,379,142,43,120,131,31
92,117,345,405,413,398,327,261,165,110,80,145,136,220,298,381,420,435,386,303,167,14,159,298,445,533,582,573,526,445,367,294,243,201,171,134,74,13,56,459,144,150,129,70,2,111,230,346,461,554,610,635,609,559,455,323,155,39,235,385,466,445,318,98,155,392,589,694,716,672,591,481,386,308,244,19,183,151,95,16,183,393,641,855,1003,1027,938,729,454,157,103,284,352,298,137,91,344,576,735,786,720,549,327,436,71,172,215,232,271,376,544,745,895,937,812,536,158,218,501,620,574,388,158,22,30,42,38,24,4,10,26,15,6,15,68,10,62,151,242,323,381,423,443,440,418,373,283,157,5,184,354,478,553,350,449,299,137,13,90,95,13,106,251,354,387,350,260,152,50,3,0,53,138,229,294,324,299,227,92,49,193,162,333,280,158,28,219,372,453,438,330,166,22,189,308,357,348,277,193,114,75,73,124,201,315,407,485,518,503,435,358,267,219,201,251,333,432,82,557,554,505,430,330,239,137,68,7,4,12,64,114,159,138,87,7,102,192,239,256,241,248,274,327,399,465,889,563,574,562,546,504,461,395,338,276,119
47,127,217,304,380,435,465,463,433,366,267,393,8,130,281,421,540,640,719,773,810,809,791,764,709,641,558,460,365,272,186,104,45,1,33,41,42,23,6,383,80,127,179,234,276,311,341,363,367,359,342,313,290,258,235,232,236,253,285,326,378,431,490,543,597,635,677,704,717,721,714,694,659,607,548,1122,396,320,238,166,102,48,6,20,28,17,4,36,80,130,183,236,290,340,389,424,463,488,506,516,517,505,491,141,465,457,463,485,530,595,680,769,855,929,971,977,940,862,738,580,413,240,80,1,21,11,10,3,17,11,0,46,6,77,236,260,282,306,333,360,386,415,448,480,521,559,593,625,653,663,666,648,610,297,480,390,282,166,38,80,189,284,354,401,417,399,363,299,216,127,27,70,168,257,330,389,425,442,434,408,361,323,222,125,25,78,185,283,372,451,517,555,573,565,526,460,373,262,131,0,127,259,372,459,520,550,551,526,474,397,290,184,68,54,179,295,397,154,542,580,594,581,539,478,401,305,198,81,30,143,257,359,452,524,572,590,576,535,444,343,207,54,93,243,376,572,559,602,612,592,545,481,403,308,205,72
65,13,425,439,366,205,11,150,241,244,204,253,183,256,375,497,546,475,281,8,330,600,757,780,665,453,176,95,285,382,368,291,197,133,94,57,6,59,103,167,6,143,280,338,284,122,103,324,506,591,569,440,219,53,324,541,614,509,268,47,309,424,329,62,281,567,680,571,290,67,388,588,651,604,519,584,389,311,147,142,522,878,1079,1020,680,150,393,755,834,619,242,135,346,301,33,330,614,664,449,30,426,748,842,470,478,233,59,78,242,475,724,860,757,377,173,672,903,771,357,122,442,483,288,6,17,19,32,2,8,25,0,21,43,55,173,120,10,174,313,377,350,243,81,106,301,469,572,569,420,146,179,469,611,222,353,93,96,139,40,99,178,126,40,254,400,407,296,124,26,89,53,33,107,90,19,203,386,480,426,234,31,106,356,272,57,184,320,280,68,225,489,591,506,268,3,201,287,238,150,90,118,220,361,445,422,280,42,207,394,466,431,326,234,204,256,317,333,314,50,202,429,578,616,557,425,271,132,28,22,45,66,121,243,382,505,553,503,393,248,122,16,99,232,396,553,1094,682,581,389,144,86,252,320,304,240,75
38,17,123,101,29,57,149,213,222,202,141,279,14,12,12,33,108,209,325,441,556,648,713,745,740,692,608,501,390,278,200,135,96,50,25,18,55,101,118,270,75,13,91,184,297,376,458,498,541,548,550,515,454,338,201,22,161,334,452,508,477,367,182,47,281,477,618,679,665,588,478,356,250,179,141,237,104,71,2,122,296,509,731,923,1043,1055,951,743,459,156,110,300,372,328,169,63,327,576,759,844,825,692,501,160,115,1,47,65,96,174,337,552,780,936,962,823,553,198,141,389,502,473,342,68,8,16,7,0,5,30,18,7,50,15,59,3,72,163,246,320,378,410,426,421,399,359,287,189,61,85,242,380,470,365,436,326,184,46,45,70,27,71,211,328,406,413,367,258,140,31,29,32,36,145,268,377,442,426,360,228,73,59,197,249,221,124,27,207,371,486,528,498,389,252,95,19,92,100,55,31,127,198,231,207,127,18,110,233,309,343,322,278,201,158,118,123,155,253,314,410,479,530,537,533,480,430,366,320,296,290,317,361,414,451,490,492,494,468,446,423,432,422,442,429,424,565,329,247,160,61,14,80,109,109,71,30
43,45,198,231,252,257,249,244,233,226,233,56,261,295,334,394,447,504,562,610,644,669,678,687,673,653,619,572,508,429,352,277,223,175,152,134,111,87,41,104,54,116,160,201,236,269,306,355,390,434,475,517,562,593,619,623,615,580,512,411,271,112,60,236,401,535,635,692,711,698,658,611,561,523,507,965,564,634,719,819,915,997,1049,1074,1045,965,835,679,488,292,95,84,233,343,407,418,375,292,174,31,103,223,309,684,366,336,289,241,213,231,299,425,574,742,871,944,930,829,646,417,194,2,124,65,6,4,15,24,21,19,17,15,1,26,204,224,252,281,312,330,340,339,329,314,302,288,278,262,237,186,114,24,78,348,241,276,266,206,113,16,146,266,351,399,400,355,283,211,130,65,20,3,4,25,74,141,221,308,377,427,435,251,327,217,80,63,203,331,432,505,539,546,508,442,359,267,180,118,90,75,97,139,198,267,328,380,417,423,408,373,309,233,155,90,24,24,59,212,85,97,92,85,79,79,82,95,123,166,205,266,315,366,411,450,479,507,522,525,512,496,477,465,455,458,472,923,486,480,459,424,375,316,254,177,98,23
85,62,253,22,319,540,473,148,198,343,288,53,151,138,5,278,552,551,204,333,739,749,335,250,677,702,364,103,426,471,290,45,149,242,217,89,61,146,89,132,170,103,116,314,334,111,227,494,490,196,250,584,605,244,288,617,523,55,406,487,137,336,481,142,382,635,364,231,686,670,237,290,576,552,333,240,247,540,688,487,93,763,1024,613,240,920,929,297,434,700,358,172,398,121,323,438,27,556,740,294,437,838,637,388,438,594,480,242,99,514,762,525,190,868,900,193,641,869,355,353,601,265,220,6,21,5,42,42,47,35,21,9,8,15,189,215,69,201,391,322,22,320,473,348,23,345,561,468,61,437,676,450,85,381,477,120,200,203,5,121,22,257,285,22,297,383,169,122,231,122,12,3,128,154,37,313,398,153,235,442,279,2,326,207,112,300,139,232,458,279,194,564,530,120,331,485,328,80,55,71,120,265,373,256,85,437,545,346,15,305,398,338,210,68,80,265,428,246,224,166,526,627,372,47,376,455,323,142,23,71,211,364,405,234,89,385,505,409,176,102,368,542,529,270,158,991,677,470,46,348,525,447,208,31,182,104
344,141,90,144,175,204,205,199,184,171,164,94,181,200,229,250,272,276,275,265,246,221,207,201,187,181,174,155,130,89,45,9,57,94,125,133,125,91,34,297,111,204,280,353,410,448,479,506,522,544,573,603,635,655,665,651,623,567,492,395,288,169,42,81,207,325,434,521,587,613,622,589,533,450,352,771,147,63,8,53,67,53,8,55,137,228,311,385,443,477,485,469,425,346,250,127,14,164,316,447,561,637,662,866,576,483,372,270,194,158,172,236,348,480,617,736,810,832,790,689,542,371,193,1,15,17,6,18,7,16,32,33,17,5,29,56,89,124,164,199,226,241,243,237,232,226,240,270,314,369,426,475,502,461,475,418,331,217,94,30,148,243,315,358,363,346,295,231,158,81,5,52,91,111,108,89,34,14,79,145,205,134,279,293,283,260,217,165,100,15,68,155,227,283,313,308,273,204,110,4,120,234,340,421,482,525,548,544,520,474,407,327,229,131,30,61,139,135,252,288,314,330,345,341,340,329,312,287,263,233,220,194,172,143,121,87,44,8,65,128,193,259,325,382,436,992,524,539,540,522,490,431,366,295,212,68
1,0,389,453,503,532,516,463,378,290,223,54,228,288,374,449,490,488,441,353,236,99,45,176,314,423,496,528,511,451,375,298,235,203,181,156,109,49,28,378,146,152,109,25,86,200,303,404,480,540,577,589,562,484,355,186,8,209,371,464,458,357,171,66,318,529,662,713,672,560,409,249,107,7,53,423,113,158,261,415,615,830,1006,1105,1090,947,696,378,49,234,419,471,380,175,112,401,636,743,702,518,236,75,332,693,563,542,502,501,558,669,774,809,716,481,126,261,580,762,758,591,324,42,179,10,25,8,0,12,24,24,14,41,25,43,189,250,290,295,265,205,123,38,58,153,254,365,476,573,636,632,555,401,194,264,186,283,277,186,46,94,182,198,136,15,125,242,306,310,239,135,28,50,65,12,106,251,386,465,466,374,216,49,140,262,302,233,94,97,313,492,607,634,570,441,275,117,14,18,13,96,182,241,247,184,74,65,199,307,366,375,343,285,236,202,208,252,323,56,489,545,574,569,530,474,401,335,272,239,232,258,305,354,385,381,350,287,211,147,98,65,31,1,58,136,231,647,402,458,492,501,487,452,415,368,326,8
37,18,183,339,474,571,647,682,690,655,599,71,394,269,121,22,169,303,422,520,587,629,639,614,563,471,372,246,119,21,163,292,407,496,570,602,615,595,535,1328,334,206,69,71,202,325,429,513,564,590,580,534,464,370,255,131,9,138,267,369,451,508,538,537,507,440,350,243,129,10,109,224,327,403,464,511,482,453,395,320,218,108,5,119,228,315,382,428,450,434,397,326,237,133,16,92,200,292,371,410,422,397,343,922,148,30,89,203,296,359,386,362,305,221,108,13,123,217,275,289,266,200,104,1,0,1,1,2,2,0,1,2,2,0,198,80,62,197,325,398,422,389,303,168,8,161,317,439,512,530,493,414,293,124,22,184,328,447,520,550,542,492,411,299,167,18,121,258,374,465,532,562,558,514,443,340,215,81,62,199,330,365,539,596,620,605,561,481,367,237,89,70,223,367,500,599,666,703,700,648,561,431,285,115,64,246,414,562,682,760,798,791,729,629,499,332,144,194,249,428,590,707,798,836,835,772,677,538,374,185,11,209,396,564,700,784,826,826,777,691,567,417,235,50,142,69,475,608,703,758,781,758,689,596,469,0
103,57,265,427,354,22,329,444,268,1,142,460,136,208,255,127,183,499,542,234,298,683,628,164,392,638,450,39,280,362,249,71,79,174,177,77,63,125,44,327,151,8,221,327,174,156,424,429,145,252,527,470,107,364,598,373,145,512,401,69,437,339,139,516,404,140,634,602,61,528,687,369,113,411,462,737,204,138,568,784,479,282,961,973,223,699,1042,527,343,760,418,229,463,76,427,424,150,701,627,82,778,813,195,718,679,431,82,181,422,596,424,200,846,827,19,818,853,71,653,602,12,417,271,14,36,47,9,28,29,30,29,17,8,15,122,23,191,274,155,145,400,372,64,303,480,376,21,406,596,354,203,609,495,208,420,374,29,201,97,122,115,137,340,204,171,405,276,59,250,152,28,22,137,172,68,356,353,11,375,391,64,185,311,19,282,262,101,441,353,156,612,519,40,530,530,160,166,230,157,144,204,169,65,398,540,302,186,540,499,165,138,251,237,232,214,70,196,15,459,185,251,546,485,119,232,355,271,170,97,28,215,378,367,155,169,436,508,322,36,371,507,427,188,132,431,1111,428,11,411,577,414,59,233,337,286,32
38,1,386,452,348,91,190,375,386,272,167,242,93,56,45,232,436,548,485,206,199,577,749,644,300,117,433,553,459,252,15,149,230,207,134,45,33,70,50,115,122,195,156,5,240,426,447,264,41,347,549,562,362,18,359,591,540,213,214,468,400,59,333,502,343,70,494,682,521,115,320,559,553,401,226,395,122,392,689,806,577,16,641,1063,1008,471,260,806,883,473,118,489,396,27,441,462,66,488,800,648,118,450,745,431,357,12,243,406,527,567,395,48,602,922,727,66,615,862,532,73,478,444,109,63,57,7,23,45,39,9,36,34,34,0,36,179,266,208,23,196,336,351,249,52,190,420,520,404,70,335,596,561,249,336,421,404,173,75,148,26,139,155,18,263,369,255,4,229,256,137,7,12,112,202,129,106,356,452,301,15,313,305,257,49,283,266,0,339,483,305,120,520,643,436,54,260,367,279,160,132,183,213,113,132,398,529,440,183,86,257,299,279,260,264,220,91,138,45,526,514,341,54,253,468,518,391,184,10,85,131,197,313,404,396,248,12,231,416,506,502,382,165,114,380,558,1055,500,263,72,382,563,537,348,127,27,46
32,88,156,18,163,335,426,415,308,168,60,265,35,43,3,126,306,484,578,538,351,45,285,562,683,620,415,141,95,246,290,267,221,163,111,45,19,66,65,46,58,127,143,84,47,215,375,466,444,302,40,264,536,673,621,374,11,345,545,509,227,152,445,501,272,144,533,729,648,352,16,310,468,510,497,746,463,365,129,239,656,974,1029,765,229,403,878,997,730,209,297,537,402,0,412,566,359,127,640,906,800,386,121,799,639,595,479,376,267,72,261,647,883,792,340,286,768,851,510,28,447,518,264,3,5,3,27,10,19,12,14,21,5,15,165,243,268,201,40,166,337,427,402,272,65,194,439,602,594,394,52,301,529,243,352,80,124,162,58,96,166,88,107,314,399,313,108,102,202,164,54,23,25,170,320,354,211,68,346,491,414,128,125,318,296,82,211,418,419,177,188,511,628,498,210,89,244,241,138,63,88,217,357,405,307,84,171,369,436,397,299,203,155,134,101,1,177,160,534,577,473,271,27,185,319,370,369,336,303,269,233,165,60,92,269,421,513,511,418,277,120,26,167,317,460,965,571,457,241,17,246,378,402,354,289,70
62,25,396,456,499,511,514,475,419,349,268,318,125,85,63,58,68,95,131,176,229,286,338,388,425,454,453,445,417,364,316,254,197,144,94,65,30,20,4,349,51,101,141,199,259,320,378,432,487,532,563,594,618,618,599,550,477,364,225,63,112,279,428,540,603,610,566,477,368,254,140,73,39,43,99,10,257,328,376,382,344,257,126,33,207,382,527,635,693,679,596,444,247,6,241,469,646,749,787,734,625,478,321,260,104,72,91,142,193,214,186,83,93,308,541,731,850,871,778,603,379,152,37,37,20,12,4,1,1,2,22,0,31,32,153,170,192,204,204,182,147,102,52,0,49,105,175,249,334,423,504,570,595,349,523,427,299,157,36,65,113,117,85,9,74,154,208,234,224,168,86,16,115,199,248,255,223,147,40,76,190,154,340,347,306,213,81,77,249,410,539,631,670,656,582,484,366,250,156,94,89,116,182,269,356,433,473,485,462,404,339,271,196,155,113,91,83,144,99,122,151,173,197,213,200,169,115,43,32,98,161,206,230,256,260,282,290,308,316,328,348,372,407,444,494,873,576,584,566,520,451,372,312,264,247,47
62,12,20,165,298,415,518,590,648,673,679,471,602,534,438,329,207,79,49,173,289,398,490,560,603,620,618,594,552,481,392,283,165,38,89,210,321,421,504,770,595,604,590,545,486,397,299,184,58,64,181,290,388,469,527,565,569,557,512,444,357,256,152,40,75,181,288,372,439,486,508,507,484,437,370,271,192,90,15,120,220,306,376,429,454,456,437,397,341,258,164,60,45,146,240,315,376,413,429,414,368,303,215,732,2,111,213,295,360,386,379,335,263,175,64,48,151,231,280,295,268,206,120,0,0,0,1,2,2,1,1,0,1,2,260,185,67,65,205,319,401,439,428,367,260,120,33,191,327,436,506,536,522,553,377,260,122,24,167,287,393,471,533,553,542,495,429,332,220,97,26,151,271,380,467,529,565,579,561,518,451,553,246,118,10,142,265,384,491,576,639,663,668,628,559,467,348,220,77,77,228,375,512,623,701,752,760,744,693,602,484,349,185,14,158,330,482,884,729,793,834,826,789,716,605,467,310,139,38,211,377,526,655,753,818,834,820,767,680,569,437,279,116,50,219,8,509,624,703,755,776,762,717,651,554,3
61,42,385,301,96,169,388,473,396,240,96,305,27,31,29,190,401,555,563,375,33,351,648,753,618,302,59,342,459,434,316,174,44,62,147,195,167,77,51,328,104,18,188,310,323,203,15,259,470,570,496,225,150,518,680,567,219,193,478,487,236,144,442,484,238,195,570,694,509,122,264,501,557,483,381,191,103,164,505,813,903,674,141,507,985,1071,711,86,490,735,556,106,304,405,142,309,635,614,211,351,777,856,593,445,252,494,578,581,512,316,62,555,912,876,373,334,828,816,348,216,502,394,78,41,17,20,11,13,16,43,26,15,12,17,156,93,13,167,302,355,268,52,211,418,510,435,217,98,420,628,599,314,101,416,510,326,31,154,134,33,173,156,23,247,361,289,89,109,191,146,46,5,66,196,258,178,40,292,425,360,115,72,319,263,21,244,354,218,116,470,610,448,75,318,526,481,267,69,12,19,56,14,205,421,512,421,169,115,315,386,352,276,218,163,117,32,109,36,474,542,444,207,82,315,419,401,331,253,180,120,34,98,260,404,486,464,338,133,113,323,458,507,489,388,228,213,242,471,602,564,375,111,112,218,234,135
20,17,28,84,115,151,179,200,217,220,223,149,186,151,103,47,5,66,120,169,208,240,270,284,299,306,313,304,293,277,258,234,208,181,148,116,96,62,31,107,18,38,56,64,71,71,70,69,54,45,28,19,25,23,38,64,98,146,194,264,334,398,478,530,583,616,627,622,591,563,520,482,458,429,431,1079,467,512,548,599,646,693,736,766,804,826,830,816,781,716,623,502,366,202,36,123,292,422,547,632,685,713,696,712,581,493,397,301,227,182,166,195,257,352,450,546,630,674,670,632,548,434,301,3,19,3,22,43,1,6,7,13,27,17,124,160,194,225,239,264,269,284,295,303,325,338,366,398,417,452,457,467,459,435,388,315,247,155,60,26,121,205,275,336,352,367,345,292,233,140,54,34,116,175,228,245,257,254,225,194,147,129,25,51,135,230,317,390,473,512,540,534,501,454,385,318,238,171,125,83,65,53,47,46,40,26,7,27,60,102,147,186,227,253,283,304,310,77,309,295,276,245,199,146,83,16,63,138,214,289,351,406,437,447,447,412,365,305,222,138,52,40,127,226,309,573,461,513,562,569,555,518,453,377,281,57
31,88,206,36,319,505,510,349,111,76,155,383,127,172,294,416,407,203,170,558,767,684,356,97,485,664,600,341,35,206,330,325,246,139,13,105,171,137,21,297,155,71,109,287,357,269,40,247,485,570,442,141,252,563,667,481,82,348,562,434,46,336,464,228,201,547,597,317,117,497,651,571,333,58,196,1058,588,683,598,251,292,830,1076,865,255,463,930,914,448,161,545,489,80,341,435,99,426,760,637,106,521,867,785,43,123,457,581,563,460,249,126,607,917,780,164,591,968,710,37,518,569,180,243,8,79,53,8,31,12,12,12,1,4,25,188,56,139,311,355,224,19,269,431,450,307,24,320,573,599,329,99,471,592,61,58,235,304,151,48,112,22,228,314,173,110,337,357,195,2,91,51,15,6,125,279,346,225,53,348,471,335,166,264,318,110,190,331,189,161,485,547,293,137,482,565,368,81,104,120,60,75,218,384,422,248,75,361,497,450,282,84,60,139,186,245,333,390,145,132,179,466,589,498,251,22,210,284,276,255,263,269,217,63,184,413,535,499,334,100,143,367,535,592,494,249,224,357,537,583,475,257,5,203,306,333,67
46,15,626,697,725,696,632,529,399,243,75,1011,251,394,508,590,643,649,621,557,456,331,185,33,123,275,404,507,584,620,624,587,513,396,266,116,42,190,335,347,542,593,608,583,526,427,303,165,10,143,283,404,500,558,583,565,509,424,306,166,26,122,252,364,455,507,529,510,456,375,273,151,17,118,245,774,421,468,481,463,408,327,222,98,30,149,261,353,417,451,443,399,325,230,113,11,135,250,341,401,422,405,349,908,142,12,110,226,322,374,382,338,259,150,20,106,211,277,302,279,211,112,0,1,0,2,0,0,2,0,0,0,3,1,110,245,339,374,343,252,110,55,222,369,464,497,469,373,234,64,119,289,424,663,558,534,462,341,188,32,134,287,418,504,557,555,509,425,299,162,11,143,287,411,509,565,578,556,492,386,257,305,56,216,360,477,567,627,639,610,540,419,276,103,77,252,418,556,659,716,729,682,595,459,286,93,110,304,484,631,739,795,796,740,640,492,305,11,124,332,520,670,776,834,835,771,665,504,312,102,115,329,519,672,781,830,830,769,658,509,330,125,90,295,482,351,729,782,788,742,655,520,353,171,18,9
156,65,623,724,627,360,23,312,558,669,620,249,113,211,484,630,623,464,192,119,401,590,626,518,278,33,325,540,625,551,342,49,253,493,603,563,388,115,195,363,588,579,419,163,138,402,557,582,447,200,94,363,540,571,459,234,55,321,499,551,455,241,22,282,469,526,445,253,2,252,428,500,436,259,13,770,412,479,418,255,21,215,389,463,405,235,9,217,384,441,378,204,22,241,388,423,334,153,78,284,401,398,270,656,167,338,398,329,154,77,271,363,323,170,41,228,317,282,136,50,208,263,201,1,0,1,3,0,2,0,1,2,1,0,122,295,344,231,5,245,409,412,252,22,299,472,474,297,13,287,488,527,391,90,189,441,549,493,269,20,302,495,546,431,196,101,368,523,536,402,158,133,394,545,548,405,150,144,406,566,578,596,163,149,423,592,604,470,196,132,431,625,662,516,233,115,438,654,698,566,280,90,443,692,756,620,312,71,446,710,786,669,368,37,429,721,819,847,412,1,414,713,831,738,451,40,379,702,845,769,495,91,329,670,829,777,524,140,274,617,802,787,559,195,216,253,758,776,587,258,130,488,729,756,620,33
7,4,327,279,178,109,34,65,158,213,279,100,349,375,371,353,321,268,244,186,106,58,0,51,124,157,211,227,243,269,273,267,274,239,226,197,174,96,68,1076,44,100,162,192,240,276,290,320,336,326,288,228,194,111,49,13,95,164,236,292,356,373,394,407,386,346,275,208,87,3,93,229,308,397,461,859,496,497,447,369,264,149,12,155,291,410,524,583,610,604,537,430,289,103,86,253,444,569,669,685,642,513,357,505,76,287,469,608,663,647,520,360,125,131,349,526,599,563,413,164,102,337,449,4,0,2,10,1,3,8,3,1,6,4,74,60,11,42,84,110,134,120,99,55,16,68,121,168,171,183,170,119,70,889,45,101,164,211,230,240,207,172,133,72,11,70,120,195,229,252,289,248,222,192,136,77,12,64,128,173,218,1140,289,293,302,272,254,197,114,44,37,111,164,232,317,335,383,370,349,340,275,208,127,32,63,157,242,299,370,395,432,400,390,347,292,212,139,1072,44,123,206,274,335,371,404,420,415,380,341,303,220,154,79,23,129,196,267,350,405,466,466,469,423,391,325,369,146,39,46,131,238,313,391,431,456,4
43,158,229,381,478,464,311,67,148,269,284,206,192,233,316,361,306,118,211,551,750,747,526,118,297,564,627,510,278,50,85,147,191,212,202,153,40,82,112,227,93,193,187,71,93,246,367,414,347,175,100,400,607,600,367,6,375,566,472,137,247,480,419,77,341,613,594,305,111,466,626,580,402,184,17,709,388,593,735,716,437,72,657,1078,1123,729,58,575,867,726,251,228,402,196,219,549,552,173,389,821,905,605,81,761,668,674,535,359,177,78,432,789,907,623,9,670,974,738,139,424,608,345,93,21,25,3,21,48,12,7,0,2,12,9,119,105,13,206,368,412,292,64,189,398,512,489,301,9,359,609,615,370,14,390,479,362,117,86,124,10,142,189,57,176,365,388,228,11,180,186,63,40,6,146,328,374,205,111,386,480,335,166,220,319,195,80,332,384,179,199,541,644,435,34,329,485,415,219,73,72,164,174,48,193,445,572,489,264,19,174,282,303,307,322,333,312,226,237,220,447,590,578,411,169,50,227,336,368,353,339,303,246,140,7,211,401,514,522,423,247,70,109,294,460,576,1012,449,178,124,384,515,508,379,239,120,32
12,15,483,601,680,707,695,637,544,414,268,773,59,217,361,481,574,625,648,627,565,469,347,209,59,104,252,385,496,570,619,622,591,511,408,276,131,20,177,10,441,530,584,596,583,522,431,310,164,13,136,274,399,491,554,575,555,505,417,297,164,17,120,249,363,446,506,520,503,449,374,265,141,5,129,773,345,415,463,474,452,398,314,203,80,42,163,271,357,419,447,432,383,308,206,87,36,160,269,356,406,413,386,918,222,102,23,145,261,338,376,359,306,216,98,32,148,237,286,288,242,159,54,1,2,2,1,2,1,1,0,0,1,3,6,138,268,357,389,354,258,114,52,225,370,465,506,477,393,251,80,98,268,555,511,553,544,478,365,228,64,97,257,385,488,543,555,526,446,341,208,59,94,249,381,481,550,585,573,517,429,500,157,2,164,314,445,550,623,653,640,568,466,326,158,23,206,378,528,640,717,735,712,631,504,343,151,47,252,439,599,722,791,807,769,678,534,341,150,68,286,477,638,760,836,840,796,691,547,360,153,68,285,483,643,754,822,829,782,680,542,366,163,47,252,64,589,697,762,777,750,665,543,385,209,0
88,4,513,776,987,1071,1064,951,756,469,163,1484,475,729,901,987,983,887,696,458,173,142,440,660,848,948,943,863,704,458,173,130,417,658,842,919,921,845,652,1657,133,164,447,673,842,911,883,782,582,331,53,239,505,700,831,872,810,710,480,227,47,315,526,698,801,800,724,557,345,107,146,388,581,707,749,387,598,432,215,19,262,463,609,693,703,605,442,259,24,219,416,575,651,655,572,432,222,6,232,429,567,622,596,1358,315,86,144,359,520,586,558,427,224,6,219,388,485,468,370,197,11,195,324,1,1,1,4,2,1,0,0,3,4,3,437,520,466,282,39,247,497,659,692,591,347,49,273,559,755,823,732,556,272,135,367,628,789,852,768,615,356,63,227,504,713,824,841,761,574,341,60,233,505,722,845,887,804,660,431,150,140,219,684,860,937,919,794,610,314,6,304,625,856,1002,1044,964,771,514,195,163,506,818,1022,1141,1135,1004,743,419,24,353,704,1002,1187,1242,1163,974,655,171,140,528,886,1112,1246,1261,1139,863,521,114,307,680,1001,1202,1286,1242,1040,745,386,30,423,776,1055,1208,1240,1143,948,1166,270,120,496,806,1053,1162,1169,1067,844,0
104,59,313,475,582,643,658,626,569,461,330,658,20,138,283,413,514,575,605,589,534,446,329,192,41,116,256,379,488,553,582,574,527,431,322,185,34,111,261,197,480,540,562,544,499,404,284,152,1,150,284,394,482,527,539,510,441,347,222,81,61,196,312,404,470,493,481,436,357,250,132,4,128,248,348,652,448,446,413,350,261,146,27,95,210,302,369,411,417,385,322,226,115,0,119,225,312,370,393,376,324,238,124,561,125,235,312,356,366,320,235,125,1,120,214,281,302,273,204,106,5,107,181,0,0,0,1,1,0,0,0,1,0,2,300,291,228,108,44,193,322,404,424,384,279,127,46,219,362,459,496,485,405,305,122,46,215,354,453,514,514,467,389,270,123,31,187,321,425,493,524,511,459,361,236,98,55,208,338,449,526,590,556,506,416,298,150,7,173,329,465,561,625,631,591,510,382,233,61,124,303,464,597,679,714,691,610,492,339,142,53,253,440,594,703,770,760,872,598,439,248,39,172,373,549,684,769,790,763,670,530,345,140,78,281,461,611,711,756,764,706,596,448,263,56,282,334,488,610,688,722,701,642,523,393,29
164,17,643,584,476,326,167,1,166,315,455,1061,606,632,605,543,447,323,179,25,130,275,401,501,561,583,569,518,438,321,188,36,112,257,382,478,549,578,563,1275,419,297,165,17,131,270,392,481,536,553,531,463,369,247,109,37,176,304,405,476,504,499,461,391,291,168,32,96,221,327,405,454,471,448,393,204,195,76,48,167,275,354,410,431,415,360,287,188,74,51,170,270,344,391,400,373,318,231,117,1,124,226,312,511,377,346,277,176,60,67,184,272,321,331,288,205,99,18,123,207,247,241,189,1,0,2,0,0,1,0,1,1,0,1,79,62,202,310,366,362,295,169,14,159,307,418,473,466,396,277,113,63,232,517,478,521,510,442,330,197,37,122,268,387,477,518,517,472,380,262,123,24,177,315,429,504,540,538,491,402,288,348,10,169,310,431,521,581,597,564,495,378,236,64,112,284,431,557,643,676,664,596,479,330,145,51,241,419,571,674,731,738,685,582,435,252,43,341,373,538,675,756,782,753,672,530,355,152,64,268,455,613,720,778,775,714,607,450,267,63,141,341,514,643,732,722,736,654,536,377,199,4,178,356,492,16
34,1,261,285,298,297,281,254,211,170,111,533,1,58,115,156,191,211,220,236,223,212,191,150,124,91,52,15,28,67,103,132,154,172,183,191,205,198,182,1374,137,96,58,13,34,81,118,157,180,224,240,237,227,209,186,139,98,32,24,89,144,199,244,279,309,312,297,257,200,142,57,15,97,174,249,557,357,374,372,339,279,205,116,17,104,191,302,373,421,434,415,359,268,147,1,140,275,382,465,488,468,386,266,538,52,209,348,442,477,452,359,216,45,151,289,400,428,371,230,41,148,286,331,3,6,6,0,3,0,6,3,2,3,0,53,30,5,42,73,94,91,68,34,4,45,83,109,119,121,110,79,40,11,825,101,132,151,153,148,122,83,36,14,60,108,147,172,190,185,160,138,99,57,12,40,88,132,168,189,205,199,29,169,135,96,39,13,68,120,162,194,223,249,253,235,210,165,118,54,10,82,145,208,244,273,284,292,271,237,185,130,65,3,72,134,194,235,1016,294,297,277,263,230,174,122,58,14,75,130,192,237,279,305,322,326,303,252,207,150,78,11,71,144,200,250,1178,325,341,340,310,266,195,136,60,2,5
21,4,286,252,211,164,116,55,5,55,92,185,172,204,234,253,255,239,224,213,191,166,132,97,57,24,10,44,81,106,128,148,162,180,185,200,198,192,193,1279,155,123,87,57,22,17,56,92,134,162,203,236,253,264,268,256,228,199,158,111,61,6,51,109,157,211,259,301,320,338,327,304,272,217,154,411,1,80,157,231,301,359,400,408,399,362,308,234,130,15,99,211,310,386,453,472,454,406,321,212,72,67,210,376,432,473,479,438,338,201,40,116,271,377,442,427,351,209,35,149,284,345,304,4,7,1,2,3,1,1,4,5,0,1,56,68,71,58,27,5,41,75,99,106,103,86,58,23,13,52,97,121,141,747,144,123,95,62,18,36,81,123,147,173,181,178,173,148,117,68,32,15,58,98,137,166,188,197,206,197,182,34,130,92,43,4,50,96,144,182,212,230,241,253,245,228,205,162,118,46,9,72,129,183,227,262,282,308,286,279,258,221,175,125,65,4,66,1078,167,209,243,267,288,292,285,274,247,228,190,148,96,40,11,73,131,192,236,276,309,325,334,329,315,281,231,176,123,63,4,74,142,201,244,269,310,4
82,108,99,185,255,307,347,359,354,329,288,87,176,111,38,29,109,177,243,302,344,376,392,392,377,361,338,314,291,277,264,266,257,249,240,223,197,156,112,149,0,55,111,162,202,229,244,249,240,226,208,193,192,199,224,252,298,335,373,405,423,420,411,391,362,332,294,257,229,209,199,208,235,279,346,539,532,638,754,848,943,1010,1057,1081,1073,1032,960,853,719,558,375,180,17,204,382,530,645,727,768,776,759,720,664,313,568,534,522,543,584,648,727,808,875,914,909,853,745,589,402,199,5,150,251,53,27,28,53,9,2,55,8,24,10,12,128,239,329,391,429,444,450,454,459,472,489,509,537,558,581,593,594,585,550,173,418,324,216,105,10,76,143,185,210,202,180,148,103,59,19,6,15,4,19,64,116,174,235,289,333,368,380,258,363,319,260,188,100,9,94,198,290,364,422,450,445,401,332,232,109,15,144,265,368,448,500,533,537,515,476,423,358,290,220,150,78,3,63,189,197,254,302,343,375,394,401,392,375,352,319,283,248,206,171,132,93,48,0,58,136,223,318,410,495,568,616,1008,649,635,610,570,518,461,397,329,255,2
211,7,49,222,416,408,163,168,350,296,126,203,5,65,241,392,336,3,444,680,481,90,639,756,347,245,592,511,164,159,312,307,173,24,196,223,70,110,144,27,198,183,46,307,363,138,212,449,408,98,309,544,443,8,472,607,258,303,563,286,246,476,171,329,525,170,382,646,392,168,573,581,259,141,412,1086,461,143,376,811,762,120,706,1071,615,337,967,765,38,652,551,45,437,219,302,500,87,534,741,262,490,854,527,544,622,612,290,89,421,624,492,96,775,856,127,753,897,161,623,631,0,449,250,15,48,42,59,14,25,27,29,11,6,34,15,154,282,203,79,362,380,82,291,467,334,34,419,561,309,215,619,542,44,342,497,157,176,214,34,55,74,221,137,156,356,246,67,261,188,9,45,42,61,109,298,232,95,389,370,38,312,345,78,236,225,88,343,184,285,571,333,248,637,510,33,365,424,225,30,30,62,201,359,321,18,412,524,260,128,335,304,183,93,4,183,377,394,310,221,506,508,217,201,471,452,209,76,235,267,267,228,80,193,425,436,193,155,405,460,299,9,285,474,458,205,641,542,571,260,181,461,456,258,12,183,18
121,5,664,578,449,280,103,75,250,395,521,1051,654,663,622,541,428,285,129,34,196,347,468,558,609,619,587,519,426,294,148,16,176,318,449,536,595,615,583,1305,403,269,123,32,188,333,451,533,579,581,543,457,352,219,71,81,225,357,456,521,544,525,472,385,274,139,4,141,271,378,449,493,498,462,397,233,172,48,82,201,307,390,442,459,436,366,281,174,52,83,202,307,376,416,419,387,320,227,106,21,147,258,345,568,400,357,278,171,45,90,208,296,346,345,298,204,90,34,143,224,261,254,194,1,0,0,0,0,0,0,1,0,1,0,27,124,261,356,388,355,255,108,64,239,379,471,502,462,364,212,33,152,322,603,535,554,513,418,278,128,49,211,361,464,535,552,526,452,337,196,43,114,269,402,504,561,578,546,474,363,226,266,104,264,403,515,590,630,620,562,459,317,155,28,215,385,528,639,707,716,677,577,435,253,49,156,354,526,663,751,788,771,684,537,369,170,55,483,484,649,767,818,823,766,657,482,281,58,172,383,566,708,801,835,804,714,582,397,195,28,243,440,611,728,797,815,757,649,506,323,131,78,277,452,587,10
151,117,224,242,223,191,131,58,1,48,63,380,19,104,175,230,261,244,189,95,25,171,320,456,562,614,615,562,478,386,297,234,205,194,187,170,133,70,1,375,105,116,101,48,11,74,136,200,261,341,411,496,561,586,567,500,379,215,24,161,322,431,462,416,288,108,108,306,466,565,591,569,530,472,459,900,531,603,685,733,721,635,455,214,76,368,620,779,824,732,543,268,8,265,415,469,405,243,16,239,470,642,745,711,722,649,576,545,546,576,584,528,366,112,223,541,787,869,785,546,238,59,262,55,52,10,12,17,27,19,1,0,48,11,35,105,194,280,356,403,417,396,358,295,238,171,84,20,151,301,445,549,590,326,425,271,100,27,93,75,1,107,214,297,324,306,241,164,80,18,1,21,80,159,248,321,343,322,248,139,12,146,206,264,253,173,34,153,349,513,613,611,523,353,162,8,99,110,68,35,127,199,229,199,132,47,54,129,189,201,194,150,96,58,34,47,98,20,261,342,416,475,497,503,463,430,354,305,258,237,250,289,351,411,460,500,508,510,498,480,473,474,499,509,529,812,511,466,401,323,255,182,150,127,135,46
18,14,173,285,363,367,247,66,112,220,206,110,143,213,295,303,128,188,515,710,646,335,107,506,709,649,380,31,245,367,351,259,145,53,40,126,155,103,1,432,109,25,127,273,330,236,25,242,466,545,431,148,227,533,645,477,80,352,573,446,27,398,554,311,168,581,676,411,38,432,610,565,376,149,71,905,481,643,672,484,51,521,977,1078,705,9,683,989,764,192,350,534,280,177,481,394,50,559,802,617,105,454,759,443,427,72,219,430,592,647,487,52,541,955,880,310,425,841,690,154,346,457,183,25,42,28,5,4,13,32,13,28,8,13,176,113,58,265,377,312,94,174,384,460,383,172,134,437,592,515,200,204,493,277,287,17,205,179,19,97,47,129,296,303,123,138,306,302,162,15,41,2,57,38,99,277,365,278,22,260,408,161,59,185,236,64,200,362,258,64,412,580,456,112,237,419,375,206,66,38,74,87,8,205,380,438,325,89,155,311,339,291,213,175,141,62,104,32,518,551,392,93,220,438,497,435,283,128,9,84,164,263,380,442,400,229,30,273,430,490,472,391,229,23,313,1092,620,523,282,6,223,374,420,376,284,62
147,149,399,422,455,456,436,410,349,284,190,366,8,75,166,246,299,358,368,392,379,355,334,280,237,171,138,83,54,40,34,64,75,110,105,120,84,38,18,274,149,215,255,304,325,355,378,401,430,446,469,464,450,413,351,265,157,36,89,212,325,417,473,496,480,434,351,264,169,92,36,6,17,44,117,98,280,355,444,497,525,518,469,384,241,97,80,234,375,470,508,499,413,306,132,46,253,433,604,742,817,862,830,740,705,636,584,569,604,667,774,865,939,953,895,767,571,339,97,115,282,375,392,5,0,16,42,16,1,13,13,2,16,29,156,197,255,312,369,419,449,473,478,488,492,504,519,536,550,540,504,441,357,47,125,25,53,86,85,33,31,125,208,288,340,361,352,321,261,190,113,29,35,95,120,135,112,64,5,92,156,109,285,302,272,212,124,9,121,262,357,453,510,535,527,472,426,322,244,147,65,5,47,51,66,39,17,15,36,21,3,56,103,200,276,363,436,128,529,537,546,527,510,495,462,439,393,355,317,274,235,183,157,110,93,66,42,26,1,16,56,89,143,183,228,364,283,314,294,295,263,254,239,234,244,73
146,24,708,678,586,440,269,79,104,285,437,1132,634,665,637,571,460,319,157,20,192,354,480,570,619,616,570,480,359,212,46,127,289,427,530,589,611,586,503,1262,233,71,96,255,391,499,565,593,561,485,377,225,72,91,240,381,478,543,555,519,444,330,200,53,100,240,366,451,501,506,474,397,289,158,14,742,255,358,427,462,456,409,329,217,89,54,179,292,377,428,435,403,328,227,100,31,163,276,360,408,408,362,276,812,20,114,236,328,379,373,318,221,91,42,165,263,306,301,243,152,30,84,174,2,1,1,1,0,1,0,1,1,2,3,189,301,357,333,246,98,80,250,381,470,470,397,264,81,109,293,431,525,543,593,384,227,43,144,310,437,519,546,527,439,317,150,24,191,341,455,533,559,543,464,351,207,39,132,295,428,535,601,600,555,463,333,166,7,198,367,521,613,673,667,597,480,319,135,70,269,454,600,705,752,732,648,497,318,100,120,337,530,684,781,809,780,667,551,300,72,173,399,590,742,826,839,784,663,489,277,40,198,425,614,750,820,825,756,631,464,253,22,209,421,606,525,788,790,723,605,439,247,36,175,360,16
14,2,83,265,412,460,369,168,55,191,214,211,162,235,349,386,226,115,509,768,732,425,28,440,665,656,444,145,142,327,381,315,177,49,44,95,108,77,18,525,67,10,112,248,300,212,4,248,439,494,394,129,215,522,634,453,49,373,549,380,16,377,452,175,243,570,591,298,147,532,674,570,304,13,227,1051,546,637,594,321,170,730,1081,985,449,303,867,978,592,23,467,503,159,273,447,203,303,726,744,318,309,763,825,161,123,208,404,534,616,554,229,329,850,982,576,158,764,868,437,175,549,478,98,26,48,40,20,69,12,40,22,24,7,9,211,274,198,5,248,401,387,209,51,299,465,486,334,30,334,602,620,349,74,439,509,319,26,154,120,44,155,90,121,317,344,172,66,212,207,99,7,28,126,206,143,66,315,434,335,51,253,397,269,5,222,225,6,298,425,263,110,470,591,422,78,218,337,278,152,111,166,240,202,2,281,517,558,388,106,161,315,340,304,278,283,254,130,79,407,621,626,412,59,273,455,465,355,241,157,90,3,154,323,465,489,384,174,87,327,500,565,515,346,104,174,1024,593,610,463,208,90,323,430,428,352,77
74,79,170,141,127,101,78,49,18,11,59,223,169,250,327,426,512,593,668,718,753,771,765,755,726,682,630,569,498,415,344,277,215,179,146,118,92,57,24,164,52,91,128,171,222,271,323,370,406,441,460,470,496,512,540,558,567,559,511,427,309,162,2,176,338,471,581,653,690,702,673,647,607,571,542,1158,522,527,553,604,666,759,850,949,1028,1062,1053,981,862,696,493,282,47,165,358,521,640,711,730,699,630,530,435,40,292,273,285,328,381,430,451,440,371,248,72,126,330,498,608,629,564,436,263,14,28,4,42,2,21,2,19,63,2,16,235,272,311,348,375,394,403,404,403,408,412,426,431,427,404,362,296,211,111,184,75,137,168,159,117,51,36,125,209,281,324,349,339,306,245,163,77,12,83,124,137,114,62,13,97,176,241,221,307,305,272,220,131,26,88,220,335,441,509,539,524,471,380,275,157,46,50,121,166,193,193,183,171,153,140,139,152,173,209,263,326,390,454,58,534,553,555,545,523,495,457,400,340,271,196,122,54,5,44,79,114,156,188,222,252,274,304,322,355,394,444,852,552,587,587,560,519,455,392,327,272,7
206,11,257,327,397,426,393,290,134,1,61,266,12,22,105,246,408,551,629,598,456,219,60,352,576,668,618,472,291,124,11,116,168,201,188,157,96,14,77,484,132,60,85,257,382,448,403,300,112,104,313,498,609,614,464,202,133,413,535,443,180,130,398,507,408,151,195,494,686,707,570,327,68,132,273,1049,477,606,730,763,641,336,113,577,937,1059,908,514,9,442,642,548,223,185,473,490,238,179,582,811,785,536,154,612,482,602,615,613,582,481,266,97,531,891,975,718,214,323,655,662,376,10,293,56,41,6,17,51,11,5,14,39,38,8,143,119,3,168,319,397,377,274,118,44,213,385,535,586,486,230,108,406,569,273,344,95,104,176,124,14,142,185,116,63,249,366,355,225,69,53,52,32,135,168,72,113,326,452,435,266,30,191,316,293,146,93,297,383,282,27,272,521,601,505,266,11,173,253,228,160,95,107,213,358,472,464,330,94,135,274,305,268,247,241,307,379,436,313,330,164,50,249,413,483,460,368,271,229,214,219,190,134,24,136,286,400,449,464,429,379,317,230,140,16,140,767,464,557,577,496,362,213,86,3,63,117
11,21,316,388,440,455,435,381,316,251,196,186,182,211,256,312,362,413,467,514,567,610,648,686,699,684,649,590,518,426,358,289,246,234,226,225,220,187,135,152,25,127,217,300,369,424,462,492,507,521,522,514,496,449,386,286,162,25,122,269,387,473,493,468,389,264,109,47,193,305,382,419,411,377,323,775,232,218,246,317,415,549,689,830,948,1017,1029,968,834,639,387,119,142,368,522,590,568,466,307,113,77,243,354,663,423,392,352,323,332,400,519,671,825,947,988,938,786,560,288,24,191,326,378,34,15,9,40,10,26,17,62,18,19,11,243,231,202,155,96,29,35,90,132,171,201,248,305,380,462,548,618,650,636,258,442,286,124,12,120,167,160,106,14,98,201,281,321,318,269,183,79,28,108,156,156,115,37,54,155,242,311,260,345,304,223,108,32,186,335,452,540,578,569,515,430,329,233,150,100,79,97,151,223,314,392,458,494,492,468,418,356,299,244,210,191,191,213,259,281,331,365,393,406,389,369,327,280,239,187,144,105,70,31,3,16,34,50,61,79,101,126,158,182,196,204,214,195,194,186,179,169,151,131,119,115,11
205,20,124,0,172,339,442,429,328,204,118,11,200,322,413,415,312,117,132,385,597,736,764,679,499,242,22,236,350,372,325,260,216,190,163,95,2,113,178,231,69,79,245,358,396,341,201,14,211,427,591,666,626,468,217,95,389,590,617,443,125,236,503,584,442,126,243,542,700,700,587,413,223,50,101,744,360,499,657,793,864,792,541,134,351,777,1002,957,650,204,224,473,457,210,171,509,651,556,242,180,557,776,794,347,421,196,17,131,293,498,723,865,805,493,7,535,869,885,589,125,274,457,381,11,24,15,2,2,13,15,10,12,36,36,135,32,115,264,375,417,379,275,132,41,218,386,522,578,525,352,81,214,448,427,453,236,18,196,218,86,128,295,339,234,25,189,323,336,244,118,18,0,65,175,254,256,144,53,267,420,443,269,82,158,316,326,170,88,371,561,584,428,144,171,413,492,415,259,114,54,113,234,342,358,258,75,134,293,375,389,354,325,302,311,317,305,266,141,65,79,237,387,491,535,521,448,345,254,182,135,104,53,31,133,248,341,399,416,410,407,412,397,355,258,102,266,267,404,484,495,452,379,294,213,169,98
74,26,486,530,498,396,241,76,56,129,128,431,12,30,32,44,203,392,585,733,795,746,596,385,123,135,339,439,445,380,293,223,198,202,209,182,111,6,132,167,165,35,146,330,444,479,432,335,199,50,117,285,448,592,655,622,461,198,99,349,474,442,254,32,330,554,641,578,397,152,85,261,376,431,454,1100,552,645,740,760,661,404,31,399,780,1024,1058,882,538,123,229,422,409,214,95,405,611,641,459,135,222,513,673,628,631,541,474,437,377,234,28,386,745,979,984,742,320,151,510,650,542,270,32,25,37,32,57,16,11,18,14,2,26,13,173,216,192,94,55,201,312,374,397,381,344,272,149,19,229,435,585,620,516,11,68,132,220,175,28,146,257,253,134,53,237,351,377,314,200,91,28,54,133,225,280,258,146,33,234,384,433,324,189,25,230,340,317,158,97,363,564,648,594,420,192,27,164,199,154,83,30,50,126,254,390,480,502,456,360,247,146,88,66,66,68,19,73,99,330,440,513,541,524,481,415,335,252,180,123,88,61,20,45,130,214,285,337,367,398,428,459,497,519,503,441,359,209,72,71,190,278,340,345,322,301,142
11,42,269,363,426,467,480,461,412,335,235,394,6,137,270,400,506,603,671,715,736,724,691,627,557,468,379,284,187,100,22,43,91,133,153,156,142,102,60,18,42,91,126,166,173,169,138,93,41,26,109,187,260,321,359,370,356,313,245,152,44,71,181,294,386,466,525,561,568,546,506,434,333,209,65,225,247,408,565,714,847,953,1035,1090,1111,1103,1058,977,863,722,563,393,217,34,143,306,451,577,679,748,778,764,711,884,513,384,246,101,20,121,201,247,260,244,200,128,38,53,140,209,266,293,301,11,24,12,5,23,6,8,25,43,11,3,194,218,243,268,285,295,300,293,274,257,230,202,171,146,115,98,83,71,67,303,72,76,83,91,93,81,70,61,41,22,3,8,17,18,12,2,8,25,43,59,78,90,100,112,118,140,157,282,204,234,273,312,351,381,407,423,441,443,435,415,384,344,304,246,172,102,29,47,126,202,272,335,380,410,421,408,378,317,234,148,34,81,190,221,399,479,534,567,573,558,519,448,354,254,146,22,98,208,302,380,433,468,473,453,401,322,233,120,8,114,231,369,418,483,520,530,510,466,389,298,191,57
159,12,39,134,218,272,315,333,340,329,305,295,173,72,39,157,279,393,512,615,688,741,768,769,751,700,630,539,444,346,261,181,105,42,2,22,9,18,65,343,158,220,290,357,412,447,471,471,464,445,413,372,334,294,256,238,236,245,267,294,332,376,422,477,529,575,618,653,679,697,706,696,665,610,536,1124,347,241,131,18,88,181,252,297,323,336,330,303,252,172,72,36,147,258,371,488,592,683,751,787,804,797,777,432,704,652,604,567,547,548,571,609,663,720,776,805,814,789,728,640,518,376,231,9,23,29,37,10,16,14,6,26,33,16,154,216,277,326,359,378,388,392,384,377,360,339,316,292,289,294,299,294,289,410,266,244,219,178,127,73,20,30,87,119,152,168,167,144,111,77,28,18,76,128,178,218,243,259,273,289,297,191,309,302,303,296,295,285,278,258,252,244,236,228,221,207,191,175,148,128,95,51,11,32,78,125,170,216,263,298,322,336,334,307,265,217,148,174,30,137,244,328,396,443,469,482,471,429,361,265,153,44,53,147,229,306,369,411,432,440,421,396,352,295,221,288,45,50,143,229,291,331,330,316,265,74
72,146,442,433,302,66,208,394,418,302,145,158,119,257,361,325,112,226,571,794,795,549,126,318,636,728,610,349,80,117,225,272,285,257,187,83,21,95,95,98,103,217,274,224,56,182,416,556,553,390,95,245,554,706,632,329,82,420,546,387,45,294,460,368,62,326,616,671,475,107,280,544,617,555,437,367,201,12,354,744,1012,986,611,21,673,1077,1074,693,112,379,587,439,80,248,329,92,324,684,764,490,11,503,779,643,547,267,17,196,416,643,776,661,248,354,847,980,658,60,483,682,483,78,238,51,53,3,18,18,13,21,1,32,10,10,47,176,273,281,161,49,275,410,421,313,137,74,302,501,581,466,162,228,519,411,354,26,210,235,66,137,216,84,173,386,433,274,11,206,277,205,78,16,65,170,249,204,36,197,382,428,299,35,217,319,200,75,342,414,208,184,549,688,547,204,158,373,413,310,178,106,91,123,108,29,129,298,412,413,316,171,40,52,125,216,338,458,519,93,303,53,207,412,538,554,480,353,203,47,97,233,347,427,453,404,297,156,27,76,174,284,409,523,571,486,251,259,402,606,640,522,326,135,16,112,168,108
144,131,321,328,264,132,3,102,153,148,89,445,87,155,180,146,59,75,261,467,661,803,862,826,716,569,410,263,146,63,3,43,63,90,109,137,164,169,144,96,47,174,277,341,371,367,340,273,158,8,136,274,404,530,629,663,601,424,184,57,248,370,417,385,247,22,247,489,648,700,674,595,497,413,366,445,396,416,362,209,40,345,651,898,1058,1087,997,783,482,141,159,355,404,285,37,263,540,718,756,644,412,120,154,680,486,531,524,526,564,651,759,812,737,498,121,284,608,778,749,557,268,29,236,2,31,15,23,18,10,29,1,21,16,24,98,26,83,208,320,406,444,434,388,320,245,165,59,87,260,434,558,598,549,205,243,53,106,173,141,6,172,331,415,395,281,110,65,183,217,169,60,62,136,143,85,35,177,303,389,402,350,123,78,92,236,309,286,148,66,292,482,591,608,528,379,212,61,23,24,34,119,171,190,169,119,56,23,114,198,253,265,239,219,222,265,338,435,44,568,587,569,514,467,426,396,353,297,242,189,144,97,51,11,15,14,6,12,44,85,131,188,249,333,428,533,1068,667,660,607,523,436,359,280,216,156,7
43,10,278,22,361,557,486,230,39,167,145,221,135,270,393,372,144,241,618,789,625,155,416,793,791,438,33,371,470,377,222,76,51,171,242,189,33,133,177,111,159,300,246,22,269,470,483,283,77,448,652,581,240,236,604,655,352,120,471,477,151,269,464,288,156,550,621,312,194,599,702,500,146,198,445,1208,628,491,125,408,888,1022,654,84,784,1061,758,93,505,686,410,65,351,245,147,477,435,21,575,817,552,41,567,717,553,225,69,311,539,678,531,22,628,972,709,16,679,802,352,246,508,302,104,5,38,3,22,42,11,22,23,22,22,3,180,50,147,302,299,105,175,388,416,253,18,296,474,481,275,114,489,616,384,279,400,400,118,160,166,66,283,235,59,353,404,197,76,216,172,64,37,111,181,133,48,276,403,313,39,267,408,166,27,254,215,68,340,326,15,437,621,407,59,458,562,370,76,119,164,121,124,193,260,230,63,183,365,401,281,101,52,150,237,319,380,322,95,41,477,554,421,165,119,331,430,409,276,105,70,193,270,312,327,279,127,96,321,450,439,323,139,84,323,521,582,564,112,272,541,571,397,146,59,160,205,110
147,61,119,322,429,345,138,95,244,265,217,162,148,107,15,237,465,543,353,77,554,795,624,126,425,712,613,255,137,370,411,306,119,71,227,254,129,57,167,293,84,255,256,37,264,467,424,151,231,520,581,371,26,432,622,462,37,393,518,242,194,437,285,169,543,521,86,474,752,556,51,422,624,537,307,251,258,574,772,622,73,636,1080,916,213,602,998,749,85,486,574,189,263,337,28,476,548,94,539,836,550,97,637,585,466,52,287,513,626,515,83,536,937,743,10,727,883,374,328,625,348,143,380,14,10,27,2,28,21,25,11,26,18,21,187,46,180,349,316,64,258,451,402,136,205,460,509,300,92,469,604,371,90,260,469,185,130,206,52,89,21,188,319,193,119,356,338,116,103,153,59,1,70,215,237,51,245,424,308,10,290,332,89,162,209,10,287,349,68,361,602,421,63,497,582,310,60,249,214,110,104,200,227,70,225,461,455,207,115,318,350,266,190,123,1,207,426,253,352,16,338,547,528,293,28,295,394,334,211,114,44,69,265,434,445,233,101,376,466,401,247,62,164,402,557,641,189,235,554,594,384,59,195,315,340,25
229,70,47,227,415,376,139,135,293,287,190,200,21,83,242,403,405,123,319,673,654,209,388,740,637,181,322,555,443,159,130,290,289,148,31,171,171,7,164,180,34,285,338,91,274,484,375,48,341,555,466,93,394,671,476,69,551,573,132,373,468,93,368,457,79,446,640,304,288,690,619,163,320,572,547,270,17,400,751,756,247,553,1075,858,28,800,990,447,330,683,398,140,383,105,337,406,49,609,679,113,597,827,432,438,578,569,342,24,353,678,658,111,660,975,487,404,887,550,191,588,351,129,316,10,20,4,8,1,16,0,42,4,37,14,211,244,85,177,370,317,12,344,488,303,78,433,530,310,120,513,577,230,274,335,334,55,253,128,74,59,148,266,91,235,389,217,112,283,205,17,48,20,53,82,270,279,20,314,430,193,174,301,217,78,206,38,223,257,36,421,498,149,362,595,396,35,337,329,165,66,73,44,133,382,436,171,245,509,437,143,133,255,271,268,223,58,225,103,489,210,203,500,520,282,64,315,378,282,129,11,96,243,379,364,125,237,495,471,216,71,279,394,419,298,16,916,643,480,33,398,541,366,90,108,198,60
292,0,466,388,171,90,295,388,355,234,107,367,67,85,1,227,489,654,573,227,271,698,848,680,270,161,445,528,431,254,90,37,137,216,235,169,37,82,111,164,94,204,210,76,165,415,516,402,105,265,547,655,541,212,226,578,649,396,34,377,442,198,190,474,452,109,357,680,686,396,27,413,623,639,514,133,54,272,623,875,858,489,152,791,1109,907,312,348,707,627,232,169,293,74,289,482,320,145,638,840,617,90,433,823,656,430,185,52,325,615,763,582,37,615,970,770,137,514,748,478,4,325,310,27,8,11,26,36,2,8,10,10,38,13,201,112,46,228,343,318,144,120,350,457,403,203,97,405,586,528,223,193,500,230,283,52,233,172,28,152,73,152,333,312,95,167,311,260,96,43,69,13,90,60,97,282,347,212,76,344,408,209,80,283,226,57,324,359,92,312,588,554,244,161,433,480,342,166,58,23,4,82,241,400,469,361,106,194,409,464,370,233,133,51,49,221,419,166,486,262,45,332,500,531,433,240,32,137,251,327,377,386,313,174,21,230,392,484,462,358,197,2,243,492,663,838,408,20,354,573,580,418,221,59,40,79
63,41,360,414,459,472,447,388,305,209,135,58,90,158,277,421,559,655,680,629,496,302,87,142,325,456,527,543,511,458,396,340,302,270,231,177,89,7,102,230,202,175,99,25,173,323,449,544,603,627,605,531,420,255,60,150,341,469,517,463,319,112,122,340,503,574,546,441,277,90,82,222,329,397,443,1146,563,666,792,912,972,935,787,522,178,192,510,724,793,722,519,247,44,275,393,374,213,43,342,606,781,829,757,324,443,312,232,186,139,24,160,424,703,911,974,849,561,172,202,463,541,445,205,25,35,7,14,34,43,29,2,33,8,27,136,176,230,253,230,148,28,114,236,335,406,454,479,486,455,373,225,29,178,381,422,394,280,108,59,167,179,96,52,210,335,386,364,274,157,45,3,10,80,180,274,337,336,281,166,18,129,124,290,245,114,68,262,412,476,426,284,82,130,302,414,451,417,332,240,161,124,128,186,274,355,424,443,411,340,271,205,184,204,239,268,264,218,174,49,46,128,201,266,331,383,406,403,370,332,293,295,320,385,446,486,492,464,429,391,376,380,403,420,412,363,195,146,6,119,212,274,299,292,270,248,53
52,13,394,455,490,491,467,418,355,277,204,11,156,201,290,413,521,595,621,592,495,332,120,98,294,431,512,516,459,377,303,250,217,181,161,118,51,46,134,231,182,133,37,93,231,347,455,526,579,590,553,461,336,158,45,253,423,536,553,469,293,68,179,388,503,512,422,256,61,135,299,420,497,542,572,1027,628,682,752,787,766,652,439,142,202,524,765,872,840,656,369,66,175,306,294,138,126,416,662,812,842,732,516,117,68,67,131,177,242,372,575,782,920,909,713,377,24,388,609,635,489,238,9,3,32,45,8,29,17,23,36,34,11,9,6,122,223,301,343,349,321,268,197,97,17,143,275,409,535,601,584,484,321,90,66,206,258,212,105,30,165,241,222,117,40,183,277,311,275,185,79,2,30,2,93,222,344,413,386,287,145,21,154,220,201,87,81,266,436,527,530,427,284,101,72,217,294,296,228,144,57,13,50,167,303,407,456,450,403,337,280,270,312,365,409,423,400,211,249,160,92,39,27,109,190,250,290,300,303,303,305,324,358,378,396,408,411,413,412,420,440,476,506,509,472,419,276,132,12,131,194,202,177,136,108,33
96,81,294,212,65,118,276,370,371,293,190,31,115,177,296,391,428,361,175,108,432,696,836,797,597,304,2,211,332,355,335,297,273,228,170,75,36,138,165,83,31,212,357,387,285,82,160,367,521,611,626,563,386,111,219,515,675,637,421,96,209,400,390,214,79,384,594,634,511,282,9,233,423,532,591,1095,644,621,514,278,90,527,912,1123,1073,749,258,242,590,692,533,216,114,310,286,57,281,593,742,659,372,14,369,907,651,604,521,450,359,180,121,506,845,964,759,276,291,708,796,566,179,137,230,2,4,30,25,15,25,26,17,46,0,7,261,228,152,36,109,261,371,401,339,207,29,158,340,491,571,529,350,66,234,415,475,340,110,82,147,64,106,251,301,204,23,162,279,288,216,107,29,21,87,179,241,212,86,110,284,380,345,151,14,185,231,120,104,349,504,495,308,14,293,506,578,498,327,144,34,16,65,119,106,11,154,322,446,484,437,344,230,147,85,42,7,98,243,206,569,626,575,441,255,91,27,118,199,279,346,382,389,373,361,353,334,274,155,5,130,230,299,371,475,581,644,632,442,183,67,264,369,401,399,381,360,28
143,148,352,361,365,357,326,272,209,143,69,329,85,164,260,363,471,577,680,768,818,835,816,784,726,647,564,503,447,385,336,309,284,263,243,227,215,173,132,233,39,14,63,99,131,167,202,231,247,260,257,238,225,237,267,311,357,405,444,451,429,400,362,303,234,160,94,17,49,90,107,96,66,8,69,69,246,336,418,500,559,593,607,583,518,415,296,162,26,100,199,266,318,344,339,303,233,136,10,130,249,334,379,700,346,282,211,143,96,65,74,127,222,334,468,579,663,690,660,595,489,372,250,5,7,13,44,35,7,48,26,20,16,11,12,32,44,34,1,45,98,147,175,194,201,208,214,226,255,299,346,385,419,321,421,369,284,183,63,62,172,255,326,361,371,342,294,236,175,104,44,2,19,37,38,18,22,81,143,217,286,188,324,296,243,166,68,38,142,229,321,391,428,436,416,369,301,218,118,20,74,172,263,340,387,415,423,408,373,332,292,253,223,203,191,196,194,57,190,189,188,184,170,153,123,66,16,101,174,258,335,389,429,454,479,470,436,388,341,283,214,148,97,57,11,165,67,75,102,129,148,169,196,243,269,9
36,4,407,459,489,487,462,415,357,302,251,169,206,217,250,325,425,538,662,777,857,887,873,799,693,555,420,300,212,142,95,62,36,9,26,64,114,152,170,334,122,42,47,152,260,365,447,516,574,608,628,629,615,569,485,359,188,1,178,321,407,425,368,247,75,121,310,474,601,678,706,708,683,638,607,1075,618,675,741,796,802,738,602,394,135,138,394,583,683,677,572,377,133,118,340,497,566,532,406,206,24,249,430,831,596,596,576,571,611,694,808,904,932,848,633,322,32,353,571,646,579,395,163,4,9,33,0,3,5,24,21,22,2,28,175,182,177,139,72,25,130,231,315,381,434,484,532,575,596,581,512,390,232,228,79,179,206,163,64,59,183,272,308,292,221,121,16,75,125,127,74,11,110,200,250,250,196,93,42,182,283,158,325,242,95,80,252,405,500,530,491,389,255,111,21,122,170,159,101,19,71,140,172,164,108,28,63,139,188,190,150,94,35,17,33,20,23,193,162,239,305,351,385,403,411,399,381,334,293,238,202,189,197,241,284,334,377,398,401,385,367,354,365,396,449,972,590,639,661,642,584,501,406,331,286,94
92,20,314,398,309,111,106,258,304,241,164,229,21,171,315,410,379,112,302,633,677,362,181,641,735,434,30,389,518,393,127,108,248,268,193,31,107,143,60,149,173,79,176,371,334,45,307,524,466,166,220,514,583,340,138,541,568,199,269,471,243,192,447,283,160,542,576,189,366,728,660,234,280,612,658,662,161,236,642,854,658,35,702,1070,786,17,705,893,458,213,562,350,147,398,141,378,621,290,375,814,670,73,512,786,545,169,187,463,627,546,125,500,896,688,66,784,855,233,487,671,253,249,353,12,37,33,6,2,2,8,26,13,17,16,49,102,276,257,0,293,408,269,32,328,467,374,61,341,593,484,69,371,535,46,34,268,216,20,64,38,186,168,65,305,322,78,189,261,124,26,33,77,117,38,288,380,179,192,465,403,46,181,338,66,219,234,61,382,402,47,395,569,353,71,381,387,172,22,35,29,15,162,363,364,78,302,513,406,111,150,270,261,234,221,141,72,355,180,457,119,302,556,522,246,62,253,313,291,222,144,38,126,316,422,375,147,182,456,516,348,96,139,331,462,471,355,75,462,635,470,108,217,362,355,279,30
18,4,113,84,70,43,20,8,40,80,110,151,193,237,290,347,404,465,525,587,642,692,725,744,744,707,645,562,472,377,291,225,182,159,161,170,182,196,212,284,217,208,200,182,169,151,135,148,165,188,210,239,254,251,227,184,118,25,75,188,300,396,472,527,557,559,550,530,515,500,493,490,496,503,515,909,584,646,727,824,929,1021,1092,1130,1124,1068,965,828,652,467,266,71,108,262,388,473,526,537,518,461,388,303,237,211,169,178,228,301,385,456,508,513,467,369,217,44,140,307,430,501,512,467,377,10,19,16,41,26,19,20,6,19,38,1,197,240,270,295,317,331,341,348,351,353,355,361,370,374,373,354,325,269,198,210,34,32,76,89,61,9,53,132,201,255,291,304,295,270,223,163,88,0,87,173,245,294,315,306,258,189,101,20,87,176,245,296,322,327,314,281,242,185,131,78,23,18,39,31,8,69,156,258,363,450,521,562,569,545,487,408,314,205,89,6,103,187,248,279,340,367,380,383,388,384,365,343,323,302,281,264,248,219,193,165,136,100,60,15,39,89,154,209,274,329,385,805,480,513,534,543,531,498,446,381,312,28
32,2,37,94,132,165,192,211,213,207,187,241,121,79,31,22,84,154,226,291,355,400,432,444,452,442,429,411,392,375,347,326,297,267,236,205,176,151,122,33,91,77,70,67,54,61,59,62,79,102,134,174,217,248,259,259,226,172,93,8,113,225,341,449,552,633,704,750,771,771,742,700,641,574,507,1196,364,308,255,211,178,159,149,146,161,192,228,265,308,344,364,364,348,313,262,199,126,47,27,96,152,191,203,569,131,48,60,180,300,410,501,557,562,520,428,297,145,13,148,249,304,306,267,11,1,7,28,18,57,9,14,6,1,50,182,219,250,282,310,336,361,379,400,425,453,488,521,560,596,620,625,611,562,198,401,296,190,77,16,97,163,214,246,262,257,236,203,156,103,48,0,37,62,68,61,39,1,45,88,136,181,138,259,287,300,305,296,277,248,215,176,143,107,80,59,52,58,72,100,142,189,231,266,290,297,289,259,219,171,107,45,26,114,202,292,377,452,56,539,551,530,486,425,352,260,157,44,69,173,284,371,439,482,509,509,498,473,436,371,295,198,100,11,108,203,261,355,406,449,464,468,438,394,327,253,22
9,19,449,470,329,66,211,376,373,257,122,286,124,207,195,24,285,597,733,604,223,252,637,790,661,324,60,347,445,382,235,101,4,62,113,143,120,38,54,303,52,81,240,326,256,22,288,546,601,420,59,340,625,666,445,43,361,559,460,123,254,439,324,25,401,580,452,85,343,623,643,432,136,125,313,1005,573,620,481,125,394,855,1027,792,224,436,875,884,492,62,447,439,99,280,391,111,374,735,703,267,324,747,809,221,128,202,393,488,535,503,268,192,696,936,680,22,635,874,568,10,426,435,139,13,71,33,40,2,22,16,21,6,13,16,103,188,223,147,51,276,399,343,137,108,314,430,427,290,14,332,583,571,265,354,458,443,169,117,208,46,186,261,105,182,389,374,170,65,192,166,75,31,74,180,246,187,7,259,413,379,126,67,328,223,75,334,336,42,364,621,540,187,249,529,551,359,102,79,135,114,107,181,291,347,265,41,224,405,435,343,189,45,62,148,257,357,413,227,211,26,266,425,467,425,299,128,54,230,355,421,409,334,200,20,166,324,404,417,371,283,156,43,292,526,638,748,331,0,315,509,549,445,273,102,15,80
41,103,457,456,413,302,148,0,138,191,184,240,30,21,9,83,261,479,693,830,838,680,410,75,229,435,519,498,420,354,302,277,241,187,104,1,88,142,148,50,1,120,243,349,390,355,246,72,146,351,546,663,714,658,482,233,72,345,509,528,364,99,197,433,537,495,310,64,202,428,583,653,636,585,505,625,398,326,214,1,296,628,926,1092,1051,813,413,30,395,591,563,353,43,258,430,404,184,164,527,777,860,737,473,211,88,249,320,378,457,591,738,777,645,306,171,619,886,860,566,147,227,417,375,13,18,23,23,13,1,22,8,53,8,41,39,128,217,297,327,296,195,49,117,268,393,479,516,493,393,212,22,263,440,453,426,250,45,100,140,57,99,251,334,279,134,42,197,261,222,128,28,7,28,123,247,340,369,318,204,30,141,332,301,203,27,192,353,378,252,11,293,516,605,541,376,190,37,29,18,25,86,102,51,40,180,329,446,519,505,441,344,244,187,149,152,145,107,203,87,222,334,411,454,443,405,362,310,266,244,212,206,162,90,4,111,215,295,355,392,422,470,513,560,567,507,303,218,26,144,279,339,349,344,305,287,52
81,114,23,7,23,22,18,9,2,1,24,62,119,193,273,374,476,572,660,729,764,777,752,696,625,546,458,388,333,286,268,243,219,214,187,159,110,56,12,244,155,223,292,334,367,387,394,392,391,374,363,335,300,236,166,56,55,179,305,409,469,491,465,386,279,139,7,135,242,325,375,400,399,373,334,824,240,207,203,239,318,444,590,752,898,987,1028,994,875,705,489,242,13,205,385,501,560,563,495,396,275,132,15,581,135,142,119,84,46,49,105,211,375,563,738,866,910,852,711,491,259,41,127,34,6,23,61,10,35,17,10,1,15,10,219,218,196,155,105,54,3,47,89,136,167,215,277,337,421,495,551,596,592,441,467,348,209,78,44,123,154,146,84,4,93,188,240,251,221,148,42,65,164,243,292,304,283,227,148,42,64,101,249,295,300,252,164,51,98,243,361,455,519,531,517,450,355,259,150,55,6,43,32,9,66,136,202,240,252,246,196,137,66,26,99,173,229,318,290,298,287,277,242,230,212,196,202,214,241,292,341,405,477,532,569,602,594,584,557,508,467,448,419,421,433,876,469,494,500,507,491,453,407,349,274,55
41,103,588,457,316,171,34,86,204,311,375,125,393,349,289,211,92,66,241,408,544,640,739,840,883,921,915,845,762,683,608,536,460,395,335,263,227,228,252,683,348,387,461,543,662,769,893,1004,1107,1209,1309,1408,1458,1489,1454,1423,1368,1310,1201,1066,905,754,639,541,461,379,313,269,281,317,419,533,624,738,859,1574,1181,1330,1499,1616,1704,1776,1837,1872,1880,1826,1743,1616,1461,1299,1110,905,679,436,213,8,164,321,450,550,614,627,570,1270,298,94,126,370,632,890,1125,1313,1410,1416,1332,1179,972,707,421,129,135,337,470,76,47,94,50,13,50,39,34,26,39,41,360,385,412,456,502,541,567,565,562,538,502,435,375,324,292,285,281,280,298,717,333,342,329,277,206,103,7,106,204,270,337,352,347,295,232,140,31,95,194,285,345,407,470,529,569,594,610,513,663,690,694,665,598,523,446,391,347,301,248,203,192,199,212,239,242,225,189,150,104,60,14,64,144,207,283,370,455,531,612,649,652,651,607,103,379,203,13,183,336,487,600,689,743,704,617,488,325,182,31,126,323,511,676,803,877,930,968,988,985,934,829,1926,511,316,135,56,230,420,574,679,744,173
152,73,488,525,543,527,486,431,362,297,238,104,178,195,241,329,451,586,706,808,848,812,711,563,404,252,127,38,8,31,35,42,47,64,90,126,146,149,124,216,23,131,240,334,396,445,455,460,440,411,352,248,120,37,214,375,511,578,579,496,343,137,91,314,473,573,589,536,433,299,172,68,4,45,60,577,100,161,266,422,609,803,986,1102,1125,1034,846,575,269,21,252,376,377,256,44,225,490,696,803,808,707,533,328,124,8,94,136,160,215,321,491,704,898,1016,1007,840,543,182,160,406,506,456,305,38,20,23,15,14,14,20,8,6,26,23,190,182,147,86,6,113,218,313,388,434,480,514,535,537,497,409,263,82,104,342,367,384,319,187,36,111,199,227,175,67,63,188,266,283,252,172,79,0,39,36,19,106,213,323,397,424,388,196,152,9,159,267,294,249,124,54,236,397,508,559,549,494,411,322,246,202,195,226,296,379,456,523,548,528,479,405,336,294,281,291,329,362,389,196,369,334,282,233,190,154,125,104,79,48,27,5,2,3,4,1,12,32,51,72,88,89,81,86,116,168,251,714,459,539,578,574,536,483,421,378,354,85
57,59,503,539,449,276,41,172,298,324,262,311,104,120,223,386,520,533,365,31,371,709,863,788,548,246,22,188,262,287,290,294,273,229,154,74,9,63,76,50,27,101,150,128,11,171,363,505,536,447,237,54,352,594,690,602,339,14,340,509,455,196,141,426,522,374,42,348,637,726,594,338,77,102,189,869,371,558,743,826,681,303,219,725,1038,1051,762,285,199,511,566,335,7,285,326,101,301,673,822,656,245,234,613,757,701,524,342,201,68,135,422,719,864,727,291,279,728,845,585,121,299,468,357,6,57,34,16,18,24,8,5,11,11,6,179,139,40,99,240,341,371,310,176,15,226,418,535,543,415,144,189,484,620,278,269,38,233,237,85,104,206,136,37,230,343,330,214,60,64,127,109,50,1,15,118,275,381,358,164,125,366,315,310,46,205,296,188,73,355,529,526,338,45,256,462,519,438,293,167,106,109,133,90,27,205,369,470,481,414,306,188,77,27,135,238,342,436,82,507,451,313,133,58,218,331,399,447,466,444,376,265,129,4,102,185,261,340,411,459,458,410,306,170,8,203,964,547,619,582,444,249,68,54,115,148,25
284,78,513,499,329,61,200,365,399,329,231,15,166,196,203,132,43,312,585,750,681,365,88,504,696,627,389,124,36,101,136,194,256,253,167,27,90,130,84,75,106,152,130,0,200,387,477,409,174,126,443,638,650,472,131,253,531,588,399,54,274,410,281,53,414,588,471,122,296,586,659,538,314,88,85,744,414,598,724,679,381,146,711,1076,1045,617,22,579,811,651,223,197,370,200,179,510,547,234,279,723,865,670,237,477,509,612,570,458,306,86,237,608,843,746,273,372,826,817,377,188,516,443,117,6,10,18,5,28,34,22,37,6,2,13,154,193,164,42,150,324,391,315,125,90,283,421,481,413,176,184,516,636,461,107,260,396,291,49,119,118,24,190,263,182,6,205,300,268,144,24,32,3,46,53,46,213,358,374,214,74,324,257,249,37,265,277,47,274,483,440,165,204,478,559,443,223,5,139,201,216,226,264,321,340,256,62,197,400,479,411,288,190,135,82,38,226,413,91,502,370,195,2,174,330,439,486,437,328,175,6,174,324,415,431,378,275,161,55,52,184,323,455,521,479,333,34,175,418,552,549,424,237,78,24,74,46
104,47,437,440,432,398,346,281,203,120,34,303,125,191,251,302,345,384,415,435,444,439,427,385,334,263,186,103,25,46,105,152,177,189,183,162,132,102,57,2,40,86,135,182,216,248,280,289,295,293,279,266,261,256,256,261,273,297,333,369,406,437,478,516,546,561,571,571,564,555,540,533,516,511,517,1063,554,581,596,618,642,664,686,700,711,718,718,710,691,651,587,499,395,278,146,8,128,248,357,435,491,514,502,744,387,292,175,48,75,172,252,290,287,244,157,39,91,224,329,406,451,449,411,13,13,20,4,19,10,3,19,20,33,28,145,178,211,246,271,293,307,306,289,270,256,245,242,252,264,288,311,337,351,510,330,295,240,172,92,1,84,164,225,271,301,302,284,241,186,121,45,35,120,204,283,346,399,439,465,462,432,426,309,207,86,44,171,298,402,485,551,577,578,536,468,387,296,192,82,26,134,229,309,374,428,473,498,496,471,428,364,294,211,128,24,66,153,187,286,331,380,421,457,471,483,479,453,420,360,287,183,75,36,141,239,319,377,419,430,432,416,390,362,321,284,778,210,159,99,49,24,79,139,210,269,85
173,87,292,116,156,412,547,511,341,143,7,223,36,122,149,66,132,403,630,717,620,339,51,424,653,668,503,266,68,37,85,110,144,149,143,106,62,14,10,208,35,119,200,251,233,133,58,291,499,599,529,308,9,341,583,637,476,128,255,498,501,264,108,456,615,523,191,231,564,686,569,321,67,106,185,849,308,439,579,632,496,136,359,812,1026,893,455,110,562,720,529,111,299,476,324,80,515,752,655,266,239,631,764,374,353,95,64,158,270,460,653,681,430,87,634,913,771,289,256,563,515,199,139,4,6,1,12,26,0,25,4,17,0,8,61,76,224,310,292,165,17,183,291,338,335,288,182,15,279,520,616,482,139,404,465,439,192,81,221,152,57,266,334,223,2,206,299,252,126,23,6,30,87,115,90,7,165,328,398,308,80,85,348,290,47,233,369,264,43,399,619,593,353,12,292,452,439,310,172,102,119,171,187,115,43,239,405,475,440,316,175,51,46,142,237,321,359,36,331,289,203,62,121,298,418,451,408,318,217,116,31,76,192,301,374,378,317,255,217,193,134,4,200,410,555,1035,537,371,138,102,286,372,356,289,238,119
30,49,467,518,546,549,528,491,433,370,295,177,153,112,75,82,123,197,291,404,515,598,674,701,687,649,586,498,410,320,245,172,117,67,32,9,1,15,13,252,21,42,77,132,206,284,370,461,532,590,638,674,695,702,686,656,587,489,362,208,34,136,301,445,544,615,637,623,579,507,423,343,279,242,244,416,367,471,587,678,755,784,753,668,536,367,170,25,201,338,428,444,408,293,125,77,298,516,694,823,895,887,830,556,613,516,462,458,508,590,686,755,772,712,567,360,117,130,334,470,515,477,374,29,6,11,36,14,15,28,32,22,20,38,264,306,332,341,332,301,267,241,224,216,233,237,228,196,134,42,77,194,309,539,419,397,324,204,51,92,225,332,386,392,357,291,200,115,43,1,16,1,46,105,180,260,329,384,420,418,386,356,213,81,60,191,303,377,396,366,296,194,86,13,89,133,137,106,57,9,83,164,222,286,326,358,372,385,382,378,379,377,379,392,409,422,449,148,498,514,535,542,533,527,517,487,463,450,429,411,407,408,394,388,361,313,253,188,99,14,51,105,145,155,147,141,113,84,68,60,49,62,94,132,184,154
42,76,1143,1259,1303,1289,1215,1110,961,801,623,912,218,4,227,469,682,883,1051,1152,1183,1164,1094,993,857,725,604,505,438,394,365,348,335,321,316,280,225,162,79,96,110,236,371,511,636,780,909,1039,1148,1245,1316,1368,1392,1392,1374,1325,1243,1124,976,742,503,209,125,459,774,1062,1297,1462,1540,1558,1481,1381,1227,1074,908,1973,641,562,541,563,643,778,937,1139,1329,1491,1599,1638,1588,1439,1220,888,511,94,341,760,1146,1460,1703,1844,1892,1846,1716,1403,1353,1171,1047,974,1002,1120,1274,1461,1649,1753,1774,1645,1400,1058,638,220,158,434,589,7,45,55,17,20,46,106,47,12,2,32,365,326,278,226,190,144,109,80,78,95,137,159,194,196,165,52,89,257,448,776,731,786,746,617,430,176,98,362,591,761,854,878,815,710,551,369,188,41,84,172,215,219,202,161,94,21,80,123,271,359,422,427,399,295,150,38,251,445,598,696,743,681,593,437,249,45,138,327,488,625,736,826,885,928,940,946,926,881,839,791,751,702,654,41,518,440,356,262,171,82,13,104,205,317,424,553,684,794,889,933,963,946,900,846,770,710,651,612,579,550,523,1245,456,412,354,295,195,99,23,178,371,42
108,63,206,426,562,578,442,190,83,277,321,374,131,98,188,334,465,461,278,52,436,746,871,739,402,5,322,483,474,368,260,175,97,25,30,80,98,85,45,412,77,86,7,165,366,490,465,271,19,324,565,680,636,407,47,317,558,562,334,0,289,399,297,5,346,592,631,425,41,370,643,702,579,375,186,235,57,230,488,759,889,777,386,184,720,1012,948,568,24,424,585,398,7,334,408,160,277,662,787,575,139,341,685,743,656,408,145,69,255,446,624,717,575,168,384,796,853,508,43,468,536,274,61,33,18,17,10,6,28,39,15,3,16,35,134,111,28,223,357,353,226,50,113,244,357,428,404,240,45,383,626,663,449,204,273,434,357,130,82,135,8,220,351,295,100,140,291,293,174,54,13,40,123,195,167,6,239,420,457,313,24,198,374,281,69,149,261,174,81,345,479,445,219,117,394,487,427,311,179,86,84,90,15,124,285,436,523,455,280,108,25,121,186,248,333,428,450,27,258,97,84,262,387,467,485,420,286,140,14,84,193,317,437,503,470,345,192,67,31,163,329,505,614,604,474,326,10,236,435,547,511,367,201,112,98,50
155,85,406,493,555,583,571,527,467,390,299,380,57,59,185,304,422,554,661,743,793,808,805,774,727,649,570,486,402,325,257,194,131,78,47,27,22,20,33,425,105,152,195,238,275,318,349,378,401,425,446,477,496,512,505,483,437,366,267,156,25,96,228,337,441,525,599,659,699,716,709,680,623,538,435,976,197,82,19,97,156,193,201,189,159,106,31,50,137,224,303,365,411,428,415,386,332,273,212,146,85,44,14,426,20,58,121,200,290,378,459,521,549,531,467,358,222,63,90,221,311,353,338,7,11,35,0,26,15,0,12,7,29,3,13,42,63,79,89,97,98,94,81,59,29,7,41,59,60,41,10,36,94,359,200,229,239,230,204,157,94,23,50,122,180,214,234,222,188,127,49,38,127,214,287,347,402,434,445,429,406,306,306,227,134,34,70,188,296,413,503,590,640,661,639,587,490,374,243,104,18,125,212,282,327,352,380,391,397,403,390,380,356,329,287,223,162,52,19,41,107,160,227,279,318,349,369,390,393,396,383,354,318,278,215,145,58,34,138,244,345,441,531,603,654,1017,679,659,613,548,479,390,291,175,60,44
60,69,255,338,393,424,446,445,421,380,321,308,200,154,118,94,61,38,34,59,100,140,173,184,204,208,190,152,96,38,4,32,50,59,70,65,41,13,25,336,102,159,229,304,364,414,467,510,551,585,597,618,621,619,598,543,469,363,248,130,5,148,298,434,549,650,740,801,834,825,783,719,651,579,520,1094,469,492,542,611,699,791,873,953,1004,1022,1003,956,865,722,546,332,103,122,332,517,667,769,818,811,774,712,636,291,499,455,444,469,533,606,693,760,789,775,698,565,382,170,37,212,340,397,392,22,18,22,5,4,18,1,13,20,4,13,39,101,168,233,284,323,354,374,383,383,379,388,417,463,518,569,609,630,633,461,527,414,286,139,10,104,195,263,286,269,225,162,101,56,14,4,9,13,65,136,209,286,356,423,472,500,495,525,397,314,206,85,55,204,343,462,558,628,667,669,645,582,492,407,317,231,160,97,56,28,27,33,35,32,22,11,46,97,163,223,292,353,418,42,506,526,545,552,546,517,462,401,321,251,162,76,13,89,153,191,229,269,319,375,426,479,524,584,642,680,699,1244,689,671,641,594,525,438,347,257,161,51
44,37,113,173,435,525,409,129,166,341,344,181,140,112,88,54,325,580,563,201,351,741,737,342,195,550,580,336,15,214,277,219,112,12,70,104,78,10,89,327,36,190,283,191,71,370,518,386,10,411,649,547,146,337,621,546,152,313,531,333,121,468,409,38,544,684,318,320,786,772,311,259,618,637,432,85,82,353,630,752,493,129,821,1085,694,134,827,906,387,279,564,294,198,409,124,407,692,416,248,806,848,354,317,847,718,407,6,353,601,656,415,132,700,871,452,308,801,654,21,520,535,102,326,5,58,50,30,46,39,1,6,43,1,44,242,174,47,284,358,200,88,338,412,290,37,272,490,502,209,259,620,588,172,511,520,320,28,206,89,107,127,83,320,350,104,222,379,286,70,89,88,32,58,200,298,205,105,425,487,229,174,266,320,5,232,181,98,337,263,100,483,556,237,234,519,469,202,42,150,162,206,291,308,161,138,425,535,386,68,237,381,374,267,158,44,116,312,32,439,218,129,428,548,440,163,128,327,383,338,244,122,55,271,447,469,294,15,256,419,469,394,220,52,363,590,948,366,50,436,618,515,244,28,207,291,1
63,162,494,561,548,447,266,71,103,209,263,435,204,165,185,254,397,550,683,699,587,340,18,305,548,666,660,545,398,243,137,55,30,11,9,13,25,35,16,225,82,134,137,95,16,174,352,500,612,619,534,348,103,185,421,570,582,460,224,58,300,438,397,206,119,445,712,795,699,435,125,175,361,449,463,1246,514,594,675,681,569,306,72,494,847,1033,977,701,289,128,405,451,260,65,385,558,487,201,213,608,864,903,746,133,171,54,189,280,384,532,703,797,719,414,54,541,847,864,586,158,233,425,374,38,21,5,28,23,20,6,23,32,37,18,110,17,116,262,361,380,320,209,80,48,180,329,483,607,631,512,247,93,402,531,582,423,176,29,120,69,74,237,327,296,156,34,205,301,294,218,119,62,65,157,272,372,377,259,41,217,425,363,408,187,69,243,272,141,104,363,539,572,453,243,7,203,325,341,298,225,190,212,303,402,465,445,316,122,81,240,320,329,311,301,331,367,420,66,429,366,265,140,13,161,283,358,394,395,390,398,423,442,426,381,289,177,58,43,144,238,344,444,546,628,654,1046,514,337,128,68,223,287,291,221,178,30
78,78,153,224,273,316,351,381,383,373,347,457,227,138,36,68,175,268,338,402,436,447,451,427,401,374,339,306,274,244,211,176,134,100,61,28,0,9,23,229,12,4,25,49,87,113,145,189,228,268,308,337,360,369,360,327,268,191,97,4,128,245,369,492,598,689,772,829,853,857,836,786,713,625,517,1013,282,179,81,1,58,95,112,111,89,50,8,40,99,153,202,250,279,300,307,308,289,262,229,190,148,111,94,225,91,138,208,280,379,483,573,646,693,691,647,565,443,295,141,6,132,218,272,27,8,7,18,29,4,4,28,16,20,6,195,254,292,307,321,322,318,324,344,376,426,493,566,631,687,725,747,729,682,359,508,386,257,127,10,127,220,306,363,387,390,379,342,288,232,172,108,48,3,35,69,74,73,58,31,0,44,84,135,189,234,269,303,324,342,349,356,345,339,331,321,310,306,311,304,301,297,284,269,249,216,173,134,88,30,17,78,135,179,234,287,325,353,78,400,396,387,345,287,229,145,40,56,155,248,329,393,443,468,470,457,420,363,304,224,136,39,57,159,253,342,354,475,513,537,523,487,435,360,272,183,167
110,46,443,515,562,587,596,565,508,425,319,517,64,65,187,294,387,475,562,629,685,729,742,721,694,624,545,462,380,306,242,184,131,86,63,35,19,23,20,457,45,67,91,121,161,189,226,260,278,295,308,315,309,286,252,199,143,53,40,134,232,334,437,535,626,710,772,819,833,823,789,744,682,620,555,1134,427,376,338,320,329,360,404,466,530,568,601,616,601,572,531,470,382,280,166,28,111,252,375,477,548,592,600,741,509,425,323,216,126,61,25,37,87,166,268,385,484,560,599,590,529,424,294,15,32,3,23,9,6,5,64,11,15,14,229,257,281,285,294,297,295,299,317,351,395,452,513,567,608,618,594,543,465,105,255,142,30,73,164,238,295,318,318,293,246,189,130,77,39,23,24,37,57,101,149,204,268,333,393,436,462,528,439,403,344,276,194,104,11,87,180,267,333,372,396,382,338,272,190,83,23,129,234,320,380,426,450,452,446,425,395,351,306,241,171,93,12,16,149,231,292,367,433,491,527,545,544,529,490,449,397,341,279,208,122,32,70,181,294,398,499,586,649,699,726,958,708,667,615,535,438,337,221,102,14,31
136,109,91,146,187,220,241,255,257,252,248,224,221,207,183,165,149,144,151,155,163,178,201,210,216,201,177,140,93,37,24,81,127,158,188,186,176,147,106,261,25,102,181,249,319,385,439,479,510,536,555,565,571,567,561,539,520,489,449,389,327,255,171,78,16,102,191,260,307,334,344,310,256,172,66,398,173,296,419,532,613,668,696,689,654,587,491,374,240,101,28,156,266,345,405,425,418,378,324,259,189,126,79,306,74,110,173,252,339,431,504,553,567,536,462,346,206,45,111,248,342,383,372,8,37,1,10,2,0,4,5,4,32,18,173,252,308,335,346,345,337,341,358,390,440,507,582,651,705,734,733,695,631,238,412,276,131,0,110,199,250,277,268,238,185,125,68,27,3,8,4,43,95,155,224,287,351,411,453,481,502,502,466,421,349,263,154,22,104,238,346,439,503,533,531,493,422,343,240,138,30,79,173,259,327,376,417,437,446,438,413,392,351,316,267,216,156,122,24,42,104,173,230,280,319,355,389,423,444,467,487,495,489,459,416,347,251,143,28,91,197,294,380,447,483,585,526,523,506,475,439,384,324,260,188,15
85,2,135,181,223,246,253,243,225,184,118,355,40,131,235,344,447,512,571,615,638,617,579,513,441,360,269,203,140,119,99,121,145,168,183,180,163,116,45,281,138,214,303,390,445,474,500,536,552,560,559,577,592,576,516,437,339,225,67,99,244,370,483,595,669,692,684,659,617,544,467,413,388,377,386,518,481,561,633,710,770,810,815,766,679,546,379,187,4,160,295,379,417,395,315,190,37,139,331,502,643,734,765,723,697,615,538,482,469,503,589,707,837,930,979,957,851,673,446,212,7,144,227,15,36,16,32,18,47,1,12,19,23,5,9,61,120,185,246,293,330,348,350,371,408,472,540,616,703,773,803,777,703,326,453,284,124,12,103,158,177,147,76,11,96,158,202,206,175,100,0,112,219,306,377,411,402,370,301,217,117,102,102,194,274,317,336,314,260,169,58,57,157,236,287,307,287,230,164,85,2,100,176,232,276,298,295,263,231,211,191,179,180,205,247,276,306,237,378,416,441,460,483,503,492,452,390,330,268,188,104,58,31,12,17,40,61,98,156,230,304,367,419,457,481,735,478,467,452,425,380,338,279,217,155,51
150,70,189,105,28,192,336,416,416,353,270,75,196,219,255,236,129,50,285,512,674,707,624,418,144,122,314,398,387,302,224,171,132,99,52,1,62,77,54,213,86,152,184,148,50,104,287,454,552,566,439,215,64,344,540,596,489,248,54,316,435,356,115,217,523,679,640,408,65,279,538,666,664,581,473,413,243,95,118,391,692,919,985,826,459,29,487,771,779,525,130,231,397,295,34,421,700,730,490,60,392,708,803,470,470,242,78,45,179,378,613,787,770,496,19,483,789,786,480,36,325,446,307,40,15,10,13,15,16,16,7,9,12,21,234,278,235,113,49,225,360,420,413,347,223,32,207,474,691,752,608,279,124,551,594,492,235,30,183,153,10,190,289,266,128,47,174,216,175,107,69,108,201,306,349,268,60,217,475,617,572,481,53,233,392,360,151,131,365,455,351,93,208,441,542,489,346,198,98,66,75,68,10,154,339,505,581,534,380,188,6,117,166,161,144,147,185,174,366,442,468,414,265,60,133,267,323,311,290,299,341,397,423,381,262,105,43,187,296,382,456,513,522,477,385,461,50,127,274,369,394,369,328,261,220,75
113,24,348,357,373,364,355,317,272,198,94,263,151,271,408,488,589,629,679,695,724,713,707,676,622,556,457,374,268,207,132,113,86,103,88,102,99,85,60,91,1,41,80,142,196,274,337,419,469,522,544,556,562,556,561,555,554,525,487,412,322,188,45,118,267,407,531,616,684,704,711,680,644,574,514,1089,383,335,326,341,384,453,524,612,686,749,772,772,727,651,523,371,184,19,233,433,610,749,842,878,874,828,749,300,584,525,498,505,555,628,711,789,839,840,782,664,497,299,89,94,239,317,335,21,12,19,20,26,13,44,55,14,6,6,32,85,149,215,273,313,339,344,357,371,400,448,520,604,688,754,790,788,733,432,497,339,172,15,118,216,273,287,267,225,165,104,43,12,4,7,60,126,219,305,405,488,553,587,587,567,513,426,333,209,69,67,213,332,449,522,572,585,572,521,465,396,330,279,237,223,219,251,275,326,372,419,447,459,449,418,365,297,215,137,53,27,104,13,242,293,354,395,426,437,443,446,438,430,421,418,408,410,389,384,339,319,259,228,164,124,58,8,56,105,149,177,195,207,195,192,178,177,183,204,232,6
158,7,1186,1158,1078,927,774,591,381,152,57,1792,469,641,796,898,997,1033,1040,1023,953,843,716,581,429,218,29,172,341,511,662,783,877,924,959,935,887,831,700,1914,384,214,40,132,289,467,599,709,786,837,850,821,775,695,583,457,296,152,13,181,323,456,555,631,695,703,711,668,599,519,412,292,157,23,111,1352,334,422,492,547,569,563,541,489,418,311,218,116,8,108,211,304,367,425,457,453,444,404,343,275,183,76,23,894,217,299,349,372,396,367,313,231,141,57,49,140,222,276,292,284,243,167,79,0,2,1,1,5,1,2,2,1,0,1,532,444,284,66,165,394,589,730,791,790,677,509,281,17,237,481,688,847,926,1152,908,797,621,422,183,27,269,480,661,796,904,935,944,893,788,659,511,330,115,98,296,483,652,795,880,956,990,1071,926,812,687,530,339,138,84,308,501,694,862,989,1077,1114,1093,1057,977,844,677,463,227,3,249,482,722,911,1077,1177,1256,1290,1242,1141,1020,852,624,357,119,148,422,672,886,1084,1227,1321,1366,1348,1274,1168,998,761,526,254,15,291,527,773,976,1135,1259,1331,1338,1289,1224,1394,886,676,439,180,70,337,565,782,950,14
171,12,256,302,339,377,389,385,342,277,191,343,30,145,246,324,365,367,332,261,158,40,73,176,259,308,322,307,270,209,140,74,4,37,66,60,45,5,37,256,85,64,11,70,180,296,399,497,559,604,625,634,647,639,631,592,523,421,276,104,84,269,424,531,586,585,537,458,365,276,191,131,87,73,75,138,125,149,159,146,91,0,138,299,469,626,746,808,786,695,528,310,60,192,418,596,700,729,685,574,423,250,90,420,105,133,124,97,87,117,199,328,498,668,806,875,853,742,553,320,77,134,280,27,2,11,6,19,5,23,13,0,9,14,60,27,27,91,154,208,256,293,325,365,426,491,575,654,714,735,701,608,464,100,90,85,222,292,293,224,104,36,177,297,368,397,378,318,247,169,122,103,123,174,258,354,453,538,591,607,573,532,357,207,39,126,279,393,457,470,435,343,231,96,32,131,193,214,197,139,66,19,83,140,167,175,164,150,129,110,99,97,106,116,137,165,202,109,320,392,458,515,557,574,566,542,510,474,458,445,451,461,475,483,485,479,467,454,447,453,465,494,531,569,614,1121,660,659,631,590,526,453,383,315,253,34
450,66,485,511,486,418,355,306,264,262,245,150,379,538,727,942,1155,1348,1524,1632,1694,1718,1722,1660,1541,1359,1180,998,818,627,479,350,241,133,97,140,215,264,277,363,191,48,149,385,587,762,940,1091,1153,1162,1169,1194,1242,1255,1219,1115,971,782,530,269,29,308,588,855,1052,1194,1278,1318,1309,1210,1077,969,888,849,835,1383,977,1114,1295,1473,1605,1707,1754,1711,1549,1265,907,522,145,222,546,747,845,828,685,428,82,297,667,1001,1287,1476,1526,1324,1311,1142,984,884,860,941,1130,1368,1596,1759,1813,1730,1488,1093,600,110,296,581,694,80,70,13,14,40,9,68,4,25,10,28,283,429,550,647,708,747,753,763,788,824,873,967,1058,1123,1106,1007,801,514,183,684,443,652,762,742,616,408,134,144,404,615,754,803,765,647,470,310,170,77,30,32,77,200,342,527,694,848,968,754,1003,878,694,448,130,222,572,883,1117,1288,1383,1370,1269,1103,945,770,597,482,428,439,475,531,611,670,716,711,684,671,624,564,472,356,209,57,85,266,302,415,519,611,671,694,720,696,664,638,659,672,693,748,800,870,867,826,794,759,772,803,890,973,1065,1109,1128,1957,1068,998,905,805,656,503,346,182,23,87
51,20,125,373,540,557,404,145,109,255,274,366,216,289,398,418,250,112,537,848,859,564,66,424,711,704,468,159,74,181,173,157,160,190,195,128,11,91,111,267,69,105,19,193,411,498,351,18,382,663,698,487,115,278,552,602,423,86,253,417,309,4,342,478,295,116,534,724,600,217,213,540,665,606,434,131,64,346,621,807,784,462,113,720,1067,958,424,248,696,696,325,132,359,215,173,520,573,238,316,787,909,618,80,665,687,684,514,298,49,260,597,807,680,191,448,861,788,276,316,618,482,76,273,62,32,36,13,25,62,19,14,20,29,25,22,195,299,244,49,191,371,416,340,155,109,392,616,630,353,133,610,803,583,271,391,555,367,1,243,217,20,260,317,151,129,329,352,221,57,31,31,15,72,232,394,426,236,121,463,597,438,184,268,409,275,38,311,366,134,257,571,608,340,101,483,620,503,253,30,91,145,203,297,395,397,270,46,188,361,430,395,292,157,35,73,162,240,196,405,422,337,121,170,457,615,613,450,195,60,278,420,481,464,382,236,65,119,288,434,533,542,434,185,156,472,931,641,443,155,99,246,296,291,294,315,55
36,0,368,457,515,524,477,394,281,178,117,240,155,238,315,337,261,97,150,428,674,822,847,762,596,377,165,2,105,149,143,104,68,46,47,78,100,104,67,454,116,197,236,186,51,126,331,506,624,668,630,530,363,154,74,301,456,527,465,292,37,229,451,556,523,355,103,185,445,630,714,704,627,523,433,468,362,341,272,110,142,467,780,1015,1084,963,672,276,112,404,523,449,207,110,413,601,602,420,92,284,608,793,818,479,546,389,285,215,142,6,218,498,757,890,834,574,193,204,485,577,471,243,8,28,32,16,4,8,15,37,17,38,1,21,95,208,288,308,265,174,57,67,182,294,407,506,584,601,523,330,51,254,510,574,607,421,163,91,249,255,139,56,244,359,362,271,130,7,62,60,6,61,89,43,75,250,432,564,594,504,323,229,158,328,372,293,103,143,360,504,512,398,190,51,261,389,423,381,306,244,226,256,323,391,416,380,296,170,47,68,146,193,205,203,181,166,168,348,224,294,367,440,483,471,412,330,236,162,104,71,40,3,58,131,228,308,376,425,449,478,508,539,555,547,502,622,266,106,42,164,221,235,205,173,143,75
126,38,323,256,18,286,481,458,241,23,179,393,178,254,378,383,136,295,683,784,509,5,490,748,693,355,84,411,493,343,106,44,69,37,62,116,129,58,11,251,105,185,109,139,415,519,326,53,423,601,521,214,183,486,558,348,50,396,451,165,250,454,276,182,581,603,201,377,762,707,288,243,570,600,428,274,10,239,533,758,684,197,514,1038,1002,388,410,876,745,174,363,464,108,337,444,76,483,793,573,77,719,926,597,429,472,643,552,348,88,253,626,795,511,171,815,909,370,378,749,507,61,433,366,2,15,9,31,0,0,20,44,23,37,14,156,14,197,342,297,59,239,426,400,215,65,354,552,535,212,320,737,711,242,488,631,446,25,255,212,46,201,95,168,356,290,30,218,287,175,48,39,106,79,116,373,482,289,138,521,591,306,97,448,403,76,258,317,48,318,468,247,201,554,572,256,154,396,380,218,105,90,68,62,310,503,462,162,232,473,474,300,74,81,153,182,213,261,49,189,4,260,463,499,329,30,242,389,400,332,224,76,105,309,467,488,345,76,225,465,561,494,277,40,356,564,1007,405,90,231,456,486,345,126,52,140,30
16,42,295,351,385,407,415,402,365,302,231,369,64,0,47,68,63,41,1,57,116,182,234,274,304,316,310,303,266,229,178,120,71,20,10,16,21,12,9,402,43,61,73,79,62,21,34,110,184,249,314,358,404,444,477,515,533,539,522,460,372,246,88,81,261,428,563,668,731,748,741,705,660,611,564,1174,534,559,622,714,819,929,1018,1081,1097,1049,949,796,582,349,99,130,318,452,518,512,454,347,208,56,107,248,352,595,423,387,330,264,235,258,328,455,604,749,863,912,877,764,571,337,104,106,245,36,1,5,16,27,26,13,71,17,11,6,217,232,240,230,221,196,173,156,143,132,124,97,53,17,119,234,363,481,572,645,632,584,483,328,153,30,183,295,354,356,311,240,168,101,67,63,92,149,226,311,405,487,558,591,589,553,477,323,237,93,60,201,312,383,413,387,329,245,146,48,39,96,114,98,47,26,107,189,250,296,321,341,334,331,300,265,229,192,183,180,199,237,265,198,324,343,374,396,419,443,437,407,369,326,278,225,190,155,122,85,54,26,2,21,37,62,80,113,144,176,202,343,232,233,228,207,179,157,137,128,138,44
77,58,304,242,115,44,182,294,370,369,299,646,126,76,94,196,362,544,700,812,857,803,686,516,314,117,42,142,188,200,172,110,64,52,73,99,130,146,110,422,54,132,194,218,168,55,77,227,392,530,619,666,660,601,458,268,67,146,328,431,430,330,146,103,379,600,719,727,628,443,243,64,73,157,196,791,254,346,493,668,853,997,1039,963,761,443,57,311,573,695,654,462,169,141,384,504,472,287,11,340,622,806,862,595,641,488,374,305,270,216,98,125,417,704,893,916,753,436,58,264,458,478,350,3,8,3,17,12,5,32,26,2,8,21,158,146,86,10,129,240,323,373,404,417,413,406,371,282,108,118,357,571,696,457,545,322,74,118,229,206,87,75,224,325,356,291,181,70,5,44,16,53,136,186,166,80,76,261,434,539,563,456,321,104,108,254,307,260,108,104,325,509,623,643,570,435,294,178,100,71,90,122,129,100,37,62,169,266,323,353,353,333,312,308,318,337,359,18,402,418,438,460,468,466,433,389,324,267,207,151,105,52,6,67,140,205,256,293,324,369,426,492,565,627,669,1259,639,575,472,360,260,193,143,129,160,68
109,91,33,145,295,433,514,511,430,306,183,68,85,107,132,89,65,291,560,773,843,749,522,227,57,281,419,458,425,343,230,135,77,54,65,60,33,9,44,64,43,135,215,224,130,49,276,476,602,617,516,308,38,257,498,622,590,406,109,208,430,485,345,62,274,550,691,655,456,165,154,412,563,600,572,992,500,486,427,250,71,493,894,1133,1109,798,296,232,617,742,589,247,140,402,427,218,170,572,836,861,629,225,209,777,691,696,616,530,454,339,128,216,623,931,981,707,197,336,664,673,399,25,254,6,9,29,14,11,7,0,18,16,6,27,188,268,261,167,7,158,292,374,406,403,340,205,18,295,556,722,716,528,219,396,381,483,416,228,17,108,106,13,181,295,290,166,2,135,166,106,19,14,60,212,390,494,464,300,44,226,427,462,409,221,13,201,266,184,30,297,508,584,480,246,42,276,388,379,303,234,240,301,387,416,331,168,54,250,381,430,420,358,300,253,226,222,235,176,178,61,115,294,426,492,482,427,365,315,283,262,210,126,14,126,276,395,484,533,546,531,494,419,299,129,76,657,431,539,575,548,469,346,226,117,57,77
0,126,181,402,520,409,100,250,439,402,234,40,57,89,36,175,459,624,514,122,381,732,765,454,12,412,555,446,201,16,117,132,101,100,107,101,65,6,22,373,26,6,108,278,359,251,30,352,547,517,265,103,446,614,502,144,293,538,428,42,356,468,199,277,625,575,139,431,781,726,337,159,520,622,521,456,127,115,434,737,815,490,183,860,1109,735,38,699,855,466,116,465,358,64,443,434,5,553,816,560,67,655,853,222,138,265,476,546,505,337,29,514,838,703,90,610,892,539,150,614,520,45,333,16,32,9,19,37,7,13,6,32,29,13,136,223,169,3,212,331,288,101,147,356,450,385,134,243,585,664,397,108,545,394,367,60,330,289,54,114,65,135,251,165,82,276,274,114,37,64,9,43,49,239,348,250,40,364,499,357,16,180,398,221,79,266,194,86,359,384,104,310,568,502,170,188,365,349,243,174,136,63,106,323,468,443,226,85,352,461,382,194,28,64,111,176,283,15,315,125,136,362,452,394,225,26,151,260,310,346,339,256,40,263,515,593,465,206,75,328,516,603,523,263,116,856,663,619,369,16,289,440,399,252,128,31
278,18,145,105,18,95,223,331,401,425,385,516,190,99,64,112,247,414,587,730,825,840,785,683,549,406,256,110,17,85,90,58,5,69,115,125,87,19,41,141,27,39,146,242,341,408,429,397,321,212,72,81,249,403,528,601,602,537,386,174,66,304,478,561,550,430,236,5,238,436,564,614,606,548,484,1138,449,509,627,752,826,815,678,431,101,259,579,789,847,748,522,220,105,379,543,549,398,135,187,504,754,883,874,646,586,429,327,293,296,293,234,81,185,504,784,944,923,729,402,36,267,439,442,1,23,15,7,19,50,16,9,19,17,3,6,112,225,310,346,338,300,253,204,164,115,47,62,212,393,557,665,682,600,276,211,17,195,293,278,169,14,138,263,305,272,166,36,70,122,112,45,46,134,174,151,62,72,217,351,447,486,496,337,180,0,173,302,357,300,148,68,289,462,566,588,529,425,327,268,259,277,307,349,381,402,390,354,299,234,164,105,62,40,40,55,64,47,80,20,62,99,129,161,184,205,227,262,298,327,361,390,436,463,482,485,477,478,485,513,563,609,646,658,636,577,634,383,265,158,49,44,107,115,96,38,50
82,17,447,484,480,473,449,424,397,336,255,266,14,166,315,429,514,567,590,598,598,576,552,495,428,359,272,202,138,87,44,1,26,56,83,95,104,102,84,189,9,39,101,155,207,251,281,305,317,313,306,282,258,240,218,220,228,245,273,303,345,391,451,511,568,613,652,676,687,686,676,650,618,561,496,1161,356,304,253,240,245,256,293,336,384,430,457,474,475,464,451,433,423,410,394,368,326,282,217,156,104,52,26,429,45,93,165,267,368,479,586,676,739,764,738,651,510,334,150,15,129,190,195,26,4,7,2,2,12,13,33,19,34,55,160,225,262,274,275,266,264,275,301,346,403,468,540,592,644,667,671,652,609,277,464,370,261,138,23,77,160,216,265,280,287,283,262,225,171,104,28,64,138,194,234,240,232,210,183,161,132,122,64,0,64,149,230,316,396,455,495,525,538,535,511,482,440,389,326,258,187,114,33,34,94,134,167,204,225,262,290,319,340,345,327,293,229,36,93,19,49,113,182,257,336,405,465,500,506,481,428,348,258,165,55,61,171,292,403,500,580,640,681,703,701,1129,640,563,481,379,279,185,97,4,95,90
62,143,50,184,354,507,593,565,436,249,64,273,15,51,100,70,87,330,592,763,794,661,395,53,244,450,541,503,376,256,156,75,65,81,89,74,41,20,55,221,18,50,81,32,86,278,473,574,581,476,267,1,265,500,642,647,507,239,81,349,458,372,98,255,549,670,576,297,86,434,647,708,624,463,322,254,199,134,18,287,623,909,1042,921,571,74,423,759,818,620,245,142,354,331,78,308,645,782,647,277,199,599,810,686,651,430,240,85,71,274,533,771,874,727,324,208,667,862,707,306,141,405,374,14,25,24,8,28,8,22,38,48,28,58,27,157,305,339,274,141,13,143,240,336,419,461,434,307,57,257,522,656,613,69,101,149,268,243,103,46,114,78,55,218,331,343,242,88,46,95,51,40,96,55,77,250,389,434,351,166,50,74,304,254,101,91,254,288,150,98,388,600,625,470,223,39,211,259,242,216,240,318,418,479,472,360,201,38,111,215,277,313,346,388,440,464,464,1,301,151,13,180,317,395,432,433,416,404,382,342,279,171,41,76,201,315,390,444,497,516,521,497,422,271,65,504,435,619,692,649,519,375,237,138,91,65
189,51,157,119,79,39,5,33,65,96,123,25,170,195,220,248,279,311,340,357,370,365,353,310,271,214,153,97,45,1,29,49,67,68,68,65,58,44,22,154,47,100,140,200,249,300,338,372,401,417,425,424,424,425,426,421,435,443,460,482,498,519,522,523,515,491,463,423,383,340,308,299,299,304,339,761,448,522,611,703,792,880,953,1007,1035,1036,1005,939,846,720,576,400,219,27,166,348,520,667,786,872,926,935,915,807,772,673,562,465,387,343,343,383,456,559,665,756,815,827,781,684,550,387,235,28,28,2,13,33,35,2,3,2,20,40,188,214,233,256,278,295,307,322,335,362,392,436,492,552,610,650,670,654,611,363,435,320,207,102,2,71,129,171,199,214,217,206,187,152,115,74,32,1,21,30,23,0,39,87,128,174,212,145,264,276,284,270,251,222,188,141,87,40,1,35,48,48,27,10,65,134,209,289,365,424,464,483,475,434,366,286,190,83,27,123,221,305,382,32,491,517,527,524,494,448,378,295,205,99,1,103,205,304,387,451,496,521,518,498,456,405,346,288,228,168,122,203,16,36,92,140,191,229,256,265,261,17
19,3,157,238,298,333,352,360,337,286,230,656,90,20,45,100,157,212,219,267,278,270,259,218,185,140,96,23,8,68,115,151,184,199,209,197,197,190,166,1439,122,76,37,6,56,97,149,179,204,216,222,225,206,176,143,112,61,15,45,104,154,212,253,276,291,295,259,217,159,88,17,66,153,232,285,722,356,355,338,278,209,126,24,94,217,297,385,424,444,416,349,243,127,22,175,310,418,486,498,473,369,235,57,118,282,415,490,506,440,316,152,29,213,361,453,453,365,207,6,198,333,384,290,4,1,2,2,1,0,1,2,2,3,4,13,52,73,78,68,33,20,52,99,119,117,103,72,30,20,70,109,145,162,543,126,90,41,8,82,116,159,181,193,179,148,106,54,2,53,109,151,177,195,204,201,175,138,78,39,27,88,1010,195,230,251,255,242,216,180,121,64,8,93,160,211,253,283,298,293,280,232,168,106,27,69,167,233,282,321,338,339,313,270,223,137,75,19,966,156,226,273,313,338,329,310,292,247,190,110,29,54,129,198,260,307,352,364,363,350,309,251,179,74,4,80,1132,274,337,371,396,386,364,308,260,180,0
84,40,369,195,12,130,264,365,447,471,482,36,417,337,250,134,29,80,168,246,319,344,363,339,292,208,131,35,68,160,253,351,419,451,491,476,463,423,358,107,206,123,48,11,61,81,86,61,5,75,184,287,407,519,623,712,799,840,860,834,789,714,634,522,395,261,136,9,110,193,269,318,345,335,319,135,235,172,124,76,40,10,5,26,50,109,167,244,323,420,484,549,586,608,602,566,519,444,345,232,127,10,85,827,221,256,267,262,240,202,163,130,116,114,143,185,250,315,371,416,442,427,373,0,1,1,4,1,1,0,0,1,1,3,174,76,45,161,256,327,348,327,271,185,98,8,53,79,66,8,95,209,335,153,587,671,717,730,681,619,505,373,236,87,55,186,296,372,409,421,410,369,298,218,137,51,22,91,129,153,130,235,46,49,153,258,387,486,595,677,742,749,753,708,623,508,379,246,93,41,188,293,383,436,454,430,371,281,147,4,155,301,437,547,641,685,695,874,577,472,337,170,23,139,296,424,551,619,633,646,608,526,436,321,190,96,11,90,133,156,124,85,37,142,293,1001,596,741,864,973,1059,1095,1109,1048,971,30
49,7,710,692,640,558,454,312,169,11,145,1153,406,513,584,622,637,613,564,485,378,264,128,11,144,275,393,479,551,592,602,578,525,436,339,212,81,48,186,110,411,489,545,565,560,516,449,367,252,127,2,132,251,353,436,495,522,523,485,429,346,240,132,15,105,212,308,383,429,457,463,432,387,309,217,498,6,99,192,281,346,394,415,406,374,318,242,154,56,49,145,235,301,350,374,370,341,288,216,123,21,79,175,5,316,341,341,309,249,160,58,46,145,228,272,290,268,214,135,35,56,136,185,0,1,0,0,0,0,0,0,1,1,0,97,223,322,367,358,289,176,25,128,286,402,476,499,457,365,241,78,86,244,514,484,537,546,505,421,316,178,27,113,252,373,460,524,544,531,477,400,294,169,31,112,243,360,464,526,566,576,654,489,391,277,146,3,146,289,418,530,603,651,654,616,541,431,301,152,13,177,342,490,604,686,737,734,698,615,490,342,174,19,200,377,541,658,1001,806,793,752,655,528,368,193,9,200,383,549,670,763,807,809,765,681,552,396,216,23,160,341,506,631,729,783,787,753,673,561,415,259,79,94,261,418,1
41,15,347,359,349,325,287,226,188,121,37,484,74,130,180,222,255,276,280,276,259,231,198,163,112,69,25,8,65,78,120,155,182,191,196,212,199,193,191,1234,133,97,58,35,7,22,73,113,149,169,206,210,219,228,219,207,179,140,102,49,4,46,96,155,199,237,268,282,292,278,255,214,168,78,19,326,141,206,274,322,358,367,367,333,285,188,113,5,109,220,322,402,450,459,435,380,279,150,0,129,286,383,454,274,462,392,276,128,48,203,340,440,463,422,321,171,14,195,333,399,347,231,42,2,2,6,0,3,2,1,1,4,1,2,57,59,47,22,10,46,78,92,100,95,67,31,14,57,89,134,136,136,128,126,56,19,31,79,123,149,169,184,175,156,127,85,37,9,69,120,160,187,200,207,200,180,153,109,67,19,30,897,120,163,204,230,251,239,239,205,171,122,64,7,60,130,185,242,279,296,304,306,277,248,193,134,70,9,77,143,207,259,298,333,323,322,298,367,213,154,93,41,22,99,158,216,253,295,328,334,339,316,290,253,195,133,82,9,66,137,216,274,326,355,378,845,361,335,280,209,137,53,32,103,150,2
135,5,630,519,356,166,21,204,380,513,626,1008,686,659,580,461,311,143,29,196,353,486,581,636,641,600,525,414,275,118,47,213,356,474,567,601,612,579,489,1197,228,63,94,242,382,484,553,589,564,512,419,286,146,5,156,300,412,500,536,536,494,414,317,189,50,94,231,342,422,474,487,462,409,315,201,537,56,179,284,371,428,440,426,369,287,178,61,59,173,278,354,400,408,381,317,226,117,5,125,230,318,365,375,794,286,188,72,54,171,265,322,336,307,242,140,17,96,194,248,269,231,161,62,2,0,0,3,0,0,0,1,2,0,0,150,1,164,301,393,418,372,259,94,98,276,419,513,530,482,369,196,7,187,493,487,561,573,520,404,269,91,82,248,391,505,562,573,534,441,320,168,4,168,322,450,543,584,592,543,452,332,373,0,173,337,467,566,640,646,610,538,402,247,62,138,327,485,621,709,735,716,624,493,322,122,92,307,501,662,755,802,789,714,585,405,199,36,443,482,643,787,841,845,788,666,490,279,48,197,407,597,741,831,861,821,717,563,364,141,87,308,508,670,773,833,843,751,622,446,253,38,177,374,546,665,10
303,31,435,140,208,554,808,970,1043,988,859,222,340,35,277,555,779,913,955,908,768,557,265,36,335,599,791,898,943,852,689,453,181,118,405,630,810,897,880,1807,588,343,50,231,485,686,816,867,796,657,450,175,96,347,568,722,795,801,682,520,289,20,222,455,627,716,738,666,535,332,111,123,348,523,647,771,640,531,363,161,65,273,460,582,635,600,498,349,155,67,271,436,541,586,543,446,289,88,123,311,465,537,545,1217,328,129,84,275,432,503,496,394,222,33,162,330,412,414,330,176,5,167,283,1,2,1,1,2,0,0,1,3,0,1,348,132,135,377,561,610,539,323,55,277,537,714,759,654,439,147,194,492,712,1042,796,655,406,96,227,490,700,810,825,712,521,238,56,337,585,753,842,825,704,491,226,57,338,602,776,871,874,955,574,299,4,305,573,803,921,955,895,692,454,130,219,535,804,979,1068,1017,867,585,246,121,494,806,1017,1144,1137,987,732,400,2,394,737,1037,1172,1550,1121,887,557,158,260,647,965,1168,1261,1189,1015,704,321,96,499,848,1100,1240,1222,1078,817,486,102,311,678,975,1168,1141,1139,939,645,283,96,477,770,1014,1103,31
13,30,12,132,272,393,499,574,654,685,703,716,660,607,526,430,314,198,75,47,172,299,401,488,559,605,633,639,626,586,528,450,355,235,117,2,129,232,345,204,511,565,594,600,591,546,491,418,320,214,106,12,130,227,325,415,473,525,547,542,515,469,414,346,248,149,44,64,159,248,332,387,444,468,479,383,427,377,312,236,139,50,40,132,217,296,349,388,418,419,402,366,302,234,149,64,28,121,211,280,338,366,382,740,331,269,191,103,6,96,181,253,302,323,312,268,204,118,28,63,143,196,220,2,1,1,4,3,0,2,0,0,1,0,86,209,321,379,403,369,291,173,38,124,269,392,487,531,537,498,406,290,147,64,154,283,409,504,552,579,562,510,453,354,236,108,18,145,266,368,462,527,574,584,577,549,477,396,301,183,58,121,199,327,431,521,586,641,654,654,632,558,490,372,244,100,49,194,336,461,582,658,734,774,769,750,670,585,465,325,171,12,158,331,470,612,708,1060,853,861,836,759,674,564,424,253,87,90,265,418,563,682,779,837,866,846,804,729,622,497,352,185,18,149,313,68,575,679,745,788,804,781,741,667,580,7
26,50,314,254,125,62,255,401,475,461,384,283,220,220,285,362,409,361,219,27,307,554,710,736,649,475,268,61,97,191,235,223,176,126,97,91,98,86,44,530,60,50,36,190,344,434,417,306,131,76,280,450,587,640,575,384,85,233,458,531,410,142,184,459,578,518,282,36,365,614,725,685,541,362,202,13,38,26,149,366,641,878,979,861,533,58,417,744,822,640,278,108,373,419,234,119,494,751,789,580,199,235,587,895,740,597,435,314,237,134,61,368,694,903,856,530,42,426,677,645,378,22,258,11,4,19,29,26,7,12,15,11,25,17,87,15,147,266,339,332,257,144,23,93,211,334,461,543,532,380,103,214,462,525,487,290,72,70,81,15,146,233,227,127,25,172,253,259,193,105,37,26,78,175,271,297,220,49,179,359,441,346,197,27,199,252,163,34,261,433,491,411,208,24,230,346,356,305,238,211,237,293,325,315,237,124,12,140,255,332,369,369,351,331,321,325,328,165,196,31,152,318,426,468,458,417,369,335,302,267,228,157,76,16,125,223,309,378,436,490,529,552,538,478,362,95,41,267,443,552,571,497,387,288,232,58
164,12,435,334,9,390,596,490,149,154,276,349,146,183,275,240,15,410,681,611,170,398,760,721,317,190,512,529,297,9,168,193,133,87,99,100,40,63,124,544,12,14,115,259,232,20,365,567,449,52,418,699,630,213,344,699,614,131,406,585,284,240,540,357,168,608,607,162,406,717,586,183,233,436,451,707,265,53,294,683,813,489,233,901,1066,552,291,867,796,204,410,534,148,346,443,16,567,755,334,412,889,749,148,714,667,519,246,3,253,537,676,410,234,844,890,266,541,857,472,208,554,319,148,34,1,1,6,25,11,10,12,7,18,26,222,283,165,86,308,344,188,46,240,342,333,170,138,468,568,309,179,569,570,82,212,393,258,0,107,9,140,129,78,324,366,141,183,349,253,41,59,1,82,3,232,397,288,64,401,458,206,190,309,190,80,226,115,188,405,318,61,451,554,306,107,380,386,222,75,18,28,163,333,405,260,32,329,446,377,204,14,164,310,398,373,225,18,34,467,492,344,49,262,473,485,335,93,127,321,426,408,262,10,254,402,405,289,137,29,224,417,539,462,150,290,1020,735,480,29,396,575,495,245,16,96,5
2,82,235,331,441,518,543,522,435,322,221,72,162,217,308,393,431,395,283,93,132,361,553,680,718,667,553,402,256,119,29,22,26,7,23,39,38,18,5,15,31,86,161,218,243,208,119,4,165,329,483,609,682,683,589,404,153,117,351,485,488,348,92,212,491,657,681,555,328,61,174,334,401,409,390,1096,417,505,615,728,785,737,548,232,178,582,883,995,891,597,201,172,411,462,310,14,337,638,817,799,623,325,0,637,443,497,488,476,510,593,681,680,535,222,193,592,837,852,626,254,119,365,413,47,13,10,34,8,0,33,21,28,4,11,215,179,103,8,136,249,318,341,327,308,289,273,228,126,40,237,428,546,554,226,285,97,51,117,102,14,99,196,248,222,127,9,148,240,262,211,116,29,0,38,138,269,366,388,324,186,14,14,259,287,211,63,123,306,418,442,351,177,46,249,392,447,419,349,271,232,247,295,351,385,366,305,215,126,59,21,0,22,61,115,194,273,369,50,510,559,573,553,507,426,335,265,207,166,134,95,48,25,100,168,225,269,289,304,333,368,423,499,576,638,670,861,538,377,201,31,103,177,195,182,147,115
121,2,664,572,447,290,131,35,195,343,471,1196,650,688,683,645,577,480,361,225,76,75,222,353,467,551,602,628,629,591,522,419,302,162,13,132,270,389,487,621,597,604,578,518,440,327,199,64,76,213,335,432,509,558,568,551,497,426,319,199,70,65,186,297,392,457,498,504,486,435,366,275,167,50,66,783,279,360,412,447,450,427,375,300,208,99,7,120,221,310,370,406,415,396,342,270,177,75,38,145,242,316,362,587,364,313,236,138,27,86,192,268,313,327,298,234,142,40,62,157,215,241,223,0,0,0,1,2,1,0,0,3,2,0,186,304,368,373,317,205,60,106,262,404,484,513,481,386,256,93,87,256,404,663,568,571,524,432,303,158,1,158,303,421,509,561,579,550,484,378,260,122,28,174,311,427,519,581,603,590,541,621,348,207,63,87,239,378,505,600,667,678,676,612,510,372,208,39,136,305,463,595,701,766,781,750,665,548,394,217,24,173,367,533,681,780,837,1079,809,709,576,406,216,7,194,393,570,712,816,865,865,808,716,579,412,217,20,182,376,537,677,777,834,838,796,889,583,425,249,60,130,309,470,605,693,5
160,207,316,419,486,488,388,209,2,174,269,496,306,334,388,447,460,387,220,28,332,601,750,752,576,283,17,266,393,409,327,221,103,32,15,26,29,13,7,237,35,98,108,48,102,271,399,437,386,260,69,188,459,661,687,494,121,279,535,540,293,81,409,536,411,72,337,653,762,632,326,27,315,479,518,1164,485,498,485,355,52,405,858,1107,1025,594,20,567,837,738,358,99,413,411,114,319,664,724,440,69,577,873,858,223,228,75,254,357,461,595,679,592,255,273,759,956,741,219,335,632,561,227,132,42,33,6,5,30,5,7,17,16,33,9,57,64,211,324,340,244,70,119,268,367,401,383,281,85,194,474,634,586,332,246,306,411,323,123,42,74,19,173,265,239,66,144,290,321,229,83,7,0,99,207,226,125,98,328,458,417,224,70,246,306,180,54,278,358,238,41,355,552,570,390,130,97,195,178,131,129,214,344,442,431,273,45,196,364,425,392,314,249,214,203,196,141,22,203,363,528,599,540,377,166,31,172,235,258,278,335,403,449,427,323,141,61,236,364,441,477,491,462,390,279,113,502,345,538,633,596,458,274,106,8,66,39
10,2,308,433,517,519,428,283,129,8,63,183,77,59,76,137,252,418,578,706,738,663,484,242,14,243,379,435,406,337,247,180,120,89,65,51,41,31,18,344,10,47,103,178,245,275,227,114,56,251,435,578,654,644,519,295,3,289,483,519,375,98,230,486,605,543,328,30,277,519,641,646,548,402,281,376,194,185,119,56,343,684,972,1102,998,666,192,286,645,775,652,333,64,401,548,451,135,292,687,911,892,650,278,587,354,473,488,480,509,582,638,582,345,54,497,825,898,687,272,163,449,495,329,49,0,18,1,10,15,15,20,30,12,24,175,119,19,112,232,313,342,320,271,205,117,0,155,341,507,602,580,433,191,274,261,332,273,121,38,125,94,32,198,323,357,283,146,2,88,88,22,69,129,124,35,112,270,389,414,323,138,25,287,372,308,112,141,362,458,418,247,21,200,346,411,388,312,231,184,183,222,284,285,215,64,136,318,424,424,369,290,239,250,303,369,407,405,256,256,118,43,214,356,455,469,415,324,253,229,269,335,382,373,289,153,2,121,206,254,286,311,356,424,486,538,826,505,393,226,30,143,270,330,317,248,76
46,92,225,62,408,575,375,86,468,482,224,191,84,118,244,388,349,39,399,670,572,74,534,814,535,91,557,549,190,127,198,121,83,99,74,9,95,112,66,261,11,49,68,30,222,348,225,141,514,586,238,336,722,604,45,534,679,280,295,530,219,294,457,77,475,613,164,497,788,470,180,628,598,267,46,934,402,548,469,11,698,1044,630,341,1108,999,126,741,886,285,408,511,40,408,276,303,682,376,400,917,658,171,818,534,185,329,479,417,304,49,400,746,531,228,880,747,95,784,644,79,554,352,112,12,2,20,47,7,19,35,16,29,42,3,221,23,221,319,174,102,311,318,133,123,327,388,222,148,505,529,123,402,581,10,195,366,156,102,92,110,194,9,289,338,67,263,341,122,127,157,7,61,73,230,152,151,410,310,76,407,377,41,314,275,66,314,162,247,468,216,283,564,386,49,366,409,242,40,116,227,302,292,112,184,413,404,164,133,305,318,232,121,36,248,428,403,124,82,495,521,288,111,468,565,361,24,257,393,405,310,78,259,511,485,189,146,334,363,305,191,4,263,502,529,243,790,660,632,224,256,516,459,198,52,165,118
33,60,307,339,361,369,365,340,295,240,180,230,5,90,202,317,435,548,639,713,759,780,775,759,717,664,600,517,431,337,245,140,53,28,89,129,143,139,112,526,0,70,134,195,241,291,329,378,432,474,525,553,574,561,530,483,413,317,210,84,52,204,344,468,581,657,707,729,728,698,668,623,570,515,460,1019,384,376,400,445,511,592,677,758,830,882,907,905,870,802,692,552,382,194,3,211,401,574,729,837,904,922,887,818,713,605,503,432,390,392,437,516,610,717,813,877,899,865,766,615,424,228,42,0,13,32,54,14,15,3,28,7,22,11,180,149,124,102,87,74,67,66,79,101,132,172,211,235,241,220,178,120,55,195,67,110,132,133,116,81,23,44,108,172,223,249,251,233,190,132,65,9,78,150,215,279,330,365,373,352,301,134,119,5,111,220,307,384,440,480,509,522,536,527,510,484,442,392,338,285,241,201,174,157,135,112,70,24,42,117,198,283,360,433,499,539,582,244,589,574,538,495,441,369,305,219,125,22,84,194,291,380,431,455,452,435,396,360,316,284,254,222,190,156,115,437,26,21,67,114,149,177,201,216,226,113
43,4,691,732,741,705,637,529,408,259,110,939,196,334,459,553,626,667,672,648,587,508,396,267,131,18,160,293,418,517,591,626,640,606,559,473,373,257,119,656,167,297,414,500,563,594,596,571,510,427,320,191,57,77,203,321,418,494,539,557,542,494,428,338,227,107,25,142,254,347,421,471,500,493,464,44,322,222,113,2,116,224,312,384,431,449,442,407,351,264,168,55,57,164,258,335,391,416,419,383,317,229,120,585,118,224,309,366,390,372,318,227,120,5,108,207,275,306,297,241,160,59,42,0,0,1,1,0,1,0,1,2,2,0,193,302,366,369,319,208,69,94,249,389,474,511,489,409,288,134,39,209,359,633,550,574,547,477,366,238,88,68,215,345,457,526,567,566,530,460,365,246,107,37,176,310,421,516,573,602,601,676,489,381,257,119,31,182,332,463,573,643,692,687,646,569,453,321,168,2,174,345,498,626,720,774,782,750,673,558,412,240,44,147,336,512,652,1045,832,846,823,743,633,478,307,107,95,286,470,618,738,812,849,839,788,686,551,383,196,6,185,367,527,655,753,697,818,784,711,601,466,303,131,44,217,1
8,12,173,239,301,321,345,365,337,313,284,664,159,90,27,35,105,157,200,243,267,277,274,243,260,219,188,144,95,51,0,49,90,123,164,186,209,226,228,1090,210,189,161,119,96,61,15,45,84,137,168,197,222,237,248,255,223,208,160,104,67,7,45,106,155,199,240,277,279,295,281,262,215,154,86,255,67,150,228,290,331,377,367,347,298,247,156,54,72,172,288,363,428,453,436,391,300,175,29,119,258,387,468,636,462,393,284,108,53,222,371,447,473,423,306,141,53,236,368,400,340,198,5,2,2,0,4,0,3,0,0,2,0,0,34,3,42,77,89,93,74,34,4,52,85,121,144,130,113,74,31,13,67,906,149,169,168,158,130,91,23,25,70,123,160,185,209,201,185,159,108,62,19,33,84,130,176,206,219,222,216,241,158,109,84,14,36,96,147,190,229,253,275,274,253,211,175,122,62,15,85,155,212,254,300,319,325,315,277,226,177,101,32,44,129,179,243,1209,318,330,335,322,292,240,197,130,82,5,66,147,213,257,309,348,365,371,345,316,262,204,125,54,41,115,198,1178,332,372,403,391,374,348,278,218,149,12
7,5,344,378,355,328,276,213,134,56,42,454,198,252,286,295,299,274,228,192,133,65,10,72,120,177,221,247,253,248,234,210,156,106,79,12,36,102,130,214,209,232,223,223,194,171,124,59,7,42,97,152,199,226,234,245,228,206,158,100,47,10,91,146,198,254,280,291,273,236,182,112,43,59,138,468,289,328,350,356,316,250,143,42,73,189,289,377,412,415,369,288,173,24,122,267,391,450,486,441,338,185,18,515,322,441,479,466,360,213,15,187,333,441,447,379,214,0,194,353,377,315,120,3,5,1,4,0,1,0,2,3,1,1,51,68,67,20,12,55,96,116,103,85,38,18,67,107,140,148,136,103,47,197,76,121,169,175,165,153,107,48,10,69,128,165,198,209,187,154,107,50,9,76,125,174,209,217,219,197,159,41,50,8,69,137,203,222,253,237,241,209,160,102,10,63,132,208,252,296,310,297,261,208,130,42,48,131,206,271,313,327,312,295,255,176,100,486,81,149,232,273,320,333,316,302,258,203,128,30,36,130,224,291,329,355,368,356,303,252,146,63,37,144,239,1191,371,393,396,364,315,241,133,45,57,1
12,1,349,310,211,107,1,102,210,274,313,258,312,271,210,125,28,59,143,214,261,264,267,246,197,123,65,15,87,147,203,233,230,235,211,162,91,35,38,887,158,194,227,236,206,191,138,85,31,41,102,166,216,228,238,223,175,137,56,24,102,187,226,276,278,268,214,148,60,41,140,203,283,311,324,794,230,129,20,110,223,319,382,392,331,256,135,15,154,285,406,437,438,347,206,44,148,304,438,489,451,343,161,402,232,395,484,473,376,187,29,241,403,457,410,264,37,184,353,406,312,110,110,6,1,1,0,1,0,2,2,4,0,0,63,56,24,17,68,90,94,70,27,31,82,117,136,127,79,20,39,106,138,731,158,120,67,0,84,140,180,193,172,135,72,3,75,133,183,199,203,174,122,69,15,79,148,194,221,216,198,330,87,18,61,137,189,228,255,237,195,142,73,24,118,186,239,283,292,267,206,128,27,72,174,262,308,341,314,271,200,93,10,116,213,285,330,888,315,262,181,98,12,131,217,265,327,341,313,278,193,100,9,97,208,272,340,370,372,317,253,136,30,106,205,1225,372,401,375,324,243,123,0,123,223,2
23,3,288,232,164,104,33,38,77,136,198,200,274,296,314,316,300,282,266,241,181,137,97,57,15,34,77,114,156,180,200,217,227,230,227,227,210,191,166,1460,125,97,55,12,27,52,106,148,182,202,218,231,230,238,239,216,198,180,140,98,51,2,40,91,144,177,211,252,278,290,290,295,266,247,194,530,72,9,78,149,213,285,344,379,391,376,361,314,246,158,57,45,174,269,370,427,465,474,438,375,270,142,9,141,296,393,461,493,458,384,256,116,56,210,341,423,437,375,229,72,113,274,333,0,3,1,0,5,1,4,2,2,2,1,63,52,28,9,51,82,101,98,96,69,35,6,52,95,121,146,151,152,119,158,46,1,47,88,127,159,187,194,181,166,129,96,46,2,41,95,128,165,188,211,218,216,209,164,149,106,60,634,39,78,116,152,197,218,250,257,257,242,226,190,151,103,44,19,74,140,188,239,275,303,323,308,315,291,246,202,150,86,22,52,116,159,219,1199,286,308,325,325,322,296,269,234,184,134,76,19,45,108,168,218,280,322,353,368,376,382,356,329,283,216,154,488,2,79,145,209,267,310,343,381,398,8
234,1,87,36,208,399,525,572,494,348,182,217,12,21,47,11,111,309,521,681,725,630,425,134,179,442,595,600,479,301,131,34,5,6,2,23,31,47,30,506,18,15,9,70,176,296,417,456,413,267,52,202,452,651,730,629,356,23,360,525,473,211,128,412,531,449,187,152,473,689,716,595,368,141,25,538,172,277,475,716,883,864,583,97,459,884,1040,888,499,21,360,519,389,56,319,554,509,212,259,661,856,792,511,412,159,354,457,500,540,572,537,364,11,429,801,915,689,213,287,571,537,240,109,27,25,17,15,1,23,28,11,7,9,39,252,264,195,58,86,208,272,297,291,261,194,67,118,341,522,574,469,217,87,397,408,324,127,51,110,23,137,275,302,185,2,177,259,251,143,42,30,2,84,205,282,231,79,156,332,393,296,120,120,245,193,45,183,356,425,357,154,91,339,458,475,358,228,133,99,135,124,69,88,243,395,457,448,392,281,200,91,35,21,58,127,249,384,157,601,570,408,217,10,157,256,328,349,386,394,410,420,396,333,213,63,111,222,294,323,358,420,498,570,572,479,88,17,249,471,593,606,529,400,272,175,27
98,38,379,364,132,225,513,540,289,59,307,461,260,199,187,106,136,484,681,513,15,603,886,663,103,436,664,531,197,116,278,268,180,90,11,39,69,71,45,377,49,106,152,95,90,330,450,308,62,465,655,491,47,478,743,567,28,511,658,297,254,517,271,253,583,392,175,666,695,267,295,628,607,348,34,781,461,626,591,221,415,969,1000,382,524,1091,916,165,597,795,372,237,470,148,364,503,68,583,819,374,401,869,710,310,361,579,540,377,88,333,730,769,259,522,973,674,127,749,670,64,450,451,70,0,13,38,14,0,20,29,4,6,33,13,168,276,180,80,309,341,178,53,248,351,319,117,214,490,503,178,292,581,480,177,292,380,206,9,23,63,63,104,322,348,106,236,381,235,20,130,44,68,8,186,307,195,103,377,391,140,188,234,188,78,180,21,235,295,29,359,543,345,83,441,496,298,35,130,187,220,291,330,204,103,450,601,421,33,308,438,382,277,173,5,271,527,581,234,85,471,634,519,202,159,407,455,346,181,33,104,287,443,466,257,97,415,533,448,241,12,245,492,610,491,113,982,683,705,403,66,463,576,408,137,41,118
103,8,309,127,65,246,404,533,620,659,653,281,497,367,211,41,132,290,429,534,603,624,598,532,421,281,120,42,207,352,468,554,599,593,547,458,338,192,29,425,285,412,504,558,576,543,471,363,223,70,91,239,369,468,528,549,522,463,357,226,80,70,206,334,430,485,505,476,413,318,203,71,68,200,314,705,448,460,433,374,281,164,36,96,218,320,386,422,425,383,308,205,80,48,169,274,353,399,405,364,285,176,47,407,212,308,366,381,350,269,152,19,110,222,294,322,298,224,116,2,118,199,235,0,1,0,0,1,0,0,1,0,0,1,237,126,22,175,303,388,403,350,231,68,112,282,416,493,503,442,314,152,37,338,371,479,534,523,453,344,193,28,139,291,417,501,534,523,456,353,220,69,96,253,386,488,545,558,520,442,328,386,16,154,312,444,542,602,609,571,486,352,195,11,182,357,502,616,681,692,642,535,383,200,9,217,409,571,692,748,747,687,569,402,205,14,241,694,621,733,798,787,717,598,424,211,16,236,445,614,734,791,792,727,599,432,229,8,206,408,577,696,769,773,722,868,456,268,61,146,341,509,633,706,728,1
12,4,132,39,44,126,194,256,313,327,331,432,303,259,195,132,56,8,72,129,183,229,247,258,258,249,214,198,151,95,39,0,51,94,138,171,203,212,218,1050,205,183,150,113,60,16,32,84,118,173,197,214,223,224,216,202,171,117,54,1,56,112,166,221,263,268,268,263,242,190,133,66,15,84,174,270,306,342,346,336,305,240,156,53,42,159,261,344,397,424,413,347,275,128,19,147,290,395,462,492,439,355,201,41,122,284,414,482,470,396,262,108,78,263,387,442,405,281,101,110,272,359,314,4,2,1,0,6,1,2,0,4,0,2,59,35,1,44,73,90,94,70,40,0,49,92,122,134,131,103,73,16,41,856,136,162,173,160,134,84,32,21,70,121,170,189,197,180,157,122,82,17,33,92,143,178,204,208,208,189,161,185,66,3,49,109,174,206,239,256,248,226,204,152,89,19,49,119,183,235,288,309,314,289,250,188,134,54,42,119,186,245,282,325,329,325,279,235,170,105,33,47,132,190,240,290,318,327,321,301,263,210,137,53,23,116,189,260,320,356,372,371,353,304,235,261,60,39,132,211,291,356,382,404,390,1
1,16,7,85,176,235,293,325,345,341,303,579,213,147,84,14,67,127,178,216,250,270,269,260,242,205,153,105,46,1,60,105,142,177,200,212,215,213,201,1287,146,98,55,13,39,92,136,166,211,220,230,220,208,183,156,105,56,3,60,121,164,215,237,264,261,251,224,184,130,73,9,80,155,219,274,501,320,322,299,238,158,73,36,133,232,311,384,409,401,349,277,161,32,106,249,352,441,475,455,385,271,118,46,99,361,443,478,450,349,196,18,163,321,424,449,395,254,65,136,299,373,332,191,5,2,5,0,5,1,1,2,6,2,2,51,23,9,51,78,86,79,55,23,23,72,106,128,132,117,87,40,15,70,934,149,166,167,146,111,64,4,55,106,152,183,190,185,158,128,81,28,31,82,129,170,197,216,214,192,158,113,684,4,50,108,162,201,229,247,247,231,196,151,87,21,49,120,178,237,280,300,294,278,240,185,120,41,54,129,202,260,301,318,319,308,265,229,272,79,4,81,148,220,272,301,333,332,317,286,234,177,104,25,60,143,223,281,327,368,372,359,323,271,201,126,711,76,172,255,321,363,385,387,364,323,1
4,2,380,442,445,427,380,359,330,261,190,812,24,24,108,178,248,299,301,323,336,348,339,282,273,246,186,133,84,6,29,64,135,167,192,245,248,292,297,1037,298,246,247,215,155,125,62,14,48,115,147,177,210,250,311,337,322,301,261,248,235,172,123,48,19,69,152,225,289,313,391,402,383,374,356,926,215,145,32,63,172,260,386,449,473,522,520,478,380,270,149,28,137,275,428,530,595,602,563,485,335,184,27,279,387,496,576,582,551,409,237,62,138,326,469,533,495,372,172,41,251,375,383,8,11,0,11,6,0,7,1,5,2,3,80,37,15,59,103,110,103,82,56,2,29,92,129,164,171,175,133,97,32,839,93,149,174,210,219,245,234,163,104,45,33,66,117,164,205,255,263,247,242,204,144,117,43,31,80,137,188,1196,260,252,298,304,267,233,184,150,88,19,77,155,220,248,310,352,366,354,371,356,289,200,151,61,34,138,186,281,324,339,403,420,403,373,372,107,197,135,75,37,121,171,254,303,353,401,421,432,414,407,382,313,250,182,83,15,88,163,257,331,433,434,494,1126,472,468,406,296,235,150,62,54,139,9
11,7,254,184,103,17,60,136,211,263,309,127,323,307,284,245,187,134,70,2,71,117,167,202,242,257,259,252,224,198,159,117,66,25,26,69,110,148,188,223,229,222,218,204,177,142,101,54,14,44,93,141,174,201,227,236,229,212,192,166,126,59,1,66,122,177,217,258,286,290,271,243,187,133,54,556,103,190,260,318,354,370,353,307,233,157,46,76,192,293,380,425,442,409,338,231,98,53,209,336,438,481,474,351,298,135,37,204,346,442,465,428,318,149,33,213,355,418,388,252,60,136,274,12,1,0,3,0,4,4,4,0,3,5,47,25,16,55,78,95,84,59,21,22,67,102,121,131,118,92,52,2,58,959,139,161,165,154,121,78,20,29,90,132,169,185,193,185,161,124,81,24,41,94,139,174,196,213,206,192,162,388,71,16,46,104,154,198,239,247,252,235,211,157,115,52,15,90,153,219,263,298,311,300,272,226,179,98,19,59,130,193,259,308,322,332,321,373,224,170,89,28,48,118,195,239,284,316,335,326,307,266,225,150,77,4,89,168,252,308,352,381,382,360,329,112,192,98,5,99,183,260,316,357,374,5
34,4,373,365,327,293,244,195,149,82,23,544,103,147,192,222,258,269,281,286,283,270,234,220,185,145,110,72,23,11,55,91,124,144,170,188,205,223,224,909,212,200,186,165,137,107,77,45,6,34,79,118,156,173,200,225,235,248,248,242,225,198,173,132,91,47,2,59,112,162,213,251,281,301,315,792,298,264,228,168,108,35,57,134,217,290,349,398,417,412,386,335,264,160,41,80,203,309,397,456,488,471,417,184,194,56,93,229,352,430,461,451,375,249,94,78,232,356,405,381,265,102,71,4,0,0,2,6,0,4,1,2,0,3,60,58,40,5,31,63,93,104,101,89,56,26,19,59,92,129,144,149,142,357,90,48,2,46,99,137,166,187,191,187,168,140,106,66,27,22,59,105,143,176,193,206,203,200,186,173,136,216,53,14,33,80,122,168,202,230,245,251,259,242,232,196,156,101,55,3,72,118,172,226,261,304,314,325,314,294,269,236,179,124,60,0,54,1106,176,225,260,290,314,326,324,317,304,275,238,197,148,90,40,31,89,150,213,271,315,352,367,390,376,363,331,254,233,175,98,26,54,125,188,245,293,1
34,20,319,390,453,524,562,582,563,528,467,449,350,313,307,347,420,537,667,783,860,880,836,724,559,366,180,22,84,137,142,105,59,7,19,20,7,10,32,275,13,39,102,180,258,340,406,467,507,531,519,478,384,247,64,125,325,479,576,587,512,348,128,134,381,593,728,783,750,646,501,351,227,145,120,19,181,218,215,151,15,192,438,696,923,1071,1109,1012,809,509,171,147,388,503,475,303,31,288,601,831,954,943,837,460,498,354,294,287,323,332,286,132,94,385,657,850,897,796,558,259,40,249,351,3,7,5,29,8,4,5,15,40,59,16,45,141,231,296,331,331,321,307,306,310,317,316,279,203,80,68,236,387,487,406,480,371,233,85,7,48,14,72,194,297,376,391,357,280,182,87,31,4,39,104,213,312,412,458,450,378,252,45,67,191,243,224,122,25,205,368,498,569,588,549,476,391,304,245,204,213,247,315,372,434,447,444,388,334,240,187,128,127,119,167,190,221,221,102,200,173,105,53,33,83,138,130,132,85,49,3,10,2,56,96,155,192,223,213,216,207,218,232,284,351,438,1067,612,679,717,719,682,609,511,417,324,10
69,99,45,122,197,253,320,353,376,366,349,434,231,148,39,63,185,307,426,516,599,677,713,726,715,680,615,542,436,336,239,146,54,15,61,100,118,123,104,415,2,47,124,201,299,382,449,512,589,625,638,645,661,652,620,592,585,563,525,486,464,434,386,351,333,307,288,289,299,305,326,344,374,390,416,858,472,487,521,559,592,617,642,673,696,691,681,677,658,619,574,531,484,422,345,271,203,130,51,16,60,86,97,552,23,61,163,278,407,540,653,738,800,825,793,730,632,501,355,204,66,55,149,8,2,21,14,28,3,24,10,8,12,17,81,101,120,130,127,121,113,81,35,11,62,118,170,211,233,241,241,224,188,161,102,52,13,25,56,85,103,116,116,118,106,93,76,60,31,4,16,40,59,68,79,72,57,32,2,40,91,42,189,248,303,347,392,424,456,479,489,488,496,479,460,427,391,341,280,212,138,65,16,98,158,217,270,306,322,336,329,295,257,211,145,70,11,280,159,237,314,369,390,417,439,411,368,317,260,183,81,9,89,169,264,332,366,393,430,422,386,338,290,215,119,421,48,125,194,255,269,287,292,258,212,105
154,28,1047,1032,941,778,566,311,43,226,476,1675,848,948,983,942,844,689,495,263,13,239,469,666,814,902,924,883,786,633,438,205,41,286,506,683,821,899,908,1870,714,536,332,102,129,357,559,715,821,860,837,742,604,418,202,29,252,462,625,739,792,786,723,608,449,245,29,184,375,538,655,727,736,692,587,324,254,57,141,324,485,602,672,681,636,524,384,208,16,181,360,506,601,641,623,550,427,261,66,131,319,468,573,998,580,485,333,144,57,257,419,518,542,497,377,200,6,182,323,410,414,346,210,4,1,1,5,0,0,1,0,0,1,1,443,357,182,45,281,478,605,636,555,391,152,116,382,597,736,774,708,563,337,3,194,440,637,758,800,764,642,466,250,6,235,458,642,759,808,789,705,558,366,136,104,332,539,703,813,855,834,960,586,383,150,92,339,564,755,890,957,947,868,703,478,214,66,349,609,827,986,1063,1064,983,816,583,296,15,328,613,861,1042,1152,1165,1091,935,693,315,66,270,587,853,1055,1182,1217,1156,1008,780,495,175,162,489,776,1006,1152,1208,1176,1048,851,591,290,33,355,649,893,801,1153,1147,1066,909,692,428,136,167,445,19
60,38,324,460,573,644,695,706,700,650,576,129,372,249,113,28,166,297,409,505,584,635,659,648,614,545,462,361,243,115,15,151,278,389,486,554,602,627,620,1299,519,430,320,198,74,60,184,303,408,486,552,583,590,569,524,450,352,248,121,4,128,245,343,427,494,527,537,518,471,406,326,230,120,7,109,765,309,385,443,476,486,465,426,361,281,177,73,37,146,250,335,399,434,447,431,391,326,247,140,29,88,198,292,317,408,418,397,340,260,148,28,91,197,285,337,351,324,260,169,61,51,145,213,1,1,0,0,1,0,3,0,1,1,0,320,303,230,119,18,165,297,401,457,469,418,319,186,25,135,282,406,493,541,667,503,421,305,169,17,125,259,376,470,530,558,547,508,439,342,233,109,23,158,286,395,484,544,582,587,564,512,609,328,200,69,67,204,333,455,551,629,665,683,648,588,492,370,232,82,76,234,384,524,639,719,766,772,743,672,571,438,283,111,71,247,418,569,959,788,833,840,795,728,619,482,319,139,44,229,400,558,676,775,829,846,813,747,644,519,366,202,20,158,328,482,318,698,758,787,776,739,660,564,430,297,18
60,32,493,636,719,724,679,580,439,261,64,1011,317,473,587,656,670,632,544,417,251,67,121,297,443,561,624,645,612,522,399,235,58,127,302,445,554,620,629,1292,488,356,189,12,159,326,460,556,597,587,532,425,287,127,46,216,360,476,548,570,535,454,342,204,41,122,275,395,479,518,517,469,372,246,100,660,198,321,415,472,479,448,374,260,124,25,163,289,386,447,458,427,346,235,96,47,190,311,398,435,421,365,259,734,32,175,296,377,412,380,300,168,19,126,245,320,338,298,203,80,54,166,237,1,0,1,0,1,0,2,1,2,0,2,318,277,165,6,165,313,412,441,390,265,86,111,298,446,528,530,448,309,128,167,264,423,526,562,525,443,300,127,55,231,386,496,553,558,499,396,256,89,90,265,412,520,574,583,533,438,303,338,59,244,403,528,610,645,615,528,399,218,30,181,374,534,645,709,708,642,513,330,117,106,331,526,677,766,788,738,624,454,233,10,249,477,652,1055,844,823,731,560,355,113,139,385,599,745,833,846,791,662,475,244,5,246,465,648,771,825,810,718,571,373,148,347,314,509,656,747,783,750,659,503,317,16
18,24,308,383,436,463,477,470,440,402,347,380,216,156,85,33,7,31,40,39,14,5,38,68,91,107,108,101,81,50,21,8,47,69,102,119,135,133,117,385,49,7,80,155,239,312,387,458,515,564,614,647,672,689,694,675,644,592,508,408,282,146,3,155,297,426,535,611,657,668,652,615,545,462,369,991,182,101,41,10,5,39,96,180,275,375,462,533,574,587,561,497,404,270,112,62,239,414,571,695,774,806,786,743,640,536,432,355,312,317,365,457,566,683,785,847,863,817,713,567,393,206,43,45,10,25,34,12,39,5,22,18,15,26,170,177,171,159,142,123,106,108,120,138,172,208,233,248,251,226,177,106,38,228,105,153,175,166,131,71,4,85,177,236,288,320,332,310,262,197,108,0,99,196,273,326,343,331,283,219,132,65,41,128,198,262,312,346,363,365,348,323,284,242,197,165,151,154,178,211,260,302,347,379,392,390,368,333,276,211,136,57,23,101,186,261,334,264,464,505,538,545,538,505,466,411,361,312,276,240,212,181,153,113,65,4,72,149,230,306,383,448,509,579,632,1092,705,721,708,664,601,503,387,270,137,13
109,160,275,373,457,520,554,568,552,514,447,520,263,152,33,81,193,288,370,436,483,516,526,528,511,494,464,422,382,333,279,221,174,134,94,65,52,39,33,240,16,7,0,9,20,25,23,24,10,0,10,18,13,1,23,59,117,168,230,294,351,401,441,469,482,487,476,454,425,397,366,346,335,336,359,808,464,544,636,730,823,904,972,1025,1050,1060,1040,985,904,790,649,465,269,51,171,385,578,742,862,939,964,945,890,711,708,613,533,482,469,487,550,634,732,821,886,911,889,810,682,519,337,153,15,23,25,3,48,9,39,9,4,24,0,19,211,248,277,297,319,327,338,350,364,389,424,464,506,547,574,589,585,560,512,50,369,277,173,71,19,99,162,205,219,210,178,143,96,50,15,4,9,3,28,68,104,144,179,205,230,243,248,169,235,198,148,80,3,90,191,276,351,402,422,411,371,305,215,121,24,68,154,232,297,356,397,431,449,445,430,392,331,265,185,104,28,47,112,227,214,259,300,342,374,408,429,450,462,457,442,415,373,322,265,203,130,55,23,94,186,269,341,417,486,546,597,1164,658,670,662,629,587,514,429,322,211,39
138,73,0,80,201,348,489,576,591,523,403,262,155,116,163,270,396,481,487,396,210,28,284,499,653,717,689,583,434,281,149,61,23,35,66,72,76,52,21,114,0,34,97,165,231,267,255,198,94,61,235,404,560,648,654,558,358,99,176,393,489,434,233,56,359,593,706,669,515,282,31,171,301,349,349,988,346,428,572,747,882,910,780,484,63,380,740,925,903,682,336,35,306,412,321,59,301,641,859,893,728,419,61,738,418,471,449,422,458,560,684,724,618,329,85,502,783,845,660,323,35,290,371,36,14,11,36,6,18,6,18,23,15,30,173,272,330,320,242,120,17,133,222,303,369,438,484,484,402,256,39,196,390,317,491,378,209,44,66,72,18,156,297,369,350,234,69,82,169,173,104,5,77,93,27,93,231,343,387,357,241,120,74,192,233,179,30,161,354,462,473,370,189,6,141,214,221,181,136,132,163,228,306,361,400,407,372,321,258,189,132,96,89,95,101,79,8,108,241,367,464,512,506,474,441,408,401,401,393,377,335,280,208,115,13,82,166,235,272,299,332,380,455,535,621,1191,672,610,502,354,196,58,40,78,76,109
289,7,53,17,112,227,337,426,480,474,406,353,189,118,112,192,329,503,650,742,737,646,479,259,27,186,342,424,440,402,323,233,161,110,88,88,88,73,33,552,78,107,103,55,40,158,274,395,498,572,607,597,528,387,183,68,331,535,636,619,460,195,118,407,617,693,629,445,192,71,293,433,484,474,430,1127,415,492,614,743,819,787,616,324,53,428,732,891,885,708,415,63,256,463,503,359,64,306,640,863,913,798,571,173,87,58,124,156,208,319,501,723,896,931,781,446,16,394,653,692,524,229,72,11,27,4,19,33,15,18,5,18,3,27,218,204,150,66,39,145,243,324,378,412,416,403,355,276,153,7,183,360,492,303,478,330,127,51,145,122,2,167,307,364,330,223,84,27,87,95,50,27,98,137,126,59,52,192,311,380,373,284,141,31,177,255,231,119,63,247,416,502,524,470,371,263,168,114,102,118,146,160,142,86,11,124,243,325,354,336,271,204,171,183,255,353,455,148,554,538,487,430,350,280,209,146,94,53,25,11,1,22,64,124,189,256,301,335,338,353,378,414,471,526,572,1080,590,537,439,300,165,39,32,41,15,93
29,49,343,411,447,464,433,391,323,271,194,297,133,137,160,208,265,332,406,494,579,647,704,743,735,700,647,561,472,383,301,224,156,95,50,14,13,27,30,189,22,33,58,108,184,268,344,419,484,529,566,587,609,632,642,638,608,560,462,335,164,19,210,389,546,654,725,748,725,680,605,531,466,422,396,799,458,538,656,779,899,993,1048,1034,965,836,663,456,247,46,141,277,383,428,409,324,184,2,197,397,558,667,711,886,630,541,462,402,402,450,564,700,841,946,984,937,791,576,305,45,174,309,353,2,4,65,4,1,0,9,9,2,5,31,74,111,152,191,237,285,331,361,391,412,437,459,493,533,574,607,622,607,551,124,334,203,71,28,91,97,47,34,141,241,326,371,368,340,269,175,72,22,109,169,209,201,164,101,7,89,190,150,299,289,254,157,50,84,210,329,432,489,527,513,488,412,346,247,179,106,72,62,74,112,138,191,211,221,195,157,92,18,66,148,231,300,355,268,411,429,419,411,400,389,383,373,369,373,378,392,405,430,451,467,472,467,451,420,383,344,310,274,256,235,231,717,233,238,244,249,237,225,179,126,43,50
30,63,397,478,539,583,595,587,555,496,418,460,207,84,44,170,288,392,474,537,574,593,593,582,565,536,502,458,401,337,270,198,133,86,50,34,28,37,48,215,52,52,50,39,37,36,44,55,69,90,106,122,130,124,110,88,33,29,113,208,308,397,482,542,587,604,606,595,576,554,531,508,491,489,479,987,500,527,570,625,688,761,832,897,952,977,983,954,895,797,658,491,298,85,128,339,530,686,809,883,918,908,863,518,699,606,519,455,429,438,499,592,705,819,907,950,934,865,732,563,388,220,81,6,20,8,15,8,9,5,20,25,18,9,263,298,321,335,352,364,376,391,409,435,461,495,526,562,592,612,618,609,575,183,443,349,239,126,20,73,156,212,243,251,232,200,156,106,51,19,8,18,15,2,30,64,101,145,184,218,249,157,280,265,230,192,125,55,22,86,149,200,226,227,212,173,119,50,20,106,191,274,353,419,467,490,502,486,449,392,319,236,154,64,19,100,177,353,305,351,385,410,425,437,433,429,415,392,368,334,281,223,146,73,11,99,182,252,320,377,425,467,505,540,571,1109,612,604,589,553,490,420,322,209,82,34
120,35,307,445,521,454,215,108,389,505,418,215,108,77,118,100,77,357,619,709,512,91,389,731,793,560,172,196,404,415,294,149,33,13,14,28,43,48,44,535,2,61,181,294,293,122,166,452,586,519,271,73,427,658,658,385,72,489,630,392,50,426,476,160,308,625,599,230,272,643,731,526,187,113,299,1074,476,563,560,347,103,683,1082,1044,516,274,915,1053,653,16,535,595,220,275,515,311,207,688,794,437,185,706,854,159,204,152,353,460,558,595,420,54,652,1003,814,148,581,897,613,7,468,515,200,0,33,10,27,38,40,24,14,31,26,38,85,62,249,343,274,66,178,335,378,320,180,35,294,504,542,325,60,428,578,122,115,175,269,176,17,42,46,201,268,153,81,295,346,217,5,114,94,23,102,28,165,350,356,142,185,404,392,116,150,282,157,122,345,318,25,353,581,507,190,174,405,426,306,175,108,80,25,109,303,460,475,348,83,192,383,449,387,265,156,74,9,132,322,208,539,418,138,189,424,519,459,330,181,41,97,224,335,416,430,349,186,52,293,459,517,463,330,163,22,246,470,1158,647,440,95,266,506,569,474,326,172,49
318,53,363,454,501,540,568,544,503,445,369,552,175,73,36,141,228,316,395,430,464,487,483,479,470,439,406,379,345,290,250,211,157,126,106,67,46,45,6,27,56,107,181,238,284,348,407,427,456,484,477,478,494,501,509,530,557,561,568,562,511,441,367,256,132,22,87,191,254,294,311,302,263,201,117,291,107,223,351,452,528,580,591,557,497,405,278,138,1,133,260,348,414,446,441,393,327,224,110,8,108,200,257,662,250,197,108,4,84,149,174,138,45,97,261,433,583,680,712,685,592,457,296,51,3,17,33,35,32,8,17,1,4,24,210,252,285,310,319,323,313,313,318,332,360,401,445,486,513,517,491,437,357,33,161,67,17,71,104,104,92,49,2,49,103,147,165,172,155,116,51,20,92,178,260,319,371,407,402,383,345,246,173,62,47,176,287,372,437,487,493,486,482,449,423,396,364,327,292,258,228,198,179,170,158,159,144,119,87,28,47,124,210,293,367,436,485,195,550,562,569,552,519,480,421,349,274,182,97,19,75,153,225,296,355,406,431,468,483,487,498,509,501,508,518,992,474,449,407,356,300,235,158,85,9,70
84,71,366,484,435,205,126,428,567,504,295,84,92,143,166,255,410,520,445,127,320,691,794,593,175,258,540,582,406,138,93,190,179,124,74,58,32,6,11,112,122,152,70,120,329,441,365,139,174,433,573,520,282,87,442,632,527,155,281,521,399,11,440,561,256,289,728,772,397,170,611,756,599,304,20,687,375,548,669,609,272,284,825,1049,786,138,545,884,712,189,326,495,238,214,497,355,133,656,830,517,117,688,879,209,206,197,438,557,598,507,189,339,830,932,490,257,808,800,271,331,566,328,91,3,21,67,27,29,9,17,27,5,10,10,24,165,314,292,94,156,320,346,250,84,125,336,471,418,147,237,538,592,345,332,352,431,274,32,108,63,72,141,39,178,348,308,81,153,248,153,8,34,71,208,216,29,257,451,401,118,231,232,330,40,231,260,31,277,415,243,125,454,536,355,71,156,244,250,239,247,249,184,34,188,405,507,435,207,83,290,354,307,242,212,187,86,123,117,516,495,305,26,235,414,468,406,267,106,39,167,290,410,478,411,213,76,345,497,517,432,277,92,129,348,522,1132,501,239,107,430,569,501,290,78,38,51
144,18,315,284,105,195,485,624,524,252,38,478,233,185,197,302,418,416,208,161,526,732,688,389,24,386,579,550,341,78,127,200,169,111,70,58,45,26,15,10,85,132,119,1,197,394,473,393,143,182,474,636,601,358,38,432,657,572,202,266,527,415,1,452,646,433,57,555,802,692,312,136,469,589,538,766,284,136,100,448,781,910,658,66,615,1044,973,447,220,657,633,232,238,436,220,255,648,660,248,362,814,875,536,442,379,567,573,506,383,143,260,705,913,670,27,648,924,641,27,477,565,283,84,25,26,4,3,12,26,24,17,65,1,1,195,160,7,194,344,342,186,47,262,385,410,323,120,179,478,633,519,152,280,380,522,252,43,177,112,22,68,38,213,309,246,51,147,234,185,74,8,41,132,179,91,121,336,428,286,6,284,238,228,51,246,210,18,299,412,268,51,363,491,403,190,26,154,212,234,264,295,284,191,7,241,451,535,440,209,36,208,276,275,288,324,330,239,338,230,449,542,478,292,64,138,263,321,337,343,313,239,88,125,362,519,550,435,218,30,246,399,481,497,445,294,228,256,530,647,572,330,25,208,300,275,66
60,71,300,369,403,397,350,283,203,127,66,118,48,101,191,309,422,517,571,588,555,490,393,287,171,70,25,106,165,184,185,156,110,54,6,18,27,18,5,337,40,26,23,103,200,298,366,421,449,461,484,506,543,568,556,491,372,200,7,180,336,431,460,411,303,141,52,254,432,570,650,657,618,547,469,1025,397,430,512,628,765,899,987,1032,1008,900,719,491,231,24,235,371,405,327,153,97,374,628,830,938,950,879,747,104,446,338,280,274,298,322,309,223,64,175,451,695,853,877,757,523,245,14,188,27,47,19,15,22,25,25,12,12,9,25,117,172,234,299,353,389,401,385,361,339,324,322,306,269,197,78,81,243,381,337,502,464,370,246,113,1,72,107,92,40,35,116,180,209,194,142,57,37,118,168,165,112,25,82,195,299,368,373,363,277,139,23,193,340,442,479,456,383,283,177,85,32,12,25,62,111,169,214,249,268,256,221,160,92,30,5,23,2,43,91,140,174,190,270,183,174,146,125,92,56,34,23,43,80,133,189,243,274,284,276,253,215,186,158,153,164,186,218,257,285,295,390,250,210,167,112,56,8,19,27,10,66
130,3,670,583,451,279,91,97,280,437,561,905,668,657,587,478,332,166,7,185,339,479,572,628,633,586,503,381,234,65,110,274,421,526,602,620,600,536,421,1117,107,68,238,383,500,575,605,593,523,416,275,108,59,222,362,485,553,589,561,493,385,246,94,66,219,355,460,519,537,509,443,340,206,58,93,735,354,438,486,495,459,385,273,141,3,150,275,381,445,476,457,396,292,164,19,123,255,363,437,459,430,353,238,689,59,205,327,408,435,401,311,180,28,125,249,336,360,329,237,115,28,152,236,0,1,0,0,1,0,1,1,1,2,0,264,327,323,246,115,49,215,354,435,456,391,267,94,98,275,423,505,531,477,406,217,39,146,313,438,514,532,499,422,294,139,36,201,345,456,523,552,523,451,326,178,15,150,306,431,525,581,690,532,436,298,141,34,212,375,513,613,655,646,578,460,295,109,89,286,459,606,695,735,710,625,486,296,86,138,348,534,680,768,796,754,657,488,224,52,180,406,590,732,815,829,771,654,478,264,33,200,423,609,749,823,822,763,631,457,248,21,212,425,598,726,766,794,735,611,450,253,40,171,369,531,11
58,53,717,876,1009,1100,1113,1033,868,637,391,10,109,143,260,429,567,615,544,350,52,285,629,922,1131,1238,1225,1074,862,607,352,163,60,36,42,88,133,134,114,871,18,10,23,130,292,502,679,815,873,883,878,861,825,694,439,63,380,785,1034,1035,762,298,278,822,1253,1477,1479,1246,856,354,134,513,730,775,688,1892,500,563,766,1112,1475,1773,1903,1814,1490,955,300,342,869,1165,1176,884,350,276,881,1293,1387,1154,628,63,713,1216,1471,1359,1349,1143,976,897,928,982,978,814,411,190,884,1467,1766,1640,1142,433,227,640,694,60,14,32,67,62,11,15,52,2,19,87,242,392,500,558,562,489,353,190,17,143,303,471,679,907,1133,1266,1264,1081,745,151,108,423,544,477,265,16,255,374,363,200,28,251,424,491,450,318,133,27,108,42,162,461,779,1014,1086,989,713,305,63,379,561,562,379,40,352,718,958,1038,927,724,470,261,156,122,173,245,332,374,367,270,89,149,376,564,637,595,506,381,309,322,431,597,762,40,1008,1058,1043,977,890,779,662,573,536,554,612,698,761,770,697,564,371,192,58,47,94,130,158,196,223,271,341,1485,641,822,994,1093,1096,1003,833,635,502,221
5,65,752,717,413,87,669,1112,1273,1115,741,204,103,21,61,52,128,491,921,1271,1348,1073,516,180,792,1180,1233,987,543,95,233,354,300,162,42,16,12,58,76,945,149,224,310,381,422,349,168,105,424,743,977,1027,819,339,330,923,1229,1067,480,291,894,1030,591,236,1072,1529,1384,670,308,1151,1568,1468,1013,489,99,722,127,282,637,1144,1568,1624,1135,189,928,1771,1993,1472,444,583,1141,999,255,628,1150,972,163,916,1727,1869,1296,277,709,1780,1379,1123,817,621,450,127,479,1244,1772,1688,864,359,1385,1707,1204,233,619,910,609,77,14,14,25,21,10,66,48,2,2,11,225,467,621,546,250,158,522,734,774,672,477,168,255,727,1098,1192,918,324,348,823,974,720,277,88,193,26,233,408,325,13,373,643,655,432,137,76,93,60,219,220,15,400,752,859,636,154,366,618,647,305,179,531,560,219,333,817,1006,820,365,157,519,656,597,495,444,503,559,508,261,152,632,966,1081,886,540,204,3,40,18,74,299,635,942,337,949,594,137,246,534,652,645,611,605,610,630,569,404,136,244,641,951,1108,1041,843,546,282,67,140,380,666,944,1989,1133,923,555,106,319,601,702,643,536,163
51,62,596,686,765,808,807,771,721,598,465,832,124,83,311,541,746,962,1171,1317,1445,1539,1558,1518,1449,1353,1218,1047,894,732,542,378,239,101,27,115,146,177,157,1023,10,107,239,378,506,633,752,863,955,1043,1119,1175,1231,1265,1276,1238,1198,1114,978,826,636,428,177,64,286,532,725,880,977,1015,997,886,711,507,241,971,343,630,912,1151,1340,1468,1556,1597,1562,1462,1318,1109,849,547,233,103,436,742,992,1195,1342,1414,1418,1363,1258,1124,976,67,781,746,783,889,1057,1258,1472,1652,1804,1859,1803,1641,1382,1044,668,294,43,314,483,31,96,15,25,20,6,49,18,32,45,4,394,405,423,448,457,464,484,495,527,556,615,695,775,852,950,991,998,956,853,120,549,369,192,16,113,198,243,252,230,169,110,54,16,25,23,20,37,80,140,237,307,390,476,557,623,675,714,564,702,623,534,400,229,53,126,297,454,546,606,611,563,464,318,152,37,237,433,604,744,870,956,1003,1004,958,883,763,607,438,251,43,154,352,527,705,821,895,953,973,962,916,831,726,602,472,341,213,76,45,136,250,373,485,582,716,811,899,973,1011,1023,992,947,1922,772,649,549,445,320,222,132,19,95,159
103,52,254,372,487,521,447,274,29,186,308,482,243,168,152,235,379,520,582,499,256,83,426,670,773,717,520,249,6,183,242,207,134,67,42,35,45,46,51,376,69,102,135,187,241,254,229,129,43,252,455,587,587,457,195,131,414,549,490,260,70,363,513,448,175,204,572,779,756,519,162,187,417,487,442,1063,354,423,518,513,336,29,486,889,1085,963,561,22,468,713,644,314,111,409,450,200,235,653,859,749,379,93,476,844,634,508,387,324,284,168,86,455,797,919,717,238,321,712,760,484,59,280,380,43,18,6,1,1,29,17,1,7,22,18,223,201,91,87,270,385,390,298,159,6,139,275,399,484,482,367,131,168,432,454,500,293,40,135,159,57,86,167,130,15,188,305,316,220,75,50,80,28,86,166,148,16,190,373,441,353,135,25,296,316,171,69,290,377,285,45,248,483,563,468,277,72,59,96,76,51,77,173,323,462,527,474,300,78,124,247,275,249,224,227,273,343,381,116,285,133,64,252,384,423,392,320,276,273,302,303,245,98,111,298,451,511,506,461,405,349,280,191,70,67,220,984,540,625,637,548,388,171,27,168,216,67
115,67,261,65,271,547,551,260,164,436,443,223,83,20,26,168,400,540,374,81,579,795,567,8,533,726,497,29,339,397,212,5,86,21,34,12,61,101,84,1,51,45,15,135,268,294,137,169,463,529,275,196,588,625,245,298,606,454,30,447,443,16,446,516,103,473,732,443,189,695,726,324,174,461,475,715,259,72,277,681,809,429,327,968,1002,370,491,928,668,21,523,436,59,396,206,343,681,399,326,891,803,123,598,719,545,47,302,446,502,448,120,466,893,678,116,842,838,142,545,621,140,316,312,64,6,47,43,0,49,35,20,27,6,11,55,154,308,247,36,342,435,230,114,369,418,284,23,293,531,476,85,407,616,21,78,374,321,63,92,39,93,83,91,287,277,58,209,314,188,2,82,28,6,95,257,263,32,304,457,276,99,226,293,2,212,134,149,307,141,233,490,382,9,362,446,276,37,103,149,185,254,295,175,115,433,555,367,20,360,466,348,167,25,95,253,409,445,364,109,459,600,441,97,244,417,397,273,145,9,179,401,513,376,24,347,540,490,266,11,265,443,485,369,114,210,1174,633,470,71,393,644,538,191,123,262,49
100,27,326,423,456,420,291,100,105,274,363,407,304,251,256,309,358,307,120,180,512,744,790,620,321,30,313,466,481,386,222,73,39,83,70,28,15,41,49,243,46,25,19,101,212,319,387,374,259,47,220,469,629,618,413,83,260,487,503,287,45,353,488,375,47,352,672,756,583,218,183,478,588,544,416,538,275,240,127,126,483,820,961,807,367,212,696,896,745,342,113,395,396,110,278,556,546,223,288,734,922,777,382,582,355,475,483,488,515,494,319,61,533,878,880,506,69,561,731,526,121,236,366,11,1,10,4,19,19,9,19,12,19,11,199,162,32,154,318,383,335,202,27,143,289,395,452,430,281,20,293,541,614,170,167,135,306,279,119,47,93,8,182,309,291,146,54,198,228,158,58,8,57,162,256,256,129,101,326,452,401,261,73,257,268,97,146,339,347,172,128,394,532,484,304,86,73,133,120,110,154,267,399,459,405,229,6,213,338,369,348,313,296,286,265,182,53,165,316,458,525,495,379,212,57,59,133,170,227,310,402,464,448,331,153,52,222,341,408,438,448,432,383,280,109,379,346,536,616,572,419,222,54,55,93,71
69,29,452,524,560,572,532,472,380,276,180,61,57,59,118,201,275,310,274,159,21,244,458,638,748,759,708,602,465,333,218,127,72,40,22,8,1,4,21,510,77,99,127,160,207,273,344,416,476,506,482,398,264,87,116,318,500,612,616,511,295,14,286,521,656,664,554,348,95,157,363,504,565,547,483,1108,388,432,552,712,857,928,877,697,398,37,322,613,768,760,597,318,8,300,488,511,369,90,251,570,796,881,844,500,515,345,237,197,203,187,103,71,336,628,858,943,840,556,173,186,420,479,374,17,28,5,15,45,8,20,3,36,12,16,35,118,216,321,393,419,388,310,211,113,29,47,123,231,365,504,611,646,593,151,266,64,83,153,127,37,83,198,251,249,168,53,65,155,184,156,73,7,79,100,58,38,175,305,404,458,440,204,199,18,142,231,231,132,50,266,447,549,549,458,324,202,121,100,138,202,271,322,323,280,201,89,34,141,217,253,237,208,173,157,177,217,283,55,439,513,567,581,561,502,406,314,255,242,282,348,408,436,420,365,281,192,121,63,26,8,29,56,78,121,181,821,388,504,599,645,627,558,441,335,260,75
232,98,19,213,433,501,376,101,173,339,346,280,161,130,146,84,122,426,633,589,239,268,684,795,564,109,327,560,518,299,29,142,197,159,76,20,15,48,81,46,46,28,11,56,194,327,342,203,79,383,580,547,269,175,557,658,395,73,459,505,190,265,531,409,52,558,765,525,21,561,786,636,245,141,369,1175,410,407,367,160,267,761,984,697,25,758,1041,716,39,516,622,277,195,423,216,275,662,594,57,610,947,726,132,803,686,603,376,164,60,370,685,758,390,303,867,874,309,407,735,494,27,404,386,39,44,44,19,4,0,26,42,0,13,53,231,133,85,305,381,242,35,298,411,369,210,11,266,477,523,306,105,490,596,59,51,335,339,127,75,100,35,160,129,55,262,301,155,63,191,165,44,11,60,171,196,56,199,404,386,142,169,296,307,61,177,226,48,229,354,204,143,447,478,220,117,306,279,147,85,107,149,86,114,350,484,409,143,188,407,430,306,161,77,42,46,237,454,152,406,95,258,494,544,411,198,14,168,239,277,339,378,325,116,212,498,596,466,210,29,214,342,450,498,401,159,471,452,591,562,344,29,276,424,379,242,41
54,54,337,360,376,385,366,347,306,258,205,381,68,21,127,240,356,475,584,679,746,789,813,797,758,703,628,547,460,372,294,221,149,92,37,7,31,65,74,487,51,29,7,45,89,129,170,206,238,273,294,316,333,337,323,297,245,175,82,29,144,273,389,491,581,650,697,722,730,721,689,649,588,524,454,1082,367,361,384,431,489,566,638,708,763,794,808,799,762,693,599,468,312,141,50,243,431,593,738,830,887,889,860,716,708,616,532,476,448,451,498,573,664,755,830,870,867,817,706,557,386,212,58,52,14,37,8,18,27,4,33,24,0,44,121,107,90,73,52,36,19,15,23,42,72,114,157,192,213,217,196,153,95,202,43,100,136,145,134,89,21,54,124,189,236,260,252,226,173,108,29,54,137,213,284,338,373,395,384,363,320,254,175,73,30,137,234,320,387,429,437,428,398,359,320,278,239,199,178,167,167,166,171,174,177,172,151,124,84,26,44,117,196,276,354,421,484,152,567,577,569,532,471,406,321,229,128,31,59,145,221,300,365,426,465,501,517,521,508,474,445,402,359,323,286,629,215,174,132,83,28,21,66,114,159,45
120,62,306,343,348,315,233,125,6,119,201,359,210,154,105,81,116,220,388,583,745,846,830,722,542,322,110,74,204,266,281,250,202,135,77,27,0,23,34,371,81,106,98,82,55,0,75,190,321,441,540,594,612,547,412,187,81,341,511,562,466,262,16,311,569,730,748,628,399,121,142,345,458,492,459,1220,387,426,533,675,783,812,706,471,136,240,579,797,835,685,401,65,227,408,436,293,3,360,691,900,926,786,544,278,58,99,181,222,276,385,556,736,843,800,573,214,190,524,687,644,429,130,123,14,43,16,25,33,45,24,25,73,18,31,87,26,83,216,335,416,437,399,315,213,113,27,68,195,351,516,630,646,561,94,175,36,181,227,170,42,82,170,179,112,3,111,201,232,204,140,62,12,13,62,154,272,370,416,384,267,98,89,246,318,286,148,55,270,411,440,360,198,10,149,249,272,243,171,113,106,156,248,357,451,520,529,484,381,258,142,68,54,77,120,144,127,66,214,159,278,380,431,446,433,393,358,339,341,363,396,440,466,481,464,424,349,253,150,60,3,28,41,75,135,233,780,473,573,636,628,577,478,369,267,202,9
29,10,300,306,301,275,240,199,142,79,6,160,129,199,252,302,341,385,421,466,491,525,540,540,521,469,423,347,271,201,141,93,50,20,0,24,25,28,6,270,55,105,162,211,251,291,313,325,332,345,353,368,400,427,465,492,531,553,570,572,557,526,472,412,341,265,194,129,86,48,34,38,54,86,132,492,282,384,498,627,752,864,958,1023,1057,1047,1007,925,818,679,519,342,153,46,249,441,610,752,861,913,928,897,829,555,629,525,439,378,351,360,410,483,579,678,758,818,840,817,743,632,493,335,185,40,9,23,16,12,5,15,7,17,28,30,138,146,146,150,152,150,149,152,161,171,200,244,292,349,404,436,461,451,422,42,279,191,105,29,31,67,89,84,67,41,11,13,30,36,32,16,14,49,80,124,161,195,232,267,303,334,366,275,372,341,287,221,133,42,50,122,188,230,250,248,226,195,136,65,19,116,214,313,397,468,518,536,529,496,443,372,284,181,70,42,154,258,346,317,461,486,502,497,489,466,429,386,323,241,144,41,75,185,273,343,389,421,436,434,436,425,422,404,388,363,333,612,253,208,153,101,51,4,62,120,168,14
224,27,306,345,304,168,11,213,367,448,444,398,293,252,256,311,382,411,369,216,27,302,577,755,803,705,488,215,40,206,270,229,138,52,10,12,48,81,94,537,38,27,66,139,232,323,364,346,260,123,48,236,414,560,609,528,316,1,311,515,515,314,29,407,674,743,584,255,151,518,741,783,658,452,253,348,109,124,88,54,315,626,867,945,798,451,2,416,683,715,513,159,215,449,448,188,232,640,868,810,485,33,387,867,684,579,441,352,325,297,172,102,455,776,898,741,342,149,521,644,489,166,158,13,18,26,12,55,8,4,4,13,9,10,164,95,32,194,333,414,405,320,182,24,129,273,403,502,535,477,294,26,259,430,533,435,223,0,130,131,14,148,253,258,150,17,166,243,231,157,72,25,45,130,229,299,282,167,36,256,406,407,300,73,157,293,256,85,162,372,469,421,275,87,72,166,203,193,180,189,241,319,401,431,391,269,86,99,234,296,289,249,216,234,281,354,404,397,343,225,70,88,216,297,328,319,310,314,343,402,448,445,372,234,57,127,275,373,422,445,463,483,512,521,483,520,217,9,233,421,533,542,463,335,223,1
51,69,150,241,340,427,484,529,523,485,408,380,275,232,221,269,350,470,577,660,676,640,528,380,201,43,108,208,278,292,288,248,182,109,59,18,7,5,12,77,39,84,134,184,207,216,209,196,147,93,6,106,244,382,513,596,604,543,395,167,88,329,516,615,603,484,290,50,198,408,563,631,633,567,485,1113,379,417,505,630,737,790,743,587,345,42,253,505,648,673,577,378,114,166,413,571,604,489,246,73,397,648,789,730,727,604,507,458,475,518,534,477,310,39,276,570,760,799,672,433,144,106,255,21,27,2,1,0,17,1,39,4,17,19,56,4,90,189,283,352,395,402,387,350,312,266,213,129,13,140,313,465,568,271,512,374,190,30,87,125,86,8,124,225,284,299,262,192,103,38,1,32,94,190,273,325,329,283,175,43,104,114,313,328,263,134,30,211,348,421,402,313,183,44,70,140,142,111,49,12,41,21,31,128,237,346,408,433,406,373,302,247,216,237,293,378,458,195,568,579,533,480,416,369,316,297,296,312,333,365,399,431,424,394,333,279,208,142,87,59,37,24,0,31,75,385,211,286,377,432,475,472,425,335,234,91
9,120,322,404,465,506,521,518,497,457,403,583,268,180,85,2,107,195,266,342,375,404,398,377,336,290,239,189,143,105,84,77,67,75,71,63,53,29,7,192,59,87,117,148,183,224,264,319,360,410,458,497,533,572,590,591,583,545,485,400,292,156,5,143,296,428,559,652,713,742,740,713,649,574,479,1059,283,197,126,81,67,92,149,226,319,409,494,554,585,580,544,470,361,221,58,123,313,499,662,792,870,905,878,628,713,609,515,451,433,460,528,629,737,826,879,876,810,687,519,330,144,15,126,3,72,1,29,13,18,19,0,48,22,8,4,30,62,102,136,170,205,228,244,251,248,244,241,249,272,305,341,376,419,408,423,383,318,231,127,17,80,167,237,266,282,271,237,200,153,108,63,33,21,20,41,74,124,178,244,292,332,331,348,327,276,193,104,2,108,206,294,359,397,407,389,343,283,215,136,58,10,71,116,151,173,189,207,207,205,215,225,234,252,271,302,339,361,6,401,407,398,369,327,266,192,111,23,72,159,257,336,411,471,514,537,540,525,502,466,427,398,375,357,344,340,868,332,317,306,283,255,222,175,113,48,174
187,35,304,412,307,9,363,549,476,206,90,409,264,191,175,239,256,95,242,574,667,412,89,563,726,508,74,308,454,347,120,58,102,49,11,42,111,127,71,152,38,7,18,32,155,260,240,44,230,434,457,267,63,419,599,455,30,422,549,257,237,512,343,176,642,671,205,443,837,733,251,301,625,601,348,47,64,176,367,591,616,239,418,946,944,351,444,904,727,115,431,493,110,317,375,21,538,721,342,369,894,837,272,805,662,553,291,93,73,320,587,618,197,457,856,642,40,637,679,207,306,429,173,90,32,15,32,12,11,35,5,74,14,33,136,253,253,76,208,394,350,101,181,357,384,268,27,280,512,505,199,260,581,271,165,231,383,228,17,85,54,186,127,127,345,333,108,140,241,161,40,15,91,140,51,152,341,342,124,197,392,247,21,238,252,3,251,274,13,315,460,286,61,357,426,280,67,81,126,152,212,291,287,106,199,454,482,279,5,200,257,240,257,298,241,17,321,73,571,311,59,368,487,415,239,62,58,143,240,362,422,325,45,299,545,565,371,74,189,359,447,443,343,128,172,1061,662,581,234,244,581,606,345,30,133,92
229,124,261,426,553,609,610,533,442,349,272,296,290,352,458,576,729,880,1042,1209,1354,1472,1510,1493,1398,1229,1011,755,497,280,114,9,41,50,44,31,14,18,24,623,64,94,137,208,288,381,470,524,610,638,649,647,622,553,427,256,12,272,563,822,1022,1106,1107,964,743,427,57,316,654,914,1081,1158,1128,1026,866,1929,499,353,267,291,376,568,830,1141,1448,1693,1845,1873,1734,1457,1062,582,87,395,807,1127,1315,1345,1224,950,586,181,188,1405,624,626,519,347,186,93,133,317,619,999,1352,1609,1723,1623,1354,941,473,39,297,16,35,73,1,46,3,11,94,3,0,45,401,513,575,575,561,495,429,369,308,280,245,207,175,95,11,170,365,553,748,677,910,909,766,584,332,49,184,388,468,455,358,187,11,129,217,206,154,27,158,338,516,664,726,730,629,470,285,201,127,313,445,537,563,495,354,163,68,294,460,563,583,537,427,294,168,21,85,163,222,227,199,126,37,57,118,93,21,99,256,412,567,681,771,590,812,789,725,664,619,599,591,598,599,634,681,757,848,948,1037,1105,1130,1122,1078,1030,944,848,747,672,620,622,652,1925,761,815,853,879,874,846,789,681,533,117
132,83,176,94,74,281,448,509,445,293,133,198,31,54,99,179,312,446,537,527,376,90,265,555,692,640,428,150,109,264,296,230,114,17,0,29,74,97,101,371,70,68,76,66,27,74,217,359,423,389,270,90,126,354,529,581,426,105,261,507,487,209,194,537,627,434,24,420,741,816,637,295,76,339,450,1195,412,416,457,452,323,10,422,824,1004,839,367,206,626,719,460,23,337,421,187,240,633,777,576,95,461,857,916,256,256,95,280,340,390,508,609,547,219,300,756,894,624,92,406,620,489,155,157,12,36,10,3,13,5,22,21,21,18,4,0,146,281,332,270,105,105,282,388,408,351,238,64,167,413,599,634,462,133,316,479,501,321,80,74,75,39,166,197,92,99,265,315,231,80,31,49,20,105,123,37,127,300,388,331,140,104,145,294,179,19,180,215,99,122,338,440,366,163,78,261,331,310,245,189,189,219,218,140,27,258,457,541,476,306,132,8,38,63,116,234,378,497,270,412,203,32,212,309,333,337,342,337,305,246,173,94,36,206,402,554,614,539,378,175,6,138,240,333,446,561,1146,583,386,63,268,514,579,496,326,180,26
233,78,365,493,571,576,502,372,215,78,0,159,32,25,15,28,75,178,320,486,628,732,755,701,543,320,68,126,254,281,246,164,67,14,54,48,11,31,59,450,53,31,5,14,66,141,223,304,367,397,390,353,268,135,48,260,445,545,511,339,73,227,475,624,610,432,130,217,521,732,814,780,635,433,265,385,171,198,206,140,15,271,579,866,1029,1014,804,451,38,317,528,543,358,35,313,576,660,552,260,131,515,793,891,715,616,405,245,159,138,94,40,285,587,833,918,774,442,16,362,578,564,365,73,33,6,44,9,28,27,11,3,37,7,40,218,198,137,40,86,219,328,391,408,386,331,258,171,48,111,307,485,593,606,206,308,90,86,150,105,19,142,210,197,109,28,169,265,278,232,145,63,12,13,90,213,328,387,361,252,71,122,95,340,290,157,34,202,317,328,229,52,149,323,423,439,401,330,264,222,227,270,323,363,338,256,124,32,179,293,327,297,220,164,186,264,373,477,209,539,472,354,231,124,60,17,19,29,36,36,73,138,223,316,410,493,540,557,540,521,495,463,412,371,336,292,238,91,68,241,401,518,553,501,377,244,9
10,40,43,125,196,256,310,341,353,351,349,340,303,266,223,167,108,30,58,155,258,335,414,459,478,456,417,360,285,229,160,108,71,37,0,36,71,96,119,510,111,86,41,18,77,149,205,260,310,348,391,439,479,517,552,561,556,524,457,356,235,108,36,167,291,390,477,539,575,591,581,545,489,406,300,415,12,152,315,475,621,737,829,884,896,873,818,724,603,463,303,132,41,220,391,547,686,799,882,932,947,922,869,519,693,595,505,440,401,395,422,479,560,645,718,770,794,770,712,613,496,359,230,5,19,13,12,2,15,2,29,25,9,3,189,220,262,307,350,386,409,413,401,374,346,320,298,295,304,323,347,367,385,342,368,331,286,220,146,65,21,98,183,249,300,327,330,304,263,192,110,23,70,166,245,317,378,417,441,440,417,316,306,221,127,22,82,179,268,336,391,416,414,390,343,280,195,96,1,105,200,285,363,421,464,489,493,473,441,385,310,223,135,38,63,164,252,329,403,453,479,480,468,429,372,299,216,122,30,74,163,257,352,421,486,533,551,555,520,464,386,293,187,79,30,109,214,302,362,399,422,418,395,347,279,4
129,77,96,78,48,33,7,13,40,71,111,69,203,260,305,346,397,427,459,487,495,515,521,518,512,498,473,449,412,357,301,234,159,85,17,30,69,84,69,539,18,86,152,207,257,295,329,356,391,426,466,506,553,578,604,605,585,553,482,387,268,136,10,167,324,469,597,699,771,805,807,782,713,623,500,1048,227,89,36,132,199,225,213,163,84,11,120,218,316,397,454,487,491,467,407,315,196,63,83,231,355,455,508,790,475,394,284,163,43,53,119,127,90,5,131,279,418,529,589,598,555,459,340,31,39,20,30,41,30,3,11,16,40,14,196,212,216,209,202,189,180,168,171,178,202,249,295,339,375,389,381,347,290,3,141,66,2,41,64,64,48,9,29,78,125,158,179,177,155,114,42,40,121,211,287,355,404,425,444,424,388,293,260,175,79,35,145,254,346,422,470,497,494,468,417,355,286,211,147,87,45,8,16,35,51,74,85,97,121,139,158,181,206,241,275,318,359,103,416,424,404,368,296,204,112,1,107,209,293,368,423,471,506,528,539,541,523,501,449,383,305,219,125,23,69,139,214,258,294,300,294,281,257,230,201,6
65,64,291,403,501,554,525,429,296,151,33,237,55,53,36,33,63,133,238,371,519,660,759,775,721,587,399,196,16,106,156,153,111,64,16,6,20,29,25,139,17,18,25,41,48,37,0,60,162,284,411,512,582,581,512,373,176,56,277,433,473,376,153,152,460,687,770,697,486,198,95,329,465,499,461,1267,358,379,477,624,777,857,816,622,295,104,476,745,843,746,487,148,172,390,436,296,0,368,712,927,953,791,497,299,102,251,287,263,266,352,528,719,839,800,566,188,224,547,691,629,415,143,89,4,13,45,17,12,6,13,17,17,25,1,276,296,260,170,47,85,205,292,352,388,414,436,432,398,304,140,68,285,452,282,487,351,175,18,68,53,36,160,262,307,273,182,59,42,103,110,67,2,62,76,33,68,211,349,451,460,385,201,46,120,224,233,142,19,203,364,461,464,389,270,130,18,34,37,0,44,57,4,104,242,391,497,544,521,449,360,274,233,226,266,309,350,362,241,230,104,23,142,213,248,235,213,201,208,249,314,390,465,526,565,584,569,530,463,384,314,249,208,181,159,116,296,91,240,401,523,593,589,514,394,269,84
149,24,77,145,412,609,598,380,36,281,454,547,372,275,208,140,28,156,378,574,643,499,165,282,654,761,559,179,177,350,324,193,81,17,25,44,44,18,16,475,46,47,52,100,181,239,203,27,240,470,526,372,57,297,540,549,319,65,397,474,243,160,486,498,153,364,732,741,366,183,624,768,602,275,38,681,311,384,493,573,477,96,463,935,1030,645,59,681,904,616,65,371,421,95,328,504,261,271,765,876,513,111,646,820,636,274,28,197,308,458,598,524,133,451,858,784,244,404,714,530,58,316,369,48,16,39,3,30,8,10,15,21,27,0,194,72,138,305,330,190,31,224,345,370,311,144,125,430,608,535,191,242,539,302,290,20,209,199,69,37,26,92,210,221,98,95,241,256,144,16,45,3,70,48,95,282,367,266,0,276,396,275,60,159,215,69,160,301,218,53,349,485,388,135,118,249,264,225,215,238,232,134,73,327,502,509,346,62,180,333,345,291,225,204,191,107,73,128,530,565,386,94,179,332,361,332,308,286,227,98,84,299,489,578,530,320,12,289,479,536,483,390,254,89,142,953,616,663,511,192,168,423,488,385,242,37
162,23,323,434,528,598,618,606,576,525,485,519,392,354,321,292,268,251,222,215,217,230,262,270,302,337,341,340,320,267,224,161,82,32,32,78,107,118,117,547,68,35,21,81,141,205,267,320,378,416,439,457,450,431,401,348,275,182,60,56,188,332,451,562,632,653,634,579,494,400,311,234,190,166,187,349,307,412,532,658,787,887,968,1016,1006,944,826,660,477,271,77,104,258,367,428,452,419,357,271,141,5,131,255,704,352,335,261,170,65,24,67,48,31,167,326,481,611,687,695,636,512,348,171,9,28,13,12,10,5,22,13,19,48,54,230,250,259,251,225,199,176,168,170,190,207,232,243,243,219,173,113,38,20,313,133,168,179,160,111,39,41,134,224,295,338,341,303,240,171,90,25,29,70,79,83,67,33,0,47,99,147,190,242,242,221,158,76,8,106,185,258,305,323,307,291,252,203,147,69,16,93,178,225,269,295,305,292,272,244,229,230,245,272,297,333,391,436,32,498,488,468,443,387,317,230,126,34,59,153,225,299,364,398,430,461,481,505,511,507,513,522,528,542,535,519,1202,514,498,491,452,419,386,337,273,181,11
222,117,190,357,473,470,334,96,171,371,435,446,286,207,168,130,34,133,361,550,614,497,214,166,509,679,602,333,4,229,312,248,132,46,20,22,25,12,12,13,47,55,30,43,130,220,269,282,198,15,252,495,593,459,119,292,557,564,312,80,406,483,247,172,565,675,431,67,555,801,716,390,13,270,405,1212,439,443,419,290,4,441,849,994,727,119,556,942,844,356,220,537,429,20,397,524,281,225,682,821,566,51,446,871,660,420,158,20,162,347,554,663,490,21,546,854,697,164,386,619,430,9,310,6,54,50,24,8,39,0,5,0,39,37,213,192,49,155,320,356,252,73,106,246,340,379,332,151,134,433,584,500,191,357,395,391,218,1,111,69,73,167,133,22,196,286,240,83,71,118,51,22,17,91,229,290,192,48,272,363,280,162,146,238,163,24,215,277,151,106,349,444,338,103,126,247,246,192,174,201,225,194,46,185,404,503,434,242,1,179,240,216,206,247,314,325,241,256,259,482,550,464,281,67,99,165,198,229,289,358,392,334,169,76,321,491,549,483,329,154,23,183,329,449,529,952,386,125,189,454,564,497,303,118,25,10
9,118,120,166,204,214,228,208,194,176,164,9,187,216,271,332,396,464,544,624,706,764,805,805,783,726,659,575,477,383,279,189,102,44,4,14,29,22,34,206,55,74,104,125,168,212,269,341,407,463,505,547,590,620,629,614,547,446,306,160,16,182,361,521,634,698,715,682,627,550,462,367,278,212,185,283,261,362,478,606,718,805,837,818,728,587,399,183,24,209,349,423,427,373,259,107,86,287,496,669,797,855,846,757,687,583,489,428,415,453,540,656,772,859,872,808,658,449,205,34,212,320,333,19,26,35,43,11,17,17,0,5,15,40,236,281,316,316,311,282,260,236,228,218,225,235,250,254,239,198,125,32,78,212,234,262,260,220,158,55,45,153,240,304,326,316,274,209,140,74,33,8,19,54,106,170,242,314,371,411,418,323,317,220,109,18,154,273,360,397,400,364,322,270,234,202,192,193,216,245,276,331,376,439,487,534,541,532,477,425,356,304,243,181,133,89,78,314,125,150,178,169,169,130,98,18,65,181,275,362,409,448,466,481,500,515,525,513,501,475,466,458,469,469,495,1226,528,543,567,579,579,547,482,376,263,64
64,26,371,451,510,558,591,608,592,551,476,493,263,137,28,78,173,252,324,386,430,464,475,470,445,399,360,297,249,197,143,106,54,24,14,5,1,5,6,224,46,84,137,196,228,266,294,309,334,359,388,444,487,554,614,634,677,651,609,522,401,262,77,96,267,427,570,674,765,793,815,794,720,650,526,1250,311,215,174,151,165,224,300,410,521,621,716,761,765,722,615,475,284,80,128,335,524,684,821,902,956,947,894,680,699,593,496,438,432,469,550,663,775,867,908,885,797,647,453,242,39,123,226,19,37,35,30,3,38,28,11,47,33,26,221,192,169,133,105,76,47,35,29,50,67,94,113,116,100,61,13,45,102,270,176,188,179,144,93,22,53,141,219,284,329,342,329,287,226,149,65,14,68,120,136,139,107,56,3,76,131,65,208,218,205,172,131,63,1,82,154,219,262,283,276,222,153,62,30,123,217,291,366,416,459,482,476,462,420,370,332,287,264,246,234,227,226,198,224,220,232,224,192,157,74,9,114,229,312,388,453,494,538,569,601,624,631,622,587,539,483,414,349,290,230,690,157,121,111,96,78,66,34,1,63,71
59,48,378,249,86,452,614,474,106,280,489,430,292,114,43,212,409,551,463,102,387,719,700,322,196,583,643,361,52,345,363,171,20,68,25,8,32,82,74,267,23,47,33,55,189,267,214,2,271,480,469,163,298,645,606,164,364,601,384,103,430,321,124,484,441,44,567,720,368,242,679,681,310,137,406,1208,384,293,102,271,689,826,432,358,998,969,267,556,862,473,171,470,212,264,413,41,526,738,340,397,898,775,142,828,761,556,167,155,377,536,544,228,368,832,713,18,679,772,219,411,543,147,287,10,14,33,8,20,15,16,26,25,18,0,135,283,234,13,293,383,229,51,293,386,300,72,237,479,483,185,263,562,495,133,271,391,214,19,95,6,102,12,195,311,169,124,311,240,29,104,59,23,17,183,284,152,163,423,393,83,260,223,186,97,207,45,201,256,20,319,462,256,124,390,381,191,1,84,131,223,319,293,73,252,498,492,230,131,380,420,284,121,4,103,229,372,413,307,104,451,578,402,50,258,376,324,230,149,47,155,397,521,395,56,317,547,559,376,51,277,496,550,427,187,130,1135,681,626,242,293,632,608,292,23,161,21
66,7,349,438,344,82,244,497,574,451,223,134,104,140,189,290,406,459,387,157,176,523,731,699,408,31,416,600,536,300,21,155,182,102,20,2,40,82,93,533,68,87,92,61,23,145,278,366,352,194,69,372,584,577,336,67,442,591,425,30,360,501,282,177,574,652,345,191,665,833,627,176,273,520,533,1110,336,291,184,88,496,872,931,570,103,765,1053,823,224,381,642,440,38,431,434,26,510,783,577,19,633,908,731,164,183,448,499,457,402,303,73,319,702,816,490,138,685,798,418,145,489,413,65,4,2,33,29,43,26,4,14,29,17,32,196,232,141,62,280,388,327,132,96,267,357,376,306,120,172,467,592,451,94,366,473,376,117,96,112,31,144,96,92,288,346,226,15,158,196,125,44,44,148,251,229,37,236,432,422,201,94,150,297,121,100,203,111,119,328,373,199,124,408,492,353,115,68,120,91,100,197,323,367,239,29,305,464,445,295,129,3,90,153,218,285,346,353,141,55,222,457,555,468,254,14,154,234,266,299,367,394,317,102,172,399,528,530,435,260,32,198,385,494,528,477,563,127,178,482,673,637,385,42,211,262,111
138,62,106,59,36,6,15,38,72,109,158,107,269,331,386,442,479,521,554,583,608,630,642,640,633,602,561,498,434,350,272,196,113,42,13,57,81,88,77,664,23,24,66,108,152,191,242,284,339,396,458,512,561,584,595,573,519,435,331,198,49,114,276,428,571,679,762,805,820,805,770,723,670,616,562,1156,479,448,433,436,456,501,556,631,703,766,803,812,785,713,606,460,296,98,99,302,483,650,791,887,937,936,901,699,738,641,557,497,469,480,526,607,696,780,842,873,854,788,668,515,339,162,4,30,24,30,12,46,12,28,37,53,18,26,181,241,295,341,382,405,417,413,408,405,405,422,449,492,534,572,600,608,589,334,463,371,267,154,48,39,108,150,171,166,143,109,76,46,24,11,14,31,54,93,139,196,256,312,357,392,405,264,349,286,209,108,5,90,185,276,346,398,421,419,393,348,278,187,92,10,104,186,258,312,348,365,378,381,376,358,346,332,308,299,286,273,268,96,249,229,207,171,121,65,0,79,164,255,341,417,480,524,547,549,524,491,436,373,303,228,147,57,27,116,205,279,360,407,450,463,460,442,407,363,311,156
99,196,251,284,279,241,174,66,61,172,236,478,198,130,73,51,91,155,257,369,477,593,682,766,793,767,666,499,300,106,41,122,126,74,1,67,114,123,125,443,120,127,144,174,214,255,314,367,403,411,376,280,131,53,249,428,551,597,547,418,203,56,313,525,654,650,535,327,70,190,403,559,629,622,562,1107,416,412,494,628,768,869,866,743,494,170,175,477,678,733,638,404,90,246,504,623,579,377,57,296,605,804,869,739,664,503,377,316,327,361,379,311,137,139,449,711,841,801,587,274,50,291,395,13,19,17,5,26,12,18,13,14,4,12,79,6,115,233,328,376,394,366,312,274,241,213,164,97,23,176,346,484,558,376,490,305,142,23,87,99,1,121,237,322,321,264,162,61,22,56,38,38,119,208,269,280,219,94,84,246,349,216,335,220,51,141,263,321,310,228,93,71,223,331,377,362,299,209,146,124,161,252,364,475,549,563,530,457,372,295,241,223,237,262,297,327,331,403,258,184,102,4,76,144,180,180,156,114,78,67,92,152,239,331,414,478,513,522,502,472,456,452,489,538,587,1081,628,592,527,438,344,253,168,123,107,107
35,89,82,125,395,502,316,56,368,459,328,25,49,128,196,292,379,301,3,427,689,596,152,394,728,667,254,259,565,487,158,134,200,96,12,54,121,110,11,366,57,42,80,161,204,111,99,354,471,340,31,453,668,480,22,527,662,319,230,530,327,184,515,344,221,683,625,49,604,840,513,82,533,609,395,238,48,236,473,649,509,48,748,1073,687,209,951,975,294,495,732,293,334,510,70,533,658,123,626,911,479,311,814,462,196,264,434,415,370,228,132,616,808,380,432,938,659,145,714,571,32,432,308,26,5,37,14,16,8,1,10,12,10,28,228,270,110,149,330,320,116,162,353,372,213,65,355,497,361,36,450,579,305,220,450,351,34,176,113,51,84,98,280,221,53,290,282,83,104,112,0,41,75,237,239,10,304,441,246,127,374,289,3,226,171,93,283,158,197,458,373,0,371,456,259,7,141,157,175,247,262,111,185,452,489,252,119,390,438,286,90,62,177,285,362,320,106,231,464,522,340,3,311,444,374,215,71,52,201,383,488,375,43,357,601,570,305,64,369,504,481,330,85,218,506,1052,487,75,389,658,587,233,157,368,334,64
109,67,395,446,404,262,56,167,356,464,494,454,378,314,252,215,137,8,183,428,652,778,750,533,197,182,490,636,596,419,197,19,53,54,12,20,4,34,61,619,49,30,60,116,217,309,338,295,153,66,310,530,642,606,398,54,307,559,583,343,25,381,526,378,4,428,737,785,566,171,254,563,688,639,496,717,247,186,67,160,500,845,1030,926,502,111,681,994,919,512,7,392,456,207,204,532,579,305,178,651,914,871,548,323,243,464,516,510,521,518,435,187,247,686,923,794,319,249,640,666,365,30,293,9,10,4,1,16,14,33,21,20,4,31,162,260,315,269,112,87,278,376,366,304,206,84,80,297,505,606,520,241,121,329,519,422,195,19,98,46,81,179,152,10,160,292,294,196,66,16,9,66,137,138,20,158,334,417,361,175,58,106,271,174,15,176,217,109,107,329,456,429,275,52,136,242,261,237,237,284,331,348,277,97,115,322,458,490,426,325,203,135,74,18,70,235,389,85,542,446,304,113,61,177,267,291,304,340,353,384,390,302,160,57,270,419,512,525,493,447,350,226,78,113,321,1165,682,726,631,400,113,144,294,324,277,79
66,73,238,315,373,444,435,394,277,143,17,346,98,74,50,47,86,185,320,483,621,737,795,795,719,578,389,185,18,172,251,257,195,121,34,22,56,52,56,266,55,60,81,101,105,80,1,110,276,427,585,652,687,598,466,239,10,258,445,576,541,386,100,222,526,727,752,645,402,127,170,385,539,579,567,1258,485,501,581,693,793,798,676,395,10,410,746,942,919,724,379,16,303,456,443,236,78,456,746,921,888,706,401,464,155,298,346,358,384,485,622,769,807,699,388,14,425,696,764,610,328,18,204,41,2,21,47,6,3,0,24,15,21,3,220,210,179,92,3,111,212,295,355,395,423,418,400,325,207,29,177,376,515,368,497,341,160,10,87,83,8,132,255,303,268,183,49,45,108,98,42,40,92,109,59,43,187,327,425,444,368,44,19,159,244,238,106,67,259,388,454,435,362,257,149,68,1,19,37,38,56,90,163,255,354,446,492,498,438,374,278,236,214,256,301,351,359,191,206,66,88,217,296,335,332,312,288,282,296,332,387,443,502,544,550,536,475,408,327,274,205,182,119,78,22,426,238,342,462,545,602,615,579,515,400,15
60,87,305,402,420,319,159,39,221,295,321,526,292,316,353,385,435,498,534,553,516,364,153,131,423,621,705,666,501,312,131,8,62,49,5,52,80,69,55,96,44,84,127,136,134,67,39,159,298,444,553,615,592,453,226,60,351,548,595,505,242,76,380,571,569,357,14,369,688,831,821,663,433,221,75,317,50,98,204,369,591,833,973,962,754,356,135,574,838,832,577,175,217,451,427,181,202,581,814,842,661,335,23,767,482,512,476,442,459,517,554,459,197,207,618,880,865,585,155,250,465,449,264,7,25,12,11,30,0,4,2,1,4,14,31,165,268,318,291,207,96,13,111,207,307,400,468,474,395,221,10,255,442,365,466,310,112,51,114,77,37,160,226,207,103,33,145,187,169,101,28,10,10,99,222,328,382,337,191,17,225,247,334,194,5,204,300,263,108,103,306,433,464,411,299,187,93,40,36,48,49,18,66,200,340,459,513,502,434,335,249,198,174,164,142,79,24,298,307,427,509,518,495,430,379,322,295,272,245,210,159,77,35,156,292,396,469,518,525,505,497,472,442,390,311,268,59,100,263,415,531,581,541,445,312,20
51,77,7,47,92,108,143,161,178,182,198,164,254,309,353,386,422,434,438,437,429,439,442,446,446,427,397,344,301,251,197,145,85,28,19,60,81,84,82,663,19,27,84,148,216,306,387,468,517,557,598,626,664,685,698,683,656,589,490,370,226,81,68,221,368,518,635,744,798,837,836,805,741,645,537,977,279,151,45,30,76,72,37,27,108,201,292,372,445,482,497,484,441,372,274,151,1,149,313,454,573,654,684,909,588,489,363,248,147,83,72,99,180,289,418,541,639,699,691,640,532,396,242,24,29,8,14,21,6,62,2,0,35,10,219,272,310,343,360,375,383,384,401,408,433,464,503,540,578,605,613,611,579,215,454,356,261,164,73,2,54,86,101,88,74,35,1,31,52,51,31,4,42,93,149,207,257,307,344,369,382,264,328,261,180,88,24,125,228,304,369,405,420,417,383,354,289,217,123,15,82,187,271,359,412,443,451,437,420,384,352,312,282,271,265,266,259,68,221,195,155,94,30,48,122,189,248,309,360,396,440,470,495,518,510,479,428,353,265,170,61,62,140,233,313,564,413,451,472,494,497,485,455,392,315,93
25,118,224,348,447,506,540,532,515,469,413,506,300,246,179,110,39,38,124,194,267,328,374,407,432,429,418,387,334,277,210,150,85,33,5,17,23,33,35,213,79,101,118,132,135,125,107,73,44,16,4,15,10,12,45,90,146,205,269,343,413,474,526,570,603,621,627,618,594,569,534,498,454,424,396,792,417,463,528,622,715,819,910,992,1046,1072,1060,1011,935,823,678,507,313,104,106,310,501,663,790,865,917,914,876,808,724,630,537,466,426,421,449,516,605,704,787,840,858,825,739,621,477,323,183,9,65,49,20,13,26,2,23,16,41,6,108,108,102,85,66,48,33,34,42,72,104,148,183,216,238,237,228,201,163,86,68,30,9,33,44,40,24,0,46,86,128,162,189,192,180,145,82,9,83,173,260,328,388,418,425,410,368,313,249,160,74,24,118,212,303,373,433,465,482,467,433,374,298,220,136,49,33,114,186,249,299,334,354,361,348,331,301,275,256,244,234,225,213,21,161,116,70,4,51,125,173,220,269,306,346,369,402,415,417,408,381,334,262,178,83,31,143,262,366,459,537,1019,628,645,655,645,617,578,520,439,332,4
25,74,353,206,153,508,565,253,214,512,473,18,68,231,312,363,300,20,405,681,523,35,630,809,404,264,670,552,81,286,327,152,14,3,3,52,125,138,68,299,65,73,99,166,158,16,307,471,283,174,575,572,145,416,661,387,188,554,381,141,454,213,321,534,127,531,755,253,537,889,482,245,685,571,175,445,303,444,512,261,371,926,818,39,954,1068,269,678,905,306,409,510,26,386,189,394,640,133,677,922,288,620,941,99,260,586,480,226,30,369,650,480,220,876,730,154,865,658,170,658,375,202,357,20,19,0,32,12,11,26,2,12,28,4,194,2,263,340,108,241,403,256,65,337,412,235,145,487,517,120,417,633,324,225,494,311,57,210,89,29,41,177,124,118,301,204,65,229,150,7,39,59,62,127,303,196,159,419,302,95,364,219,52,236,99,145,198,51,331,310,42,398,442,136,231,391,291,93,83,202,295,323,153,207,515,500,123,334,516,370,79,140,267,330,317,124,182,63,491,221,194,484,477,206,113,323,369,287,129,107,344,466,338,10,382,556,408,60,299,492,468,242,113,463,611,708,17,516,710,457,88,516,540,255,32,28
101,18,241,284,336,389,423,437,422,379,312,401,110,9,121,235,331,410,485,554,611,660,696,720,720,694,646,576,481,383,279,184,100,38,11,29,45,44,49,92,82,90,127,164,212,264,309,344,387,425,467,508,541,586,613,637,641,622,578,509,415,308,181,41,103,255,398,522,624,687,715,693,635,542,427,1026,201,115,57,36,56,108,188,295,408,503,601,671,696,703,657,567,437,272,77,130,344,551,721,849,929,948,909,704,729,623,521,468,469,523,609,718,823,893,918,877,774,613,411,214,28,118,223,21,34,23,2,11,35,10,2,6,3,30,253,277,298,311,323,330,331,329,336,346,368,388,426,452,475,470,459,415,344,27,161,71,6,60,82,76,48,9,66,130,177,207,223,208,169,109,29,59,144,219,286,329,348,333,285,208,124,38,45,127,191,241,263,261,252,234,210,193,161,135,120,113,120,135,155,191,238,306,373,433,477,507,522,515,479,411,342,274,212,162,114,89,70,176,46,25,8,48,91,134,180,223,268,317,349,381,414,448,478,492,496,480,446,400,343,263,184,103,24,43,98,37,178,192,202,202,197,186,175,167,163,20
4,47,216,300,350,375,383,385,364,342,317,388,283,258,241,239,230,231,234,235,242,258,277,301,326,350,367,382,369,344,287,220,137,50,32,105,140,171,160,679,81,12,58,134,202,267,322,372,410,447,480,514,532,537,526,493,429,339,213,70,88,244,392,525,630,712,753,766,752,710,655,593,515,455,407,935,388,428,505,608,724,850,958,1051,1110,1117,1083,1004,870,703,506,291,67,150,342,516,652,735,774,754,698,604,491,13,280,226,223,272,361,479,603,704,749,738,645,494,296,78,119,275,375,403,372,36,35,15,16,19,25,5,14,30,24,30,206,245,275,306,330,352,368,381,385,398,410,427,456,491,527,557,575,572,538,203,394,296,186,83,2,54,78,73,38,11,66,117,159,172,173,138,94,29,48,125,209,282,346,391,413,411,373,257,233,131,16,91,199,295,368,420,451,444,436,402,359,303,257,214,190,175,177,200,235,268,299,323,326,310,270,207,129,35,58,146,234,308,358,205,410,417,413,400,375,349,311,265,216,157,115,67,25,8,32,52,74,109,142,185,236,292,344,392,427,463,490,1148,551,577,602,616,603,567,502,400,278,27
15,43,209,359,474,464,277,13,287,451,454,407,238,181,186,206,171,45,161,407,622,710,627,355,50,456,696,684,460,137,111,192,137,33,15,16,67,108,112,657,74,79,112,156,166,116,11,204,398,525,520,353,68,257,530,641,525,223,158,444,473,230,159,502,584,359,85,543,792,765,473,66,292,491,516,1185,398,410,417,295,26,501,940,1103,858,292,372,822,892,585,97,307,421,207,187,515,553,244,279,744,902,682,216,665,527,568,476,394,351,267,32,358,752,902,663,109,484,793,675,238,234,462,369,45,15,1,9,4,22,26,17,14,23,14,218,259,184,18,163,293,344,304,185,15,175,350,465,474,345,80,237,488,580,121,185,100,260,237,97,25,34,71,202,253,176,12,149,220,196,111,20,7,64,151,194,123,56,281,429,405,196,45,303,314,131,117,277,234,3,289,490,502,312,27,222,350,354,277,210,182,193,183,103,62,266,432,485,404,246,71,50,105,140,196,301,406,453,205,190,37,228,353,390,371,314,250,194,141,95,18,118,323,518,636,590,381,109,132,289,378,436,493,524,493,355,32,164,438,624,673,567,344,78,140,225,42
239,57,77,239,413,505,408,109,253,498,508,216,145,30,38,156,343,521,523,312,91,533,782,700,296,237,608,644,371,3,229,249,135,31,10,59,95,70,2,432,57,40,70,136,208,180,20,221,413,453,278,51,396,597,513,142,313,572,452,21,395,471,130,383,656,464,99,654,843,565,21,479,685,582,314,7,113,265,477,661,618,202,463,985,989,418,375,871,782,234,330,515,234,228,449,210,315,711,612,43,602,871,610,410,405,547,443,301,179,32,394,716,687,161,556,921,631,81,642,652,198,282,432,2,63,34,6,8,20,6,9,14,1,13,190,4,219,325,260,56,188,355,375,235,12,279,463,479,261,120,488,622,400,111,388,451,229,40,152,60,81,93,54,235,269,124,93,224,191,62,14,20,105,97,57,268,365,223,87,351,374,177,147,268,123,139,280,159,147,404,421,180,153,396,430,278,82,80,169,220,289,341,278,58,260,492,508,307,18,195,264,256,260,279,235,74,189,87,504,380,137,106,279,357,345,269,158,34,92,237,385,481,405,134,223,498,576,456,231,7,222,404,512,510,346,136,304,596,671,481,119,228,419,426,328,77
1,42,290,368,415,420,405,352,277,167,60,157,130,221,280,305,300,269,222,140,51,66,162,250,333,405,430,434,416,392,326,263,188,106,31,26,81,110,115,640,71,1,75,160,232,318,374,412,438,433,399,369,321,276,223,200,178,171,199,231,279,350,437,519,593,667,728,777,785,756,720,644,525,378,228,399,120,307,479,638,776,913,1007,1060,1083,1093,1058,983,891,788,679,560,451,350,267,192,130,80,45,16,1,6,5,475,79,145,235,331,443,558,674,775,855,914,953,949,917,852,762,643,519,378,241,3,16,17,9,7,16,10,6,30,8,15,234,269,294,321,349,374,383,385,383,379,378,366,349,339,328,302,281,250,224,299,160,136,119,89,87,74,72,53,60,58,63,50,53,40,43,18,2,37,63,102,146,193,216,240,240,234,196,269,86,18,60,141,228,292,350,387,419,421,395,354,300,217,129,32,59,160,255,332,385,423,448,443,393,328,249,154,27,109,209,293,375,430,420,64,309,224,105,31,151,239,300,355,356,309,224,149,34,105,236,332,424,495,547,535,489,416,351,211,70,80,200,560,466,563,608,624,609,582,492,365,224,79
85,9,172,117,52,22,98,172,230,279,312,401,309,271,220,148,53,52,167,281,400,501,588,650,693,698,665,622,543,449,343,234,131,39,37,96,130,146,145,638,82,28,36,109,178,245,306,353,384,398,397,387,365,350,328,304,310,311,331,364,412,469,539,608,679,742,799,845,865,862,841,794,724,632,523,1101,258,107,46,197,339,463,570,643,689,702,675,619,536,418,283,126,37,206,379,539,682,801,898,952,980,965,919,936,741,615,481,353,235,141,72,40,45,81,147,222,302,380,436,470,474,451,408,3,19,22,24,4,22,8,2,2,11,25,69,82,92,106,112,109,97,72,28,27,94,166,241,311,375,428,461,466,459,144,373,301,218,127,40,45,115,172,226,250,263,256,241,211,166,112,64,4,70,146,205,266,314,351,361,359,321,201,195,95,6,109,211,304,386,444,477,494,483,448,389,311,212,105,12,135,247,353,436,503,534,537,500,434,351,242,123,13,144,267,366,446,489,116,492,453,393,300,200,86,24,129,229,308,369,402,410,393,350,281,192,86,28,144,248,344,421,477,506,515,504,1160,423,346,270,184,97,10,72,127,181,78
55,107,382,423,432,442,429,408,368,308,236,366,48,52,153,266,357,463,557,646,717,769,790,784,756,711,660,588,521,440,357,264,180,107,43,2,40,68,101,584,129,117,81,36,19,72,98,116,137,146,166,195,214,217,196,152,83,6,83,181,281,390,492,577,637,650,641,606,567,530,505,489,468,449,434,910,454,499,576,662,757,852,934,1007,1060,1082,1068,1008,905,766,587,392,177,38,250,452,626,769,863,904,897,843,759,457,563,486,440,439,476,544,655,778,885,964,984,940,823,652,447,233,47,99,190,2,14,4,0,23,7,2,14,47,4,28,164,169,177,188,196,206,211,217,228,240,259,287,316,343,354,358,338,300,255,11,120,46,18,71,104,105,77,24,38,104,158,197,207,203,163,115,43,33,117,197,270,327,368,400,409,401,363,224,221,123,12,99,195,278,344,386,404,405,388,363,332,305,273,246,219,190,169,161,164,172,179,177,159,126,73,19,45,119,200,294,383,447,488,127,488,466,444,414,375,334,270,194,112,28,63,168,272,381,481,559,612,637,639,617,588,543,500,456,408,386,357,781,280,224,163,103,48,4,38,84,144,83
155,25,196,175,164,128,88,49,4,62,109,3,216,243,291,315,330,341,341,338,338,316,297,276,238,212,170,119,88,63,34,24,3,2,3,2,2,11,23,31,70,85,118,148,170,193,204,204,200,181,156,153,134,134,155,177,214,273,325,381,439,479,521,556,582,596,607,609,612,595,579,560,528,491,460,1069,400,391,384,398,427,463,508,563,608,659,692,701,707,687,644,578,499,394,284,165,27,97,226,335,422,487,515,920,449,370,251,129,1,117,205,259,264,219,136,19,120,246,358,439,475,471,424,16,5,3,12,3,30,5,1,21,42,32,85,106,127,160,184,202,212,207,196,175,148,126,109,100,103,115,134,162,186,178,218,218,202,165,123,57,12,82,151,215,252,277,279,242,197,137,56,31,104,199,267,336,388,417,444,439,409,271,313,228,139,29,72,167,265,333,376,405,407,383,346,281,200,118,20,75,171,273,356,427,487,516,523,510,457,393,316,218,125,33,57,129,187,280,277,307,335,340,354,350,331,302,251,186,104,13,84,183,277,353,415,468,495,501,504,495,467,440,408,360,314,759,195,133,73,9,44,100,146,172,192,106
277,86,138,81,72,274,460,578,575,483,329,78,61,10,55,104,193,320,486,638,709,651,441,92,277,575,710,662,473,223,1,127,159,110,28,38,65,34,20,612,108,113,107,131,180,261,305,284,170,36,279,504,643,647,502,212,138,437,586,523,259,109,428,548,409,43,402,747,860,700,345,66,389,564,581,1298,475,466,473,434,244,102,545,943,1130,994,557,49,579,832,711,305,179,495,484,146,334,729,843,617,157,352,714,935,700,458,229,73,47,208,455,729,868,737,291,296,759,883,608,115,315,476,330,22,13,23,59,18,13,3,7,9,4,11,223,185,90,70,243,390,446,387,257,66,141,339,513,602,561,385,83,237,473,344,423,224,6,112,92,13,134,172,93,64,232,320,288,162,13,72,63,14,98,104,6,173,348,425,357,145,111,133,367,244,17,196,295,211,14,268,450,471,350,142,49,164,197,175,166,213,306,407,447,380,206,45,286,443,472,403,302,243,240,289,304,226,51,109,411,550,584,526,414,282,157,64,13,75,137,225,326,453,563,596,558,416,208,19,215,353,434,493,531,560,553,758,283,32,247,476,600,598,478,303,154,31
98,65,187,302,400,475,534,567,573,551,517,459,365,249,120,9,154,296,432,552,647,718,772,795,796,780,744,676,593,499,399,284,189,91,8,46,96,104,103,673,35,13,68,135,189,252,310,363,414,448,480,508,520,523,514,509,497,489,482,478,474,475,469,460,450,433,412,398,381,371,368,376,392,408,429,954,482,512,532,558,583,604,626,646,660,670,660,653,629,588,545,490,420,352,272,188,103,19,68,148,210,256,275,641,216,143,26,94,239,380,511,623,695,717,704,635,537,401,252,101,38,149,227,8,36,1,16,10,43,5,58,14,37,5,179,223,268,296,325,342,349,365,375,399,427,461,507,549,588,620,638,644,631,216,525,444,344,233,115,1,108,198,267,317,340,338,319,275,221,156,75,6,93,173,249,318,370,403,409,397,363,277,215,132,29,69,168,258,334,397,448,471,476,454,420,358,268,164,55,63,181,292,388,456,499,521,513,473,424,355,267,161,64,35,137,233,317,202,434,476,505,496,484,447,388,319,229,121,4,128,258,378,485,568,625,640,625,580,504,410,297,173,53,66,183,320,371,451,507,544,553,537,490,412,307,41
43,70,127,220,325,412,492,542,560,532,482,364,294,220,195,224,310,414,493,529,488,372,204,2,217,393,511,563,560,487,388,275,173,93,58,44,47,60,57,552,9,12,25,12,29,91,155,226,299,372,454,521,561,552,469,310,92,144,351,486,515,423,235,23,296,534,694,742,678,522,317,98,85,201,249,740,207,194,239,355,540,758,948,1062,1058,907,629,267,101,407,577,582,415,127,216,519,700,723,558,272,74,388,603,918,661,563,468,421,445,515,587,582,443,167,199,555,798,853,700,402,64,199,319,41,27,38,10,36,17,26,18,0,7,4,60,2,81,177,282,369,417,414,371,309,246,191,129,38,88,246,411,531,585,331,427,260,89,34,85,55,42,165,281,335,311,236,113,1,82,99,61,22,120,193,208,155,45,98,245,348,386,317,231,87,63,183,258,261,195,63,104,275,407,474,457,396,302,224,191,216,289,377,429,434,376,271,146,38,35,55,28,18,70,92,75,20,59,154,247,333,395,429,439,422,388,344,307,272,275,301,354,431,510,563,585,555,485,393,305,246,217,212,209,196,165,33,27,74,186,293,376,409,385,302,203,86
46,26,28,50,47,5,63,148,228,289,313,587,242,164,80,15,16,6,55,148,264,390,507,617,698,737,741,699,621,508,397,267,169,90,42,23,10,15,21,653,12,2,13,27,50,46,40,19,29,104,207,332,451,578,672,724,713,635,492,295,63,177,385,539,609,582,469,282,61,165,356,479,535,517,452,1123,297,269,309,410,566,755,933,1067,1114,1054,876,603,283,46,321,495,541,448,235,59,371,657,854,939,901,763,553,118,153,35,4,13,48,51,15,169,399,649,852,951,911,726,432,99,186,375,421,7,30,40,37,12,0,14,29,2,9,11,233,276,295,289,259,211,152,95,40,6,56,115,198,302,429,549,643,674,641,209,384,212,56,48,84,58,25,130,234,304,329,296,227,130,31,42,67,43,22,126,232,323,372,367,300,195,68,12,155,212,218,175,80,52,191,327,438,496,504,460,376,283,207,164,176,222,295,372,420,439,412,353,278,195,137,99,89,108,145,199,249,299,337,412,355,328,278,217,150,94,61,56,83,124,178,236,274,298,291,260,205,144,84,35,11,8,29,60,92,114,102,124,1,77,155,231,271,300,291,263,209,13
13,29,254,340,414,477,526,552,546,515,458,478,265,150,23,101,216,320,409,483,537,580,602,607,604,582,546,499,434,362,286,214,143,88,42,17,3,5,13,300,36,48,57,62,54,51,26,3,24,53,75,84,87,68,37,9,74,145,228,310,391,466,525,562,585,581,555,517,470,420,369,332,303,294,296,677,374,444,530,628,736,839,936,1013,1067,1082,1057,992,884,740,556,355,138,76,294,481,642,757,836,857,845,796,714,427,538,463,426,420,457,527,624,734,836,910,936,907,821,687,509,315,127,29,144,13,35,0,32,11,13,8,9,1,6,10,81,137,187,227,259,279,285,285,276,276,272,276,286,313,345,382,419,450,464,306,438,382,306,201,93,20,132,222,285,321,334,316,278,223,164,99,36,19,67,107,131,139,129,107,71,19,42,12,153,202,227,240,231,207,169,125,79,34,1,25,29,12,17,62,124,192,267,349,413,466,500,514,496,463,401,319,227,124,20,81,171,254,324,182,430,470,483,495,487,461,426,380,326,263,199,131,71,5,59,107,161,210,252,291,329,370,402,441,474,515,538,1197,557,543,521,474,413,341,270,187,101,16
431,29,25,48,193,355,493,544,497,368,207,117,19,3,3,10,86,224,386,546,666,674,547,319,16,295,520,605,554,403,198,28,66,102,81,46,17,11,35,19,98,133,140,114,52,56,192,319,430,507,494,397,212,56,369,616,695,596,317,70,401,545,471,190,207,560,744,718,492,127,235,498,618,605,512,977,385,395,398,297,54,316,711,1004,1062,851,418,97,530,733,645,332,80,414,519,335,63,497,816,863,616,190,241,914,629,577,478,421,408,361,191,126,533,859,939,694,230,283,626,674,435,81,211,21,10,21,37,33,14,19,16,9,46,11,185,256,245,162,14,151,277,345,360,330,254,127,43,249,444,565,560,408,162,184,308,373,293,129,25,99,55,65,200,261,217,91,62,171,191,123,26,44,42,47,190,300,323,233,41,181,350,283,276,86,122,258,248,112,107,324,467,464,332,136,62,206,251,225,198,214,273,377,466,459,325,117,101,273,350,308,221,187,190,240,334,395,381,494,186,45,139,278,344,435,432,360,288,261,224,228,269,215,53,124,298,468,508,432,368,330,307,292,287,211,44,485,291,447,516,508,462,371,247,132,56,4
81,111,325,397,444,452,411,330,243,152,76,162,29,50,94,147,188,206,191,124,13,137,302,461,584,657,670,625,539,429,311,210,127,65,41,28,30,19,11,430,6,18,18,0,31,80,148,210,299,388,488,572,629,620,544,399,186,55,290,458,539,501,362,140,133,407,623,757,796,724,582,403,229,104,42,148,107,170,183,124,33,264,545,816,1018,1094,1032,835,529,179,154,400,501,448,247,58,393,684,868,901,783,546,261,483,170,238,219,169,153,223,389,612,821,931,876,657,317,76,394,579,597,462,247,8,4,23,21,30,2,0,19,18,1,13,40,123,205,286,351,385,382,352,300,231,157,73,15,130,260,399,504,570,568,213,351,184,32,67,87,39,60,173,256,292,263,183,75,19,81,97,58,21,118,199,233,225,154,37,98,229,320,259,317,203,53,118,264,359,371,295,161,5,173,296,354,357,314,250,210,203,235,303,389,461,508,517,496,445,371,313,233,195,175,187,232,288,337,17,378,350,287,206,117,36,21,58,66,44,9,23,41,15,36,102,186,272,334,367,373,366,355,346,365,381,429,1246,554,616,651,649,611,529,421,318,223,75
80,26,210,422,497,327,41,407,600,491,182,338,282,300,279,277,272,160,107,468,694,598,175,347,688,661,313,124,407,405,203,14,112,69,16,15,33,40,25,213,82,92,46,68,185,254,232,82,155,385,464,307,59,461,640,435,62,518,591,226,297,527,282,256,625,503,63,650,813,447,171,626,672,409,95,469,207,375,573,613,283,319,864,984,512,270,881,892,316,370,659,355,185,444,181,371,672,374,339,869,803,173,509,770,578,206,72,254,451,608,508,13,623,933,578,206,803,743,123,464,552,189,203,8,13,18,11,8,30,23,14,29,4,53,221,227,78,155,324,307,108,157,345,375,239,9,301,495,456,130,311,593,498,78,318,446,242,50,162,24,146,137,103,326,309,47,214,270,126,19,35,61,99,15,226,341,243,62,375,440,201,76,338,203,98,272,149,166,398,337,11,354,482,326,24,202,261,214,185,186,139,39,311,500,429,123,244,453,411,213,5,102,137,182,261,338,276,336,299,542,542,299,53,319,432,376,243,114,4,137,322,467,457,249,101,425,573,493,261,2,221,376,463,445,274,345,362,575,554,289,99,377,433,287,127,64
157,166,311,373,384,365,277,149,12,105,176,434,165,107,66,26,40,63,150,276,439,615,746,847,820,742,529,342,144,36,59,88,72,44,6,15,2,4,29,280,24,54,131,197,248,317,351,377,300,221,121,26,117,287,461,606,658,634,471,228,71,326,513,565,506,298,30,283,541,710,766,730,639,515,428,768,369,417,483,529,497,387,158,136,495,804,997,1038,881,604,233,96,349,420,345,104,218,556,820,944,912,723,466,368,21,133,141,116,131,228,414,635,849,954,892,633,240,186,521,664,605,383,113,15,20,1,40,59,0,8,20,14,15,9,159,246,318,365,372,328,268,176,85,26,125,234,355,467,574,629,632,539,374,85,35,179,253,215,111,46,160,223,195,93,41,177,259,286,234,147,48,35,57,9,108,241,367,448,471,413,277,114,96,242,275,219,56,132,320,488,565,576,467,357,211,108,23,24,11,56,106,101,30,80,240,366,467,474,449,397,342,337,303,288,238,249,322,198,592,644,672,547,415,254,123,76,32,135,140,228,142,108,33,37,109,238,241,299,263,344,333,344,332,393,517,1055,693,671,646,579,533,437,360,258,180,93
61,26,15,84,194,314,421,480,501,464,397,255,245,207,213,280,370,460,517,497,392,216,20,264,476,609,666,631,514,364,224,108,57,46,63,65,56,15,32,362,43,5,94,192,277,327,332,307,241,149,44,107,271,428,561,638,592,438,199,85,340,470,449,291,23,285,544,707,764,686,518,331,136,11,79,584,97,127,210,397,618,835,982,1009,861,567,181,234,568,727,697,479,127,228,459,517,361,39,356,687,886,909,763,73,302,117,22,6,30,120,304,553,804,924,839,538,102,337,623,673,504,209,85,54,19,3,6,10,13,52,18,12,16,16,214,166,77,35,166,276,358,398,404,371,330,277,184,58,104,298,469,569,559,224,249,38,114,166,132,11,122,195,205,142,24,106,194,235,224,150,70,14,0,54,163,290,378,416,368,222,36,24,270,303,211,45,143,328,415,396,290,115,84,234,327,365,330,266,229,210,242,314,403,455,444,371,237,98,13,66,73,35,2,10,13,84,177,178,360,446,504,538,533,484,418,357,291,261,262,253,242,225,174,99,11,88,195,275,331,368,377,381,397,434,482,986,539,511,425,311,171,49,43,82,83,45
44,45,459,525,573,600,608,589,559,507,450,450,300,243,194,172,179,219,289,380,472,559,633,682,710,703,669,614,549,463,377,281,201,128,75,45,32,34,28,35,21,72,144,219,297,363,411,447,466,478,486,488,480,455,398,310,186,34,131,283,398,461,461,415,297,140,37,207,368,490,570,600,566,507,416,1047,280,268,310,408,552,716,875,1006,1087,1107,1051,930,741,511,251,2,217,367,441,418,306,122,101,329,529,670,730,845,653,560,471,419,428,504,629,768,885,937,881,729,486,200,81,305,437,462,393,29,12,8,27,5,36,22,3,14,46,52,169,246,318,372,401,411,405,392,378,368,366,369,371,354,315,243,140,20,106,354,303,329,296,220,95,34,150,238,281,270,221,149,68,7,32,34,6,51,127,206,281,335,361,352,307,228,121,9,121,219,277,292,258,169,49,85,219,333,403,443,434,394,330,260,194,147,132,144,183,232,296,343,376,381,359,306,252,188,116,62,9,34,61,191,68,56,26,7,40,57,60,39,6,62,121,187,242,266,283,289,294,287,290,290,293,297,308,327,354,384,431,711,513,533,531,497,446,386,324,281,261,65
38,40,367,398,298,45,259,468,492,343,99,329,211,210,211,265,327,310,102,262,620,750,533,44,443,708,640,318,69,315,355,257,110,12,31,38,36,21,2,542,20,113,222,251,148,73,327,491,460,239,126,480,670,545,152,346,632,526,97,337,479,196,262,551,408,59,568,759,518,4,461,674,565,305,40,783,330,503,634,550,151,463,965,1018,513,302,916,963,444,237,612,448,24,396,314,137,601,644,199,467,866,763,223,727,631,579,381,171,22,317,627,739,404,265,850,878,310,426,763,497,74,450,373,43,34,28,13,31,4,30,13,60,26,2,219,248,129,87,311,384,264,0,253,406,392,242,21,339,556,518,187,273,586,207,189,207,366,240,11,115,21,166,201,55,200,322,255,28,124,161,58,19,54,191,210,97,173,369,386,137,161,209,248,8,233,193,55,343,395,147,253,522,499,206,126,318,319,237,167,148,84,64,287,448,428,217,89,331,393,321,165,61,7,37,146,298,425,386,184,143,439,563,470,220,65,265,338,319,277,250,169,14,245,480,569,423,126,207,413,473,400,294,139,30,273,1104,579,457,153,228,472,534,389,179,3,12
204,63,160,62,311,478,462,250,97,384,466,169,117,11,51,123,296,478,452,139,343,703,730,376,189,617,681,396,29,305,345,222,82,6,46,65,73,45,8,395,43,115,153,67,140,338,388,212,112,427,561,418,50,389,651,540,91,413,576,277,208,453,230,274,610,447,113,664,810,456,134,596,692,482,162,515,318,522,656,520,18,648,1056,834,68,748,1040,637,118,633,574,76,351,307,154,547,431,170,767,820,265,464,833,439,182,239,454,523,502,294,182,728,921,478,356,950,812,76,588,646,157,341,393,27,38,47,5,23,53,29,11,1,5,53,147,273,238,14,257,394,299,29,265,423,396,174,164,482,587,337,158,574,609,140,226,434,279,14,140,23,146,132,97,319,302,45,220,283,143,18,39,50,78,44,237,324,179,125,372,362,105,214,312,132,163,284,80,282,465,253,211,549,502,139,238,375,297,177,107,49,98,313,457,381,84,286,525,487,220,68,226,225,200,245,294,199,80,1,587,477,147,237,489,525,353,89,140,271,330,349,298,152,104,381,547,489,210,160,442,525,411,215,15,194,408,997,491,192,230,544,582,380,85,147,270,7
112,1,61,76,79,46,23,11,24,42,10,467,102,239,374,556,730,909,1060,1178,1271,1320,1307,1229,1091,899,673,449,263,114,19,17,23,11,42,88,86,87,53,680,71,159,228,285,292,244,160,52,49,144,219,277,358,476,632,811,983,1083,1090,969,713,366,41,476,872,1183,1419,1532,1569,1524,1416,1263,1109,977,903,1608,987,1123,1343,1560,1761,1888,1921,1826,1603,1270,842,391,45,416,664,749,676,453,109,309,747,1165,1518,1751,1860,1841,1707,983,1274,1079,966,959,1053,1198,1328,1372,1259,976,522,6,541,987,1250,1304,1158,850,486,33,27,31,19,57,64,6,37,59,9,57,69,28,163,320,477,601,691,743,779,820,887,977,1073,1174,1235,1233,1150,972,751,150,200,26,197,281,278,159,21,223,430,590,673,686,620,498,355,224,114,56,54,110,199,315,462,605,719,789,771,669,502,235,53,349,600,793,880,875,776,596,378,161,21,147,162,80,64,260,461,609,703,735,701,620,512,409,290,234,183,187,242,353,503,686,879,422,1193,1271,1274,1223,1131,1026,919,827,750,698,700,712,769,836,922,1010,1049,1062,1037,978,890,803,734,687,634,605,590,1718,576,599,619,660,671,656,592,482,346,12
108,12,275,316,359,401,431,452,456,446,410,152,306,245,194,150,118,107,104,125,155,186,219,250,285,303,314,309,295,270,227,185,127,80,48,22,16,13,40,312,94,124,151,173,179,186,196,210,224,240,255,259,247,222,172,104,11,84,183,274,345,381,381,357,303,222,129,38,45,105,149,155,133,87,13,215,176,277,384,470,526,546,524,453,339,195,38,116,247,335,388,387,338,244,109,57,238,418,585,726,815,860,845,797,704,613,543,503,512,568,659,776,889,971,999,960,854,677,457,230,17,154,266,3,47,26,3,34,34,6,3,0,28,17,145,203,258,304,339,363,376,383,385,392,411,431,477,526,577,619,633,625,576,207,375,251,127,20,54,82,83,43,12,79,149,200,229,234,219,165,108,33,56,140,203,256,284,291,269,224,164,85,2,76,158,232,281,303,300,257,187,106,24,43,89,99,77,25,52,144,234,324,392,450,475,483,468,430,382,325,255,194,132,92,73,80,93,136,154,181,189,186,156,107,52,7,72,132,194,260,318,385,444,489,526,543,547,533,511,494,459,434,393,366,336,860,287,268,248,233,196,162,108,50,20,3
25,0,426,421,413,384,344,290,255,196,145,356,3,83,165,264,357,450,538,610,665,702,724,717,695,652,600,536,468,388,303,223,140,67,11,34,52,52,35,324,59,109,173,223,285,334,391,436,493,540,590,629,667,681,686,645,601,508,401,252,104,62,212,366,481,588,660,722,745,757,734,713,643,571,474,1025,278,206,141,113,107,139,181,246,310,377,434,473,498,502,478,434,364,265,151,11,135,283,418,543,619,665,660,930,538,436,313,203,109,51,42,78,155,275,411,544,649,718,727,680,577,441,281,12,15,29,4,9,17,5,4,0,24,57,37,54,91,134,177,214,240,244,237,220,198,181,164,171,187,217,253,296,323,358,348,332,287,225,138,38,68,172,258,324,361,365,341,291,226,153,68,10,85,150,206,251,278,284,271,234,174,103,4,88,178,261,333,382,411,414,410,389,356,316,283,248,223,199,199,194,208,217,239,260,280,296,300,293,269,233,162,79,20,131,241,341,436,179,552,580,587,573,544,494,443,360,267,164,51,65,176,280,355,421,466,494,504,508,500,485,443,400,337,263,187,515,47,1,48,73,104,130,168,213,265,144
22,51,177,398,419,230,57,341,439,276,19,494,152,176,224,226,158,61,375,565,426,11,498,723,511,39,528,614,319,87,321,298,121,18,71,70,51,17,74,353,92,203,180,19,199,368,346,94,276,541,521,151,384,723,546,36,558,608,182,332,498,169,339,514,151,418,680,398,219,690,662,217,258,454,426,531,226,50,481,830,702,1,842,1150,621,341,985,841,96,570,592,72,389,303,220,603,363,355,878,668,103,783,830,170,268,522,480,370,162,254,718,780,195,663,1033,503,449,901,472,289,586,242,234,18,24,15,18,45,27,16,3,28,18,43,52,236,273,64,248,389,238,75,324,392,260,17,344,535,406,36,524,642,268,280,504,309,46,200,83,83,61,137,261,133,132,299,221,8,147,126,34,20,105,127,20,257,343,153,207,424,286,78,336,271,55,302,205,161,432,298,163,540,493,72,362,464,272,41,69,118,214,316,301,77,278,528,429,58,273,359,228,85,39,31,23,217,426,437,29,377,568,427,81,262,435,370,188,26,107,261,384,366,150,169,433,516,333,8,307,437,382,206,6,201,338,964,351,55,320,519,434,158,134,308,317,121
61,90,122,352,504,460,244,36,287,421,413,63,101,51,132,174,250,377,426,272,98,511,725,607,208,252,549,575,353,46,180,248,193,106,55,28,1,13,7,186,35,22,146,250,258,116,94,303,423,408,224,103,467,636,484,33,442,611,342,141,437,312,122,497,487,63,468,747,596,121,399,673,615,340,36,551,287,452,622,619,252,422,1019,1112,566,297,923,947,436,185,484,324,58,275,107,336,662,532,53,712,977,653,12,855,734,553,267,38,190,490,728,630,73,647,999,656,135,756,734,173,388,504,180,6,29,15,0,27,7,20,16,16,9,57,234,269,105,162,366,364,163,116,335,421,347,133,186,485,596,389,71,505,630,55,37,328,319,127,33,22,96,152,41,165,310,262,54,154,211,119,8,5,114,181,89,158,388,401,149,213,444,433,56,252,309,78,244,357,136,261,529,451,86,303,489,402,171,22,97,116,179,301,379,282,19,380,576,481,165,147,295,255,157,133,195,234,119,360,466,582,420,77,261,441,445,334,174,28,107,241,368,434,387,184,134,448,595,513,253,43,273,394,420,379,272,110,158,413,556,504,255,82,336,421,366,100
126,46,85,183,291,372,438,475,489,472,423,286,279,175,73,44,149,256,361,447,533,592,630,649,641,616,568,497,413,331,231,148,73,5,32,60,54,37,2,261,97,155,217,263,303,357,399,436,470,516,545,587,625,657,669,668,661,624,563,486,392,288,192,94,13,51,96,125,142,123,98,52,11,95,188,371,412,536,654,769,877,960,1019,1061,1077,1055,1006,927,819,682,529,359,179,3,181,353,501,628,728,796,825,818,770,762,586,461,336,208,97,24,16,14,19,98,189,294,397,476,524,544,529,476,404,56,14,7,30,16,18,13,67,16,28,1,108,155,209,264,295,320,329,322,303,276,250,226,206,201,208,218,241,262,283,294,293,272,235,186,124,53,17,84,136,178,206,221,216,198,169,122,65,1,77,150,218,284,335,371,397,401,393,416,325,276,213,136,56,31,114,193,262,309,333,332,304,256,192,107,11,90,185,289,382,455,514,551,558,538,487,408,316,203,77,54,174,294,398,242,541,574,584,569,528,461,386,290,183,64,52,163,277,377,460,522,562,572,553,513,449,375,277,165,55,57,169,198,354,418,457,482,480,459,425,367,300,65
35,10,338,80,255,445,373,100,223,400,345,276,135,255,264,209,111,101,381,495,230,300,648,484,69,513,495,120,240,327,176,27,130,111,39,24,47,16,51,232,3,140,208,94,173,348,269,42,352,453,232,189,549,505,26,507,582,94,424,414,72,414,174,355,528,80,531,673,220,415,673,421,52,391,472,497,124,241,623,684,177,630,1030,562,438,1040,687,213,766,499,143,391,65,291,113,405,573,41,692,813,130,671,815,146,329,540,422,201,120,532,697,226,611,946,324,630,862,162,587,546,96,484,216,22,40,17,5,7,9,41,10,1,30,20,190,233,52,237,343,136,204,382,270,50,358,446,201,269,601,441,140,624,539,146,471,424,49,205,159,25,30,116,57,127,246,148,72,204,155,44,13,22,75,190,212,15,299,406,135,289,426,166,231,287,6,246,104,248,351,33,394,470,105,327,440,206,94,219,179,135,129,26,247,433,287,166,515,423,1,309,298,113,44,48,56,302,413,415,260,556,446,27,376,481,284,2,195,262,289,246,45,284,511,430,25,420,575,369,39,373,470,319,53,215,400,853,208,167,476,494,177,213,413,369,172,77
114,76,325,173,70,341,485,433,184,121,349,439,323,191,39,135,315,426,404,208,137,482,631,451,9,433,593,395,26,238,281,171,50,1,13,24,28,16,1,390,121,181,122,60,274,380,287,31,278,499,485,196,265,618,580,149,376,565,304,162,399,198,239,475,250,284,682,587,72,489,716,529,138,213,404,914,487,356,9,549,945,829,134,740,1165,796,74,762,807,291,259,380,77,257,222,219,645,569,63,767,930,416,338,719,618,258,27,233,475,657,465,187,878,962,269,639,967,471,309,643,342,178,387,5,34,7,24,12,6,22,9,55,43,28,137,30,279,356,140,216,445,389,133,170,402,477,319,68,505,675,394,166,609,206,211,223,385,245,50,14,39,52,80,252,279,96,149,251,160,18,1,69,75,85,294,339,120,219,433,344,27,153,344,123,163,244,17,279,311,1,386,480,210,186,406,348,152,10,87,141,227,303,281,75,268,533,510,171,236,457,383,170,14,24,53,197,380,274,189,228,551,560,256,123,357,342,225,131,85,12,163,366,459,319,14,381,582,495,170,191,417,439,307,150,18,682,410,485,328,19,366,512,410,177,45,91
74,102,285,367,417,379,233,23,203,368,438,400,296,177,117,104,113,85,33,250,499,668,646,415,37,341,573,580,425,204,24,63,78,63,45,26,5,2,16,493,116,159,194,220,224,194,87,98,336,537,614,496,215,145,467,618,543,268,85,334,351,130,211,474,484,227,194,577,757,669,381,40,216,341,369,1058,467,584,601,417,17,577,1032,1170,896,320,318,754,819,552,127,201,265,37,296,517,435,46,468,853,896,603,141,578,475,511,488,501,515,384,24,506,946,1038,661,13,635,883,665,176,270,424,269,19,5,48,7,26,15,44,22,36,15,9,86,209,252,148,67,311,460,460,328,131,75,286,467,585,562,336,37,425,667,226,389,49,211,287,205,84,32,100,208,265,216,59,112,220,227,165,99,86,134,182,168,62,128,321,437,397,215,97,248,298,183,24,187,195,31,203,387,405,275,50,151,259,252,194,157,174,231,261,198,18,231,446,544,483,287,70,92,142,127,119,173,312,453,369,413,163,159,429,548,493,316,131,32,26,70,68,39,244,455,566,529,342,89,161,321,387,376,345,305,284,251,149,5,214,431,574,566,428,212,1,132,31
131,24,91,18,203,403,518,457,226,79,316,505,309,164,95,130,217,180,24,354,618,670,437,18,407,661,654,403,37,264,384,316,142,6,39,19,9,11,20,444,3,16,22,123,234,274,205,7,258,505,596,445,77,368,666,658,335,116,428,431,141,220,401,249,155,550,684,445,25,476,680,599,357,118,39,850,327,558,735,678,282,353,942,1164,853,158,552,914,767,271,203,372,169,196,383,197,276,721,813,447,172,693,844,370,241,65,247,391,574,683,517,6,662,1045,843,153,583,883,599,14,433,467,178,8,2,2,8,34,28,47,0,5,12,33,78,243,312,221,14,277,435,417,243,7,266,475,568,468,156,279,646,722,460,202,364,484,334,98,43,16,66,85,31,205,308,246,68,106,178,132,65,63,130,185,136,28,240,375,351,164,97,197,333,173,50,191,133,83,295,326,118,208,437,450,269,22,138,171,148,160,244,336,325,140,180,471,571,441,162,97,216,204,170,198,281,337,255,430,265,495,558,418,147,121,279,280,199,150,194,284,289,125,195,496,623,516,231,72,279,356,338,301,261,223,138,452,250,460,563,471,225,80,327,419,377,61
131,42,252,326,381,417,438,445,428,406,368,446,263,195,110,28,49,113,150,169,168,128,92,48,0,49,91,131,161,177,177,161,134,77,35,2,27,33,23,405,28,67,109,155,199,241,289,335,372,397,402,397,372,323,259,173,74,31,141,238,323,381,411,412,380,328,255,182,114,56,23,13,30,75,153,11,360,477,585,662,712,715,674,591,466,321,171,24,100,201,268,289,270,201,97,42,203,366,516,633,707,725,698,674,549,470,408,394,425,503,624,760,884,981,1017,982,871,690,464,223,0,170,279,15,6,29,0,26,28,21,24,10,34,6,13,18,55,102,141,184,218,239,256,271,291,323,364,426,500,568,627,669,679,294,597,508,396,274,155,51,27,74,84,73,48,4,28,45,40,6,43,101,171,226,279,310,338,345,352,342,319,259,202,112,4,102,203,275,320,326,297,248,189,138,96,68,75,91,130,181,237,301,368,422,467,492,504,487,442,380,311,238,168,112,75,50,53,329,75,95,112,126,121,101,71,16,49,144,238,335,417,491,539,566,578,570,547,521,480,428,374,305,242,184,126,686,69,70,77,95,113,128,124,97,58,91
71,68,96,34,73,208,358,501,596,597,508,183,182,73,53,126,233,295,263,114,138,424,677,826,846,725,489,191,89,283,343,303,218,130,89,89,93,99,85,653,39,50,83,141,207,296,371,398,343,188,62,358,633,802,799,618,305,52,346,487,430,187,135,425,588,551,332,5,336,596,729,714,605,479,366,239,325,307,174,90,473,886,1195,1282,1084,625,46,477,778,775,513,124,215,364,260,42,436,753,885,769,455,49,323,820,639,599,539,542,589,605,473,132,373,875,1156,1081,667,70,463,720,639,320,48,6,21,18,13,27,24,3,11,11,12,19,148,261,347,341,232,49,156,342,466,536,550,493,374,166,105,403,650,774,718,106,214,72,258,281,181,47,55,35,79,233,353,375,294,159,37,25,5,53,107,95,10,136,303,434,478,413,260,219,135,250,240,113,79,258,339,291,119,114,323,449,460,387,275,177,134,155,183,202,163,52,124,317,468,534,494,385,263,190,183,226,273,253,171,431,219,428,588,657,622,501,343,189,95,87,124,177,165,87,72,275,473,607,663,617,506,363,244,173,164,178,159,328,79,296,503,651,699,644,515,370,254,126
200,29,169,307,406,483,541,559,552,511,443,494,249,129,4,127,255,369,481,563,620,668,674,662,618,574,488,408,321,226,142,71,4,43,79,97,105,99,89,67,46,20,13,5,0,5,27,62,106,155,204,254,310,344,360,367,330,293,220,120,16,110,230,349,451,531,593,624,618,596,522,434,325,180,22,202,333,523,703,869,1025,1140,1223,1268,1261,1220,1127,1012,859,690,508,317,127,66,243,413,551,669,764,817,832,810,745,760,505,347,173,3,165,306,410,479,505,488,426,335,220,91,35,150,247,318,360,50,16,19,31,9,26,48,4,14,2,58,203,240,280,326,361,394,418,436,434,430,410,391,361,325,295,267,248,225,209,398,177,155,135,104,64,23,24,65,105,129,144,143,119,91,42,11,75,132,189,233,266,290,292,284,274,253,232,188,206,210,211,215,224,228,230,230,230,222,212,210,203,198,194,179,160,126,105,67,5,43,96,148,192,233,251,266,270,248,231,196,138,82,11,289,150,240,310,370,410,423,402,363,286,187,78,41,174,282,382,464,524,556,562,540,490,422,314,219,101,26,154,180,396,496,563,610,620,606,552,472,369,54
79,144,232,232,213,196,160,127,90,48,5,165,80,115,140,161,163,164,153,123,93,46,3,35,77,106,127,145,143,145,135,128,118,99,91,78,51,41,24,323,17,17,41,57,94,137,185,240,283,326,360,385,402,405,395,366,321,269,173,70,37,170,304,427,540,640,700,739,740,720,664,579,479,347,211,681,95,246,388,517,627,701,753,771,756,712,631,539,420,279,131,22,178,323,461,573,657,718,752,752,726,681,623,219,503,456,447,452,493,570,662,773,883,982,1054,1080,1067,991,879,725,543,360,176,73,12,24,31,16,11,1,20,15,0,24,88,122,140,149,141,140,141,153,172,210,260,320,393,455,508,546,562,553,525,108,405,338,260,180,113,51,6,26,52,69,78,86,83,81,84,78,74,76,74,75,79,78,86,90,96,96,115,20,141,155,180,207,232,256,271,281,282,273,263,250,225,207,192,177,158,139,120,108,75,56,35,5,22,52,86,118,152,194,218,243,256,268,256,257,197,139,93,29,31,75,122,141,164,174,179,174,169,151,131,99,50,3,61,122,185,245,293,327,341,346,323,1008,253,204,148,88,33,27,73,119,159,51
35,6,253,317,341,253,62,192,415,530,496,300,151,22,12,88,173,173,8,265,565,758,739,496,118,271,534,611,507,308,108,16,64,58,49,69,95,113,104,652,0,35,36,17,124,241,307,265,88,190,468,638,606,348,29,386,585,554,306,42,330,440,315,5,342,572,577,360,12,318,525,557,461,332,241,104,130,14,285,615,884,935,689,190,407,850,987,754,288,181,438,372,62,279,436,291,108,557,832,772,412,63,436,699,524,388,318,321,313,127,262,718,988,870,355,309,801,878,546,37,345,422,226,12,31,36,29,28,19,18,15,27,11,21,114,98,9,144,303,400,389,258,39,206,410,528,526,402,170,140,424,604,601,17,102,173,316,297,186,71,51,115,181,197,115,16,133,187,162,118,98,130,202,245,214,88,113,317,445,435,277,165,183,285,218,42,147,236,167,20,245,393,384,255,68,97,165,161,132,139,204,306,376,349,187,63,315,471,479,371,215,99,65,95,106,52,101,127,492,566,509,322,87,128,250,270,225,162,168,238,348,414,377,215,46,305,483,529,453,315,196,125,109,69,22,763,393,558,601,495,270,5,216,325,324,41
163,60,304,365,413,426,429,407,371,322,257,149,144,97,89,109,169,268,385,505,617,709,751,760,730,663,570,466,367,276,204,154,130,125,140,150,162,154,137,611,52,3,63,128,178,233,268,284,279,245,188,98,12,136,270,392,489,543,546,486,369,208,22,167,344,485,575,623,637,601,543,483,406,345,312,713,377,485,613,749,864,927,913,817,650,444,204,24,213,342,389,366,267,103,95,317,519,679,776,792,742,627,482,96,254,217,248,319,410,481,493,425,264,31,241,492,684,775,749,618,417,190,17,33,6,0,16,46,19,10,8,59,19,19,134,186,240,298,344,385,412,424,425,417,400,380,360,320,269,180,78,46,167,359,350,384,364,300,198,92,0,70,99,96,66,14,24,54,54,24,27,94,161,216,249,252,234,187,117,32,53,73,206,240,241,205,123,21,92,211,306,379,412,409,378,319,269,217,179,162,179,211,268,329,390,433,453,441,408,361,293,226,166,132,102,99,114,255,202,266,327,373,398,389,363,291,203,101,3,81,129,154,121,65,5,75,130,161,166,145,97,39,17,73,115,14,164,161,142,117,85,55,28,24,43,32
187,85,36,6,49,95,133,169,207,224,237,16,211,180,149,121,77,62,52,51,68,83,96,103,93,75,50,24,11,41,69,87,95,113,117,116,123,113,97,287,43,3,40,94,135,184,221,262,296,333,372,398,438,475,509,525,533,531,503,460,402,322,241,151,60,16,88,138,173,188,184,152,99,23,79,45,334,477,625,764,884,978,1035,1049,1020,945,834,690,528,351,170,0,164,300,424,520,582,618,619,595,557,496,436,135,355,353,382,449,548,664,787,894,974,1000,971,885,746,564,362,161,18,164,264,2,5,39,3,22,19,26,10,16,1,4,29,23,10,11,36,59,79,89,83,76,52,29,4,11,12,4,20,53,92,390,145,155,152,121,78,24,33,105,157,201,237,250,242,215,168,102,34,46,121,188,254,307,340,350,347,326,281,348,145,65,24,111,200,274,338,381,416,423,418,398,366,324,277,226,177,140,110,87,76,77,85,89,87,68,48,11,44,106,171,238,298,352,377,46,413,409,395,372,340,292,243,173,89,7,114,234,348,457,542,603,640,647,619,563,480,391,283,164,37,75,177,226,345,408,445,448,441,412,370,314,258,52
77,0,121,229,315,385,443,483,484,472,437,279,320,244,165,78,4,91,174,242,304,341,379,395,394,378,352,316,281,245,210,182,156,129,114,85,75,58,34,97,4,9,20,19,13,13,7,3,2,2,1,7,20,45,73,108,167,224,287,348,408,454,484,498,488,463,430,389,352,317,291,285,289,312,339,766,439,509,595,679,770,864,946,1017,1064,1071,1039,962,845,689,506,302,92,108,306,477,621,724,803,834,833,794,730,391,555,474,410,385,401,450,535,648,767,876,949,977,951,866,731,558,368,182,11,1,28,23,21,26,23,16,3,22,32,6,135,147,159,175,185,197,205,216,233,247,269,288,311,329,348,355,352,340,307,88,223,175,121,81,47,27,19,26,47,68,90,110,111,108,87,47,10,71,147,225,294,358,413,455,471,477,454,314,346,260,156,48,68,178,279,359,420,456,462,444,401,331,249,156,62,23,108,183,244,286,310,324,320,304,286,260,230,198,173,141,122,102,93,345,73,59,53,43,32,21,3,14,42,69,99,149,195,234,283,318,348,364,351,322,259,179,81,30,155,276,385,821,554,602,624,628,600,549,481,406,308,36
67,69,215,226,221,211,182,150,110,64,12,24,75,119,152,175,194,208,217,220,206,201,191,172,159,141,122,100,78,46,30,2,24,53,64,84,87,90,81,50,48,26,7,9,21,20,9,9,33,67,92,124,146,148,144,121,83,30,38,115,210,292,378,462,539,603,643,672,674,659,619,571,503,424,331,885,130,39,56,136,198,240,264,270,248,209,142,76,3,79,163,231,295,345,388,404,401,392,360,316,273,225,190,159,192,233,310,416,543,681,809,919,1003,1036,1019,949,841,695,533,361,204,62,42,13,0,10,10,2,34,10,7,4,11,15,167,198,226,256,285,314,350,388,429,478,522,574,617,661,690,712,719,705,676,284,549,470,371,262,158,57,32,107,163,195,214,217,202,180,157,121,89,58,28,1,38,62,86,99,113,107,92,106,10,43,115,179,251,313,366,398,421,425,417,392,347,296,239,173,110,45,6,63,109,138,158,168,173,164,163,155,149,136,128,120,114,104,86,343,35,7,26,61,91,116,125,133,126,116,95,58,26,11,48,92,122,162,189,223,247,271,290,301,304,310,305,987,272,242,211,169,122,73,22,24,78,141
101,8,966,841,672,466,237,8,252,474,669,1659,911,956,947,882,778,631,454,248,18,209,420,599,743,837,889,884,839,749,618,443,241,21,196,403,585,732,830,1477,865,801,704,561,384,180,36,247,442,606,732,808,835,805,731,612,456,274,71,131,322,493,628,716,762,747,695,592,458,297,125,62,242,406,546,976,687,687,641,557,438,295,129,45,219,372,500,592,638,633,581,484,356,205,35,139,299,439,537,595,596,548,444,1240,130,56,230,379,490,541,532,463,338,177,2,170,309,397,426,391,292,157,7,2,1,1,4,3,0,1,2,1,2,2,373,236,38,184,390,542,621,608,507,326,90,167,413,609,737,775,725,605,414,146,64,310,523,686,780,804,758,650,494,293,78,151,366,548,691,780,819,799,723,590,415,210,9,228,431,612,754,847,888,860,784,653,475,266,28,213,449,653,829,941,998,982,902,770,589,362,103,172,442,688,890,1033,1109,1113,1050,918,729,483,195,111,405,672,903,1443,1178,1201,1148,1025,837,593,312,1,313,601,851,1040,1162,1208,1182,1081,923,703,440,146,157,448,710,926,1080,1160,1171,1333,979,792,568,309,33,248,511,735,908,0
77,0,137,269,394,510,599,689,707,744,760,1469,678,588,485,389,261,134,6,143,275,404,497,597,671,709,715,718,697,633,564,481,384,227,118,42,174,318,419,786,632,699,746,754,745,692,634,524,403,281,109,10,185,334,446,552,660,733,765,744,733,653,576,464,308,182,13,145,294,412,547,615,696,717,717,1399,622,520,394,248,97,52,240,381,514,623,692,735,715,665,570,417,273,90,90,278,459,581,698,727,702,632,499,391,100,111,298,450,580,632,618,526,374,190,21,241,407,496,511,425,246,33,177,6,5,0,1,3,3,2,6,3,0,0,56,7,64,117,139,139,135,89,32,25,76,116,178,179,181,173,124,95,25,560,79,125,173,188,219,234,216,183,158,96,26,8,69,143,194,237,240,282,277,282,246,221,176,112,56,4,79,868,220,274,330,373,384,393,386,348,305,242,159,55,27,131,226,326,390,465,513,537,533,523,477,392,318,209,87,22,163,266,391,485,533,601,632,1373,615,560,490,408,310,182,58,84,210,324,445,548,609,685,694,709,684,627,570,486,371,249,110,45,174,331,451,560,655,717,736,751,745,714,626,532,432,7
130,25,136,158,209,276,355,436,497,521,503,425,364,280,200,141,128,148,217,307,412,512,607,676,712,706,659,572,455,334,214,122,65,37,27,44,53,53,46,520,7,10,35,62,92,125,155,163,146,98,13,100,224,362,481,569,611,594,510,373,188,14,213,388,507,574,572,519,426,317,198,108,49,30,48,159,157,208,220,180,73,93,305,526,727,864,922,884,760,563,325,70,153,325,412,413,318,150,66,278,461,575,617,702,519,443,409,428,516,646,786,883,895,785,569,267,65,364,566,643,588,427,214,34,42,20,5,30,14,33,6,0,12,59,151,185,212,226,217,180,112,29,59,149,230,315,399,481,559,610,637,613,539,75,302,170,55,17,40,19,35,104,180,239,262,253,217,160,102,58,49,86,159,254,351,435,485,484,441,355,239,96,35,162,258,302,296,235,122,22,173,313,403,443,426,372,287,197,131,100,126,177,272,383,481,552,573,549,469,363,242,153,88,84,109,182,272,111,452,513,549,554,513,445,353,244,139,66,31,42,100,193,300,405,497,553,577,578,545,491,428,356,310,283,294,1103,406,484,552,583,586,534,462,366,275,43
92,194,503,576,308,285,872,1079,705,10,630,886,601,287,91,18,147,527,916,914,336,595,1352,1381,631,445,1179,1184,580,152,585,571,320,81,43,57,86,92,52,731,20,98,202,239,71,218,502,574,332,185,739,972,617,210,1016,1202,549,496,1110,808,126,841,708,130,942,979,160,859,1328,933,9,798,1051,813,396,547,278,725,1143,1135,366,913,1854,1687,368,1211,1918,1254,137,1140,1019,105,624,435,442,1056,647,548,1531,1409,292,947,1432,463,284,299,642,893,1017,641,383,1505,1748,655,1037,1955,1310,289,1398,1166,36,772,601,17,15,66,19,108,56,39,43,122,133,92,304,330,93,349,690,582,42,597,924,752,162,589,1123,1085,399,625,1328,1228,383,755,1076,833,236,221,299,205,215,348,420,166,279,582,521,161,149,215,108,129,313,489,320,253,873,993,430,502,1133,598,126,671,785,219,429,533,2,616,736,223,457,782,571,145,148,168,155,339,639,652,146,677,1196,950,86,734,932,531,24,157,62,35,255,588,671,945,311,891,1040,628,130,757,858,469,5,119,22,105,202,709,924,518,280,967,1101,681,35,477,713,672,523,331,39,1324,886,1061,697,108,872,1109,756,141,276,18
114,17,716,716,681,604,514,390,261,116,31,1056,301,419,510,581,631,649,639,606,543,459,356,232,100,35,168,287,400,491,562,604,626,606,573,501,413,310,187,765,82,212,333,427,505,559,588,593,564,505,427,321,205,87,40,163,281,381,464,517,544,542,516,465,395,296,190,73,40,155,258,348,421,472,496,359,458,408,334,248,142,34,77,181,277,349,407,440,451,432,389,321,232,133,23,83,190,281,358,408,424,411,365,895,201,93,24,139,242,322,370,376,350,288,194,82,34,140,224,272,282,251,185,0,2,0,0,3,2,1,2,0,2,2,255,168,46,94,233,345,417,437,407,326,194,43,119,277,405,497,535,531,477,431,258,118,39,189,320,427,503,542,555,521,460,365,251,122,18,147,274,383,476,537,570,577,547,489,403,294,166,243,107,245,366,470,555,615,644,641,611,533,437,307,159,3,156,310,455,570,665,723,751,736,679,591,466,318,150,24,199,370,523,653,749,813,825,997,738,630,492,324,145,45,229,405,563,690,786,832,849,808,739,633,491,330,157,28,208,372,528,656,747,801,817,880,727,626,500,349,190,20,141,300,431,8
8,58,371,476,378,43,471,921,1020,729,182,403,564,574,500,481,490,407,64,454,986,1230,972,265,598,1225,1311,820,24,639,859,641,223,92,206,147,45,9,12,687,11,63,138,242,294,244,38,285,640,834,680,149,557,1128,1170,631,236,961,1060,528,315,843,694,49,873,1172,682,292,1149,1399,967,202,479,812,852,1530,712,510,21,772,1514,1734,1114,160,1433,2001,1546,345,828,1307,927,90,533,467,203,875,944,213,891,1616,1427,479,630,1517,1193,800,418,72,424,1110,1566,1260,85,1349,2044,1471,21,1267,1524,746,314,843,590,62,51,182,76,33,45,52,49,118,30,88,252,175,75,409,649,604,245,311,810,996,763,183,538,1105,1242,831,13,817,1252,48,442,234,590,541,314,178,186,252,161,105,404,518,391,124,92,136,92,84,240,427,474,232,276,774,894,509,179,268,801,341,268,579,377,170,617,626,201,380,739,681,332,39,218,216,193,317,541,656,442,122,775,1135,941,322,331,635,567,340,238,344,450,296,188,246,1115,964,391,273,744,848,641,321,54,30,4,4,186,570,909,915,456,316,975,1203,918,365,107,344,439,561,728,1733,619,75,584,1090,1138,751,167,326,540,40
100,273,180,73,293,696,794,354,383,899,840,473,201,416,354,329,417,448,112,530,1066,1019,290,708,1303,1083,229,682,1034,723,81,410,505,287,6,168,165,29,147,853,125,108,327,394,274,18,376,650,643,227,464,997,975,260,717,1258,873,176,1036,983,53,870,933,59,939,1145,337,783,1331,917,49,858,1071,753,209,1154,654,942,973,488,518,1514,1678,682,932,1925,1524,63,1251,1402,442,611,805,95,684,644,250,1146,1094,39,1146,1477,749,1085,1055,1051,661,150,464,1121,1362,655,783,1834,1454,139,1544,1500,212,995,1043,135,645,15,43,32,12,111,28,38,11,51,8,56,341,369,87,379,682,547,7,621,889,617,46,729,1035,745,35,863,1167,712,224,732,943,324,314,515,294,56,55,178,103,196,459,393,42,255,300,159,67,133,194,23,363,654,512,86,711,847,333,238,762,411,252,555,230,357,601,238,400,701,431,116,455,392,157,55,120,84,233,625,703,219,518,952,737,81,497,597,351,120,138,199,7,499,902,866,11,812,1140,750,11,602,710,435,96,2,80,66,259,726,891,442,436,1151,1140,444,366,770,686,435,311,168,199,1932,1012,712,70,818,1021,644,31,410,486,334
66,35,31,57,38,22,100,184,259,305,313,295,239,183,124,71,39,36,68,123,221,329,452,566,655,693,697,648,564,455,341,232,141,68,22,7,27,37,39,285,78,96,134,172,212,237,249,244,222,164,79,35,169,312,445,564,631,647,598,478,304,94,129,346,514,633,687,670,603,483,345,210,94,16,14,56,24,55,74,42,47,185,369,567,751,892,961,946,846,656,408,134,124,334,451,462,362,177,54,302,509,641,691,736,599,521,479,488,545,637,712,735,655,479,212,95,393,614,714,686,548,336,107,11,31,33,28,3,22,4,5,55,5,24,53,0,86,183,282,359,411,429,430,421,400,381,346,297,220,116,11,149,276,356,414,398,340,239,135,44,21,36,21,19,75,130,163,170,148,105,43,20,51,61,32,31,130,236,334,398,413,263,286,158,22,124,233,306,333,311,253,165,67,16,82,113,102,60,1,58,106,116,92,36,43,140,225,278,304,284,224,142,55,16,73,81,55,439,96,182,258,297,316,303,261,207,145,74,19,16,43,61,51,19,48,116,188,237,255,242,204,160,117,71,75,489,167,233,304,366,405,432,426,380,308,31
37,56,235,331,317,170,67,332,467,396,172,403,226,234,225,228,244,185,35,337,552,563,273,186,571,694,436,26,401,516,350,55,148,212,178,86,7,83,121,393,38,134,172,110,30,179,302,325,181,105,417,588,454,33,454,719,540,5,505,661,331,241,596,483,11,534,674,363,174,609,687,423,29,303,474,1071,442,284,19,427,781,828,417,287,902,1025,539,245,789,760,234,348,528,212,302,542,281,298,721,641,120,478,729,166,158,181,364,479,532,392,60,651,966,665,133,850,944,370,385,714,440,98,429,63,47,22,27,10,27,1,12,10,29,39,172,223,118,120,352,392,199,116,377,443,307,39,268,491,490,224,201,535,542,56,173,388,318,95,77,72,26,64,35,195,261,155,49,203,208,86,5,26,112,129,35,264,373,253,54,316,355,103,135,265,143,118,283,202,89,353,386,170,132,308,285,162,62,28,3,112,284,389,314,39,299,506,460,208,108,279,278,181,117,153,159,40,206,87,481,259,83,367,431,290,111,6,43,37,100,242,366,385,203,142,470,621,488,145,196,394,404,313,225,158,12,916,504,593,381,21,373,486,365,163,34,63
38,97,178,27,222,412,372,122,208,373,318,37,27,86,113,186,304,293,57,343,631,533,53,507,761,500,65,529,590,284,106,325,298,137,30,117,133,89,12,452,124,27,128,220,175,23,267,404,309,42,446,622,375,188,649,622,137,445,632,272,312,600,314,294,672,459,168,672,649,148,409,607,409,63,191,962,368,388,230,184,672,831,400,415,1012,887,105,708,906,374,356,625,243,346,505,50,559,674,124,594,828,380,294,796,497,150,108,273,440,500,205,412,878,669,157,883,830,66,640,641,52,444,370,25,1,0,20,1,7,20,19,32,33,25,63,107,222,144,104,331,353,135,186,424,424,174,212,499,480,143,296,512,363,325,307,326,131,62,107,31,7,74,180,155,31,234,257,93,87,129,45,3,108,215,136,143,391,345,13,325,373,184,203,264,39,234,251,22,332,377,86,285,415,227,56,190,147,97,151,202,70,245,497,424,34,390,550,364,5,250,300,216,126,98,54,109,332,211,278,103,444,508,265,62,254,241,155,132,160,105,96,362,491,337,48,432,569,378,30,258,345,290,220,137,23,894,496,437,85,322,501,366,79,130,179,34
167,304,428,533,647,768,860,943,964,921,813,397,462,246,37,151,312,454,564,652,714,734,727,678,597,483,363,241,125,44,27,69,91,99,94,83,81,68,65,729,113,174,262,369,482,619,722,826,907,972,1019,1048,1047,1042,991,893,751,555,311,44,281,592,871,1109,1283,1375,1387,1335,1222,1074,915,774,662,596,604,1172,763,917,1106,1294,1468,1603,1679,1700,1627,1462,1202,862,460,36,378,741,1002,1149,1159,1029,796,474,124,226,520,745,868,1731,841,720,571,428,337,330,442,658,969,1314,1632,1859,1925,1811,1519,1097,617,170,174,21,1,15,33,18,6,24,86,44,38,54,351,396,427,432,389,309,214,117,43,1,18,24,40,75,157,271,397,524,654,769,733,693,584,414,225,24,160,310,418,464,443,376,274,148,37,42,84,66,5,126,280,435,583,709,762,780,758,265,586,415,216,15,256,507,715,866,938,918,826,675,513,355,240,175,174,200,259,338,423,500,571,615,649,648,606,512,377,207,4,190,379,546,673,917,793,785,746,678,579,494,423,362,310,310,328,356,406,473,542,607,670,712,739,720,667,567,433,264,66,142,307,260,528,561,532,444,339,253,172,136,136,69
119,115,171,101,101,325,450,385,179,74,265,365,274,172,117,100,74,84,341,577,568,247,272,693,768,490,0,420,579,454,186,86,227,240,177,61,34,102,118,24,37,155,204,131,72,291,402,310,44,271,494,522,312,73,476,664,486,1,487,637,327,208,579,498,39,478,693,468,47,528,704,521,136,210,394,1101,430,358,171,180,593,840,694,148,545,984,875,258,463,807,573,21,482,445,19,505,571,147,479,822,638,66,496,772,566,244,34,239,443,627,594,180,491,964,834,132,642,897,486,201,588,433,22,74,11,6,14,23,19,18,18,5,9,60,161,122,31,245,366,268,9,303,434,360,145,131,366,482,392,94,279,508,462,89,148,312,264,99,4,2,63,53,63,222,265,135,71,195,156,25,36,36,155,180,40,201,376,336,83,229,399,69,17,277,273,12,286,373,138,224,454,382,94,193,291,221,94,64,109,131,10,253,458,453,174,201,457,438,228,1,100,67,45,103,260,368,317,321,300,558,543,274,76,327,358,256,134,107,125,87,79,310,477,470,230,101,391,494,407,220,52,60,156,298,436,798,329,12,406,650,598,298,88,330,358,36
50,22,199,291,356,411,445,454,440,409,357,232,226,147,78,4,63,124,177,219,241,261,276,259,253,236,220,210,192,195,202,201,210,216,209,203,194,169,133,164,35,29,91,160,223,274,325,365,391,415,442,468,505,531,574,605,625,637,624,584,523,440,328,212,92,23,128,224,288,338,369,366,351,321,256,438,92,4,94,166,224,244,241,200,117,33,81,200,298,386,454,471,461,410,322,211,61,89,235,378,484,545,575,856,484,402,301,210,153,132,167,253,373,524,662,772,845,858,792,692,550,387,228,28,52,24,4,10,12,5,9,53,40,4,187,231,278,307,339,359,370,375,376,384,388,400,417,438,458,463,464,435,390,24,262,185,117,55,2,21,25,11,17,44,82,107,114,116,99,59,18,40,108,178,244,296,343,371,365,341,296,89,121,18,91,208,298,379,443,470,465,452,410,355,287,222,173,124,88,78,82,85,125,163,190,224,236,224,194,117,39,61,181,286,392,486,548,279,618,611,593,559,514,443,367,277,185,81,23,108,207,278,322,357,382,384,378,378,361,359,358,373,389,400,421,1054,450,468,475,451,433,398,345,271,190,33
4,58,190,271,333,381,399,404,390,364,329,200,233,172,111,49,0,39,56,52,31,6,38,59,83,86,85,75,64,49,39,30,22,16,0,10,12,1,20,315,124,184,247,301,344,377,399,429,452,481,512,551,569,573,561,529,480,401,306,201,78,57,189,321,444,541,608,641,642,610,559,500,452,415,402,1076,431,481,550,629,714,804,888,964,1021,1030,999,923,793,629,432,224,12,182,349,483,579,630,640,613,548,466,377,175,236,214,240,297,389,481,569,612,598,521,375,185,25,232,391,489,521,472,373,5,74,47,8,19,25,9,7,16,33,23,92,129,158,165,145,110,58,9,31,56,59,60,54,60,82,119,167,221,266,292,322,317,289,244,189,121,56,8,64,109,126,128,111,80,40,1,40,60,62,35,5,62,132,200,278,330,362,110,364,316,255,167,63,48,144,225,283,314,318,290,244,171,92,8,81,160,225,271,287,277,241,199,154,117,99,98,126,173,230,293,358,413,458,180,513,520,520,494,453,399,324,237,138,30,71,179,263,344,404,456,477,478,456,423,380,343,309,293,299,320,353,971,443,477,500,506,477,449,393,320,227,152
109,39,167,216,189,60,115,276,371,378,337,218,205,167,171,208,278,344,374,319,163,63,325,532,637,649,572,439,276,114,46,162,225,244,211,152,96,34,18,404,87,98,85,34,45,167,287,404,463,452,355,197,0,217,419,558,603,522,307,4,288,467,466,276,38,359,583,646,538,310,40,197,360,422,401,991,353,409,508,581,553,366,34,377,744,961,951,709,315,99,403,509,378,85,255,498,540,364,13,387,701,826,739,107,206,17,111,127,156,273,506,751,848,699,290,236,674,849,707,345,53,319,362,4,18,9,17,19,12,25,12,22,1,15,137,199,200,128,13,191,344,439,438,368,237,94,59,214,370,488,542,504,345,64,100,268,335,309,205,105,32,17,40,74,97,88,55,4,22,19,27,89,121,99,0,151,305,392,374,249,44,4,290,310,209,21,178,315,332,239,64,123,248,274,228,154,122,145,228,311,341,298,179,16,161,310,405,419,360,255,147,91,126,239,359,393,322,300,125,359,500,523,466,344,228,139,115,134,197,266,297,259,136,59,274,444,533,521,434,324,246,226,259,301,301,151,86,113,320,493,593,598,512,363,196,3
44,306,256,441,603,738,829,880,901,881,817,490,599,456,281,113,49,199,337,445,526,586,628,625,606,580,547,517,479,461,438,402,385,347,304,265,236,187,146,78,40,1,69,135,188,248,284,304,316,302,277,264,269,277,328,383,488,591,707,816,912,973,1009,1018,996,939,873,786,703,615,532,475,439,430,457,1340,641,797,994,1201,1420,1621,1780,1903,1964,1969,1897,1759,1563,1316,1012,666,286,107,509,882,1223,1500,1668,1740,1714,1613,1435,698,1044,880,800,794,876,1032,1246,1482,1701,1861,1939,1914,1779,1539,1224,869,508,179,88,3,7,3,41,11,37,18,103,0,52,99,251,366,485,575,653,693,720,711,707,694,700,734,779,827,884,938,959,949,895,99,702,554,408,267,129,31,39,82,83,68,31,1,33,49,45,24,30,112,221,356,493,643,775,884,939,956,897,478,656,479,267,69,145,316,460,558,629,617,594,534,435,314,165,1,173,346,499,632,720,760,743,695,618,519,428,338,264,214,189,181,191,205,224,579,232,215,192,156,89,49,4,82,145,220,282,362,429,498,569,610,628,625,579,487,351,190,2,210,426,668,857,1864,1225,1349,1406,1409,1360,1242,1088,888,657,28
54,33,191,279,346,359,283,126,77,253,355,432,305,240,203,215,261,318,314,231,42,230,516,722,788,674,403,78,196,343,370,299,211,152,115,92,54,4,40,395,8,101,201,256,240,151,8,149,318,451,523,507,374,137,144,419,582,576,396,92,226,429,459,292,14,340,557,590,432,140,171,423,529,509,416,899,277,262,214,52,221,573,870,981,832,437,68,513,746,693,398,14,288,359,168,200,562,749,651,292,178,570,757,638,502,275,110,11,82,248,504,730,794,590,138,397,783,845,570,115,293,457,343,12,7,11,14,4,5,13,17,31,34,28,174,175,117,7,173,322,397,366,232,40,159,330,445,499,457,332,108,166,416,203,536,366,125,84,189,178,108,31,9,30,72,96,86,64,47,56,97,151,172,126,0,171,336,429,389,234,11,3,296,267,121,73,219,251,142,47,241,347,332,225,94,15,6,41,64,5,140,331,475,515,415,229,28,132,203,190,151,128,169,262,390,481,468,505,89,187,403,500,461,321,167,71,72,153,262,319,268,100,150,413,599,665,600,444,261,103,6,71,120,191,297,1151,565,624,574,399,154,113,301,379,343,23
102,91,203,305,386,460,514,542,540,512,461,402,296,195,91,10,112,205,286,366,433,494,542,575,591,581,566,527,480,423,361,297,242,192,157,127,107,83,61,382,23,5,23,38,46,60,65,60,51,39,33,9,6,1,1,11,37,81,138,207,287,370,440,493,538,555,548,522,488,441,403,372,345,337,343,832,402,452,525,604,686,779,857,928,974,987,960,895,795,655,480,289,90,111,302,476,625,743,825,863,870,836,779,537,619,542,485,467,486,543,632,742,846,934,980,971,910,787,625,440,251,81,62,2,42,21,34,5,11,0,25,3,1,24,113,151,196,246,301,345,389,418,441,453,455,465,467,474,485,499,514,530,539,218,524,487,429,353,273,179,88,3,63,108,133,137,121,97,59,25,5,29,42,40,29,8,31,78,121,164,203,11,245,236,213,182,139,85,35,8,45,63,72,60,34,20,89,164,251,337,416,483,526,547,558,535,496,435,359,262,158,44,70,185,280,362,420,322,461,449,417,381,341,302,259,213,169,119,69,22,27,81,128,168,206,229,250,261,281,302,323,357,386,440,489,1104,577,598,608,589,554,485,409,321,216,18
17,55,106,93,68,58,56,58,47,50,39,4,19,50,98,148,197,255,317,371,446,502,551,596,622,623,599,557,485,407,316,228,145,74,29,3,23,24,20,553,10,40,71,117,169,227,285,340,396,451,509,550,586,622,644,635,613,561,484,380,255,117,27,170,311,435,546,630,686,718,720,689,635,561,468,1044,264,165,86,26,1,6,22,75,156,242,332,399,458,485,486,450,382,293,176,39,95,234,366,482,574,635,653,837,569,468,349,228,117,45,17,43,116,236,373,514,626,701,719,683,597,469,321,2,28,29,47,19,4,2,3,38,37,36,189,252,301,330,344,343,336,315,297,281,273,273,291,317,338,362,372,374,352,7,264,210,151,105,65,38,21,21,30,38,44,47,38,20,9,48,98,154,213,272,323,366,394,404,393,371,328,269,196,115,22,70,158,235,291,325,330,315,279,230,182,133,98,80,76,71,77,88,93,83,77,64,50,29,5,41,90,153,220,293,364,428,479,79,540,538,520,478,414,331,227,110,18,153,286,416,505,594,648,679,690,680,654,607,545,471,377,262,144,22,92,26,264,315,341,344,332,305,275,246,223,44
89,62,232,325,394,441,462,465,454,419,370,361,191,77,29,140,240,326,387,457,518,563,590,605,600,568,518,447,372,292,201,122,50,8,61,88,112,114,99,418,30,17,78,145,197,246,275,279,272,248,219,194,178,164,168,195,221,261,307,360,409,458,502,544,573,600,601,599,578,553,521,484,436,397,356,984,286,267,260,263,278,305,335,370,406,442,474,492,503,496,482,443,397,336,263,181,91,5,100,190,258,310,326,624,273,193,86,40,189,339,475,578,649,666,633,556,439,298,147,6,136,239,317,26,43,11,17,15,60,12,23,40,33,6,70,115,157,197,223,246,255,259,260,260,267,277,302,329,367,394,426,448,456,27,441,395,348,284,224,157,97,42,9,42,67,81,94,93,97,98,98,103,116,126,127,138,141,142,151,161,172,87,188,189,187,185,177,162,149,135,118,103,102,102,116,140,164,206,245,283,317,324,329,304,273,228,178,121,57,9,87,152,224,293,355,417,455,130,483,466,424,364,289,207,121,30,52,131,206,269,327,358,381,382,366,322,267,192,101,8,98,206,312,413,500,1246,645,685,697,680,637,567,484,372,257,0
39,25,91,190,280,350,390,409,402,380,346,380,265,225,177,153,120,104,100,99,109,137,166,210,248,287,317,316,298,266,201,136,78,11,36,70,102,103,99,578,52,21,2,58,92,137,205,244,325,391,439,516,557,603,662,662,676,664,593,535,417,287,163,11,151,299,451,552,647,701,704,694,627,535,431,730,151,24,104,180,242,267,247,205,124,24,79,183,288,359,412,431,404,354,268,137,4,151,314,445,577,665,689,898,629,525,408,258,130,43,24,16,37,133,274,410,533,627,663,650,589,481,352,8,6,31,8,2,4,12,29,2,3,10,83,120,167,224,279,339,390,416,447,451,447,453,447,456,474,491,514,539,541,252,516,470,408,333,242,165,86,18,30,72,96,97,110,100,87,91,86,89,113,122,145,179,197,232,258,275,297,134,287,260,204,139,65,22,107,181,238,265,258,230,177,93,6,88,182,264,323,372,394,391,368,332,294,262,221,179,163,143,127,133,115,122,132,147,148,155,153,171,159,126,112,41,28,98,195,271,334,404,428,448,461,439,416,381,293,213,104,28,152,300,433,710,649,715,744,757,712,655,573,466,366,39
168,86,250,416,541,674,782,865,912,916,891,643,669,489,244,13,296,590,852,1086,1274,1399,1448,1420,1328,1187,1007,799,599,416,298,206,152,130,116,102,80,57,23,168,56,67,86,116,140,192,267,356,466,583,727,846,985,1105,1228,1316,1379,1391,1325,1186,968,680,334,47,425,774,1074,1319,1478,1554,1554,1482,1337,1140,912,1898,461,306,233,242,336,504,725,968,1201,1387,1508,1563,1536,1416,1221,948,615,213,215,651,1053,1403,1663,1809,1822,1740,1557,873,1071,853,716,670,736,899,1134,1390,1607,1750,1761,1632,1374,999,569,134,234,493,626,14,27,57,61,3,0,0,30,60,5,37,278,384,500,619,710,772,794,782,764,753,747,764,786,813,842,805,755,671,558,214,256,129,21,41,50,55,17,35,89,151,200,220,223,199,146,69,19,124,216,309,360,379,361,299,205,91,36,164,262,362,428,457,453,421,350,263,165,64,14,60,59,13,73,198,353,507,649,766,843,903,903,865,789,677,536,395,251,133,42,14,21,76,172,765,378,443,488,471,440,357,282,138,9,167,361,553,763,973,1133,1257,1328,1322,1253,1124,955,760,546,328,132,41,205,563,384,400,350,272,157,31,72,138,165,237
84,138,60,182,296,391,474,524,543,537,504,357,366,272,167,52,67,190,304,415,507,578,630,653,648,616,566,500,416,333,257,183,129,86,48,30,21,10,8,361,2,3,5,4,18,37,60,92,124,158,191,211,237,242,245,225,184,123,42,64,184,307,436,552,647,717,766,787,784,759,714,660,590,515,440,1041,316,276,262,268,291,336,387,455,526,582,644,670,686,669,622,557,462,338,194,47,116,270,421,543,637,698,705,913,600,492,359,223,103,8,48,59,21,59,169,295,418,518,579,597,571,500,401,7,21,12,30,17,1,20,1,19,3,32,66,54,35,11,17,49,75,100,113,110,102,84,65,61,63,77,108,138,171,297,204,205,189,165,129,93,54,14,22,47,70,71,68,51,26,8,46,93,140,190,237,277,307,319,312,284,237,215,106,25,55,137,206,262,306,333,341,326,299,267,229,188,153,106,75,39,9,14,35,58,64,67,66,65,66,72,81,104,143,184,239,279,330,19,380,379,364,325,270,209,143,63,18,94,172,251,317,371,411,433,436,421,391,342,273,180,72,57,191,342,468,920,676,726,751,743,710,654,586,504,407,43
134,58,135,244,349,443,519,572,589,565,510,369,364,290,233,201,197,219,270,346,447,562,663,754,798,802,752,666,558,448,335,238,165,106,66,43,21,7,0,45,13,27,45,77,110,151,210,260,318,374,419,454,471,443,404,324,210,68,93,259,416,534,605,616,559,440,282,94,91,258,375,440,452,409,329,762,145,82,54,76,144,265,415,583,745,876,949,950,869,711,496,243,5,237,415,527,567,523,400,212,1,215,386,805,516,476,385,281,208,189,241,361,532,713,865,942,924,799,578,313,47,162,296,17,2,21,12,33,5,36,21,4,39,27,137,145,144,125,81,16,69,151,234,303,359,411,452,495,536,578,605,613,594,202,459,349,233,123,37,15,32,15,19,66,103,126,125,109,76,38,4,23,27,11,18,75,143,219,283,335,355,279,296,219,122,1,109,216,305,356,376,356,312,259,208,180,182,204,256,312,378,432,472,513,528,523,490,437,362,280,209,170,165,206,283,382,484,172,619,636,624,581,527,454,378,284,179,78,25,102,143,145,101,32,61,135,187,209,190,148,83,4,78,161,227,209,313,304,262,192,107,18,55,102,119,28
124,82,86,329,517,712,859,984,1067,1093,1070,494,841,670,435,190,82,350,613,857,1076,1250,1400,1519,1580,1595,1569,1494,1387,1228,1081,874,705,529,384,259,136,88,34,1516,18,49,69,87,126,158,228,286,382,497,627,776,917,1073,1189,1269,1307,1300,1229,1078,940,714,491,222,28,261,471,609,730,764,770,704,598,450,267,337,194,428,702,958,1202,1430,1600,1751,1812,1845,1771,1650,1464,1213,922,580,231,141,508,851,1153,1388,1595,1687,1730,1693,1592,1148,1290,1127,984,896,849,877,975,1112,1297,1463,1603,1687,1710,1641,1494,1285,1028,755,480,130,131,34,31,50,18,57,100,55,45,141,297,304,311,300,302,296,303,302,336,379,424,492,547,615,647,680,671,640,591,251,424,316,211,124,48,16,73,109,135,146,160,174,196,213,254,296,344,403,465,527,588,639,679,704,717,687,654,469,516,441,327,236,118,31,41,112,135,135,97,33,51,165,283,408,545,672,800,917,1008,1078,1105,1092,1014,873,680,440,171,128,412,681,914,1096,1222,821,1315,1288,1221,1120,999,838,649,437,213,33,276,509,724,900,1043,1135,1165,1150,1064,955,796,603,387,165,73,329,574,1278,1054,1254,1391,1474,1498,1451,1326,1139,933,159
154,10,122,99,53,6,88,179,263,337,393,195,433,406,359,281,184,69,64,194,330,454,564,658,730,774,800,800,777,730,666,595,510,420,326,244,177,124,81,658,54,68,91,128,167,205,239,271,289,297,301,296,296,293,293,304,323,344,372,411,454,502,541,590,637,677,721,756,781,787,776,750,684,604,498,935,233,83,70,213,356,473,570,655,709,737,729,692,631,534,417,274,120,51,221,389,533,659,754,820,846,833,794,859,641,537,431,318,214,121,46,9,35,39,14,33,86,156,217,278,324,341,356,13,21,12,17,27,17,3,6,7,25,13,59,93,129,161,191,209,219,210,189,156,110,54,7,73,132,185,227,251,264,239,243,218,187,151,109,68,28,9,45,77,105,127,146,163,170,168,159,145,109,73,36,5,37,69,92,107,111,287,62,19,29,84,136,184,225,250,263,258,239,204,165,108,41,36,107,189,261,335,403,451,489,499,491,461,397,308,195,76,60,194,327,446,548,462,672,698,681,641,570,475,357,226,77,57,190,306,395,451,477,472,430,362,264,156,32,83,202,302,381,451,494,1237,509,498,454,401,335,263,189,106,29,40
6,25,4,76,151,221,278,314,323,319,290,47,164,70,31,141,259,383,500,624,731,832,916,967,999,1001,975,921,846,754,655,556,454,356,278,210,151,102,54,612,11,34,47,44,36,13,27,73,134,189,259,317,377,420,444,440,423,373,297,198,77,57,202,348,480,604,705,778,813,827,805,756,682,590,498,1066,301,224,161,123,110,118,155,211,273,350,425,489,553,589,600,595,560,492,395,282,143,8,161,302,424,512,554,940,506,429,322,200,89,7,36,36,13,103,221,350,474,567,621,633,604,535,442,5,38,5,10,12,16,4,34,18,28,22,119,162,213,266,319,364,405,434,459,485,502,524,547,574,600,619,631,637,621,251,534,467,380,289,192,98,9,62,117,152,173,182,179,168,155,145,135,128,129,134,138,150,162,179,192,209,221,26,228,219,192,158,120,70,25,13,54,66,70,47,18,38,104,179,261,330,400,467,514,541,553,554,518,474,400,320,222,118,21,89,183,264,330,411,416,425,417,391,362,314,260,196,127,51,8,76,128,168,210,233,259,279,296,312,335,358,378,407,430,443,457,1105,452,447,437,419,392,369,343,309,268,22
47,0,197,253,309,369,438,502,519,488,432,170,332,288,266,300,376,467,558,628,672,646,534,349,132,94,318,494,611,645,631,573,477,364,252,148,60,11,78,46,158,184,188,190,169,146,126,102,89,69,38,18,121,248,416,577,714,758,707,540,297,6,311,560,722,766,708,557,338,89,158,348,459,487,448,961,278,240,283,408,588,776,929,1017,998,866,636,340,33,258,482,588,552,368,110,205,501,718,790,720,539,285,38,732,289,330,319,302,315,395,538,725,883,951,881,670,351,22,343,554,607,509,326,13,61,31,8,22,6,18,26,11,44,28,125,93,44,20,109,205,301,377,442,488,526,541,527,488,418,312,163,13,185,279,412,430,391,293,177,74,13,2,30,71,117,160,181,174,160,141,134,145,177,235,315,407,481,516,505,440,326,432,31,99,186,222,210,145,38,83,194,285,327,326,290,245,229,232,273,338,430,497,520,487,411,319,205,97,31,28,69,131,203,268,301,277,205,210,5,103,191,258,299,299,254,184,101,7,76,126,111,51,44,142,248,341,403,416,385,349,327,304,309,343,439,1200,686,780,845,874,841,746,611,488,386,79
97,55,93,39,281,466,460,254,50,296,405,336,264,145,66,15,156,392,612,627,306,266,805,978,679,63,538,821,688,268,187,432,394,166,54,139,90,13,87,62,51,18,88,149,172,147,70,39,169,309,395,327,42,377,700,660,191,430,792,633,37,560,725,334,315,759,676,129,506,827,656,169,310,519,435,869,191,183,74,257,681,882,592,125,857,1134,746,69,764,891,410,284,630,375,244,662,517,117,737,856,397,289,717,573,323,35,220,282,369,469,391,2,570,893,648,80,762,878,358,343,669,422,93,15,17,28,39,5,4,16,29,14,7,19,99,30,182,268,210,1,267,431,381,130,189,446,522,384,62,315,571,550,244,350,434,409,168,72,139,47,55,38,86,210,204,79,68,158,154,132,127,120,62,86,271,382,310,53,270,471,408,217,227,375,238,58,256,188,63,285,304,107,141,271,257,175,101,42,51,196,352,395,273,4,302,479,437,240,9,147,194,227,282,340,289,68,245,75,542,355,60,198,322,311,238,160,111,81,19,146,350,506,464,196,177,470,553,447,251,67,100,278,461,581,516,123,185,609,803,660,238,244,537,510,286,14
91,98,223,338,424,475,496,488,461,401,328,250,129,13,99,214,326,438,526,619,693,736,769,775,768,731,670,607,518,427,331,242,166,103,59,36,37,46,68,79,120,147,158,164,157,133,97,55,2,58,122,184,245,284,319,320,299,244,166,63,61,185,321,450,566,656,726,774,794,784,750,680,588,468,320,593,25,213,399,579,737,872,972,1038,1068,1057,1018,941,833,699,541,363,174,25,218,405,578,718,832,902,934,921,871,807,669,533,387,239,112,5,71,108,109,75,8,85,189,288,377,446,494,504,500,7,2,10,28,15,2,10,26,20,20,68,66,100,131,158,178,199,215,234,256,277,307,338,374,405,436,447,453,448,433,54,357,309,244,176,109,42,23,81,129,166,190,202,207,199,183,153,120,85,40,7,58,106,147,186,209,218,204,287,125,64,3,83,164,239,299,347,381,393,388,366,325,267,194,105,15,85,180,271,352,412,446,462,450,420,358,288,195,102,4,89,179,258,317,345,412,428,428,415,374,331,259,176,81,25,141,245,354,440,499,538,544,516,463,382,276,158,32,91,218,333,432,755,602,654,687,693,675,633,557,447,327,75
169,71,314,365,337,247,128,2,118,206,280,391,335,311,279,272,310,407,538,648,692,608,409,107,230,530,717,760,669,489,284,95,43,118,147,120,67,18,88,519,134,108,98,115,160,200,214,196,132,50,59,196,370,562,702,724,580,269,125,480,691,688,470,112,285,622,808,806,618,307,41,324,472,466,353,1252,148,209,403,635,813,824,628,253,223,670,977,1061,903,543,90,330,574,581,325,88,525,818,885,697,332,83,424,957,600,489,365,316,365,466,522,426,141,286,706,967,950,664,212,229,507,549,385,2,8,7,3,7,39,4,8,11,20,23,30,134,228,296,314,270,170,31,119,265,394,481,524,513,426,287,99,107,298,314,451,392,256,106,1,25,35,140,228,257,215,128,44,5,15,0,11,13,80,167,269,357,404,421,369,259,94,184,242,326,293,148,39,209,299,293,206,83,39,127,188,225,245,253,253,266,299,356,398,387,314,179,26,94,146,145,126,120,166,259,379,488,560,268,532,435,296,151,18,62,100,89,45,0,10,45,147,297,445,555,596,556,473,371,296,271,260,265,249,187,72,536,270,462,618,702,698,582,415,226,89,86
43,40,61,113,350,530,553,408,149,122,297,452,294,195,161,228,346,438,378,119,280,668,884,824,519,77,341,601,638,480,212,59,217,218,121,15,105,108,55,643,45,51,55,87,151,215,242,217,90,112,355,564,642,506,146,332,714,821,576,62,480,775,665,189,406,827,876,524,46,576,836,775,466,107,125,546,114,120,305,602,822,761,324,352,968,1234,1011,408,302,788,855,502,49,497,590,267,275,737,847,523,64,604,838,518,381,67,85,110,168,364,634,770,566,12,648,1036,921,363,300,691,636,243,183,48,20,17,19,22,3,15,23,10,14,18,181,249,232,114,86,296,430,428,291,54,205,408,515,484,336,76,218,444,537,104,204,60,233,258,154,28,48,16,75,167,181,109,0,90,126,120,123,148,200,222,162,10,177,341,406,348,191,72,207,278,209,39,123,187,105,74,251,326,283,153,21,79,135,171,230,306,357,347,241,37,201,395,472,418,295,181,112,85,39,90,282,479,590,207,356,80,186,349,380,300,187,127,168,276,356,331,150,135,429,619,650,541,334,117,64,180,253,326,430,525,556,476,207,139,450,621,606,426,172,40,124,53
49,23,13,5,2,13,37,65,102,139,173,208,222,232,228,211,199,183,160,149,131,133,134,131,143,136,133,125,119,111,103,88,65,57,57,63,54,51,53,220,88,96,103,103,101,100,91,63,18,36,74,100,119,137,123,102,39,46,154,265,380,494,611,707,791,842,867,873,855,811,753,677,580,485,384,1087,217,143,94,69,71,103,148,212,289,371,454,520,572,606,624,615,594,537,473,390,289,175,51,72,182,265,321,785,311,233,109,35,197,345,483,588,641,633,567,460,323,160,2,148,267,346,385,5,43,19,27,4,7,36,36,26,20,13,25,58,87,123,152,179,204,204,198,180,148,116,83,48,28,8,9,18,30,252,65,74,79,66,46,17,24,59,92,123,134,138,125,83,42,15,86,145,214,270,318,358,378,382,384,362,341,308,267,216,159,107,45,16,73,120,162,181,178,170,142,108,47,26,98,175,245,308,364,406,436,444,420,382,334,270,201,115,25,51,118,162,202,217,262,267,258,230,217,189,149,100,26,39,96,152,207,257,303,326,340,351,357,376,379,386,380,363,349,316,274,754,171,117,69,26,5,18,31,30,22,65
43,81,257,394,506,587,599,558,470,347,219,49,34,24,72,155,260,351,402,381,281,111,109,350,572,743,827,814,722,576,396,225,94,4,26,33,26,3,15,763,65,96,124,140,143,134,126,135,183,267,383,500,582,604,541,385,152,139,429,663,786,753,561,237,164,554,853,989,953,766,485,185,50,194,221,422,60,38,83,38,120,365,654,930,1123,1170,1043,764,374,35,378,583,606,438,141,217,558,791,872,778,537,215,106,858,478,476,390,295,247,311,468,670,825,847,688,358,53,443,696,760,628,369,77,17,12,23,14,24,13,29,18,4,18,14,227,236,197,112,18,162,292,385,446,474,484,481,470,433,366,250,104,61,226,404,439,453,410,310,199,94,26,8,40,100,176,234,265,266,254,226,215,219,233,265,281,299,296,268,211,131,33,37,155,200,196,140,43,58,146,199,201,175,130,90,64,58,67,66,44,1,63,146,236,317,378,416,420,402,357,313,272,280,307,378,462,558,621,292,590,480,329,166,27,63,81,25,87,228,373,463,493,445,324,155,29,185,294,336,317,265,213,174,180,243,349,1233,615,720,779,769,691,565,399,242,119,38
157,38,121,306,429,368,100,254,521,573,413,51,27,101,112,146,257,434,551,499,208,252,700,927,790,337,223,635,740,553,205,145,334,328,165,36,164,158,28,690,223,208,109,19,111,157,175,217,264,250,85,224,562,736,556,63,510,827,688,162,426,713,521,32,594,803,507,119,713,936,690,151,356,587,528,1070,215,188,149,46,401,779,890,580,91,790,1110,846,171,504,762,475,84,489,448,1,514,716,443,146,680,839,566,425,346,492,437,349,312,233,18,448,803,785,285,416,875,783,233,363,603,386,48,0,2,21,22,13,11,0,18,24,36,44,168,9,200,331,282,68,205,405,439,319,94,162,398,543,512,271,109,466,621,89,164,179,369,351,189,25,48,8,58,64,13,135,212,208,136,47,23,81,154,235,282,242,94,132,344,431,332,313,133,267,223,75,66,90,2,139,224,181,71,48,155,230,281,308,255,99,140,370,500,461,273,10,207,311,316,265,223,207,174,43,178,433,583,288,260,102,403,506,406,182,15,63,35,143,107,119,421,615,554,246,143,442,547,494,346,192,67,59,201,373,509,862,401,88,295,591,657,463,123,158,259,9
164,26,103,149,200,240,268,302,318,312,310,218,264,236,191,140,95,41,22,74,139,202,253,312,362,388,420,422,407,393,343,286,229,154,73,18,50,110,141,730,192,199,193,168,128,83,22,59,130,226,310,383,462,519,554,576,559,516,457,353,234,100,58,208,362,510,630,724,792,811,799,754,666,556,421,718,98,73,245,396,544,666,754,817,841,818,767,676,552,413,236,60,118,291,448,577,685,744,775,771,732,664,588,261,415,345,303,297,327,382,476,585,700,806,880,927,931,888,798,681,536,384,238,13,6,23,50,33,41,17,0,19,17,46,182,248,309,354,389,413,423,426,423,411,404,398,398,410,423,439,458,471,466,339,438,394,339,261,177,90,8,73,141,193,223,229,220,194,146,94,33,33,90,145,203,237,278,306,314,322,316,466,267,217,154,97,16,60,118,179,227,250,261,253,214,175,124,54,5,72,140,189,241,285,306,329,337,324,308,279,235,187,125,63,2,62,119,309,204,235,240,246,237,210,181,137,81,30,38,103,163,230,296,339,392,424,441,447,435,410,373,320,252,191,121,680,10,76,128,157,181,183,168,146,111,29
235,54,10,75,244,401,492,458,312,106,86,234,257,251,261,321,436,527,517,352,19,401,769,946,879,590,173,232,499,584,506,344,145,3,91,112,92,37,32,31,137,122,68,37,175,299,377,394,329,189,10,236,458,607,620,453,102,308,625,693,451,4,461,698,598,204,285,676,808,649,302,80,367,500,495,1088,352,344,338,246,7,390,793,1022,910,459,158,695,905,718,254,225,482,395,31,396,643,556,164,356,750,830,604,325,141,300,295,276,345,504,595,446,8,562,951,921,477,156,637,738,451,1,353,50,6,34,22,13,7,6,25,29,5,44,125,236,296,257,108,113,322,435,422,292,91,132,330,472,521,446,238,38,302,204,458,321,138,3,68,73,57,53,88,119,133,123,97,60,44,40,25,7,54,131,227,289,288,194,21,179,312,313,200,24,115,135,33,120,226,219,111,30,147,183,175,159,171,221,261,252,160,22,240,433,526,483,337,152,1,91,111,136,203,321,454,528,483,233,14,319,523,575,462,249,58,25,17,125,197,148,48,317,557,658,586,384,143,57,195,278,344,438,533,596,549,478,90,251,542,710,695,526,265,23,129,75
261,75,36,78,309,432,266,123,463,503,252,55,237,278,290,300,206,109,520,705,453,162,749,851,397,300,738,653,178,303,479,325,39,151,170,92,10,54,31,254,126,118,8,212,324,230,38,327,474,357,16,391,632,477,29,563,702,283,354,658,353,274,630,337,321,722,477,213,731,675,143,418,620,433,95,561,331,419,421,184,302,759,769,162,662,1010,562,302,827,597,88,516,315,217,446,74,508,664,127,606,842,359,364,705,455,70,147,250,413,493,180,489,918,556,358,956,646,232,747,458,207,513,228,22,31,36,37,66,36,7,10,26,1,4,33,194,237,58,243,420,292,72,401,461,238,128,415,461,222,167,459,445,125,227,413,261,10,165,154,79,56,80,45,69,189,200,77,68,153,150,114,77,0,131,257,249,42,235,367,216,100,113,211,47,189,75,141,197,13,229,274,98,130,214,174,93,53,2,146,315,341,119,265,517,447,88,295,443,330,117,31,137,245,367,335,63,349,148,485,40,404,547,337,5,190,180,124,143,230,202,44,385,562,382,46,454,585,420,91,216,420,498,406,119,294,1308,653,300,227,628,639,300,148,405,367,10
99,38,13,25,81,117,160,197,221,248,255,146,258,245,213,181,125,80,23,35,89,139,181,213,233,252,258,255,247,232,205,175,146,107,69,33,0,37,63,581,97,102,101,77,51,12,28,76,134,190,246,299,356,388,424,428,426,387,326,241,132,10,123,256,391,511,612,690,737,753,739,691,619,520,393,599,95,65,215,358,482,583,661,704,725,705,653,581,472,342,200,41,118,274,418,539,646,707,742,742,724,668,606,329,477,421,393,393,421,478,559,656,755,844,905,931,915,859,760,628,479,320,175,9,15,5,34,20,0,5,10,0,21,20,180,235,283,332,369,401,427,449,460,470,479,490,494,505,510,516,516,506,490,288,428,377,319,249,182,106,37,22,82,131,163,178,175,160,131,89,35,16,72,128,180,221,254,273,280,269,258,395,181,128,70,6,59,125,174,223,257,274,272,254,220,173,112,53,14,84,148,211,267,311,350,376,379,384,363,328,280,232,165,104,37,23,76,374,162,190,208,216,225,211,183,146,95,35,35,103,180,247,312,368,415,452,466,472,465,439,407,365,314,253,191,674,70,19,28,70,103,126,139,146,139,62
0,65,12,50,141,268,397,504,566,559,490,357,274,193,164,185,275,371,469,524,511,410,233,3,263,497,671,766,766,675,515,317,128,27,129,159,133,63,16,796,97,101,98,101,126,177,245,321,392,450,483,477,416,280,67,202,477,696,795,725,487,140,244,574,765,785,639,372,50,257,502,650,688,625,508,1126,297,295,378,508,636,689,605,369,22,377,728,944,983,830,526,149,203,438,493,343,41,335,682,897,935,784,504,247,67,207,232,170,116,144,282,503,738,877,834,592,212,202,522,655,589,379,117,15,31,23,47,0,39,29,6,4,39,33,86,24,74,197,321,417,455,432,354,243,129,18,80,184,296,412,520,583,588,71,372,178,1,124,185,157,80,16,88,105,65,6,84,138,154,135,109,89,103,152,215,289,351,389,379,316,210,322,61,163,207,178,99,10,116,192,234,224,185,145,113,95,99,108,109,86,15,92,224,354,451,481,460,397,325,263,255,276,332,395,444,458,418,277,209,63,82,202,276,275,213,106,3,87,112,65,51,211,380,523,603,621,581,505,415,343,305,308,346,406,465,578,419,297,113,94,279,409,460,415,320,19
44,22,127,146,57,130,350,497,470,280,6,231,299,269,211,200,259,318,270,44,319,672,826,657,224,305,684,765,556,194,157,356,366,231,39,114,162,79,70,612,232,156,24,87,151,185,226,279,291,196,32,340,606,689,491,39,480,815,759,308,305,728,688,212,410,799,714,225,385,784,794,470,31,291,398,1101,290,306,362,332,80,359,794,959,694,71,605,963,821,277,321,601,424,51,466,502,121,446,817,735,231,400,790,753,421,31,186,230,259,396,561,531,156,440,892,871,363,309,711,628,195,244,398,24,43,9,39,31,2,20,6,10,13,13,106,230,267,155,80,317,430,357,139,120,333,458,468,349,102,233,527,641,506,82,196,430,427,252,54,47,23,41,54,12,126,210,218,163,80,3,60,118,177,231,249,208,85,99,293,390,329,199,128,261,215,37,125,163,52,132,262,267,166,20,99,174,228,283,310,273,131,101,350,503,494,329,97,113,231,270,260,282,327,328,223,26,336,130,605,417,104,195,344,297,157,29,35,167,320,358,175,180,541,717,619,304,62,305,380,345,302,317,356,329,151,701,520,731,698,425,44,278,441,425,300,137
80,29,162,242,301,284,182,29,157,301,392,343,379,337,317,347,426,531,604,606,510,300,7,312,598,782,844,758,563,318,80,109,225,260,224,159,59,39,117,125,180,166,123,64,18,119,220,331,433,517,565,560,470,296,37,263,534,706,710,539,218,155,483,664,633,423,72,303,608,771,762,609,377,150,15,292,100,100,167,331,561,799,939,902,652,234,244,651,870,835,580,199,170,392,394,169,204,572,804,802,579,208,168,780,541,511,439,405,445,521,531,398,85,328,721,931,874,568,137,261,486,485,301,7,5,0,19,23,29,4,23,1,39,8,24,101,234,339,385,343,224,51,134,309,438,521,545,513,411,251,43,169,351,223,464,384,255,134,54,29,47,68,87,77,43,1,43,71,89,102,116,142,183,237,284,306,291,210,71,90,235,149,298,185,38,107,179,164,68,66,181,246,260,226,180,162,167,205,240,233,168,30,142,320,452,510,497,420,327,254,221,223,232,223,158,29,147,51,514,615,629,535,379,210,81,42,88,193,314,371,350,223,6,238,449,572,593,538,454,385,377,405,462,464,384,72,33,308,532,677,722,668,545,399,250,5
18,1,194,274,353,408,451,463,451,422,374,432,230,148,64,8,77,136,184,213,235,228,217,182,134,73,21,46,88,113,122,116,101,75,51,25,16,12,33,502,110,164,210,253,283,311,330,362,397,427,471,516,550,584,594,587,540,457,343,192,31,144,310,462,584,679,734,759,746,699,637,566,500,440,401,884,398,438,515,608,721,830,933,1009,1055,1048,1005,907,765,585,378,150,69,273,443,559,620,627,575,467,338,202,76,519,50,39,32,134,254,352,418,427,366,247,75,118,310,463,563,604,584,510,402,9,4,32,12,25,21,0,16,6,41,52,111,179,257,333,400,456,492,513,517,516,505,499,491,490,493,488,479,461,425,41,318,252,190,134,103,85,82,97,120,139,157,155,139,105,52,1,66,124,179,215,250,267,275,266,249,220,178,206,70,15,47,95,138,157,165,149,120,93,66,55,55,86,133,197,271,354,429,504,547,581,588,579,548,517,463,421,375,349,337,333,346,371,397,75,429,417,402,350,304,227,146,43,54,167,269,374,469,557,628,679,698,694,665,606,545,472,415,355,314,291,277,716,298,304,323,324,318,290,256,206,145,11
87,44,193,299,339,258,65,163,360,454,442,286,238,166,131,110,21,143,415,684,825,735,384,107,577,847,837,591,222,119,314,359,279,152,31,40,62,46,4,502,158,214,237,192,83,80,262,429,521,515,374,119,207,525,723,715,453,33,413,671,635,296,181,573,692,464,26,450,739,748,491,122,218,408,452,1078,381,387,377,268,8,417,798,973,819,339,268,766,900,665,149,330,546,375,56,489,642,394,123,644,868,712,270,678,430,441,339,296,362,419,298,83,589,934,877,402,250,744,795,457,55,400,444,14,6,19,26,37,16,3,3,2,35,53,127,101,30,223,369,391,250,2,264,442,492,417,239,17,218,424,527,498,318,188,199,346,362,273,143,50,17,22,16,5,63,116,148,151,142,132,129,126,79,23,162,306,389,365,220,12,198,201,298,160,34,141,137,12,161,261,237,111,38,139,166,179,184,244,300,297,196,0,265,487,575,520,342,103,90,204,251,263,311,392,468,435,282,125,336,575,636,513,289,43,68,85,9,40,11,136,362,542,611,496,245,54,308,454,499,482,450,416,344,199,36,751,596,742,722,501,175,132,346,391,308,30
303,34,232,262,189,25,180,360,467,480,415,324,196,162,187,238,244,158,45,330,621,813,838,677,351,34,383,592,628,497,293,82,54,110,91,38,15,65,105,123,141,136,111,60,19,120,247,372,451,471,399,229,21,301,547,711,717,520,162,261,590,694,519,127,335,675,779,603,238,176,513,679,663,512,327,501,135,126,81,71,351,687,953,1009,779,311,240,680,861,723,341,114,431,480,239,180,585,780,665,288,199,600,758,596,420,174,36,5,10,122,382,702,901,818,410,180,688,901,724,283,182,441,417,1,28,16,13,19,12,3,7,27,32,15,132,223,257,188,18,208,404,501,480,355,167,27,213,377,497,544,492,333,104,240,344,415,366,236,99,21,26,76,121,117,53,29,98,120,104,96,123,176,245,275,245,143,1,153,285,339,315,355,49,111,203,179,74,73,194,219,155,37,84,157,175,162,166,208,283,342,332,224,32,182,371,473,495,448,360,284,199,151,102,30,86,251,449,170,679,610,405,143,92,216,219,120,15,23,43,207,400,547,593,519,346,135,56,187,256,294,344,416,513,595,619,681,326,31,290,553,681,645,465,244,50,69
128,105,176,268,356,425,459,484,493,476,434,370,287,180,55,82,223,367,510,644,752,844,900,924,920,882,824,752,667,579,498,406,325,254,195,151,112,97,89,442,79,100,128,160,201,247,290,313,332,339,338,333,337,344,355,380,418,469,525,588,658,718,777,816,855,870,880,876,857,821,775,719,640,557,457,1161,230,118,6,88,168,230,274,302,299,281,233,171,82,13,121,237,353,454,539,609,656,687,695,675,639,586,520,247,386,333,297,277,296,341,411,505,612,715,801,856,878,857,792,692,573,434,301,25,10,40,19,1,0,21,6,6,4,10,74,80,81,77,68,62,51,56,74,104,146,202,265,329,389,434,470,492,495,77,435,385,324,259,186,113,44,20,74,120,151,174,185,192,185,174,154,132,99,75,41,9,26,50,63,71,72,307,29,3,40,80,117,151,181,208,224,237,241,241,235,221,196,167,120,57,5,62,123,171,208,226,244,247,239,224,213,204,184,157,128,88,39,97,57,89,125,146,141,122,95,45,21,99,170,262,347,421,480,521,545,541,521,476,410,326,218,117,2,124,230,243,415,478,519,530,528,490,427,338,249,58
47,29,51,171,325,445,462,344,130,112,280,316,273,176,115,148,249,382,474,476,345,80,253,584,796,831,649,328,34,317,448,443,320,144,20,136,176,128,18,834,189,217,193,155,142,152,166,142,36,145,372,568,670,617,386,19,391,709,790,591,145,366,736,820,572,93,438,814,917,726,363,57,368,493,444,1057,228,257,393,526,524,298,139,651,1042,1135,871,349,241,667,768,533,85,355,576,471,90,406,786,873,637,194,265,1018,598,468,306,242,291,342,260,37,474,855,970,719,197,365,697,680,366,44,342,44,24,3,7,24,8,4,21,11,29,57,219,123,58,268,417,439,332,136,79,252,370,443,477,464,352,127,171,463,644,275,463,186,76,232,255,175,75,7,12,50,136,210,229,202,149,93,56,33,0,69,169,286,374,377,296,132,61,126,310,270,130,40,179,214,128,28,182,269,260,199,132,97,94,76,2,132,306,452,530,489,348,139,60,203,263,253,216,210,278,377,471,468,346,219,158,369,471,451,341,189,70,27,71,190,321,384,322,121,165,440,612,634,530,354,191,94,70,72,47,46,229,1168,646,714,626,399,101,165,320,353,279,19
264,87,122,221,319,334,231,17,220,405,459,417,262,171,147,176,181,85,151,456,715,808,673,321,133,538,769,762,539,209,104,311,360,276,120,29,116,119,45,705,139,191,215,207,162,97,15,178,354,513,567,471,198,192,572,793,741,418,80,530,734,591,158,363,711,726,396,118,581,811,741,451,86,202,346,1007,406,475,560,571,391,20,550,999,1137,873,287,380,827,876,530,5,407,478,195,259,607,626,290,226,651,785,598,151,67,219,255,293,425,587,604,326,204,756,1025,823,246,394,759,686,280,182,435,18,11,3,5,7,53,9,29,6,25,32,241,163,23,247,401,414,272,26,226,415,499,468,334,108,163,432,610,602,421,102,213,416,438,307,128,1,38,0,39,40,24,105,155,163,149,126,119,119,88,0,138,287,379,375,249,40,185,214,338,220,33,122,177,96,51,181,229,177,76,29,109,171,224,290,332,323,221,25,219,435,560,529,378,170,21,133,185,213,268,368,468,499,392,197,194,468,590,522,336,121,16,37,33,121,127,8,221,481,638,613,410,100,186,360,406,378,358,374,420,401,250,416,390,670,771,674,414,99,171,329,356,134
49,105,0,50,134,252,374,447,439,335,173,44,97,113,61,15,33,175,402,638,764,699,433,33,391,709,837,761,513,209,69,238,287,241,144,40,39,94,113,555,77,29,58,172,276,348,374,359,293,169,40,304,566,732,729,523,150,297,652,785,625,235,246,630,792,658,296,169,571,793,775,573,290,30,132,668,208,272,431,641,795,773,512,57,482,915,1094,930,491,47,478,626,455,77,324,561,512,188,268,655,809,682,368,604,211,294,294,311,403,545,609,460,59,476,898,1003,722,190,335,629,601,328,0,5,7,14,24,0,18,11,10,22,43,15,179,276,282,162,47,272,434,488,436,302,115,86,295,486,596,602,473,228,81,318,515,521,385,175,5,103,104,48,19,51,30,12,76,128,159,174,192,216,231,215,137,6,158,316,423,432,336,209,51,212,272,215,64,93,195,199,113,16,107,156,187,224,271,322,322,263,132,49,260,446,555,551,442,285,143,54,16,5,48,137,293,462,588,287,476,230,45,255,346,305,190,63,8,18,144,339,504,548,437,206,68,301,445,498,474,420,395,406,445,428,296,193,284,569,747,757,623,399,165,11,82,4
68,9,161,228,266,278,270,247,199,140,73,83,81,172,251,342,429,520,607,681,750,790,807,804,780,721,655,573,484,395,309,225,156,104,72,53,56,72,102,206,179,217,258,303,339,372,405,433,462,474,490,500,511,513,522,525,547,565,586,606,632,648,659,668,685,690,683,680,668,648,619,611,575,551,521,1145,478,464,453,445,451,460,471,498,526,557,591,611,622,619,597,554,499,419,332,237,138,32,65,146,203,238,236,699,127,23,104,242,380,503,599,664,685,658,592,489,358,213,72,63,176,257,305,49,21,19,1,23,33,8,13,38,28,38,222,264,296,316,325,327,327,323,329,337,356,380,413,450,483,513,534,538,534,98,463,407,337,264,180,112,47,4,50,81,103,117,124,136,140,144,146,153,155,161,150,149,147,137,115,111,98,205,103,109,116,129,144,160,173,181,189,186,193,194,195,202,211,220,237,245,255,249,238,219,184,139,77,6,74,160,246,335,407,467,523,561,580,225,555,515,462,394,311,227,141,56,20,105,166,222,264,293,302,287,254,199,129,34,78,189,308,423,532,626,701,1346,796,804,780,749,675,592,491,375,256,57
17,86,47,24,15,27,60,103,155,203,222,14,176,118,49,2,28,25,28,103,216,318,433,524,598,635,637,613,555,462,372,278,184,101,48,8,24,55,83,82,169,221,275,321,350,370,384,388,392,387,372,349,288,209,93,61,218,380,516,612,638,608,515,366,190,6,194,372,511,615,667,670,635,568,488,1153,388,402,469,586,720,846,938,956,898,753,537,280,14,222,399,488,482,381,201,31,275,501,671,762,764,689,560,42,297,233,228,293,384,456,469,402,229,22,305,568,755,827,775,613,385,134,86,12,48,10,13,17,19,27,7,12,3,14,97,56,19,119,238,348,443,512,549,557,547,528,501,472,430,374,301,210,114,187,64,129,163,163,147,111,70,32,5,26,46,61,70,90,109,143,183,222,265,297,308,291,250,177,93,4,80,154,188,206,191,160,99,27,54,136,199,241,266,258,243,226,224,246,288,352,419,486,532,562,555,531,489,446,405,378,371,373,395,429,492,538,580,174,604,578,524,444,354,261,176,105,68,55,81,124,196,281,357,429,475,510,519,514,491,477,475,478,496,529,568,1303,646,665,667,643,590,532,457,375,297,42
100,74,78,61,285,483,518,352,56,234,410,479,350,248,198,198,174,34,235,569,799,775,455,72,600,892,854,486,8,379,516,403,172,50,149,123,23,78,130,81,90,46,8,70,164,275,346,320,171,78,364,587,637,442,33,444,747,695,273,297,674,648,223,350,749,758,363,223,721,891,677,216,236,483,489,1124,306,340,361,201,205,710,1040,943,408,337,927,1045,680,39,498,628,326,185,528,440,42,612,889,661,55,556,840,495,306,9,129,140,243,485,686,585,95,571,999,887,295,405,776,631,153,295,431,21,64,39,7,72,13,20,2,5,36,9,56,105,279,349,248,0,278,457,470,336,115,138,372,537,557,387,48,329,581,167,361,31,227,310,223,86,6,28,103,138,93,21,123,171,160,126,132,135,107,4,158,309,379,303,114,113,287,436,221,43,110,152,59,103,225,219,66,136,282,323,270,177,95,0,129,281,415,462,371,154,116,339,443,426,330,223,129,41,93,287,482,586,521,227,63,369,513,485,315,135,20,11,46,66,23,219,453,597,558,316,45,382,565,572,447,314,215,131,23,282,576,1357,722,432,6,425,663,650,426,129,93,107
20,38,169,261,341,414,467,509,523,511,473,345,307,194,61,70,196,330,447,556,644,721,779,819,823,821,787,744,679,599,524,444,372,298,235,184,144,114,93,580,82,82,94,119,152,188,237,285,330,378,426,475,523,575,619,657,690,709,719,721,697,673,639,596,553,507,451,399,352,317,285,264,261,253,261,864,304,338,376,415,468,517,576,625,675,717,740,750,750,726,681,609,524,414,292,165,35,90,211,309,384,423,430,685,306,193,54,100,258,405,529,622,670,669,631,544,431,297,153,19,93,171,212,26,41,0,0,8,32,9,27,27,23,3,229,289,346,386,416,434,437,432,424,418,424,430,445,470,498,531,561,588,599,371,570,535,476,397,319,224,124,27,59,137,193,221,229,218,172,126,63,2,59,114,161,206,244,274,295,296,292,348,245,202,152,95,31,26,79,132,169,191,201,196,174,130,78,14,56,129,200,267,329,375,407,409,401,366,313,250,176,90,27,52,109,159,203,315,255,266,267,259,231,185,133,63,15,113,208,301,388,469,538,586,609,609,578,525,446,348,238,107,14,134,244,245,419,470,504,513,495,454,390,314,221,15
45,158,175,322,246,71,418,577,427,88,237,470,327,206,133,135,119,19,304,607,681,375,239,772,913,546,76,561,675,425,47,239,311,208,8,136,157,44,119,102,151,26,96,165,171,174,141,51,133,361,487,351,27,510,749,552,18,611,804,437,233,708,636,44,594,807,404,298,823,789,305,304,629,570,283,208,38,72,243,521,683,448,190,864,1074,604,249,884,877,279,393,616,274,297,551,248,378,793,614,62,727,872,457,694,479,454,290,227,202,6,432,782,662,3,729,951,463,300,728,538,6,382,361,32,20,19,15,1,8,1,36,34,28,8,214,150,81,330,383,173,168,411,429,248,10,253,420,444,285,58,424,595,437,88,379,517,342,6,225,226,64,56,29,105,181,119,57,198,234,159,66,9,65,159,247,288,183,54,302,425,312,145,226,291,162,52,141,45,155,248,157,72,258,320,231,115,10,116,268,388,384,178,144,430,505,362,103,119,238,261,280,295,250,71,225,502,590,345,8,358,498,393,157,45,106,48,9,64,263,450,427,116,360,673,654,306,101,360,383,315,259,251,171,57,393,1282,642,292,224,633,705,422,14,321,337,30
88,55,70,58,53,56,47,42,26,0,33,31,145,212,282,359,429,502,576,640,696,752,790,804,808,776,730,669,589,504,418,327,247,173,119,87,70,64,71,492,129,173,215,257,297,329,371,411,444,478,522,557,595,622,640,639,618,575,508,417,304,179,40,98,234,354,455,541,599,627,638,620,573,502,413,856,180,62,50,142,208,242,241,204,147,64,30,125,218,297,359,403,422,404,362,288,200,87,30,143,234,294,316,584,229,135,13,112,228,314,365,363,315,217,87,57,201,321,410,458,466,434,376,20,57,24,29,4,27,22,7,4,6,32,144,157,154,134,108,80,41,12,7,21,17,1,21,47,64,81,83,76,58,219,15,1,17,6,13,43,75,112,141,164,181,179,164,137,102,62,5,43,101,149,194,235,269,286,288,272,234,300,114,43,29,91,161,212,244,271,287,293,291,290,284,277,277,275,268,260,255,243,225,210,186,159,115,59,4,78,171,276,381,480,575,641,687,273,680,637,572,489,388,282,174,51,67,189,308,414,508,590,642,663,660,633,587,529,459,385,306,231,159,93,33,265,68,98,122,134,142,148,144,139,125,33
182,35,147,230,299,360,400,419,417,396,364,306,291,260,225,199,181,179,181,196,207,221,240,269,289,306,302,297,281,261,236,197,150,99,54,34,38,48,67,416,119,152,203,250,295,329,363,398,436,482,516,536,542,541,545,529,504,452,369,262,140,8,126,274,420,553,656,726,759,772,759,720,660,572,469,1137,282,229,206,223,269,350,455,569,681,770,828,839,810,734,640,495,331,137,64,260,443,594,713,785,812,792,726,533,522,423,352,330,357,430,540,676,804,900,948,929,850,706,514,309,112,59,187,4,52,17,10,6,14,21,16,2,36,60,183,236,292,347,393,432,455,462,459,452,446,441,440,438,441,446,450,447,440,15,368,318,259,207,147,93,62,34,33,30,36,37,28,24,0,26,72,123,179,227,260,289,310,322,318,292,245,300,117,41,24,89,149,194,225,230,225,216,205,194,191,201,211,235,265,293,315,332,348,357,370,364,344,302,248,171,84,7,114,213,291,352,380,216,380,364,344,309,271,235,193,151,106,50,2,53,95,131,160,180,197,209,223,245,268,307,363,428,493,555,616,1321,713,743,740,717,662,592,517,420,320,101
29,101,151,229,296,330,329,310,294,275,243,380,204,219,257,309,366,425,480,508,484,406,304,161,21,134,276,372,418,416,381,329,254,179,114,59,31,22,0,164,91,156,211,264,322,379,407,413,400,389,388,355,291,197,77,53,200,348,488,567,582,527,405,232,9,228,452,623,724,751,710,621,509,402,327,740,312,376,469,547,591,569,478,312,81,182,430,615,726,734,636,446,189,76,319,496,590,580,468,278,58,139,283,738,358,306,247,212,254,372,549,729,867,908,826,621,338,21,265,460,534,484,344,18,27,1,13,5,20,34,2,6,32,16,139,220,311,375,399,373,305,224,129,33,45,120,178,241,305,366,421,457,467,6,396,326,247,178,122,87,79,95,118,149,162,163,151,134,112,92,106,135,186,252,322,387,426,424,374,305,204,255,4,69,105,101,59,8,67,127,194,229,238,227,204,185,176,181,221,285,382,467,546,593,600,567,514,451,387,340,312,328,361,427,488,538,570,187,559,503,412,299,196,116,62,36,62,110,201,300,405,479,536,568,578,575,550,507,469,449,451,454,463,474,494,817,500,442,342,232,116,5,95,160,158,20
210,84,47,143,297,437,507,468,327,133,29,177,109,61,45,104,246,443,631,746,735,565,245,141,508,749,799,687,475,238,49,80,149,187,176,137,70,8,65,307,109,96,44,43,169,310,433,494,462,348,161,54,281,483,606,607,461,168,191,506,653,568,261,159,545,758,729,475,89,300,582,686,611,436,233,412,62,75,62,61,318,623,861,906,695,275,227,636,809,705,387,31,345,446,285,62,440,681,674,402,9,401,630,551,505,340,243,229,214,99,169,535,832,899,666,189,331,687,729,490,101,241,392,5,11,6,38,4,24,9,6,35,1,8,143,204,215,150,11,167,336,445,458,382,234,42,158,331,453,502,462,338,156,283,213,325,336,272,173,85,49,68,108,124,82,8,76,119,117,80,55,66,123,210,288,307,243,104,73,229,303,276,175,33,74,111,55,59,189,281,284,217,104,2,90,134,157,189,238,297,353,379,355,266,123,49,206,314,346,324,294,302,358,441,488,444,282,224,253,475,579,553,427,262,129,64,91,175,263,297,250,92,129,360,517,575,541,459,368,303,252,187,89,70,265,1140,675,766,731,566,333,66,149,261,265,38
68,4,223,315,383,397,362,272,154,39,62,176,109,61,17,94,143,157,116,6,154,344,540,711,840,885,846,727,564,369,189,44,41,77,77,59,30,3,18,696,60,74,103,126,156,187,239,285,356,424,475,501,469,365,201,18,260,476,628,690,627,453,177,151,467,719,859,854,713,462,177,92,264,339,298,740,85,22,48,173,379,621,840,983,1013,902,670,354,4,313,534,604,512,281,38,369,633,752,710,518,230,81,334,950,489,412,309,254,289,418,598,754,809,707,448,85,284,573,701,653,465,200,51,29,7,2,24,7,14,3,27,22,0,33,99,2,121,247,358,426,446,418,363,286,207,126,46,45,157,275,395,497,558,170,484,370,226,91,1,40,21,38,114,184,222,220,187,142,107,80,77,94,115,132,137,120,76,1,83,175,261,296,317,260,156,34,84,164,188,165,96,13,52,101,122,135,156,195,254,323,395,450,493,501,492,465,415,355,300,258,244,261,304,363,408,424,375,350,152,8,116,191,221,190,123,30,59,119,140,118,37,70,195,314,405,465,480,463,415,376,353,354,399,470,558,1266,699,705,656,546,406,251,106,7,50,61
120,31,22,67,135,199,263,304,319,331,347,447,347,336,311,299,255,212,140,49,37,138,235,329,409,468,487,499,459,416,346,265,181,88,19,52,122,173,212,726,247,243,241,225,203,127,65,12,119,231,353,480,587,684,765,768,740,663,515,320,86,177,452,743,1008,1229,1414,1542,1609,1622,1572,1452,1272,1049,805,1832,216,80,367,607,809,957,1054,1102,1093,1016,885,715,520,291,33,228,484,727,947,1126,1258,1326,1325,1273,1179,1036,879,30,618,545,538,603,733,917,1150,1385,1600,1765,1857,1866,1778,1611,1369,1080,770,472,208,20,12,48,40,38,45,30,38,88,21,1,420,534,639,725,796,853,897,900,886,862,829,802,788,788,800,827,863,903,924,327,886,829,737,610,466,307,166,13,122,234,330,386,409,399,354,284,172,44,84,231,376,506,609,687,728,733,697,814,512,379,221,66,101,248,368,465,511,533,521,477,406,334,256,176,83,1,87,188,259,342,412,486,541,564,576,563,525,474,388,282,195,118,24,500,141,200,238,272,297,313,288,239,186,120,40,43,171,278,379,459,539,630,695,731,744,740,716,693,613,527,426,1531,237,138,38,44,110,145,166,175,183,72
33,154,140,181,194,200,194,185,173,158,149,96,157,171,189,216,255,289,327,361,400,440,473,504,525,530,526,513,485,445,394,340,281,223,167,118,86,47,24,702,17,35,50,85,122,161,197,239,286,331,375,418,463,484,492,471,414,329,209,60,105,277,441,590,714,803,857,873,857,808,737,654,566,478,395,1114,303,298,326,382,465,571,678,787,880,940,967,948,882,771,616,421,212,16,231,437,602,723,798,820,793,725,623,257,408,332,295,305,365,464,593,726,837,903,905,838,716,535,331,128,57,184,265,3,6,12,25,28,24,0,6,10,13,1,148,176,181,166,131,87,34,4,34,50,38,23,1,25,40,47,34,7,41,206,149,186,213,216,202,167,113,55,11,76,125,160,182,182,176,149,117,79,38,1,35,66,82,89,82,62,38,209,30,64,85,99,98,91,73,54,44,39,49,69,106,152,198,248,302,344,388,417,439,452,451,437,412,371,317,262,196,130,70,36,2,6,0,176,38,55,69,59,39,7,36,91,150,202,251,295,325,352,365,378,363,345,304,253,183,90,3,108,213,314,403,685,530,552,557,534,483,413,333,240,148,1
33,31,134,23,203,416,492,366,107,154,296,326,203,165,207,275,236,42,285,606,735,582,167,340,714,793,562,135,257,458,441,271,75,54,87,83,55,35,9,559,44,5,94,221,279,206,11,243,431,475,366,148,148,435,621,564,240,234,611,639,267,266,625,562,108,454,778,665,192,368,725,723,421,48,219,923,308,346,439,466,271,187,717,1005,816,205,516,937,820,282,309,559,355,112,456,401,31,549,764,516,45,555,727,211,149,109,179,194,310,502,538,224,384,889,899,355,382,816,673,143,347,460,207,1,11,6,7,2,16,2,5,33,9,22,127,226,222,68,184,391,422,240,55,327,452,422,268,40,224,456,548,414,94,291,481,439,211,39,153,123,47,24,77,139,144,62,32,106,120,95,81,102,116,91,0,141,276,327,237,25,199,239,259,70,113,149,25,146,216,130,56,213,258,208,132,90,43,43,184,326,393,319,128,119,313,400,352,240,121,5,84,191,314,421,427,287,10,88,557,601,423,100,189,327,263,129,65,150,299,363,208,120,455,624,559,332,60,155,291,369,416,430,391,255,11,968,615,743,612,248,187,485,532,361,132,17
181,6,57,12,109,245,351,393,366,286,191,32,0,60,105,170,274,418,570,669,640,460,163,168,482,676,730,636,432,182,47,205,254,218,151,80,35,2,33,382,121,90,15,184,344,430,411,291,116,77,253,404,517,567,522,360,86,238,523,660,579,296,100,467,661,607,326,62,425,650,684,552,327,92,85,411,224,269,364,519,664,695,522,134,373,813,1015,883,483,22,422,575,436,88,289,526,519,254,167,566,779,735,475,355,125,235,228,215,293,465,628,604,322,173,674,941,833,401,135,519,583,354,4,32,15,40,12,26,0,4,44,7,4,48,140,179,148,15,183,374,468,424,252,19,211,390,485,504,435,296,101,103,289,240,407,321,182,34,72,106,89,44,20,32,72,109,109,83,53,59,105,166,205,163,52,112,277,388,406,322,161,306,157,193,122,8,138,182,119,15,165,268,286,249,183,125,100,98,112,95,29,98,268,436,539,519,394,200,18,91,129,126,144,220,346,477,551,280,389,175,71,283,407,420,332,199,90,69,128,261,388,429,343,150,109,343,503,572,563,520,459,377,264,105,80,540,455,575,632,598,463,259,22,169,250,88
88,16,24,149,279,415,500,540,515,450,361,177,180,133,136,196,296,444,601,751,874,944,948,880,765,606,409,207,25,119,218,269,270,241,194,138,94,56,37,518,15,50,109,177,258,339,420,483,533,557,569,537,489,382,241,59,159,367,570,688,738,665,502,246,46,338,595,760,837,805,701,540,376,245,164,437,206,310,409,477,462,359,151,131,431,724,916,1014,955,774,498,164,146,408,547,553,418,172,133,445,682,814,808,599,536,373,289,294,383,522,627,647,526,270,75,441,725,870,838,652,374,73,162,72,38,19,28,4,19,2,21,15,7,20,97,154,233,324,394,429,417,357,274,176,87,6,54,124,198,288,380,461,512,217,467,377,261,143,62,6,6,35,90,152,195,229,230,215,185,145,123,107,122,161,212,262,295,308,281,211,125,130,80,152,173,124,49,73,178,271,328,333,328,288,260,227,214,220,221,269,302,332,358,348,320,246,185,122,101,110,159,242,303,350,349,305,214,223,13,117,221,281,297,276,209,121,23,75,122,145,98,40,45,137,196,254,245,258,216,204,213,224,290,336,438,1132,605,698,744,777,738,667,526,356,196,38
40,42,378,283,40,493,883,1041,912,595,234,43,24,74,129,33,220,597,969,1196,1211,966,444,277,1023,1538,1636,1288,625,91,580,760,657,462,253,92,37,124,168,1340,17,146,286,383,416,387,254,7,338,709,1020,1123,931,446,236,950,1412,1453,974,130,768,1354,1333,720,252,1151,1577,1377,643,283,1047,1407,1330,961,551,677,222,199,2,480,1138,1699,1805,1315,320,805,1630,1820,1349,436,488,1030,964,360,482,1078,1099,480,496,1348,1661,1307,517,1278,724,758,608,567,737,975,918,344,659,1630,2024,1579,487,691,1360,1268,586,221,722,17,139,21,58,65,8,82,53,17,26,38,247,140,168,573,876,908,630,170,308,648,825,860,796,610,272,219,769,1176,1240,579,345,248,622,683,469,201,32,44,180,305,328,228,47,111,198,213,212,251,346,440,462,372,173,97,374,579,651,652,287,14,237,246,57,195,333,266,46,207,378,431,428,398,393,337,186,42,298,507,673,738,743,639,446,233,20,153,301,479,715,948,1078,1022,732,0,258,712,957,955,740,460,230,148,204,301,357,235,48,468,892,1157,1198,963,568,148,170,350,485,645,891,1145,1290,1886,835,251,389,933,1227,1197,914,489,134,238
42,13,48,28,98,165,222,262,291,302,303,315,250,209,150,89,16,61,144,224,306,379,445,495,531,550,555,538,510,470,420,367,309,251,206,166,128,105,92,546,91,97,113,136,167,200,234,277,320,364,410,453,498,536,569,599,610,611,597,565,514,450,376,291,208,127,56,3,44,69,71,57,26,23,93,432,277,384,506,623,734,830,901,951,972,960,919,850,766,651,523,379,222,58,107,271,419,545,652,715,738,722,667,612,465,336,212,100,3,55,79,68,25,52,138,235,327,398,444,465,456,418,364,9,32,8,19,25,39,9,21,2,1,9,187,241,297,346,391,431,459,477,495,500,510,517,525,539,552,571,585,593,586,229,515,453,376,273,168,65,29,112,176,212,230,220,202,169,124,71,13,48,105,161,215,263,297,321,334,327,308,335,206,134,51,34,128,214,286,337,375,381,371,332,281,210,139,52,29,113,190,258,316,364,399,419,429,419,398,358,312,247,177,96,18,53,127,116,241,277,295,308,296,278,245,201,144,77,0,86,178,275,366,442,509,556,579,575,551,512,450,380,293,208,121,295,46,120,187,244,284,314,317,312,285,131
95,26,197,260,271,222,129,23,74,125,128,151,8,86,163,207,216,175,102,11,144,288,433,568,668,732,756,725,658,553,432,308,196,107,42,6,49,91,139,438,209,211,182,117,27,74,171,257,321,384,446,512,580,639,658,628,535,373,158,94,343,551,685,717,648,471,233,32,281,472,581,612,582,519,449,1124,406,461,554,659,741,769,708,560,322,33,263,516,674,715,635,442,185,93,348,525,585,529,368,142,106,317,450,675,463,394,351,363,454,597,748,849,836,677,387,25,332,599,712,661,473,218,35,22,27,52,28,25,13,28,10,33,16,24,105,182,268,340,390,389,344,262,161,53,38,126,206,293,382,475,546,584,570,102,393,256,131,35,10,2,36,87,124,142,127,86,35,8,28,14,34,101,168,224,262,258,215,134,28,80,171,79,266,242,165,58,53,150,216,241,224,179,121,64,29,22,23,45,72,96,107,106,64,3,75,153,219,263,277,262,226,201,199,233,307,402,511,60,672,698,683,617,533,427,329,245,187,170,194,244,315,401,474,537,572,593,597,588,575,560,538,533,529,536,542,800,528,471,374,240,98,43,158,215,212,17
2,58,101,41,115,310,408,333,116,121,273,272,317,287,201,18,235,489,605,493,142,333,704,776,493,12,469,668,538,202,141,321,312,178,29,45,55,37,14,403,43,37,58,204,285,192,88,370,488,354,45,282,491,514,298,88,471,618,379,125,555,582,167,394,673,460,90,594,719,413,93,495,605,448,172,439,261,418,537,500,196,335,809,884,431,294,814,780,266,309,526,273,155,358,148,294,578,421,109,626,757,415,132,685,561,386,186,7,242,551,705,438,223,839,902,318,459,820,526,94,488,402,33,7,54,12,25,48,26,7,9,5,37,16,152,159,17,226,396,320,3,363,530,406,80,266,473,491,304,33,382,555,440,47,262,401,302,108,21,48,49,107,176,191,104,28,123,141,119,96,106,104,36,121,303,376,243,58,348,446,281,245,250,246,63,109,112,55,235,244,62,175,300,260,134,18,47,108,218,326,331,168,120,418,548,438,141,187,391,428,350,234,87,110,338,500,498,145,65,370,527,469,244,23,214,255,208,164,211,253,176,67,379,572,532,276,91,413,595,578,373,60,270,520,613,1103,221,156,476,606,490,194,116,308,330,4
114,21,115,54,75,243,379,445,424,342,226,56,38,10,61,127,241,386,533,610,561,366,63,272,540,683,663,504,271,12,191,308,306,228,110,11,37,43,33,489,8,80,181,268,290,215,59,139,296,404,450,446,357,178,93,393,600,627,425,68,309,552,550,316,69,452,693,689,452,82,307,563,642,556,401,530,180,115,9,233,535,789,865,684,279,220,637,817,715,379,29,331,400,190,160,476,563,351,76,526,790,762,485,308,158,289,313,342,435,553,568,350,88,592,908,854,449,108,533,639,422,57,251,36,27,29,4,31,31,3,17,12,25,17,74,18,108,268,387,385,234,21,302,509,569,497,308,74,164,360,479,492,388,111,16,186,250,219,138,73,63,102,145,150,93,5,71,110,93,57,49,94,179,271,296,217,43,181,345,402,327,215,40,159,172,76,61,166,178,81,87,240,318,301,215,131,76,62,57,7,107,268,420,504,480,354,178,3,144,227,282,319,364,413,439,398,272,201,212,442,557,529,390,212,76,9,20,60,94,66,38,216,417,582,644,573,385,141,105,302,431,514,541,532,473,744,220,27,189,382,504,518,426,270,124,131
135,86,122,304,482,566,512,335,93,124,259,339,232,179,189,284,420,530,488,258,130,543,827,881,702,358,20,319,491,502,406,247,80,33,72,57,25,4,8,210,0,11,11,35,122,238,334,364,294,121,122,381,584,653,549,262,123,489,679,613,286,164,537,663,462,30,445,750,766,506,96,287,525,564,475,934,276,262,236,96,204,600,919,977,688,131,462,839,844,514,38,331,417,197,181,508,579,336,132,599,841,756,414,379,284,377,353,350,426,519,465,154,351,820,974,701,125,452,739,622,232,175,381,24,12,47,47,14,19,33,9,44,8,6,113,220,292,259,92,167,414,537,493,300,41,201,390,508,543,471,274,21,314,259,517,363,144,27,86,50,14,21,90,181,217,181,93,14,27,19,10,16,31,127,225,288,254,119,70,236,311,391,104,58,141,113,11,155,234,200,67,84,195,224,202,152,138,150,176,173,99,50,241,415,503,473,333,139,25,118,139,163,232,360,505,558,471,342,85,360,526,532,424,276,152,93,104,142,137,23,189,449,655,719,599,348,43,208,367,431,437,455,485,507,463,236,23,313,615,755,699,498,233,25,76,29
46,25,69,25,168,339,472,542,529,438,308,194,90,64,109,183,247,269,211,67,144,380,600,741,790,719,555,326,83,124,258,318,295,221,139,58,10,47,62,192,58,33,5,56,112,172,228,288,335,372,394,375,293,131,107,378,605,709,633,382,16,349,619,693,546,225,180,551,788,841,710,461,177,33,137,465,73,35,89,262,519,775,923,886,642,243,197,571,763,731,507,156,195,422,442,237,134,529,810,858,657,294,92,738,468,421,318,271,333,476,607,603,398,8,447,800,914,749,384,37,340,443,344,3,7,9,3,47,24,9,18,13,12,22,48,63,221,366,448,431,314,128,76,250,362,422,446,454,430,380,258,80,139,247,457,465,368,216,66,26,41,13,97,170,199,168,94,14,64,107,112,97,88,108,157,230,289,307,271,185,64,6,152,184,154,61,40,125,157,126,55,32,111,162,204,225,251,285,319,344,344,315,236,118,17,131,216,228,208,178,167,202,293,415,525,581,546,324,235,38,125,214,228,200,151,127,137,182,256,372,479,570,602,572,462,303,140,7,88,127,139,149,182,263,383,1087,627,660,594,436,234,35,98,152,114,47
47,108,62,314,461,346,7,323,463,370,151,230,149,170,190,268,344,253,90,539,788,596,34,578,861,671,146,367,607,504,181,132,265,196,62,6,20,33,10,270,20,17,85,233,284,134,147,398,462,290,27,361,567,530,170,372,716,577,23,526,635,224,374,646,349,294,748,607,2,594,730,403,80,379,403,920,216,175,9,405,751,683,81,692,1060,706,116,794,848,308,331,545,232,231,361,22,443,571,171,449,770,524,53,808,541,321,109,16,199,489,638,316,381,923,764,20,768,829,219,436,562,168,232,7,0,29,28,29,37,23,16,1,0,9,79,244,276,96,207,425,367,40,332,507,389,90,237,458,473,247,129,448,493,1,120,348,305,92,82,104,31,8,56,147,154,42,119,230,198,85,22,68,104,167,224,166,17,242,337,207,35,120,175,21,92,67,79,201,155,43,234,286,180,1,152,224,220,183,101,60,260,398,342,92,212,392,369,207,40,58,146,270,399,402,187,216,595,347,405,83,465,534,361,118,36,92,114,209,347,408,247,128,526,687,495,67,352,541,484,304,124,65,290,507,588,418,31,508,752,590,123,334,506,344,101,8
68,27,182,261,340,399,431,431,390,334,269,85,191,203,254,332,420,503,546,544,479,364,206,35,134,266,379,439,472,469,435,391,330,259,194,138,91,45,12,215,130,195,238,263,243,184,92,14,121,219,298,371,444,508,580,635,649,607,476,279,19,255,491,642,684,601,422,187,54,269,416,496,501,457,399,1059,338,376,466,591,713,801,814,729,544,277,29,319,542,655,640,505,281,12,244,439,531,508,370,153,87,298,425,727,436,363,312,318,399,540,681,767,731,551,246,112,445,668,733,643,433,176,52,9,33,16,1,24,8,23,55,7,5,27,147,202,231,225,164,62,73,208,337,428,487,511,504,478,441,381,307,213,103,220,101,163,193,173,129,66,13,24,31,12,22,64,89,97,84,51,21,3,13,53,124,208,295,349,358,335,268,173,67,41,117,155,148,103,20,78,163,228,260,253,225,197,177,176,204,250,305,358,403,419,413,382,338,284,238,211,218,244,298,348,391,400,369,198,176,43,83,186,234,237,185,100,6,96,152,170,135,73,13,105,185,255,305,340,351,360,360,373,397,447,517,1191,669,720,724,689,613,501,375,263,166,67
131,29,171,248,318,361,380,391,362,324,275,182,225,238,278,347,429,517,605,674,724,729,703,647,565,457,348,241,141,66,3,32,52,62,54,35,15,1,22,596,25,23,20,42,87,149,226,295,351,388,405,424,441,465,511,550,570,540,454,308,112,116,335,517,643,690,662,565,424,259,104,24,98,121,99,300,28,86,117,93,15,113,290,477,655,796,868,868,785,626,411,166,76,285,424,469,417,283,83,146,350,496,568,674,486,394,319,293,339,458,622,776,887,903,801,586,297,5,270,449,514,473,355,5,5,16,6,36,1,30,22,23,37,55,114,191,277,347,400,415,389,323,233,135,36,53,122,185,235,282,330,373,402,23,400,362,303,240,171,116,82,67,71,92,113,134,137,132,107,67,28,1,6,36,103,175,252,301,328,326,300,198,197,121,50,29,90,142,166,150,113,51,3,39,47,27,22,75,141,202,246,272,264,233,184,123,65,19,1,17,54,110,165,218,247,250,221,211,80,4,71,117,140,122,75,5,80,171,260,349,421,472,491,492,456,411,360,315,284,268,270,285,305,335,351,507,330,282,209,123,50,29,79,95,79,105
12,15,1,22,43,58,79,103,131,159,198,33,272,310,344,377,408,434,459,478,491,491,486,468,435,402,340,286,228,170,112,54,8,27,49,66,68,58,27,528,57,121,185,255,324,387,438,476,500,509,519,521,520,533,554,571,600,621,634,634,608,556,482,389,283,172,67,24,96,148,177,176,154,112,45,19,154,283,419,562,683,782,852,877,865,813,722,608,471,326,174,19,135,268,392,492,561,597,594,555,492,413,338,193,241,253,303,394,512,646,778,884,955,972,926,826,678,500,304,116,46,177,266,41,21,27,46,25,39,0,2,4,4,20,86,65,38,8,26,65,113,157,203,243,264,281,270,261,241,211,186,169,159,239,135,120,93,53,9,35,87,126,157,177,183,181,167,137,102,58,7,46,99,145,191,226,242,243,233,206,174,302,78,34,18,69,119,161,185,203,225,225,220,210,200,195,185,182,184,181,188,193,196,194,185,167,139,98,44,26,103,189,282,369,460,536,603,203,670,665,621,571,483,376,262,137,12,115,237,348,449,547,623,678,711,717,690,649,574,491,395,310,218,135,48,151,93,155,207,239,253,256,238,206,164,47
23,82,52,127,198,272,325,372,395,400,379,354,280,187,70,45,163,282,395,507,591,650,687,728,745,746,700,636,572,497,426,329,235,145,82,39,10,20,30,600,35,101,163,235,298,362,406,436,449,448,437,440,446,467,491,522,536,554,571,583,576,556,532,511,493,473,445,406,369,344,322,310,300,304,321,861,380,412,446,477,510,540,563,586,612,626,623,606,576,547,501,442,381,320,253,186,106,15,70,143,201,241,247,515,147,38,89,230,375,512,641,736,797,815,787,717,610,479,326,180,47,45,99,44,15,13,11,9,2,6,25,5,15,2,88,143,190,225,243,259,263,268,277,287,304,326,353,380,405,426,441,443,428,23,373,343,292,242,184,133,76,21,38,85,119,140,147,142,128,104,78,48,26,0,17,27,39,48,53,62,60,152,29,0,25,75,137,198,246,274,295,312,314,300,260,220,187,162,132,88,18,48,119,182,262,333,392,421,411,380,338,279,219,146,82,25,18,271,98,144,189,217,231,242,235,210,152,60,32,119,200,292,373,444,492,512,524,532,536,516,469,403,327,238,142,346,83,190,264,324,352,377,357,324,260,31
28,73,172,257,323,373,407,409,393,352,291,209,111,5,128,258,384,506,618,715,789,838,862,858,841,795,730,657,574,493,400,315,233,159,96,41,12,2,2,303,74,135,195,269,335,394,437,474,495,512,514,518,519,528,540,561,585,606,627,641,650,650,640,621,601,568,527,487,447,400,371,346,324,317,325,879,359,396,434,490,535,579,629,674,712,739,750,740,728,688,631,546,451,340,222,95,36,153,256,339,395,418,405,722,267,153,17,128,271,389,481,532,536,490,404,290,155,19,107,216,294,343,356,11,0,43,28,21,13,15,8,5,24,14,70,76,77,70,63,53,44,35,33,30,41,53,75,95,118,144,163,172,175,211,171,155,138,107,74,49,15,1,16,20,29,30,39,44,70,94,130,168,216,253,292,318,330,327,327,311,291,22,239,209,178,145,118,89,60,41,24,21,28,49,72,112,159,199,248,287,324,339,354,353,338,300,255,191,111,20,80,186,289,394,485,558,610,131,632,603,546,465,352,245,118,12,134,245,345,424,484,524,538,529,504,457,388,307,205,92,25,160,292,411,527,1115,683,726,733,717,671,599,502,397,278,78
162,68,117,44,167,272,354,400,423,434,417,675,342,278,162,27,140,329,526,732,905,1063,1173,1237,1267,1248,1206,1129,1025,889,753,622,462,335,218,113,29,13,32,1520,6,40,112,196,282,391,484,599,707,804,904,997,1088,1175,1250,1310,1349,1374,1361,1317,1249,1142,1013,874,709,534,371,215,88,4,59,63,33,44,154,1136,461,623,811,994,1173,1328,1472,1611,1709,1768,1781,1739,1666,1518,1335,1109,862,599,326,66,181,420,622,801,925,991,999,1682,776,559,269,64,411,736,1022,1236,1358,1368,1275,1077,815,526,222,49,263,405,468,17,99,26,55,52,62,90,4,60,49,73,3,28,59,100,128,155,161,145,109,47,36,137,246,349,445,509,568,600,579,236,496,436,363,285,215,145,74,3,82,144,209,251,280,290,282,267,253,243,238,237,245,251,238,226,198,167,139,55,104,119,141,182,235,276,318,352,374,403,422,450,458,484,503,509,500,462,408,336,242,146,35,68,176,275,366,447,507,550,585,608,583,580,549,144,399,314,211,85,14,114,196,258,297,313,291,253,192,93,9,140,266,415,527,614,675,714,710,676,628,578,525,1793,402,322,221,121,22,154,262,364,405,80
57,9,65,193,328,442,505,504,431,302,162,69,18,10,60,152,200,188,73,141,401,651,831,892,798,605,334,34,214,377,431,371,253,119,21,25,25,8,37,629,48,34,29,67,137,238,331,400,425,399,315,190,8,212,441,624,706,645,415,78,293,570,682,579,295,86,463,731,819,721,490,199,48,205,255,849,182,193,293,483,699,845,840,629,250,207,608,836,847,643,296,73,350,444,315,19,346,649,772,675,407,40,288,903,543,476,390,366,432,527,554,415,95,325,703,908,854,561,136,264,492,502,328,8,0,8,52,6,11,9,7,5,11,23,9,117,243,340,375,326,210,51,125,279,395,472,504,492,420,292,102,114,317,322,495,436,310,167,63,15,33,90,142,156,131,73,8,38,78,95,99,102,128,178,248,321,358,326,227,85,73,113,289,291,213,80,60,152,159,95,2,113,190,233,255,261,267,275,290,292,271,217,119,0,118,227,302,347,347,317,275,256,268,320,357,359,295,195,0,162,284,323,297,216,128,83,99,178,289,404,496,536,513,417,267,79,80,209,275,303,306,316,352,425,524,1212,642,594,435,221,3,188,266,246,157,30
23,40,80,252,412,427,244,80,387,516,423,34,7,99,85,68,123,268,407,416,229,131,524,745,648,264,232,582,631,409,70,176,246,183,59,21,26,20,87,365,114,47,22,74,108,146,209,236,194,39,192,421,515,400,57,362,636,553,123,403,662,441,122,636,731,334,299,761,786,388,149,526,591,392,140,18,18,47,217,508,699,551,13,651,1046,882,254,459,819,636,122,345,428,93,377,582,322,285,816,876,400,301,751,632,353,8,114,102,189,452,649,482,97,747,981,591,150,707,715,262,238,415,232,57,32,9,11,29,0,5,29,31,14,17,153,13,244,380,301,27,290,469,443,253,0,247,443,535,445,148,251,564,599,21,22,302,372,247,63,53,54,13,50,3,120,207,187,75,58,113,108,107,144,200,177,39,182,352,372,232,3,102,289,215,46,106,125,4,153,207,120,47,191,240,230,186,112,7,184,349,410,329,116,146,345,421,346,187,23,86,130,182,279,371,372,204,112,67,534,443,211,11,135,160,133,136,193,283,337,272,34,298,577,646,452,108,222,402,418,347,261,195,107,47,265,1362,584,449,129,248,498,511,324,90,54,114
125,84,229,329,432,503,529,513,436,330,211,34,43,39,88,176,288,376,430,408,326,173,17,228,435,604,710,730,668,545,388,231,109,25,13,31,35,41,46,699,33,5,25,72,124,188,253,312,376,433,468,480,460,377,241,49,180,411,603,701,657,475,185,158,478,704,797,749,579,336,85,137,278,340,330,793,207,181,226,362,571,797,976,1042,945,694,325,66,399,597,629,498,246,47,318,506,567,487,276,23,332,582,714,815,589,426,307,284,363,494,580,544,338,12,414,758,926,880,640,305,23,248,333,34,8,26,12,36,0,47,12,31,11,22,44,48,164,289,392,447,444,387,298,200,106,15,82,196,320,453,564,622,607,85,378,205,46,67,119,100,39,46,133,174,175,140,76,27,8,16,14,13,31,74,130,180,237,283,320,338,339,344,223,111,1,96,142,125,50,55,155,239,272,284,268,259,255,270,290,301,297,270,220,154,82,18,38,81,109,119,120,120,135,155,226,312,408,111,520,500,434,346,250,163,123,129,183,274,385,490,568,599,579,500,393,279,179,92,52,29,29,46,58,52,10,690,191,331,470,567,596,567,473,343,230,59
109,27,211,288,351,402,434,448,435,397,342,195,164,47,69,190,310,415,514,592,661,715,749,763,761,732,687,618,539,456,378,300,239,185,142,112,89,67,45,426,0,24,40,49,34,22,3,30,54,75,98,108,108,102,91,63,30,21,81,167,255,353,449,544,622,675,712,724,713,677,628,575,528,471,420,1083,359,347,355,378,427,488,561,641,717,785,832,839,818,759,656,529,375,202,17,161,329,478,600,687,735,738,697,713,522,406,293,202,144,140,177,275,402,546,683,792,858,863,805,700,551,379,208,1,10,3,11,16,15,33,16,0,15,28,180,205,244,291,338,387,428,462,482,490,493,494,487,484,491,501,508,514,517,95,467,413,333,249,158,63,17,85,133,164,173,167,152,134,115,97,84,77,73,78,80,89,107,121,146,169,190,75,207,200,181,140,96,50,0,46,79,97,94,73,39,12,75,139,209,277,338,393,434,462,477,479,466,435,404,351,292,222,159,83,10,59,120,178,216,242,256,255,246,221,192,158,122,88,58,24,12,51,97,137,190,240,292,339,389,440,486,531,571,620,660,1182,714,718,703,667,597,520,426,317,196,174
14,12,228,314,387,438,466,467,428,380,306,244,175,128,122,142,194,276,367,483,586,681,742,788,794,775,726,668,576,479,383,284,207,150,112,100,91,86,69,38,26,84,163,234,302,354,401,445,476,514,538,555,551,516,461,368,256,130,11,156,289,420,528,601,633,606,530,412,265,120,7,102,157,165,134,446,4,90,153,181,151,54,99,293,495,671,799,846,823,717,542,333,80,164,388,570,677,709,662,545,387,209,48,545,120,99,22,83,187,226,186,57,150,403,649,825,906,871,719,495,244,6,173,21,23,27,14,15,10,29,1,1,38,24,178,166,145,109,46,23,103,183,248,305,346,374,398,414,436,462,483,500,501,75,423,341,241,147,67,16,4,20,59,100,141,163,158,145,110,70,30,0,21,30,15,7,52,112,181,236,281,144,292,248,175,77,19,129,212,279,317,325,309,279,245,218,210,222,250,299,352,403,438,463,474,469,463,458,447,425,401,379,367,362,385,408,454,75,509,518,486,446,382,312,252,179,105,34,29,87,113,131,124,101,73,51,48,58,78,112,146,175,206,231,260,215,261,230,176,106,39,37,69,77,63,4
3,180,113,203,260,317,350,358,355,333,294,180,172,101,27,47,123,192,265,323,370,403,414,414,405,374,340,290,241,199,159,134,113,102,88,88,82,62,51,280,17,4,8,13,13,0,1,30,50,69,89,105,114,107,97,67,19,34,104,189,279,367,466,557,642,706,761,793,803,789,747,696,622,537,443,1070,270,198,148,120,112,131,169,230,301,375,449,506,555,578,576,552,498,420,320,202,77,53,182,293,377,430,440,715,327,211,64,95,247,372,461,494,473,397,280,132,28,171,293,380,422,422,391,48,8,53,10,24,17,24,15,13,15,72,213,253,292,331,370,400,422,444,456,465,466,472,467,475,486,492,494,491,481,232,411,348,283,195,108,23,53,125,174,213,232,233,216,203,171,137,99,61,22,17,54,79,97,107,100,93,73,115,5,34,72,108,137,160,179,188,194,200,198,204,211,219,239,250,270,285,297,300,287,270,243,199,146,78,6,71,157,243,336,407,471,514,535,306,517,470,416,343,257,165,69,21,115,201,287,372,432,488,523,542,532,501,445,374,278,173,58,54,169,265,349,596,483,514,533,533,508,474,411,341,259,44
173,75,21,193,399,473,339,65,207,341,317,335,122,168,266,322,197,94,459,745,801,556,103,419,780,834,594,193,190,400,400,284,152,47,16,53,85,79,23,402,114,112,22,125,265,362,328,182,69,363,587,630,437,39,406,712,706,395,95,518,666,449,19,497,720,551,75,458,767,724,388,20,330,455,445,981,394,349,178,168,591,920,923,527,133,756,1023,791,210,377,645,452,35,456,515,165,391,787,758,306,299,721,768,62,119,112,188,238,385,583,594,266,337,883,983,529,195,737,775,360,167,447,361,16,43,34,13,27,0,10,0,6,19,38,19,168,311,323,175,76,318,460,439,279,38,230,453,561,508,271,95,430,579,193,215,87,257,241,109,2,19,81,173,191,87,74,196,212,149,82,59,85,84,4,156,316,379,286,59,185,335,344,189,12,130,121,0,142,185,86,91,250,312,261,153,43,57,140,214,285,328,304,209,36,177,350,427,410,304,182,58,75,231,388,507,502,360,108,165,370,442,404,295,172,88,47,7,63,190,367,508,533,383,102,221,447,530,496,406,312,206,23,234,509,694,1106,490,144,228,517,624,521,288,36,120,132
66,4,275,282,228,121,17,155,270,330,333,401,188,94,17,11,25,134,298,485,671,789,836,776,633,415,181,39,205,299,328,303,243,163,98,40,1,26,48,32,98,124,151,171,181,178,155,115,43,60,192,349,501,642,713,712,600,386,98,214,484,658,692,571,324,14,361,653,829,862,764,579,354,168,62,178,142,253,334,326,196,56,389,719,984,1097,1040,805,450,54,285,509,539,389,93,273,608,827,865,714,421,71,239,769,480,404,284,198,220,361,581,781,856,736,425,1,422,716,794,656,374,50,196,31,3,22,60,27,1,23,5,40,24,19,158,232,307,373,400,376,292,173,44,78,171,252,332,422,512,581,600,548,420,84,15,164,268,282,208,85,35,122,142,101,17,79,156,199,202,170,122,89,93,132,196,274,343,368,353,275,164,234,90,183,217,205,147,54,50,137,210,245,249,223,171,125,66,32,10,40,82,142,202,270,321,346,340,301,262,238,253,297,362,437,483,483,426,184,213,93,3,61,75,59,13,56,131,193,235,224,161,51,92,234,351,418,429,399,347,312,311,362,450,555,647,1017,683,613,480,320,154,4,90,120,89,10
167,115,302,337,358,368,363,346,312,257,188,383,2,115,233,353,476,580,673,749,809,833,841,819,783,727,658,581,497,403,314,225,147,70,21,21,29,24,7,473,105,169,237,307,359,417,461,492,519,538,558,568,584,593,592,589,572,538,485,415,327,224,114,4,121,227,319,395,453,472,474,437,374,284,164,446,111,251,390,510,602,667,701,693,659,593,501,378,243,101,52,193,317,423,494,536,541,507,453,375,281,193,127,215,89,125,212,327,469,614,747,850,907,906,843,715,549,356,157,27,166,249,266,47,26,7,40,32,21,0,7,2,12,34,259,267,296,340,385,428,457,475,485,495,504,525,556,595,638,666,681,675,643,217,519,440,344,249,154,67,16,77,130,166,177,180,164,139,109,81,54,43,34,43,55,81,105,139,172,203,229,92,248,236,211,176,132,84,35,7,45,74,82,81,69,38,13,69,142,213,271,334,373,392,398,384,360,316,265,215,154,88,18,52,121,199,269,203,364,387,395,390,367,329,288,235,173,108,39,43,121,199,264,322,370,402,416,422,423,420,421,426,433,443,460,1092,454,430,392,331,259,175,91,4,78,41
254,140,424,976,977,465,278,857,983,589,96,1658,976,715,86,578,936,794,248,419,868,851,391,273,792,889,516,118,697,906,640,39,583,888,721,176,463,859,791,1523,339,798,825,418,213,723,844,512,101,652,849,589,19,560,836,660,125,465,797,695,217,367,742,712,294,274,687,720,364,187,621,725,423,101,569,489,469,24,498,695,499,36,444,676,526,82,396,655,532,109,373,641,537,129,347,617,523,121,350,614,506,90,374,1012,458,22,414,588,387,70,462,536,250,195,492,431,79,313,455,264,109,366,322,3,0,3,0,1,0,3,2,3,0,3,443,357,42,448,526,193,319,625,486,21,541,693,366,227,686,683,233,381,761,752,127,485,797,609,56,523,788,582,30,540,800,589,38,535,798,614,75,501,808,652,133,468,810,711,204,416,822,976,293,356,815,839,391,267,803,903,507,177,782,964,615,83,746,1011,722,29,700,1053,837,150,638,1082,935,275,549,1077,1023,408,441,1059,1097,545,327,1373,1168,678,193,952,1193,789,50,868,1212,902,106,753,1199,1000,250,632,1157,1057,395,480,1086,1106,536,322,1009,1147,667,459,898,1140,778,2,762,1124,874,184,617,82
229,24,240,327,392,432,443,417,362,283,179,336,71,212,351,490,602,708,783,834,857,852,818,770,697,619,529,437,337,238,145,64,6,67,102,118,109,82,35,135,83,138,192,227,254,272,270,263,246,223,190,155,121,84,51,29,22,35,59,111,172,244,323,399,464,515,554,576,577,560,530,470,397,301,185,444,87,243,393,546,670,774,854,894,903,875,817,724,608,470,316,155,11,172,331,475,596,689,754,783,774,728,657,461,442,317,187,67,33,108,157,166,131,64,28,147,264,369,443,480,473,427,353,20,16,29,33,20,14,19,55,26,49,18,17,1,12,22,26,30,28,32,47,78,123,177,246,315,381,423,448,454,436,79,334,272,199,124,59,4,52,93,121,135,140,142,138,120,93,61,26,15,55,98,132,161,187,205,205,205,188,174,120,64,8,54,123,184,237,280,313,329,334,318,283,232,177,107,34,48,119,195,266,330,383,422,450,457,449,422,374,305,226,139,36,58,143,21,272,315,333,327,307,273,218,160,87,0,94,191,289,388,466,527,567,573,549,489,402,296,177,54,62,166,251,698,366,398,415,413,396,366,320,258,168,2
148,101,154,141,74,26,141,221,250,220,168,116,97,143,237,372,502,622,707,739,714,613,446,217,26,246,413,493,486,444,367,290,239,195,161,112,43,46,132,244,191,130,6,145,301,427,511,552,533,467,355,206,42,144,319,466,562,573,486,307,52,218,449,570,564,416,176,103,358,534,627,638,582,495,414,627,348,357,355,288,125,136,459,768,988,1040,912,622,252,113,371,467,382,148,165,457,629,634,467,171,152,413,546,620,465,380,368,434,559,642,591,368,17,456,827,996,908,610,202,165,375,399,262,9,11,6,8,16,5,5,18,5,15,0,191,179,143,83,4,118,244,351,430,463,446,391,298,165,2,178,345,466,522,177,369,218,84,11,17,77,163,225,233,167,57,63,152,185,153,79,2,61,57,8,124,265,388,462,457,381,240,123,64,151,151,72,57,202,302,322,262,135,3,126,195,197,147,87,44,57,123,229,353,471,548,568,527,433,328,238,172,145,140,130,82,12,136,64,392,465,491,463,409,345,285,226,187,172,192,239,307,377,417,407,352,253,136,34,40,105,169,253,360,489,600,1150,683,631,534,417,302,216,143,97,69,4
47,19,367,229,126,454,464,155,202,348,254,45,61,19,153,399,458,149,382,727,569,28,626,777,368,259,645,523,54,329,369,155,62,121,69,24,10,26,18,203,148,92,139,356,289,75,440,496,178,276,532,445,64,391,603,343,218,585,378,215,547,237,388,611,127,573,751,201,548,797,387,248,574,458,154,478,234,415,509,243,397,915,736,151,994,980,96,798,859,131,538,474,107,430,70,516,526,146,808,688,119,766,677,379,355,389,296,255,60,426,783,438,469,1018,548,469,944,414,443,672,156,397,372,22,9,15,6,29,24,4,28,9,50,7,177,167,5,254,336,115,251,431,263,107,394,410,157,224,494,424,1,450,533,144,282,400,162,92,97,13,21,180,234,9,270,314,72,166,190,60,5,50,91,49,264,292,27,321,403,115,249,155,103,155,169,35,168,47,195,278,66,239,349,170,105,235,192,95,43,14,166,318,290,3,348,467,255,105,343,363,221,23,172,320,356,211,97,82,471,243,140,410,385,137,101,174,165,174,215,120,154,448,461,127,309,528,407,90,203,373,413,307,0,402,631,696,65,541,615,267,168,386,300,122,27,77
256,5,666,704,588,297,78,364,531,561,493,47,373,357,306,168,92,463,891,1169,1172,817,145,608,1203,1413,1210,725,157,337,638,774,737,532,197,156,420,446,212,450,517,592,366,55,482,741,761,606,352,34,319,691,982,1054,771,136,606,1132,1143,628,180,820,962,501,321,1046,1302,937,127,693,1243,1316,997,511,88,920,424,685,1014,1258,1203,665,267,1268,1887,1778,971,181,1109,1399,971,153,531,624,121,653,1153,996,218,769,1433,1480,966,432,249,510,652,857,1080,1093,623,334,1346,1859,1509,447,761,1433,1286,526,299,726,582,2,36,9,17,91,53,24,22,62,14,53,356,333,118,260,646,842,705,292,253,719,949,936,693,259,275,804,1142,1126,717,519,470,748,690,424,176,92,135,162,62,180,424,519,406,172,28,75,5,72,11,221,516,699,617,281,197,600,716,627,167,183,323,184,151,441,481,203,250,600,680,470,154,45,56,38,54,115,433,726,802,606,145,331,696,817,671,419,209,124,135,118,58,413,795,739,937,529,39,530,771,742,504,251,137,158,259,291,105,290,745,1038,1005,674,178,268,545,664,678,708,724,685,532,75,283,762,1098,1141,942,533,106,194,325,329
116,9,225,464,658,709,489,66,405,657,665,114,358,161,185,698,1129,1102,481,472,1262,1495,1029,163,737,1310,1297,754,68,782,1064,903,369,233,633,668,342,121,431,580,92,523,589,167,490,925,865,332,366,871,985,735,183,470,991,1039,521,327,954,877,156,634,840,278,593,1072,742,178,1065,1326,836,88,911,1247,1051,500,118,720,1220,1353,918,88,1269,1896,1486,192,1167,1686,1097,64,871,733,22,578,343,487,1111,845,180,1205,1455,792,231,1102,1084,854,473,47,720,1337,1385,494,916,1850,1528,113,1253,1536,636,503,913,453,188,10,0,36,13,28,21,5,13,38,37,73,49,312,531,499,81,552,953,780,71,728,1124,906,236,507,1003,1011,564,150,758,24,601,53,350,421,299,207,214,167,57,349,468,296,29,202,168,22,39,230,411,271,156,623,754,402,219,670,635,393,281,385,81,299,351,19,510,677,368,219,595,538,210,25,11,112,14,370,769,792,275,511,1080,1050,505,196,630,690,523,386,297,120,278,804,1107,410,142,724,1234,1122,500,210,638,646,428,270,245,283,120,318,838,1055,760,75,629,1038,1031,701,201,307,747,997,955,1085,3,646,1066,1091,692,73,511,806,791,169
139,17,648,417,168,89,334,554,741,875,961,982,939,840,692,496,274,38,190,404,596,748,855,906,901,836,725,563,373,156,68,289,496,666,796,873,896,856,760,1882,420,202,15,233,436,609,742,824,854,823,737,603,430,227,8,209,410,579,706,779,796,756,673,535,366,172,29,225,401,544,649,710,724,684,599,333,303,120,70,252,414,541,631,669,656,591,482,339,167,18,200,365,498,584,628,613,550,437,286,111,80,260,414,559,585,584,518,399,234,41,151,322,454,521,515,433,297,121,58,221,335,383,350,3,1,1,2,1,0,3,3,1,3,3,444,461,383,225,10,218,429,580,655,630,511,314,68,191,432,618,735,773,718,662,388,146,107,350,551,698,779,789,733,611,441,232,3,222,429,603,727,799,811,755,643,480,285,63,164,383,577,658,838,880,859,778,640,457,234,12,260,491,698,853,957,983,949,846,683,466,207,72,355,616,836,998,1093,1108,1050,909,707,448,156,153,452,717,944,1458,1188,1187,1100,933,705,424,111,210,517,784,1000,1142,1205,1184,1081,903,671,391,90,220,509,762,971,1111,1177,1155,1059,1336,668,400,114,180,457,700,894,1023,1083,1
46,44,202,196,169,75,71,230,301,249,69,151,332,395,282,6,348,578,520,107,441,757,587,27,527,687,411,49,389,465,294,1,263,346,186,79,240,155,78,306,106,160,326,220,105,406,441,157,250,511,453,131,273,529,463,80,381,547,257,249,472,201,289,459,128,390,582,243,324,648,483,0,449,585,391,41,320,550,555,245,311,793,781,163,642,971,530,286,755,523,88,416,198,212,267,137,527,387,224,712,589,17,539,501,284,55,298,474,506,171,459,871,551,319,923,651,193,729,485,150,464,236,148,18,10,33,9,34,13,13,20,5,22,10,45,199,224,15,304,428,190,249,523,399,23,414,495,252,137,423,430,150,219,83,300,6,206,200,105,73,45,51,209,234,69,134,177,77,14,59,93,23,221,304,137,165,362,307,15,267,323,218,164,200,7,169,60,201,292,48,280,356,115,153,229,101,16,63,139,23,265,460,310,150,542,547,150,274,424,287,96,10,74,206,362,323,8,31,533,324,113,415,421,161,100,210,165,90,100,137,65,179,408,427,115,320,581,474,108,264,462,437,261,20,317,994,444,124,283,519,456,159,194,384,356,31
17,99,23,114,196,272,329,374,399,402,399,232,368,359,350,341,334,327,315,311,304,305,299,305,301,294,277,251,210,165,105,59,33,16,27,42,82,124,166,202,254,281,312,335,351,358,370,374,374,373,379,388,391,401,405,399,369,322,265,168,68,45,163,283,395,494,576,640,681,692,691,676,640,605,573,1055,540,542,567,606,657,716,773,829,877,891,886,843,759,636,476,293,103,91,263,413,533,612,659,663,649,603,550,346,458,438,450,499,573,661,753,831,868,851,780,657,498,317,135,19,148,230,270,29,1,11,6,12,12,3,13,26,13,3,89,148,217,289,361,429,482,520,539,542,530,510,489,470,456,456,464,466,468,34,433,396,344,287,226,184,147,130,127,130,133,126,103,63,11,53,116,180,236,287,326,356,367,387,377,349,303,277,159,71,22,112,172,214,237,227,198,154,111,68,39,16,23,47,78,116,167,205,245,275,297,307,313,297,263,209,129,30,81,202,306,397,454,291,485,464,431,391,361,320,287,245,192,126,64,10,78,126,157,169,176,165,169,170,196,241,296,363,434,498,547,1205,590,583,563,530,494,443,397,344,281,81
123,61,139,177,245,317,387,432,460,448,406,248,279,245,256,305,397,520,624,690,697,633,514,363,186,23,118,213,285,313,319,306,265,210,162,93,28,25,83,32,193,240,267,263,247,178,110,34,49,121,203,285,360,446,525,570,556,471,307,87,150,366,511,551,482,306,64,202,439,612,705,720,669,583,493,965,399,413,464,520,549,516,390,189,81,367,611,758,775,658,428,144,129,330,406,362,192,68,352,604,768,813,748,396,458,341,290,302,345,356,279,104,166,472,731,867,842,669,388,86,165,302,321,10,18,10,5,10,31,6,17,32,40,19,114,131,105,37,68,195,321,419,482,497,469,417,347,269,183,74,27,140,243,129,360,357,323,267,220,187,182,192,211,226,216,185,130,75,26,12,38,93,180,266,328,356,338,277,174,60,55,59,212,211,167,75,43,163,254,289,266,183,69,28,95,100,40,52,147,212,217,159,38,103,250,354,413,416,369,302,229,178,164,190,245,321,406,40,511,510,472,397,302,216,138,96,105,156,245,341,432,487,498,469,391,289,180,83,21,13,9,10,43,64,55,259,67,164,271,354,413,425,402,343,268,103
310,144,440,369,296,191,53,87,180,325,402,262,513,533,463,426,292,159,2,163,350,506,650,795,871,944,976,991,921,899,814,703,580,491,326,247,138,63,5,1149,2,33,122,181,266,391,499,580,717,805,911,985,1090,1146,1203,1237,1273,1265,1243,1209,1148,1071,987,889,786,724,637,571,541,529,500,547,582,602,659,1646,756,822,891,898,943,978,984,994,1049,1025,1031,1056,1022,978,961,880,778,699,568,413,304,155,9,85,194,240,237,646,104,85,274,533,815,1079,1337,1572,1722,1802,1828,1738,1597,1405,1160,878,635,380,164,24,19,62,105,14,67,35,95,33,18,57,299,382,465,557,601,652,712,745,772,819,857,879,941,982,1019,1080,1105,1094,1100,375,975,874,745,577,406,224,49,96,238,329,381,402,364,289,201,71,63,200,330,462,558,626,717,730,729,717,680,552,516,389,263,112,28,204,315,430,488,513,490,408,298,144,34,240,422,621,776,935,1016,1100,1102,1058,951,816,596,375,124,126,388,598,782,922,1001,306,997,924,779,651,460,254,68,96,308,454,576,697,799,791,805,783,666,537,429,227,26,113,310,489,582,672,777,1985,730,694,583,428,329,144,16,140,261,60
269,144,360,558,762,843,706,388,54,412,599,662,501,432,486,588,638,473,65,526,1111,1462,1436,1008,273,499,1091,1294,1114,684,170,280,545,591,472,240,39,250,317,1349,37,332,535,568,369,39,322,600,743,758,669,464,80,457,995,1286,1089,403,469,1087,1079,455,450,1126,1181,559,441,1321,1710,1431,652,255,939,1197,1093,1979,637,544,432,103,518,1257,1781,1743,1031,127,1212,1736,1502,655,286,802,646,5,679,869,394,503,1319,1591,1150,261,631,1394,1151,917,679,544,358,108,840,1542,1743,1180,33,1134,1686,1388,496,401,820,636,128,45,55,1,17,20,30,1,29,46,48,39,279,86,277,623,747,526,42,507,889,984,803,447,22,403,754,965,949,660,141,429,799,888,669,323,23,129,147,124,168,272,365,383,271,110,40,102,84,62,120,287,473,555,418,71,343,640,664,358,82,216,276,102,167,358,302,30,342,580,579,375,171,45,55,83,24,322,677,922,880,546,49,396,655,700,596,449,348,309,266,133,92,421,735,501,851,554,120,295,541,557,392,219,183,336,557,681,495,38,534,986,1114,905,521,130,129,240,301,395,571,760,869,1207,445,58,576,940,1057,918,613,278,35,273
176,20,367,530,474,126,362,744,738,381,119,483,502,445,443,377,25,635,1199,1148,322,809,1512,1290,377,686,1282,1126,378,478,909,730,143,363,479,231,171,403,301,689,499,615,268,311,741,745,332,239,705,870,649,28,742,1205,923,25,1042,1292,510,678,1222,616,561,1218,734,518,1425,1187,38,1275,1591,869,281,1052,1104,1537,232,166,609,1103,1245,591,718,1835,1773,419,1201,1820,991,409,1130,653,339,684,51,869,996,31,1173,1520,659,666,1393,646,297,418,762,901,857,333,687,1561,1396,58,1425,1727,619,835,1338,623,414,767,315,5,15,36,34,69,72,9,25,18,16,0,123,173,502,533,113,520,876,597,131,787,930,509,173,769,960,647,66,789,1049,2,137,745,770,349,89,247,214,219,290,268,50,253,385,304,133,5,76,165,327,444,318,77,563,747,441,180,650,402,173,267,322,22,231,147,231,463,292,149,462,427,189,1,68,166,394,590,471,43,686,943,573,130,661,694,405,118,13,84,309,584,651,340,230,107,851,527,30,519,658,492,230,75,14,124,436,742,694,157,634,1154,1014,289,504,892,774,420,123,98,369,717,860,184,230,937,1142,679,79,665,772,482,124,152
38,97,142,117,81,28,43,106,170,219,257,18,248,208,137,56,48,145,240,331,406,471,515,551,563,568,562,543,513,470,424,381,329,281,247,225,212,218,228,300,279,313,359,408,451,493,528,555,564,565,540,506,474,437,400,381,369,366,382,410,440,478,516,561,607,645,678,707,727,732,724,696,654,595,517,1033,322,210,88,34,152,253,344,415,460,477,467,424,361,269,158,38,90,220,342,454,546,621,669,692,692,672,634,495,517,448,380,315,266,230,215,214,233,268,310,353,388,417,419,396,351,279,194,7,29,17,20,34,34,42,26,6,4,65,45,43,53,70,97,118,131,131,124,103,70,25,23,76,136,188,241,278,314,76,334,317,290,256,210,161,113,72,40,12,5,25,33,38,41,37,26,8,20,55,88,117,152,169,176,168,141,191,52,10,76,138,197,256,298,324,337,328,301,252,190,119,24,64,159,249,328,401,458,495,507,500,468,416,342,244,137,20,101,216,322,403,476,313,539,542,515,470,398,315,218,113,10,94,178,242,290,314,318,287,252,180,105,13,87,194,300,389,466,521,541,947,490,426,344,260,167,84,12,55,92,35
156,81,103,132,198,241,200,76,57,150,189,129,229,235,174,18,293,544,623,426,13,444,725,694,378,62,436,606,524,267,45,277,358,287,115,73,194,198,61,91,283,248,7,334,528,431,79,326,559,546,321,10,300,525,562,347,68,465,589,347,124,483,489,119,356,618,485,33,459,702,590,207,214,481,540,805,290,75,195,501,712,643,267,323,798,867,474,155,619,605,205,230,360,83,332,468,182,332,693,613,157,331,573,310,286,81,85,303,542,631,382,196,776,906,456,270,765,684,168,311,438,211,91,12,24,10,0,3,15,15,5,18,13,42,22,107,193,169,39,298,417,308,13,305,455,409,211,75,336,461,408,156,162,20,378,228,15,121,147,137,119,107,87,1,109,165,142,53,33,30,33,64,8,140,265,229,32,204,330,256,43,30,185,85,80,146,59,125,278,248,33,211,309,216,47,38,18,70,12,210,393,374,121,198,428,466,308,67,131,243,241,197,187,190,131,40,295,220,477,225,114,378,433,297,105,33,72,33,26,129,277,376,312,47,272,486,492,325,89,104,257,369,428,389,222,144,338,521,539,370,67,244,444,444,275,25
81,22,150,199,236,264,287,290,268,230,171,123,38,42,133,215,282,343,403,451,491,522,540,548,557,551,528,499,471,433,401,352,306,259,227,185,150,122,92,302,21,30,94,147,198,255,303,327,328,311,282,240,198,166,139,156,195,261,332,410,483,546,588,603,601,585,560,532,511,485,454,436,394,368,358,814,385,421,465,536,622,719,800,870,904,904,879,818,724,591,420,222,28,153,322,475,605,684,715,704,653,591,522,150,402,373,373,401,475,566,676,785,883,941,955,921,829,692,527,355,197,75,2,5,4,5,15,27,34,8,17,26,16,15,78,113,162,209,260,314,364,403,421,434,426,416,415,408,396,388,383,375,370,2,320,281,231,176,117,44,20,72,95,102,97,81,56,19,4,18,20,17,9,6,35,70,105,122,152,169,188,31,191,183,159,133,94,52,4,49,101,131,148,135,112,64,2,75,159,250,322,388,445,492,511,504,481,443,394,329,243,151,56,32,115,186,241,377,308,317,317,312,302,295,272,247,200,148,108,66,33,2,30,60,85,114,149,204,254,313,364,421,477,528,570,1037,613,601,575,522,453,379,294,215,125,92
66,52,237,224,232,239,261,280,291,286,255,215,167,143,157,222,332,462,594,701,764,786,769,716,651,567,477,382,277,165,64,28,92,130,150,147,150,154,163,400,152,111,47,50,178,294,397,471,514,525,525,517,511,498,465,403,294,147,44,240,423,553,621,602,497,322,108,121,335,502,608,662,654,606,548,1070,479,504,561,648,747,825,855,817,696,505,261,6,226,387,450,402,257,40,209,440,613,708,706,620,471,293,129,142,68,82,70,65,102,201,361,563,764,900,936,845,649,377,96,137,284,329,276,22,15,18,24,47,0,8,40,30,29,29,17,27,66,127,213,303,384,439,462,450,416,367,315,264,212,159,95,19,60,148,189,212,203,155,102,47,21,24,55,108,157,196,198,173,124,58,9,56,87,78,33,40,123,215,292,345,353,184,213,92,35,149,229,265,249,188,97,0,86,141,158,129,74,5,56,102,113,85,21,50,133,208,247,253,228,187,144,101,100,123,174,235,308,69,419,452,467,477,459,421,363,286,211,146,110,117,165,235,309,373,407,400,362,320,282,269,279,322,377,440,490,1155,567,584,583,574,541,495,436,382,338,2
133,130,8,87,210,317,326,224,37,125,203,278,155,167,240,277,183,79,420,680,686,390,102,585,821,713,326,152,493,572,412,122,120,241,231,124,9,112,143,437,28,178,269,237,71,160,350,406,310,116,136,378,520,481,201,218,559,597,263,236,558,467,0,522,725,450,147,711,898,614,65,439,658,575,341,145,19,108,314,576,701,504,23,636,973,803,210,449,776,594,93,330,365,32,375,466,122,424,783,681,179,390,687,499,350,77,106,260,452,598,515,93,499,877,750,163,479,752,514,10,360,371,109,14,7,37,10,33,5,3,1,17,7,5,0,144,269,266,94,182,397,425,248,33,278,409,392,257,27,237,443,481,295,125,314,407,293,92,52,70,31,36,120,211,202,78,85,166,142,71,58,118,162,96,85,290,381,288,59,189,327,356,142,45,142,104,22,109,66,82,235,263,148,28,154,173,146,139,165,174,86,102,308,408,337,134,80,213,233,217,206,217,189,51,178,404,494,355,147,130,335,396,323,178,41,35,54,72,138,259,358,328,132,150,380,438,332,164,39,24,90,216,382,486,404,84,250,536,601,446,156,127,300,342,287,15
15,10,210,232,249,256,256,251,238,213,171,64,51,26,110,201,295,380,468,543,607,661,700,722,726,711,682,640,587,526,452,388,324,269,220,182,166,149,141,464,135,125,120,113,107,107,115,133,167,213,264,314,358,385,378,355,298,208,93,34,171,307,444,565,666,743,808,842,853,839,797,740,667,581,494,1073,348,296,272,271,294,339,396,462,525,579,614,625,603,549,466,344,202,38,132,298,455,593,690,757,781,761,708,507,525,424,339,279,249,259,315,398,501,607,701,758,773,745,663,542,395,241,91,12,22,23,6,19,31,2,35,14,2,3,22,55,95,137,181,221,251,266,271,264,247,228,204,186,175,176,183,199,212,64,238,232,208,168,117,49,21,92,156,203,232,236,218,186,145,90,38,9,44,70,87,96,97,93,75,56,29,136,31,66,89,105,116,113,93,80,54,33,22,21,29,65,109,159,218,276,332,372,407,421,417,398,358,300,228,148,52,50,143,229,311,373,424,408,460,452,431,392,339,286,217,144,69,7,80,145,208,252,285,297,294,285,270,254,244,238,231,232,237,248,251,689,230,210,182,146,102,56,14,32,79,57
77,31,191,153,111,49,6,63,102,133,171,59,292,362,407,437,460,481,520,557,590,603,581,553,529,501,476,427,376,312,258,209,185,173,171,176,188,208,237,151,328,374,404,420,420,420,417,423,424,418,405,394,402,416,435,438,416,362,280,194,89,27,165,311,449,568,653,711,742,752,753,731,696,646,598,1193,532,513,498,497,521,553,593,643,681,703,716,707,673,604,500,365,201,31,140,305,457,588,681,738,753,731,670,483,540,488,462,456,492,549,638,738,826,884,897,851,761,624,467,304,149,15,86,11,14,53,12,12,19,13,64,30,34,81,6,13,36,74,126,178,233,280,321,345,351,349,336,326,316,313,309,306,310,181,295,277,233,181,116,42,9,58,90,108,111,97,74,42,5,20,22,5,30,59,93,134,165,194,227,245,255,75,213,163,101,34,28,89,144,200,238,255,238,187,109,27,60,143,218,300,369,423,456,459,444,419,398,376,344,307,259,227,199,192,191,191,196,108,178,167,153,127,83,22,34,90,130,156,177,199,229,264,287,294,287,272,237,197,141,66,27,122,206,276,328,613,401,427,446,454,461,457,446,432,393,125
122,67,343,381,407,406,403,434,448,487,536,284,617,649,729,818,956,1122,1295,1425,1519,1512,1434,1296,1108,913,728,579,463,394,319,264,170,58,66,177,297,389,458,397,471,427,366,279,161,3,165,356,527,679,770,844,890,914,950,999,1056,1066,1035,923,707,380,20,455,854,1180,1391,1463,1431,1314,1141,950,800,673,612,669,636,694,780,839,831,748,568,301,39,395,734,1003,1143,1131,960,663,266,171,576,896,1110,1155,1060,854,588,296,54,426,168,138,43,47,55,42,276,637,1047,1418,1690,1776,1643,1313,850,348,96,402,542,71,50,62,46,19,16,0,8,28,2,36,174,188,135,4,191,414,632,804,906,934,910,868,827,800,800,781,750,687,574,176,287,163,79,56,82,136,193,244,271,269,231,178,112,49,9,22,23,118,265,440,598,698,738,702,574,418,259,262,30,147,201,237,190,73,93,281,474,612,656,596,447,228,11,155,229,223,90,90,273,458,595,648,646,615,533,405,275,158,45,16,36,14,98,271,376,496,576,608,602,525,430,295,149,29,199,348,463,508,500,432,332,223,141,88,86,148,235,327,402,469,463,819,349,264,179,107,74,42,60,60,112,3
32,104,293,312,214,32,328,473,363,83,158,285,194,174,227,255,96,255,600,665,318,263,733,792,409,157,587,667,381,56,364,395,216,4,129,158,103,18,136,421,24,239,305,140,157,387,412,229,92,394,536,400,24,416,640,469,1,481,597,253,294,555,279,300,652,426,218,755,749,212,453,787,629,190,213,990,491,484,351,16,543,906,770,91,700,1037,668,99,663,626,138,284,256,122,386,193,334,713,558,79,706,833,399,460,572,543,330,122,118,466,728,537,152,846,905,234,570,801,347,271,481,199,174,27,39,2,34,12,15,1,1,2,15,28,130,51,154,329,273,20,355,466,268,79,357,431,302,39,268,468,415,102,277,178,343,59,180,236,170,95,57,17,79,195,222,112,46,148,125,78,83,109,55,91,254,285,149,94,280,308,152,5,220,137,47,121,14,206,231,25,253,350,199,45,172,147,93,120,186,147,78,358,463,280,77,368,432,275,53,107,162,188,257,287,177,119,441,308,338,68,391,461,308,87,78,155,187,223,249,193,4,253,424,391,174,109,298,357,301,201,57,129,336,484,448,31,267,611,638,340,90,416,509,385,155,29
6,74,277,371,380,269,56,164,312,333,255,51,115,121,102,25,280,566,683,488,24,498,821,824,485,15,471,678,602,325,3,231,302,244,110,16,79,78,15,301,214,231,101,137,359,460,373,142,161,422,552,491,242,136,487,655,501,81,380,600,435,26,478,606,292,288,739,753,309,306,722,759,461,78,218,1091,427,500,528,394,11,513,912,919,460,247,807,899,508,91,474,432,55,295,314,42,507,703,448,126,656,811,540,165,287,433,445,437,394,187,237,707,879,544,153,764,873,440,182,541,449,77,241,38,33,11,7,14,1,4,2,22,17,1,170,204,102,122,349,422,278,9,283,424,386,222,10,250,428,457,290,18,332,125,409,173,69,197,211,179,155,144,107,6,131,218,213,141,46,7,7,3,54,161,255,240,94,142,335,369,218,96,216,221,64,119,160,24,193,308,219,8,209,258,167,65,48,96,95,37,248,407,387,190,88,305,363,290,165,65,20,22,110,249,405,446,289,92,367,539,476,251,17,131,175,181,208,277,314,262,94,147,375,491,437,243,11,211,319,335,316,300,250,108,145,855,638,595,322,61,385,530,466,300,144,42
88,50,199,278,339,378,401,405,387,354,304,231,162,77,17,116,218,318,404,487,550,597,631,645,641,629,600,561,517,474,433,370,317,268,214,175,132,90,49,423,11,27,35,35,22,0,39,78,125,171,213,250,288,306,319,305,275,227,149,63,51,174,313,446,575,688,784,854,888,900,875,821,742,652,551,1205,356,277,213,173,163,170,196,240,289,351,409,452,486,490,479,439,381,283,176,46,86,221,340,432,499,529,524,602,382,271,146,23,80,161,199,195,145,67,39,151,255,341,394,416,404,363,304,10,42,2,36,4,15,11,8,1,19,12,5,7,25,54,87,119,154,173,187,182,155,130,87,46,4,31,48,53,46,76,6,15,37,49,48,34,6,24,60,99,130,151,153,142,107,66,9,47,107,157,201,239,254,260,251,233,207,372,133,87,34,14,71,118,167,198,219,216,213,190,156,118,79,39,6,16,36,51,49,53,58,68,79,98,118,139,164,192,211,227,244,257,252,23,229,200,169,120,70,10,49,110,173,231,280,323,353,367,372,358,327,274,212,138,50,44,138,238,327,411,480,870,571,592,592,568,532,470,391,304,202,41
82,8,494,553,651,674,731,698,660,546,428,599,76,120,321,499,712,867,1060,1173,1335,1398,1494,1454,1486,1397,1362,1231,1168,1041,946,811,719,605,503,414,317,256,161,775,66,45,2,11,19,23,24,83,98,153,179,231,258,255,232,165,71,66,249,458,694,924,1122,1281,1414,1466,1483,1426,1366,1260,1167,1054,982,888,849,1986,831,882,984,1138,1304,1491,1635,1787,1851,1879,1779,1653,1420,1163,830,495,106,250,617,936,1229,1425,1560,1592,1533,1418,1237,728,865,749,689,736,844,1061,1282,1532,1725,1852,1847,1735,1497,1173,799,435,115,111,226,63,75,13,22,5,32,23,35,33,11,17,289,320,332,343,313,274,198,142,79,65,61,113,181,268,340,405,422,431,386,101,238,153,76,16,32,18,9,67,162,232,305,338,362,319,264,141,41,116,195,317,369,452,445,488,417,414,322,592,165,76,43,143,246,332,399,428,419,403,351,315,268,259,261,295,329,389,459,494,535,518,510,440,391,262,170,13,118,310,455,663,798,943,1034,481,1106,1062,999,888,773,619,506,324,204,6,89,278,358,493,537,623,620,648,614,608,565,556,533,515,502,495,482,1100,419,371,306,219,128,52,50,122,209,66
176,133,118,102,69,6,66,145,195,209,193,36,188,263,376,485,530,498,349,111,171,437,654,776,783,690,505,275,34,164,316,393,390,342,246,112,33,170,259,193,185,29,181,372,500,527,445,282,72,130,310,428,490,517,477,335,118,153,404,557,541,335,10,337,586,659,527,235,124,447,653,708,627,456,289,128,60,25,147,340,578,790,884,792,511,105,307,595,667,527,240,74,280,303,127,174,486,674,669,446,99,262,512,543,539,444,394,403,404,308,35,365,751,953,861,501,25,368,545,475,237,26,196,65,52,26,4,2,19,34,28,1,23,22,141,138,78,43,203,348,424,394,269,91,91,232,329,390,418,402,330,189,17,166,274,300,270,203,149,127,124,126,103,55,0,45,66,62,43,29,34,78,154,233,291,277,192,40,128,254,292,168,137,1,105,152,104,4,142,256,293,246,141,24,47,66,34,12,20,87,200,325,415,439,375,245,90,47,132,163,171,188,243,334,414,462,452,252,230,59,117,258,333,335,273,198,155,156,217,297,342,337,282,206,94,16,137,257,356,434,461,448,420,397,366,504,182,11,167,327,430,460,427,365,285,34
73,83,230,242,261,287,307,307,299,263,234,63,213,248,305,341,337,272,129,72,298,524,694,787,789,696,532,348,168,17,92,190,262,323,341,310,206,62,111,25,354,365,300,169,15,200,380,509,574,565,489,368,227,74,91,251,398,506,531,454,271,4,287,511,602,537,330,29,280,538,684,717,660,555,448,569,324,283,205,59,183,463,733,911,947,804,525,180,149,383,454,372,156,119,363,483,438,232,82,411,647,747,682,318,358,240,192,170,113,45,305,612,849,909,753,408,10,369,554,529,331,61,177,27,17,5,15,5,14,15,4,1,21,20,86,69,1,110,245,359,420,399,302,150,19,174,289,366,410,424,414,370,281,118,6,130,214,241,214,164,117,96,107,138,162,164,127,76,34,16,34,88,137,169,148,68,58,192,294,327,284,287,48,79,160,162,92,33,177,287,332,304,205,93,5,28,7,41,85,85,28,83,227,372,478,524,514,439,342,239,173,161,190,232,240,197,65,164,302,447,525,518,445,338,222,146,113,133,185,249,296,301,252,163,56,42,129,190,244,291,359,425,497,557,592,975,543,455,330,181,43,74,161,209,228,72
66,31,219,222,246,255,274,271,266,239,202,152,98,63,20,20,40,99,168,263,354,447,513,561,596,611,611,590,573,535,502,458,414,349,300,223,145,46,50,193,254,338,416,456,483,466,444,397,350,287,232,175,112,33,44,152,264,368,464,522,558,526,457,322,170,23,201,378,511,613,660,662,632,580,535,1087,508,537,617,695,788,832,839,782,665,498,285,84,122,263,364,366,309,176,5,219,426,600,716,756,719,617,492,67,273,238,273,326,399,422,391,265,69,170,408,597,703,698,597,420,222,28,114,23,55,2,27,9,45,34,12,22,20,47,72,100,153,222,295,361,405,411,383,332,254,190,128,87,59,40,15,20,69,175,180,216,224,210,172,130,77,45,21,26,34,49,64,55,31,16,62,119,162,186,179,144,79,2,78,150,198,30,215,172,108,8,89,192,265,319,317,285,230,151,96,52,67,99,181,260,353,407,441,444,423,384,331,294,247,233,210,226,250,301,361,437,496,289,548,526,488,417,347,273,209,165,141,147,166,205,255,316,373,426,456,475,473,463,448,428,425,418,423,445,473,974,547,582,595,596,561,523,452,387,319,60
180,119,101,37,27,77,140,187,234,265,285,234,295,289,269,266,282,321,360,428,522,597,660,711,722,709,650,574,487,411,337,298,285,292,339,381,431,475,512,322,563,578,579,598,628,649,689,759,825,904,978,1051,1120,1169,1204,1218,1209,1160,1086,973,821,620,384,131,142,413,683,914,1106,1215,1259,1238,1132,959,726,1696,157,116,376,589,731,794,784,715,570,381,176,43,261,447,604,706,755,716,636,462,258,9,254,484,693,832,881,982,699,494,231,47,298,482,594,589,480,275,5,288,560,774,899,930,868,730,544,75,62,137,21,25,12,7,28,53,57,22,297,441,579,676,746,775,769,736,714,690,687,702,745,802,874,925,983,1004,1015,294,918,824,706,574,439,303,183,102,49,17,17,22,21,4,32,84,160,250,336,435,521,589,654,689,708,694,657,352,502,381,241,102,43,167,277,361,414,438,433,387,330,246,174,92,17,14,46,53,55,70,85,112,148,190,230,296,350,423,486,549,637,720,791,61,855,827,761,653,495,303,129,69,258,424,575,702,811,894,945,956,940,865,759,615,455,262,85,107,281,437,583,884,781,830,832,835,788,734,642,549,447,55
102,3,138,154,173,203,235,263,296,296,260,173,128,48,12,19,82,192,331,481,608,701,745,749,706,630,540,426,315,192,65,42,137,220,267,289,267,208,124,564,60,134,192,237,277,321,373,413,456,472,471,444,395,306,195,36,153,337,504,597,595,490,283,11,285,566,770,874,879,774,597,395,204,75,23,60,89,143,166,127,0,205,449,694,890,980,949,782,520,211,86,317,425,404,253,2,289,560,764,846,810,675,479,67,157,95,105,139,163,126,9,228,498,744,893,893,744,470,148,138,321,376,303,63,13,32,21,7,25,17,31,9,8,34,131,190,251,282,280,236,145,33,76,166,217,256,290,338,405,485,547,578,563,97,354,212,70,34,105,120,88,28,31,88,111,103,81,34,2,6,3,21,47,62,70,49,8,47,115,195,245,150,263,205,121,16,79,141,169,147,90,26,36,80,89,77,56,35,41,79,146,208,275,319,348,350,320,283,217,172,144,147,198,282,375,468,524,240,491,413,320,219,139,89,67,95,154,237,321,395,432,427,390,322,249,172,106,62,39,35,64,114,151,187,187,265,64,49,157,255,314,328,293,246,196,26
73,57,225,258,290,312,332,330,317,291,252,129,133,68,19,17,36,33,14,30,84,139,199,238,278,302,308,302,288,277,271,264,262,255,258,249,250,233,221,478,195,180,171,150,131,117,101,88,73,70,67,55,42,13,36,104,186,275,372,459,518,549,545,516,457,373,277,161,51,53,150,216,258,256,213,428,30,82,192,272,315,304,246,146,13,133,273,393,477,513,494,428,310,144,47,255,455,631,762,836,856,807,715,425,493,413,383,400,475,584,715,823,889,897,822,683,490,271,58,120,245,308,317,46,29,6,20,4,26,26,3,3,3,36,77,87,84,58,15,35,92,141,173,185,188,181,170,167,184,212,258,310,363,225,415,412,373,311,239,157,87,31,6,19,17,2,6,13,8,7,36,71,114,160,207,257,301,340,370,382,376,112,270,191,91,0,91,155,194,205,188,164,127,97,73,67,78,99,138,189,248,305,361,401,425,420,387,330,261,187,122,66,31,12,19,31,47,114,85,96,104,108,101,86,59,4,64,145,231,320,400,459,502,514,507,490,457,416,369,334,292,257,230,231,235,544,275,301,309,308,290,249,188,109,35,88
155,61,128,251,339,351,302,195,82,28,116,143,183,201,262,358,443,415,234,97,474,754,810,639,278,125,454,608,561,408,197,5,182,292,307,228,85,108,225,396,82,120,318,419,364,168,104,376,555,575,452,216,68,347,536,573,417,111,224,457,466,233,131,454,576,434,74,354,659,722,517,168,203,445,510,1121,381,337,260,55,283,663,901,817,394,195,670,836,621,175,254,418,257,120,449,489,199,279,689,795,540,94,295,622,470,389,341,327,229,76,518,857,866,464,175,717,858,572,57,344,449,249,32,41,18,24,5,18,7,14,29,36,0,1,162,194,159,33,136,307,386,332,142,102,326,452,448,326,116,113,331,453,453,98,91,117,234,255,206,142,111,100,74,2,88,154,163,136,65,28,37,77,94,47,55,183,301,313,201,13,168,159,230,89,63,117,46,106,251,272,153,47,217,279,235,140,86,99,140,135,55,108,284,406,409,311,132,47,183,241,252,257,297,324,294,152,85,107,545,591,470,229,20,200,277,252,193,177,233,320,358,300,123,115,345,482,514,455,355,235,95,63,253,446,581,933,477,223,77,342,478,466,340,204,99,41
1,44,237,229,227,238,240,240,233,207,168,197,48,18,71,115,121,112,74,2,83,165,253,326,388,421,438,440,426,405,372,340,307,275,247,216,190,155,111,122,22,107,208,307,401,472,533,561,573,570,551,526,504,467,426,361,277,171,41,95,239,365,467,534,565,552,489,397,284,166,54,39,95,116,108,462,27,2,2,43,132,262,416,573,705,794,826,789,676,512,300,75,137,325,447,502,478,383,235,62,107,244,329,564,329,281,239,226,273,375,525,691,844,937,948,863,697,474,231,8,166,269,298,7,39,13,24,3,24,34,8,2,15,23,56,73,53,10,59,142,225,305,363,400,423,437,440,447,464,474,472,464,436,34,336,274,219,179,158,155,171,193,208,223,221,206,182,155,133,118,115,129,147,185,230,278,332,373,395,394,362,238,211,98,9,104,180,209,201,161,103,40,24,65,77,53,18,43,101,165,207,246,254,247,223,197,165,141,127,133,150,181,231,282,333,384,400,226,393,357,305,248,198,158,131,128,157,213,275,349,421,491,528,562,566,553,531,507,488,485,486,507,536,558,584,1063,613,613,601,577,540,499,455,405,360,12
453,138,529,608,440,40,447,710,596,239,82,457,275,426,622,602,110,741,1362,1229,284,946,1654,1366,302,856,1404,1076,246,515,824,655,229,177,416,378,85,275,405,620,421,727,466,283,962,1045,432,488,1118,1126,491,415,1068,1137,475,478,1100,907,36,823,937,199,757,1068,423,679,1331,971,136,1182,1398,716,311,990,1056,1257,224,306,898,1312,1061,50,1393,1904,1029,605,1703,1397,80,1000,966,37,721,512,448,1102,675,566,1494,1229,31,1199,1387,122,204,668,803,841,625,148,1242,1677,776,927,1929,1258,410,1460,1040,177,852,466,268,41,9,52,48,11,15,27,22,31,1,39,264,254,46,492,663,281,410,880,728,119,526,840,734,249,416,910,893,267,538,530,644,25,392,422,230,135,126,21,238,443,370,31,279,356,207,41,2,37,8,201,431,437,63,501,782,486,191,261,549,23,362,245,166,370,111,392,609,337,191,536,470,169,34,34,37,243,550,588,149,529,943,743,136,449,671,549,334,137,46,380,723,812,428,129,980,1082,560,242,790,786,421,54,96,152,300,556,675,386,248,833,990,603,16,516,745,736,554,181,343,881,1083,970,32,813,1167,901,230,434,760,702,437,157
208,25,271,205,21,271,369,228,35,240,256,145,47,12,34,198,380,331,53,550,690,280,389,770,572,16,524,609,290,156,412,362,85,183,253,107,87,156,43,37,183,85,117,281,275,53,263,467,358,43,467,580,268,268,601,466,44,496,473,0,453,412,118,578,446,218,755,605,121,750,730,153,442,615,389,1,172,376,523,416,97,721,867,256,639,980,430,448,768,297,358,439,61,465,232,418,705,227,572,865,354,431,765,156,54,364,434,385,168,301,726,597,161,868,754,108,804,616,148,595,322,208,355,24,28,23,22,18,13,8,35,49,0,1,217,231,33,262,373,158,214,433,302,45,346,416,220,135,428,455,128,327,539,18,133,415,316,23,150,138,78,77,85,0,144,190,98,41,115,115,99,78,20,120,255,247,21,293,406,182,207,222,221,112,254,103,114,132,48,209,152,60,247,249,91,117,239,250,146,28,216,337,281,20,293,418,262,37,244,276,203,110,19,205,367,323,37,26,456,306,20,283,338,203,25,88,143,206,266,175,110,414,461,165,237,435,343,109,90,217,300,328,168,167,478,861,192,274,541,444,81,262,352,244,92,42
146,20,283,326,354,370,362,353,325,290,251,218,139,68,9,79,146,189,210,212,190,156,112,62,17,29,71,102,134,159,181,201,210,220,221,230,241,240,251,396,242,222,202,182,156,134,114,102,91,77,68,55,22,18,78,156,252,343,439,519,571,583,550,473,358,213,54,100,239,347,418,456,452,414,347,1034,194,129,88,85,108,178,270,386,502,604,677,699,673,582,443,256,30,193,410,593,722,785,778,711,602,472,345,63,192,189,228,302,374,425,436,388,277,105,94,293,460,575,609,565,466,321,166,10,3,7,59,22,8,24,11,9,41,55,63,57,28,24,85,150,207,246,269,279,278,289,313,351,399,457,511,549,574,272,543,496,420,341,252,168,90,37,1,5,6,27,48,54,50,28,15,62,113,159,200,222,229,218,182,140,85,115,34,74,107,124,126,107,77,36,4,28,47,64,58,39,19,17,51,80,100,114,111,111,103,96,94,106,117,145,174,213,267,320,370,420,448,252,455,433,390,336,284,221,187,150,135,117,103,104,106,117,134,159,178,202,194,176,134,73,7,79,150,203,239,468,269,273,270,267,252,229,211,194,184,28
259,65,1,75,176,269,337,369,347,280,190,47,55,67,114,169,178,100,69,307,536,692,717,588,356,74,200,408,519,534,462,333,172,3,121,196,207,150,52,222,167,231,258,229,146,27,113,257,385,472,515,471,362,144,130,401,593,632,487,180,181,474,592,483,182,212,571,771,762,556,246,68,307,420,433,1198,397,448,523,549,453,189,188,588,870,930,729,343,86,414,515,373,59,282,482,444,163,250,638,833,774,494,143,342,321,361,360,411,515,607,569,337,81,538,853,885,619,177,238,472,444,222,61,0,43,20,21,1,8,23,57,18,14,34,179,272,286,204,40,154,334,425,419,337,219,88,44,190,349,498,583,557,402,128,127,323,386,325,190,64,12,38,111,177,189,141,55,30,85,102,90,84,93,145,214,275,289,221,78,107,277,304,347,221,40,112,177,135,14,130,229,259,219,146,58,9,60,102,151,202,262,308,330,316,247,138,15,91,157,174,171,183,229,308,393,419,363,279,65,99,212,272,274,253,227,199,191,204,232,269,289,253,151,1,173,313,396,398,358,310,287,289,297,270,187,153,141,325,455,509,494,396,283,189,122,44
117,197,249,384,491,575,612,622,589,546,456,83,217,81,85,261,431,588,748,892,1001,1091,1152,1177,1194,1180,1148,1085,1007,926,851,792,723,656,623,571,518,469,393,649,252,190,146,124,120,136,168,204,266,316,363,414,467,515,545,557,554,504,394,246,56,179,427,684,924,1127,1287,1394,1436,1451,1411,1331,1230,1092,957,2042,649,507,363,235,141,82,60,73,124,212,303,380,478,545,603,612,603,546,474,378,249,122,27,168,277,353,365,632,168,36,300,606,888,1116,1266,1322,1251,1080,812,497,175,123,347,501,583,589,531,1,50,68,63,14,27,53,65,2,18,100,375,458,559,653,747,822,884,924,916,895,869,835,806,798,833,862,895,921,937,507,832,720,596,421,259,93,33,147,244,316,339,355,356,334,271,207,132,35,64,154,230,312,356,378,353,331,259,32,26,99,225,354,469,543,579,613,604,553,496,445,410,345,311,295,292,254,233,215,200,153,104,30,26,120,224,325,419,546,655,748,844,918,961,92,947,902,817,675,537,374,215,38,130,294,438,584,712,800,871,911,907,838,728,569,387,153,82,310,547,751,924,1420,1151,1208,1223,1189,1125,1018,878,691,499,293
7,18,289,279,247,194,120,54,19,0,4,183,8,2,53,137,256,394,548,687,779,790,713,559,350,115,96,260,365,424,438,414,363,297,205,99,30,143,242,300,286,210,60,135,331,497,592,595,527,403,250,92,67,227,383,528,610,614,493,275,16,293,493,565,477,270,21,316,539,661,689,610,486,352,244,166,134,71,28,201,443,701,911,1000,928,696,339,51,378,556,543,361,74,226,433,476,319,28,327,629,807,806,664,172,288,189,157,140,59,138,439,755,964,968,743,340,110,469,618,553,329,61,153,10,26,32,2,41,18,23,24,0,23,35,198,205,161,62,77,230,360,432,444,391,301,195,76,46,170,298,402,462,475,3,306,177,73,5,12,12,37,38,14,43,101,143,157,140,104,76,61,85,127,200,269,318,313,253,124,40,198,162,315,236,90,69,186,232,174,59,84,205,280,299,272,226,180,175,202,256,322,364,369,317,205,58,86,193,259,275,268,272,311,373,451,514,537,230,413,297,165,47,55,119,167,174,154,130,113,120,164,231,333,412,473,494,484,456,417,386,359,315,260,174,63,172,194,321,436,509,539,532,488,414,339,26
43,98,307,194,71,44,163,263,349,425,479,172,530,548,562,590,608,645,669,688,707,707,675,634,581,499,421,338,279,216,142,90,55,15,8,27,64,141,241,456,496,638,765,892,984,1064,1131,1160,1183,1201,1201,1207,1203,1195,1195,1173,1141,1092,1017,910,785,612,422,210,7,217,406,573,694,783,818,788,742,648,505,1100,178,5,177,300,394,445,432,371,252,106,69,237,406,550,652,707,707,645,546,383,202,11,241,439,601,702,725,861,527,342,112,100,273,367,365,261,65,182,470,743,962,1100,1138,1079,932,727,493,86,0,49,13,42,121,65,51,24,5,28,274,383,495,604,704,782,834,865,874,865,848,845,842,859,885,909,937,957,957,208,846,753,633,505,371,241,131,33,45,106,143,158,167,170,161,164,184,190,226,269,330,409,470,546,594,624,633,594,534,431,314,174,30,108,246,349,429,480,511,484,443,369,249,123,22,191,333,484,601,701,750,766,779,753,726,685,668,647,620,605,573,526,478,8,340,252,172,94,10,88,183,267,359,435,513,565,588,624,620,595,561,495,407,328,207,70,71,211,360,509,622,1110,817,879,898,918,915,871,816,762,681,34
66,65,212,11,286,435,391,170,85,249,291,23,187,149,61,151,438,618,478,11,606,898,676,63,560,804,592,127,300,491,405,169,89,240,231,88,89,163,77,134,238,219,38,229,430,402,125,280,584,576,242,238,613,648,312,208,602,605,180,370,607,311,293,656,427,242,769,705,88,572,806,522,13,377,504,1090,326,120,191,569,771,543,98,785,1016,566,267,837,760,144,436,497,61,381,349,170,668,606,48,747,885,369,336,619,540,229,7,188,436,628,442,192,839,887,212,624,894,418,280,568,311,122,284,11,10,35,4,20,31,5,1,10,45,16,105,216,226,24,281,457,339,9,368,502,368,60,294,513,477,158,271,544,471,186,269,394,243,17,88,51,24,83,172,180,45,147,244,196,61,50,82,76,126,198,193,14,261,425,295,41,336,383,99,163,194,3,202,195,38,289,336,155,109,280,274,154,45,40,117,214,297,251,17,276,444,378,98,176,295,294,220,148,52,134,363,462,337,47,348,523,427,146,139,287,276,222,185,117,18,222,425,446,233,108,401,505,386,145,113,302,397,407,309,82,241,1086,648,423,62,501,655,452,90,168,238,62
233,138,186,251,294,326,339,336,319,280,247,188,144,95,38,30,100,177,237,302,351,381,401,397,379,350,314,278,240,205,176,154,129,96,65,28,5,39,83,192,158,185,217,241,271,296,319,330,343,343,346,341,346,360,393,437,485,554,610,656,670,659,610,528,426,306,182,72,24,96,144,159,155,118,58,81,137,264,400,538,664,759,817,829,801,732,618,477,318,148,23,186,331,446,533,577,581,542,463,354,238,124,30,411,41,2,86,208,339,468,565,614,604,526,397,228,45,128,267,361,397,381,324,11,1,11,14,16,11,32,22,22,32,16,28,16,73,131,191,243,281,304,303,294,270,247,223,218,219,234,263,290,318,294,341,321,291,239,175,97,10,76,153,223,276,302,316,314,289,256,217,169,126,83,51,26,21,17,25,46,72,101,141,160,178,185,183,168,138,101,64,31,7,0,4,32,70,121,180,240,301,345,385,410,410,399,373,333,280,223,165,100,49,11,53,100,137,201,194,217,234,239,248,248,250,257,266,271,272,274,269,246,217,170,122,54,12,70,138,207,269,331,394,455,509,935,582,594,585,560,505,434,350,268,166,38
82,28,123,99,72,45,14,17,62,95,136,154,190,223,243,274,303,331,353,396,419,457,482,496,498,493,473,439,412,379,341,300,273,251,227,215,202,195,194,321,199,222,245,271,298,332,372,401,438,477,507,541,571,602,613,601,570,502,411,292,153,5,166,327,471,592,705,773,812,820,791,746,672,586,489,1187,320,257,216,210,228,273,344,421,511,593,660,701,720,693,635,534,394,227,37,165,358,540,685,784,839,832,777,553,575,459,360,294,269,298,371,483,606,725,815,858,843,769,641,478,299,123,27,16,20,26,7,45,21,6,49,8,15,49,87,156,233,311,383,438,473,488,486,470,448,436,430,438,453,479,504,530,526,89,481,424,352,265,175,88,9,53,108,142,158,172,174,171,172,173,181,184,191,203,214,232,249,271,296,310,321,145,295,260,194,128,46,29,98,156,195,227,228,216,190,156,107,56,2,49,100,150,181,208,212,221,216,205,189,182,173,181,184,202,216,231,251,53,247,217,181,129,64,6,76,143,211,274,321,363,406,436,451,458,447,419,368,308,227,138,45,44,139,218,292,242,395,427,445,433,417,390,349,305,253,56
84,42,144,216,270,308,318,306,280,225,154,305,31,137,257,377,489,592,681,749,800,819,817,799,758,707,646,580,497,415,337,253,181,126,85,68,75,96,140,229,236,282,330,374,410,439,458,470,477,469,467,451,450,451,454,474,488,506,532,557,583,612,639,662,681,676,660,642,612,575,543,511,487,471,464,1066,470,483,490,505,525,548,571,601,626,652,669,663,647,620,570,501,418,321,218,111,1,107,198,269,318,332,311,452,166,50,86,223,360,480,573,622,625,588,506,390,251,110,21,138,226,282,313,9,10,12,40,6,66,43,13,37,12,9,56,69,85,104,122,133,143,140,124,99,63,20,28,77,115,149,166,167,166,114,119,91,64,49,30,34,34,47,47,53,59,61,45,30,8,27,63,108,156,206,241,273,293,303,299,291,274,243,230,213,182,149,111,69,26,12,51,70,77,66,37,9,67,124,180,235,282,319,342,357,358,338,298,234,144,51,70,193,311,420,512,587,628,194,632,589,524,448,345,241,126,17,91,195,283,355,404,435,443,433,394,352,286,212,121,30,76,193,309,426,529,971,652,675,662,639,581,516,435,347,248,9
137,231,428,411,402,393,379,354,302,235,115,68,222,431,647,870,1065,1223,1365,1461,1530,1571,1581,1567,1542,1486,1418,1335,1229,1121,1004,905,808,703,634,567,512,434,372,525,238,181,94,13,56,137,223,272,324,347,361,365,365,359,373,423,485,580,705,840,972,1082,1177,1219,1247,1213,1175,1091,1015,920,838,798,755,760,791,1390,967,1103,1261,1423,1585,1725,1820,1851,1842,1752,1589,1371,1082,771,421,75,260,575,823,1029,1168,1230,1212,1134,1009,858,715,46,560,583,692,862,1060,1263,1425,1494,1478,1342,1099,787,430,85,215,442,577,618,601,103,11,0,18,39,39,37,47,3,13,47,394,500,615,723,813,878,902,904,885,863,849,844,865,907,957,982,982,943,851,27,585,422,271,140,36,32,73,72,61,38,6,5,11,12,25,73,167,263,370,483,581,666,719,742,728,680,607,456,373,222,66,99,270,433,574,692,765,810,790,734,640,538,412,292,183,104,44,7,36,48,71,101,153,219,315,425,538,641,745,848,936,1005,1061,450,1113,1098,1059,982,851,705,540,368,174,0,167,326,472,599,721,815,889,938,942,944,877,814,727,655,568,513,471,1142,410,370,307,239,161,53,71,167,270,84
126,25,287,300,298,272,234,178,111,34,39,152,219,311,396,481,549,619,685,728,769,781,786,771,731,675,606,531,450,365,294,221,169,126,96,84,86,101,112,293,186,221,272,325,375,426,472,509,538,554,570,578,582,589,601,603,597,583,556,505,436,346,241,125,17,94,183,260,318,353,373,372,348,303,241,449,54,66,181,298,404,490,547,574,559,514,437,343,229,106,16,133,243,333,404,458,487,486,457,410,351,284,230,152,188,224,303,406,533,659,766,842,871,842,756,625,463,288,119,33,147,226,270,20,47,1,19,24,11,15,10,23,9,34,198,248,293,334,360,383,400,404,407,409,417,422,432,446,457,453,451,437,405,41,316,263,204,142,88,35,6,35,66,78,89,90,94,91,99,109,124,144,168,190,224,246,269,286,296,295,286,170,248,198,147,90,21,40,105,162,204,230,236,218,182,121,43,43,140,244,343,419,487,544,566,568,541,488,419,335,236,132,31,77,164,260,338,252,446,479,492,485,466,435,389,335,277,210,135,60,11,92,170,242,308,368,420,460,484,507,511,505,493,470,433,853,356,307,264,209,152,88,22,38,98,65
169,81,275,409,524,592,630,638,600,520,418,209,109,38,213,391,563,733,879,1016,1116,1195,1224,1243,1221,1159,1066,975,874,775,683,612,531,490,415,351,280,207,125,302,57,148,223,299,350,406,420,424,425,381,355,319,282,278,280,321,376,481,584,712,841,964,1064,1171,1224,1273,1279,1282,1248,1207,1129,1090,1013,988,962,1924,1051,1147,1270,1435,1575,1733,1867,1962,2012,2023,1940,1807,1598,1347,1034,707,336,28,423,781,1118,1404,1628,1732,1770,1693,1548,1174,1158,987,871,851,899,1037,1224,1457,1643,1819,1885,1869,1748,1534,1237,925,601,323,76,27,11,17,35,32,39,126,44,29,25,6,396,493,619,726,830,886,933,945,952,945,942,939,949,967,984,1007,1007,990,929,42,754,626,466,327,171,57,42,103,139,151,162,145,160,150,178,191,230,265,317,370,438,499,573,618,654,659,653,524,516,403,244,68,127,321,494,637,728,767,750,688,560,382,193,24,225,448,619,775,894,959,977,972,925,831,748,625,490,390,264,138,37,67,168,299,321,375,408,431,459,466,493,533,578,613,624,625,596,538,472,373,276,160,24,133,302,474,651,813,962,1088,1167,1901,1266,1271,1255,1206,1125,1009,862,670,478,4
23,71,135,156,151,130,96,62,24,11,26,241,25,102,196,316,424,510,533,509,430,294,134,40,207,344,449,507,533,520,474,418,349,275,211,126,73,19,33,116,129,190,261,330,394,439,451,441,397,338,271,181,75,57,213,388,544,659,708,672,555,358,110,160,420,635,782,846,825,721,592,440,307,212,165,97,190,233,256,247,187,49,161,410,666,881,1002,1005,886,664,372,65,208,413,515,503,376,139,149,446,688,825,845,685,602,458,376,381,474,601,704,725,622,392,73,264,551,726,750,642,440,203,1,20,8,23,0,13,13,31,20,46,40,16,166,246,322,375,400,382,322,233,132,42,39,111,160,224,296,380,463,522,547,163,450,341,218,110,25,5,33,96,187,258,311,317,292,250,198,168,157,166,211,258,327,371,403,405,357,281,179,188,25,101,135,125,75,13,111,215,302,359,382,358,322,270,236,232,238,258,286,321,352,376,386,380,350,305,254,209,200,213,276,355,437,500,538,240,483,418,345,276,221,180,163,162,187,214,258,297,319,336,324,299,267,223,204,185,186,210,242,285,338,373,400,398,385,327,268,178,89,20,39,54,41,136
49,90,97,161,226,280,322,334,346,330,303,175,164,89,9,116,236,347,447,543,620,680,714,730,727,703,668,612,557,500,437,376,322,266,228,191,163,146,129,480,133,146,165,186,208,232,262,296,338,386,439,488,544,584,615,618,604,554,481,380,257,131,2,129,253,359,440,496,537,549,534,504,446,366,266,683,13,126,266,393,515,601,660,684,675,635,557,458,337,209,69,74,210,334,438,531,594,625,625,605,557,498,433,80,341,332,351,410,494,604,712,809,883,928,924,868,774,645,499,340,193,60,38,23,0,63,2,5,13,11,46,40,11,18,297,325,348,370,388,397,401,398,400,398,390,393,401,415,434,456,485,506,509,64,472,417,343,254,156,54,35,118,174,213,230,234,229,214,205,192,180,171,156,147,133,116,98,84,81,73,74,2,96,105,109,118,115,110,103,95,89,89,93,95,119,149,181,209,250,284,323,344,359,364,351,329,277,205,124,25,80,194,294,383,467,529,564,209,565,541,492,428,343,256,158,58,54,150,252,335,411,467,499,516,509,480,424,357,262,159,42,76,195,298,386,558,518,545,549,527,497,443,379,308,233,74
204,11,59,171,285,359,389,356,265,164,86,200,47,50,10,150,358,573,707,689,508,185,186,531,750,806,688,463,187,59,236,322,340,317,256,166,47,77,172,286,66,132,326,435,383,185,94,358,536,603,556,418,205,69,351,569,650,535,258,96,388,502,390,101,253,530,607,450,117,266,568,695,637,468,280,100,3,158,376,631,833,868,661,239,277,710,914,818,475,37,310,440,299,18,316,427,247,150,580,820,753,431,13,512,452,457,446,484,545,482,210,250,727,983,867,405,170,597,682,445,67,224,290,0,19,0,7,12,17,10,22,19,19,12,88,26,186,332,403,353,174,81,322,473,499,414,254,64,136,318,451,479,387,172,24,177,209,144,54,34,93,197,263,241,124,23,131,170,147,107,102,145,204,242,205,91,82,267,379,387,263,112,104,171,94,83,256,313,207,27,291,467,498,385,204,42,43,45,24,32,123,274,423,497,438,273,47,129,234,276,279,298,353,412,431,389,245,185,238,484,631,652,538,351,157,16,56,83,110,181,271,391,471,491,431,316,155,12,161,287,387,469,529,549,518,671,220,36,288,499,584,557,454,311,199,60
106,56,649,583,554,528,505,469,407,303,192,66,55,175,264,348,392,420,423,382,298,162,13,169,345,489,574,610,601,570,513,451,400,368,340,332,328,311,302,787,201,108,16,165,334,521,680,839,956,1047,1113,1178,1231,1312,1365,1403,1389,1333,1173,935,622,260,121,503,829,1099,1274,1393,1456,1429,1368,1293,1193,1110,1058,1556,1096,1186,1322,1473,1578,1631,1598,1474,1253,953,597,244,94,386,586,678,646,485,214,149,548,928,1252,1459,1553,1517,1367,889,994,872,848,940,1111,1334,1522,1623,1571,1349,957,465,59,525,845,992,962,785,516,28,25,46,1,52,20,15,28,10,19,41,263,345,397,387,316,186,2,186,362,507,604,659,682,698,714,745,793,840,872,107,808,696,539,358,207,85,46,77,142,243,329,376,359,288,184,67,48,127,188,183,182,151,104,44,44,135,221,230,349,311,217,40,179,434,669,843,930,951,875,731,583,434,349,299,330,389,484,581,675,744,806,824,807,758,673,563,395,266,168,97,113,184,278,299,496,557,574,548,495,435,355,256,166,58,67,199,343,452,538,601,640,642,652,683,705,769,835,912,976,1033,1077,1973,1089,1085,1068,1054,1033,1020,1006,976,934,43
23,30,72,139,236,319,371,375,329,260,193,141,157,213,309,411,491,524,489,369,179,61,318,549,720,794,766,636,453,247,75,43,97,92,71,54,45,42,25,91,116,210,297,339,312,232,108,44,211,372,522,636,700,682,559,332,45,255,485,592,532,327,32,278,520,652,649,513,284,9,254,456,561,580,537,1039,471,517,592,646,605,427,119,274,652,913,997,880,600,242,101,327,375,232,57,385,654,765,670,386,2,366,611,823,634,505,415,404,466,527,489,278,84,508,851,983,853,510,84,272,452,425,254,3,13,36,5,15,48,24,19,16,35,31,62,23,151,295,404,453,416,307,156,17,161,287,384,459,510,525,482,367,206,111,138,234,251,195,108,25,1,31,119,206,268,283,247,174,104,73,76,106,145,150,122,41,57,174,270,335,332,245,151,12,95,138,86,43,202,343,414,400,308,177,57,26,50,43,24,23,67,158,272,379,443,449,410,327,251,211,219,263,318,343,310,217,62,175,292,421,491,510,493,452,411,380,346,327,325,339,358,366,343,263,137,7,132,214,237,226,210,229,297,396,510,1054,620,593,513,398,262,141,25,38,67,77
108,21,225,293,329,367,368,359,321,277,222,66,63,26,130,227,328,427,518,601,668,716,745,744,731,690,642,585,523,456,402,352,297,247,198,155,109,62,21,460,32,49,40,29,5,29,69,114,157,200,237,265,269,285,262,235,169,91,8,118,238,363,474,582,661,734,770,800,790,777,731,692,631,567,512,1084,425,394,410,425,482,531,603,670,728,772,779,774,720,661,540,426,259,100,88,270,451,616,741,845,884,893,827,662,620,497,373,281,233,235,288,370,485,600,711,778,813,787,720,607,476,328,189,24,2,23,24,28,10,11,11,4,55,23,239,290,346,398,444,473,492,494,486,480,468,462,461,474,496,523,542,553,550,217,472,405,312,213,105,10,80,142,197,224,240,237,229,224,210,211,202,207,205,218,218,220,219,220,214,209,205,106,177,139,113,65,22,33,78,124,165,180,187,165,143,87,29,46,114,195,251,322,367,398,407,399,377,328,278,220,155,92,38,9,53,83,117,234,163,182,204,224,240,262,273,276,276,267,254,222,200,163,125,78,37,6,55,98,161,212,283,331,391,443,492,916,535,541,527,495,447,392,306,230,133,24
226,21,376,454,532,570,604,622,612,568,497,316,335,255,174,105,86,68,76,106,160,208,279,368,446,514,562,599,613,593,544,479,431,390,361,323,323,322,321,619,306,302,289,263,247,228,208,219,205,211,206,181,131,48,85,254,462,678,873,1038,1146,1170,1114,998,797,564,304,45,177,376,514,585,593,544,424,1158,84,93,263,358,388,326,190,19,270,530,767,953,1077,1099,1030,853,595,251,139,547,938,1285,1556,1720,1766,1696,1527,718,1093,912,806,815,928,1129,1359,1560,1674,1662,1503,1213,809,362,70,414,646,744,720,89,60,56,1,72,16,4,53,17,11,21,399,362,274,142,7,168,312,407,455,469,441,391,367,354,382,460,547,666,753,356,833,777,671,508,325,127,34,161,238,267,261,241,205,201,236,291,364,455,529,579,614,630,633,628,609,586,531,550,338,188,27,137,293,410,477,511,495,450,401,368,349,371,403,459,533,621,698,782,847,886,887,842,749,610,458,318,166,70,9,1,38,98,167,167,265,280,275,242,182,108,21,91,213,355,491,624,722,785,829,844,832,807,796,738,695,646,585,505,423,360,316,1273,313,339,367,401,397,370,308,216,107,76
131,16,207,154,33,144,309,388,333,204,96,107,39,51,7,104,261,415,520,497,329,8,392,689,762,574,217,153,400,457,375,214,46,91,190,187,105,41,181,221,194,47,129,282,348,333,222,48,165,376,512,514,339,1,365,621,641,399,20,416,593,440,39,402,636,524,112,403,761,796,517,80,300,500,516,1058,401,379,298,62,323,729,944,821,359,248,723,849,584,111,303,430,231,149,437,415,66,433,791,783,400,157,593,697,605,360,155,9,161,424,699,784,511,60,648,903,688,145,371,567,395,38,234,16,14,18,15,1,1,5,3,41,58,11,194,274,226,40,210,403,448,328,98,146,336,436,440,343,136,133,399,550,506,2,21,258,330,254,122,46,65,128,150,85,51,173,232,231,181,138,97,30,63,175,273,302,257,141,14,173,269,279,154,10,79,70,36,151,183,103,60,227,313,313,244,150,53,61,183,305,387,378,287,113,76,229,301,292,229,180,167,168,135,15,187,415,560,334,334,38,220,362,383,329,250,210,176,116,33,98,251,373,450,428,294,92,118,254,298,280,277,308,339,295,116,544,416,576,563,421,196,26,200,300,329,120
143,116,298,203,9,296,536,594,417,123,65,454,9,24,321,785,1071,894,211,713,1461,1648,1183,225,776,1414,1414,834,16,617,856,679,310,49,308,398,299,35,277,440,357,26,493,774,685,260,301,800,1037,903,380,380,1074,1362,1014,145,812,1339,1112,258,697,1186,881,37,987,1353,878,144,1131,1498,1107,274,550,997,1028,2019,616,279,288,1036,1622,1593,754,570,1685,1931,1178,96,1083,1261,637,247,714,430,357,965,862,7,1029,1518,1138,148,775,1343,1003,630,279,92,628,1222,1388,773,490,1632,1839,907,495,1391,1234,314,578,778,285,7,52,48,36,5,2,4,18,4,13,27,276,292,17,480,759,629,141,411,752,754,505,124,314,703,891,696,136,555,975,142,359,228,527,456,224,87,138,251,236,11,297,493,449,253,62,39,60,120,294,483,521,291,147,568,715,497,62,90,423,211,92,247,92,252,512,473,135,325,610,608,357,61,156,262,331,431,514,482,226,220,661,863,714,319,46,230,258,326,539,808,803,356,405,664,1301,939,243,411,767,767,544,296,134,91,42,117,393,692,798,587,123,359,655,682,560,429,312,137,210,697,1086,1677,713,54,806,1225,1155,718,129,346,565,163
192,327,146,207,563,650,347,76,344,437,423,296,307,60,353,819,1039,703,197,1257,1663,993,418,1573,1682,717,542,1273,1143,448,248,625,628,352,28,329,346,34,321,892,54,495,770,472,260,930,1021,442,444,1098,1111,469,470,1179,1180,377,717,1275,820,297,1100,859,186,1079,974,47,1089,1290,504,647,1313,1120,278,597,1042,1829,607,12,767,1371,1325,374,1051,1938,1467,80,1486,1657,553,748,1098,368,531,625,165,932,767,315,1345,1295,191,1050,1425,304,91,677,845,839,560,211,1213,1547,614,1034,1869,1071,604,1530,958,310,954,514,289,82,84,63,62,29,6,16,43,22,0,11,349,222,198,613,631,131,561,899,631,54,702,919,612,45,689,952,612,90,703,128,397,130,410,382,237,142,72,82,316,414,253,74,314,320,161,57,35,12,210,453,482,139,396,738,569,0,504,557,138,233,178,175,359,55,506,744,407,276,729,670,242,150,281,268,317,398,330,78,619,871,553,104,654,761,486,154,113,344,595,781,588,81,903,703,897,96,952,1137,669,30,366,434,375,389,389,229,169,640,882,671,63,576,882,767,407,12,454,842,1017,707,102,1941,1433,1045,64,886,1247,846,103,451,555,263
10,22,99,240,261,106,131,263,190,28,76,40,251,257,33,481,583,76,634,799,161,680,871,213,614,785,213,464,598,183,279,379,153,137,243,108,119,193,10,194,199,126,394,225,263,541,252,345,637,305,360,690,340,367,718,310,429,676,141,526,509,146,596,248,453,598,24,659,536,191,685,481,146,565,493,5,389,613,389,258,803,628,241,943,674,315,912,481,388,642,113,375,170,292,199,370,530,105,745,501,362,779,333,561,559,315,59,408,564,197,548,837,131,828,790,209,854,372,449,509,82,383,81,24,10,17,24,7,35,3,77,13,41,37,178,70,199,315,59,323,374,13,398,358,47,393,367,8,382,435,53,392,425,195,331,265,3,120,97,79,76,14,144,160,19,133,157,50,47,89,108,108,3,198,271,53,279,352,48,279,289,204,194,100,66,15,159,102,193,335,86,274,340,94,163,240,181,51,119,274,267,2,343,432,107,339,466,178,190,329,275,127,111,423,493,58,571,288,122,541,635,160,315,412,212,17,145,192,200,128,71,329,379,66,359,479,175,234,400,294,58,227,470,412,71,1137,657,3,670,678,83,486,539,191,177,106
101,74,263,260,233,158,45,54,136,158,131,17,70,134,273,449,589,616,493,224,146,510,796,915,847,604,266,74,333,459,452,357,231,106,10,72,146,180,161,331,93,265,395,416,311,107,150,393,577,655,619,472,207,118,439,670,731,602,297,83,411,563,494,221,163,511,703,676,436,74,278,528,621,585,493,805,330,244,86,174,495,782,922,840,531,77,378,702,771,586,234,126,344,320,54,317,605,656,426,2,442,724,764,353,357,159,44,41,180,417,686,836,730,337,219,711,908,743,315,130,396,381,166,27,23,0,9,37,27,1,12,0,11,17,188,196,139,6,175,337,429,406,288,101,103,283,411,481,471,377,199,28,248,221,421,340,204,88,27,33,68,82,44,43,151,235,261,230,173,130,106,116,128,85,19,164,317,400,377,262,92,42,173,181,91,37,139,164,81,76,262,365,365,265,115,8,67,53,37,51,130,247,368,430,409,297,133,40,168,221,241,248,285,365,458,514,453,236,4,281,474,542,493,365,238,164,142,166,187,156,74,58,230,369,459,464,407,327,263,216,189,134,11,175,403,1102,715,675,518,272,24,177,299,320,296,43
63,116,34,68,86,100,107,123,119,120,117,25,113,113,131,177,236,314,400,486,580,633,671,692,704,711,685,636,568,495,421,348,278,218,169,134,118,116,125,502,137,140,134,142,147,137,130,118,108,104,92,78,35,23,96,183,268,355,439,516,592,637,652,631,579,503,400,279,167,72,0,43,65,41,18,13,215,329,436,530,587,613,598,555,466,336,189,30,119,249,361,426,443,402,322,204,49,124,311,479,609,692,711,750,591,467,343,256,209,221,284,398,537,677,793,855,856,788,653,485,303,127,22,2,28,5,20,14,18,39,12,1,17,39,213,223,225,207,177,138,87,37,4,26,29,19,3,0,10,21,51,80,122,274,193,208,198,177,128,63,14,90,152,205,251,274,273,252,220,183,145,116,114,124,149,172,199,236,270,289,299,247,254,193,123,45,41,110,170,220,259,290,295,286,269,241,198,160,133,98,77,69,70,72,86,87,81,81,47,6,57,134,232,335,426,499,539,395,538,512,468,407,333,263,202,154,116,80,34,1,50,92,114,125,125,128,151,168,193,242,304,384,464,538,618,1078,699,696,679,646,597,539,442,348,250,137
83,49,167,224,271,298,305,290,263,218,161,0,5,93,189,291,386,474,563,633,688,735,740,746,733,708,659,602,538,474,425,369,310,263,230,204,174,150,134,388,150,151,175,207,261,310,354,400,443,494,535,560,582,606,626,640,641,624,583,538,474,387,286,183,89,7,68,133,172,179,171,135,94,29,48,21,240,343,450,564,671,754,819,866,881,862,805,719,602,469,307,131,41,208,377,526,655,753,825,853,854,817,754,439,580,486,408,362,348,370,425,510,611,705,777,816,814,771,685,564,432,293,174,0,0,53,1,1,5,9,22,18,29,4,176,216,245,261,264,262,254,246,233,234,245,279,320,355,389,422,446,453,432,20,355,311,245,179,109,43,7,57,106,140,164,167,169,180,181,180,163,167,191,201,209,196,208,223,223,202,172,27,161,150,124,95,91,96,99,80,57,53,68,80,91,108,153,202,267,311,339,358,375,379,352,304,252,195,154,81,8,75,148,214,298,381,447,269,483,479,450,390,300,201,104,7,88,182,257,315,365,396,413,415,403,365,306,232,144,53,53,171,287,388,468,683,572,599,589,551,499,426,349,264,166,89
110,115,228,257,209,78,78,219,281,261,193,36,153,208,266,256,126,122,411,663,756,636,332,67,457,691,717,546,251,58,259,324,284,167,47,31,92,119,85,426,117,256,345,318,179,45,290,458,522,486,347,120,166,463,661,666,424,1,423,642,545,175,282,593,611,320,146,569,788,737,433,22,341,556,611,1092,442,373,270,78,241,639,938,962,644,87,491,834,786,430,39,354,350,46,331,553,443,25,495,838,832,511,51,557,484,479,430,425,436,337,27,431,827,920,615,37,503,731,562,141,268,426,310,5,12,40,42,20,24,3,16,42,7,34,165,80,73,254,365,345,191,33,257,397,434,381,243,45,190,424,558,531,332,142,236,380,351,205,60,2,49,133,176,107,52,226,324,307,208,99,21,1,8,59,165,287,376,356,201,36,263,314,337,152,41,156,125,38,214,293,233,56,154,288,330,292,207,138,116,85,17,101,268,411,446,355,188,6,133,158,150,166,222,319,383,344,186,166,243,398,430,380,284,141,43,14,58,91,117,205,313,382,388,286,92,95,218,272,264,259,316,394,408,339,126,569,493,680,707,537,263,18,226,330,301,61
127,12,263,286,231,132,5,92,129,127,113,132,213,320,337,207,71,438,718,779,538,89,393,726,774,583,215,137,398,502,426,258,26,171,278,253,107,75,233,276,113,129,387,478,371,49,319,580,634,450,140,207,482,618,571,299,81,455,592,415,23,383,510,306,131,540,658,461,6,436,691,685,435,123,179,959,553,644,600,385,40,546,903,929,551,55,597,792,578,128,278,381,163,187,406,273,135,576,746,511,9,476,684,497,344,97,84,286,526,697,598,142,487,930,873,344,319,701,599,176,223,340,159,27,26,1,43,0,21,14,33,31,21,21,74,80,242,307,215,26,290,458,436,246,29,300,467,477,325,45,258,470,473,212,0,229,275,188,62,11,66,126,116,1,155,234,215,108,29,2,14,1,108,246,350,311,110,152,375,411,272,125,164,204,96,80,154,71,124,321,354,215,39,254,324,282,153,76,53,55,9,133,311,438,396,193,72,301,368,338,258,213,179,84,90,339,535,191,416,124,174,385,456,400,270,129,28,9,43,101,222,363,417,337,117,128,294,346,317,296,278,245,99,165,453,1149,604,361,9,308,490,502,378,219,52,20
219,246,451,502,548,560,550,522,450,385,356,193,333,419,568,774,999,1202,1405,1528,1575,1606,1535,1430,1291,1110,924,769,576,439,329,202,127,35,71,164,279,397,480,385,531,474,367,177,50,285,556,777,972,1133,1220,1281,1305,1333,1318,1286,1200,1070,839,521,167,230,607,905,1101,1178,1112,955,732,480,240,22,132,220,266,843,270,275,322,427,608,866,1164,1460,1698,1821,1798,1628,1304,877,387,61,422,633,674,527,230,165,601,987,1267,1401,1393,1141,1109,971,929,986,1159,1371,1538,1602,1477,1141,648,64,489,907,1126,1085,855,495,85,66,37,8,60,35,68,16,83,85,10,8,230,133,19,187,374,553,708,821,909,949,967,961,941,909,858,795,675,527,350,503,8,105,150,119,16,132,265,357,405,377,280,156,42,43,31,18,149,308,426,518,542,490,387,240,61,96,259,124,428,419,307,126,101,382,650,833,950,954,853,700,510,345,232,190,243,358,506,690,836,941,977,922,830,688,547,453,422,443,531,663,767,891,946,621,949,881,814,772,690,613,548,470,413,402,430,519,635,770,889,976,1014,1025,985,941,889,864,875,905,963,1042,1129,1609,1199,1162,1079,954,797,646,515,397,349,125
238,21,125,37,39,102,151,188,207,225,234,44,257,284,313,345,378,409,439,458,465,468,454,434,406,373,335,289,246,199,152,117,89,71,66,79,104,135,173,278,267,317,365,397,425,442,455,465,468,473,475,483,493,498,498,488,452,395,311,210,88,45,175,306,424,520,597,646,678,695,691,671,650,615,579,1216,526,514,512,532,565,614,656,715,764,788,793,765,700,609,477,321,143,38,232,410,565,689,772,811,809,769,706,523,554,497,476,495,554,641,747,855,938,978,964,893,771,604,413,223,51,89,197,0,27,38,33,14,7,6,11,33,34,7,182,173,154,131,107,80,64,60,57,67,76,88,91,84,83,56,33,1,25,259,53,54,41,16,17,57,108,160,206,237,262,267,265,241,205,145,90,27,26,75,116,122,119,102,75,34,7,107,86,117,130,141,135,125,100,72,42,6,24,43,48,43,15,35,91,175,257,339,416,481,521,546,544,515,467,401,324,243,152,75,0,59,107,369,194,229,258,288,305,318,321,314,297,278,239,229,213,206,199,197,187,162,113,56,37,134,235,332,423,489,543,935,594,597,595,585,573,552,532,489,437,40
137,75,302,536,502,20,561,684,236,266,343,93,257,378,65,646,1039,495,683,1481,1041,393,1600,1427,14,1329,1425,323,862,1125,467,359,691,438,42,376,301,109,396,841,374,564,128,551,815,308,614,1137,707,475,1360,1081,207,1383,1307,27,1375,1375,4,1353,1159,332,1368,693,872,1374,190,1248,1280,64,1246,1174,93,863,1029,1107,114,719,1088,777,390,1592,1503,183,1877,1685,245,1747,1238,472,1256,398,744,599,559,1007,42,1320,1084,533,1615,907,647,1391,735,184,664,821,677,124,1267,1394,113,1746,1447,523,1732,782,867,1121,1,814,398,30,2,44,1,47,17,8,25,6,51,101,277,564,213,473,742,229,565,856,387,416,885,685,71,866,997,246,820,1154,348,479,977,233,504,468,24,88,114,66,303,457,72,438,529,165,232,368,300,177,41,359,567,331,308,827,638,206,873,745,207,576,183,253,91,337,337,194,661,496,168,710,641,81,421,553,421,158,231,655,702,129,647,914,416,347,706,516,167,128,425,666,502,176,864,594,160,652,903,487,154,571,612,352,56,388,578,496,115,460,843,625,96,743,833,341,250,625,681,443,71,710,1037,388,459,1207,940,49,910,971,359,337,618,175
20,137,113,172,234,285,311,306,284,242,199,70,82,23,35,92,154,211,253,281,299,303,300,287,272,244,203,174,157,161,127,99,71,44,19,7,60,107,157,237,233,273,334,380,409,416,444,496,546,588,617,633,654,684,708,740,728,720,704,669,610,517,398,265,124,22,159,299,410,481,525,521,504,446,375,769,142,24,71,138,176,184,158,109,49,33,134,234,319,388,432,437,409,347,260,145,1,155,300,427,515,562,537,854,394,300,215,144,115,117,149,220,335,468,604,715,787,785,715,585,418,239,64,9,45,1,30,9,2,23,9,6,26,13,224,281,331,376,403,410,392,358,334,311,305,326,357,400,444,486,503,490,452,1,308,230,154,97,43,12,5,19,38,62,83,99,91,70,42,2,47,111,175,241,287,324,345,364,356,335,290,315,170,98,29,53,117,164,194,212,230,230,232,226,221,221,240,279,308,316,311,305,313,313,313,322,318,284,239,174,80,20,130,226,299,366,430,323,493,501,489,460,430,393,340,273,213,164,106,60,17,20,26,21,13,38,73,136,193,265,345,402,459,508,526,1003,517,500,469,426,388,355,312,247,175,2
72,1,23,51,116,168,192,207,216,195,197,77,153,146,140,141,151,150,157,178,183,195,214,204,211,211,189,182,158,135,117,94,73,69,66,68,94,110,136,221,216,260,302,339,384,420,448,488,523,555,596,630,670,693,701,689,648,587,497,380,248,86,66,231,380,509,618,702,748,779,767,740,687,631,560,1105,450,408,409,424,464,530,596,666,736,773,794,788,743,667,556,406,242,53,140,332,509,655,756,811,816,770,701,438,524,464,439,453,520,604,711,828,911,949,939,868,754,595,415,241,74,56,152,0,15,12,6,17,0,5,6,21,8,11,300,331,360,367,369,360,341,317,308,293,306,331,354,401,441,463,479,469,429,80,306,235,172,109,76,67,65,94,133,156,190,202,186,177,137,82,34,35,94,146,215,255,275,305,308,287,263,451,147,83,4,56,100,152,167,176,186,176,173,172,170,174,196,204,237,263,290,329,358,378,399,397,389,365,306,248,180,101,25,43,108,161,210,172,275,309,337,351,377,388,385,374,351,317,275,236,210,181,164,150,133,113,75,24,46,135,232,325,417,499,558,840,631,641,647,632,605,575,519,464,389,7
65,43,234,172,119,71,24,21,51,71,83,3,83,70,45,11,40,88,146,202,271,332,389,439,481,515,530,533,529,506,482,446,410,371,338,304,270,242,223,389,184,175,172,167,163,181,201,232,269,301,346,387,431,469,491,495,477,453,403,336,253,163,70,22,114,205,290,357,406,434,434,421,385,325,231,408,6,145,274,398,507,587,648,675,682,653,588,504,397,272,142,5,126,260,364,468,536,586,615,618,594,544,498,342,429,419,432,470,533,623,725,818,891,940,952,926,865,764,631,486,345,202,82,19,6,8,6,3,37,17,5,11,11,37,176,206,235,265,282,302,320,329,335,324,310,287,259,238,220,201,186,178,169,294,143,117,82,39,12,67,122,161,202,228,234,225,197,154,99,36,40,115,189,259,314,359,393,408,423,409,398,419,290,215,128,39,54,143,223,286,328,351,353,339,305,256,191,112,28,61,147,240,320,397,440,469,482,464,430,373,294,198,91,22,133,231,317,299,424,451,468,481,473,458,422,371,310,231,135,34,66,168,258,331,388,426,436,413,375,316,248,170,85,5,89,15,224,282,330,371,400,430,442,433,416,17
7,27,168,127,91,51,11,30,60,106,151,51,242,292,340,382,408,434,463,491,518,532,547,542,519,489,446,379,329,279,229,174,114,59,20,22,42,81,132,324,266,352,450,543,615,652,660,674,679,684,676,659,644,633,624,632,612,571,489,384,269,163,55,65,190,318,442,537,606,636,652,648,626,587,527,1030,357,289,238,237,265,321,382,453,519,570,611,640,649,625,566,474,358,234,93,64,234,396,540,651,718,730,687,558,514,412,322,262,254,302,403,532,681,821,925,973,965,885,750,570,370,176,7,11,7,17,10,6,10,17,28,36,2,90,24,78,135,189,244,288,322,352,368,373,374,363,358,355,361,381,405,421,436,199,411,361,291,204,108,17,76,149,208,254,269,270,248,214,167,126,98,81,88,95,103,121,146,176,232,274,292,70,255,200,144,87,32,41,124,213,301,348,362,327,287,227,170,110,24,75,192,310,407,488,542,563,574,570,544,500,444,386,323,274,234,218,212,34,161,108,52,1,47,79,125,159,192,243,286,317,346,366,385,388,363,309,231,144,41,57,154,242,326,403,459,706,539,569,588,602,599,577,539,478,413,67
14,25,430,495,527,540,513,475,391,297,185,117,51,159,239,297,343,363,349,321,266,197,112,59,15,70,103,117,109,88,72,42,23,12,25,44,99,155,246,413,463,569,696,790,873,932,966,972,943,917,889,857,822,773,722,628,522,363,183,19,232,446,648,814,949,1035,1080,1083,1062,1014,937,879,811,776,761,1608,846,936,1058,1187,1310,1400,1456,1459,1405,1288,1119,902,645,378,109,152,377,556,679,733,714,627,482,305,125,35,136,765,132,30,120,262,373,411,351,200,34,322,618,885,1061,1133,1093,951,727,463,197,9,46,31,29,1,25,32,33,16,19,1,242,299,370,443,528,602,649,690,700,713,713,723,753,793,841,876,901,892,847,81,638,499,360,233,134,80,58,67,98,140,167,188,181,141,78,9,121,223,337,431,498,546,552,542,486,421,340,476,145,48,51,122,179,209,215,192,146,92,33,12,35,13,30,105,208,320,426,533,611,673,721,732,731,711,673,624,561,512,461,429,398,393,403,168,429,417,392,361,305,235,155,71,18,113,203,307,406,495,574,630,661,669,655,608,569,508,466,422,403,386,389,685,409,415,410,388,334,278,197,103,7,121
250,30,375,244,24,330,538,536,373,199,165,130,266,112,263,737,1085,1110,720,7,813,1401,1504,1069,263,547,1065,1116,794,332,73,326,425,437,341,159,85,278,294,422,233,497,548,296,207,715,1015,920,445,244,854,1167,1078,606,62,687,1031,947,437,255,767,797,346,343,863,893,404,309,914,1118,882,356,233,680,907,1730,808,500,16,610,1193,1435,1133,318,671,1358,1392,786,95,739,839,398,215,554,371,223,812,969,541,258,969,1195,892,228,215,541,729,875,900,616,89,979,1529,1306,358,758,1342,1085,254,534,775,457,67,34,17,22,5,30,15,0,40,41,19,84,297,362,226,98,467,676,596,250,214,608,801,720,398,55,514,817,824,515,27,439,616,537,281,56,32,11,28,63,266,440,451,251,19,236,290,242,207,249,334,325,116,261,623,756,555,136,297,319,436,173,74,132,33,264,401,292,32,401,610,578,321,50,138,209,222,293,432,555,513,242,193,619,834,775,505,181,86,297,460,655,776,747,472,152,501,880,978,794,424,21,313,489,518,453,401,379,341,217,36,359,618,723,644,465,258,25,264,611,909,1016,817,495,260,755,1039,1028,743,299,149,460,575,128
115,15,104,134,132,113,79,39,31,41,67,35,200,287,380,457,508,527,510,439,324,186,30,111,236,328,390,423,437,432,408,368,324,269,231,181,132,75,5,33,177,279,369,442,491,518,514,492,440,364,266,147,14,129,262,387,502,582,622,616,553,419,229,2,236,452,612,701,730,689,616,527,446,385,358,427,352,370,366,337,265,141,29,229,437,618,739,778,719,581,379,141,91,293,419,459,409,267,68,153,360,519,596,609,548,477,439,450,535,658,776,841,803,654,390,81,223,453,563,545,424,235,35,9,25,25,0,29,14,16,1,35,37,30,219,277,321,332,306,251,157,59,35,124,194,262,328,395,471,542,589,596,553,77,359,237,133,63,33,49,92,153,217,263,279,268,221,162,114,82,88,132,206,293,373,415,410,365,288,190,85,183,90,141,159,135,68,37,160,276,363,409,391,336,258,185,140,124,142,187,238,302,352,391,408,408,391,356,316,283,262,273,308,356,407,441,445,320,393,338,280,227,178,142,108,89,81,97,138,203,266,327,356,354,313,257,216,192,208,245,318,384,436,455,437,370,328,255,182,117,44,16,56,87,87,120
148,42,164,259,320,341,340,315,279,221,143,12,9,95,169,247,334,418,500,558,604,639,669,677,661,613,567,500,450,398,341,286,241,217,189,162,142,109,87,306,62,57,37,35,39,45,54,53,57,67,86,99,115,122,120,113,88,51,19,109,201,301,400,501,587,661,712,739,746,740,728,702,655,601,546,1082,453,411,384,363,358,375,393,435,466,494,519,534,541,527,488,424,343,254,138,10,126,256,368,461,513,535,519,673,388,281,163,62,17,64,73,45,18,117,229,349,435,502,528,524,486,424,340,5,14,14,7,26,21,22,11,18,8,29,61,56,40,18,4,7,18,28,30,13,9,42,72,92,102,114,114,104,83,158,33,23,28,41,64,93,135,186,229,253,263,256,233,195,133,54,39,128,204,282,350,405,440,446,433,410,373,366,256,184,96,9,71,144,221,289,336,355,352,344,320,285,233,174,111,43,18,82,150,215,263,296,314,324,329,325,325,320,315,316,331,347,345,98,317,293,253,195,135,64,1,72,134,178,223,264,278,289,294,277,256,211,162,93,2,100,192,291,383,465,532,1017,635,652,653,653,627,578,504,411,303,13
23,33,472,592,692,716,694,627,517,373,202,405,190,389,594,789,948,1094,1191,1270,1316,1328,1284,1222,1152,1058,952,845,730,618,497,394,300,210,148,107,91,106,133,182,251,301,363,421,442,471,466,428,399,335,248,164,78,11,41,59,42,12,114,252,422,616,827,1028,1215,1379,1505,1593,1604,1558,1476,1343,1158,944,696,1641,153,125,391,625,832,989,1092,1141,1125,1058,937,773,559,312,51,247,536,809,1077,1283,1468,1580,1625,1609,1532,1399,1226,305,865,716,598,559,576,661,807,994,1191,1380,1532,1626,1649,1581,1432,1211,956,667,387,11,37,39,64,36,47,12,36,29,33,1,406,498,608,707,801,878,925,957,975,973,967,963,960,964,980,997,1021,1018,995,620,880,772,628,457,261,67,119,289,427,534,596,610,594,535,432,306,145,7,180,345,500,633,746,832,875,878,845,899,692,553,415,244,84,76,217,345,444,496,514,503,435,334,208,55,108,266,424,562,672,773,816,837,812,750,655,508,342,154,44,248,437,625,753,365,900,911,868,807,697,555,413,249,71,114,295,459,622,749,834,885,878,805,681,494,273,66,194,427,649,837,1007,1383,1188,1228,1222,1170,1087,952,778,587,363,18
53,48,299,325,347,360,358,343,310,269,222,110,129,90,56,46,66,107,178,271,382,501,611,693,743,748,719,649,569,477,389,305,240,174,118,59,3,56,112,25,200,233,269,298,323,356,375,373,364,332,281,227,161,71,19,129,247,366,472,539,558,514,396,230,20,198,407,572,689,747,741,696,623,540,467,1043,434,486,582,693,800,871,888,837,722,547,332,118,92,252,353,374,314,165,37,276,511,699,819,844,780,659,502,154,247,201,221,276,341,366,328,212,20,218,456,650,755,755,649,458,227,2,188,13,11,37,13,16,11,2,11,25,45,7,172,246,320,376,415,418,388,335,274,212,159,116,79,44,7,65,139,223,305,303,401,404,361,285,194,105,44,6,8,35,74,112,134,140,122,90,48,15,7,12,3,33,75,132,188,241,281,354,294,258,197,112,19,76,159,214,244,244,222,187,152,124,120,128,160,214,264,304,324,322,295,259,209,166,147,150,167,219,279,333,385,424,425,327,359,305,252,202,154,135,122,134,160,201,254,308,360,411,434,442,432,407,376,347,324,335,353,398,450,511,564,989,625,623,608,568,516,456,395,339,291,5
115,3,64,81,142,203,266,293,276,210,120,114,64,104,85,25,81,195,324,463,614,740,846,893,889,827,721,585,454,330,232,166,116,68,7,47,103,137,153,462,144,113,61,10,113,229,353,473,577,641,666,650,603,536,460,352,215,42,152,340,498,584,589,485,300,57,193,411,574,671,695,677,634,585,551,1043,545,579,621,645,631,561,420,221,21,275,494,650,704,653,491,259,4,223,395,466,440,314,102,140,364,519,579,520,491,420,393,433,531,664,771,787,674,428,107,233,505,662,679,564,365,130,81,18,0,58,1,9,5,26,9,29,6,35,170,160,115,28,82,200,310,385,435,455,460,464,468,468,448,395,307,178,31,261,227,285,281,231,148,61,10,50,43,3,60,135,189,211,200,174,131,99,83,90,139,208,291,362,417,433,425,445,288,178,67,30,86,100,66,8,109,214,302,341,333,292,246,219,203,220,251,301,347,396,414,406,381,353,324,292,278,266,279,330,395,467,510,323,480,406,311,213,114,52,29,48,92,138,186,209,237,249,249,221,184,135,105,86,97,117,154,190,221,219,189,53,35,66,164,254,324,370,388,371,315,6
10,124,275,163,1,178,296,302,213,96,63,173,198,199,36,264,582,753,651,264,278,753,944,775,341,145,482,586,495,326,137,32,183,265,274,180,23,123,196,259,35,250,385,338,89,273,583,676,499,120,300,607,692,541,209,188,503,614,443,53,361,570,442,30,421,655,533,140,312,599,622,456,175,96,319,996,571,560,405,78,360,763,934,742,220,405,824,820,425,106,438,392,61,287,382,133,294,621,624,291,187,541,611,97,211,34,92,269,519,700,582,91,559,969,851,264,407,732,565,106,283,369,175,38,2,24,2,0,6,21,9,6,12,26,180,143,16,247,409,396,187,113,361,452,387,220,10,238,429,501,387,97,239,376,432,235,15,72,36,24,14,162,308,331,200,0,154,202,171,140,154,201,208,109,83,314,461,434,226,66,300,343,270,71,91,103,6,155,209,101,124,344,418,294,68,125,190,160,122,160,260,324,247,41,233,437,497,403,220,47,74,168,261,380,469,451,279,153,340,548,571,418,198,5,150,215,238,247,257,270,255,184,22,187,387,505,483,349,167,27,199,376,536,626,544,180,100,466,657,636,456,216,10,169,276,60
18,8,327,229,36,179,304,299,195,77,8,233,107,265,435,459,201,285,755,888,531,154,767,952,650,68,441,662,544,242,59,262,325,261,106,55,168,149,19,340,190,66,188,389,360,62,350,599,535,149,337,649,614,276,212,574,618,294,202,530,473,50,398,532,225,283,618,539,116,376,636,565,257,119,415,1161,549,324,82,541,820,693,160,508,908,758,168,458,703,438,50,343,238,128,344,158,311,636,504,35,576,728,440,357,330,437,441,386,161,296,757,811,282,524,951,659,92,653,607,107,336,369,83,22,46,0,7,45,9,17,9,4,60,26,34,240,289,122,176,388,368,114,221,438,447,250,55,365,533,448,122,277,511,13,118,160,241,151,72,91,138,73,113,289,305,144,71,193,176,129,116,136,83,94,326,433,295,42,368,463,288,150,220,203,49,74,29,129,238,164,78,322,374,223,8,181,235,231,213,174,61,135,331,423,335,101,192,411,459,331,127,80,242,369,439,382,134,1,548,587,344,9,280,385,350,272,155,9,163,314,391,356,196,41,293,481,502,361,82,230,473,582,517,272,111,999,709,621,282,161,475,554,405,176,11,16
8,46,93,161,196,216,221,211,202,187,180,0,140,118,107,90,81,88,104,122,158,183,211,225,232,225,210,190,169,147,120,91,65,36,7,18,27,26,8,375,80,139,208,277,351,416,477,530,586,630,671,700,725,749,765,769,769,737,690,604,485,331,156,33,210,370,506,607,664,686,678,627,557,468,373,950,179,97,36,5,22,13,27,92,182,280,381,470,538,578,581,542,465,355,225,66,110,290,462,604,708,758,745,769,564,426,288,172,105,91,134,242,382,538,679,785,836,829,753,628,472,304,142,21,44,16,19,7,55,29,5,21,25,9,81,54,21,27,83,135,182,215,225,222,201,171,149,134,139,164,207,251,291,368,323,300,249,174,85,17,113,199,279,333,355,357,331,290,242,183,135,90,55,29,7,3,6,9,27,51,77,157,112,127,126,110,84,51,14,22,52,76,93,90,76,47,1,53,115,186,255,317,365,397,418,419,409,384,355,321,278,236,193,149,103,64,23,148,34,70,96,123,157,189,222,258,290,323,344,367,379,363,354,324,284,236,175,99,20,79,188,297,401,492,566,885,643,650,646,633,592,545,483,396,301,44
9,92,92,91,132,171,196,239,222,207,161,260,39,53,139,214,307,347,394,378,331,266,149,47,71,173,238,296,312,327,320,304,281,245,209,163,115,65,35,622,36,54,107,153,203,273,318,385,419,453,508,535,593,629,628,637,548,438,275,49,152,386,564,683,768,742,690,575,425,290,136,34,31,72,45,387,32,72,86,72,6,99,236,405,565,691,783,808,754,633,431,202,48,296,471,608,635,573,445,242,35,171,318,631,382,301,205,134,102,175,308,507,711,868,947,894,744,510,237,6,211,312,340,4,46,19,1,21,16,14,4,21,42,3,179,241,267,264,209,132,33,71,147,213,247,270,286,314,368,432,516,577,609,128,542,457,323,182,89,5,2,21,61,133,164,204,209,180,166,111,96,82,78,117,140,205,268,327,397,429,457,404,380,309,189,91,35,123,175,229,204,197,152,107,94,45,83,110,147,227,234,298,288,250,241,147,126,83,56,110,112,205,278,329,427,444,489,268,435,424,340,301,252,197,206,182,216,249,282,355,393,456,486,496,505,467,428,386,336,309,290,300,320,366,415,904,497,529,554,545,526,489,429,372,275,83
78,55,249,198,35,339,418,148,223,350,186,164,37,29,143,319,266,111,537,560,84,538,753,327,387,742,461,152,547,441,23,277,266,78,60,82,28,20,12,539,104,93,16,182,282,179,126,428,448,74,455,658,284,386,728,404,313,713,373,360,676,212,519,684,43,708,698,77,756,653,31,577,562,152,212,1242,396,263,118,584,691,169,653,973,362,635,986,341,567,747,94,515,341,300,485,84,681,481,369,888,450,437,796,62,233,432,309,182,6,383,643,250,583,886,179,738,764,80,680,380,276,416,3,57,57,26,3,19,9,7,23,58,2,34,169,98,361,240,210,502,300,179,479,371,8,341,466,258,197,562,447,111,572,185,42,414,326,9,130,51,33,156,216,18,277,349,107,177,257,160,66,0,135,293,273,33,392,430,78,334,422,360,215,298,89,120,107,56,106,55,229,168,110,309,224,2,171,224,204,102,114,353,366,65,302,421,233,66,246,256,190,78,90,304,384,195,205,303,434,14,397,462,209,103,255,251,187,92,67,282,386,233,147,471,461,101,294,425,270,57,98,263,396,325,64,928,614,199,362,610,399,52,376,388,182,32
13,4,497,634,354,347,881,743,37,537,586,30,166,75,206,690,879,352,716,1466,1088,316,1613,1582,194,1279,1533,527,669,1038,574,101,444,415,189,61,217,167,72,1317,13,348,461,31,640,868,298,671,1194,719,419,1267,1083,20,1138,1266,250,1009,1224,163,1035,1005,231,1219,760,643,1391,667,735,1413,814,381,1128,1014,314,1508,1049,1071,357,828,1652,1192,443,1874,1643,141,1706,1507,96,1262,851,357,736,75,838,353,915,1321,176,1346,1504,172,1152,931,372,408,724,801,537,358,1362,1204,390,1787,1259,666,1722,752,838,1128,76,735,367,22,17,3,29,20,65,14,33,5,47,98,367,37,511,712,217,630,1014,497,480,1064,765,114,878,989,320,671,1151,609,518,437,600,342,719,350,53,34,23,242,520,309,291,617,382,39,237,213,261,329,128,369,735,509,241,850,703,92,711,939,50,420,195,176,158,236,430,87,476,657,228,410,673,382,56,285,353,439,401,73,769,981,308,669,1015,560,102,475,548,546,334,224,848,988,372,131,1179,924,15,863,1019,495,152,495,555,533,343,147,766,1008,495,446,1069,915,185,516,808,680,326,166,743,1047,650,1393,1313,1216,134,1003,1286,607,354,832,675,70
276,24,308,335,346,326,251,130,11,77,111,258,43,30,70,216,413,626,757,754,601,301,54,384,634,743,710,567,369,162,12,92,125,144,133,139,131,84,18,317,136,156,86,53,234,410,512,526,429,259,32,206,431,590,654,601,424,141,176,453,592,539,298,50,405,653,707,553,254,101,397,559,602,554,484,716,392,333,196,50,378,707,930,971,794,436,18,428,665,663,438,78,254,419,331,32,356,663,750,580,232,153,429,629,505,420,375,411,445,372,118,302,733,988,926,561,27,439,656,578,277,48,274,7,25,26,40,33,9,43,43,7,24,21,54,40,177,319,412,413,303,117,111,313,458,526,520,454,323,139,84,294,443,142,410,262,105,11,3,60,107,99,17,123,253,318,297,208,111,61,84,165,235,253,161,20,245,429,513,471,328,297,46,151,159,88,42,166,227,186,60,128,282,372,370,295,204,152,166,206,233,182,50,140,341,480,532,475,382,277,206,183,174,158,95,21,197,59,553,625,600,480,312,151,33,8,14,13,43,111,226,341,443,501,515,467,369,262,140,43,42,118,220,351,509,1200,725,690,551,336,88,140,302,376,378,44
187,15,307,376,247,81,394,457,227,80,222,200,161,242,263,2,484,759,470,265,876,862,242,523,872,601,28,520,578,257,110,247,209,105,48,5,78,102,42,558,1,111,160,18,264,425,262,175,572,575,126,455,712,432,180,647,591,61,502,593,135,435,546,85,484,582,95,508,674,265,326,623,477,81,267,1129,499,329,93,613,849,468,376,1023,865,16,852,883,150,564,584,8,432,214,346,526,42,633,740,121,629,799,302,702,526,379,178,2,306,624,513,186,894,797,112,904,750,111,693,452,171,426,137,8,19,14,35,16,17,24,15,2,23,8,214,91,206,391,233,180,483,413,22,383,521,315,103,475,554,235,274,579,429,246,379,361,102,92,85,24,73,189,168,58,291,297,64,165,207,122,77,84,11,204,388,284,103,473,480,103,319,416,183,126,199,28,113,15,204,271,48,263,372,202,69,232,240,170,97,15,186,361,353,82,316,542,397,0,330,409,291,132,22,224,437,457,162,127,611,519,112,313,494,383,135,89,235,308,332,236,39,386,561,394,27,410,508,351,91,138,336,480,425,88,388,1213,579,75,482,708,476,4,368,454,306,43
24,34,108,63,8,43,62,72,89,83,104,131,165,215,247,286,315,330,349,373,364,378,377,349,356,335,290,270,213,138,103,11,59,75,130,142,99,96,31,300,101,196,293,328,396,460,460,533,569,570,628,644,623,669,666,634,670,646,608,604,549,478,438,333,235,152,39,45,103,156,163,142,106,36,46,30,247,358,466,578,654,716,752,745,725,661,569,453,316,164,19,119,252,347,430,487,512,514,478,418,343,263,193,263,123,146,218,321,454,593,712,794,829,795,695,559,385,191,21,130,246,311,346,9,44,19,2,48,3,15,14,14,19,10,135,140,161,171,146,144,121,84,85,72,61,96,115,130,180,189,186,193,159,162,102,53,30,41,34,74,120,134,185,215,209,224,207,161,123,56,27,84,181,260,304,365,410,417,430,399,348,460,228,148,76,17,88,147,226,268,315,360,365,362,358,313,273,233,169,133,97,53,42,20,2,4,31,69,91,150,210,260,329,383,418,457,483,48,481,462,415,376,310,227,152,62,36,129,217,306,388,450,498,509,496,474,420,362,288,199,111,17,72,137,200,259,313,348,395,408,427,442,415,396,363,47
54,69,58,241,395,400,206,82,305,344,232,123,56,87,68,95,370,586,512,104,462,855,798,308,338,753,737,361,110,388,401,231,44,54,65,50,37,23,11,600,48,110,145,115,7,211,401,435,234,146,539,707,498,4,533,777,554,16,560,697,318,290,688,553,44,639,790,382,265,703,689,317,101,334,395,1106,405,281,54,540,891,795,202,584,1068,915,208,569,883,549,109,529,403,126,530,410,164,705,742,219,461,794,600,413,258,384,374,370,310,26,479,852,681,35,787,960,426,355,729,455,125,461,313,29,15,19,43,16,4,23,21,37,29,37,247,271,99,199,418,394,114,248,474,451,223,89,379,545,478,158,284,593,574,119,181,390,305,91,16,32,111,47,156,325,294,82,142,227,180,111,96,106,46,130,340,422,272,77,418,530,328,141,309,331,129,92,141,14,188,208,30,202,320,246,65,91,155,179,206,218,138,43,261,408,367,158,117,311,364,298,179,51,66,221,366,427,309,196,271,481,464,282,42,144,252,291,287,262,191,34,196,436,543,425,98,263,450,422,294,178,98,42,286,541,610,275,71,518,712,580,203,194,410,408,272,1
192,132,32,68,60,21,27,94,140,164,145,139,18,78,180,293,397,492,571,632,668,672,638,576,492,397,289,196,111,49,12,43,54,60,47,32,23,0,10,605,2,13,39,64,90,105,110,107,88,48,0,66,152,248,354,459,562,640,677,671,597,461,267,40,192,408,590,708,779,775,730,657,567,471,399,1012,358,408,509,643,787,921,1011,1040,988,854,649,406,145,107,311,449,500,466,347,153,87,342,573,746,837,837,753,398,454,324,264,277,375,525,698,829,878,817,646,393,98,184,399,519,528,448,309,19,23,12,8,25,50,43,16,5,18,17,56,23,126,237,341,420,474,491,487,471,456,454,460,473,487,490,469,419,345,46,136,40,36,74,71,18,52,138,217,272,296,288,255,219,187,166,170,186,222,263,308,357,388,414,423,416,402,564,293,219,135,42,43,109,150,169,146,113,71,31,5,3,11,46,93,143,195,227,238,221,183,127,75,28,10,23,70,148,235,315,389,429,445,190,419,393,363,337,324,307,293,285,283,298,338,380,438,498,541,557,540,503,423,342,268,207,178,186,211,260,315,828,404,434,450,456,444,437,411,366,297,36
37,77,275,335,389,437,450,431,373,278,171,34,34,27,83,185,307,436,552,642,704,732,715,647,542,396,238,78,55,150,188,185,167,132,113,91,88,70,51,487,23,66,116,176,239,302,366,436,482,512,526,507,444,347,200,23,184,387,557,669,692,627,476,251,16,284,522,699,791,796,723,600,458,338,260,719,284,364,459,533,547,479,314,66,230,525,760,892,884,743,493,186,124,386,547,595,528,346,93,189,448,637,719,620,580,447,344,328,404,551,701,789,755,569,264,97,426,648,713,622,421,167,69,11,31,15,32,14,4,10,19,16,8,8,282,298,278,223,143,40,64,163,244,318,376,430,472,521,567,581,574,521,432,113,174,52,35,69,52,2,73,143,189,206,187,149,105,60,43,40,60,98,145,180,192,176,122,31,61,169,251,297,302,261,182,76,36,127,192,213,191,146,92,46,21,15,29,43,59,54,41,5,39,79,118,165,190,206,194,161,117,60,12,4,12,68,136,13,301,358,390,370,341,287,226,175,146,144,168,220,279,341,392,431,445,434,413,367,310,262,234,233,275,343,436,856,599,628,623,575,502,424,341,275,235,7
56,74,49,7,57,109,135,172,187,201,198,89,170,139,124,83,53,34,7,13,36,67,87,119,143,165,174,167,157,132,110,78,47,27,11,5,1,9,11,214,29,59,89,125,157,178,200,214,217,204,181,174,151,168,181,224,285,343,423,481,543,592,633,671,681,698,692,679,657,606,567,511,468,429,386,990,372,408,453,515,595,667,755,824,887,932,937,927,870,779,650,492,323,128,56,244,412,556,680,755,804,800,760,655,560,443,306,194,105,62,56,103,200,314,446,567,654,705,698,653,556,440,314,10,36,7,6,22,16,0,26,21,0,16,218,284,351,414,477,513,536,533,519,505,474,460,456,465,501,527,575,588,595,350,516,444,341,243,131,30,65,152,207,262,279,288,295,269,245,202,165,111,57,10,40,57,83,88,85,77,42,191,6,34,65,97,119,143,155,168,188,181,191,184,192,197,207,220,236,264,304,324,354,360,358,348,319,269,199,118,24,85,193,307,402,480,548,229,611,598,541,480,383,280,163,39,62,173,258,341,409,454,495,510,517,511,470,424,342,260,163,68,38,150,228,156,365,413,454,462,467,451,415,372,313,92
37,83,259,341,417,465,490,485,456,401,320,443,89,36,178,312,446,572,690,783,851,901,932,932,905,860,801,727,642,558,474,388,313,247,189,145,105,93,85,568,130,174,219,275,330,380,426,466,501,532,558,591,624,656,681,698,700,681,632,564,468,358,237,113,13,129,221,294,340,362,358,320,260,173,74,124,181,313,446,567,666,742,798,816,806,769,699,611,493,365,211,54,113,273,427,558,660,726,755,736,693,620,534,134,385,349,348,387,462,566,687,806,910,976,996,967,886,763,601,415,229,57,94,26,19,5,40,1,33,16,23,11,17,52,180,219,266,314,365,401,429,446,453,447,436,429,418,408,406,403,410,410,407,245,372,327,269,195,110,17,70,152,219,268,299,304,295,257,213,151,90,27,40,102,157,205,235,264,274,264,244,446,164,104,38,23,81,139,183,225,255,278,292,285,282,271,246,228,198,163,125,90,53,21,11,39,69,96,130,160,195,227,258,286,312,331,330,3,303,265,213,157,88,8,69,148,223,290,343,382,411,425,419,393,355,300,229,135,42,64,172,283,387,477,560,1176,654,661,647,617,566,496,407,310,206,49
92,42,279,357,232,104,418,461,190,138,279,241,107,137,186,23,358,632,460,135,733,850,349,393,834,678,86,482,633,350,72,314,294,119,30,104,84,35,31,541,38,155,179,3,280,418,250,163,520,552,196,354,685,538,34,593,681,199,443,661,255,400,654,221,480,736,255,492,800,422,251,660,569,180,205,1151,519,396,28,490,829,618,134,885,974,262,641,929,393,371,608,177,332,301,196,534,232,448,779,372,389,789,519,590,450,462,304,111,200,569,631,110,680,928,265,660,881,213,542,576,6,408,234,13,8,8,5,12,8,6,22,22,5,12,124,53,303,348,52,361,506,235,211,494,423,90,303,532,422,7,472,597,253,289,496,317,28,197,153,70,86,113,20,172,278,174,52,201,194,113,61,13,104,281,326,119,258,503,375,41,398,519,114,169,195,26,87,11,198,216,21,304,359,120,168,280,206,95,35,50,220,360,278,65,433,500,207,185,361,296,171,62,62,251,415,361,13,37,571,348,67,357,401,258,66,94,212,298,321,194,113,449,552,295,158,487,491,256,29,219,324,385,322,52,359,1078,540,57,470,693,466,6,379,462,294,66
46,77,293,307,307,278,226,168,95,16,52,20,160,173,183,172,142,121,70,27,17,65,117,159,189,208,225,228,234,227,229,201,188,158,131,107,83,62,61,540,48,65,81,105,129,175,205,264,313,373,426,492,542,599,622,643,638,612,567,500,431,337,257,161,89,8,46,100,119,138,118,91,41,27,105,317,308,429,551,685,798,904,981,1042,1067,1068,1034,980,900,790,666,517,357,184,17,152,301,430,532,596,633,628,592,700,409,283,148,6,128,245,339,398,414,383,318,212,87,48,164,265,328,365,370,15,2,39,8,14,23,32,20,17,1,5,134,188,246,302,357,404,436,450,443,423,394,363,328,297,276,259,236,219,203,212,178,167,132,91,38,28,84,139,173,194,194,179,143,99,49,6,60,128,185,244,304,356,394,423,435,428,406,275,343,296,259,205,161,95,44,15,57,88,93,79,45,1,48,99,142,174,234,268,309,345,356,348,310,266,193,105,6,77,181,252,345,406,463,192,475,413,329,223,96,7,105,164,220,264,295,313,367,379,386,339,277,178,68,33,121,191,253,284,334,359,389,1153,418,377,353,293,213,134,51,40,119,3
199,42,422,468,505,532,519,491,420,332,223,548,49,193,361,515,683,838,986,1128,1253,1348,1414,1428,1407,1350,1237,1109,952,808,654,501,383,262,188,112,70,48,41,870,83,131,181,258,341,424,515,598,684,751,819,875,920,946,954,937,879,789,660,481,302,69,168,405,631,829,994,1112,1174,1193,1150,1061,945,799,621,1531,276,123,3,92,140,138,106,24,82,205,334,471,594,692,754,769,749,669,546,377,177,41,265,471,642,746,771,1204,598,414,193,22,217,361,434,418,327,150,62,314,543,725,847,885,844,745,582,25,15,43,30,29,17,15,45,23,31,49,80,121,184,255,333,401,453,491,511,512,506,475,461,458,472,490,522,538,548,498,512,457,365,241,121,31,170,293,404,474,503,508,476,422,348,247,158,61,35,108,171,222,245,253,245,213,158,302,41,27,87,130,166,191,189,184,167,158,142,131,128,143,186,219,274,344,415,485,539,588,605,613,586,531,449,334,183,20,133,286,432,540,642,388,747,763,736,698,631,551,458,337,210,59,89,221,372,478,563,613,631,629,606,573,524,492,463,436,419,411,394,991,337,289,230,169,102,38,34,97,159,222
148,74,40,46,39,13,12,44,71,76,67,272,23,98,193,306,415,528,627,704,741,735,675,575,434,284,138,19,66,111,118,103,76,49,34,25,21,22,25,627,6,4,14,31,50,67,91,129,167,218,279,360,453,536,629,696,731,710,645,518,342,135,85,301,488,645,736,769,752,682,580,463,346,269,235,515,327,433,544,640,693,689,619,501,330,127,86,294,453,555,577,514,363,151,104,370,599,762,837,821,724,570,394,119,128,81,102,174,256,320,326,253,93,123,369,586,736,785,730,579,372,149,50,44,19,11,18,24,0,4,7,10,12,19,230,250,247,213,149,68,18,103,171,222,256,285,319,369,436,516,586,629,639,134,517,409,289,178,96,55,50,74,123,181,228,266,279,262,232,182,131,84,61,58,79,123,186,254,321,379,417,353,383,319,223,115,1,108,190,243,260,247,215,172,134,105,97,106,139,178,229,283,333,374,394,391,371,333,287,252,232,242,290,353,439,503,563,135,588,562,511,449,387,334,293,272,271,290,321,363,408,441,476,487,490,473,446,410,371,323,280,247,221,206,217,740,288,336,386,417,437,424,372,302,217,78
92,129,20,62,86,102,91,88,68,62,65,49,101,141,197,260,319,387,452,526,594,651,690,720,734,721,681,620,543,465,386,307,239,180,137,98,65,39,27,723,18,25,37,50,68,75,82,93,95,97,101,102,94,67,18,49,137,241,361,466,572,642,691,704,683,632,549,448,344,239,141,66,28,21,56,293,217,340,469,596,697,773,813,811,761,669,541,388,209,25,153,301,407,479,491,449,360,235,83,70,207,320,376,812,331,241,129,14,88,145,146,83,34,189,358,519,642,704,696,628,513,360,202,12,18,2,17,12,8,21,4,2,41,23,54,102,160,223,301,365,419,463,480,489,486,484,492,510,542,576,608,629,627,136,522,436,332,219,115,27,33,69,85,87,74,61,45,43,49,62,88,123,170,232,294,353,410,460,488,492,463,485,349,268,166,61,36,114,184,239,279,293,292,289,288,278,265,254,260,270,282,303,327,348,368,376,360,329,279,211,128,31,62,150,227,294,332,329,361,342,324,306,284,259,238,230,227,224,224,235,241,247,246,245,227,200,154,101,28,49,143,232,322,406,482,711,590,607,614,589,556,498,428,355,271,40
128,29,229,212,191,171,147,120,94,60,19,223,54,108,145,191,250,305,364,425,468,518,551,564,562,545,511,465,413,353,292,221,167,109,58,24,3,6,5,571,54,98,150,204,261,316,364,410,456,499,547,594,652,697,734,753,748,712,645,541,419,265,108,56,210,339,457,543,601,625,627,600,544,458,362,767,123,2,104,189,249,274,273,235,169,84,17,127,225,317,389,434,453,434,383,296,185,52,87,224,348,435,476,813,411,314,175,27,109,218,288,296,249,144,6,153,307,432,519,555,543,489,407,10,63,17,2,7,43,46,51,14,24,7,205,237,269,280,283,276,256,238,223,211,215,228,258,285,318,337,347,345,321,159,223,168,114,66,43,30,33,56,75,96,119,130,127,109,73,28,39,104,180,255,326,384,428,458,473,463,438,553,331,241,147,50,47,138,209,265,298,317,323,309,285,258,233,200,174,152,127,111,90,81,75,63,50,35,14,25,76,137,201,269,329,382,422,181,437,412,372,315,248,175,87,3,85,172,258,345,410,476,521,537,542,515,474,420,341,269,196,111,37,31,88,138,207,253,301,332,352,361,354,345,323,73
26,56,310,355,380,382,358,287,206,123,49,198,3,52,138,236,306,321,260,118,80,311,528,700,793,809,756,653,525,388,251,133,45,18,52,47,29,2,20,741,51,70,113,169,234,301,350,389,391,373,314,219,95,96,296,508,673,762,723,557,279,46,365,599,712,680,529,284,11,246,448,565,602,566,498,1254,409,451,545,667,748,747,626,377,36,336,657,857,905,773,509,168,154,377,454,357,120,208,540,791,900,852,680,141,245,112,76,103,129,87,65,319,612,860,969,894,638,266,117,408,534,487,313,19,25,19,8,14,41,7,29,43,0,13,53,12,119,246,377,470,511,482,398,286,171,60,44,158,282,415,526,600,605,197,407,248,102,3,27,1,69,136,185,193,162,103,41,16,48,51,30,5,7,9,57,144,253,349,431,465,447,435,235,90,28,106,104,51,51,169,264,313,323,289,238,207,190,193,219,231,237,219,168,99,7,98,179,249,269,252,198,149,112,124,193,305,430,230,588,574,505,408,312,243,211,221,256,313,363,399,413,389,328,238,132,31,50,93,103,89,67,54,72,125,214,897,454,550,617,639,609,550,459,366,283,13
5,182,54,15,73,121,159,192,211,217,207,28,166,133,87,33,31,103,170,232,292,337,374,386,400,396,380,353,326,300,264,231,189,148,108,67,34,9,17,479,33,27,15,0,24,54,86,125,164,206,251,290,330,368,380,385,363,314,238,140,19,118,264,410,541,652,743,803,830,822,783,719,629,515,394,1008,125,4,124,227,305,359,383,381,346,283,199,95,17,134,243,343,429,489,527,540,524,487,430,358,286,209,144,465,91,111,171,267,385,524,663,782,876,920,911,843,734,575,400,213,44,102,217,16,16,1,5,24,44,2,23,21,11,22,61,36,5,43,82,108,125,127,111,73,28,24,79,128,172,193,208,196,175,127,103,62,33,10,3,0,16,42,63,88,100,109,95,66,31,20,78,135,193,243,290,328,359,383,398,404,397,363,353,302,241,162,81,7,87,155,199,240,252,237,198,141,73,1,78,161,239,310,372,416,444,458,446,413,355,273,183,90,27,130,231,320,385,321,462,469,455,435,389,336,269,199,116,30,59,141,233,305,374,422,448,470,452,425,388,334,262,182,95,16,61,114,212,277,328,368,394,394,389,353,310,68
115,63,608,592,552,508,439,356,273,165,68,202,176,328,462,611,774,927,1059,1193,1297,1369,1410,1396,1352,1269,1169,1046,902,759,612,452,329,198,105,27,13,31,13,1118,107,200,297,415,535,658,787,913,1015,1133,1231,1323,1401,1470,1532,1571,1582,1563,1486,1362,1188,964,687,389,81,218,473,686,827,909,932,880,760,592,392,880,110,364,614,842,1018,1133,1179,1167,1075,918,714,463,197,89,348,591,796,952,1047,1068,1021,916,747,541,327,120,44,965,127,32,170,426,733,1027,1269,1443,1491,1423,1219,940,599,232,113,409,638,788,865,108,43,22,12,25,51,55,0,66,64,21,76,175,284,409,519,618,698,736,757,748,715,661,625,596,595,625,653,690,725,361,706,636,519,357,161,43,244,428,567,649,679,658,589,489,361,236,103,10,105,186,248,314,368,392,400,376,319,377,122,1,123,229,321,360,380,346,292,266,221,206,239,271,348,425,497,563,606,637,662,667,671,667,628,569,470,321,130,91,329,586,792,968,1098,468,1171,1133,1060,953,829,694,550,377,207,40,145,331,497,649,771,876,943,966,958,916,822,731,612,488,366,255,144,675,22,86,155,221,293,376,450,512,565,417
56,18,360,241,128,457,454,159,174,326,275,126,49,17,132,309,425,280,181,677,778,271,495,938,686,31,634,706,322,151,375,340,137,54,151,108,34,10,8,153,96,101,27,251,366,176,208,510,488,122,365,665,528,15,609,762,284,454,760,348,385,693,286,431,727,271,493,795,363,366,720,509,14,408,484,843,124,114,434,674,479,230,925,930,146,783,1028,394,491,779,296,345,448,48,474,292,367,754,371,479,910,481,318,769,461,66,130,260,470,503,27,702,913,228,724,949,234,614,706,99,456,415,26,45,25,5,4,20,1,44,2,26,8,45,39,217,264,37,294,431,199,221,470,369,35,313,481,370,3,435,596,297,236,226,397,13,279,225,64,37,92,44,160,309,208,74,261,232,77,13,42,94,190,244,105,193,426,357,24,402,429,311,232,263,38,134,43,180,226,25,327,357,85,209,300,219,105,13,163,293,321,161,144,436,477,197,215,441,378,147,47,152,256,376,324,9,429,357,393,88,464,515,283,19,218,268,268,239,114,148,429,505,260,190,519,519,221,126,327,385,327,182,54,380,598,425,5,541,728,414,134,504,470,182,57,15
202,6,23,32,71,126,182,235,253,247,210,268,57,39,136,224,282,298,267,169,34,119,288,452,560,639,670,658,624,554,466,387,292,207,147,107,75,54,28,207,65,133,199,266,314,341,336,315,289,245,193,121,28,107,264,437,601,729,792,773,658,467,221,51,305,523,680,763,776,735,640,526,412,314,254,399,284,360,436,489,475,383,204,30,291,541,731,841,848,745,563,307,21,247,461,581,581,468,258,9,281,502,622,761,560,441,336,295,352,492,681,842,934,899,743,460,134,180,417,540,548,451,289,19,0,20,12,25,6,43,31,12,6,62,52,14,103,210,318,415,478,507,496,466,432,405,396,384,359,307,216,94,43,278,263,307,291,230,145,63,5,44,41,11,28,77,110,128,120,92,57,10,30,57,63,29,32,121,223,322,384,288,388,311,205,76,49,152,213,238,224,178,119,64,25,3,8,26,59,75,97,99,81,55,15,40,91,125,153,142,108,53,7,63,87,69,17,205,156,244,291,304,276,218,154,84,28,18,38,49,47,21,10,52,104,138,153,147,116,71,24,5,31,23,5,318,135,209,282,345,395,408,388,339,273,106
2,143,209,297,370,425,448,447,416,366,295,261,102,2,114,243,352,469,586,695,792,866,920,943,929,880,815,724,621,518,410,318,244,182,130,97,77,72,79,566,113,147,184,224,280,333,388,449,508,561,607,648,683,718,741,760,783,786,777,751,706,644,564,482,389,298,214,146,103,76,69,86,111,158,219,492,374,471,570,677,783,874,956,1021,1066,1079,1054,987,891,753,585,398,199,8,183,359,505,631,729,790,810,798,745,730,544,412,282,167,81,36,39,94,180,299,415,526,608,651,651,602,521,410,290,16,22,48,25,27,8,15,22,16,4,40,132,147,153,146,133,114,95,86,87,100,137,185,248,309,370,413,439,447,434,38,351,284,223,159,94,42,1,26,58,73,87,100,116,130,142,159,173,183,202,212,226,237,251,257,264,265,254,108,215,183,150,123,95,75,53,37,25,15,18,21,36,66,106,165,234,304,375,433,473,497,490,455,389,306,205,91,25,123,225,310,386,449,500,210,559,556,527,462,373,256,128,13,150,271,372,443,502,529,538,525,495,460,402,328,245,145,36,92,212,325,440,780,614,666,678,666,622,557,465,360,240,1
78,68,186,164,133,109,67,24,10,53,89,123,149,173,191,217,227,241,242,255,255,249,252,244,228,212,181,146,113,81,46,15,11,22,31,43,39,26,15,18,42,81,123,184,226,280,311,335,347,345,346,339,351,361,386,427,469,518,567,603,629,649,650,643,622,583,548,499,447,398,362,333,323,330,354,900,441,493,556,627,695,766,830,890,936,967,967,932,869,767,631,462,273,72,126,320,488,625,730,791,818,797,733,609,539,428,321,246,209,210,259,346,459,579,688,767,807,796,735,629,498,351,209,23,27,22,14,33,3,22,7,12,5,9,152,227,299,356,404,437,449,456,452,451,452,465,480,514,553,591,622,639,638,252,555,472,381,275,166,65,18,83,129,159,164,168,167,156,158,161,165,175,183,191,199,199,197,193,184,179,174,82,185,188,184,185,175,146,122,82,43,3,19,23,6,27,86,155,232,308,378,430,464,487,483,461,421,371,297,211,120,24,87,196,299,396,476,295,564,559,522,469,393,304,206,107,27,64,136,202,265,325,369,406,440,448,442,428,391,343,287,214,140,68,4,222,130,175,212,237,258,265,262,260,248,30
192,59,0,79,143,181,208,223,213,201,186,46,127,96,53,9,40,92,144,192,223,248,268,267,273,257,246,246,233,233,216,209,186,167,149,127,99,65,32,81,38,72,111,153,187,226,254,272,295,302,307,297,292,300,312,326,362,402,453,509,559,604,639,652,653,640,616,585,550,521,493,475,458,455,464,1056,505,549,605,669,743,816,882,937,980,993,972,922,841,730,587,420,241,50,144,329,493,625,726,785,799,768,701,590,509,408,322,275,272,313,395,509,636,757,854,901,900,840,727,574,407,231,73,43,14,17,21,2,2,31,9,38,62,37,99,79,55,24,7,43,71,92,98,96,79,55,23,5,26,35,31,19,0,203,41,48,42,25,12,52,99,150,184,210,218,210,178,130,71,0,79,157,226,292,345,383,412,424,420,409,377,387,259,181,87,7,108,196,270,324,360,366,360,334,295,253,201,159,119,86,52,24,5,35,64,85,115,137,167,197,220,261,302,353,398,430,453,69,456,429,373,310,226,133,40,64,164,256,341,419,476,517,539,530,502,446,367,279,175,67,47,161,269,372,462,656,599,648,668,673,653,613,549,469,380,8
39,20,319,257,173,98,19,56,107,135,150,49,89,35,38,129,237,346,456,573,673,762,821,861,864,839,787,711,611,507,398,296,205,124,73,35,18,22,36,493,85,120,161,200,239,265,284,292,287,260,213,168,109,58,3,24,41,26,4,56,126,202,283,361,429,485,524,552,553,539,491,424,332,224,95,117,193,356,499,646,772,879,956,1010,1034,1030,1000,937,854,744,621,487,344,193,56,83,209,315,408,465,488,482,439,682,242,100,62,232,407,570,707,819,887,914,895,832,735,607,465,308,159,30,81,16,8,38,10,0,24,13,44,24,1,5,200,254,310,358,402,438,458,466,456,434,395,349,301,249,204,163,126,96,67,183,16,10,29,51,70,80,85,82,69,49,22,12,50,85,115,140,160,161,152,134,99,66,21,15,47,70,82,249,42,9,39,94,153,215,276,324,360,382,391,373,340,289,216,129,36,62,155,250,317,386,427,442,443,418,368,300,215,111,3,118,230,338,435,195,539,557,535,478,392,288,169,37,97,221,337,432,495,527,524,495,435,347,236,117,23,150,273,382,469,532,567,1016,536,487,401,294,168,42,79,191,279,47
32,5,190,405,382,44,370,520,288,85,299,186,131,96,94,50,356,556,331,267,780,738,99,638,878,448,253,664,525,70,288,329,151,5,64,60,51,42,7,279,55,92,11,188,307,173,177,475,434,34,458,647,330,300,721,534,147,688,552,123,636,443,230,648,350,352,720,364,350,723,451,150,530,462,162,507,288,432,429,82,519,862,485,423,1027,709,253,917,634,202,668,301,349,442,121,611,353,425,825,346,498,818,358,764,540,338,93,66,297,548,405,269,884,663,288,949,595,332,756,293,381,451,30,21,70,16,13,11,6,50,45,43,25,13,105,280,201,126,416,340,78,467,484,124,321,543,406,10,457,612,286,283,612,77,101,401,288,13,104,39,10,119,203,75,181,301,172,62,193,174,117,66,27,203,328,215,121,424,395,47,331,489,137,184,236,33,134,43,183,234,6,318,352,80,220,314,210,64,56,205,347,290,30,410,511,217,215,420,319,93,62,152,262,333,204,161,496,182,151,302,519,387,53,213,291,255,195,104,110,405,511,246,253,596,500,92,282,402,336,191,3,250,476,459,121,902,650,502,9,494,602,296,120,335,300,34
40,7,307,356,302,153,73,284,402,384,251,205,23,39,92,80,65,305,552,645,526,216,204,570,759,701,423,48,289,457,423,277,104,16,79,107,110,81,4,396,130,108,1,138,252,309,272,140,74,334,543,596,437,77,336,644,699,462,30,405,618,488,72,408,680,584,176,342,699,756,524,148,189,386,440,1124,386,361,263,38,324,701,883,715,200,434,871,892,487,85,507,553,222,241,530,415,58,611,895,706,146,458,776,504,383,107,3,31,165,455,723,711,279,384,887,909,449,196,612,584,218,195,390,9,3,16,34,3,3,30,33,9,7,13,219,103,112,337,439,344,80,220,437,490,397,216,21,281,505,596,491,185,193,341,546,393,134,75,155,114,45,33,104,201,248,200,78,45,122,143,148,190,251,284,230,62,178,387,469,375,143,39,296,306,169,23,151,133,4,157,238,196,44,128,250,286,249,191,135,61,43,181,358,478,480,321,63,170,299,308,272,267,314,342,261,49,223,96,517,456,292,101,68,180,221,214,209,252,321,338,218,42,343,550,577,431,213,33,90,152,206,286,399,487,475,128,31,310,560,636,502,262,28,105,141,17
109,15,259,281,209,50,123,315,397,408,298,101,120,161,286,370,407,293,84,187,500,734,839,762,561,227,126,396,543,544,433,261,133,25,56,99,115,106,56,189,121,178,199,152,53,75,225,391,515,547,472,295,10,319,609,770,727,446,30,375,626,626,376,25,463,748,768,521,108,305,578,652,586,448,322,331,175,84,93,354,656,879,903,677,236,282,716,901,794,438,30,392,497,284,115,508,697,571,180,314,701,825,668,55,79,63,97,134,268,500,713,745,511,23,530,906,918,559,41,394,545,404,97,5,1,13,39,32,2,34,40,24,12,23,193,98,62,258,402,439,339,149,75,271,413,508,528,463,299,55,220,464,594,179,374,131,72,163,138,57,5,0,69,165,244,249,178,90,20,16,42,46,12,130,279,422,460,406,236,15,205,253,360,271,103,43,121,95,4,125,259,292,255,117,27,139,196,206,242,257,311,339,328,256,81,114,305,360,377,340,281,250,218,264,291,279,123,93,356,459,458,439,374,295,127,39,26,55,150,33,131,343,472,463,445,352,277,116,58,12,105,262,483,617,672,616,481,352,130,89,326,453,510,456,346,47
138,274,267,281,299,323,332,309,288,231,155,428,66,206,349,496,635,765,875,977,1055,1117,1149,1143,1126,1074,1016,925,816,693,568,430,313,201,112,52,1,11,16,996,54,114,173,237,328,394,478,544,615,678,741,790,832,839,828,785,689,557,387,176,51,297,537,759,953,1094,1195,1245,1245,1201,1128,1032,935,822,730,1816,604,580,583,616,700,791,893,1016,1134,1223,1292,1308,1274,1175,1021,794,517,196,138,482,804,1055,1254,1359,1382,1324,1192,970,839,674,552,499,526,633,791,997,1193,1365,1468,1491,1423,1269,1038,759,452,163,92,15,29,1,66,9,20,12,28,7,52,28,282,405,522,621,706,772,805,827,839,843,844,859,878,910,947,972,997,995,961,406,814,698,560,411,269,142,21,67,111,143,154,146,133,126,128,139,185,241,314,400,485,580,660,728,765,767,752,782,608,491,355,218,59,92,226,343,444,514,545,540,501,446,359,271,172,67,17,90,149,189,214,230,239,244,266,300,345,401,469,542,602,653,695,3,682,639,571,472,349,213,60,94,258,400,550,661,775,854,906,915,899,846,761,663,533,410,264,126,1,120,224,113,379,424,444,451,434,410,369,330,293,103
157,14,22,9,19,25,21,10,16,14,23,95,88,154,256,369,486,589,663,740,792,833,874,896,908,889,841,763,656,541,426,320,234,165,111,69,43,33,27,375,22,6,27,64,117,170,218,261,299,324,353,380,428,490,554,621,670,715,719,696,631,526,391,238,72,88,235,354,442,498,530,526,507,467,402,927,247,186,149,158,206,297,412,538,663,760,815,828,788,705,580,410,215,1,223,446,643,788,875,885,828,714,570,27,318,266,281,360,481,619,744,829,842,775,636,438,207,30,232,373,447,447,394,13,29,22,34,9,4,10,15,25,16,49,168,246,325,398,447,477,486,472,452,433,424,433,446,460,466,458,421,369,296,157,140,66,15,12,0,26,72,121,178,231,268,287,281,264,214,157,80,17,38,65,87,75,39,10,66,119,163,36,198,190,175,148,108,59,0,62,136,205,258,290,290,263,211,144,75,24,9,30,39,44,46,54,61,88,109,140,186,236,303,369,434,499,552,201,585,564,525,468,408,349,282,218,146,78,8,44,84,90,91,83,83,97,114,165,214,282,354,423,502,562,615,1071,690,714,719,705,672,616,545,450,352,18
49,51,347,442,510,531,465,343,172,34,42,273,42,134,198,170,48,155,415,675,885,1003,986,855,617,315,6,254,432,503,492,424,323,218,129,49,30,75,95,639,71,6,81,205,334,429,480,490,407,249,48,195,446,631,759,770,643,406,94,233,487,595,535,299,37,377,640,765,723,546,306,61,142,269,336,1199,435,527,657,773,810,723,475,92,327,705,934,951,774,431,45,277,429,357,91,283,617,782,715,413,11,361,583,661,528,406,362,416,503,539,407,85,361,788,1033,996,684,214,242,535,579,405,117,14,43,9,18,12,5,18,10,9,30,33,196,283,359,381,309,160,42,252,418,513,545,518,454,343,174,37,270,474,598,293,502,333,160,27,19,2,51,100,104,48,46,153,225,256,219,155,99,86,147,251,351,426,408,273,66,160,341,262,389,269,106,59,148,146,71,73,227,343,404,396,316,209,136,85,79,102,98,48,40,179,334,451,507,484,414,316,270,256,284,346,371,328,221,117,159,337,473,544,533,464,370,287,246,276,331,392,417,369,250,101,48,172,243,277,306,333,391,466,545,616,669,978,612,489,300,72,150,313,398,396,334,5
94,87,71,150,260,387,474,518,502,418,320,19,181,218,322,471,603,669,621,461,216,80,372,603,778,863,844,753,593,394,213,64,20,67,63,73,74,88,80,346,32,145,253,348,383,360,257,96,89,291,467,606,721,754,706,570,338,46,259,505,619,574,378,68,259,540,721,754,657,455,208,25,207,314,359,1160,418,519,663,830,929,914,742,422,8,392,708,862,829,634,322,17,277,392,324,70,292,636,876,901,718,402,62,642,315,319,305,331,459,674,858,914,752,378,109,566,851,885,680,326,42,300,379,3,0,8,24,29,3,17,11,45,1,4,182,285,376,420,381,257,77,123,310,446,531,583,597,574,492,340,130,103,303,321,468,422,324,218,141,108,128,171,232,259,245,174,88,1,53,52,13,43,67,33,75,233,409,544,591,526,368,247,67,204,251,193,71,78,204,274,277,230,137,32,51,112,149,154,164,174,227,316,429,545,604,608,522,389,264,164,141,148,186,182,129,21,132,246,419,511,565,578,557,516,454,388,341,330,351,389,419,407,330,187,18,136,237,281,283,288,315,384,503,624,732,1207,804,754,641,470,278,81,70,157,166,31
105,119,503,607,678,723,707,668,597,510,420,113,307,317,386,511,659,838,1019,1187,1312,1407,1454,1458,1408,1310,1179,1018,844,675,512,377,273,184,122,80,31,5,70,380,219,318,413,508,568,604,601,537,449,343,233,122,8,119,271,431,612,787,930,1012,1023,925,735,461,151,176,486,742,927,1051,1084,1062,1001,907,815,1799,737,797,917,1073,1247,1404,1499,1509,1417,1213,919,557,179,192,490,675,746,664,450,132,261,654,996,1247,1353,1320,1178,490,759,613,564,631,806,995,1154,1209,1102,827,420,56,509,856,1034,1031,859,571,236,11,1,11,24,21,28,44,5,59,31,8,101,204,343,475,604,699,772,805,810,794,765,727,691,642,575,473,345,198,46,429,218,282,298,248,150,31,108,213,301,324,315,268,205,145,106,103,147,230,345,468,581,658,669,633,540,374,206,345,142,274,333,348,291,172,36,125,276,396,471,497,463,405,316,225,166,144,157,205,295,389,482,548,572,556,491,403,282,192,107,69,67,97,165,25,302,362,390,400,392,360,310,224,123,11,104,193,256,278,263,214,170,139,143,189,250,343,426,516,581,629,662,823,687,662,606,508,391,278,173,121,112,193
108,192,509,548,559,582,590,580,565,482,387,541,44,172,417,642,852,1021,1143,1221,1258,1257,1231,1189,1118,1036,937,812,713,601,494,408,332,284,227,185,143,106,70,30,34,122,226,345,477,608,732,825,893,942,975,1035,1077,1131,1161,1164,1128,1036,898,707,481,237,27,291,542,764,951,1082,1142,1148,1084,996,876,740,638,1775,494,486,522,615,741,908,1072,1253,1394,1477,1497,1425,1283,1073,794,467,110,254,606,893,1120,1240,1256,1162,1000,788,580,283,293,281,346,497,680,883,1042,1129,1103,956,694,368,0,327,599,751,794,733,582,38,41,31,52,0,5,38,14,48,3,91,112,100,50,28,122,233,324,406,464,501,517,516,517,525,559,601,656,726,769,385,768,695,569,406,242,71,69,166,229,261,264,238,210,180,154,148,157,196,264,364,478,602,699,773,795,784,727,836,520,377,209,53,92,244,369,456,517,540,535,509,472,429,407,386,400,425,452,504,537,594,628,643,630,575,494,379,232,92,55,188,313,390,433,387,434,413,387,381,389,394,431,456,484,516,543,570,585,609,620,619,604,549,478,362,239,99,51,197,334,435,529,555,641,677,669,671,641,614,580,533,515,59
