Subcarrier_1,Subcarrier_2,Subcarrier_3,Subcarrier_4,Subcarrier_5,Subcarrier_6,Subcarrier_7,Subcarrier_8,Subcarrier_9,Subcarrier_10,Subcarrier_11,Subcarrier_12,Subcarrier_13,Subcarrier_14,Subcarrier_15,Subcarrier_16,Subcarrier_17,Subcarrier_18,Subcarrier_19,Subcarrier_20,Subcarrier_21,Subcarrier_22,Subcarrier_23,Subcarrier_24,Subcarrier_25,Subcarrier_26,Subcarrier_27,Subcarrier_28,Subcarrier_29,Subcarrier_30,Subcarrier_31,Subcarrier_32,Subcarrier_33,Subcarrier_34,Subcarrier_35,Subcarrier_36,Subcarrier_37,Subcarrier_38,Subcarrier_39,Subcarrier_40,Subcarrier_41,Subcarrier_42,Subcarrier_43,Subcarrier_44,Subcarrier_45,Subcarrier_46,Subcarrier_47,Subcarrier_48,Subcarrier_49,Subcarrier_50,Subcarrier_51,Subcarrier_52,Subcarrier_53,Subcarrier_54,Subcarrier_55,Subcarrier_56,Subcarrier_57,Subcarrier_58,Subcarrier_59,Subcarrier_60,Subcarrier_61,Subcarrier_62,Subcarrier_63,Subcarrier_64,Subcarrier_65,Subcarrier_66,Subcarrier_67,Subcarrier_68,Subcarrier_69,Subcarrier_70,Subcarrier_71,Subcarrier_72,Subcarrier_73,Subcarrier_74,Subcarrier_75,Subcarrier_76,Subcarrier_77,Subcarrier_78,Subcarrier_79,Subcarrier_80,Subcarrier_81,Subcarrier_82,Subcarrier_83,Subcarrier_84,Subcarrier_85,Subcarrier_86,Subcarrier_87,Subcarrier_88,Subcarrier_89,Subcarrier_90,Subcarrier_91,Subcarrier_92,Subcarrier_93,Subcarrier_94,Subcarrier_95,Subcarrier_96,Subcarrier_97,Subcarrier_98,Subcarrier_99,Subcarrier_100,Subcarrier_101,Subcarrier_102,Subcarrier_103,Subcarrier_104,Subcarrier_105,Subcarrier_106,Subcarrier_107,Subcarrier_108,Subcarrier_109,Subcarrier_110,Subcarrier_111,Subcarrier_112,Subcarrier_113,Subcarrier_114,Subcarrier_115,Subcarrier_116,Subcarrier_117,Subcarrier_118,Subcarrier_119,Subcarrier_120,Subcarrier_121,Subcarrier_122,Subcarrier_123,Subcarrier_124,Subcarrier_125,Subcarrier_126,Subcarrier_127,Subcarrier_128,Subcarrier_129,Subcarrier_130,Subcarrier_131,Subcarrier_132,Subcarrier_133,Subcarrier_134,Subcarrier_135,Subcarrier_136,Subcarrier_137,Subcarrier_138,Subcarrier_139,Subcarrier_140,Subcarrier_141,Subcarrier_142,Subcarrier_143,Subcarrier_144,Subcarrier_145,Subcarrier_146,Subcarrier_147,Subcarrier_148,Subcarrier_149,Subcarrier_150,Subcarrier_151,Subcarrier_152,Subcarrier_153,Subcarrier_154,Subcarrier_155,Subcarrier_156,Subcarrier_157,Subcarrier_158,Subcarrier_159,Subcarrier_160,Subcarrier_161,Subcarrier_162,Subcarrier_163,Subcarrier_164,Subcarrier_165,Subcarrier_166,Subcarrier_167,Subcarrier_168,Subcarrier_169,Subcarrier_170,Subcarrier_171,Subcarrier_172,Subcarrier_173,Subcarrier_174,Subcarrier_175,Subcarrier_176,Subcarrier_177,Subcarrier_178,Subcarrier_179,Subcarrier_180,Subcarrier_181,Subcarrier_182,Subcarrier_183,Subcarrier_184,Subcarrier_185,Subcarrier_186,Subcarrier_187,Subcarrier_188,Subcarrier_189,Subcarrier_190,Subcarrier_191,Subcarrier_192,Subcarrier_193,Subcarrier_194,Subcarrier_195,Subcarrier_196,Subcarrier_197,Subcarrier_198,Subcarrier_199,Subcarrier_200,Subcarrier_201,Subcarrier_202,Subcarrier_203,Subcarrier_204,Subcarrier_205,Subcarrier_206,Subcarrier_207,Subcarrier_208,Subcarrier_209,Subcarrier_210,Subcarrier_211,Subcarrier_212,Subcarrier_213,Subcarrier_214,Subcarrier_215,Subcarrier_216,Subcarrier_217,Subcarrier_218,Subcarrier_219,Subcarrier_220,Subcarrier_221,Subcarrier_222,Subcarrier_223,Subcarrier_224,Subcarrier_225,Subcarrier_226,Subcarrier_227,Subcarrier_228,Subcarrier_229,Subcarrier_230,Subcarrier_231,Subcarrier_232,Subcarrier_233,Subcarrier_234,Subcarrier_235,Subcarrier_236,Subcarrier_237,Subcarrier_238,Subcarrier_239,Subcarrier_240,Subcarrier_241,Subcarrier_242,Subcarrier_243,Subcarrier_244,Subcarrier_245,Subcarrier_246,Subcarrier_247,Subcarrier_248,Subcarrier_249,Subcarrier_250,Subcarrier_251,Subcarrier_252,Subcarrier_253,Subcarrier_254,Subcarrier_255,Subcarrier_256
24,5,724,715,688,639,571,493,404,301,168,558,57,176,289,392,488,573,631,671,693,701,690,653,600,524,427,320,230,111,12,139,259,368,465,544,618,665,697,849,682,637,578,498,405,284,187,34,75,199,314,416,506,579,635,656,658,632,593,529,447,350,244,125,21,107,218,325,410,480,532,563,570,567,538,637,396,315,218,111,0,112,213,323,394,472,519,541,539,508,457,376,262,155,18,110,238,352,448,506,539,534,480,248,272,133,22,173,300,393,470,470,432,347,223,68,99,246,342,382,335,223,65,0,3,3,1,2,3,3,1,3,2,3,68,8,60,119,161,171,154,118,65,7,54,111,158,190,203,209,190,169,131,223,26,33,91,147,193,232,251,261,270,256,228,186,137,76,17,54,125,197,264,315,361,390,401,393,380,326,272,54,114,15,90,197,301,380,465,534,577,595,593,562,510,432,335,222,87,56,200,339,471,589,691,758,785,783,759,700,622,512,378,221,68,101,253,389,533,644,738,800,832,841,818,766,680,575,459,326,182,31,111,258,408,535,624,701,758,790,797,778,733,663,600,42,378,255,125,7,134,254,373,485,565,11
127,18,157,237,340,33,251,231,275,68,116,126,389,135,213,169,136,326,566,143,200,341,53,269,288,304,61,28,40,178,67,68,198,112,116,147,168,229,129,400,653,258,198,42,234,50,42,231,508,23,208,134,157,101,252,467,88,223,172,240,434,254,97,120,373,264,45,21,250,16,316,127,71,186,148,98,288,143,460,115,18,54,189,13,6,74,21,14,189,42,221,369,43,92,33,143,255,139,313,227,234,113,508,273,153,112,206,85,210,36,335,222,84,275,137,283,289,39,18,306,181,109,12,136,91,2,133,18,60,92,57,191,60,15,186,40,67,177,75,28,18,22,59,2,39,98,82,379,67,60,271,56,171,373,237,338,191,110,105,8,272,223,85,74,237,65,216,39,18,328,163,238,196,253,476,74,227,118,4,192,223,157,104,410,22,434,522,102,185,389,97,29,19,6,80,428,43,195,519,249,82,110,28,258,348,113,292,434,43,699,796,137,931,1334,799,201,874,978,628,196,180,331,496,534,886,120,174,491,554,456,131,101,267,270,251,349,314,153,33,377,737,966,628,441,1480,1732,722,954,2046,1531,95,217,74,120,160,9
63,135,66,33,2,136,124,50,144,150,27,219,47,67,366,59,12,127,131,270,84,289,0,57,57,66,91,66,40,35,45,225,101,149,102,193,55,48,67,54,50,16,72,29,116,239,52,249,321,91,20,147,23,97,59,171,87,39,49,155,120,4,124,88,45,66,12,85,9,75,246,34,43,2,196,72,82,2,86,101,37,143,26,13,207,157,162,178,95,83,28,155,56,7,149,80,10,43,56,26,97,104,166,115,60,127,106,113,44,210,31,21,128,204,142,135,167,71,26,87,30,35,76,46,73,64,24,51,21,25,2,94,67,23,14,12,33,33,30,63,5,31,173,3,63,17,25,23,106,150,38,124,29,36,59,48,156,65,101,62,24,282,90,218,50,122,84,36,77,36,21,59,133,201,212,94,104,60,27,90,174,67,88,218,159,2,83,35,190,110,4,80,134,82,66,59,99,22,577,417,86,308,665,785,624,296,204,678,1074,1191,965,394,351,1024,1420,1365,923,203,381,692,652,372,15,250,100,253,77,443,770,856,691,218,408,981,1305,1266,891,253,355,746,898,845,578,142,274,590,768,645,407,20,397,3,16,112,96,38
5,102,448,555,25,264,82,841,28,601,549,536,486,125,338,173,29,723,869,418,285,519,704,548,334,983,129,420,91,115,122,154,461,693,416,434,113,36,71,875,174,726,438,895,603,171,515,343,167,518,922,11,68,118,709,689,605,919,293,194,363,697,232,400,143,444,621,485,176,330,151,211,279,709,221,172,153,126,78,317,27,70,560,225,501,583,631,497,194,322,118,10,119,180,656,30,341,360,224,208,71,457,237,78,52,83,202,153,450,281,245,150,367,26,302,507,189,125,315,222,43,140,344,400,411,408,165,12,105,202,195,116,283,293,65,100,100,184,194,99,230,176,460,315,407,450,338,454,381,588,298,610,24,566,99,172,92,35,55,89,7,204,163,233,188,152,116,54,141,93,108,271,54,449,35,408,9,505,204,642,213,724,14,649,153,386,207,153,366,204,477,112,560,279,295,331,87,163,146,347,412,309,653,425,403,379,19,23,430,826,324,262,237,261,680,470,712,105,89,494,176,581,678,376,141,530,424,54,254,54,271,63,156,367,749,682,45,98,181,410,12,647,205,623,133,209,268,326,489,445,140,541,535,813,714,328
91,109,2,226,419,252,541,162,955,177,887,464,670,776,136,580,235,84,296,360,11,293,269,7,527,409,320,624,89,444,210,176,1059,145,257,595,16,283,232,76,416,324,221,339,13,514,162,384,521,247,305,561,58,503,614,431,691,321,507,409,763,442,313,779,789,195,1285,384,405,68,294,697,595,396,131,418,482,260,163,121,130,1015,347,187,271,90,19,1235,407,510,401,501,168,78,839,793,36,899,234,94,369,498,337,58,1151,1095,274,26,486,623,657,410,160,121,571,751,321,378,17,117,145,53,193,181,53,27,76,38,128,188,3,169,193,275,397,22,70,230,367,335,541,292,33,409,8,313,1271,829,461,1545,517,48,219,443,583,475,159,149,9,403,889,455,461,499,429,217,64,20,277,36,511,293,103,1517,465,141,885,34,195,329,257,262,463,38,44,499,669,315,937,671,437,192,62,107,839,767,473,594,451,515,59,277,659,16,1155,675,167,221,561,905,403,1609,59,832,288,737,437,451,1132,568,372,1087,105,439,49,787,77,446,681,1023,693,609,951,1056,517,71,104,523,833,337,379,557,755,270,23,109,6,1013,639,7,57,125,707,852,363,71
15,17,790,1198,1283,1125,845,499,206,8,106,18,98,255,320,245,52,307,723,1012,1215,1335,1179,756,282,241,710,1082,1126,982,817,505,208,45,11,62,188,326,320,247,92,174,527,816,973,1202,990,732,335,95,480,767,892,866,722,490,282,97,1,13,24,84,141,116,2,176,411,614,775,839,773,555,272,70,420,677,846,877,786,606,354,99,98,249,345,321,296,257,216,198,191,202,186,190,126,33,71,217,357,450,485,474,357,200,4,188,370,482,521,478,361,181,16,191,328,384,374,269,112,34,160,189,120,0,6,0,1,1,0,4,3,7,1,3,0,29,25,26,87,157,206,218,191,128,36,63,171,245,287,276,234,162,57,56,139,214,235,210,170,105,49,4,28,29,0,32,58,57,26,48,144,285,405,462,455,371,183,46,294,519,679,740,701,557,319,61,176,357,471,498,464,370,308,235,221,251,291,297,262,146,60,347,626,862,1016,1030,930,608,213,193,596,762,881,938,809,527,329,138,31,39,49,68,53,33,186,486,823,1108,1359,1260,1060,664,179,372,902,1242,1372,1367,1082,730,328,33,128,130,91,40,103,68,135,421,733,1056,1203,1183,1085,7
4,8,5,20,2,37,6,27,1,52,9,8,0,1,4,1,35,21,4,14,4,8,24,39,19,19,10,11,2,34,11,14,15,17,24,16,0,9,0,1,11,4,23,31,14,16,32,1,25,6,7,9,14,3,17,9,24,7,28,0,0,21,6,2,20,6,7,20,14,4,26,11,42,18,7,3,7,12,7,5,7,13,1,8,8,3,24,2,9,10,14,8,18,13,20,0,3,8,2,4,5,2,3,16,8,24,10,1,4,6,23,0,2,4,4,11,6,1,4,11,5,0,0,12,4,1,9,6,2,5,0,11,9,4,2,2,6,2,0,4,0,17,8,12,5,27,2,8,10,10,7,3,42,1,22,2,9,30,21,16,9,3,3,0,20,5,7,2,17,29,23,7,16,23,11,2,2,11,12,21,5,8,9,11,4,0,7,2,22,9,5,29,11,3,15,4,4,5,1,168,342,503,638,723,764,761,719,637,515,358,166,58,313,569,807,1005,1129,1189,1160,1063,916,732,526,323,14,66,231,373,484,552,581,576,521,440,348,245,144,66,2,51,69,75,55,14,45,119,202,291,370,470,562,12,13,16,1,4
123,42,140,259,371,472,553,608,642,650,622,698,510,420,321,217,110,11,71,133,175,194,184,142,94,20,62,146,211,284,322,349,332,296,239,148,46,58,169,372,348,409,449,460,444,416,361,295,229,162,94,44,2,28,50,45,46,24,9,49,93,127,169,200,223,241,244,243,228,216,202,196,197,200,221,329,291,346,395,453,506,552,586,605,612,596,558,496,413,310,197,73,49,171,281,368,431,467,469,443,393,322,238,84,78,17,22,37,30,0,53,105,150,196,219,225,213,183,141,91,40,5,40,2,70,0,7,9,2,1,24,9,18,39,165,141,125,123,143,189,263,360,484,606,721,810,867,875,834,744,614,447,269,109,70,201,302,356,368,341,283,195,97,4,91,163,202,215,195,142,69,25,123,227,320,386,433,448,432,391,322,455,126,1,127,262,388,513,620,701,770,803,807,765,699,586,448,288,110,90,289,487,678,851,991,1111,1191,1230,1232,1205,1129,1031,904,755,595,410,228,433,135,304,458,580,679,737,752,724,657,533,372,189,24,243,460,657,837,989,1094,1160,1180,1166,1109,1010,880,735,565,490,218,55,88,207,288,335,353,328,277,101
66,11,138,66,82,47,49,70,185,28,148,9,132,30,52,212,108,68,82,4,75,118,18,145,87,6,80,113,69,34,20,119,212,6,63,48,6,174,127,40,18,16,25,122,6,10,80,51,71,89,145,99,14,140,66,30,77,107,164,63,88,6,104,177,23,80,25,11,111,56,85,57,14,75,49,0,153,129,106,13,28,16,54,18,26,31,52,38,134,7,43,11,99,65,23,35,9,28,52,39,54,66,113,4,7,21,36,16,9,15,26,127,35,52,41,12,14,53,56,15,26,7,107,37,16,70,56,46,31,21,20,0,7,52,270,389,386,249,67,98,187,175,136,113,136,199,320,365,313,15,444,928,1262,1238,794,63,693,1213,1334,1077,74,72,319,427,344,168,115,252,560,825,917,690,252,259,646,814,782,611,449,330,313,305,199,76,506,966,1251,44,6,58,11,44,26,6,99,82,46,16,19,61,48,3,10,85,42,207,36,77,34,67,93,4,17,118,36,100,115,184,30,59,9,100,30,70,148,80,73,149,118,18,98,42,169,44,98,85,11,14,172,35,43,65,64,30,22,35,179,16,4,115,2,38,54,15,186,104
13,0,1,5,2,0,390,264,41,222,474,635,689,616,439,195,90,371,623,805,902,909,844,726,572,390,182,46,296,541,750,882,4,771,509,149,246,608,835,848,627,228,241,668,962,1030,941,678,334,2,307,541,688,751,762,745,722,688,615,0,3,7,1,2,2,1,3,3,1,1,2,0,7,0,1,1,4,0,2,9,1,1,1,0,5,1,1,2,1,1,3,0,1,0,2,2,1,0,1,3,3,4,3,4,1,2,2,0,1,0,3,0,0,2,2,0,0,1,0,2,1,0,3,1,0,1,0,0,0,0,0,2,2,0,0,1,0,0,1,1,1,2,2,4,0,1,0,0,1,5,1,2,0,1,0,1,0,3,5,5,2,4,1,0,1,1,1,1,1,3,3,2,0,2,1,1,0,1,2,0,1,1,1,0,0,0,0,2,0,1,0,1,1,3,1,0,2,0,0,0,2,0,1,2,0,1,0,0,0,0,0,0,7,6,3,1,4,0,4,6,2,2,1,2,0,1,3,0,0,3,3,3,1,0,2,1,0,4,0,1,0,0,7,1,4,3,7,0,3,3,0,5,1,0,2,2
9,22,1371,1420,1374,1231,1010,721,393,48,317,1553,955,1174,1322,1379,1353,1244,1022,758,397,44,317,656,953,1180,1304,1374,1317,1210,983,696,357,8,369,702,1008,1221,1346,1299,1306,1129,881,565,209,169,525,869,1130,1292,1362,1313,1172,939,643,292,40,417,746,1010,1188,1266,1242,1147,913,637,298,42,377,674,917,1087,1159,1125,1047,555,549,245,85,402,684,906,1062,1121,1046,912,666,369,36,308,644,890,1068,1093,1038,857,568,207,186,547,861,1056,1108,1033,763,412,4,397,723,931,988,876,595,256,167,542,788,849,700,379,25,409,612,2,2,0,3,4,1,2,0,6,9,0,82,225,304,294,201,60,120,232,334,359,330,248,118,32,186,299,396,429,414,49,239,102,53,208,366,448,521,519,463,367,228,58,128,317,482,612,677,687,639,519,349,138,111,339,552,733,867,1428,890,781,588,336,54,279,584,855,1050,1173,1196,1101,905,625,289,114,511,872,1170,1376,1473,1445,1292,1012,623,213,245,682,1073,1384,1583,1646,1560,1364,1065,25,186,285,734,1115,1411,1594,1658,1604,1383,1111,743,314,143,587,970,1301,1498,1605,1587,1456,1222,897,511,108,309,734,1064,1743,1458,1501,1454,1312,1076,777,399,7,360,15
13,5,331,476,590,667,699,685,629,529,399,73,74,101,270,420,543,630,679,676,631,551,431,281,109,69,246,397,527,623,677,684,645,559,436,277,114,77,248,67,537,630,682,682,632,529,392,241,64,127,302,451,565,637,645,639,569,452,301,132,45,215,367,489,577,611,607,540,439,305,150,17,181,318,446,642,558,550,504,411,286,133,32,192,335,448,524,552,529,455,329,185,0,170,341,465,539,555,506,409,230,43,152,183,466,526,507,418,271,84,118,288,415,462,425,303,120,86,260,363,366,249,55,2,3,0,5,1,0,1,2,2,1,0,20,97,147,156,123,58,12,89,145,181,180,151,98,32,42,108,166,198,214,9,165,108,36,40,123,181,237,266,263,242,195,124,38,48,146,228,301,337,353,333,283,205,98,10,132,247,350,670,470,474,433,357,237,103,51,219,368,492,578,615,606,553,432,266,90,112,310,486,630,721,759,732,629,491,303,86,138,355,548,704,784,825,794,297,543,351,133,95,315,511,667,777,819,810,741,614,445,244,25,196,406,556,689,766,791,761,678,549,391,184,12,112,385,536,653,724,744,706,632,512,379,7
30,70,19,144,40,178,843,842,782,736,527,432,372,363,425,433,439,508,615,755,806,886,861,1020,1221,1419,1588,1707,1646,1489,1268,943,262,64,461,889,1268,1531,1631,1592,1514,1243,1098,958,994,987,1095,1276,1447,1619,1695,1683,1637,1515,1357,1112,863,624,462,57,20,88,64,244,134,234,81,36,141,99,35,157,56,47,183,199,108,37,355,28,70,155,25,193,192,4,101,7,111,165,108,223,297,71,414,15,39,2,7,19,227,9,178,133,66,147,203,53,1,133,285,92,42,66,118,7,9,49,1,35,56,64,75,95,143,2,8,11,39,9,23,95,8,168,22,33,66,163,164,140,37,193,174,42,148,119,39,29,66,47,67,92,144,18,91,122,133,26,21,108,61,1,151,78,28,42,5,56,143,14,89,85,116,21,129,42,323,266,307,157,168,151,90,35,61,25,136,110,88,53,160,0,13,53,296,5,71,73,29,140,112,288,335,137,181,248,318,188,5,52,106,187,56,140,189,182,122,164,63,375,239,77,23,102,330,40,8,171,495,44,233,103,18,150,184,126,57,29,129,91,90,265,98,11,352,165,158,179,335,258,157,348,21,54,174,172
79,609,52,398,126,413,151,240,565,152,780,514,771,610,498,1097,63,1045,284,926,731,619,1006,246,810,35,423,27,344,200,69,379,207,501,338,342,421,37,430,393,148,638,492,614,815,416,1262,14,1350,279,1263,705,1004,666,734,672,502,427,461,70,463,579,441,1253,541,565,284,857,29,701,103,271,417,8,303,639,595,267,171,899,647,501,345,155,1065,199,76,335,176,45,348,76,417,602,277,457,677,181,1095,1,613,419,773,73,174,671,153,511,103,135,340,241,261,309,145,81,327,77,259,56,419,391,223,225,207,18,2,37,22,171,95,75,81,44,55,61,160,149,293,127,175,28,307,125,70,693,487,99,37,340,677,424,739,361,497,211,577,210,475,77,54,305,449,133,39,475,263,289,265,22,191,431,247,197,496,457,63,745,194,939,303,847,268,226,493,265,361,76,196,575,193,683,565,147,195,1169,196,483,399,29,203,193,1023,371,621,931,567,929,413,167,92,24,278,259,623,203,193,215,150,737,155,456,171,166,251,57,165,494,897,14,38,673,163,217,625,617,404,551,58,216,641,217,779,344,1281,529,317,651,200,423,675,116,249,236,419,49
5,11,59,7,8,8,706,1001,1031,798,335,217,777,1218,1492,1582,1474,1235,889,479,104,182,306,254,68,177,385,498,473,333,99,145,0,451,466,339,72,290,684,1029,1258,1343,1270,1082,844,592,387,206,69,30,101,181,268,351,430,476,472,399,274,13,17,10,37,28,7,7,7,63,2,17,27,46,23,43,8,26,0,8,31,10,2,11,1,0,25,7,16,4,2,24,8,18,11,9,18,30,31,8,19,8,1,4,8,2,7,25,7,5,8,12,0,13,13,2,10,14,13,14,13,19,5,15,5,14,11,12,11,3,0,7,6,7,7,9,5,6,0,15,5,8,11,1,8,9,3,5,18,28,24,17,12,3,26,12,22,0,6,31,12,16,37,39,6,6,38,3,2,7,3,17,5,10,29,3,20,5,19,25,24,12,10,14,21,3,0,9,0,16,28,9,3,7,4,16,7,3,17,29,11,17,5,1,7,1,8,14,60,3,21,20,18,26,4,3,4,21,7,23,33,22,10,5,40,45,16,26,26,4,11,6,15,19,26,28,37,5,7,9,2,53,11,20,0,41,11,16,14,14,41,11,9,3,2,5,23,29
11,62,125,71,142,94,66,124,152,39,288,38,72,177,24,56,116,31,55,118,26,22,162,137,57,198,59,107,204,206,165,110,74,44,149,156,45,4,141,299,111,301,58,35,81,70,656,185,262,16,83,252,143,412,161,150,188,19,111,112,214,111,136,170,100,37,58,49,156,25,10,27,23,21,282,257,207,270,55,33,171,161,70,89,17,47,139,246,29,50,62,129,5,127,181,4,147,51,169,71,153,147,108,77,199,65,215,18,47,117,141,65,79,12,97,16,51,23,113,6,107,132,51,33,13,99,29,33,9,60,10,177,44,2,6,39,64,26,131,46,151,107,220,132,105,146,292,77,6,119,177,29,233,238,187,66,129,283,33,209,11,198,181,40,96,5,189,104,93,63,209,74,194,207,27,195,232,79,19,20,61,382,6,93,189,325,70,68,195,156,19,135,10,93,348,3,261,166,668,476,386,285,178,63,5,17,13,45,125,205,337,381,423,391,421,341,307,256,166,14,42,104,164,197,53,149,69,83,114,141,4,43,139,255,357,350,211,66,50,266,378,410,342,174,49,365,625,883,1052,1021,956,136,416,308,93,11
28,11,368,52,425,614,572,289,154,627,976,666,948,551,25,496,878,1036,950,691,354,49,127,144,27,150,298,344,266,82,131,287,335,238,30,222,437,550,516,244,56,249,519,699,763,713,586,418,247,94,31,131,216,284,325,339,296,200,84,51,141,158,94,44,224,383,492,507,431,298,133,22,135,191,206,689,198,222,293,376,447,458,384,210,42,299,485,544,443,205,86,332,441,383,177,100,348,479,457,297,74,142,264,440,209,96,4,27,7,73,131,134,70,40,158,234,228,161,32,91,181,193,128,32,37,10,27,1,2,2,4,19,16,25,27,4,12,7,53,192,387,572,653,555,278,122,522,797,857,684,376,56,149,1142,15,219,409,446,293,15,360,635,718,603,350,58,150,185,42,232,536,757,818,676,375,11,383,653,757,691,504,434,66,22,37,206,439,638,723,647,422,98,237,483,601,557,381,140,83,214,194,22,285,633,962,1159,1170,968,602,140,316,672,852,838,675,442,230,932,130,275,478,662,751,694,487,168,177,446,563,483,228,125,446,622,564,259,235,794,1252,1493,1434,1104,587,35,404,312,612,378,48,251,405,356,118,241,593,9
67,127,849,640,218,199,529,708,734,662,438,276,237,305,542,733,999,1093,1023,676,319,55,409,551,566,483,305,207,206,307,565,884,974,1074,996,802,424,38,205,342,378,288,248,122,159,296,454,697,843,901,838,659,382,104,110,238,321,273,230,185,219,327,476,636,744,764,710,523,304,62,146,290,359,342,314,273,275,326,421,516,599,600,543,391,197,34,222,386,466,484,454,398,342,291,258,230,206,159,97,3,145,280,428,521,571,524,441,283,93,106,285,420,497,508,435,313,148,38,206,332,388,369,255,5,0,0,3,0,2,2,0,3,3,5,39,22,9,35,48,42,22,2,17,25,13,3,15,28,15,19,70,139,209,253,261,218,128,16,160,303,390,429,393,309,177,50,63,114,119,67,29,0,0,77,214,370,496,566,585,485,319,99,114,277,352,380,316,266,248,271,375,514,616,675,663,505,269,28,317,532,647,666,573,467,399,371,437,529,634,673,616,413,163,172,499,653,758,784,637,638,475,438,513,676,834,886,813,509,148,310,680,965,1066,957,861,598,401,398,487,620,805,903,814,559,162,291,656,913,979,813,617,447,321,316,485,4
25,1,3,167,25,20,46,125,139,241,97,55,75,214,75,37,127,15,72,49,119,236,97,79,206,166,5,242,40,8,277,163,10,26,344,45,125,13,7,162,288,18,175,0,87,115,7,115,46,7,38,28,76,111,45,24,102,72,139,90,62,61,57,12,90,114,122,60,113,77,186,362,104,121,3,17,102,199,71,44,110,76,1,9,122,155,64,105,2,60,154,89,4,309,213,130,130,225,38,364,96,84,115,16,17,193,105,30,67,230,188,0,39,42,92,66,14,0,70,63,90,118,93,110,6,105,9,10,9,4,31,151,68,54,17,53,13,18,36,4,37,107,78,52,116,99,18,33,19,65,18,74,43,33,126,51,64,207,125,95,54,1,4,45,21,78,164,94,140,43,14,102,95,34,49,103,16,139,4,57,87,75,41,0,69,98,31,180,99,63,62,65,6,83,44,134,52,252,97,179,462,660,592,283,79,449,783,879,853,533,79,422,907,1196,1189,883,409,126,492,594,581,310,36,262,57,259,21,306,659,882,907,660,173,386,901,1221,1237,991,530,58,356,618,791,748,575,288,36,327,533,638,544,4,80,186,95,101
0,0,197,125,437,725,977,1163,1291,1379,1364,1314,1158,963,717,427,111,220,509,799,1031,1192,1314,1359,1344,1247,1077,868,566,268,43,356,660,921,1143,1278,1382,1361,1318,666,943,673,361,24,313,626,892,1120,1265,1343,1344,1262,1102,869,590,268,45,370,668,916,1106,1218,1258,1225,1112,918,680,398,93,221,513,761,970,1088,1135,1322,1048,876,658,395,106,192,467,723,913,1056,1111,1079,965,762,479,201,134,462,740,949,1084,1111,1034,849,552,187,154,723,805,994,1054,976,771,486,108,235,572,806,907,847,625,273,104,468,693,690,484,11,0,6,7,1,3,4,10,6,2,0,91,64,208,314,337,281,179,54,104,233,328,377,377,329,236,112,7,141,271,433,436,464,451,390,297,153,2,152,287,411,511,575,602,571,502,387,233,41,148,336,508,656,764,816,826,766,636,67,236,17,280,531,778,947,1064,1124,1103,995,816,566,268,77,428,722,1001,1245,1398,1450,1408,1258,1023,694,303,78,484,854,1177,1425,1580,1632,1576,1400,1155,1595,454,45,366,760,1106,1378,1545,1663,1631,1514,1320,1046,717,341,45,446,799,1085,1346,1507,1576,1557,1456,1284,1023,723,389,436,345,677,963,1190,1352,1436,1450,1397,1280,11
85,130,15,198,39,160,375,447,169,782,391,501,766,31,378,528,12,152,130,73,155,11,164,250,79,348,462,33,339,169,11,87,331,104,11,100,359,42,306,348,86,399,271,22,132,294,103,73,47,379,24,339,295,115,408,634,125,317,320,633,30,36,601,869,545,391,481,713,622,47,239,313,424,254,373,702,552,517,56,7,116,800,261,296,468,153,275,677,478,296,685,269,684,654,20,103,39,458,689,366,276,189,257,341,149,349,628,365,272,490,111,860,199,125,545,103,5,44,65,106,156,37,238,116,171,306,157,18,216,71,70,385,290,162,58,361,125,363,95,78,74,78,827,543,451,59,194,148,94,50,252,691,299,318,209,172,25,345,43,138,144,552,25,61,53,327,92,237,466,260,407,390,644,158,479,198,999,486,292,372,126,110,869,196,815,511,310,94,425,124,334,102,455,149,446,133,679,456,648,312,123,223,461,843,574,1150,476,177,277,582,202,520,479,429,475,975,134,823,958,479,247,595,205,539,451,1333,126,215,78,71,802,115,347,392,123,726,789,43,86,285,401,423,567,330,436,764,362,143,742,382,276,399,414,503,71,95
17,6,527,739,812,753,599,409,236,126,103,153,244,331,356,281,94,186,506,802,1012,1078,987,743,394,8,340,593,718,713,609,454,303,195,160,188,252,312,325,260,107,126,405,672,877,974,935,759,476,133,207,486,671,740,703,589,438,289,174,100,67,57,46,5,75,196,348,501,622,675,640,514,308,50,219,456,629,711,704,609,452,258,63,108,244,326,365,369,348,315,276,232,184,126,52,40,144,252,349,415,431,390,291,148,20,192,334,427,456,407,290,132,42,203,313,351,307,190,28,123,220,229,155,0,0,1,4,3,9,3,4,3,0,5,90,24,28,53,52,34,14,1,8,2,20,42,59,66,59,34,9,13,29,29,14,13,43,72,86,71,29,43,135,229,300,326,294,205,64,110,293,449,554,575,508,358,151,79,294,457,552,566,504,385,241,103,7,76,111,122,128,156,217,314,433,548,620,611,498,280,24,366,689,931,1053,1024,860,580,240,103,391,585,671,656,568,448,349,293,292,325,360,355,277,102,160,476,790,1034,1158,1119,916,578,162,255,601,822,901,840,681,478,286,155,105,129,192,243,235,130,71,347,647,904,1059,1066,907,12
76,17,326,206,165,222,383,587,773,866,819,600,242,194,633,969,1146,1132,957,675,370,109,56,101,55,43,125,136,37,173,465,770,1013,1118,1063,837,488,84,307,618,805,842,763,599,415,272,202,209,267,337,351,286,123,127,418,698,920,1025,986,810,532,200,115,362,525,589,571,505,417,337,294,288,302,313,289,210,62,131,355,566,725,798,773,641,429,166,100,345,526,629,655,608,504,356,197,39,95,199,271,327,357,365,351,306,229,123,4,127,239,314,349,335,266,157,15,137,254,304,268,155,16,183,305,2,4,5,5,0,6,0,8,5,2,0,77,151,199,208,157,62,55,181,289,355,368,326,234,103,37,178,298,371,387,349,253,123,7,120,203,234,222,174,111,45,14,22,63,136,204,244,230,164,32,146,342,521,651,681,612,435,187,94,351,541,650,652,573,441,294,166,89,69,76,88,66,30,198,418,662,871,988,970,815,516,127,285,664,942,1068,1035,873,631,372,167,42,3,25,63,43,61,252,523,815,1051,1192,1175,974,602,142,337,740,987,1072,996,800,553,333,189,150,210,299,359,331,178,93,437,802,1096,1264,1238,1031,670,253,128,409,2
53,14,111,107,309,502,633,731,803,819,744,562,528,373,178,43,239,436,584,693,750,777,757,669,550,391,204,5,215,397,584,705,776,807,772,717,544,382,141,342,187,341,490,581,663,695,625,566,410,266,83,78,251,395,523,599,639,619,541,442,296,137,26,179,328,455,533,568,568,514,430,307,152,3,153,492,401,486,524,531,478,386,275,121,39,170,295,393,451,469,442,378,263,130,46,191,325,419,474,464,403,284,142,107,203,344,430,447,402,288,136,36,193,317,374,368,281,126,46,210,304,295,188,1,0,1,0,1,0,1,1,2,3,0,64,4,72,123,140,129,75,21,48,107,145,168,162,127,75,18,38,110,147,11,189,181,147,98,31,33,101,157,208,238,244,228,190,135,54,38,120,208,287,343,361,359,304,231,135,21,98,376,332,426,474,486,464,387,273,136,23,185,338,470,564,610,620,562,458,317,137,60,244,432,588,693,749,697,650,518,351,163,43,261,466,605,722,443,813,841,713,499,234,41,257,507,708,857,943,954,892,760,603,395,107,118,387,618,768,884,920,916,825,713,546,722,91,138,374,548,697,814,855,820,818,7
9,3,0,3,1,8,0,8,5,3,14,1,16,19,2,1,10,2,10,32,16,0,17,1,7,33,1,6,0,15,3,12,35,2,3,33,3,6,13,18,11,29,13,33,34,32,15,20,15,1,16,5,7,23,15,9,13,32,15,8,10,4,36,0,5,4,8,1,22,12,23,27,30,3,35,21,18,12,25,13,0,8,6,13,4,3,10,26,7,43,35,33,4,5,23,8,23,3,30,16,11,19,3,4,5,6,3,2,5,18,19,13,1,6,7,6,4,11,11,12,21,8,15,5,11,2,4,5,1,0,2,1,10,1,0,1,22,1,5,0,3,6,11,18,10,7,0,12,0,7,8,25,8,18,12,10,12,22,7,7,13,15,7,4,13,27,14,5,14,7,16,21,5,2,6,18,15,10,4,6,10,16,29,25,9,5,17,3,17,1,8,5,5,3,32,36,13,4,84,301,228,168,601,699,355,204,608,594,201,247,403,110,379,588,214,543,1095,987,200,722,1156,873,158,471,15,295,171,346,68,441,734,526,115,752,962,634,49,392,468,251,11,17,181,411,419,48,559,1024,990,407,424,8,6,21,0,8
272,51,0,389,299,203,458,88,825,343,661,814,164,300,429,83,376,160,434,554,220,683,337,168,38,12,227,446,273,1346,80,144,1098,119,244,432,670,761,145,222,788,543,583,488,194,400,898,126,913,497,1049,665,220,96,556,373,43,63,514,185,997,118,411,79,597,104,202,366,90,771,647,527,223,115,172,127,61,34,225,305,187,155,319,336,78,97,100,95,147,306,373,126,391,940,871,187,605,1334,818,215,908,838,390,149,317,185,53,180,289,144,314,500,435,121,444,345,84,121,134,99,249,196,110,139,1,42,372,44,112,123,73,303,7,127,279,103,30,18,43,171,222,375,442,120,94,341,8,137,44,512,144,77,210,101,723,90,203,49,675,161,285,175,649,520,494,225,26,362,402,290,675,136,352,133,510,39,646,209,47,348,125,143,656,795,77,261,497,307,126,26,432,999,432,208,32,286,9,596,309,569,989,410,515,1318,57,577,168,33,496,157,507,353,169,500,709,564,490,473,685,23,11,68,473,970,14,134,112,213,168,703,519,967,680,112,524,309,144,834,403,514,874,1011,446,390,327,293,153,504,161,129,149,261,174,664,30,94
18,16,34,142,111,67,74,82,37,89,19,196,53,36,60,108,113,85,78,127,49,107,51,136,9,78,83,44,46,30,17,10,28,105,67,30,109,101,23,92,44,6,103,25,101,66,61,44,68,141,7,80,6,58,21,85,55,124,45,27,39,148,49,11,48,52,169,219,40,99,207,51,144,23,5,35,17,112,175,94,31,31,11,118,32,27,2,89,23,97,16,17,35,27,37,33,80,168,103,87,54,102,68,24,145,92,2,42,123,61,75,66,84,59,37,42,67,37,7,25,167,1,69,33,62,28,37,2,9,12,7,13,19,36,334,315,274,230,164,121,75,54,50,79,130,201,306,427,567,700,823,910,938,893,786,628,415,188,39,231,99,410,403,324,174,1,232,447,630,764,822,785,728,611,490,352,286,218,225,293,400,562,755,908,1065,1178,1223,25,17,119,0,63,47,113,132,47,99,47,141,49,4,32,102,50,113,33,71,12,155,11,44,9,64,141,66,11,54,14,259,64,75,5,182,25,75,79,60,29,10,8,61,87,163,82,30,16,210,237,22,88,33,130,5,35,35,137,110,47,30,20,65,75,22,134,118,33
36,11,7,3,3,3,138,275,712,1027,1153,1065,767,331,192,721,1200,1572,1796,1836,1703,1437,1085,693,291,104,490,874,1227,1525,1716,1750,7,1229,679,8,692,1296,1650,1637,1231,529,321,1141,1754,2037,1973,1622,1078,474,113,630,1029,1299,1451,1523,1567,1585,1555,11,11,1,7,1,1,2,4,6,8,6,1,5,6,9,0,3,2,6,9,9,15,3,3,5,11,3,6,4,5,9,3,5,1,0,1,4,5,4,1,5,3,3,5,3,4,1,15,3,2,1,1,1,0,5,3,4,1,3,4,1,3,0,2,0,1,0,5,3,0,3,1,2,7,0,1,1,2,1,2,3,5,3,1,3,7,3,5,7,2,1,5,0,1,0,2,8,4,8,4,6,0,0,2,0,0,1,0,4,1,3,3,0,5,3,5,6,3,0,7,7,2,1,2,0,1,3,4,4,7,5,7,1,2,2,10,3,2,0,7,5,1,5,5,4,3,4,0,0,2,2,3,2,0,11,1,7,1,0,1,0,0,11,9,2,1,3,1,5,5,2,2,7,3,1,6,0,6,5,5,7,1,1,1,3,10,11,1,0,7,0,2,4,5,3,10,3
95,314,182,1087,1464,935,444,623,857,1472,887,28,668,984,592,882,840,635,859,980,803,275,154,703,36,179,305,534,615,405,536,329,1056,176,820,22,705,61,1756,266,432,208,298,382,809,527,519,180,1562,1216,25,662,233,351,511,126,1478,298,896,803,67,75,0,146,202,314,64,260,149,277,1057,1760,1573,1106,374,180,420,450,380,413,378,71,273,172,55,267,6,457,654,155,570,924,909,711,325,61,205,1165,1197,867,485,155,484,1043,1359,1414,1275,574,352,840,1335,1213,1009,294,198,885,1351,1374,1096,245,599,1269,1477,179,112,129,373,53,177,177,311,22,56,36,227,255,472,129,81,590,8,98,264,581,47,480,81,840,727,604,511,438,562,1125,250,98,196,539,1275,834,289,382,278,961,284,160,317,651,216,53,441,494,207,36,1323,22,202,1003,756,780,730,1143,567,67,157,275,309,364,216,1166,508,163,396,216,278,250,281,376,497,199,410,734,536,542,606,326,792,123,286,283,258,292,469,1194,722,1075,645,607,205,8,190,13,601,519,1455,680,674,1348,475,495,862,657,216,275,775,1320,24,499,586,278,1205,1809,354,230,64,550,604,272,317,146,140,525,849,696,519,66
20,27,363,520,603,696,643,420,140,267,650,929,1113,1110,996,677,412,148,19,31,9,151,183,138,24,239,544,910,1065,1121,1133,905,509,137,183,433,534,503,339,282,236,244,352,453,580,747,697,579,342,44,260,543,721,801,750,625,506,336,216,154,120,134,118,74,36,176,379,569,701,781,745,620,428,195,53,257,393,457,461,445,394,341,312,307,290,250,214,141,18,140,303,457,562,622,606,497,328,119,98,312,465,579,595,550,419,261,74,110,272,375,448,431,375,258,111,50,220,329,384,371,257,97,79,5,2,0,1,1,3,1,6,2,3,3,105,22,55,126,161,178,167,134,93,32,35,109,168,206,220,212,170,96,10,128,253,331,371,368,302,193,37,118,262,355,411,391,320,218,105,3,64,92,80,63,31,54,97,183,311,435,508,538,478,316,106,160,401,586,697,700,631,474,324,185,90,36,24,6,10,91,255,451,652,827,911,878,739,461,134,215,509,616,647,720,600,449,361,329,361,495,612,567,434,179,141,542,964,1241,1368,1294,1041,698,340,14,251,318,333,307,207,223,292,510,785,1001,1163,1139,966,617,189,247,591,833,865,750,643,35
64,4,288,17,316,598,856,1052,1217,1336,1332,1151,1210,1053,849,598,316,5,276,578,860,1055,1213,1295,1326,1278,1166,998,785,536,244,56,364,649,908,1108,1259,1324,1328,1118,1127,928,676,384,75,224,565,845,1036,1210,1305,1321,1260,1122,923,667,393,60,245,535,788,989,1136,1228,1224,1133,968,768,517,234,57,339,579,805,993,882,1119,1071,960,786,565,301,21,274,541,772,941,1043,1077,1023,882,684,417,106,213,522,790,978,1082,1074,929,721,425,255,292,611,851,987,996,885,640,298,69,417,682,834,831,664,364,0,352,598,642,1,4,2,7,4,6,5,5,7,3,0,61,189,280,312,260,159,26,113,243,326,363,351,289,192,95,58,191,295,378,848,428,396,333,237,131,31,176,335,436,514,559,562,523,444,318,175,0,173,346,506,642,736,794,741,679,576,414,123,25,274,513,726,902,1004,1083,1042,970,803,579,303,4,304,666,913,1143,1304,1384,1366,1257,1052,771,420,56,312,681,1008,1279,1477,1578,1562,1486,1255,1007,1262,269,119,499,852,1164,1414,1564,1600,1552,1430,1219,941,618,258,96,490,821,1110,1331,1477,1540,1515,1411,1261,972,684,385,381,301,616,896,1126,1298,1421,1426,1385,1253,2
42,74,243,28,32,58,912,1011,302,743,1196,677,35,458,541,450,318,205,173,684,846,474,22,618,1157,970,64,864,1074,501,356,626,73,516,405,474,1202,823,568,1728,1510,100,1153,1289,728,163,63,422,1009,1185,403,1030,1816,1229,378,1531,1300,214,619,66,326,63,216,228,51,127,439,130,181,1,202,158,0,39,94,47,158,144,91,226,157,85,126,125,113,196,144,137,271,147,9,219,15,40,36,16,96,266,151,236,22,230,91,11,85,116,61,98,151,109,238,74,28,271,37,42,71,28,81,132,5,30,15,11,25,1,56,33,36,7,21,54,47,98,108,11,116,63,7,64,4,42,81,19,160,106,18,199,165,39,255,108,144,212,198,33,283,186,202,171,2,120,356,87,29,47,161,283,57,168,175,143,50,74,81,56,19,206,28,244,179,89,14,104,124,126,50,37,19,157,129,193,127,88,35,175,120,303,85,241,9,276,213,16,61,171,222,137,116,84,209,434,158,182,82,154,35,521,117,112,11,220,188,148,110,302,44,80,376,99,110,292,217,170,323,23,19,122,186,175,293,198,2,186,183,141,44,196,92,28,133,45,19,188,185,130
128,58,601,493,367,236,95,39,179,303,409,66,567,605,624,616,596,551,481,402,314,213,120,18,74,152,214,269,300,309,296,272,232,178,126,66,14,27,67,167,97,95,75,40,2,53,112,179,236,291,336,368,392,394,378,347,297,232,151,62,29,123,209,289,359,411,445,468,459,442,405,353,288,221,136,294,25,112,194,270,339,397,438,469,479,464,436,382,314,223,126,26,78,174,255,330,375,402,411,397,370,330,284,133,188,146,116,91,72,74,78,84,105,129,149,168,181,188,190,185,178,165,149,48,23,20,6,3,21,9,8,9,10,15,35,63,106,167,249,338,433,541,645,722,786,813,809,771,699,591,466,328,187,530,64,150,216,244,257,229,189,129,68,4,57,111,150,176,196,201,199,195,191,188,185,178,182,183,186,187,183,743,155,123,87,43,10,63,110,155,194,223,237,228,215,183,130,61,20,115,218,324,443,558,668,767,855,926,965,979,964,919,836,728,598,442,282,63,55,213,351,469,561,619,640,627,575,491,360,204,22,185,386,601,802,985,1144,1265,1347,1386,1377,1317,1218,1074,904,160,486,260,37,160,342,506,627,710,756,111
5,4,12,15,12,3,458,81,413,904,1292,1501,1485,1296,979,568,146,215,479,621,623,476,231,24,215,294,233,83,111,277,384,380,0,104,133,422,704,939,1050,1032,859,576,239,72,309,450,511,516,482,436,414,433,486,549,579,554,463,287,84,19,50,38,5,0,24,11,4,29,4,4,1,9,17,22,32,5,18,22,2,11,0,27,0,26,19,20,14,25,10,2,40,20,32,28,3,25,20,3,15,0,3,9,4,3,2,18,17,2,9,13,3,3,0,18,1,20,7,18,10,7,25,4,12,5,16,13,5,1,9,0,2,2,13,0,8,8,7,19,7,4,19,7,11,5,1,18,16,9,13,8,1,25,36,5,11,18,13,1,15,18,19,7,2,25,0,6,5,11,11,3,11,29,6,0,24,32,18,10,19,3,36,1,21,29,33,16,14,31,4,35,15,8,43,23,23,33,4,0,6,2,5,25,19,10,4,7,6,4,21,6,3,10,31,7,31,4,44,22,36,7,16,2,17,28,34,11,23,47,9,16,22,14,27,19,0,20,5,9,20,1,12,28,33,3,32,30,5,10,25,8,13,9,28,25,13,0
4,110,175,37,281,184,162,47,232,212,165,73,52,135,52,190,192,192,20,1,219,89,195,11,212,252,492,313,335,155,198,125,149,86,292,33,94,129,44,332,296,290,132,112,319,175,52,132,163,312,35,31,225,91,295,155,42,320,20,161,119,101,186,257,49,197,213,126,56,261,647,392,458,680,21,715,376,572,693,96,895,526,641,1039,130,1040,842,398,1032,211,633,408,378,415,260,536,105,680,261,638,667,311,809,52,737,251,779,490,680,836,346,1076,215,932,733,515,920,43,752,229,444,203,272,62,109,3,53,30,21,4,121,80,50,1,7,54,79,109,205,60,57,63,55,59,9,40,164,59,52,18,131,36,152,90,246,88,114,72,129,49,42,221,2,114,113,127,53,93,7,10,87,75,140,91,99,123,261,231,14,17,48,293,257,107,6,96,72,111,166,67,566,177,123,18,78,372,121,5,285,109,132,165,80,92,191,128,284,371,208,481,92,55,221,89,37,68,59,212,161,49,91,26,249,40,269,172,43,25,5,210,18,153,90,119,303,178,133,47,111,49,79,44,25,283,53,311,24,182,31,383,133,269,72,105,36,41
65,43,60,140,6,493,150,237,146,196,247,37,65,254,32,522,91,303,18,139,147,196,122,472,22,68,247,514,302,137,123,416,351,165,134,363,39,301,157,347,170,327,275,238,106,430,387,661,370,132,185,179,81,57,349,181,70,87,328,150,81,25,182,68,25,109,199,351,130,318,226,32,278,158,37,313,70,434,96,304,36,344,23,117,410,181,219,21,120,4,192,639,52,6,151,268,146,323,323,40,229,188,25,1,54,271,9,56,154,129,308,47,199,70,138,52,210,202,356,234,73,52,25,32,32,241,89,22,43,118,71,120,68,28,96,68,88,127,85,68,36,95,245,18,80,165,85,108,168,384,222,198,23,120,37,150,70,195,18,73,65,248,278,16,154,127,15,254,101,244,225,354,281,290,95,257,92,150,147,243,434,270,56,37,178,337,13,35,61,85,275,213,488,116,174,0,436,170,730,540,276,163,22,14,4,10,98,180,170,187,78,47,165,382,501,601,649,735,814,772,672,492,425,283,129,76,10,172,318,366,404,370,327,269,266,124,128,102,114,184,164,285,355,560,797,986,1120,1317,1483,1554,1465,560,164,120,11,60
66,57,74,266,4,136,59,230,15,143,5,32,163,32,126,202,91,141,117,222,196,379,2,57,23,146,28,140,98,23,119,61,302,91,250,245,157,53,399,160,5,195,314,476,224,16,177,44,102,273,40,49,122,96,65,43,5,99,163,40,79,113,146,129,133,268,161,75,122,119,40,33,65,155,60,46,209,132,42,25,276,36,1,189,53,92,192,95,115,155,28,1,118,88,180,275,240,50,1,255,216,397,63,2,210,130,139,171,217,103,29,104,57,0,51,23,164,25,141,29,50,37,81,30,4,74,33,40,36,54,89,119,15,45,47,22,116,46,18,5,42,222,5,42,106,43,143,98,119,181,167,127,141,220,133,30,92,33,4,192,129,42,14,125,198,71,44,154,2,21,74,408,8,70,88,144,130,70,108,102,54,106,49,195,67,11,455,112,127,30,23,316,6,215,146,87,103,230,526,788,428,438,1008,528,405,1098,916,102,1163,1451,551,985,1837,1285,263,1552,1469,240,842,986,317,422,503,55,46,189,495,799,463,464,1281,1202,100,1215,1736,971,592,1583,1348,267,959,1321,752,340,1113,990,83,759,997,436,552,304,108,167,60,64
184,114,652,297,96,417,616,634,452,114,347,137,1334,1613,1639,1393,967,452,13,281,380,326,165,15,73,87,33,85,211,291,303,260,126,91,361,594,691,642,431,114,343,729,991,1074,1059,941,796,672,582,523,443,334,193,27,141,300,378,377,286,117,110,327,477,515,424,221,71,364,603,752,789,769,669,537,420,531,313,309,321,331,276,126,109,388,634,796,806,652,365,16,291,476,493,351,78,227,480,616,594,460,242,24,153,559,232,172,94,43,32,56,95,135,118,49,61,171,250,264,202,87,50,166,235,20,3,1,16,29,5,4,28,19,0,10,164,153,123,129,213,385,626,859,973,869,551,85,435,877,1113,1082,850,505,210,1298,57,274,586,855,964,856,548,117,313,593,644,479,167,185,457,555,425,113,309,751,1142,1382,1425,1292,1024,682,341,1060,4,53,233,438,618,681,603,398,99,218,496,663,721,664,495,240,0,156,164,45,230,628,1059,1413,1640,1713,1642,1405,1025,622,257,35,246,302,220,660,82,163,150,69,136,412,655,804,849,780,550,221,105,294,287,82,335,882,1412,1769,1888,1767,1411,875,264,261,631,543,737,477,97,253,476,510,325,23,432,1
73,52,998,710,192,308,695,899,991,842,525,211,80,275,335,189,6,255,446,474,373,128,265,632,905,1122,1064,854,395,72,532,873,918,869,619,317,34,263,277,184,25,197,420,436,409,246,42,392,676,887,886,741,412,8,345,593,708,604,377,122,142,295,301,169,45,301,503,560,485,254,64,382,632,759,703,506,213,105,347,463,435,257,21,212,330,295,175,60,320,530,602,552,331,45,247,442,487,376,146,107,296,333,196,52,328,550,566,427,156,111,313,322,182,75,293,388,316,80,173,317,258,42,178,2,1,4,4,1,0,1,3,1,0,7,187,178,98,5,63,42,39,152,245,279,240,158,74,4,7,62,153,265,338,333,268,153,5,124,195,211,151,70,13,69,55,23,162,296,428,455,412,304,80,145,330,426,397,287,121,44,168,172,63,127,325,497,543,451,215,108,448,699,826,740,518,194,149,410,507,435,235,53,287,415,351,131,216,513,816,919,817,467,96,368,719,895,900,753,420,36,325,523,491,256,28,338,576,590,396,16,488,921,1199,1224,1071,633,58,499,907,1134,1037,840,450,58,255,416,363,186,188,381,523,546,320,15,456,30
3,5,3,21,9,32,27,10,42,7,11,2,11,7,17,18,14,4,3,2,18,9,12,9,5,29,16,28,9,0,0,9,23,20,21,22,16,6,29,15,16,18,23,12,14,24,1,6,42,7,5,4,2,11,18,6,12,8,5,16,12,6,16,0,9,13,4,13,2,14,3,4,17,16,7,23,10,18,20,0,2,4,31,11,13,4,9,0,19,0,23,0,8,14,16,10,10,9,0,14,1,10,15,3,7,2,16,6,4,11,22,16,12,15,0,22,9,0,20,14,26,20,6,3,7,2,4,2,9,1,3,4,8,3,4,8,6,2,9,2,18,11,0,12,4,5,0,5,13,7,20,1,11,11,5,17,12,7,5,18,29,18,14,13,24,24,5,20,7,10,0,4,13,14,0,16,26,4,6,2,17,3,26,8,11,9,11,4,21,7,0,7,7,2,1,38,1,14,172,94,180,500,708,674,396,4,391,602,562,299,72,356,384,86,428,916,1115,904,331,363,891,1074,876,435,3,329,343,93,299,632,713,487,15,503,865,942,758,412,76,120,124,26,230,367,324,67,360,812,1117,1134,827,18,0,7,8,7
19,102,324,99,547,432,192,150,429,472,293,33,229,1146,504,652,267,539,820,979,339,213,450,416,275,355,36,26,213,562,524,174,526,198,317,282,563,1,329,1288,531,702,486,146,1108,1056,411,193,352,102,125,666,199,153,47,142,907,17,49,78,54,490,412,215,390,119,1177,160,303,62,706,529,98,467,189,111,143,208,55,273,141,175,298,155,240,157,1,183,91,272,480,124,566,861,23,1001,404,483,1134,334,684,648,80,525,241,13,22,32,298,372,116,569,241,257,396,33,181,187,140,45,264,198,209,2,14,32,120,87,57,185,74,54,57,293,92,60,556,271,50,157,498,53,164,95,109,123,56,8,466,574,116,28,604,198,614,187,315,878,78,142,82,110,144,477,18,302,281,116,910,365,376,365,474,302,785,241,321,358,413,0,496,309,2,392,267,212,578,417,95,22,32,257,335,969,306,189,317,507,132,317,237,28,961,780,273,415,446,276,562,462,1175,504,376,858,854,486,239,819,362,174,53,373,69,45,44,690,506,489,656,796,529,1223,335,273,112,913,140,376,133,253,520,654,607,861,621,924,846,307,374,130,63,213,493,739,764,216
35,4,78,32,113,89,71,146,32,164,80,12,105,80,4,153,107,41,30,4,113,123,144,103,136,21,68,11,212,158,70,2,75,101,207,54,104,39,68,153,93,32,120,25,116,54,62,78,91,107,127,108,96,18,104,91,117,31,115,42,40,69,75,9,19,115,44,11,66,77,233,109,143,116,6,77,182,94,117,9,7,77,151,28,21,92,40,89,0,32,52,66,71,58,9,77,12,200,122,3,248,10,15,80,13,133,117,238,29,114,30,82,53,40,161,30,40,25,1,43,0,75,37,54,5,0,40,62,8,47,23,26,22,62,41,4,68,109,150,146,148,119,77,0,79,165,269,370,461,544,573,575,521,411,276,75,100,290,443,543,61,584,542,411,235,10,238,449,674,841,922,953,905,805,711,574,498,433,398,412,480,600,738,918,1077,1191,1280,2,16,78,2,120,82,31,34,16,118,58,36,64,0,11,23,108,163,1,193,42,113,3,29,87,49,45,184,5,49,45,204,112,43,138,27,108,122,23,20,64,120,112,4,130,169,117,84,75,12,23,47,94,35,137,113,35,11,122,74,113,47,51,21,108,14,116,44,106
22,4,1,0,0,1,58,265,429,495,435,258,6,273,544,759,882,895,798,598,332,57,211,440,619,755,843,894,892,826,685,463,6,136,451,706,831,774,523,139,302,696,937,958,761,409,1,388,710,905,974,926,789,603,414,244,96,49,212,0,0,4,0,0,6,1,6,1,2,2,0,0,6,1,2,0,5,2,2,0,1,2,1,4,1,1,2,1,0,0,4,0,0,2,0,0,0,3,10,0,3,2,1,1,2,3,3,1,2,4,2,0,0,2,2,4,0,2,2,1,0,0,2,1,1,0,0,1,1,0,1,1,2,1,3,0,1,0,1,1,1,0,4,1,0,0,1,0,0,0,2,1,2,2,0,1,3,2,2,0,2,1,2,3,4,0,0,6,2,1,0,1,1,2,2,0,0,1,0,2,0,3,2,4,0,4,1,1,1,0,2,0,2,0,3,2,0,0,3,0,6,1,1,0,1,2,1,0,0,0,0,0,1,2,3,2,1,4,3,4,5,4,4,4,2,3,2,2,1,0,3,2,0,0,2,0,0,1,0,4,2,3,2,0,1,1,3,1,10,2,2,1,1,1,0,0
53,23,58,475,700,646,335,101,490,697,620,40,126,511,693,593,260,164,542,698,570,220,220,573,696,544,168,255,597,693,511,117,324,631,684,460,47,383,646,676,402,28,447,683,632,311,115,507,680,580,233,206,558,674,504,129,294,596,640,415,21,372,604,579,323,83,444,606,508,196,193,494,586,412,69,653,525,539,319,38,377,547,483,190,184,452,538,371,32,327,538,497,208,180,466,541,344,25,383,547,428,93,291,432,457,146,239,484,453,160,208,444,414,117,235,434,337,13,294,378,155,168,319,3,1,1,1,2,1,4,0,6,2,1,93,30,143,150,36,114,185,132,1,139,196,135,7,150,211,162,23,136,220,43,67,97,221,240,142,36,195,284,220,59,136,275,292,183,32,233,339,290,107,138,334,389,261,17,263,431,413,377,93,375,502,408,114,236,517,557,365,0,384,610,576,278,143,540,691,548,155,319,672,737,487,2,481,760,719,358,162,617,812,659,222,318,725,320,578,83,446,786,798,475,46,541,824,749,374,155,618,825,687,276,261,667,809,617,178,328,696,773,545,109,374,1012,746,488,42,419,707,727,431,3,449,4
57,120,22,19,267,741,849,330,96,168,163,757,323,467,469,693,402,901,1,421,419,189,121,1019,316,228,457,359,527,327,4,269,60,727,18,447,370,545,651,271,190,849,188,108,364,562,95,161,36,217,547,729,350,161,527,789,553,136,254,759,264,621,458,208,511,431,423,1133,621,441,511,764,303,239,338,241,378,43,213,206,82,435,37,416,369,782,894,1001,1304,749,1792,217,1735,386,1495,1020,479,1222,175,1207,488,721,985,31,1301,564,1301,1095,1001,1319,791,1424,396,1561,142,1528,85,1371,234,1109,497,827,702,27,183,65,245,24,31,91,279,24,73,63,369,169,285,223,99,201,158,211,183,257,58,267,381,133,169,119,341,248,451,553,371,451,379,549,195,86,899,589,532,253,377,71,149,207,93,218,132,20,610,107,474,599,253,224,197,307,619,111,41,93,182,683,602,95,553,355,563,835,25,452,385,332,1035,535,199,215,910,787,865,302,602,445,204,643,207,297,101,991,226,539,78,1153,879,1251,565,171,40,116,822,306,533,22,147,0,97,745,212,452,585,421,237,177,450,371,116,993,373,70,427,160,474,267,201,659,94,719,465,619,120,253,575,285
134,6,441,310,166,0,156,323,482,627,746,241,900,942,938,905,841,751,640,517,374,243,111,0,98,173,225,243,240,211,158,90,6,96,205,311,415,507,591,780,700,710,710,677,623,556,478,392,299,214,147,89,49,27,20,32,54,80,114,151,182,213,241,265,281,294,303,316,320,328,326,324,312,299,282,505,241,227,214,214,226,246,277,312,349,383,407,417,411,389,350,289,219,141,61,17,90,149,197,227,243,242,232,357,177,143,111,84,58,38,23,20,17,28,39,62,89,110,135,158,174,181,172,6,10,12,34,3,7,17,18,12,5,12,156,117,73,36,12,0,18,53,110,177,258,335,398,440,461,448,402,320,210,603,65,212,356,486,586,650,676,662,605,515,387,241,78,87,250,401,535,643,722,775,801,794,766,716,639,547,438,265,200,70,50,176,286,387,461,521,555,557,545,506,440,353,249,129,2,138,282,416,556,679,784,867,932,965,975,955,905,831,731,608,477,332,185,196,103,236,357,451,526,568,575,559,500,411,290,146,16,190,372,541,701,835,950,1033,1080,1096,1075,1028,950,840,711,307,395,217,39,127,282,422,532,608,650,69
18,167,296,30,63,265,453,875,1157,1232,1029,628,260,89,281,439,530,656,785,858,811,555,304,269,471,529,365,159,252,556,739,621,37,214,493,626,321,171,824,1384,1607,1376,911,353,57,183,75,82,287,775,1307,1768,1805,1343,572,266,885,1203,1099,183,80,210,26,171,40,106,123,59,147,91,61,141,220,23,226,151,37,316,127,70,320,207,28,309,251,314,18,136,47,96,338,42,153,155,16,344,29,167,179,109,192,144,110,184,85,14,63,156,103,170,193,29,47,188,195,119,115,238,1,78,21,188,102,50,28,129,22,29,59,60,136,23,81,95,36,28,9,26,64,151,35,63,175,4,19,39,188,16,129,146,42,151,35,78,101,130,61,1,11,20,29,95,157,243,91,120,18,94,126,119,335,49,124,268,16,188,42,18,40,42,32,99,68,264,176,175,94,43,25,140,137,178,137,292,8,12,229,44,12,44,81,19,134,77,157,191,94,9,77,281,262,161,297,174,52,110,199,295,271,202,23,54,241,300,265,80,168,28,172,295,71,39,141,278,237,46,94,176,216,126,106,5,47,77,196,78,64,132,143,143,140,75,67,5,163,143
46,415,211,109,400,238,270,416,411,578,543,526,594,663,696,767,716,863,747,751,585,828,647,705,488,589,193,382,30,90,270,63,321,15,254,230,602,97,611,91,568,241,540,673,734,864,844,1037,1025,793,973,715,968,507,1062,146,732,415,428,250,331,351,191,490,217,785,1003,521,673,335,22,574,348,200,153,435,747,522,744,322,377,229,410,267,456,680,680,153,216,147,529,604,406,95,140,531,397,261,167,131,283,29,286,132,591,234,404,172,75,251,111,184,149,144,143,501,143,98,61,154,18,189,264,66,37,7,208,233,113,226,125,130,39,154,87,188,185,549,233,560,119,459,344,108,7,147,151,276,191,202,438,189,120,608,97,196,137,60,262,321,321,241,153,151,264,15,307,144,3,61,590,305,245,540,189,119,262,228,251,154,210,472,534,284,66,370,318,380,37,185,230,36,413,237,265,401,638,187,449,436,233,475,408,270,417,611,428,924,95,112,7,1392,656,268,498,583,418,417,372,514,302,571,435,757,1229,15,705,278,914,353,985,266,9,796,400,726,28,401,258,237,127,67,1115,416,537,244,345,235,182,315,311,174,115,200,135,15
17,3,60,87,228,362,483,585,651,696,703,815,632,553,453,331,198,50,103,229,375,494,592,650,689,690,670,612,526,427,288,142,10,158,300,435,523,622,676,656,683,634,556,448,324,187,17,137,291,421,531,609,656,672,655,585,519,400,270,123,26,173,306,431,519,571,607,600,563,494,398,283,144,18,119,531,366,450,516,549,553,518,466,359,242,110,27,165,297,406,506,535,536,510,438,322,179,21,145,308,411,511,539,694,430,314,157,12,181,317,430,466,448,359,226,53,125,278,364,383,301,149,34,2,1,0,1,1,0,2,2,2,3,6,138,90,17,59,132,175,186,168,120,52,21,90,151,192,218,203,198,156,96,181,37,104,166,217,252,263,268,237,191,130,60,20,101,178,253,298,340,352,350,320,271,197,103,12,104,210,301,526,448,489,499,477,417,345,232,107,33,176,315,440,546,621,672,662,639,545,429,282,115,66,255,416,570,685,766,799,792,738,640,499,338,150,42,469,411,562,687,777,830,836,795,715,589,444,272,87,97,276,445,576,686,768,803,797,755,675,567,425,288,109,61,12,373,502,610,688,738,756,718,669,587,2
6,10,3,16,19,11,557,914,1088,1018,744,314,181,644,1019,1256,1332,1260,1055,748,428,130,69,121,28,138,333,476,515,457,305,92,6,344,506,569,523,333,15,361,728,1030,1221,1275,1197,1037,868,705,579,512,485,480,468,423,313,163,24,196,298,10,4,11,18,6,15,10,32,7,10,14,26,27,3,39,16,5,22,32,28,14,20,10,15,5,3,7,3,3,25,11,11,7,26,17,19,30,12,41,5,16,9,21,23,17,9,3,15,7,1,13,8,3,7,25,27,3,4,15,5,13,0,3,3,1,13,2,1,0,6,9,4,5,5,2,4,9,1,21,5,24,24,20,0,7,23,36,6,1,7,0,5,5,12,26,10,5,52,38,8,15,0,31,2,0,0,10,7,10,24,6,15,9,22,10,37,29,1,41,4,9,10,3,17,14,7,33,5,2,5,2,11,9,4,14,12,12,0,49,28,15,18,13,57,2,17,0,21,23,7,1,26,21,21,1,14,22,26,6,4,3,10,41,34,16,18,25,16,1,4,8,15,4,12,16,48,19,12,31,32,17,11,21,21,12,19,20,12,32,8,8,56,7,34,7,13,2
24,19,719,1104,1257,1285,1073,652,195,309,692,914,1008,880,665,354,141,18,38,131,301,499,522,391,138,251,714,1115,1288,1295,1255,837,306,168,574,861,928,798,484,285,129,60,85,227,338,536,522,409,173,153,517,864,1064,1106,969,693,353,40,372,611,715,688,565,404,231,121,69,95,136,216,217,166,45,164,388,605,746,800,717,550,278,44,348,595,744,688,629,496,298,104,85,236,306,352,354,306,255,192,138,86,25,39,87,135,190,221,226,207,158,83,3,112,182,211,203,145,42,64,164,225,206,100,54,5,2,5,5,2,1,3,4,0,0,3,164,110,25,78,181,257,288,272,218,148,38,68,180,269,318,325,287,206,86,54,197,334,402,426,375,278,131,25,190,324,422,426,378,287,156,31,80,171,211,195,153,106,99,112,158,247,314,365,349,268,92,142,391,622,797,845,777,567,284,22,320,550,663,702,592,473,325,211,134,103,131,141,131,52,128,363,651,785,979,1036,825,526,175,258,631,1108,1224,1158,1012,686,337,112,32,133,2,23,84,31,143,431,760,1104,1218,1278,1056,670,153,389,840,1133,1258,1111,837,526,238,21,47,55,64,207,277,8
81,125,16,13,400,80,132,99,53,6,92,3,182,81,123,220,7,34,47,205,189,263,20,101,0,129,132,54,282,197,70,64,91,17,94,125,77,103,92,123,14,46,100,68,122,213,400,398,123,135,196,74,72,258,163,107,84,49,116,76,44,23,158,135,152,169,175,64,50,61,409,770,248,513,653,17,661,550,208,836,477,458,1028,533,603,1146,472,614,935,218,537,481,150,509,54,584,239,340,791,277,603,793,23,732,402,526,724,236,947,396,746,1024,19,964,788,306,982,386,495,555,71,370,27,94,75,53,34,41,7,26,94,43,97,84,35,93,37,30,109,123,161,104,209,41,82,0,54,30,201,46,97,66,130,87,222,30,50,294,9,221,41,43,257,179,8,154,33,202,99,13,117,192,104,95,171,73,84,234,6,25,112,60,95,131,4,2,50,213,20,40,88,25,90,49,114,41,132,242,20,200,59,8,53,19,21,93,362,108,501,89,85,99,104,119,175,299,109,328,161,265,15,9,148,57,11,10,134,111,120,138,40,220,130,82,282,19,198,88,53,176,176,58,390,12,152,61,144,221,394,228,150,6,169,96,27,60
82,42,74,117,161,240,227,292,206,23,39,165,102,185,85,282,182,149,70,237,110,303,210,49,63,150,113,259,160,106,22,14,162,57,227,214,195,154,417,30,158,171,224,36,219,137,50,119,0,329,3,157,140,71,12,161,148,276,47,74,167,63,104,112,164,130,146,33,65,153,252,222,219,177,297,74,219,421,43,61,11,95,26,16,23,213,167,132,130,58,63,102,40,146,140,20,163,123,23,61,118,7,178,91,150,196,164,11,241,134,12,30,99,74,102,46,96,8,18,94,105,73,77,9,141,56,54,177,28,77,16,4,57,0,75,216,7,125,15,56,42,151,30,15,15,4,36,2,70,163,50,64,101,53,193,119,68,39,289,15,1,116,87,189,0,178,45,57,243,154,108,293,103,99,223,221,158,79,132,200,115,174,153,167,303,206,12,54,461,0,177,112,134,96,169,57,50,113,733,828,918,915,889,691,430,214,3,261,603,941,1281,1503,1764,1863,1843,1667,1385,980,557,208,131,393,509,534,60,158,74,363,705,988,1255,1509,1617,1516,1433,1193,927,653,381,213,2,213,452,638,881,1062,1179,1316,1346,1184,1004,99,202,151,61,14
63,215,136,754,76,1703,1304,222,97,66,817,479,752,576,246,536,362,808,488,428,532,117,368,128,417,571,622,125,329,137,142,639,261,282,108,1,344,55,1021,436,779,34,232,472,754,355,92,90,78,244,574,92,70,230,55,476,514,202,170,35,101,271,72,213,273,638,411,50,536,626,57,701,205,254,46,215,244,288,507,75,765,125,352,358,240,570,54,150,156,571,280,407,84,396,1002,168,119,176,804,36,377,147,9,192,99,122,122,465,282,279,435,147,733,6,177,626,234,163,165,205,151,50,122,85,286,106,168,200,2,101,80,286,132,134,16,22,32,109,176,224,87,191,478,551,216,290,613,599,232,382,666,498,77,358,382,230,11,134,207,197,398,30,405,320,233,69,481,567,326,151,127,449,413,386,80,66,309,420,398,267,183,427,479,164,65,268,299,450,1066,52,297,22,1005,86,1240,655,509,385,11,723,1354,540,638,335,340,376,697,115,935,588,533,337,303,193,486,457,383,153,232,233,124,177,202,67,90,389,250,859,335,227,272,137,216,363,568,356,622,118,292,909,657,130,163,22,410,842,732,990,80,292,29,299,80,174,105,347
150,317,300,363,49,166,455,12,422,434,386,563,157,404,157,219,205,1,149,151,42,39,61,129,233,185,297,24,326,158,206,209,116,290,236,69,271,226,51,235,4,46,199,170,15,288,280,19,169,154,68,194,256,236,410,128,458,404,15,132,906,216,81,303,109,94,254,318,256,199,74,18,335,118,127,85,66,955,892,644,401,288,521,78,489,271,162,150,631,488,337,506,734,208,422,452,96,47,11,360,301,317,491,66,2,276,45,74,333,219,276,230,224,103,644,296,133,288,237,213,420,16,54,268,64,435,205,56,77,68,25,32,469,286,70,61,147,23,217,54,264,296,421,39,64,194,691,384,104,237,466,26,486,273,11,199,64,126,332,64,449,360,161,604,16,25,193,306,180,9,67,383,222,843,113,981,173,290,113,310,103,452,210,213,117,632,90,182,18,598,286,895,161,196,306,136,347,252,51,5,179,30,515,132,104,1648,106,740,713,292,141,288,320,36,181,264,713,897,84,68,153,15,122,511,13,112,174,55,808,311,518,452,220,241,225,97,151,422,126,163,805,711,964,373,697,147,763,484,386,282,172,231,604,353,468,678
19,0,0,27,0,7,29,12,59,9,14,7,46,21,4,24,5,34,34,1,19,6,32,9,9,42,12,16,19,1,15,33,6,3,3,3,1,3,27,5,2,39,1,6,9,17,10,23,4,40,7,24,1,3,11,43,7,27,1,9,36,15,23,28,40,0,15,11,19,39,16,19,20,19,4,10,24,40,34,8,11,39,7,8,2,15,13,27,19,6,4,51,5,41,24,49,11,14,42,0,24,28,14,0,32,29,8,10,7,17,5,13,14,11,7,2,1,8,5,7,7,27,5,1,3,4,3,5,5,5,2,1,5,10,5,15,2,10,1,18,11,17,5,16,3,18,25,17,13,10,35,22,0,7,31,22,21,12,25,0,4,29,13,13,12,9,20,28,40,30,27,1,14,12,19,12,6,5,17,4,14,31,9,7,31,15,19,44,23,56,1,21,4,11,11,40,0,12,281,453,517,483,334,122,129,368,562,699,747,690,514,220,161,606,1046,1399,1600,1662,1520,1249,876,464,77,235,14,539,511,363,112,216,584,922,1193,1348,1375,1284,1100,846,575,307,67,119,232,267,236,113,77,314,572,838,1066,40,61,31,43,8
67,691,428,500,109,163,402,105,23,1365,462,415,130,78,67,674,379,569,124,460,65,641,382,237,625,1060,119,187,899,547,614,43,216,781,272,244,262,293,239,892,291,536,567,104,682,390,137,701,668,130,151,15,265,309,410,389,81,490,320,234,571,637,663,914,123,494,834,285,518,324,437,440,249,225,81,79,6,47,132,276,220,114,368,136,346,103,162,201,32,15,412,432,510,746,330,1201,108,1110,462,912,647,591,618,187,324,96,60,83,322,147,503,43,610,79,327,136,229,48,19,186,230,108,351,161,199,431,2,68,4,109,164,154,119,186,163,243,84,365,387,81,540,435,18,272,193,680,309,347,143,512,468,379,29,285,91,230,108,85,500,181,112,181,273,135,15,872,511,6,248,223,168,63,1205,657,5,546,515,476,150,157,234,716,135,261,389,104,15,118,113,276,113,237,269,787,340,206,18,941,33,105,304,196,452,517,60,1359,337,50,687,104,324,442,639,220,40,745,73,751,337,452,351,425,665,316,614,64,119,161,773,459,396,718,0,265,109,262,189,477,1315,548,383,689,1057,1083,462,26,193,414,479,619,15,730,401,848,487,307
27,4,39,38,30,21,157,7,72,103,9,221,51,71,131,111,150,39,86,150,42,74,42,109,77,135,89,113,27,29,42,104,75,123,120,0,63,23,122,33,34,105,51,63,82,200,82,74,57,75,9,46,90,34,104,145,59,39,58,2,78,2,9,57,42,61,22,38,11,26,51,37,64,10,150,105,26,87,20,102,66,42,32,163,172,162,85,15,99,13,14,12,41,58,109,21,39,69,138,133,128,37,93,15,34,42,85,46,114,2,1,0,68,25,5,35,46,18,35,42,27,8,30,16,0,30,13,7,7,32,56,4,23,42,295,224,133,9,94,150,175,157,112,78,47,51,111,227,434,675,926,1123,1237,1180,1006,669,260,198,568,807,8,895,730,521,308,124,84,166,374,640,901,1077,1142,1070,913,705,520,360,286,289,346,491,574,626,579,436,169,4,121,175,18,135,39,7,90,36,73,20,39,113,55,5,29,51,61,23,89,16,3,6,200,24,132,54,74,75,148,9,4,2,29,34,23,80,54,121,149,104,24,60,30,54,44,10,33,86,0,153,100,55,63,99,146,73,36,14,92,62,59,128,9,54,31,100,49,52
4,3,3,2,0,3,695,738,597,264,177,672,1098,1396,1514,1437,1158,726,206,359,892,1348,1661,1862,1889,1856,1731,1527,1274,897,438,74,5,1098,1476,1641,1550,1138,487,319,1079,1601,1795,1580,1040,313,464,1129,1598,1848,1879,1725,1453,1090,737,428,145,113,399,7,2,2,2,2,13,0,7,3,1,5,3,7,7,0,1,2,0,2,3,1,5,1,1,0,5,1,0,1,0,1,5,0,3,1,2,4,0,2,0,0,9,2,0,7,0,0,2,0,0,7,1,1,0,0,2,4,2,3,1,0,0,3,0,0,2,2,1,0,3,0,0,4,5,0,2,0,2,4,1,3,5,1,1,1,4,3,0,1,2,2,4,5,7,4,2,0,1,7,3,2,0,0,0,4,0,0,0,3,7,0,3,0,3,1,0,1,7,1,6,0,1,0,3,0,7,7,2,1,4,3,2,0,3,3,3,0,3,2,0,2,1,1,2,2,1,0,1,5,2,1,3,4,1,7,11,0,0,1,7,7,2,5,4,3,1,4,1,1,1,2,3,3,2,3,7,4,1,3,1,4,0,1,15,17,11,0,3,11,2,6,2,0,0,6,9,2
38,6,467,571,642,680,690,673,594,507,384,634,86,73,226,367,493,598,657,686,672,632,558,451,325,182,27,136,309,427,541,618,667,675,651,589,497,373,217,506,106,262,408,528,616,672,681,653,586,475,341,192,32,130,292,415,527,602,634,626,580,497,387,253,113,42,189,328,441,524,571,578,557,488,380,577,124,18,163,293,402,484,527,526,496,430,341,213,70,85,234,375,473,533,535,495,409,281,126,40,216,354,471,601,510,437,314,153,28,197,342,427,447,413,294,129,56,229,346,378,306,166,24,4,0,0,1,3,1,2,0,0,0,1,56,126,161,157,107,37,49,116,165,187,183,153,102,38,32,107,168,205,227,465,197,153,90,19,64,126,182,245,271,278,267,231,173,101,7,73,171,245,306,351,374,371,332,283,189,92,29,69,261,362,444,496,510,497,447,356,238,97,59,217,368,501,603,665,680,646,567,441,285,105,98,279,443,595,706,772,785,743,651,517,346,148,59,135,442,596,714,787,812,789,713,604,446,265,72,123,312,482,622,724,794,789,760,681,565,420,253,70,114,286,438,414,657,717,741,720,662,560,436,304,145,13
4,19,773,1131,1244,1099,801,479,168,73,181,160,46,112,205,177,39,215,584,805,1038,1191,1080,700,263,271,731,1156,1261,1174,1041,698,269,80,321,431,387,272,104,51,25,108,284,459,638,800,723,544,247,147,535,890,1086,1104,972,693,365,10,338,557,661,664,541,391,241,130,71,67,96,127,149,86,0,166,367,546,663,715,641,467,213,80,384,645,792,741,702,522,298,39,204,416,550,592,567,465,309,141,38,200,328,404,414,388,292,169,34,102,227,321,365,337,267,136,27,195,325,404,404,316,152,54,216,4,0,5,1,0,5,1,5,3,2,3,173,109,22,82,165,221,243,215,174,108,33,50,128,181,225,223,207,148,71,32,134,231,303,332,301,239,119,28,190,332,444,472,438,342,183,10,200,401,539,576,536,399,244,60,111,218,289,323,298,242,192,176,194,230,279,278,247,163,20,249,494,704,873,881,779,543,195,188,549,832,994,996,909,592,328,28,201,305,290,315,353,213,229,286,394,630,795,779,634,358,12,476,944,1281,1458,1401,1151,729,238,265,734,1000,1018,1044,795,520,246,121,70,127,211,341,332,197,62,378,760,1100,1181,1209,1080,9
37,51,30,57,1,80,40,320,552,353,165,526,507,105,243,370,300,117,70,222,263,145,105,88,141,370,345,56,268,360,156,113,42,52,176,5,399,540,138,515,801,498,180,647,639,287,17,260,586,652,250,522,1027,677,291,963,742,47,585,45,56,96,92,55,15,97,80,76,118,21,56,67,98,3,4,57,40,77,72,72,11,28,104,97,0,127,45,65,64,63,80,54,62,106,158,9,44,59,2,28,80,119,114,105,64,51,52,27,150,29,37,114,83,57,14,95,6,57,36,46,2,63,16,18,33,34,28,20,63,14,50,73,22,22,31,24,32,18,18,38,35,39,21,94,0,1,41,59,27,14,178,51,21,33,21,103,62,19,141,119,11,12,153,35,43,15,30,15,66,47,2,45,2,179,90,65,2,48,111,76,25,113,109,43,11,35,66,61,21,25,35,27,158,16,2,34,48,75,164,49,2,2,144,14,16,52,127,14,92,153,44,45,34,159,194,140,96,0,258,94,122,111,123,18,69,169,43,13,5,11,17,103,16,68,84,25,126,65,145,85,16,59,70,166,13,148,79,14,18,76,16,152,14,32,96,64
5,2,6,3,2,3,727,983,1050,890,545,101,375,790,1119,1339,1420,1388,1257,1032,759,449,187,4,91,56,54,200,329,428,458,400,2,97,152,445,748,998,1143,1182,1095,900,630,342,90,73,162,205,226,229,243,282,341,424,505,564,590,549,445,3,23,8,32,14,30,35,7,19,3,12,9,4,13,32,40,11,7,4,18,0,6,13,25,1,17,26,8,44,32,28,44,28,25,13,26,31,24,9,8,3,17,8,12,19,11,8,0,4,19,3,17,19,25,10,25,8,32,11,30,14,11,6,5,7,10,8,3,2,3,9,22,3,13,10,7,9,14,0,12,2,5,2,17,8,0,15,16,12,8,23,2,1,21,5,13,8,21,22,8,17,1,8,3,1,23,7,12,39,2,7,20,2,17,20,10,15,2,18,0,0,6,11,17,27,24,2,20,15,32,12,22,1,13,17,23,11,28,6,10,43,8,23,7,8,14,33,21,18,1,28,12,6,11,20,25,0,10,31,8,11,35,32,12,0,20,12,1,8,12,29,4,12,34,41,22,21,24,73,39,13,38,23,1,28,29,5,14,16,38,16,7,0,12,26,0,7
215,22,475,357,212,46,126,301,474,628,754,327,928,953,945,911,842,750,647,527,405,285,163,57,40,116,181,221,238,232,200,142,70,24,130,241,351,452,542,734,658,678,679,655,623,576,524,468,416,364,322,291,262,239,216,196,185,174,157,148,134,120,111,98,84,71,56,43,32,22,20,24,36,56,84,172,166,216,266,312,363,404,439,464,479,476,459,424,366,299,213,121,22,72,160,236,295,336,358,357,334,294,248,125,135,79,35,7,8,8,2,31,65,107,142,169,189,195,198,187,173,152,125,3,27,12,4,15,1,3,14,1,21,8,90,56,7,53,114,170,211,231,222,193,133,56,30,114,191,239,266,255,205,874,24,97,225,349,454,539,590,604,581,526,430,303,164,8,153,314,464,599,700,781,825,831,813,757,676,569,446,69,182,39,89,210,321,422,500,567,606,623,613,581,511,419,301,160,9,151,310,471,608,741,849,931,992,1021,1022,1000,945,867,758,637,495,337,179,241,148,293,420,529,604,651,660,637,576,477,356,205,29,151,338,529,703,863,995,1097,1161,1188,1172,1121,1033,904,760,253,403,216,29,140,295,430,532,606,646,67
18,118,170,191,10,170,16,236,158,210,129,354,290,110,111,81,85,105,155,28,317,18,69,219,39,33,181,77,132,252,147,10,153,243,181,61,292,122,52,108,56,76,150,327,223,35,89,111,50,245,193,24,404,312,274,14,134,105,63,80,66,130,54,379,4,103,82,52,162,253,188,35,67,109,152,134,39,18,255,186,269,184,113,155,304,8,197,138,169,149,9,11,28,225,332,14,42,0,354,65,361,58,235,9,144,153,147,160,17,139,60,154,91,187,120,193,87,4,28,92,55,21,22,40,28,175,18,19,89,100,18,97,17,106,127,101,73,28,170,21,30,108,118,63,63,80,6,149,63,238,78,23,231,252,7,104,10,154,70,2,3,161,47,166,109,17,266,23,17,108,18,73,6,94,266,297,53,87,44,68,82,77,34,9,43,59,312,256,104,170,87,356,108,214,197,158,165,73,493,240,76,64,257,328,22,351,304,165,294,45,318,36,520,237,390,630,132,530,668,153,410,536,312,91,14,429,38,406,461,248,245,518,375,151,446,234,82,0,34,237,426,122,557,744,0,852,845,118,1067,744,462,7,87,72,127,23
84,150,118,98,141,8,32,7,91,37,212,192,158,63,295,92,199,2,33,59,267,365,110,131,139,44,80,36,21,264,230,275,1,98,21,208,143,400,186,12,81,191,151,123,140,92,199,144,266,484,153,115,161,77,129,143,273,300,296,209,178,64,81,208,26,157,74,50,68,88,396,445,169,241,104,281,54,154,230,16,39,53,45,5,18,25,228,179,158,82,275,71,154,110,163,56,84,50,126,50,47,109,210,67,140,188,126,23,112,153,209,18,35,0,143,125,94,1,1,132,125,179,102,19,49,8,108,46,57,84,58,91,66,35,59,53,35,75,81,60,206,33,68,85,119,67,158,238,44,147,72,337,89,177,304,5,154,11,12,15,47,140,59,285,95,167,36,74,175,39,47,46,68,23,113,5,286,7,58,64,101,143,264,86,40,237,212,53,165,42,125,22,78,54,85,189,234,179,708,849,902,925,835,627,386,124,131,398,763,1065,1318,1635,1813,1883,1796,1573,1270,833,400,21,358,564,592,520,639,84,250,511,863,1164,1412,1506,1553,1441,1274,1026,789,557,287,99,149,331,594,824,1015,1145,1205,1197,1054,923,637,40,477,98,155,199
233,16,283,227,147,348,32,945,139,1173,108,611,359,355,93,39,190,379,747,123,233,15,468,438,578,220,240,37,251,224,1119,1017,113,265,155,303,952,59,276,209,715,1465,268,643,369,75,999,458,1288,1083,382,233,647,846,997,357,168,97,476,616,303,39,6,127,725,540,208,455,344,370,272,396,473,1176,526,543,550,632,611,1073,314,382,164,60,784,612,482,509,404,1114,61,422,165,329,16,127,270,355,125,359,701,538,462,347,143,264,355,834,202,317,276,518,209,498,271,177,47,273,130,378,324,116,67,82,101,7,210,279,99,77,29,191,238,9,252,13,121,72,47,85,162,168,404,236,597,263,782,383,911,331,987,309,954,150,786,29,588,66,416,33,642,258,74,212,298,153,64,123,84,15,224,194,261,225,400,417,417,609,388,702,417,719,598,888,491,764,336,468,413,63,106,449,953,225,113,547,457,363,1,432,432,33,537,236,183,1071,835,281,217,491,19,181,252,274,12,74,341,477,448,746,660,245,244,165,240,130,196,571,109,2,368,720,158,385,732,177,183,63,257,71,607,788,226,739,156,26,208,234,248,406,434,164,1,841,664,493
40,188,630,125,115,532,462,685,2,511,639,581,426,1004,777,657,1035,306,299,779,18,246,511,592,421,21,181,689,117,251,711,757,63,443,299,482,99,722,898,480,405,444,241,2,477,595,258,727,622,390,787,61,61,432,58,382,200,340,803,108,463,33,34,854,345,504,400,591,215,247,132,610,668,332,388,809,598,66,638,666,244,171,205,403,137,17,134,254,213,208,26,259,479,269,113,372,34,155,288,407,244,13,271,91,61,48,111,22,139,247,29,98,195,123,79,79,171,6,26,41,31,100,70,118,227,469,63,227,23,136,216,77,37,82,144,88,394,295,22,40,25,233,223,22,129,452,210,199,653,214,416,504,411,552,97,486,50,226,375,188,65,118,178,744,799,560,416,834,189,58,213,74,580,84,604,171,482,688,396,202,39,225,133,509,810,796,687,200,619,366,68,136,1140,19,1171,771,284,151,19,855,296,539,487,148,169,386,61,1007,167,39,580,200,213,35,486,824,289,559,749,74,486,109,344,787,12,674,184,98,38,321,1041,898,626,111,172,694,1049,545,581,365,161,685,770,173,48,254,140,133,258,136,549,275,471,396,178,194
76,63,937,614,225,65,190,180,24,42,178,188,51,248,631,918,1264,1331,1236,767,329,172,665,936,1049,1011,786,528,232,53,14,129,264,411,523,523,268,102,439,724,1013,1115,1110,822,451,63,291,554,702,743,587,413,254,153,136,183,277,400,424,410,235,14,334,640,873,986,987,804,525,181,165,449,634,695,663,537,363,232,126,53,53,78,99,77,19,85,237,376,515,590,591,505,319,93,177,427,616,720,723,626,442,201,66,309,501,622,629,568,425,222,9,216,403,508,541,462,326,139,80,259,379,395,289,4,0,4,1,0,0,1,2,2,4,5,42,109,150,168,119,46,58,162,246,301,321,262,193,73,51,176,275,327,344,302,215,109,7,119,201,242,238,195,139,73,28,10,18,50,91,122,118,79,26,177,340,485,568,583,492,324,71,202,456,639,733,719,610,421,217,23,122,175,217,206,186,183,246,369,497,630,698,681,525,270,76,448,822,1003,1125,1074,886,480,186,104,363,375,408,395,277,303,313,421,612,781,944,954,763,398,54,572,1037,1331,1508,1374,1132,703,240,186,432,594,468,379,206,143,192,375,612,877,1023,1080,913,570,89,391,898,44
22,116,155,457,147,677,855,201,864,593,670,9,479,390,504,495,841,143,209,177,259,86,691,70,106,143,428,424,547,100,29,16,81,205,384,1074,453,448,334,689,267,177,182,555,1038,410,45,176,396,365,156,368,646,176,432,367,29,39,106,569,180,544,618,179,349,204,97,2,36,302,221,693,94,746,135,790,130,742,327,432,311,234,352,88,269,250,128,160,21,267,233,329,411,185,516,268,480,93,491,44,438,69,207,39,15,21,37,12,158,35,227,25,237,72,239,5,227,8,166,76,73,69,43,339,682,40,205,146,196,292,1,7,87,230,253,219,29,57,42,307,338,389,179,257,125,91,317,602,837,316,269,329,150,49,585,320,203,23,470,794,354,476,764,255,92,253,531,527,621,30,441,1322,324,337,266,460,408,139,429,283,564,1223,81,149,306,891,82,559,292,519,2,36,202,362,115,419,309,434,223,525,193,295,113,689,112,713,318,208,638,227,248,220,147,9,223,171,836,597,701,775,209,317,143,439,472,679,1243,89,314,875,1212,907,186,737,331,106,287,621,4,35,268,808,479,855,540,70,880,90,82,317,473,302,388,172,238,40
90,57,562,501,427,349,256,164,72,15,95,356,221,262,282,289,277,251,214,171,129,73,29,5,35,63,73,88,96,110,120,140,165,201,251,301,346,394,441,439,505,534,542,543,542,534,516,499,477,452,424,400,371,344,312,284,255,235,211,195,186,177,169,170,168,172,174,184,184,193,205,222,227,236,245,509,246,240,237,223,215,210,202,203,211,223,238,260,283,299,311,315,313,297,263,235,192,147,104,56,16,13,36,343,54,50,34,13,16,43,77,111,144,167,190,194,195,182,164,138,109,80,52,16,22,7,4,9,34,22,30,19,8,6,131,118,106,102,112,137,178,240,305,381,450,510,550,565,557,511,435,331,216,561,58,196,323,429,518,577,607,603,566,493,396,276,136,16,165,315,446,561,650,708,733,730,695,634,551,447,333,284,96,22,135,232,317,385,436,468,478,469,445,409,365,306,250,186,130,87,49,28,17,30,54,90,146,204,262,317,358,391,409,403,374,329,268,574,86,10,115,206,294,359,397,403,374,316,224,98,38,203,374,536,698,839,956,1046,1105,1131,1128,1086,1011,908,781,178,466,295,123,38,190,326,440,525,581,8
15,91,69,0,263,194,248,413,73,13,198,219,118,167,120,98,71,296,23,16,154,375,439,524,26,52,827,200,269,325,281,67,60,59,309,339,80,22,338,203,62,261,266,274,192,74,217,656,85,122,288,72,203,84,474,282,39,56,526,65,32,114,145,31,6,237,73,368,170,2,166,176,278,52,244,321,1,319,269,15,212,256,45,107,159,78,1,77,175,12,168,257,111,156,238,127,132,220,85,176,167,47,101,78,31,3,31,75,70,45,74,0,81,75,0,89,62,38,84,27,25,2,37,48,133,87,118,101,104,9,90,79,163,270,99,82,122,9,31,189,238,152,83,53,84,28,127,30,132,7,431,90,349,280,50,112,141,189,204,315,67,141,174,368,385,118,79,385,134,131,240,7,217,310,28,253,315,295,299,186,277,59,9,34,69,37,181,162,212,118,21,54,85,215,75,354,120,49,147,24,22,375,472,209,390,180,412,298,55,108,87,44,203,22,379,33,247,91,1042,17,181,105,188,28,87,375,68,21,261,241,197,170,305,142,16,260,327,15,322,33,45,326,205,299,259,51,226,163,9,13,434,111,240,131,35,154
3,8,8,3,14,8,30,14,47,8,16,19,8,19,10,4,12,13,0,32,5,8,15,13,7,28,15,2,0,41,43,21,4,32,4,31,19,2,37,6,15,8,2,5,8,8,40,7,1,10,32,23,21,6,23,9,14,2,4,1,5,13,9,8,27,6,0,6,6,3,12,2,2,6,10,13,8,8,9,8,4,18,7,5,9,0,14,10,7,3,16,6,7,29,2,16,22,1,20,17,22,3,1,5,20,0,15,16,4,9,9,5,0,5,5,1,6,10,9,3,1,4,8,3,8,2,1,10,2,3,5,2,2,3,8,1,3,8,7,6,2,0,12,6,0,0,2,17,16,8,27,10,13,18,17,26,14,28,30,12,1,16,5,26,4,18,35,22,21,9,15,7,3,6,12,26,8,24,0,21,10,4,15,4,10,0,1,8,1,20,6,33,20,5,29,6,19,2,126,328,442,425,260,1,281,500,623,614,466,211,86,343,470,400,133,284,731,1074,1221,1128,836,436,29,285,18,431,249,28,337,587,690,622,388,75,250,491,608,584,455,266,76,67,111,52,119,378,673,933,1073,1076,912,15,16,0,6,7
18,8,21,138,715,171,115,75,247,439,205,337,150,36,684,14,61,944,1260,273,505,195,16,399,414,296,1149,91,560,484,359,538,349,637,629,71,344,657,616,1094,711,298,25,44,118,452,470,136,6,365,180,37,1309,113,290,715,45,161,230,132,405,82,663,153,871,233,92,64,158,501,296,675,577,240,56,135,193,135,59,252,412,281,107,170,377,336,106,89,6,76,257,508,621,196,371,941,724,353,594,1008,772,213,373,426,258,94,189,159,47,260,475,395,23,354,457,165,100,143,23,165,299,190,217,44,296,58,8,67,94,253,23,47,59,286,273,22,387,285,94,261,126,177,171,88,233,112,268,293,12,82,337,305,569,183,20,611,112,1,262,251,592,859,380,88,206,293,172,289,469,305,515,362,40,248,240,553,299,51,748,279,216,383,15,154,5,35,471,659,101,539,306,110,732,84,42,285,143,281,276,8,98,307,376,150,668,576,472,359,1135,64,545,362,789,150,1260,455,507,369,74,247,79,210,195,39,265,487,872,117,493,472,815,514,286,216,414,531,555,293,57,309,717,20,546,413,658,89,231,637,209,540,83,82,630,375,108,120
32,18,5,53,94,70,53,84,80,187,97,110,27,5,147,174,0,234,82,51,20,77,18,110,68,15,121,9,70,2,72,58,220,12,163,24,14,56,77,13,129,96,114,43,92,198,49,31,54,63,166,92,97,18,69,109,25,64,50,149,236,46,3,70,98,53,4,94,83,77,3,11,76,71,76,40,6,23,87,34,17,98,48,13,45,51,68,6,58,12,21,67,72,110,1,110,35,35,13,75,5,138,13,11,26,10,68,11,117,5,59,19,20,135,14,66,38,76,4,58,12,19,40,37,19,4,6,4,13,1,5,14,0,41,42,100,142,194,216,218,208,179,129,57,17,89,178,264,349,403,410,416,347,262,114,44,222,371,488,588,159,575,511,378,195,49,297,543,730,894,988,1022,980,870,768,662,554,459,434,432,461,562,676,823,968,1095,1187,100,66,54,75,39,114,67,56,4,2,73,85,46,87,31,98,71,124,134,96,53,39,44,35,20,63,151,71,20,208,70,81,30,53,44,34,55,23,112,82,76,114,28,40,68,51,44,12,221,145,120,74,25,95,233,74,34,70,194,0,73,229,62,48,5,5,43,10,52
12,2,2,3,0,0,292,191,27,189,408,576,680,691,610,443,223,37,306,568,788,937,1014,1019,971,891,793,675,531,359,160,67,5,541,730,827,805,637,338,32,417,746,934,942,776,484,137,220,531,768,912,964,938,855,744,632,535,445,342,0,0,6,3,4,0,1,2,6,6,0,3,1,6,0,0,3,2,0,1,1,0,3,4,1,1,1,2,0,0,0,0,3,0,1,8,1,2,0,1,1,1,0,1,4,1,1,10,0,0,0,1,0,4,1,0,4,1,1,1,0,2,0,2,3,0,0,1,1,0,0,1,1,0,0,1,2,2,1,2,2,1,0,1,1,5,0,2,1,0,2,2,3,2,1,3,4,2,0,0,1,0,0,1,2,2,0,1,2,2,1,0,2,3,0,1,0,4,0,1,3,1,1,2,0,0,0,3,1,1,1,2,0,0,0,0,1,0,1,0,3,0,0,0,0,3,2,1,4,0,2,6,5,5,0,1,4,0,2,0,4,3,0,3,0,0,1,2,0,0,3,3,2,0,2,1,4,1,3,0,4,2,0,2,0,0,3,1,1,5,2,1,1,3,0,2,0
44,111,123,479,622,546,92,454,201,198,6,439,149,125,329,196,387,803,184,395,104,241,174,300,212,158,80,281,277,399,85,152,296,470,333,138,250,215,549,438,241,540,108,30,43,42,290,149,240,507,359,314,33,140,179,549,420,314,282,101,142,50,279,37,241,416,36,246,402,199,889,353,774,460,176,153,252,662,589,197,699,522,22,450,404,120,60,57,273,643,453,431,982,589,341,1063,200,230,1042,762,134,823,822,20,592,807,356,571,926,290,810,944,51,1011,573,514,905,178,655,544,90,424,347,154,14,46,11,120,182,52,153,13,54,16,68,129,233,161,117,85,102,87,135,28,39,418,479,9,452,34,883,258,81,266,261,491,339,257,26,259,12,231,6,68,244,632,184,560,243,185,185,130,70,493,228,18,16,109,285,547,105,230,257,58,318,244,396,279,327,397,345,293,332,360,245,117,208,67,248,78,16,189,92,652,528,85,302,285,382,570,403,284,106,49,213,295,226,44,517,584,263,279,158,74,490,202,181,307,120,119,272,116,29,198,296,144,315,137,4,399,171,6,169,58,351,171,335,72,98,95,396,307,220,42,39,261
19,1,425,294,152,4,144,287,415,526,608,226,701,703,673,613,528,412,300,152,7,149,294,421,534,621,675,703,709,661,596,501,381,243,92,67,218,364,493,1050,665,703,711,680,621,538,405,254,106,64,222,362,483,579,642,671,682,637,566,461,333,189,40,101,257,379,484,560,603,612,586,525,447,328,212,443,83,207,327,427,505,548,560,533,482,396,281,145,3,150,290,409,494,543,561,520,441,322,174,8,155,308,433,621,537,497,408,272,108,62,232,355,438,454,403,285,120,63,222,340,367,295,139,1,3,2,1,1,2,2,1,4,1,2,152,139,88,18,64,137,178,196,178,140,79,10,61,126,178,208,229,215,186,343,78,8,64,135,193,238,276,282,271,238,187,119,39,53,122,217,279,330,368,383,374,340,279,196,104,11,118,118,330,417,484,523,531,507,453,364,252,116,34,188,339,481,580,660,704,699,658,576,458,309,134,49,238,411,564,685,772,816,812,763,668,526,369,545,14,205,385,542,674,773,828,837,809,741,632,489,323,142,47,218,391,544,648,734,787,802,779,716,610,493,346,234,23,135,287,427,551,650,713,739,726,6
23,91,85,115,2,224,739,1026,1135,988,528,56,266,547,719,856,821,818,766,478,222,24,166,556,937,948,620,48,571,1023,1097,803,43,353,837,871,508,210,998,1708,1907,1688,1245,575,129,107,38,186,92,298,928,1600,1989,1899,1299,424,436,906,992,165,77,127,33,271,45,399,184,185,61,293,288,77,261,58,63,72,52,123,299,243,67,0,37,231,144,195,147,53,8,215,136,70,161,108,106,5,4,192,125,133,49,344,165,81,58,199,56,8,134,7,70,8,150,66,47,168,150,28,42,125,60,53,59,16,176,25,4,70,22,44,16,54,51,35,49,5,49,2,23,37,112,99,15,71,70,155,148,88,195,63,35,163,43,88,82,46,87,67,177,33,205,11,22,33,157,164,187,52,21,4,35,127,282,255,94,84,36,96,29,19,98,113,296,84,130,132,209,25,234,73,23,170,213,112,67,41,87,179,113,285,182,183,53,66,29,64,229,399,271,264,130,296,188,15,112,437,320,79,12,79,113,470,30,108,5,23,43,23,143,340,78,331,122,22,186,118,82,191,275,243,202,289,407,223,70,84,57,168,42,182,50,97,109,161,143,50
79,100,537,403,323,290,346,386,303,1,282,866,974,659,59,561,1022,1125,763,293,523,840,833,590,184,266,385,464,150,362,49,200,897,614,478,209,46,404,481,542,599,472,208,161,370,1014,1170,1103,337,731,1319,1421,867,164,928,1090,552,4,508,212,861,687,277,933,109,451,295,94,289,661,55,401,399,805,52,429,377,119,713,309,191,216,666,158,355,9,15,57,117,656,257,292,689,389,571,11,330,128,137,327,415,34,87,373,262,218,897,156,557,244,467,4,565,113,313,39,397,201,343,54,969,393,241,162,313,6,37,485,29,367,144,53,140,299,117,46,159,51,573,54,289,167,449,15,465,262,413,167,435,413,649,1139,267,329,92,32,40,301,507,277,131,911,533,929,571,205,1,177,158,108,35,467,501,313,539,813,222,515,653,805,375,293,0,36,217,472,323,337,451,575,383,265,1067,557,669,327,77,253,439,183,850,84,837,991,146,801,104,473,87,57,408,397,743,421,137,155,509,19,1796,895,336,341,629,272,761,759,56,765,1681,383,805,480,533,305,947,1755,87,627,273,513,443,172,156,170,287,333,735,855,121,253,125,95,342,176,293,307
3,115,523,371,42,378,815,1124,1414,1389,1074,710,235,242,637,780,839,708,483,237,101,99,208,373,602,797,771,589,202,258,756,1225,1339,1373,1180,862,375,97,382,532,563,443,378,158,94,132,245,426,587,672,675,534,233,160,552,870,1105,1116,989,702,359,7,284,501,589,566,478,332,241,173,175,217,285,333,314,241,46,177,436,647,790,845,764,569,281,22,304,524,665,679,633,507,320,120,60,227,325,395,381,354,289,214,120,28,65,139,208,238,252,223,176,74,22,125,209,255,237,173,37,111,260,338,329,0,0,0,0,4,1,6,2,1,1,5,143,220,251,235,176,111,20,64,136,188,215,210,183,126,44,48,142,232,293,314,292,218,103,47,196,333,426,470,428,330,174,13,202,365,464,490,450,383,235,64,78,175,238,233,194,150,139,160,223,303,391,433,408,292,87,175,469,722,903,935,861,633,323,26,333,570,697,720,616,476,337,223,186,212,225,248,238,115,71,381,641,928,1119,1083,939,778,263,279,787,1096,1139,1071,898,661,350,145,62,87,185,283,207,166,104,484,855,1202,1356,1406,1158,740,202,340,765,1028,1139,949,705,459,200,89,93,15
13,21,16,27,2,8,827,913,80,1287,1517,498,971,1747,1340,101,1052,1411,900,33,679,676,258,69,2,235,265,50,444,516,157,304,37,132,408,646,231,618,1185,939,29,1085,1453,950,19,745,1010,788,316,172,533,696,600,236,252,623,612,183,307,17,20,3,7,22,15,1,4,32,26,25,21,1,2,4,7,21,25,9,3,31,1,31,12,12,26,6,7,5,8,19,16,32,13,26,12,8,11,16,22,24,6,12,2,6,21,21,10,7,10,12,14,29,11,9,0,4,3,4,8,3,13,0,18,4,1,17,16,8,14,3,7,8,6,6,6,7,8,2,7,17,8,7,9,12,21,7,4,9,0,9,5,10,2,3,23,0,8,18,17,6,2,16,0,0,19,16,11,15,0,0,10,17,22,9,9,2,14,25,27,55,9,41,9,10,5,29,14,26,21,11,13,14,33,16,12,8,16,8,21,8,3,41,31,13,11,24,10,23,12,3,60,19,1,0,30,10,35,1,30,12,9,31,30,17,30,7,34,6,38,46,3,9,14,24,31,5,34,18,25,6,28,5,36,9,48,22,21,39,28,29,6,8,8,14,19,8
117,44,137,153,415,141,697,289,651,25,429,969,315,629,345,164,38,413,391,251,43,623,518,241,70,507,599,515,743,144,593,879,839,135,114,225,91,585,525,141,52,577,203,311,112,34,405,101,389,813,206,707,283,609,234,661,353,679,324,691,489,959,653,649,579,161,813,196,413,511,20,307,21,138,95,345,355,55,53,181,677,409,1279,327,109,37,77,303,234,459,232,413,313,523,371,258,218,309,126,259,373,569,37,208,217,633,117,161,264,325,81,93,203,339,205,249,295,375,637,20,117,57,180,469,133,173,18,239,17,325,305,58,357,75,72,205,199,457,475,0,221,35,499,287,723,111,136,287,523,417,112,210,273,268,85,819,103,813,162,543,665,358,679,213,241,645,337,289,803,481,737,84,32,513,659,315,69,563,677,50,233,275,147,703,499,438,347,136,340,163,119,601,847,118,1201,151,308,893,789,1055,796,127,593,804,508,206,215,483,400,321,271,49,30,605,633,532,38,472,817,445,153,749,613,402,381,847,742,219,1005,1186,684,319,1174,1283,716,196,772,665,603,286,272,406,242,90,241,109,169,238,559,340,285,267,157,823,219,203
6,35,91,148,33,92,150,139,96,112,87,7,47,8,69,145,34,108,52,150,160,237,55,241,153,356,219,25,50,58,52,121,138,234,24,15,121,297,11,218,169,165,142,248,99,80,173,109,147,162,29,131,127,43,34,268,132,130,1,8,43,43,211,98,10,0,294,74,327,204,614,139,556,650,47,624,449,311,777,341,624,954,270,795,1065,190,894,987,12,742,569,233,575,74,535,416,146,803,250,656,825,7,828,531,425,720,67,836,397,637,942,6,986,805,332,1021,447,570,728,13,475,159,273,16,2,64,30,0,33,24,54,34,63,9,11,6,48,5,56,124,81,76,65,36,58,106,21,11,43,78,167,61,23,59,115,104,222,63,46,116,74,3,93,40,81,51,196,191,64,143,204,43,24,175,27,109,107,46,149,162,79,86,455,161,173,248,94,135,85,377,58,88,205,127,232,232,133,102,299,6,140,205,82,53,19,58,83,295,211,326,70,88,53,35,47,102,389,46,118,10,189,376,91,97,66,212,193,6,50,164,86,319,18,99,101,154,365,349,219,30,114,71,429,101,114,14,110,109,93,109,154,52,88,124,67,64
28,58,35,25,680,197,50,236,274,134,67,16,78,285,3,128,94,377,306,61,427,418,435,323,198,166,199,164,207,210,187,26,543,131,99,217,289,332,740,124,227,609,280,173,13,202,1,17,397,194,107,199,272,17,237,312,9,288,186,9,130,344,6,99,158,26,202,6,430,53,172,38,383,20,215,130,159,171,195,396,33,190,460,46,246,506,272,71,25,14,48,247,653,118,86,67,160,310,183,201,126,256,72,61,84,91,53,78,370,215,85,60,24,96,33,347,86,0,99,4,12,260,56,49,19,14,100,54,101,8,94,31,155,76,132,177,210,85,76,264,278,194,22,24,144,168,149,87,190,226,343,30,36,109,114,224,74,171,79,162,197,27,202,70,55,234,140,157,301,11,82,453,0,185,0,141,8,138,82,126,176,522,35,46,406,145,194,82,126,185,645,130,349,47,160,75,38,6,619,54,113,22,128,248,528,312,276,491,181,163,216,231,538,132,558,960,604,308,1122,869,315,313,691,719,64,1,593,659,396,1,222,246,238,324,154,26,167,132,250,350,363,34,781,1145,579,577,1394,1287,151,1204,1424,64,9,102,36,55
74,9,20,0,122,22,6,227,140,60,243,120,96,8,227,196,101,74,53,338,28,8,9,167,303,65,163,44,174,186,43,29,129,195,241,81,269,5,126,30,19,125,84,179,184,118,18,311,75,30,605,146,86,200,283,244,136,177,247,110,29,50,56,82,418,126,222,126,177,216,408,20,255,57,288,71,289,195,132,67,259,228,147,1,32,185,141,126,143,42,309,521,186,178,94,112,88,19,50,35,80,126,157,50,254,261,50,209,1,23,146,85,75,29,116,28,144,37,18,32,47,57,123,49,30,21,12,32,40,22,63,30,30,64,0,162,39,37,163,50,7,203,28,30,118,74,14,57,32,246,208,115,85,51,20,5,70,165,168,74,53,78,219,269,295,78,43,127,85,4,120,22,431,26,49,12,77,123,216,127,212,226,46,56,36,164,16,200,153,101,21,181,98,330,150,219,221,122,522,11,559,741,384,282,856,924,505,358,1196,1463,922,232,1399,1793,1188,82,1144,1390,819,43,656,612,190,296,170,18,483,692,397,336,1010,1292,826,128,1106,1577,1294,378,598,1289,1311,716,153,954,1242,850,11,866,1157,784,87,226,265,297,64,51
18,233,196,9,389,570,57,554,27,292,26,120,659,171,62,295,68,99,45,216,573,332,25,296,1299,538,40,89,1048,251,543,299,577,110,452,8,214,64,727,574,833,234,542,337,119,422,182,330,76,661,659,188,379,338,401,531,354,231,300,320,462,142,1019,671,119,318,1,165,53,89,115,410,264,202,125,392,246,56,356,27,262,150,33,153,442,224,181,528,454,789,66,101,296,132,3,801,330,160,341,477,25,540,784,4,518,92,614,67,682,22,408,290,90,93,23,306,26,68,292,187,487,9,542,109,285,147,112,74,184,193,139,147,110,36,105,23,73,235,95,315,111,505,118,686,229,722,410,683,530,590,379,398,257,335,110,332,76,322,150,310,217,60,136,29,108,32,59,17,125,102,361,482,461,637,413,771,164,770,52,785,300,680,326,594,446,370,341,305,588,1142,594,328,178,658,193,1056,18,497,675,489,608,185,464,234,281,547,225,698,127,15,22,180,263,57,224,575,189,394,701,654,203,1108,237,578,884,85,591,511,112,143,636,13,334,210,289,99,287,327,347,590,744,596,337,137,365,126,175,179,895,569,258,473,57,84,490,254
48,14,143,12,133,283,431,564,675,760,814,573,836,803,761,690,610,518,425,324,227,138,64,2,43,65,76,63,35,1,50,109,173,238,304,353,400,426,436,454,425,409,385,373,361,351,345,339,335,328,337,339,350,355,359,356,333,294,228,145,58,43,141,229,296,351,387,396,393,381,352,319,279,229,169,450,56,3,51,102,136,168,189,185,169,132,84,20,56,130,200,261,302,328,336,327,305,263,219,167,115,64,21,280,33,44,37,16,4,35,64,93,109,121,119,102,75,41,3,54,99,138,161,13,8,10,6,2,20,8,10,28,11,19,74,55,12,50,128,209,273,318,328,306,245,162,63,36,127,189,228,222,182,836,19,96,223,348,463,551,614,639,621,563,463,332,171,1,184,355,514,649,752,821,862,863,836,780,702,604,487,211,219,79,59,189,313,415,498,555,593,602,587,546,478,384,278,142,1,156,318,471,619,750,853,930,985,1012,1012,989,946,879,792,684,556,410,256,108,59,202,317,414,471,503,495,461,398,304,198,63,81,237,385,541,678,791,872,925,938,917,861,775,675,555,425,515,167,43,75,172,260,331,384,410,415,2
91,149,1005,508,376,181,519,168,628,108,488,2,390,89,402,22,223,19,100,16,93,51,26,232,31,232,10,182,30,126,43,93,347,23,134,54,40,149,62,189,11,142,16,226,74,210,193,236,338,119,246,44,255,192,275,339,222,422,16,155,233,38,321,604,276,368,472,246,582,164,407,412,459,89,140,89,128,386,306,209,377,564,108,52,475,96,206,85,133,355,267,324,346,8,169,392,502,586,14,358,120,68,365,115,137,109,402,119,102,197,44,22,18,70,348,88,267,144,117,331,213,68,28,78,90,50,49,53,41,52,119,181,274,123,111,43,105,27,27,80,376,7,58,211,289,322,62,164,13,262,243,22,83,33,131,27,530,166,186,84,403,174,252,269,112,206,48,48,135,230,147,8,156,511,147,296,154,219,113,402,742,415,573,17,223,384,598,231,64,422,239,368,118,228,126,320,183,69,62,212,117,201,188,251,887,292,423,375,1001,614,46,248,221,215,333,19,34,11,320,106,22,500,280,87,640,60,357,58,113,419,229,642,399,190,12,56,54,204,18,167,206,73,34,320,110,505,32,226,281,17,265,465,14,127,279,43
44,206,415,38,655,232,200,999,350,830,46,646,314,565,30,268,266,340,61,110,54,97,456,147,154,121,421,236,455,198,320,40,1785,77,317,148,101,148,10,219,172,156,155,237,195,30,279,24,150,208,316,76,373,321,637,376,664,588,590,809,877,315,499,818,279,194,733,437,569,733,1297,1467,479,314,683,609,975,32,681,1117,101,58,719,687,1059,46,41,205,359,845,403,511,525,439,903,66,403,263,405,667,819,1137,400,553,442,709,36,28,671,206,963,326,208,62,149,348,521,90,115,249,51,362,729,79,493,52,99,69,263,156,49,337,233,177,233,97,101,150,643,421,36,22,154,1043,341,115,469,139,497,683,175,416,427,773,511,697,234,579,158,365,496,281,425,1569,286,91,292,397,1027,971,86,459,645,241,553,1231,118,38,22,354,443,309,997,1333,300,152,263,140,449,1067,837,269,1163,340,256,322,351,715,397,609,623,177,669,3,1101,473,118,1089,697,469,518,467,1550,273,24,121,645,565,340,195,95,487,315,14,969,49,827,1025,131,458,691,24,1680,1573,456,1237,221,217,74,196,425,690,121,170,35,1413,1089,556,109,137,855,430,249,1339,285,213
9,12,6,11,38,5,3,1,41,9,23,3,38,23,6,29,10,12,34,36,0,51,8,7,37,15,8,1,9,19,25,7,1,44,44,47,26,27,10,13,0,17,17,29,20,30,38,11,0,40,50,14,11,20,19,9,37,28,4,8,13,39,12,43,15,5,6,22,31,18,7,0,11,13,23,22,1,0,7,2,12,5,2,12,4,3,5,2,5,33,9,23,47,31,0,18,3,32,5,8,0,28,2,15,9,0,15,1,29,1,4,7,6,15,1,6,6,12,14,20,4,7,2,10,3,4,5,1,8,4,0,7,4,10,8,4,6,1,17,3,3,9,2,9,24,3,3,14,25,2,15,3,1,8,0,8,18,45,11,24,28,2,15,27,4,15,20,38,21,22,13,10,7,12,33,4,0,13,15,11,11,24,1,15,49,19,29,27,2,8,9,7,15,11,10,6,19,8,250,323,398,445,454,433,388,332,238,138,3,137,310,486,661,830,980,1091,1149,1158,1104,1005,887,715,529,343,19,28,215,407,591,753,896,1015,1074,1097,1066,977,869,706,532,337,136,72,282,501,735,957,1173,1347,1461,1513,1479,10,10,44,5,14
170,67,399,455,15,708,40,227,1014,317,753,489,194,664,644,826,88,476,399,67,335,620,926,504,966,313,424,308,358,621,810,976,101,92,46,567,721,286,854,433,515,735,223,19,487,470,188,184,360,678,630,434,670,296,545,23,397,0,598,46,729,507,175,417,635,23,244,347,801,908,47,809,168,276,272,27,98,62,21,186,5,197,297,6,204,102,37,81,60,113,153,148,576,176,682,675,160,1034,512,601,713,36,605,241,168,118,1,188,38,305,454,68,549,91,263,127,51,152,244,186,197,400,59,32,236,54,36,64,72,39,1,519,174,106,16,125,122,90,4,234,588,216,182,309,271,903,12,367,45,808,345,84,50,276,555,712,796,123,191,212,111,137,70,153,60,407,382,116,210,1003,571,562,391,145,1,189,797,785,258,77,671,515,264,323,46,1847,611,505,153,574,805,245,44,347,1073,519,479,296,720,164,70,846,374,89,118,106,517,489,64,542,326,85,168,284,92,154,150,503,423,340,498,290,632,466,192,529,438,139,257,299,82,203,104,642,503,602,503,599,471,569,539,142,1344,43,466,567,1431,271,451,1572,601,101,931,169,66,293
15,106,68,8,49,102,20,30,16,80,13,84,26,42,18,0,44,53,144,16,269,71,32,68,198,14,63,114,143,75,188,161,49,18,105,194,14,99,120,33,35,18,127,46,96,75,127,96,45,45,136,115,94,24,61,48,123,38,172,19,4,51,106,40,43,80,56,66,32,318,34,60,4,10,197,52,158,32,125,0,18,66,166,109,41,69,96,54,111,77,21,44,81,23,28,35,132,35,38,23,51,31,18,63,135,80,42,7,93,56,37,1,45,68,172,15,65,37,56,49,1,3,8,14,43,69,9,24,3,0,30,6,31,39,170,236,311,361,366,351,291,223,159,111,87,54,91,184,317,491,707,927,1137,1298,1403,1398,1331,1198,978,734,18,304,156,74,75,158,324,537,741,947,1084,1149,1113,1026,860,724,617,528,454,483,529,672,812,997,1165,1281,1335,112,36,23,60,2,185,53,27,99,19,80,6,30,65,88,16,26,31,20,77,65,160,28,115,91,39,141,30,27,183,139,42,111,4,13,62,125,108,32,33,40,193,49,68,34,16,47,41,66,54,14,229,3,93,81,83,14,5,33,56,161,78,11,28,57,37,89,34,41
5,0,1,2,0,0,11,218,390,482,451,296,50,237,524,758,890,902,781,544,235,92,399,649,817,903,921,882,784,630,417,151,2,426,667,799,772,561,209,212,602,850,876,668,295,142,557,862,1010,996,846,599,306,22,225,413,556,673,763,2,3,9,3,2,3,0,2,3,4,3,0,0,1,3,3,3,6,4,3,3,1,0,1,1,0,2,1,1,0,2,0,2,2,5,1,2,3,0,1,3,3,0,1,1,1,1,1,0,2,3,4,1,0,4,1,2,2,1,1,1,0,1,0,0,0,1,2,2,0,0,1,1,0,3,1,0,2,1,0,0,1,1,2,0,1,1,2,0,2,1,1,1,3,2,1,4,2,1,6,0,4,1,4,1,0,1,3,2,0,0,0,1,1,1,0,3,0,2,4,0,1,1,1,0,4,1,0,2,2,2,1,3,2,2,0,1,1,0,0,4,3,1,5,0,0,6,1,6,0,0,0,2,1,2,3,4,0,0,2,2,3,1,2,2,5,4,1,2,4,2,1,2,2,3,4,0,2,1,2,7,4,3,6,1,1,2,0,4,5,5,1,0,3,3,1,3
59,33,129,476,296,95,322,119,171,616,324,263,68,50,131,258,702,505,210,259,875,11,137,50,626,288,181,339,327,431,174,48,726,404,39,163,171,99,216,335,25,261,547,139,79,213,614,165,122,607,255,67,135,226,263,547,352,367,287,337,239,661,51,340,126,233,60,481,88,427,1038,140,834,1094,383,388,870,574,230,538,315,100,6,197,259,49,57,135,359,654,157,731,872,293,707,1201,248,915,1451,395,1103,1487,264,1246,1285,180,1231,768,548,994,235,811,643,341,822,185,826,757,254,864,328,460,574,108,56,5,51,39,54,178,70,116,206,179,11,217,44,27,136,181,42,178,271,616,81,279,193,25,109,64,61,206,39,205,19,150,182,243,430,275,263,177,489,611,178,365,247,70,198,583,143,165,205,337,212,53,219,356,328,79,118,609,470,141,319,78,292,241,224,761,434,240,232,241,434,108,37,36,79,734,611,441,216,263,358,49,109,206,123,188,157,74,108,88,791,288,50,109,74,373,206,250,11,461,916,52,47,358,261,66,641,282,608,45,210,880,363,396,355,8,194,489,554,525,36,576,0,418,154,996,275,73,223,43,74,584
9,49,721,1176,1402,1404,1174,696,225,244,510,534,429,142,98,159,48,274,736,1062,1355,1432,1240,746,281,144,411,439,310,10,192,296,123,222,680,1150,1452,1431,1033,697,327,25,285,257,146,23,204,242,99,179,541,924,1163,1191,1042,733,382,43,198,294,267,119,4,57,1,189,450,729,930,993,913,678,367,35,231,376,398,322,215,148,127,204,358,519,672,682,641,488,256,21,290,488,617,640,576,445,317,202,115,68,32,41,3,47,130,238,352,436,457,430,343,192,7,172,328,452,491,436,313,135,34,175,243,5,1,7,0,1,0,5,3,1,3,0,2,34,27,4,37,67,94,97,82,55,25,10,5,1,41,60,76,83,38,38,149,267,348,407,378,288,142,48,229,382,448,458,384,260,143,38,0,21,84,166,222,202,99,98,328,557,710,767,719,536,323,99,76,146,144,65,4,6,89,281,527,789,976,1039,911,658,323,12,282,425,434,354,260,164,222,381,634,806,1039,1131,895,617,242,166,443,755,657,563,416,277,238,445,771,1097,1395,1396,1138,768,246,267,694,842,792,656,336,227,187,404,752,1122,1369,1387,1174,753,215,274,589,758,607,347,167,27
390,107,898,669,320,102,555,955,1245,1384,1355,984,840,422,2,387,691,875,938,874,703,485,242,16,132,202,189,83,53,200,317,337,291,134,86,373,676,965,1214,1556,1480,1483,1387,1242,1057,855,663,524,425,379,369,357,333,263,150,0,174,318,406,408,331,168,62,308,557,764,908,986,996,949,876,782,672,603,525,672,471,485,507,532,538,497,403,244,42,187,402,572,678,689,592,418,195,50,270,442,544,564,524,423,284,134,2,672,176,191,180,138,91,67,80,144,232,333,398,406,331,185,7,175,307,356,317,4,6,39,17,25,27,49,35,34,52,34,75,9,14,68,147,172,101,98,418,793,1146,1422,1528,1467,1242,909,553,237,39,1503,74,290,577,869,1102,1223,1190,1025,733,393,60,166,267,200,22,374,752,1130,1441,1619,1659,1568,1393,1131,847,597,383,1390,223,290,418,611,826,1031,1186,1276,1275,1206,1038,818,561,308,91,59,133,85,53,298,595,929,1257,1551,1784,1933,1988,1931,1785,1553,1265,971,693,469,339,1738,351,456,622,797,938,1048,1074,1016,874,654,381,96,161,351,406,338,117,214,630,1061,1458,1769,1957,1986,1869,1628,1290,732,522,178,84,240,271,189,5,240,518,85
43,40,2,47,18,32,180,112,19,32,45,86,73,50,33,78,53,82,120,138,120,174,327,496,781,1001,1136,1278,1283,1221,1106,934,297,621,319,69,193,450,680,870,1000,1010,958,777,603,224,16,321,542,786,891,1035,1029,1010,787,648,516,338,194,118,65,185,89,87,28,36,60,189,71,84,188,115,164,358,36,23,213,99,119,65,18,29,311,181,46,89,223,251,240,63,85,129,476,5,368,46,0,98,77,78,188,99,109,89,327,63,80,28,130,101,300,147,56,5,118,36,113,165,40,14,30,14,84,19,118,75,54,21,26,111,42,33,29,4,52,81,77,40,18,37,57,56,88,91,71,32,171,60,189,108,89,61,37,85,85,435,303,33,84,106,44,43,16,127,99,111,247,223,8,42,32,12,19,22,127,148,290,37,130,375,199,63,195,175,80,181,44,178,99,98,84,29,163,23,21,37,61,8,74,95,176,144,78,39,109,123,268,236,7,70,330,47,257,89,299,253,54,87,6,294,67,113,472,75,170,317,57,35,22,302,192,56,70,2,2,91,63,52,35,75,423,63,74,95,161,133,233,104,181,150,43,217,415,16,257,113
15,147,105,12,641,419,398,370,333,5,573,849,518,121,729,990,522,179,919,1081,500,290,820,806,399,229,641,335,153,326,0,207,1281,101,341,474,444,233,256,612,503,446,137,397,895,1170,503,666,1379,1019,1,1114,1316,473,631,1101,442,223,570,664,14,30,973,341,188,494,437,135,181,387,222,1047,425,529,441,213,611,404,24,453,1129,273,105,128,152,203,10,141,561,294,61,10,355,463,629,309,46,101,210,107,11,93,127,257,595,16,58,48,116,689,4,417,253,403,91,89,456,133,176,167,221,278,169,455,80,295,359,25,32,12,68,261,97,95,80,245,479,53,101,175,275,214,219,727,111,74,205,319,148,133,183,54,639,444,149,177,90,257,0,523,809,727,725,52,135,723,224,329,841,483,413,455,73,143,110,44,334,217,689,597,907,363,323,446,14,2,379,169,211,939,33,539,45,501,413,338,102,907,87,619,631,114,317,483,305,419,27,256,351,28,803,520,267,381,530,271,335,377,377,541,409,921,241,935,118,655,1581,617,210,421,913,1493,184,305,161,315,160,489,245,183,347,447,311,1286,73,33,48,294,62,483,76,343,185,471,452,128
17,3,26,29,11,1,734,223,631,1365,1529,1044,127,797,1402,1505,1135,508,130,560,647,436,129,53,5,230,459,499,293,32,301,349,18,173,498,632,430,108,785,1300,1411,1081,437,243,728,923,887,722,525,349,175,41,304,555,687,633,346,49,337,19,15,17,17,28,16,15,33,4,12,20,12,18,2,18,7,4,9,2,4,5,6,1,23,20,31,14,9,7,8,8,1,14,9,15,11,8,27,2,21,3,33,17,8,44,0,7,17,4,5,12,3,18,16,9,14,9,10,1,6,14,6,1,3,5,9,7,13,1,0,10,2,2,0,15,11,3,11,21,2,3,7,1,0,8,12,3,8,16,9,26,9,22,21,5,7,40,18,0,11,20,0,13,19,11,6,22,18,8,31,21,14,18,5,19,27,15,17,12,7,4,13,9,0,27,34,21,39,12,23,30,32,11,13,20,5,15,5,40,30,4,38,1,26,16,12,2,1,24,7,29,62,53,21,21,5,27,3,4,28,13,17,0,31,33,14,27,1,24,12,36,29,19,37,7,16,11,22,25,44,22,2,0,49,28,12,44,1,20,21,10,14,10,20,10,5,11
107,176,51,36,195,49,175,42,267,29,145,71,32,12,184,243,245,51,36,140,123,23,190,133,107,383,187,170,27,38,83,124,248,82,158,193,251,417,90,88,75,209,281,72,31,91,133,152,14,158,164,177,23,107,189,223,167,256,102,52,226,109,151,156,42,324,123,4,267,204,181,610,651,157,661,356,504,664,55,815,618,415,1120,522,739,1150,211,891,851,169,740,228,515,386,361,590,222,771,438,523,839,21,808,464,554,677,338,830,52,912,609,617,1046,59,943,687,464,853,67,596,277,316,202,0,56,12,9,47,25,10,32,51,86,45,40,138,72,136,107,100,36,32,78,148,14,130,107,180,96,80,89,146,61,51,133,24,12,14,67,29,7,307,95,23,88,62,43,164,84,306,140,175,149,180,154,252,46,21,82,14,34,26,64,158,283,44,188,211,48,118,12,377,2,313,64,226,47,3,111,200,39,166,99,89,42,103,115,10,106,160,188,68,113,248,8,32,128,288,66,23,138,91,156,83,4,16,238,158,108,122,189,129,472,0,116,19,172,315,142,114,374,298,299,425,109,184,170,215,451,241,100,130,241,81,195,20
122,66,167,260,99,386,473,314,297,77,703,310,0,355,512,418,414,611,333,356,73,542,353,563,102,404,177,56,108,91,484,12,326,28,39,182,208,654,333,166,118,652,210,1005,699,113,832,147,68,19,382,348,210,74,182,632,154,150,242,101,36,711,338,694,528,302,510,418,388,605,222,170,373,153,122,328,196,19,57,56,297,781,13,167,779,74,29,49,511,206,422,577,226,164,701,240,163,68,684,196,354,78,60,169,25,66,295,50,151,112,113,19,318,205,28,363,151,134,108,122,60,193,172,57,9,92,77,91,30,64,37,33,8,67,92,105,127,515,180,33,61,122,372,61,30,406,207,358,418,26,230,144,108,414,126,39,206,19,517,136,77,283,148,186,502,179,259,296,54,437,95,19,334,456,241,49,348,220,36,272,254,257,226,279,522,635,195,205,54,247,549,268,482,480,1101,618,310,299,575,292,9,336,452,631,615,651,519,423,137,226,455,762,919,1167,1272,1253,1336,1429,1385,1495,1333,1380,1374,1340,358,1356,1366,1231,1135,938,905,588,374,271,0,294,398,535,654,783,780,973,973,1139,1272,1389,1489,1669,1824,1863,1700,439,164,505,80,392
79,11,40,32,266,21,32,274,30,102,256,109,330,15,20,221,6,240,86,186,286,61,143,139,51,104,112,86,61,44,22,103,228,12,204,179,18,52,75,41,31,59,82,105,156,200,10,65,162,70,139,260,4,58,6,150,118,179,18,120,37,36,235,125,163,3,10,34,97,80,36,26,107,47,19,7,65,41,56,64,210,98,13,43,156,35,101,8,106,153,103,22,87,102,86,201,142,13,70,221,68,44,124,102,210,21,68,55,42,158,142,87,52,31,23,51,46,30,88,44,83,44,2,135,46,65,43,28,55,0,3,56,39,22,87,106,21,88,6,11,55,77,17,84,19,34,73,69,87,43,45,184,114,77,43,1,60,81,117,25,33,108,177,1,87,12,85,81,117,135,16,41,125,79,60,127,25,188,111,40,133,204,54,26,8,215,27,87,26,23,14,18,54,218,46,94,133,211,86,183,399,598,736,722,596,398,102,221,584,897,1164,1249,1171,924,530,165,251,526,679,729,594,352,80,166,95,375,293,84,254,626,976,1209,1254,1079,796,392,73,464,761,944,1006,1020,926,765,579,238,113,441,754,902,889,94,93,117,106,62
269,81,143,40,133,65,75,311,491,709,657,487,205,206,693,1018,1324,1347,1240,728,232,343,857,1153,1306,1282,1034,628,141,245,552,733,637,469,235,44,91,87,30,216,401,519,631,456,247,77,447,789,1047,1136,986,715,270,208,625,890,1032,932,670,361,25,231,364,365,244,45,129,242,238,101,145,404,620,764,729,563,252,114,485,754,875,849,652,341,16,232,381,383,278,111,89,215,244,134,80,338,573,695,633,435,124,202,453,549,485,294,38,174,242,171,36,309,506,554,430,197,77,249,251,82,163,328,307,1,3,1,0,3,0,0,1,1,3,3,97,199,228,182,82,4,34,2,102,229,312,357,312,222,96,12,82,84,20,43,121,144,114,12,138,303,428,487,460,369,205,7,149,253,276,235,154,26,63,92,49,78,246,408,489,484,343,108,195,491,738,834,764,552,246,108,425,617,656,555,339,78,165,281,270,120,93,340,508,546,389,108,309,642,955,1083,1027,643,276,219,683,960,1118,1028,787,469,4,431,707,704,611,354,23,227,300,211,21,341,649,799,956,722,321,195,731,1237,1381,1492,1215,769,173,431,926,1251,1332,1164,861,416,4,336,568,38
22,420,388,275,567,756,195,390,801,576,19,459,755,413,153,319,298,44,208,198,128,148,292,227,97,268,156,228,51,234,214,65,326,51,1,70,137,74,60,35,197,261,29,189,390,231,191,66,162,429,400,485,147,200,415,476,327,228,169,225,182,306,411,625,165,41,351,572,177,45,195,322,473,471,1095,19,160,330,190,101,649,616,461,106,562,104,618,833,78,248,94,84,331,762,644,1195,273,351,344,283,625,529,160,677,226,282,382,421,674,16,22,393,320,40,458,120,138,60,110,29,81,126,267,16,176,136,1,92,94,182,36,139,85,110,169,81,743,254,91,147,414,266,331,352,56,229,254,275,189,232,79,431,200,446,74,72,798,327,309,427,71,310,23,165,40,789,349,146,607,240,104,422,268,477,241,91,168,84,234,505,291,336,159,1443,138,46,540,335,272,92,383,396,117,1024,80,19,85,283,232,137,481,421,195,50,474,59,174,88,43,92,894,599,633,150,252,75,139,1081,698,78,740,28,664,697,244,42,223,803,637,360,26,289,858,785,552,216,424,48,586,445,616,91,625,451,30,209,424,130,158,469,392,584,126,135,464,35
21,2,1033,990,793,477,83,311,662,913,1010,1115,790,479,106,288,633,892,1021,968,791,492,110,290,645,902,1037,988,815,478,102,308,670,926,1031,975,779,439,37,490,717,951,1030,941,697,347,56,467,801,989,1014,876,596,216,184,573,842,985,947,754,443,62,322,649,866,929,832,587,254,117,466,725,874,849,673,141,50,290,586,780,830,728,501,175,181,512,732,819,749,533,197,146,514,734,803,720,469,109,276,591,794,768,586,640,139,480,700,734,567,262,137,455,637,632,419,75,286,533,569,376,37,291,448,7,4,1,0,9,1,4,0,1,2,4,16,150,232,213,101,53,192,280,251,168,20,138,256,317,277,185,44,134,270,121,356,277,140,40,217,341,413,405,288,116,81,267,413,482,459,358,173,65,288,469,564,570,467,254,7,257,503,1029,700,613,408,120,219,511,737,836,789,592,280,99,470,770,944,964,806,492,78,358,752,1024,1128,1003,688,288,189,641,980,1165,1144,940,521,50,429,740,1124,1218,1101,799,374,129,605,987,1168,1185,1010,673,226,247,692,1007,1201,1139,932,583,140,316,725,997,1142,1071,874,1258,86,349,722,983,1084,1036,821,469,86,11
2,2,6,9,9,15,6,2,4,26,8,18,17,25,24,1,7,37,12,26,18,11,33,17,24,23,2,4,9,9,12,21,8,11,35,27,10,3,8,30,7,1,20,37,0,11,16,3,2,30,16,20,11,9,11,6,26,10,23,31,7,18,1,28,11,15,30,16,1,0,3,14,12,12,0,7,4,20,15,24,15,0,0,3,18,15,7,3,4,24,9,18,13,12,3,2,7,6,9,11,7,19,19,2,14,11,12,1,13,20,7,18,0,12,0,6,18,2,7,2,0,19,3,1,5,7,2,0,0,0,0,2,10,1,6,2,7,2,2,7,2,14,0,7,11,10,9,1,4,0,4,7,9,1,4,9,2,16,32,7,3,9,16,15,6,13,32,7,9,12,14,9,14,0,8,2,14,14,3,5,13,9,6,9,16,16,11,2,7,20,13,7,2,21,25,4,17,17,150,314,455,546,571,540,460,353,225,79,69,197,291,342,325,241,93,113,338,579,781,923,991,985,908,771,37,371,135,112,352,562,738,856,902,883,802,685,541,392,249,131,42,17,38,19,29,122,242,368,500,641,766,4,7,12,18,2
7,37,385,306,306,186,191,841,1619,180,490,126,379,164,796,177,403,46,787,307,1173,243,199,712,720,13,646,261,152,751,331,1069,836,547,619,989,491,461,40,230,981,280,367,268,228,132,203,566,157,594,417,217,106,609,655,779,595,1169,32,281,349,71,115,314,446,608,358,189,226,676,31,640,103,415,117,219,34,10,42,212,207,186,298,216,345,51,191,151,98,185,231,159,625,264,908,141,206,117,1108,134,976,198,646,83,298,126,94,69,352,84,468,104,497,68,376,138,185,153,38,222,18,361,161,543,2,1,158,81,362,192,130,95,133,68,39,244,498,75,488,66,150,371,583,719,165,514,131,642,545,47,136,419,441,314,475,358,712,34,157,529,109,853,116,35,212,61,499,102,327,682,331,232,343,178,300,243,375,449,160,472,52,588,50,16,311,431,154,798,614,115,91,195,416,231,625,421,303,210,106,182,53,68,13,2,244,78,41,19,61,925,164,7,806,268,895,203,240,559,202,245,601,1323,486,288,634,711,25,2,74,640,1174,554,1692,896,203,554,299,620,359,379,926,29,174,851,245,269,118,410,1093,229,267,169,353,457,425,82
4,37,49,26,9,27,74,2,60,199,37,3,96,75,136,23,26,91,22,165,139,40,4,14,49,113,92,44,99,163,198,63,0,47,7,15,8,113,155,147,12,146,34,25,19,93,160,111,25,63,26,122,17,2,49,34,27,62,93,62,165,80,43,6,23,14,19,16,86,167,137,52,9,19,24,161,51,61,44,123,66,43,72,3,85,94,96,49,32,7,31,0,100,88,106,105,118,22,123,57,17,72,78,60,28,109,93,165,33,118,47,64,87,35,48,89,25,42,13,93,16,48,61,76,61,71,11,30,16,4,46,14,4,63,427,149,262,464,332,3,274,290,148,22,18,16,98,334,483,287,267,888,1039,445,581,1284,1127,235,733,1131,73,86,418,497,358,311,395,329,154,828,1151,732,171,961,1071,593,45,474,561,515,422,303,26,591,1060,1048,418,44,0,32,124,73,36,28,9,11,49,93,28,60,48,130,36,198,69,9,58,38,72,40,24,47,125,42,11,41,11,75,35,6,51,105,0,38,189,185,27,87,54,76,181,41,92,226,54,13,157,24,102,40,0,25,35,50,93,2,63,59,25,63,29,40,179,37,36,0
75,64,47,196,380,70,215,379,359,404,543,38,28,304,129,109,346,72,264,135,367,364,227,272,105,135,48,19,252,177,3,133,48,43,51,274,327,379,155,371,156,175,109,202,232,155,24,381,614,175,232,175,93,121,151,5,387,560,142,240,10,139,237,175,434,421,60,29,148,71,694,336,683,16,491,197,30,252,157,223,245,124,188,2,108,5,39,99,64,292,19,298,212,226,381,22,356,265,574,606,538,872,377,1030,168,995,49,824,161,716,210,596,148,500,55,425,19,414,65,257,57,132,62,9,84,55,26,26,45,95,48,0,30,66,29,92,121,77,129,127,75,163,28,35,14,12,345,140,391,367,257,118,315,289,436,150,46,382,261,192,154,599,330,93,331,340,59,194,29,169,244,70,210,159,241,210,173,299,84,76,81,160,10,439,376,216,92,60,3,46,47,133,77,269,607,400,13,459,553,181,174,24,250,349,173,200,370,141,77,87,305,82,78,214,155,86,175,76,7,407,101,115,418,12,235,39,110,425,421,180,130,179,7,186,257,130,330,352,147,463,69,347,160,126,81,614,441,31,322,117,534,183,29,53,349,127
56,52,88,19,224,117,525,572,628,701,758,839,888,995,962,1005,985,980,952,939,854,656,406,187,13,80,106,139,115,27,205,392,341,800,912,979,982,948,815,542,230,111,271,382,298,193,54,309,559,825,951,1091,1170,1065,848,696,510,270,5,159,119,42,125,216,266,232,153,57,121,184,87,43,172,111,233,196,40,10,49,132,89,141,44,12,64,85,168,9,52,34,63,28,4,151,76,64,73,114,45,57,171,87,21,213,109,83,135,187,10,0,26,99,28,217,154,8,80,179,111,140,19,34,87,21,67,23,40,26,58,11,74,33,11,18,34,79,93,68,56,70,74,55,179,181,46,57,126,83,29,9,66,44,19,109,46,203,38,213,179,29,21,83,49,213,6,152,16,112,28,2,163,6,145,296,361,69,232,70,21,38,181,45,147,124,29,282,99,55,207,40,16,380,211,103,253,10,237,110,54,228,28,71,20,223,189,134,247,121,303,29,98,139,44,40,103,60,253,250,109,110,409,98,52,79,176,133,44,84,261,49,86,38,263,51,125,276,174,100,100,102,115,100,214,25,8,144,185,291,252,277,227,216,8,172,53,103
4,128,771,540,95,403,872,1177,1402,1395,1091,692,214,246,625,797,814,714,490,252,95,72,113,253,455,611,623,489,131,269,756,1206,1317,1407,1219,873,317,224,567,804,946,856,741,443,206,34,33,66,24,35,119,103,19,214,455,667,834,876,771,528,183,215,580,882,1037,1030,891,623,282,50,339,541,616,612,519,381,256,137,80,42,50,44,24,42,126,223,354,437,500,459,384,213,4,245,453,610,678,664,520,323,62,214,450,618,673,640,501,301,47,206,398,535,554,494,350,140,66,241,335,346,236,85,78,4,1,5,5,2,2,0,5,0,3,5,112,155,146,109,67,19,8,16,11,8,23,55,60,47,29,6,24,42,51,46,31,26,9,11,18,51,82,100,122,103,53,18,118,230,317,387,381,349,206,0,228,451,621,691,677,548,342,64,199,448,614,691,651,543,367,187,31,88,160,182,179,189,210,294,392,499,603,603,528,342,57,286,660,902,1117,1155,1006,661,299,107,504,710,829,902,749,695,407,171,6,96,14,77,49,26,165,407,698,972,1156,1192,1010,655,138,440,950,1323,1407,1457,1133,743,285,126,425,576,616,426,270,192,135,219,400,18
46,431,283,863,289,129,32,467,30,646,148,612,443,532,732,512,889,204,851,16,832,350,682,364,547,358,434,185,255,138,214,224,502,344,392,267,612,11,582,215,229,649,12,762,354,944,749,917,967,800,1101,689,1033,566,814,460,549,303,227,423,735,453,882,782,841,237,210,652,301,199,310,585,155,689,868,445,361,29,162,573,98,498,375,789,68,178,64,123,171,87,9,205,369,369,237,233,144,219,591,342,447,0,926,77,102,161,265,457,403,415,134,372,67,37,150,167,133,351,339,290,151,192,43,77,327,21,44,82,75,193,1,176,37,331,136,110,132,196,11,280,328,385,192,250,338,413,719,552,520,174,377,208,91,142,43,51,741,564,137,63,226,400,3,462,361,303,32,282,500,247,437,235,146,245,537,254,1033,9,227,285,637,96,306,322,893,49,318,251,651,847,325,322,460,177,185,315,449,430,225,236,982,11,12,191,307,50,261,50,318,103,254,244,43,39,164,108,120,8,367,110,455,583,278,203,434,251,553,332,1356,394,0,22,96,293,151,258,668,320,619,666,581,177,335,238,40,67,217,74,247,61,969,383,431,248,745,75
8,8,60,20,22,7,851,265,771,1506,1364,396,827,1624,1590,830,223,998,1207,818,167,300,316,26,171,60,292,548,453,61,349,414,14,330,589,390,242,967,1287,929,31,918,1410,1261,675,2,487,723,732,604,382,76,291,589,661,457,57,308,386,7,39,21,9,6,21,22,20,40,1,8,3,0,27,7,11,19,17,11,5,11,6,7,13,28,27,1,10,6,6,25,12,17,0,29,26,19,20,6,6,4,17,3,2,14,16,4,8,22,15,23,9,4,7,7,9,18,8,32,4,10,0,0,8,4,0,20,0,3,2,15,6,8,4,1,2,2,1,0,15,4,20,9,4,0,2,39,26,12,35,19,5,5,1,6,20,6,20,36,25,5,9,4,20,29,1,43,22,8,15,7,23,14,3,24,9,33,11,17,21,45,3,7,26,5,0,27,26,52,12,16,11,9,17,32,6,18,18,13,8,11,3,33,30,12,29,34,31,12,9,6,0,38,3,26,32,42,24,21,32,32,18,2,56,2,11,14,5,12,7,15,56,9,9,35,0,18,25,13,19,11,8,28,18,16,6,2,19,26,5,14,8,31,0,29,2,10
30,70,9,71,272,6,169,3,80,38,63,42,179,282,115,437,27,171,153,74,156,12,68,19,40,46,18,49,358,164,248,39,298,317,138,89,36,207,166,297,267,93,41,60,48,329,461,6,172,278,142,32,226,12,249,1,2,92,265,110,138,189,78,54,24,60,27,17,134,27,708,370,352,720,398,333,709,410,308,820,594,239,994,864,29,951,1053,180,750,844,157,544,581,35,558,433,199,715,478,316,839,483,400,821,246,582,710,105,860,649,323,1017,652,360,1008,609,336,827,383,348,513,13,354,27,28,14,3,33,139,18,5,60,61,17,279,192,118,197,4,91,95,44,91,4,39,24,51,310,24,165,200,154,91,137,116,64,108,182,96,213,265,158,177,97,93,80,39,42,82,284,267,217,95,83,37,161,203,27,22,121,171,338,15,344,50,411,57,158,170,134,32,114,29,237,187,125,30,204,99,249,69,143,9,383,256,126,73,116,12,287,133,115,258,36,107,57,217,135,11,473,222,206,104,127,134,294,68,39,349,371,219,199,162,169,46,163,120,164,200,41,17,3,109,137,47,148,182,122,73,114,88,65,235,8,61,136
53,102,220,241,566,349,598,280,542,236,133,710,70,337,12,140,265,621,493,126,212,553,125,538,202,564,91,144,19,75,251,169,50,230,73,220,178,19,264,286,702,230,18,131,46,74,462,25,95,147,200,0,414,345,157,331,355,4,175,697,136,306,142,40,40,247,466,297,526,398,382,47,320,275,126,296,94,89,185,70,92,438,334,15,250,445,7,250,517,40,157,571,12,416,303,51,288,124,496,142,185,184,434,11,525,25,139,330,248,77,165,22,123,43,109,120,88,244,112,200,273,42,11,117,67,52,130,140,61,14,160,59,89,195,137,154,108,97,88,68,129,74,104,133,315,174,123,112,60,94,326,35,59,293,233,272,40,120,161,261,276,172,213,70,463,142,465,514,143,437,130,57,47,341,32,328,307,386,334,59,14,678,73,661,206,292,342,139,399,219,41,238,161,73,136,379,318,189,8,138,134,479,667,38,846,705,240,756,35,472,191,827,79,1354,1303,442,1799,1387,445,1680,1243,229,1144,1127,67,695,745,246,161,442,478,435,143,437,616,251,152,276,422,508,90,668,1221,386,1038,1643,553,1267,1946,315,1533,383,211,46,345,94
7,7,1051,1021,959,867,745,605,443,273,75,961,282,455,613,748,864,947,995,1019,1001,949,868,761,624,464,289,92,106,297,477,639,776,891,976,1025,1057,1008,938,1252,707,538,360,167,40,243,438,624,736,880,966,1008,1012,978,903,777,638,465,274,82,114,309,488,646,769,844,893,906,876,814,716,584,430,233,69,662,292,459,593,702,780,819,825,772,681,589,430,257,73,121,310,489,633,765,803,808,765,660,510,322,85,121,350,290,666,741,755,689,553,370,138,105,319,506,607,630,565,403,179,69,304,442,454,1,2,1,1,2,3,3,2,6,0,9,158,222,233,196,117,13,89,184,263,294,299,268,206,128,39,68,145,250,306,127,369,362,326,268,199,85,3,103,217,310,386,443,474,489,470,417,363,271,159,38,96,222,331,461,553,614,671,1122,671,615,525,404,258,110,69,256,434,595,739,850,928,965,938,892,793,638,456,245,16,216,443,659,848,999,1101,1160,1167,1118,1019,889,686,477,264,455,241,474,693,878,1027,1138,1200,1199,1182,1084,959,802,616,406,196,38,289,501,689,855,985,1078,1133,1129,1121,1028,943,1645,632,451,253,48,157,353,532,682,814,9
18,18,15,167,12,84,42,61,221,93,223,66,39,116,174,113,22,183,129,250,42,161,156,196,46,41,167,45,4,19,52,119,75,242,25,140,1,106,113,77,196,113,121,32,199,146,91,143,120,2,313,263,151,197,0,135,69,9,13,2,164,178,9,65,226,119,28,69,196,101,49,0,41,260,101,84,111,26,56,5,142,3,15,150,149,75,208,47,88,123,101,164,122,23,14,75,18,59,107,12,65,49,31,127,46,87,1,13,30,77,55,79,164,33,71,88,5,30,103,72,0,26,143,27,17,7,46,59,20,29,2,76,17,60,29,0,61,108,54,232,30,15,191,7,63,173,59,41,9,58,18,95,91,44,94,57,28,5,80,132,46,115,16,55,63,40,180,161,62,102,179,33,113,72,30,85,74,18,67,15,171,19,134,161,11,60,57,94,51,46,74,22,198,30,160,3,126,31,166,618,577,1,612,738,264,465,895,680,131,954,1069,391,666,1251,880,136,956,941,296,453,624,248,257,369,61,360,325,157,675,675,65,738,1088,587,369,1085,1042,271,625,1005,676,51,696,837,393,381,808,675,69,609,827,73,104,106,229,51
77,176,510,514,213,257,1125,212,174,962,376,972,16,702,334,1102,625,1187,101,58,889,165,488,24,360,131,1225,122,1873,85,554,344,543,265,820,467,1146,92,569,193,467,807,1713,288,765,313,182,286,2,57,359,195,9,635,819,373,472,74,435,253,264,95,437,150,78,11,71,833,303,474,841,202,697,383,421,148,254,215,60,185,604,47,67,699,341,550,5,327,363,205,480,952,244,619,135,538,158,227,732,407,189,99,226,57,365,204,218,35,133,660,202,479,385,276,597,119,379,601,116,414,115,268,143,271,71,43,157,111,154,165,245,75,82,119,108,197,115,345,100,412,442,338,698,16,663,276,580,427,270,521,113,369,156,198,48,303,5,237,54,143,464,90,248,325,151,416,286,44,125,312,345,360,721,28,780,453,548,769,132,919,113,771,393,667,652,539,626,19,47,636,397,338,1,61,77,65,611,447,508,784,295,689,379,867,109,394,827,128,466,790,116,94,522,428,588,137,427,794,722,813,390,858,277,293,442,640,546,879,896,192,449,785,749,16,269,176,724,182,383,330,158,311,392,893,51,619,25,113,354,566,185,12,269,84,60,273
141,79,114,562,388,536,413,234,493,517,117,513,285,298,288,269,262,27,82,72,104,165,55,252,202,336,127,76,334,32,72,38,611,134,40,156,163,30,39,88,122,178,31,119,117,75,190,137,119,309,75,233,207,180,565,205,136,457,41,226,299,706,214,38,160,531,37,605,157,111,57,130,18,555,26,346,287,256,441,2,140,93,305,241,322,292,11,496,29,374,44,173,71,274,383,189,60,582,19,304,677,464,165,98,11,45,83,619,2,110,122,274,203,526,394,66,79,136,21,469,74,107,358,30,76,73,105,65,210,71,18,92,156,16,6,32,11,197,15,206,335,126,266,11,119,357,371,179,331,281,81,83,281,93,226,235,73,264,239,75,85,120,98,281,160,134,10,130,258,51,525,120,430,158,233,7,49,689,51,300,617,106,10,194,12,576,470,332,49,240,489,131,22,367,242,60,95,553,390,571,348,111,775,230,114,289,129,150,39,412,359,126,946,264,793,192,284,308,356,382,98,194,503,99,468,656,32,558,174,440,27,296,207,385,208,185,94,785,416,414,246,122,820,298,661,75,392,133,327,315,113,281,300,5,77,384
2,3,22,9,24,8,22,8,4,3,7,4,18,22,11,21,13,5,2,7,29,26,9,12,31,21,2,3,34,18,2,13,7,7,0,18,25,17,8,26,50,4,1,8,21,0,16,32,3,11,1,11,24,20,13,9,23,7,4,16,25,33,15,13,8,0,2,26,5,6,2,3,7,8,37,2,22,8,7,2,11,22,3,14,16,0,5,1,14,15,15,0,4,12,5,0,30,1,12,3,5,28,0,3,10,4,4,3,20,5,43,5,21,6,8,0,3,0,23,1,6,2,7,1,4,11,0,0,0,10,0,0,11,4,1,9,6,0,5,8,1,2,4,3,0,11,7,18,19,10,3,14,4,2,7,16,25,35,8,9,9,2,8,2,23,4,1,16,6,3,26,3,10,1,27,11,0,2,8,8,9,4,5,14,3,11,17,5,30,23,35,5,32,15,24,22,6,13,152,120,240,576,448,121,638,652,151,407,526,142,288,272,222,596,282,549,1079,691,353,1123,969,110,645,719,1,248,248,126,347,60,531,816,406,403,927,742,90,448,505,212,37,1,192,182,194,699,812,249,651,1185,848,15,12,31,3,6
40,96,327,88,411,254,191,379,175,92,553,345,1057,573,78,75,156,275,91,407,290,725,265,595,217,408,240,530,1398,205,1208,632,598,386,546,973,416,594,564,536,63,146,625,546,221,74,699,306,165,279,508,244,171,30,511,247,142,1343,1288,77,918,523,476,106,852,37,922,54,209,130,698,29,481,131,169,166,143,158,70,207,150,362,249,302,167,330,2,220,281,91,404,368,665,591,756,838,907,932,715,866,417,657,278,493,25,253,140,12,324,160,430,157,408,96,391,7,177,45,34,127,136,324,109,160,209,287,9,85,82,74,224,329,281,238,5,192,35,445,136,296,607,605,234,272,42,2,8,751,564,373,489,356,297,472,266,311,33,445,393,92,216,153,177,238,202,266,110,257,286,505,465,79,180,23,443,493,405,67,127,206,37,191,506,9,634,196,871,141,238,729,390,254,104,726,63,973,104,171,185,120,689,30,730,803,374,178,203,615,69,345,230,237,379,252,248,278,349,606,423,562,295,28,326,244,274,497,894,140,439,0,629,317,51,21,807,102,383,287,131,257,680,341,716,614,142,982,924,391,789,828,649,120,262,208,156,403
21,70,116,61,27,170,61,53,21,1,38,80,4,26,96,136,139,172,58,52,191,67,28,30,59,52,17,0,137,91,61,205,15,147,10,106,17,84,80,109,68,122,35,28,38,23,163,163,11,70,4,96,113,44,12,83,45,152,73,42,45,68,18,14,126,115,123,101,15,22,97,200,106,32,48,63,29,38,210,96,42,93,115,49,47,21,135,51,63,30,56,3,97,133,80,27,79,35,44,91,29,81,93,102,65,17,18,132,97,24,63,41,7,7,30,98,40,16,52,80,70,9,18,44,20,17,11,6,26,14,2,35,7,89,43,330,493,305,75,363,373,155,47,145,112,99,205,330,259,110,659,976,680,187,1071,1346,793,215,1011,1099,167,117,521,527,352,291,343,273,141,784,1119,805,4,760,1076,771,207,295,479,497,464,490,365,87,748,1194,1047,73,60,152,61,16,104,27,152,157,21,9,49,41,83,92,17,9,130,21,104,11,120,175,21,22,21,56,14,62,96,155,161,142,87,47,40,94,44,187,192,7,22,14,125,144,208,65,59,163,60,88,118,80,129,47,106,80,140,92,107,49,53,79,172,96,105,17,23,6
33,20,514,305,27,255,432,466,339,73,280,80,907,1042,1027,852,565,247,43,249,326,280,152,7,107,157,126,35,79,184,249,245,155,10,164,316,401,373,245,23,184,404,564,636,645,601,517,418,333,264,195,138,83,14,70,150,202,218,181,98,21,138,231,278,257,165,27,125,271,375,431,435,403,357,308,411,255,241,225,205,171,97,16,164,315,445,506,467,337,152,43,202,273,245,147,5,143,258,303,282,205,90,32,436,164,163,129,80,52,55,79,108,127,112,60,31,120,191,216,183,99,3,84,10,9,1,3,16,12,16,14,10,23,9,137,131,112,111,154,246,359,427,408,264,17,275,531,686,693,563,345,118,34,833,4,158,324,430,433,310,93,160,371,468,435,281,53,156,282,284,154,82,362,607,771,821,747,581,379,195,43,567,24,35,125,223,293,291,215,74,117,323,477,548,530,425,255,69,80,160,154,41,162,413,674,894,1031,1041,925,708,432,149,85,237,296,262,157,193,65,123,104,1,151,312,453,538,529,422,253,57,120,211,166,7,282,606,901,1084,1120,1007,759,424,64,240,454,57,472,299,80,135,291,334,245,67,162,102
68,29,873,1264,1322,1174,808,462,163,9,19,163,382,624,671,494,200,287,822,1124,1437,1445,1237,771,312,94,351,445,365,109,27,169,89,146,495,953,1228,1316,1002,748,397,44,476,690,776,790,604,393,196,125,168,328,525,637,672,562,291,55,462,813,1056,1142,1006,789,467,141,106,262,322,263,193,134,98,170,300,478,629,716,708,576,334,22,307,607,797,784,732,584,399,195,1,133,236,265,265,236,224,239,252,278,272,257,207,87,25,178,318,423,468,446,369,207,34,137,291,376,406,340,219,55,89,171,166,4,3,0,1,2,2,2,3,1,1,0,86,67,5,85,185,244,275,264,204,114,1,128,234,306,333,309,240,129,22,83,172,210,209,183,130,57,26,18,58,93,156,206,199,150,41,117,288,513,618,651,592,412,181,76,292,456,518,511,432,319,222,172,177,234,289,345,313,178,42,326,632,883,1049,1043,880,597,255,91,362,527,576,512,443,297,291,354,468,595,752,872,608,409,24,426,793,1336,1503,1349,1117,719,316,62,109,146,44,111,176,100,153,535,941,1322,1474,1490,1222,756,195,320,687,872,843,618,397,218,182,272,513,770,998,1049,1011,6
153,151,243,379,63,793,103,571,307,505,775,873,345,344,593,269,233,114,337,2,322,193,555,750,67,637,125,349,63,879,321,272,2,265,141,583,91,173,533,862,385,667,395,433,833,477,367,354,823,925,266,174,1017,931,391,65,809,453,1663,611,1257,406,479,507,154,109,262,38,613,779,1191,1930,1295,332,1680,1547,239,1106,1524,692,493,1015,776,18,404,668,328,82,340,80,31,147,289,304,190,894,553,339,1295,1032,236,1405,1385,10,1359,1614,430,1315,1484,293,1081,1210,56,789,551,140,406,77,11,64,37,128,46,133,95,171,145,150,155,44,133,573,113,355,159,419,163,279,269,286,35,124,251,317,178,9,303,138,405,357,485,65,313,151,317,423,60,183,117,250,5,59,119,46,975,885,169,373,289,241,911,75,88,511,153,758,201,307,193,23,151,28,269,242,577,139,543,335,341,137,351,18,195,50,235,387,103,45,445,165,196,1175,104,77,103,144,555,245,415,119,139,731,72,415,387,292,769,104,193,441,399,442,78,40,57,885,145,361,923,263,183,215,505,235,256,837,719,671,318,569,259,711,403,56,289,278,201,296,103,345,451,521,523,511,124,104
17,31,1437,1440,1344,1160,891,580,215,169,531,394,1140,1321,1419,1398,1295,1096,825,516,110,262,634,959,1204,1372,1441,1362,1258,1002,711,336,61,446,797,1079,1352,1423,1441,980,1124,822,458,55,338,716,1030,1301,1397,1418,1322,1104,802,442,27,327,714,1028,1237,1355,1354,1234,1024,718,379,8,379,720,997,1176,1242,1208,1080,843,528,999,136,498,795,1026,1146,1163,1082,893,605,265,90,438,748,987,1124,1120,1035,796,502,97,300,652,928,1081,1094,979,708,188,67,463,790,989,1018,891,605,234,172,534,800,889,774,478,93,322,611,699,519,4,1,5,7,2,3,7,3,13,5,0,124,26,198,330,369,296,157,10,193,334,414,425,370,259,96,59,259,386,478,914,478,381,233,57,133,309,454,589,605,587,501,354,165,38,261,441,612,722,763,724,622,453,239,17,279,553,766,424,996,982,869,665,389,86,267,621,897,1113,1243,1263,1169,948,646,270,146,577,955,1257,1460,1538,1443,1281,929,534,68,407,851,1228,1514,1669,1684,1524,1238,1891,423,57,538,960,1314,1561,1692,1671,1504,1236,881,440,30,493,905,1256,1518,1638,1607,1479,1244,914,523,84,359,783,1076,856,1488,1526,1462,1297,1032,706,295,101,484,7
29,125,5,18,140,13,751,763,685,637,687,673,772,933,1084,1292,1388,1485,1532,1502,1314,964,624,306,202,185,319,524,830,1047,1291,1374,157,871,388,67,645,1186,1607,1834,1722,1386,1044,670,413,293,326,506,801,1002,1171,1276,1306,1062,795,478,231,52,181,43,43,230,232,64,29,257,119,146,224,44,115,35,87,278,141,54,18,199,87,57,295,25,165,40,125,78,151,213,188,261,258,7,193,37,130,98,12,129,105,160,195,116,214,89,92,60,85,136,74,331,140,200,234,139,28,102,221,184,73,92,42,147,47,112,87,0,42,22,33,75,1,15,23,105,63,36,50,19,154,202,21,22,133,28,13,22,212,120,67,28,22,28,30,153,5,85,184,178,223,26,126,201,158,108,23,144,105,92,85,46,203,195,25,411,157,59,304,349,223,188,56,127,129,70,303,205,206,132,154,179,52,36,247,43,49,50,158,91,162,446,47,223,21,63,167,89,255,103,140,77,232,82,8,275,11,67,48,172,19,302,96,144,113,95,127,188,184,79,376,127,170,47,42,30,73,43,84,47,191,95,71,101,179,158,196,22,143,139,120,42,182,12,118,146,132,96
142,333,417,149,29,244,309,38,674,32,758,340,714,358,863,686,741,665,740,802,410,853,460,921,116,590,47,404,262,208,176,59,313,74,469,99,435,47,528,299,468,846,250,954,60,1285,246,1186,481,1359,463,1229,381,1256,273,955,76,561,108,174,253,795,6,537,769,192,73,138,865,585,813,711,332,134,36,150,88,183,61,169,557,303,955,172,627,203,669,153,479,85,32,209,531,165,465,360,54,23,170,6,403,194,304,416,219,148,37,189,69,199,273,447,25,139,379,112,62,365,187,20,233,106,273,140,335,15,24,459,127,173,139,191,193,10,457,153,29,13,139,271,327,521,209,99,345,659,223,88,245,409,585,111,107,159,45,535,475,293,475,136,407,132,845,555,277,227,101,385,336,80,435,160,59,279,319,157,381,589,305,279,149,521,290,187,643,517,232,787,531,297,649,228,245,36,293,269,380,211,229,881,59,290,373,28,223,433,21,20,62,15,885,99,87,755,979,751,707,79,477,246,1325,497,366,412,1143,811,47,34,125,333,393,491,269,405,587,105,43,107,566,885,428,609,599,113,712,141,941,649,189,265,178,23,333,139,16,25
24,6,17,9,15,15,637,1030,1041,653,36,796,1418,1746,1733,1413,875,286,261,641,793,703,434,135,84,125,8,238,456,552,486,292,61,230,432,467,310,71,536,991,1291,1351,1191,857,485,117,150,353,473,542,614,683,735,712,608,412,166,76,245,9,1,4,52,31,1,7,4,8,13,11,1,36,7,13,0,1,27,25,14,62,10,38,20,26,26,1,3,17,16,16,12,13,3,20,27,18,11,17,3,17,27,14,17,9,7,22,19,22,13,4,23,4,2,6,12,5,6,11,5,10,10,6,0,16,6,0,1,2,14,6,8,1,6,17,4,12,16,0,14,8,9,14,4,2,8,24,17,9,9,1,11,14,10,31,11,3,13,11,4,19,41,7,9,6,27,1,17,0,26,10,3,27,7,11,9,16,42,18,12,25,7,28,3,4,1,24,11,27,9,17,8,14,18,16,3,61,4,30,36,16,0,4,1,18,10,3,8,5,33,26,25,10,34,23,15,30,3,9,16,29,13,3,6,48,19,6,41,52,20,16,9,58,2,8,16,43,11,45,40,45,3,20,32,15,3,25,24,29,38,9,17,16,2,2,4,6
89,17,250,24,265,183,128,145,121,266,174,14,388,78,162,35,5,53,27,333,63,101,233,128,10,41,124,43,243,27,176,58,678,120,29,137,237,118,186,12,334,377,178,226,182,66,1,270,34,253,76,106,58,130,95,125,121,143,103,230,82,200,146,22,294,50,279,246,268,51,270,639,69,713,11,727,108,716,266,769,510,738,762,628,957,399,1116,122,1028,46,805,107,610,42,627,17,155,35,788,41,825,83,852,69,793,67,839,186,936,257,1021,231,1050,105,1051,10,922,59,742,8,493,147,254,72,77,47,49,83,29,32,56,65,52,7,2,32,66,50,60,89,10,18,91,44,2,1,97,290,10,292,75,20,94,100,14,165,78,196,125,288,46,88,203,24,106,21,282,104,126,59,179,6,26,109,434,71,179,98,12,169,147,0,165,4,229,83,109,157,42,271,137,70,13,364,103,196,74,109,246,88,257,293,188,157,157,31,60,149,56,275,273,25,59,4,8,5,74,8,163,114,95,360,134,226,518,15,183,248,59,72,391,64,99,26,100,176,255,69,372,4,68,14,89,152,118,35,168,144,40,303,12,227,249,10,243,58
56,156,152,0,193,44,57,161,463,92,37,256,159,104,228,70,24,58,219,83,304,112,2,83,42,121,147,21,54,91,240,56,63,358,324,99,215,72,60,108,28,334,145,3,4,170,173,143,167,36,18,56,217,172,72,99,72,215,107,22,203,95,3,167,161,228,95,103,212,319,17,13,66,5,186,105,11,24,8,275,10,212,72,226,41,269,146,43,60,19,63,105,249,112,7,4,192,41,137,33,16,9,157,59,51,84,201,43,63,278,165,68,71,56,123,257,4,172,116,138,5,61,119,87,27,54,16,20,103,138,8,5,46,97,110,48,37,139,52,159,106,122,102,170,0,166,233,250,190,94,118,91,453,15,21,2,3,82,301,21,234,1,247,132,85,3,86,100,112,98,14,181,126,184,129,61,73,238,39,19,74,64,104,105,76,108,326,17,129,12,85,65,239,168,40,146,229,174,182,182,210,229,226,166,198,214,209,163,63,5,199,340,503,639,775,871,962,1065,1049,1060,953,929,828,754,45,556,439,310,180,36,65,161,250,172,204,147,93,65,25,10,30,8,16,39,53,121,147,166,240,281,358,8,11,3,95,17
0,28,110,38,142,17,108,105,249,117,134,190,136,6,6,19,6,129,3,70,157,188,70,22,54,75,30,1,79,196,0,357,18,64,30,110,35,20,175,114,101,12,332,44,102,318,255,136,48,81,75,93,8,92,206,98,104,8,2,179,32,20,32,80,34,60,71,201,112,252,161,101,139,45,79,183,218,198,47,89,73,98,53,63,41,201,32,139,64,60,132,15,88,49,76,27,99,62,170,131,23,14,133,46,46,3,121,15,149,200,3,97,7,151,115,140,14,103,12,80,18,25,0,12,3,3,9,17,57,20,1,36,11,36,91,48,30,57,56,69,125,20,116,27,29,29,59,52,3,53,41,104,76,248,6,44,13,32,66,58,127,65,26,16,149,89,69,68,127,122,31,47,91,195,80,132,144,38,201,104,50,47,2,1,66,106,50,74,42,252,261,60,133,87,39,112,12,162,404,547,686,742,727,644,454,294,70,192,477,735,965,1176,1312,1298,1233,1039,835,553,271,4,198,323,329,256,398,69,228,463,662,805,949,986,963,807,638,417,186,49,278,519,632,745,818,856,859,758,650,490,313,146,34,109,41,120,57,38
106,2,727,76,442,147,238,1365,587,614,1153,626,760,688,362,427,689,630,200,289,607,439,45,528,20,431,129,479,239,507,153,285,180,704,544,234,284,102,317,611,33,243,284,18,86,270,5,653,109,230,33,230,820,14,92,212,64,29,273,114,531,315,285,351,851,143,504,164,175,1361,571,522,679,268,43,115,673,122,113,613,195,92,906,667,138,423,421,112,299,1034,50,22,682,138,178,349,23,208,636,411,598,330,52,125,629,142,633,1125,353,18,302,89,10,244,535,442,85,486,81,50,283,428,66,161,358,28,299,112,143,195,26,95,47,137,300,148,353,267,264,502,144,701,45,717,142,754,302,622,334,622,440,492,370,457,368,595,272,562,252,460,226,311,286,134,320,383,79,428,346,21,547,181,713,505,525,752,444,878,212,934,160,936,60,913,271,733,376,675,529,266,140,326,696,264,439,309,16,286,475,757,542,217,210,176,65,523,860,674,327,522,115,311,982,127,102,865,424,413,920,35,475,813,154,2,1617,122,278,53,475,116,327,63,1019,727,469,221,105,147,56,648,791,143,1053,344,452,171,48,241,111,371,123,46,238,92,337,590
78,13,533,836,996,1077,949,607,180,365,800,1216,1463,1437,1230,744,300,180,577,748,817,704,556,308,116,60,96,259,376,527,579,510,215,155,604,1035,1288,1391,1028,762,394,55,518,836,973,1122,909,679,381,91,142,298,353,316,230,166,154,158,225,357,447,529,502,401,171,96,410,695,895,988,906,701,404,41,325,638,854,913,860,683,445,167,92,323,467,474,484,424,330,220,113,35,68,119,172,195,216,229,233,213,167,94,3,98,175,240,261,231,153,64,52,152,223,232,179,80,60,208,305,332,263,98,92,9,1,8,2,3,3,2,0,3,1,1,159,79,26,131,208,248,240,207,139,63,12,94,149,189,195,181,145,89,4,80,163,224,274,274,227,152,37,103,237,363,420,443,380,272,85,111,315,529,663,672,596,418,187,81,330,517,636,653,587,444,258,62,98,202,271,270,276,250,246,274,315,374,430,406,314,133,126,427,699,919,1047,998,843,479,74,366,779,936,1052,1104,844,545,246,75,322,632,619,611,548,407,306,329,416,437,627,567,473,242,118,534,972,1323,1450,1461,1167,695,132,444,945,1245,1378,1222,939,597,230,67,209,323,252,119,33,1
5,16,1063,826,559,270,29,313,636,852,1085,213,1369,1422,1414,1347,1219,1004,793,524,231,69,383,666,922,1133,1297,1395,1426,1395,1309,1158,949,688,390,69,263,544,849,2029,1278,1403,1468,1447,1353,1180,935,678,380,42,288,600,880,1110,1255,1392,1392,1339,1217,1027,782,495,187,131,429,708,928,1111,1224,1269,1241,1132,936,746,505,992,86,377,639,858,1028,1129,1176,1111,982,836,593,319,18,292,576,814,1006,1124,1143,1066,900,656,355,8,337,626,901,1133,1094,1006,810,524,183,158,498,740,878,932,804,550,212,155,471,689,734,570,263,15,3,1,4,4,1,0,5,6,7,6,279,319,288,187,29,141,285,370,411,392,314,195,53,98,245,360,435,486,483,916,339,207,56,102,251,396,506,582,607,596,545,448,315,159,12,209,402,542,674,766,812,800,734,620,464,269,49,299,421,646,845,996,1082,1121,1082,992,813,572,293,18,342,653,940,1190,1344,1433,1449,1371,1208,963,642,309,60,465,825,1137,1386,1566,1664,1689,1560,1363,1085,1769,415,15,388,754,1081,1349,1568,1658,1674,1616,1474,1261,987,660,303,51,459,800,1083,1322,1491,1583,1598,1528,1402,1230,957,373,370,45,285,596,873,1105,1310,1424,1505,12
134,226,462,238,98,16,77,614,47,629,320,521,598,120,649,145,405,339,23,91,93,99,106,121,283,161,401,280,262,217,295,396,250,317,247,3,70,15,102,249,170,140,100,17,170,270,135,195,49,255,400,191,333,298,88,317,313,258,385,389,227,266,500,165,457,205,217,799,135,1080,391,462,135,25,78,141,361,366,288,677,375,37,399,262,170,341,290,428,134,185,408,729,1274,71,234,304,441,989,224,43,496,231,303,870,65,146,54,271,2,277,474,178,416,333,477,1031,109,479,22,101,87,550,217,39,283,118,102,88,362,19,39,61,224,387,1,4,237,377,203,160,225,203,0,224,106,22,47,185,146,57,424,435,380,560,25,9,404,669,413,261,243,611,29,64,309,98,181,48,352,131,109,324,158,172,370,490,557,283,187,9,650,553,275,623,813,576,60,642,169,78,775,695,158,240,297,348,254,549,542,375,297,194,1,1423,185,833,495,258,685,482,369,52,34,831,816,150,209,93,489,304,1149,531,910,484,108,133,326,317,105,210,109,1437,251,407,865,579,324,112,85,1145,289,124,632,398,657,941,251,35,537,408,1109,209,178,237,893,316
6,9,7,17,8,22,4,17,1,1,11,14,25,32,9,10,2,20,14,13,28,11,4,11,4,32,19,16,8,16,12,29,1,5,7,22,1,19,9,1,24,19,13,6,3,39,19,13,21,8,0,15,20,4,3,1,8,14,1,28,3,16,18,3,36,10,6,7,4,15,2,4,4,11,21,13,4,23,2,10,28,25,4,3,15,14,6,12,21,7,4,13,1,0,12,8,1,8,13,6,3,7,7,6,2,22,20,3,7,4,2,5,36,13,5,4,8,16,12,3,15,8,9,4,2,3,1,1,5,8,0,0,7,1,1,1,3,5,0,7,9,9,0,17,2,23,0,24,7,2,3,30,35,8,12,13,5,5,12,5,26,9,6,23,6,2,3,7,5,7,6,6,21,6,10,16,2,4,0,17,1,17,2,12,2,3,1,11,4,1,7,2,8,12,17,16,12,23,170,231,11,384,671,625,260,235,581,593,280,143,374,226,230,668,699,195,606,1192,1209,633,179,805,916,571,9,303,285,44,399,495,205,346,843,974,665,102,384,580,461,202,8,13,208,424,463,178,365,924,1183,958,292,7,36,6,8,4
75,23,5,258,1,272,547,924,136,392,345,835,647,104,1013,1060,353,144,140,56,85,513,44,545,533,279,500,120,95,215,297,968,165,519,25,632,321,536,408,736,222,1429,169,378,352,132,389,157,570,648,400,813,301,237,317,1073,293,130,667,562,218,18,1481,105,176,9,170,48,212,547,715,318,64,160,67,103,34,134,214,57,282,404,224,89,299,194,158,21,25,63,288,631,391,395,1076,901,539,1182,1275,334,773,941,504,151,330,186,94,263,190,103,509,454,70,390,409,15,240,204,101,79,6,222,379,28,92,61,11,112,39,127,186,28,96,285,206,67,102,216,310,81,93,142,214,94,113,96,68,432,262,383,455,137,123,184,101,57,19,828,173,867,171,112,809,341,434,403,415,832,53,165,238,262,829,239,449,598,345,585,881,135,170,47,725,25,879,131,579,8,369,397,108,37,922,672,444,326,87,202,184,186,200,375,756,193,463,206,344,182,93,360,496,20,618,36,217,442,418,1444,591,924,171,443,31,656,748,234,753,393,347,526,441,418,1031,280,799,271,11,1304,309,59,712,410,217,418,258,172,181,85,926,122,38,129,91,141,504,487
32,23,36,35,119,119,63,25,135,51,7,129,68,26,92,138,30,0,74,13,187,76,63,85,36,82,9,56,13,16,148,118,125,13,47,102,8,179,101,36,36,99,31,107,127,66,44,41,7,111,137,44,108,94,86,51,54,182,100,27,33,69,67,1,14,32,36,160,9,46,18,43,82,49,47,10,70,15,122,30,63,215,132,118,26,26,2,4,8,20,73,18,9,18,7,1,9,29,40,65,115,84,13,35,30,8,106,61,52,33,5,69,68,73,8,49,56,30,54,4,68,18,84,34,11,40,35,47,7,3,1,20,6,10,98,301,531,404,45,303,420,273,40,87,105,71,106,294,445,307,207,840,1129,754,201,1115,1377,866,66,835,65,699,150,235,329,269,385,584,661,295,394,1023,1134,696,71,634,760,575,288,86,1,208,588,958,957,445,394,90,123,62,107,42,98,4,200,99,68,18,17,59,112,48,124,140,66,77,160,43,42,13,13,104,131,172,85,258,16,9,78,153,140,169,55,4,2,106,80,103,59,98,81,49,45,7,4,74,59,58,17,35,11,19,136,230,59,46,101,79,210,66,51,46,58,51,20,18
0,1,2,0,2,0,275,331,320,225,54,151,382,598,769,873,899,838,699,493,241,17,252,456,602,703,773,817,849,863,848,793,5,507,271,6,299,559,737,781,659,394,35,355,708,960,1054,1033,916,697,435,167,73,279,424,517,579,630,687,1,6,5,5,9,7,0,4,7,0,7,1,4,4,2,1,0,0,5,1,2,0,1,0,0,3,3,1,0,2,3,1,1,1,3,3,1,0,2,1,0,1,3,0,8,0,3,5,1,1,0,4,3,0,2,0,0,0,0,1,0,1,0,0,1,0,1,0,0,1,1,0,0,1,1,0,0,0,3,0,0,0,2,2,1,0,2,1,0,0,1,3,5,1,4,1,1,0,1,0,1,1,1,1,2,0,2,3,0,2,0,3,2,0,0,0,1,2,3,1,1,0,1,1,0,0,0,1,0,0,0,0,1,0,1,2,0,0,3,3,1,0,0,2,1,1,3,0,0,2,1,1,1,6,6,1,1,2,7,2,1,0,6,0,1,0,0,0,3,2,1,1,1,1,1,5,3,0,3,1,0,1,3,6,4,2,0,1,6,3,2,3,1,1,2,1,0
73,125,33,116,51,417,337,276,123,55,604,68,236,106,25,614,180,278,108,177,53,231,409,211,252,126,115,331,124,195,110,143,367,511,339,315,232,126,256,177,255,351,124,331,214,473,34,182,169,228,92,13,284,167,2,139,98,288,112,15,226,150,404,313,226,156,198,232,51,377,107,873,893,361,474,984,544,140,666,564,132,161,467,555,268,354,809,523,191,631,528,70,300,339,268,152,57,477,625,113,603,888,345,540,1045,551,573,1072,457,424,743,380,210,504,295,38,295,351,32,330,272,51,242,31,39,167,142,16,3,49,82,65,82,43,15,31,10,63,43,66,30,20,57,147,145,242,11,93,197,142,267,266,341,126,45,19,182,126,13,239,150,74,150,542,101,137,111,186,277,200,373,78,149,365,114,217,229,316,239,302,85,172,141,169,513,44,270,56,180,110,5,356,138,4,236,338,278,44,116,422,103,239,3,516,50,148,340,594,89,269,91,72,115,106,181,22,17,452,57,179,323,276,198,78,156,224,41,564,316,130,37,86,235,498,417,334,170,66,102,126,35,159,204,348,458,126,411,20,100,124,129,252,11,511,203,63
31,3,1035,939,754,485,167,171,468,738,921,514,1003,886,677,392,63,289,568,797,960,1027,982,826,586,282,43,373,677,897,1027,1041,941,733,451,124,235,554,820,1393,1051,994,828,567,243,106,462,749,943,1035,1004,857,614,296,57,394,672,909,993,976,842,606,303,19,342,638,807,917,900,769,551,269,41,354,613,591,853,831,692,470,192,113,404,653,794,823,766,591,334,26,283,557,751,835,784,599,323,3,325,588,776,796,674,75,118,224,514,700,737,622,367,44,292,527,638,588,378,64,252,484,530,355,61,1,2,0,6,3,2,1,0,2,5,1,170,68,77,208,266,243,143,2,137,248,306,297,223,102,43,179,298,349,354,645,167,13,153,289,385,427,391,322,179,9,169,323,436,491,488,405,278,92,116,314,477,581,606,555,435,251,6,269,473,650,751,761,668,491,230,81,370,636,837,935,914,774,504,180,163,513,809,1014,1098,1045,843,552,166,250,635,940,1133,1193,1107,880,538,132,291,591,977,1167,1225,1135,915,591,188,228,598,926,1132,1208,1151,967,679,327,113,469,804,1035,1149,1139,1007,768,446,81,317,651,886,1054,1102,1038,864,608,268,60,402,5
38,19,709,1107,1275,1317,1133,653,187,385,836,1164,1345,1173,960,521,189,92,222,210,87,108,183,177,58,221,605,1025,1205,1275,1233,832,289,273,801,1234,1395,1299,872,562,252,33,236,237,196,114,7,22,33,196,428,700,857,911,823,566,204,218,644,952,1113,1138,945,682,314,41,328,522,584,562,455,329,230,180,161,206,227,263,235,117,41,264,487,670,779,685,581,391,114,183,452,662,798,803,692,476,212,73,322,525,667,679,606,451,242,6,211,402,514,553,505,372,190,29,237,401,492,507,403,235,14,185,291,2,5,0,0,0,0,3,3,1,1,5,44,78,58,2,89,190,259,295,259,208,100,29,167,269,362,378,350,258,141,12,158,285,361,375,357,271,154,27,82,166,213,210,187,143,94,69,70,92,150,211,213,160,74,83,263,465,624,702,663,531,286,13,340,629,819,889,841,653,412,130,116,289,384,424,363,334,300,303,332,415,493,508,442,274,3,346,704,930,1134,1217,989,667,285,174,537,1040,1138,1079,983,701,363,186,70,36,176,206,220,114,109,446,807,1221,1343,1440,1198,749,182,410,938,1244,1360,1234,958,592,255,33,143,182,73,88,155,28
35,19,22,227,84,314,334,118,6,17,121,264,456,662,877,1015,1132,1228,1365,1371,1295,1140,883,563,317,102,41,30,150,337,498,706,167,1044,1089,1002,831,683,395,84,265,491,584,550,424,233,36,195,414,506,581,681,614,606,481,373,193,65,111,82,238,119,37,23,132,30,141,178,131,316,2,205,59,297,39,182,148,136,140,174,14,53,212,112,4,240,161,89,297,78,245,105,40,146,61,115,213,43,181,75,126,304,20,47,217,57,112,42,42,130,369,47,126,97,35,115,12,91,137,11,101,96,44,4,103,57,118,1,23,5,30,80,2,8,52,28,66,111,132,71,95,195,1,200,99,74,129,16,61,23,61,47,200,7,96,167,140,11,285,272,58,64,99,98,136,98,102,23,57,70,51,74,70,59,113,253,238,59,120,98,290,21,67,375,43,132,102,77,158,376,206,85,11,139,21,212,259,60,42,168,74,29,198,14,341,95,124,43,119,132,85,400,22,149,21,383,46,37,57,202,192,56,135,295,217,73,42,91,182,153,147,220,21,99,19,419,81,517,98,238,266,189,132,209,271,32,14,338,165,155,112,18,91,517,5,12
189,375,12,135,109,272,124,197,160,490,822,217,652,1012,193,735,947,232,755,930,290,767,932,90,585,530,69,358,11,110,100,396,587,87,601,395,133,551,563,363,455,730,602,144,1026,942,258,1232,1000,465,1396,729,578,1192,302,788,622,187,387,920,56,213,30,355,1255,795,279,19,365,142,22,162,449,29,216,153,133,691,63,588,344,632,437,84,59,615,106,307,109,760,601,90,109,156,93,442,81,213,363,120,661,160,1474,283,216,379,126,57,344,288,282,907,532,591,376,209,262,282,19,157,192,117,169,60,39,155,108,50,85,66,67,311,219,77,236,569,153,588,87,102,168,173,75,12,259,204,4,227,295,26,98,597,153,497,214,5,11,354,415,125,278,542,310,417,334,12,248,408,340,333,210,324,214,70,314,848,253,101,392,678,228,429,16,340,216,467,102,365,331,477,574,243,47,570,396,486,411,725,299,919,4,246,32,721,340,67,678,884,338,448,475,545,585,1049,741,634,194,0,629,349,644,219,626,396,335,518,210,22,557,60,163,101,443,441,78,312,393,196,297,372,59,2,1028,61,276,8,655,400,431,1028,749,505,161,6,212,410
16,0,11,5,36,24,783,1024,1042,847,478,15,465,902,1228,1434,1493,1435,1287,1038,753,441,172,19,85,38,107,300,464,556,539,421,12,13,298,596,850,1003,1012,897,657,347,23,251,436,536,571,562,519,477,453,468,513,567,599,611,555,444,292,29,31,33,13,0,34,13,8,2,29,3,5,12,25,26,8,2,2,39,35,0,2,29,7,11,3,15,0,29,34,2,16,18,23,13,0,6,27,4,24,10,16,13,0,17,3,5,18,8,18,2,34,5,21,6,3,3,9,0,22,16,3,4,13,0,6,1,0,5,7,5,4,8,8,7,3,10,3,15,10,2,14,8,17,3,12,6,10,5,14,13,21,2,12,2,3,12,10,8,14,14,17,4,26,2,16,26,1,1,0,22,4,22,4,5,3,26,20,5,36,15,7,16,35,24,6,21,33,11,30,3,10,8,18,57,36,24,9,8,3,0,8,0,8,3,4,11,7,31,27,11,5,11,33,3,19,11,0,12,7,0,4,53,36,12,6,17,7,11,11,2,18,15,19,4,6,51,22,3,29,6,21,22,48,21,38,19,20,1,23,16,26,13,35,10,6,31
43,96,162,140,31,106,42,388,99,11,121,4,192,358,241,237,81,135,22,185,108,563,284,411,132,23,304,22,224,35,176,227,77,154,181,148,73,69,8,315,135,84,30,152,24,142,78,106,60,219,17,232,63,180,19,476,16,110,431,360,15,11,234,302,179,87,338,72,25,96,523,787,416,255,769,657,49,596,832,401,400,1027,921,149,795,1227,826,179,958,890,175,491,650,173,452,601,8,466,794,434,331,840,614,204,751,564,295,893,598,286,973,842,54,861,967,295,575,854,363,287,525,138,267,10,7,47,62,32,21,41,92,25,13,69,155,11,36,22,3,125,267,10,39,227,4,68,181,257,43,46,211,145,41,5,132,51,289,180,194,60,44,5,105,181,92,80,41,79,53,78,6,27,27,77,32,101,68,5,61,20,180,258,62,164,28,89,286,213,123,49,32,94,2,31,14,147,91,39,107,219,46,136,24,81,305,189,40,121,156,125,220,103,219,18,133,46,690,54,262,130,127,359,184,31,0,94,126,276,203,260,116,347,157,6,26,230,245,10,115,268,65,8,568,205,225,353,123,7,110,100,37,175,209,204,128,48
14,171,109,10,50,13,358,13,66,63,116,153,501,345,107,523,233,34,141,107,183,125,177,13,309,201,69,115,218,15,130,49,212,56,230,183,248,360,4,325,54,134,33,220,298,71,248,266,197,51,161,102,121,82,50,306,204,118,494,180,15,119,32,12,190,107,5,144,109,182,27,165,90,267,130,35,93,97,79,135,232,58,138,133,156,177,356,51,107,86,60,110,55,68,281,28,47,152,94,2,178,220,182,38,248,184,93,279,74,173,200,197,2,197,137,224,8,25,53,5,74,44,9,19,77,115,16,29,63,70,40,53,36,49,76,61,18,44,89,25,221,45,144,94,126,98,56,223,342,81,107,10,220,221,162,82,104,59,165,204,175,22,153,36,84,165,229,77,208,15,79,181,75,50,131,18,16,133,413,43,137,47,222,77,74,62,23,404,77,109,85,199,56,12,150,114,139,18,365,106,28,35,52,167,279,205,15,152,70,191,315,84,428,857,810,241,515,1062,1094,567,213,662,782,522,468,220,297,94,4,97,271,357,250,74,302,291,223,182,203,188,39,368,617,586,270,234,714,923,618,8,651,271,204,80,123,41
16,72,115,51,239,38,102,91,12,124,2,59,5,59,194,78,283,80,155,53,54,187,115,51,60,138,56,149,154,188,375,117,18,87,94,190,443,237,10,116,93,122,26,1,93,22,0,171,163,39,126,64,80,7,66,130,205,66,93,100,61,130,139,9,23,87,7,4,50,71,40,36,71,23,47,46,86,102,2,237,17,28,0,101,58,201,184,34,101,312,25,35,9,108,9,134,50,22,261,173,46,62,38,50,98,34,12,62,176,79,32,125,86,47,223,26,156,118,100,52,99,14,88,90,52,33,34,9,71,21,44,57,65,25,22,33,39,62,26,34,22,60,52,168,64,103,9,57,165,60,357,96,223,24,21,28,24,43,55,17,160,75,67,54,3,9,44,26,160,61,21,52,64,81,168,45,51,30,165,36,142,139,41,165,58,142,334,58,72,32,146,16,80,86,32,119,99,251,132,615,603,20,653,678,138,586,888,417,400,1026,841,5,900,1125,460,506,982,638,131,604,446,47,308,66,54,267,150,580,532,84,792,925,294,607,1045,719,105,831,869,298,392,804,556,99,621,671,167,496,724,373,318,101,91,87,168,147
56,29,318,12,770,637,43,587,45,339,609,286,268,193,890,297,355,158,685,743,497,217,300,793,250,591,71,15,112,510,429,249,109,40,4,536,1205,7,161,315,35,853,132,198,34,996,224,643,95,459,257,864,50,136,54,862,195,240,607,4,768,897,203,553,230,17,82,266,210,632,68,144,346,249,133,170,19,363,533,303,623,484,47,59,12,19,282,155,556,23,113,367,188,507,798,249,650,757,483,907,6,43,227,81,364,151,362,289,91,451,122,503,70,169,495,39,307,188,81,341,230,115,126,126,123,120,11,122,226,19,184,419,21,85,86,85,171,320,56,585,482,266,764,374,595,908,204,617,755,51,659,509,136,672,246,409,355,20,486,226,215,53,22,257,369,148,535,524,99,443,857,553,155,897,590,234,710,623,71,810,527,201,713,431,487,680,25,562,699,56,297,281,444,173,882,1022,64,421,335,1049,244,661,420,149,228,718,1049,1070,612,304,25,279,31,597,574,192,595,463,425,172,740,427,990,306,1000,278,377,337,71,684,969,186,73,958,376,599,796,511,39,678,969,458,97,494,417,503,542,584,171,661,86,538,519,40,997,265
114,234,121,366,621,985,772,454,830,683,1002,964,879,610,829,560,579,138,210,139,49,115,266,90,431,42,367,142,642,54,496,319,85,233,72,153,121,92,71,278,54,182,104,406,107,333,133,214,469,96,506,276,455,310,449,529,417,777,313,150,1069,876,97,523,775,443,1127,923,24,275,218,625,290,1936,72,756,573,56,459,447,240,23,468,329,177,283,587,695,245,374,434,116,172,1221,1391,1936,553,1151,153,1413,277,379,1285,551,665,709,9,365,108,669,540,477,283,39,359,317,725,156,431,747,133,83,179,75,275,549,17,585,251,245,275,191,126,10,559,57,455,44,355,453,113,661,121,401,615,105,424,903,201,447,495,194,807,611,130,270,109,129,409,273,163,48,293,93,343,289,314,16,525,95,171,1083,279,297,114,314,478,223,32,739,532,245,55,162,345,227,57,385,811,1561,540,141,32,507,915,145,1467,99,613,943,883,179,146,1243,663,105,837,152,340,565,367,981,659,905,1944,503,621,6,323,1344,717,446,357,927,463,411,364,5,1281,299,46,763,58,51,685,1023,335,601,985,412,483,799,124,692,1497,206,287,9,685,915,685,911,569,346,101,443
5,102,255,99,72,230,370,486,560,592,591,546,477,377,272,164,51,39,110,148,164,150,100,41,36,115,191,251,287,294,262,193,98,24,162,311,453,578,679,893,783,782,756,700,648,578,517,469,429,399,387,376,372,363,346,314,269,213,143,61,21,113,199,274,345,394,428,437,435,412,382,349,304,275,253,477,251,276,310,355,401,440,471,493,497,479,445,394,321,232,146,49,44,124,196,240,257,251,220,169,106,41,19,414,96,96,88,64,28,1,16,19,6,22,62,111,152,184,204,207,194,166,132,4,15,1,9,8,6,2,7,0,31,36,148,126,108,104,118,162,235,338,454,573,674,741,764,735,650,524,371,213,75,598,83,83,27,68,189,313,418,493,521,496,419,300,144,23,193,353,486,589,657,686,677,644,585,506,421,336,262,544,147,118,108,119,146,186,230,277,317,346,362,360,336,285,216,122,12,121,266,414,564,698,819,915,991,1025,1031,1005,953,871,770,654,525,394,259,241,17,75,139,177,188,169,123,67,2,61,111,130,135,98,39,57,167,295,429,561,672,762,825,851,842,791,704,68,443,275,98,73,238,384,492,565,593,6
6,1,968,1048,1035,922,726,467,169,167,453,171,903,1007,1020,941,770,518,226,86,415,682,892,1015,1044,970,799,565,252,62,380,661,882,1016,1058,994,838,552,271,948,414,702,920,1039,1056,981,774,477,158,174,495,764,949,1031,1002,871,642,351,26,298,592,811,940,969,895,713,473,162,147,437,675,832,895,848,741,835,233,55,342,584,756,833,823,706,498,243,51,343,590,762,829,780,636,391,110,220,502,708,812,780,625,374,60,670,553,719,756,651,423,125,198,473,639,663,528,268,50,348,531,549,384,83,211,7,0,4,4,1,1,5,1,4,1,3,119,215,236,176,53,95,201,282,297,222,113,20,154,260,332,318,277,167,38,202,245,350,404,392,334,207,61,110,264,388,462,474,425,318,183,4,179,361,502,576,580,512,377,194,20,244,459,205,718,733,657,499,275,5,292,561,755,882,915,837,656,394,57,266,586,850,1020,1085,1017,833,544,155,209,577,889,1098,1184,1147,984,701,338,59,462,1027,1067,1209,1218,1099,870,554,160,245,602,919,1124,1209,1173,1028,773,448,73,298,648,919,1098,1165,1116,960,711,388,47,546,614,869,1037,1104,1063,923,701,397,82,25
34,126,1135,773,214,293,662,820,822,726,463,196,84,102,286,492,780,949,952,630,247,238,779,1147,1351,1388,1183,817,343,38,311,386,320,172,8,98,46,140,356,605,861,983,1035,747,389,40,457,790,992,1034,865,610,361,133,4,15,5,115,153,164,70,130,389,656,870,954,934,734,410,40,321,617,799,833,774,587,394,202,50,37,55,33,22,31,76,161,279,429,522,572,543,415,216,35,290,525,695,760,710,568,364,87,174,413,572,655,627,515,348,127,87,297,443,542,526,435,277,64,140,324,421,416,294,0,4,9,2,4,2,3,1,0,6,1,184,230,240,205,135,57,27,104,158,200,201,192,152,80,1,101,198,286,320,316,283,181,41,129,292,419,485,478,418,285,102,102,276,402,481,463,394,304,162,29,57,101,95,67,42,44,96,197,342,504,619,625,556,379,103,224,554,797,916,916,795,564,286,39,159,268,294,292,229,216,263,375,533,666,770,802,690,356,26,410,783,1008,1125,1114,874,729,317,47,327,404,286,169,116,146,237,442,730,1027,1214,1246,1026,650,94,503,974,1300,1281,1252,943,580,240,31,29,37,120,314,357,224,29,390,853,30
17,3,11,19,5,20,25,0,12,20,2,24,17,16,6,33,13,23,20,50,30,0,33,1,0,2,18,7,4,17,16,18,16,20,13,12,53,32,16,2,9,9,2,5,32,3,6,7,8,2,12,2,0,0,6,25,25,7,20,20,5,0,38,4,14,33,12,1,12,9,11,5,3,12,3,12,21,0,6,13,8,1,27,7,4,9,8,12,6,9,6,12,6,20,3,15,0,10,17,28,8,19,9,10,9,23,6,16,20,26,8,13,3,10,16,14,13,10,4,11,5,8,5,10,3,4,14,4,1,0,0,1,8,3,1,7,5,21,11,6,15,4,1,1,11,8,21,8,8,24,6,22,25,5,10,14,16,15,18,15,4,25,4,13,12,3,8,2,15,22,14,5,6,6,9,1,2,1,13,8,8,5,1,3,14,7,9,1,8,0,1,5,8,0,19,4,2,9,131,308,315,126,200,518,689,662,433,92,225,390,320,25,373,691,740,430,144,767,1197,1284,997,484,58,445,7,423,101,233,433,380,94,329,723,942,895,631,278,37,218,216,86,96,218,218,37,303,713,1044,1166,1021,610,0,14,2,6,14
160,344,82,264,120,163,325,122,452,237,306,525,28,787,629,146,581,1215,1268,95,1244,324,652,1281,749,275,397,750,212,330,318,407,560,322,293,8,469,463,551,715,393,416,306,396,1346,132,301,865,334,189,816,115,154,712,123,445,1177,723,270,112,113,108,172,11,776,397,71,790,79,476,687,506,201,463,37,165,51,66,183,240,118,437,233,312,420,1,231,177,101,276,113,539,645,188,1150,682,358,1192,6,1094,765,317,689,206,322,292,191,158,130,406,240,255,477,5,384,133,46,107,27,134,13,261,13,167,1,36,91,91,53,326,16,174,0,297,26,186,300,240,12,316,339,796,7,26,483,21,385,18,161,68,81,262,352,524,366,18,768,111,205,548,192,538,293,414,184,127,597,448,213,147,195,77,153,587,87,518,317,315,36,239,247,153,146,88,35,97,120,480,9,785,394,294,1083,37,496,545,147,698,832,101,461,406,385,555,84,43,266,15,506,261,950,411,14,50,226,293,45,210,358,364,132,184,79,546,372,181,129,746,116,296,451,275,161,258,1298,27,282,571,352,4,384,146,309,87,16,673,116,300,1240,430,181,698,252,143,477,53
28,39,6,72,137,19,0,71,184,80,140,78,89,29,29,8,7,38,55,75,99,235,59,34,52,28,25,3,206,96,16,30,74,2,27,60,149,51,46,47,50,140,75,32,103,16,58,136,10,86,138,48,76,122,52,99,162,14,69,145,37,141,93,61,77,90,51,29,51,38,189,46,145,118,41,7,107,69,1,16,54,85,34,100,57,76,2,38,127,69,42,63,47,84,28,15,23,33,49,65,132,1,171,94,39,36,63,85,52,67,137,83,33,37,2,19,63,1,6,13,49,69,12,33,32,21,36,3,53,4,6,20,66,10,297,56,244,448,474,301,58,123,211,171,130,154,256,383,453,271,121,661,1112,1238,890,194,609,1134,1230,940,29,99,394,431,298,250,351,614,808,718,339,313,855,1118,1025,657,243,56,217,291,334,506,758,960,919,545,35,86,60,55,23,105,42,46,22,79,73,53,6,40,47,36,6,54,80,59,15,3,106,82,81,70,20,129,123,153,37,20,12,13,11,130,152,130,50,38,162,59,79,53,22,96,59,50,41,60,4,46,68,46,87,67,82,134,3,45,120,62,167,147,6,150,50,12,111,27
4,2,1,3,0,1,260,163,10,229,443,585,630,554,368,96,225,551,843,1025,1109,1060,914,677,406,153,79,286,468,630,753,824,3,715,505,208,131,454,687,750,603,286,140,566,890,1024,984,759,424,57,302,607,820,930,946,892,805,702,583,2,4,3,3,0,0,0,2,4,7,0,4,3,2,4,0,0,0,1,2,2,0,0,0,3,5,2,0,1,1,2,4,0,4,1,0,1,2,2,0,0,2,6,3,3,1,4,0,2,0,1,1,0,0,3,0,3,1,2,0,0,0,0,0,0,1,0,2,0,1,1,1,0,0,1,1,2,3,1,1,2,0,4,1,1,0,2,1,2,0,0,0,3,0,3,1,0,2,0,1,1,1,5,1,1,0,0,1,3,2,0,3,1,4,0,3,0,1,0,2,1,3,0,0,2,1,0,1,4,0,0,1,0,1,0,1,2,0,3,0,2,0,5,4,3,2,2,0,1,3,1,3,1,0,2,0,2,1,5,2,1,2,0,0,0,1,3,2,2,0,1,0,4,3,4,1,2,1,0,1,1,0,0,8,7,11,5,2,3,1,2,3,2,2,2,2,3
56,111,79,183,26,341,28,254,493,241,385,103,133,1075,330,627,645,684,1253,1,785,40,187,515,461,28,502,701,695,485,855,457,991,360,543,403,1045,380,679,593,1141,194,201,85,109,465,239,508,44,388,29,441,100,179,505,472,79,319,348,226,210,195,711,657,99,457,599,375,173,379,892,187,1166,1616,1463,851,214,1075,1473,1070,440,316,785,1173,1039,370,417,899,607,235,8,18,283,189,178,755,857,765,162,1400,1915,1217,57,1341,1909,1501,337,1039,1710,1299,422,676,1214,834,19,361,331,242,194,159,44,256,296,225,39,151,281,19,341,135,165,171,13,30,93,603,499,347,203,523,73,64,17,235,125,469,257,372,419,409,73,765,1067,513,475,385,70,1301,833,609,0,302,412,797,178,479,59,16,525,519,225,251,225,807,161,25,547,539,6,191,380,1394,586,253,643,407,323,379,579,645,63,577,383,74,221,26,249,163,651,553,141,703,188,447,62,84,319,572,621,92,530,445,453,419,409,192,540,31,725,715,1023,243,1115,365,266,161,478,1109,139,234,574,459,507,93,659,38,71,1089,445,384,67,141,555,201,48,529,133,88,87,52,371,148,453,389,196,171
6,37,73,196,302,128,63,815,1189,809,236,208,195,21,45,357,682,693,310,376,821,767,336,86,178,229,84,580,838,610,109,499,38,390,256,737,584,124,1002,1426,912,249,1227,1514,1144,380,291,709,914,948,791,456,169,894,1407,1245,441,510,1090,0,16,179,34,159,313,35,141,19,357,112,87,186,87,69,224,95,33,143,116,46,48,78,39,115,94,513,162,49,70,15,107,266,186,20,30,0,17,56,39,185,114,137,68,207,289,87,225,185,113,78,112,121,60,72,275,9,11,22,57,5,111,68,25,73,0,15,84,46,24,90,32,68,28,11,12,182,116,54,18,148,66,45,78,271,118,67,44,120,166,54,98,8,105,89,51,69,66,152,256,179,207,144,27,121,22,177,61,51,147,168,55,229,98,200,145,9,2,99,16,88,274,64,89,278,76,11,119,436,120,205,172,3,36,141,95,239,80,229,243,63,44,124,144,114,51,279,85,59,76,223,114,233,185,320,69,116,294,31,49,72,448,145,120,141,288,10,276,76,8,273,438,106,397,8,32,70,165,171,89,6,45,144,160,52,161,141,83,22,68,82,55,47,134,26,122,33
37,125,7,8,389,399,129,575,17,647,25,885,465,870,667,711,924,481,1010,296,1113,122,828,81,530,131,600,133,68,91,202,424,113,411,263,287,533,220,615,240,525,563,282,1099,76,1430,170,1459,387,1481,537,1207,695,1042,416,756,313,384,19,285,498,481,500,47,175,803,513,676,168,53,99,303,427,243,263,111,452,475,147,249,403,637,345,515,199,74,259,703,217,95,473,71,471,76,591,186,446,973,234,551,13,133,211,575,213,587,188,573,343,148,46,203,231,187,611,35,175,417,90,100,279,517,221,101,333,13,89,88,10,60,95,216,111,153,68,335,22,67,281,100,425,519,210,180,349,11,119,291,243,8,491,647,609,545,599,349,125,47,139,587,88,467,32,122,319,452,231,120,393,715,151,317,289,126,205,86,571,20,237,417,71,195,789,449,265,439,500,68,132,159,181,157,363,125,61,75,681,199,273,545,569,301,655,502,439,609,358,69,345,213,1737,79,237,36,157,335,1001,135,339,21,22,1159,749,145,51,901,331,289,401,1001,202,293,751,70,303,255,407,613,601,401,1385,561,867,263,305,953,522,561,123,158,695,363,807,134,311,183
7,6,1,8,1,14,510,280,86,503,877,1140,1238,1206,1051,797,505,218,36,229,328,331,242,81,85,217,267,238,121,30,177,270,13,220,71,167,466,755,970,1075,1052,897,683,447,253,105,18,39,68,85,117,171,254,338,409,445,433,357,229,18,18,10,2,30,2,4,3,21,9,2,9,5,9,18,22,32,6,9,1,4,7,12,1,8,14,8,18,7,14,7,4,2,51,16,10,0,3,0,14,0,25,16,25,4,12,10,1,0,18,5,5,3,7,11,9,1,6,21,4,10,1,4,3,2,5,6,2,5,0,1,4,0,2,4,2,0,4,8,0,4,9,13,0,11,4,6,6,10,1,4,0,5,2,13,30,4,9,12,16,15,9,28,23,16,17,15,9,25,21,1,2,11,35,0,1,4,11,10,29,9,22,12,10,6,21,16,6,0,3,2,13,8,17,14,14,3,13,7,39,5,2,0,2,35,3,4,26,20,4,25,1,8,18,16,15,0,1,12,3,3,10,2,30,2,11,2,42,1,7,4,16,6,5,2,20,27,9,0,5,14,44,0,0,30,28,4,14,0,4,9,16,14,6,9,16,9
6,49,8,63,278,65,0,10,229,88,178,83,191,218,89,88,109,141,286,49,227,465,187,159,25,58,3,142,39,181,174,171,261,68,88,74,214,113,290,162,184,97,77,160,389,31,15,55,170,66,49,85,14,41,11,136,31,157,9,97,230,25,70,126,204,51,137,152,378,63,209,561,547,293,690,23,719,412,574,725,245,1057,314,937,881,455,1161,228,968,623,545,738,216,668,32,707,112,681,435,553,693,305,788,23,791,67,802,224,842,527,767,841,463,1048,28,982,375,736,518,438,452,248,273,88,44,22,28,7,34,21,29,4,3,32,104,89,81,50,46,3,62,15,187,27,99,31,109,131,26,9,27,89,23,146,49,91,79,161,10,63,132,199,209,180,75,299,39,1,179,133,267,69,27,128,129,26,41,82,133,255,131,17,72,141,150,47,283,51,111,193,276,25,167,104,145,64,149,133,51,4,113,301,321,449,22,168,10,640,59,58,105,255,163,14,246,267,11,88,109,175,64,135,95,166,325,158,244,61,20,184,243,190,247,183,27,209,155,36,172,109,273,97,47,141,229,164,6,38,181,202,381,24,205,19,1,1
37,9,71,148,40,27,57,132,165,149,441,163,308,303,172,299,162,18,148,650,151,348,562,28,100,172,317,49,267,505,10,254,406,532,9,139,305,167,48,54,187,92,177,110,388,473,72,562,57,10,97,70,239,45,366,256,30,258,146,177,472,186,79,284,191,396,163,16,319,163,249,134,87,150,418,65,165,57,54,221,20,163,329,44,169,148,256,219,296,113,121,325,46,220,19,194,470,229,119,159,383,265,11,143,55,248,24,363,21,147,304,99,246,265,108,111,39,35,57,142,122,80,269,33,84,10,6,33,92,55,62,111,35,128,124,45,50,138,174,70,20,149,119,24,13,233,75,314,24,46,273,8,145,55,355,573,164,5,89,59,10,247,49,65,229,163,109,22,15,33,194,68,143,187,0,224,494,111,250,194,166,236,429,90,267,225,118,141,246,118,156,164,452,297,161,369,202,174,240,482,466,234,249,188,68,103,312,193,187,437,116,602,1120,859,59,1128,1551,1287,285,647,1075,1021,655,142,96,474,464,248,257,216,229,36,332,570,540,284,67,100,85,38,341,610,618,294,297,794,1085,859,28,864,1307,115,106,28,16,120
20,134,900,660,166,370,853,1083,1213,1097,726,390,144,55,154,387,724,892,965,661,275,240,757,1108,1240,1206,894,573,221,52,58,283,496,738,794,732,356,124,518,874,1122,1026,950,584,299,93,17,75,209,356,497,470,251,81,467,837,1101,1131,1023,782,457,148,79,188,164,79,26,86,33,130,375,618,845,954,922,702,442,106,176,397,487,504,411,305,236,199,220,306,391,461,435,368,191,47,299,527,694,764,741,585,398,150,80,274,424,484,497,433,343,222,89,25,134,215,268,279,263,200,95,34,174,274,306,1,7,0,4,1,4,2,2,3,0,1,159,227,264,255,195,97,16,144,240,328,359,333,258,143,8,134,253,328,360,336,251,148,35,44,99,109,74,35,14,29,10,94,203,332,435,478,446,345,132,114,341,518,588,571,473,334,200,128,102,165,247,295,296,205,9,277,594,820,956,945,821,559,273,29,142,217,173,119,68,92,215,426,707,933,1068,1081,905,517,170,182,483,532,531,488,308,291,290,455,729,1008,1242,1254,1106,655,134,411,865,1097,1075,884,714,381,243,282,474,701,952,1093,955,624,106,444,871,1149,1239,1011,670,392,170,119,291,15
32,19,70,165,389,598,777,909,1020,1020,1013,960,816,655,459,233,4,253,453,643,814,936,1013,1030,1002,910,772,589,382,114,117,353,573,758,911,995,1056,1021,939,1293,634,412,170,88,343,570,770,925,1011,1043,1010,915,765,567,351,75,178,411,622,793,914,970,966,893,776,607,392,165,68,300,509,679,804,873,893,586,736,571,377,159,66,285,480,647,768,822,820,751,624,441,215,12,254,475,667,773,824,790,681,500,266,1,252,236,677,756,749,645,458,219,48,289,497,633,652,554,356,83,177,395,516,473,282,1,6,6,2,4,4,6,3,0,1,3,87,31,146,234,262,234,167,62,65,177,262,311,317,281,204,112,3,110,221,180,362,386,371,318,240,115,24,141,260,364,439,485,492,452,368,273,134,23,174,319,448,552,613,649,625,546,441,617,111,87,286,474,632,758,843,853,820,715,558,350,108,143,399,640,831,973,1060,1066,1007,873,660,421,129,183,469,732,949,1097,1181,1182,1116,1004,758,172,224,89,388,660,894,1070,1176,1222,1186,1080,915,692,437,152,140,411,673,879,1041,1138,1163,1125,1026,880,673,448,180,346,332,566,766,922,1027,1080,1063,1001,895,0
61,105,737,326,455,160,111,371,686,552,24,425,644,624,131,184,411,382,143,44,223,165,140,9,248,355,223,100,281,372,360,133,658,230,252,249,12,39,110,177,268,169,100,69,283,283,88,159,176,76,224,255,210,38,539,564,430,178,190,265,578,74,640,389,132,615,611,138,463,267,393,89,429,711,1093,217,117,250,290,282,216,181,23,673,1230,70,459,123,484,16,414,327,344,104,154,347,335,519,35,355,508,545,149,419,328,70,60,461,489,331,511,255,517,416,16,647,144,306,2,146,339,313,317,181,219,18,160,11,238,30,18,68,367,154,132,44,54,203,393,390,307,135,210,40,292,55,404,771,162,164,776,123,466,314,540,105,292,441,353,101,626,417,338,310,199,236,260,181,194,15,322,742,611,585,861,689,254,99,229,383,514,317,220,35,539,412,199,35,350,213,23,2,43,9,153,628,373,238,775,529,207,33,200,836,74,227,324,288,1045,355,623,241,380,123,413,941,702,42,319,896,519,719,1014,430,1267,844,405,17,67,358,601,304,720,667,325,156,649,2,670,858,369,368,30,548,665,16,545,290,59,770,144,481,718,243,358,290
71,16,381,209,21,174,354,495,581,616,594,518,402,246,75,81,213,308,360,367,327,240,136,18,93,193,253,278,258,202,113,10,101,190,265,294,277,223,129,55,85,184,260,307,312,301,261,229,190,155,141,136,154,172,192,205,209,199,166,113,44,45,143,239,331,407,464,498,501,488,448,398,344,287,242,558,192,200,224,264,318,369,415,439,438,401,332,236,119,5,129,230,303,336,329,275,201,100,2,108,187,238,254,348,206,160,105,65,39,36,47,73,103,132,148,145,117,75,17,46,113,177,221,5,30,5,34,26,3,1,14,27,9,12,198,166,147,156,201,282,388,497,597,660,659,607,501,346,176,21,96,157,140,764,61,227,392,523,610,623,577,467,313,149,2,114,169,167,103,21,167,335,492,624,720,772,770,725,647,548,427,342,193,100,31,2,5,19,68,131,205,273,323,347,351,319,255,162,35,112,272,435,594,740,854,931,968,971,932,852,740,619,489,366,259,183,143,937,164,212,288,376,458,521,560,556,518,433,306,147,32,226,413,569,693,761,777,730,638,503,346,181,22,122,222,457,286,239,147,21,130,294,443,557,633,35
9,15,11,3,20,23,21,2,11,49,4,15,12,40,14,12,0,7,0,13,6,18,6,16,33,16,13,2,9,8,10,3,11,14,5,14,6,12,21,13,12,13,8,6,5,19,19,9,20,34,5,17,23,2,54,13,1,10,2,4,7,17,6,8,0,31,2,11,6,8,2,6,28,4,7,27,1,3,16,7,19,8,16,24,2,18,4,2,13,14,11,2,23,0,8,12,24,0,15,1,11,5,8,14,3,11,18,10,11,6,5,7,3,2,6,0,6,20,13,4,1,10,9,8,3,2,13,10,2,2,7,4,1,9,7,3,2,2,6,1,4,1,7,6,15,9,5,0,11,12,1,4,5,4,9,8,6,1,29,3,3,3,0,1,2,14,39,4,16,15,14,25,3,1,9,19,1,18,4,2,10,8,2,8,31,2,3,7,30,24,6,16,6,11,2,16,0,3,138,19,216,472,622,593,388,84,219,430,475,322,33,296,498,458,137,376,892,1220,1223,903,385,147,534,685,12,317,19,280,362,215,100,482,781,901,798,531,205,66,218,214,95,76,218,261,163,93,455,829,1076,1122,916,21,8,3,17,4
16,30,46,130,129,94,14,64,19,24,93,169,80,23,2,6,66,96,54,34,85,53,16,35,114,55,37,0,52,146,10,30,49,25,8,158,146,37,38,62,80,62,13,12,20,125,150,18,4,7,107,55,29,138,86,37,11,3,46,14,61,25,27,80,115,18,20,42,177,66,19,178,49,102,97,8,126,92,62,6,94,47,93,94,10,11,48,59,80,51,18,44,14,23,9,31,56,104,47,122,47,47,58,110,54,129,2,26,139,65,137,58,174,4,76,54,43,90,84,7,38,14,56,30,75,53,11,17,11,16,0,10,3,5,58,243,457,472,284,1,203,275,240,160,120,145,182,173,6,331,720,978,871,358,365,1019,1309,1113,548,119,37,768,623,391,233,252,343,372,85,414,923,1187,1045,563,39,503,711,682,549,420,414,393,269,67,581,1078,1280,2,61,77,59,37,39,52,63,54,174,19,5,30,33,107,67,42,34,8,121,31,54,14,28,23,94,20,168,8,145,25,189,11,221,148,1,25,67,33,13,49,37,90,10,56,118,78,69,41,96,22,76,26,13,70,42,51,101,9,108,71,7,55,65,21,99,15,94,47
14,1,2,0,0,1,305,271,152,45,278,503,660,733,698,558,330,44,272,583,845,1016,1062,1036,956,818,660,495,321,136,69,287,0,686,802,807,676,411,54,334,672,868,867,667,323,82,480,799,994,1030,991,830,606,365,144,30,161,273,383,2,0,4,5,2,7,4,5,3,2,1,0,1,3,1,1,1,3,0,1,2,0,0,0,2,8,2,0,3,0,5,0,3,1,3,1,0,1,0,2,0,1,1,2,0,1,2,4,1,0,2,0,2,3,0,4,3,1,2,2,1,3,4,0,0,2,0,1,0,0,0,1,0,0,1,0,0,2,2,1,0,0,1,3,0,2,0,2,2,2,0,0,1,1,2,1,0,0,2,3,0,0,0,0,0,1,3,2,0,0,1,1,1,0,1,1,0,1,0,0,1,4,1,2,1,2,2,5,0,5,0,1,0,0,1,1,0,1,1,1,1,2,1,1,2,2,0,1,3,0,5,1,1,0,0,0,1,2,1,0,7,4,2,1,2,1,0,1,0,0,2,1,0,0,2,1,3,0,0,0,0,1,1,7,0,12,0,7,1,5,0,0,1,1,3,1,2
12,1,1048,1008,932,831,704,555,392,200,35,726,351,526,679,810,915,980,1039,1047,988,937,845,720,569,396,214,25,197,379,545,706,836,937,1017,1047,1042,997,915,311,653,476,279,78,132,336,529,705,839,944,1011,1036,1021,969,878,743,561,367,175,30,235,423,594,744,836,904,941,930,873,785,657,505,336,158,49,304,404,558,680,772,830,838,826,753,634,523,342,154,40,235,427,569,724,798,817,798,715,582,411,189,29,249,462,813,736,781,751,633,462,266,10,211,421,564,639,618,516,328,90,169,378,481,435,5,5,3,5,2,0,1,5,1,2,1,141,216,238,207,131,24,77,178,246,294,302,273,216,143,37,46,141,240,313,573,387,376,343,280,212,110,4,99,215,316,398,458,496,513,486,438,386,281,167,39,103,237,378,474,567,649,694,234,687,622,525,396,243,91,103,302,477,635,774,878,949,975,952,898,784,623,430,214,21,260,482,719,889,1036,1141,1186,1178,1121,1017,867,677,446,194,406,304,539,756,942,1083,1176,1222,1215,1188,1070,935,768,574,353,119,120,369,562,740,900,1021,1109,1153,1157,1113,1014,900,89,579,392,197,8,212,390,596,738,863,18
18,0,147,134,405,646,842,986,1036,1003,903,455,521,268,10,285,543,759,914,1013,1013,961,819,615,363,81,206,482,730,892,1013,1041,989,857,660,398,116,185,465,2,916,1029,1055,994,852,635,357,67,240,525,767,938,1027,1026,933,756,541,248,50,338,593,786,911,968,931,780,596,346,67,212,465,671,817,875,876,437,616,393,133,136,385,597,741,827,818,722,563,336,72,201,449,651,789,831,768,606,373,95,199,472,682,771,796,930,452,162,146,419,619,716,676,516,268,20,318,532,616,550,351,61,230,432,466,2,3,5,5,8,6,4,1,9,3,1,13,134,223,246,202,93,33,152,272,303,289,226,120,5,142,244,324,359,340,80,162,32,106,237,346,414,441,374,319,197,49,109,260,386,480,519,518,448,328,173,12,201,365,528,637,666,653,1015,416,219,12,252,484,658,802,855,839,734,550,301,15,269,568,797,976,1041,1021,906,699,421,84,250,599,875,1065,1167,1166,1055,850,566,212,146,496,759,1043,1179,1218,1150,985,748,412,76,274,612,884,1078,1181,1190,1101,929,664,353,27,302,605,854,1032,1125,1126,1050,866,1462,361,59,245,527,765,940,1050,1063,1020,1
4,57,83,80,38,257,528,758,1057,1092,940,663,227,312,846,1147,1437,1448,1223,741,295,132,528,703,725,633,456,269,127,77,140,317,457,562,602,522,240,145,468,734,1059,1088,1093,784,384,32,445,776,997,1063,894,698,403,114,111,255,358,285,260,186,149,172,238,337,433,482,471,372,162,102,399,650,848,924,871,670,381,27,305,614,807,886,841,675,439,154,86,305,457,537,526,471,355,214,72,56,174,258,306,311,305,246,157,65,53,144,236,284,280,238,140,29,126,246,334,342,298,160,18,203,364,419,360,1,4,0,2,0,2,0,1,2,4,12,182,217,218,166,107,33,29,69,78,82,62,45,21,7,9,16,36,35,48,36,36,22,7,38,79,126,157,167,145,101,8,96,216,310,383,408,352,260,70,147,381,580,676,703,614,431,174,112,383,604,711,747,642,481,275,50,153,266,342,350,343,297,274,282,317,354,384,354,259,92,152,423,729,912,1010,1004,823,430,77,361,750,1004,1111,1130,891,722,296,118,453,687,626,543,480,383,297,272,362,459,560,605,455,260,96,536,930,1321,1392,1431,1133,702,151,408,878,1167,1302,1155,845,567,194,57,217,38
22,27,154,38,30,23,235,410,492,535,504,375,174,0,255,436,633,795,940,1071,1007,849,723,627,520,554,666,743,743,662,644,562,35,403,295,167,58,78,122,172,290,299,321,328,383,378,393,385,389,427,461,522,620,749,906,1060,1050,1009,895,26,11,430,144,171,153,202,231,206,25,14,312,142,119,74,335,40,103,96,56,381,0,207,241,139,68,147,101,221,67,4,29,174,261,75,128,108,78,211,1,6,59,84,53,170,16,39,241,233,197,59,20,11,189,147,178,24,18,202,32,31,10,71,83,11,60,100,97,62,66,35,124,38,61,73,49,18,57,11,54,122,62,53,23,136,63,132,87,58,74,16,201,37,57,17,185,303,124,52,54,124,95,23,29,78,2,306,229,112,31,28,65,94,196,2,205,4,14,111,5,124,124,55,101,14,222,126,96,117,65,112,47,21,145,158,15,165,48,108,180,17,183,9,249,41,20,20,67,146,294,118,158,89,152,125,80,140,17,190,52,335,105,106,189,119,265,347,54,73,77,236,125,167,177,207,56,33,154,50,56,126,239,135,353,13,371,20,224,139,115,149,139,88,156,50,157,112
105,432,115,142,198,127,135,73,610,127,740,638,619,949,143,1052,433,735,799,235,961,282,658,604,394,639,32,296,27,84,331,295,317,497,243,613,204,540,509,123,702,723,247,1087,600,1013,1134,442,1590,45,1300,623,1094,926,590,953,160,713,61,160,636,5,113,25,240,882,241,187,1600,222,306,172,330,390,74,126,562,271,182,174,363,191,607,257,25,90,75,164,606,424,50,224,864,915,289,251,623,809,135,470,158,22,604,1138,130,321,585,126,36,284,569,602,358,381,358,25,191,225,403,7,64,74,271,158,105,137,241,29,92,88,79,37,140,146,19,91,18,199,751,2,166,245,78,296,457,60,444,129,469,139,383,120,213,9,220,372,130,5,630,580,292,85,397,199,393,472,314,633,442,335,524,134,46,780,154,21,145,23,802,49,355,299,508,68,36,591,924,16,193,756,418,502,191,1,442,321,11,361,148,4,1090,233,783,417,470,395,799,463,1132,318,381,814,64,56,9,209,472,660,449,893,510,171,139,69,511,230,61,649,1124,464,1351,229,413,234,74,200,635,205,68,268,711,425,583,1112,155,140,82,153,61,101,754,434,16,147,160,862
65,102,105,334,438,715,77,692,810,247,611,845,225,588,709,25,845,717,288,1279,1059,155,1281,1323,262,761,1066,583,191,489,398,8,823,20,311,300,249,866,820,195,1246,1077,123,1342,1051,275,1352,996,463,1430,964,590,1512,941,479,1408,924,377,1229,119,112,285,272,341,123,382,813,250,178,126,265,655,339,452,849,331,676,1114,445,842,1370,549,920,1496,611,814,1438,606,699,1227,455,746,1020,166,887,870,217,1077,827,462,1189,670,638,1083,171,925,774,518,1302,419,1131,1538,136,1408,1437,91,1290,995,269,818,348,287,234,307,143,54,189,43,23,151,25,259,120,1,29,44,195,119,29,250,191,185,344,300,81,293,376,213,191,251,59,15,19,37,458,109,355,106,287,233,188,122,245,307,89,122,431,147,130,340,67,674,7,338,32,256,150,726,323,37,59,184,482,303,94,387,282,200,403,341,176,36,428,12,230,341,245,177,247,809,324,244,79,184,784,227,444,17,284,226,207,268,221,164,30,260,92,653,222,48,36,128,250,435,580,108,205,788,155,476,593,93,290,70,282,452,90,370,90,960,33,169,71,736,340,155,333,126,372,364,253,480,383,143,226,132
3,2,2,15,10,10,841,637,201,373,940,1394,1654,1749,1649,1384,992,596,201,132,367,434,353,142,120,372,528,578,480,282,33,206,40,452,404,210,128,543,957,1291,1494,1520,1392,1152,874,625,440,298,223,196,182,132,50,53,169,284,374,397,349,17,8,41,13,31,11,18,25,22,25,22,21,19,11,10,5,2,18,27,26,3,15,3,13,9,7,5,24,29,13,5,3,16,12,8,8,17,0,19,29,17,7,35,4,6,7,33,28,15,41,7,24,1,6,25,5,15,13,7,2,24,1,5,8,0,9,2,4,3,2,1,1,4,1,3,5,3,17,9,16,8,2,14,11,23,14,6,14,17,10,7,5,8,34,15,12,3,7,3,11,31,33,14,24,12,16,21,20,7,28,47,23,21,2,0,9,4,11,13,1,15,16,2,1,7,26,2,23,2,24,3,16,4,4,12,3,31,4,27,28,36,20,21,8,13,28,3,21,18,27,28,5,15,40,30,41,21,6,26,0,50,1,12,7,0,5,4,3,13,6,9,29,24,3,3,16,19,21,23,13,3,15,33,15,7,23,28,15,0,56,25,7,10,18,38,39,7
52,66,329,440,278,54,366,476,284,147,628,439,860,465,104,615,855,777,457,88,172,251,170,32,47,22,94,219,267,187,18,147,203,81,153,368,428,249,106,586,729,723,485,132,207,420,502,476,393,276,153,6,135,251,311,292,184,42,85,139,90,41,186,257,207,31,201,394,459,381,198,14,186,279,295,572,249,217,163,62,86,264,396,431,326,99,162,347,389,262,23,194,298,229,34,185,307,269,82,142,293,296,165,326,149,185,129,60,27,39,56,21,67,178,223,158,4,159,235,187,44,99,165,39,36,4,31,29,15,16,4,6,13,14,41,29,80,119,183,266,307,221,21,359,625,660,420,6,397,568,464,200,30,753,47,222,272,110,213,508,623,469,142,188,347,274,46,162,206,18,301,589,674,490,104,327,630,701,558,304,66,482,80,27,14,45,213,436,591,582,383,47,285,481,486,321,104,42,44,99,306,467,481,284,82,518,877,1013,861,471,12,424,631,614,459,278,167,904,187,211,156,5,206,415,532,483,288,28,157,175,2,241,400,324,12,489,897,1042,843,364,216,691,910,814,493,577,189,263,122,99,252,214,25,345,575,37
19,65,69,119,202,130,41,162,253,9,127,55,260,183,359,43,229,95,53,178,143,179,496,8,36,19,5,226,10,52,82,336,135,22,395,284,240,239,124,147,100,33,30,82,53,52,87,199,30,39,380,151,197,11,175,385,22,150,287,30,198,199,177,178,80,4,173,0,83,12,417,116,585,442,120,571,461,151,637,582,107,775,742,52,893,947,125,792,914,151,640,651,30,577,415,212,143,347,386,748,299,441,658,112,574,500,299,745,254,616,877,177,742,862,61,734,735,82,644,432,217,396,24,88,72,28,69,17,64,10,156,17,63,2,27,4,103,55,5,119,133,59,3,24,25,214,67,97,30,86,7,180,48,25,91,247,454,19,306,48,100,231,117,176,97,193,103,118,69,100,190,388,135,11,142,40,57,76,59,271,265,9,95,108,126,63,103,116,62,187,376,124,149,372,314,135,292,70,13,196,142,474,133,8,184,83,191,284,93,88,249,277,212,413,106,204,108,44,213,51,3,140,312,39,42,13,70,173,160,233,554,398,154,207,145,307,158,188,124,54,190,152,191,324,28,194,52,14,88,6,385,55,276,154,278,232
37,2,27,29,22,50,6,2,260,353,17,90,327,325,160,108,100,290,175,223,207,322,72,226,288,213,27,276,78,68,42,177,50,89,183,100,218,92,228,18,4,314,220,32,84,190,107,207,212,69,69,177,177,37,505,52,113,96,213,113,286,6,213,175,211,240,96,121,61,49,6,195,126,113,91,102,21,246,38,217,71,57,2,129,5,34,57,100,60,281,197,26,148,15,142,27,132,166,35,157,22,15,228,39,132,143,2,146,99,316,92,109,3,183,211,152,98,126,42,85,13,36,21,67,49,20,25,2,59,8,82,23,102,28,103,22,80,56,80,1,20,222,22,123,85,136,129,16,128,60,60,79,218,69,279,181,215,11,160,16,47,103,69,135,78,152,40,132,177,124,106,170,47,61,21,104,180,4,83,306,155,205,46,165,148,81,63,177,275,47,105,38,121,272,61,13,162,17,472,383,235,83,29,102,107,118,25,32,142,274,422,532,695,816,937,1054,1107,1121,1103,1011,829,731,641,473,38,285,146,63,71,149,301,333,324,341,348,271,119,13,45,98,83,77,28,2,18,17,19,14,70,114,152,105,225,112,110,104
14,59,205,134,316,203,101,165,87,26,108,141,49,75,108,268,56,168,326,156,289,209,210,73,9,244,54,36,259,26,202,29,12,91,533,35,186,89,120,216,209,306,8,12,33,140,2,102,98,210,106,241,165,185,227,178,102,137,39,230,30,1,39,222,67,238,30,125,295,57,366,153,71,5,276,196,175,58,60,64,140,193,53,123,56,187,64,30,122,78,254,223,189,98,172,101,136,99,94,36,53,63,91,288,378,142,503,157,153,71,102,52,18,123,134,46,175,16,32,98,188,132,16,163,23,12,57,4,64,11,37,67,119,95,106,61,18,12,18,233,123,247,26,9,101,29,75,67,113,167,116,99,68,81,35,46,111,318,234,40,184,56,461,147,223,71,74,102,178,123,111,5,23,160,92,61,186,49,59,88,75,15,71,258,2,224,323,57,88,252,18,261,179,157,228,295,92,56,162,464,731,960,1159,1285,1241,1175,1117,1030,834,535,217,137,509,844,1147,1375,1418,1328,1142,901,710,360,124,147,136,343,413,376,245,35,233,589,958,1256,1533,1586,1690,1605,1529,1275,1083,752,437,149,143,443,706,931,958,1064,1019,46,75,58,122,192
58,2,569,356,122,119,350,547,759,876,985,1523,999,939,836,682,490,262,38,216,429,646,815,938,1017,1032,980,897,768,566,349,109,145,386,612,795,960,1019,1056,948,920,764,564,330,79,179,418,641,825,953,1021,1029,971,848,677,449,211,55,293,521,710,854,944,962,929,806,673,467,246,6,225,442,635,756,855,1058,839,742,599,418,206,19,233,469,632,753,820,821,760,630,441,236,11,255,479,664,781,816,769,634,446,216,60,58,551,700,759,721,588,383,118,158,397,569,645,606,450,208,59,322,478,478,360,2,10,0,0,8,4,2,8,4,8,3,203,143,40,82,189,260,267,239,174,58,61,172,258,310,328,309,248,149,45,41,186,288,363,406,394,368,294,201,66,66,194,309,408,488,501,490,449,361,244,98,61,225,376,513,610,669,679,1026,553,415,245,47,162,379,561,718,837,886,881,806,674,483,251,0,258,525,758,940,1063,1112,1084,979,804,542,294,4,313,602,853,1044,1169,1248,1166,257,887,648,365,61,242,521,771,986,1145,1198,1193,1112,975,770,536,247,18,289,565,794,974,1090,1147,1141,1054,942,744,1274,283,21,237,480,694,861,986,1056,1071,7
158,383,147,72,243,290,97,525,607,76,676,763,52,255,561,173,182,237,35,161,75,154,213,89,339,296,140,556,528,94,380,226,991,45,295,338,38,52,133,124,77,6,34,249,42,66,239,220,144,62,40,228,61,112,357,437,207,276,414,419,98,476,349,147,208,96,355,387,220,245,432,533,909,249,175,177,803,446,435,1098,511,390,778,927,249,557,120,42,171,335,321,188,562,2,129,749,206,22,146,59,238,127,32,688,149,99,189,405,692,385,164,13,148,397,86,259,95,68,132,168,234,23,299,250,9,142,151,112,219,42,227,53,158,115,262,81,230,307,129,236,439,245,854,337,267,85,222,365,376,296,726,383,292,101,385,230,275,154,431,674,16,182,268,476,164,442,101,431,155,346,184,170,37,344,576,709,273,425,296,30,517,285,85,252,2,717,309,351,438,237,573,996,105,750,836,248,331,109,574,147,445,438,67,245,765,370,448,178,302,12,896,735,348,0,215,21,195,404,323,133,32,765,767,749,68,434,1109,834,640,153,888,207,794,474,468,102,493,464,1149,302,297,22,1160,137,396,45,288,403,300,751,248,375,410,292,614,26
6,62,967,612,201,158,361,429,348,318,139,29,48,163,366,568,793,909,858,554,156,316,831,1136,1375,1431,1223,840,278,238,724,1020,1061,1018,806,543,238,2,91,131,70,2,54,98,14,206,434,663,814,874,792,564,198,228,634,938,1157,1131,979,682,290,117,458,715,831,813,702,496,283,80,76,186,211,207,188,174,188,224,288,342,388,353,304,139,54,243,441,589,643,633,506,314,48,228,464,643,732,707,580,351,86,202,443,622,704,652,510,306,33,211,417,549,558,482,329,121,88,249,329,300,182,14,121,6,2,1,0,3,3,1,3,3,7,0,101,125,110,62,15,24,29,11,29,83,127,147,162,131,71,2,73,153,203,217,202,160,89,16,50,109,142,157,130,106,69,50,42,50,51,76,81,71,27,72,188,306,405,467,445,347,170,58,315,565,740,821,775,603,359,16,327,609,797,865,832,651,414,143,110,301,426,484,437,384,324,277,273,287,289,293,254,113,54,350,587,867,1046,1024,886,712,232,351,916,1326,1465,1422,1223,850,363,106,492,716,806,720,672,432,276,203,217,248,382,433,409,268,42,412,799,1155,1326,1315,1079,707,159,372,885,34
3,2,3,5,4,22,21,9,22,2,8,3,11,4,4,1,7,7,23,23,12,7,14,4,0,21,20,21,1,8,18,7,0,40,1,7,13,2,6,19,8,10,12,24,10,14,38,40,14,3,7,39,0,6,9,9,16,2,20,24,7,30,10,13,6,31,19,12,11,19,4,30,9,23,3,11,42,9,6,4,2,33,13,9,8,9,2,16,11,15,16,0,5,12,8,4,7,8,11,21,14,7,4,27,26,25,8,2,9,28,4,5,15,14,9,2,11,8,2,7,5,2,8,3,7,4,2,7,11,7,6,13,10,0,11,6,7,3,16,2,4,0,9,0,1,9,8,6,21,11,28,9,3,13,9,16,9,13,15,18,0,2,7,19,10,2,0,7,1,3,0,2,1,6,6,4,8,2,29,14,19,9,3,18,4,1,19,0,4,23,8,9,13,2,29,9,1,22,135,310,252,53,453,696,635,299,142,472,518,261,135,406,332,121,693,1032,850,205,596,1123,1157,724,85,431,27,373,22,318,319,11,486,835,826,457,98,553,722,585,275,1,95,12,222,379,330,12,484,933,1110,886,289,40,11,18,39,11
113,130,393,30,458,95,553,53,344,319,918,369,504,57,467,615,341,556,669,99,403,94,470,531,174,1074,240,295,698,144,56,641,307,59,102,54,990,789,18,1101,420,1038,394,372,614,355,506,151,560,309,184,643,688,189,382,491,112,594,213,35,688,869,532,216,387,213,345,1125,171,612,641,466,467,293,414,169,274,152,123,200,150,186,225,187,307,206,87,125,104,50,516,29,770,81,1033,239,397,345,1135,338,912,358,625,229,261,55,96,268,147,399,104,516,8,438,35,280,101,161,168,141,333,222,187,109,175,340,134,56,57,0,25,71,266,154,29,163,101,313,88,0,87,435,315,272,206,718,615,488,340,630,740,392,47,667,123,436,196,523,28,129,934,157,394,65,472,772,832,289,216,188,63,202,59,260,196,115,344,132,23,266,407,275,455,403,774,196,1071,72,121,198,217,445,326,52,40,578,639,385,630,92,244,221,60,1016,441,358,608,164,367,95,92,112,298,451,468,721,95,643,711,764,1098,109,599,1159,293,180,53,886,980,7,824,254,688,101,347,375,649,604,227,546,469,367,661,228,436,285,150,49,262,734,425,441,344,270,286,91
3,18,37,84,8,4,0,51,191,42,16,47,8,18,28,49,69,209,40,96,51,41,27,65,70,132,232,128,64,218,18,264,6,4,59,23,122,14,94,71,44,115,101,68,79,85,156,149,54,95,64,76,7,46,122,33,51,100,174,45,85,12,66,40,22,37,24,75,52,49,50,107,11,67,30,166,119,82,9,37,22,47,54,43,70,108,0,132,21,37,75,11,59,91,62,11,16,55,87,13,32,2,1,37,33,75,125,5,2,76,98,35,19,96,95,73,112,17,1,28,26,9,16,63,24,1,44,34,2,44,31,6,21,16,272,410,471,448,316,163,13,92,127,96,51,1,2,107,293,550,819,1041,1099,975,616,126,407,834,1102,1132,42,726,437,212,110,176,367,572,709,666,419,54,351,689,890,920,846,666,523,486,502,622,763,849,797,572,246,2,104,82,4,75,178,4,231,25,21,69,193,28,9,30,49,6,23,60,122,51,35,34,77,2,89,15,138,67,4,9,104,10,101,0,146,8,7,49,9,14,19,11,17,141,24,105,24,81,4,96,63,11,51,110,24,6,82,2,106,42,118,0,26,36,226,120,0,136
6,0,2,0,3,0,289,245,123,55,269,481,639,738,749,671,511,279,5,277,547,779,941,1023,1024,999,928,838,728,598,436,243,12,203,439,637,755,753,602,334,23,406,734,937,975,853,606,289,42,352,620,814,928,963,938,876,803,733,657,2,3,7,1,1,2,2,3,3,3,0,2,3,1,3,0,2,4,3,0,2,0,2,2,0,2,0,3,0,0,2,0,0,4,2,3,0,2,1,2,0,3,0,1,1,0,3,1,5,3,0,0,0,1,0,0,0,1,1,2,2,1,1,2,0,1,1,2,1,1,0,1,0,1,0,0,1,1,1,0,1,0,3,0,1,1,0,0,2,0,1,1,4,1,1,0,2,3,1,0,0,1,0,0,0,2,3,2,0,0,1,0,1,3,2,1,1,0,1,1,2,1,1,1,2,1,0,0,0,1,1,2,2,2,0,0,0,0,1,0,0,4,2,3,4,0,3,3,2,1,4,4,4,3,2,3,2,1,4,1,1,0,4,2,1,0,3,0,4,4,3,2,2,3,2,5,6,3,3,2,1,0,3,5,2,2,1,2,1,2,4,0,2,2,0,2,0
68,117,74,88,237,152,492,1,183,92,21,271,10,76,673,25,183,135,149,305,134,57,75,246,115,34,263,348,58,43,75,68,438,162,225,264,374,182,480,296,197,218,173,404,3,20,246,130,107,295,1,166,224,277,3,24,75,161,46,79,80,89,41,265,177,246,36,260,307,33,121,840,929,322,316,469,300,46,42,91,361,512,165,506,847,221,451,561,329,40,206,474,492,142,531,766,260,508,761,323,397,614,298,217,290,243,67,64,157,247,84,116,192,78,1,137,120,52,128,60,26,2,24,77,97,2,33,84,101,50,40,22,101,75,113,240,35,50,26,11,77,44,190,142,46,44,177,265,157,25,6,306,161,42,397,96,0,291,45,142,103,29,81,3,207,41,8,302,63,101,52,297,435,296,92,67,244,325,193,119,369,108,89,3,441,314,24,184,12,150,105,378,172,70,227,118,184,249,17,234,506,115,447,96,234,300,67,224,234,55,1,237,149,215,147,181,80,88,53,48,11,147,255,55,136,692,109,263,179,405,18,363,53,75,3,358,374,344,289,152,477,133,115,99,133,145,93,454,133,6,59,134,236,323,558,2
56,102,14,43,157,103,1114,1095,943,662,420,227,143,201,291,375,460,574,641,670,549,438,341,284,473,663,791,827,711,464,210,8,84,323,362,204,19,176,330,395,450,446,255,186,94,237,522,876,1330,1672,1919,1951,1768,1460,954,393,15,318,426,34,21,154,39,172,186,303,176,37,276,125,30,162,0,344,105,6,236,60,89,104,7,226,107,160,384,234,20,158,25,194,145,42,94,77,118,103,8,247,315,0,92,70,72,134,123,30,16,33,48,27,143,143,51,111,51,190,138,51,128,22,26,57,47,175,144,44,44,39,54,45,64,7,80,4,65,151,41,67,56,115,38,133,91,59,92,175,136,76,1,36,15,449,21,0,199,35,58,230,106,14,51,149,225,39,111,138,137,34,5,63,53,328,201,93,172,102,161,98,192,11,141,50,73,158,106,170,20,100,113,165,88,16,21,74,175,15,78,98,170,5,34,192,50,6,28,25,88,35,20,5,61,0,49,124,190,43,16,91,104,15,1,89,89,212,269,188,21,28,7,265,83,36,116,249,36,165,10,6,221,116,410,259,37,247,90,144,339,11,291,99,304,60,68,137,144,98
169,279,525,147,909,211,233,280,261,612,832,420,353,904,1060,573,264,957,1051,663,97,682,917,595,104,497,411,202,106,246,210,404,847,1,415,664,400,117,188,596,654,695,410,179,743,1345,990,62,1074,1386,889,322,1112,1116,444,647,831,323,269,108,367,591,282,190,477,257,152,206,329,437,121,525,389,591,555,73,204,52,557,977,58,373,447,573,769,361,345,359,25,361,118,145,635,749,309,329,295,157,969,575,611,312,581,316,80,92,193,161,30,297,15,30,6,263,414,273,301,142,121,153,75,353,43,80,80,334,34,61,121,58,85,54,293,15,175,35,109,129,141,175,41,45,146,464,2,425,206,284,385,247,438,100,419,659,39,635,241,337,144,759,181,52,747,203,205,12,261,709,309,169,335,233,319,285,387,203,329,53,70,164,229,293,7,187,523,787,276,363,267,731,234,473,787,4,465,955,347,969,175,588,359,433,571,343,807,107,535,273,128,133,705,120,1239,544,843,699,537,811,247,77,193,743,23,3,645,7,333,687,145,32,464,148,150,789,414,194,28,269,225,367,237,491,367,245,177,653,1271,555,143,545,242,711,411,1013,735,333
45,13,330,546,732,878,979,1009,1029,953,838,336,484,266,39,193,414,626,804,921,993,1025,989,890,756,577,349,142,99,343,572,758,908,1003,1050,1032,945,791,600,1170,130,123,367,590,783,915,999,1050,1007,898,734,530,294,42,205,458,655,818,936,978,956,869,735,555,343,107,141,367,569,727,834,887,904,804,696,34,310,90,138,351,537,689,792,829,804,734,590,394,172,65,301,508,676,778,824,775,660,476,248,3,277,514,676,744,773,674,496,258,12,268,491,633,665,629,443,199,80,337,499,549,461,248,33,0,2,5,1,0,1,1,0,6,2,0,79,45,159,243,265,216,149,26,86,191,267,303,301,260,172,71,24,152,249,155,368,376,344,279,181,56,54,175,295,383,443,463,450,378,313,204,59,88,233,373,490,572,602,624,555,453,337,435,7,200,389,557,689,798,833,787,720,579,389,163,78,327,570,769,941,1022,1051,995,872,680,436,162,138,446,691,913,1077,1169,1181,1125,979,755,480,369,107,406,681,906,1077,1186,1196,1151,1044,857,628,355,68,228,504,755,935,1070,1144,1150,1090,968,789,570,315,63,217,304,680,856,989,1060,1076,1024,936,767,596,12
1,9,0,13,23,19,632,14,715,1306,1521,1310,738,7,695,1232,1477,1460,1200,760,299,79,245,191,10,237,351,308,107,157,384,495,6,235,98,460,717,732,478,34,496,953,1218,1247,1092,843,588,357,168,8,155,342,524,682,737,678,498,233,30,20,15,34,22,20,18,3,11,15,18,20,8,19,11,20,8,6,35,1,17,20,6,10,13,9,4,4,9,9,15,14,3,27,11,63,9,23,29,0,1,6,20,6,3,7,1,0,17,8,12,3,6,0,15,7,27,21,18,9,9,14,3,3,2,0,2,10,8,0,3,7,8,2,1,10,2,1,16,2,3,2,6,3,9,4,17,3,14,10,14,19,16,16,26,2,15,30,28,15,7,11,19,16,25,5,25,10,25,3,33,17,8,2,35,17,15,19,0,17,43,22,10,32,24,5,21,17,5,3,9,21,7,33,26,36,17,29,5,13,1,48,24,19,14,21,0,11,1,7,11,3,3,20,19,35,0,9,61,32,14,27,14,26,19,0,13,27,12,19,4,7,29,60,4,11,10,21,15,3,23,12,1,33,59,8,0,52,2,0,31,2,31,11,41,14,20,10
22,37,120,9,134,247,72,309,52,102,202,231,435,107,72,98,189,243,157,310,105,339,6,124,108,48,286,202,190,591,209,298,101,218,259,102,53,135,74,75,3,305,180,178,0,258,195,225,36,165,101,78,154,181,436,209,17,317,253,231,171,96,10,102,224,79,48,280,217,38,41,638,444,335,674,169,602,598,180,803,451,614,1005,144,967,902,264,1058,522,616,782,42,721,275,570,572,87,807,241,667,695,248,827,158,710,416,609,652,368,1001,150,972,750,492,1024,197,836,600,376,593,71,443,42,18,57,20,9,98,13,61,199,75,6,149,22,9,29,65,33,115,58,110,28,69,0,119,81,57,85,146,171,72,80,26,56,205,172,107,437,103,33,39,119,116,144,135,57,43,209,62,177,137,41,49,466,65,132,101,12,199,152,115,79,129,53,159,206,235,25,14,95,172,200,145,298,87,197,78,14,170,160,126,126,80,242,161,131,134,192,402,114,157,56,101,181,14,315,275,123,149,96,117,98,7,4,115,68,41,31,0,169,38,232,126,192,14,112,91,170,208,10,211,164,291,88,134,22,211,103,38,44,61,187,376,41,268
42,26,557,375,203,114,150,231,385,424,375,269,7,365,753,1013,1286,1297,1178,689,258,211,638,855,957,937,735,532,281,133,59,103,158,229,241,189,8,276,488,691,890,896,878,648,273,88,444,723,874,934,811,639,401,172,4,98,170,156,164,171,208,296,410,514,589,598,530,348,109,194,467,710,842,892,779,583,329,38,229,441,569,609,577,498,367,215,105,2,59,128,163,210,252,291,313,313,273,226,109,11,157,293,390,438,410,337,199,45,135,280,371,396,333,233,79,64,188,248,222,123,23,170,248,3,1,5,1,2,0,0,4,2,0,4,117,194,232,229,165,68,42,160,246,322,328,299,229,109,26,156,275,360,403,388,296,168,14,160,309,415,474,454,363,238,68,105,272,374,436,412,342,262,139,17,85,133,157,151,131,136,151,203,289,356,406,406,317,164,66,332,597,782,901,864,727,452,127,245,547,758,847,857,696,500,288,88,61,115,161,160,159,165,264,451,549,761,818,761,610,362,105,610,1080,1392,1459,1363,1080,673,192,252,567,699,770,656,553,376,292,304,363,433,556,594,501,253,132,566,958,1272,1415,1323,1040,618,119,312,705,45
9,80,39,49,211,157,189,226,2,63,255,155,299,340,139,80,255,169,209,2,105,124,78,205,123,200,210,19,39,160,126,9,91,125,143,358,449,147,247,203,150,168,161,92,111,133,255,113,1,30,127,198,171,151,0,203,5,0,19,98,207,46,125,98,313,39,129,161,124,19,300,118,259,18,153,19,25,99,275,171,46,59,137,176,21,81,94,7,205,108,67,2,77,217,158,56,61,318,7,170,89,129,172,175,84,300,25,136,43,36,78,127,272,33,196,28,36,39,63,81,94,56,4,52,89,15,125,23,9,0,73,23,19,19,19,18,57,61,63,40,60,64,73,32,84,88,177,101,223,60,45,189,182,68,237,74,77,30,37,185,192,340,203,167,113,37,186,14,40,130,85,438,133,67,177,154,102,71,16,442,64,97,136,140,140,356,53,60,237,39,179,126,129,140,75,122,39,118,1114,375,765,1196,755,252,1055,1057,283,810,1454,930,329,1534,1580,335,1233,1719,815,636,1213,731,186,634,304,226,89,51,472,531,19,780,1145,622,697,1629,1379,0,1372,1658,709,651,1408,1080,13,873,1157,568,486,1130,886,40,772,32,85,130,126,29
157,30,40,448,344,289,77,224,532,278,784,605,276,709,574,74,327,885,546,251,664,182,66,102,926,129,730,640,60,302,293,868,526,237,675,678,467,348,46,111,622,839,627,406,277,1,91,500,146,526,599,40,11,157,208,840,216,344,203,281,656,178,196,242,1281,404,300,382,96,316,350,207,82,49,368,290,88,70,870,529,936,47,127,194,51,168,122,612,189,43,237,180,171,14,595,137,140,53,217,559,398,694,633,695,40,95,307,307,243,272,52,112,701,337,369,429,192,394,147,158,275,57,463,138,92,161,47,26,118,4,43,129,138,106,201,146,77,312,156,292,433,206,268,576,322,276,739,660,100,822,882,157,714,939,230,427,733,292,134,301,449,16,19,196,258,44,229,567,592,54,673,1012,593,285,734,655,158,573,837,258,586,1108,458,215,880,812,258,29,168,283,329,410,324,338,44,612,792,245,78,419,719,360,307,122,64,358,1059,409,625,274,952,641,25,133,1552,286,327,26,866,261,193,153,195,697,786,98,110,274,629,1748,158,185,138,1076,473,675,157,270,175,366,420,227,157,414,209,265,347,417,1019,528,189,308,81,367,126,92
54,183,231,40,329,555,420,698,292,551,717,292,442,501,255,156,462,194,40,159,6,16,112,257,241,60,445,264,192,364,257,34,171,134,199,57,211,276,264,7,392,272,84,229,213,211,161,352,95,23,48,122,186,271,196,401,452,9,381,534,565,88,599,622,138,423,247,441,427,550,53,512,217,130,533,396,486,250,215,481,140,237,192,359,241,397,325,277,314,125,272,358,175,168,178,361,466,619,1271,47,61,529,269,88,586,590,488,151,705,33,130,412,220,379,101,160,1,82,203,15,65,419,7,60,12,209,182,262,4,112,49,45,78,73,60,119,68,42,104,116,4,243,248,250,431,100,22,265,302,105,826,82,296,201,164,61,249,280,119,698,556,720,116,106,42,269,96,92,367,109,50,127,781,361,584,193,294,639,51,1069,98,137,689,801,254,148,104,542,224,305,419,441,66,240,933,595,416,237,663,82,7,245,910,181,441,986,554,195,1026,285,276,14,177,846,0,228,300,637,1396,285,172,903,121,401,804,299,271,1287,802,202,155,618,125,242,597,768,608,237,109,931,403,293,119,196,1131,12,639,315,788,151,511,454,264,133,216,269
20,7,128,37,197,345,475,577,659,704,718,572,630,535,415,275,124,30,190,339,469,584,667,709,720,687,617,520,403,245,93,73,241,390,523,622,695,724,711,486,579,460,314,151,20,189,360,507,606,686,721,711,658,569,446,298,136,49,214,367,494,588,647,673,644,568,486,349,205,48,109,259,391,488,570,587,603,548,466,354,222,73,83,238,365,470,543,570,555,496,398,287,119,50,213,358,478,548,566,526,432,288,110,339,236,392,489,525,493,401,255,68,114,274,390,441,412,298,118,69,239,333,317,3,0,4,0,0,1,0,1,1,1,0,8,85,145,175,156,104,27,57,123,179,206,206,180,130,63,14,89,164,217,397,254,239,200,143,63,4,104,183,248,293,317,316,293,247,175,85,6,111,205,288,358,406,417,414,376,295,204,79,34,165,292,404,495,544,583,569,502,408,286,135,32,212,377,514,636,702,730,709,647,537,388,213,2,202,396,560,691,784,829,817,758,647,485,766,99,107,305,484,641,755,828,848,813,735,618,466,291,97,103,291,466,609,713,783,810,788,724,615,483,345,161,346,184,345,490,607,694,734,743,720,647,5
11,7,13,15,9,2,7,11,3,18,4,2,0,21,17,21,6,4,4,40,4,9,1,13,30,2,15,17,9,23,32,4,3,11,17,28,10,6,16,7,0,36,11,10,13,23,1,4,11,2,11,36,10,0,4,0,28,1,10,3,5,13,19,7,9,7,4,10,41,11,25,14,9,16,2,2,11,23,4,23,5,7,1,11,4,4,2,4,2,21,11,0,8,11,0,14,0,26,23,4,21,2,4,5,16,6,15,12,16,7,0,24,2,8,9,16,18,8,4,5,16,9,3,7,4,2,2,2,3,8,2,2,0,1,5,9,2,1,2,2,9,2,7,0,15,15,8,4,29,6,0,2,8,11,11,4,6,2,9,0,13,4,10,4,0,3,30,0,16,23,1,11,0,30,23,4,9,18,0,1,16,6,30,22,4,6,9,7,2,4,14,20,11,16,18,19,20,7,177,108,120,413,662,737,628,368,29,288,477,464,253,106,475,700,640,275,279,855,1226,1309,1072,610,91,323,5,465,217,128,446,594,507,214,217,615,875,919,763,485,188,29,100,23,172,418,627,708,591,272,161,631,1001,33,22,35,2,8
10,2,3,4,0,0,198,331,387,332,157,90,373,629,799,849,767,554,245,114,468,767,965,1024,1009,909,764,597,403,191,42,294,0,727,824,777,568,230,174,557,810,843,634,250,210,647,958,1060,1017,797,482,132,190,453,629,726,769,786,793,2,5,10,7,0,1,4,0,4,5,2,3,3,0,3,2,0,0,1,1,3,4,1,5,1,2,1,6,1,0,3,1,3,3,5,1,2,0,0,0,0,3,1,4,2,1,3,0,2,3,2,0,2,2,2,0,2,1,0,2,3,1,2,0,5,0,0,0,0,0,0,0,0,0,0,3,1,1,1,2,1,1,0,0,0,1,2,3,0,4,3,1,6,6,1,0,4,0,5,4,1,1,1,0,2,3,2,1,0,1,2,1,2,2,0,2,2,0,3,2,3,0,0,2,0,1,2,0,1,2,0,0,3,2,4,3,0,0,3,0,0,1,3,1,0,3,2,1,3,3,0,2,0,1,1,6,9,0,3,6,0,4,2,2,0,3,1,3,0,1,0,3,0,3,0,2,0,2,1,0,3,1,1,2,3,6,2,3,0,0,2,0,0,1,1,1,1
61,52,221,347,293,25,192,367,609,580,3,66,119,777,293,130,1381,94,18,203,583,39,184,299,478,1079,741,781,775,175,13,649,249,499,557,497,65,717,1151,803,500,323,735,345,385,16,27,3,251,169,249,28,583,170,128,285,177,749,563,220,601,979,208,48,380,1271,85,54,787,66,1117,1556,1041,138,878,1524,952,374,1533,1377,60,1306,1591,800,795,1652,1091,35,1070,1624,908,662,1651,1265,309,1492,534,38,1286,1296,72,946,930,317,383,590,647,233,549,1058,237,902,839,64,720,498,88,509,463,40,394,372,136,136,36,150,175,62,137,14,357,259,122,337,44,515,0,31,219,145,891,489,19,39,107,153,465,78,364,64,160,33,61,181,211,657,327,270,323,113,160,135,369,113,138,319,427,346,425,807,46,225,323,45,363,923,317,587,20,573,483,1047,255,214,605,611,140,287,286,181,168,89,510,181,605,473,475,228,268,62,857,224,653,1213,529,27,631,48,371,203,613,52,75,167,431,453,1127,6,693,28,919,691,1007,589,708,841,394,544,17,349,1055,143,487,47,977,815,165,645,293,14,32,261,965,362,162,18,254,887,366,993,385,40,53,337,88,94
40,15,475,292,142,85,162,301,526,596,553,433,135,296,795,1096,1392,1432,1302,781,308,184,684,917,1011,965,742,497,215,35,22,62,151,283,363,363,163,149,416,710,973,1031,1008,755,393,43,448,787,989,1063,918,691,401,109,110,231,303,236,193,110,110,162,272,404,538,595,589,469,236,77,392,685,871,976,903,700,425,82,244,506,679,748,713,584,401,176,20,119,224,254,274,255,239,213,201,162,145,96,23,44,130,218,278,303,285,219,134,4,112,210,266,265,217,117,12,119,199,206,149,27,134,270,331,6,3,1,2,2,4,2,0,1,0,2,62,138,198,214,184,102,7,132,231,311,339,323,256,145,10,134,272,366,418,398,335,214,51,119,268,398,436,441,359,248,96,59,199,290,333,314,269,214,133,66,27,7,14,26,25,6,78,205,346,473,563,564,500,308,53,246,545,794,943,929,798,550,242,115,394,620,719,726,611,471,306,177,93,68,79,54,37,31,184,435,640,850,960,925,771,560,61,487,1042,1366,1438,1411,1127,715,267,144,445,580,612,501,439,282,236,306,471,621,769,825,713,429,9,494,963,1305,1479,1408,1141,709,192,274,664,51
171,39,158,225,298,366,428,477,508,535,545,507,520,477,440,394,337,276,213,156,104,52,13,21,45,53,51,38,15,14,55,95,149,194,241,283,317,339,360,315,376,371,363,361,354,355,355,361,367,375,381,377,372,356,332,296,253,209,149,87,25,33,89,145,195,237,270,291,300,296,285,249,206,148,81,234,74,153,229,296,353,390,411,424,414,388,348,287,226,150,70,9,84,155,216,262,296,305,305,281,246,202,158,63,70,33,14,0,2,11,37,66,95,123,158,177,183,185,175,150,118,79,29,12,26,20,15,4,8,10,13,14,2,11,83,89,106,145,209,282,375,470,560,639,692,715,707,661,585,482,361,233,106,499,90,151,184,189,165,126,74,15,45,90,132,157,167,157,141,110,72,35,12,52,89,119,135,141,133,106,71,512,31,91,152,213,260,300,322,331,319,299,270,235,196,153,119,89,63,38,27,5,0,14,9,9,8,1,14,27,49,71,90,107,128,139,148,962,142,132,130,126,118,119,121,127,137,144,150,164,170,170,172,168,167,161,151,139,131,116,103,85,61,32,0,476,70,103,135,155,169,172,160,134,102,43
52,19,106,137,16,347,189,146,371,355,212,25,159,44,87,387,568,750,895,935,822,699,622,612,670,519,291,74,474,672,684,422,42,153,424,513,415,190,20,197,320,390,366,311,427,704,994,1388,1625,1606,1222,668,1,675,1198,1325,1091,669,97,497,115,80,314,12,23,134,112,174,126,288,229,109,91,33,224,268,158,52,21,4,36,113,102,168,14,387,28,5,84,354,164,143,45,28,137,209,40,94,8,53,155,157,151,89,168,43,39,206,2,57,21,15,29,43,258,61,78,99,11,171,46,33,32,125,50,28,37,4,106,16,109,40,1,101,188,5,37,4,60,12,110,208,40,199,80,43,213,4,108,108,80,106,26,283,92,78,112,178,63,167,20,21,296,174,94,140,143,158,4,0,43,142,167,168,101,160,26,16,57,226,188,179,99,59,46,127,200,234,221,43,23,73,54,189,188,479,108,182,92,7,33,147,151,25,42,89,40,101,50,206,160,301,125,134,46,42,67,326,61,103,71,177,195,189,174,8,15,113,244,73,64,192,134,199,237,36,88,333,161,165,168,182,171,386,115,59,71,74,117,126,44,57,241,137,469,78
71,8,950,576,0,578,950,992,711,168,425,1627,1027,822,327,275,779,1014,906,463,126,663,984,963,607,37,551,921,1010,715,166,438,885,1029,808,287,330,855,1043,1246,392,220,760,1026,917,460,141,698,994,945,536,66,640,979,951,583,6,575,929,934,590,35,522,879,910,592,63,476,835,878,588,87,443,789,859,122,85,427,774,818,545,60,449,779,785,497,1,492,788,764,424,96,583,813,693,275,263,680,798,542,40,474,773,932,302,251,655,721,422,76,535,686,460,6,460,633,419,46,454,535,245,209,455,13,3,5,1,0,0,1,3,1,0,8,22,192,227,90,120,250,222,65,151,291,266,97,123,285,318,180,31,258,347,52,90,159,343,380,254,16,248,396,397,216,62,327,464,415,193,118,379,528,450,177,177,472,591,506,194,215,555,1114,556,191,270,648,769,616,198,316,727,867,680,212,355,806,967,744,221,400,896,1058,815,243,420,987,1117,862,266,443,995,1171,906,275,428,1012,1190,169,353,376,971,1202,996,418,301,921,1170,1022,492,210,845,1170,1092,588,112,747,1122,1095,678,31,627,1055,1087,766,163,367,957,1090,844,307,339,863,1057,906,457,1
1,2,0,9,4,7,392,127,701,998,824,260,452,974,1170,972,508,33,477,670,596,301,10,119,18,207,379,378,179,103,328,380,12,41,322,442,282,121,588,896,904,611,130,346,649,735,654,476,290,132,6,158,313,428,452,366,171,52,193,0,2,21,13,18,24,12,9,2,5,15,26,0,1,21,40,25,35,11,21,10,6,10,23,11,12,14,2,7,2,4,11,14,16,13,9,5,15,9,5,7,2,40,10,18,15,19,10,18,3,7,4,4,6,18,9,11,3,19,11,3,4,0,10,7,7,4,4,3,0,9,2,6,5,6,8,3,10,7,14,1,2,7,0,0,0,0,11,4,12,7,14,8,3,12,11,2,2,25,7,4,0,7,2,3,3,14,8,4,2,7,16,19,7,6,2,1,4,6,7,21,1,11,18,16,21,15,15,1,3,17,29,33,2,31,0,11,0,3,4,25,7,3,2,10,2,7,27,28,26,7,14,27,2,1,45,2,24,14,11,23,1,3,5,42,20,5,13,42,21,16,21,4,11,11,40,4,7,7,28,23,21,32,3,16,33,15,16,18,6,21,18,5,14,4,0,11
33,97,55,51,81,35,7,118,472,191,117,106,51,255,58,167,513,14,36,22,7,146,147,105,224,32,457,148,7,485,103,163,93,5,279,50,151,22,13,415,1,23,184,107,273,181,202,203,116,437,271,191,55,39,14,242,143,255,123,17,94,72,274,18,24,9,20,140,125,96,416,198,636,205,552,542,150,726,359,504,769,27,919,722,422,1079,352,803,832,199,824,284,640,497,364,737,151,751,501,510,803,20,848,383,637,604,435,777,176,965,329,829,813,355,986,244,747,603,373,575,101,417,49,17,40,3,114,7,59,28,53,60,37,9,32,52,243,170,86,99,137,188,49,92,66,45,158,121,249,129,137,34,196,194,131,45,17,18,63,153,167,100,85,167,14,161,106,213,102,88,32,161,92,137,60,54,0,54,164,147,190,216,351,215,253,64,62,141,2,182,44,95,322,197,41,249,175,147,75,254,422,3,48,8,109,60,143,393,37,126,10,55,45,19,62,74,142,146,112,34,5,159,195,23,59,39,352,47,153,152,220,111,8,63,87,233,256,146,382,28,393,112,154,128,304,162,53,196,39,157,175,92,279,43,73,272
25,158,685,7,26,57,34,42,308,193,115,91,340,34,310,173,306,170,507,275,30,168,629,185,108,16,118,144,283,566,362,64,145,189,320,969,823,487,366,230,150,54,677,327,164,210,138,359,470,296,664,141,425,180,78,698,209,442,140,75,995,247,463,149,200,92,81,195,378,321,154,239,94,435,125,144,351,550,106,303,423,67,231,544,545,241,185,61,202,384,101,165,133,241,181,309,205,265,464,37,5,292,188,486,58,57,304,286,12,205,259,254,161,108,268,169,288,231,226,192,157,92,179,264,160,368,240,43,59,43,179,140,108,43,151,134,224,48,640,219,181,216,161,183,119,220,261,248,153,57,46,207,199,349,179,183,68,98,366,139,221,115,153,74,386,401,563,102,378,259,538,214,339,291,61,187,75,302,233,215,212,578,188,165,335,9,342,369,356,226,0,347,84,82,428,178,138,250,33,354,331,77,191,80,20,222,94,236,595,401,586,1115,433,1077,1503,172,1408,1451,216,1569,947,298,897,751,550,656,1012,461,832,1304,294,1035,1124,111,666,300,168,232,36,843,662,756,1396,396,1187,1257,221,1224,761,475,961,321,176,542,414,140
1,44,133,132,184,134,40,49,114,101,64,132,27,111,67,100,99,90,90,185,36,76,31,82,92,143,38,247,277,339,66,112,293,20,208,109,64,152,42,49,13,79,25,55,86,88,63,19,20,31,127,122,39,12,134,13,254,13,58,155,2,35,109,98,86,35,24,6,54,36,38,143,7,67,139,57,121,32,194,67,29,50,52,29,153,67,22,62,51,77,99,5,8,144,115,36,80,134,3,24,4,77,44,40,37,80,48,40,62,14,107,42,10,58,23,112,64,69,120,78,5,76,48,35,18,3,1,9,3,12,6,9,79,56,39,21,18,3,102,28,6,42,178,19,8,60,59,72,201,134,84,73,86,52,68,18,77,10,36,73,11,26,20,18,125,193,32,72,195,148,91,40,66,114,113,24,135,141,7,103,251,116,180,65,189,53,14,46,119,247,272,43,67,77,78,119,166,50,758,654,240,287,681,799,573,141,431,905,1009,656,6,764,1188,1196,625,231,892,1041,754,170,307,483,361,12,151,258,22,350,644,625,262,391,1019,1204,905,196,584,1077,1058,713,45,483,789,788,480,79,374,688,718,502,38,228,43,31,38,37
157,261,381,301,153,439,797,535,503,327,1119,17,677,555,123,503,211,61,41,8,282,797,68,1075,17,241,47,4,451,127,4,49,963,116,231,337,339,94,127,345,631,269,807,365,482,126,255,993,647,508,90,835,493,58,809,291,218,969,855,16,379,1125,334,469,825,33,59,223,307,273,686,339,260,795,105,35,114,675,33,647,249,155,727,263,905,274,204,83,2,207,475,482,27,105,193,861,0,184,50,717,201,161,231,197,307,599,258,10,31,19,881,119,3,75,136,423,393,397,191,514,15,243,153,403,121,183,48,23,181,32,197,157,121,127,1,98,130,7,95,285,328,118,324,489,281,123,611,652,224,315,868,833,315,414,861,599,122,292,478,229,217,176,29,0,83,254,188,290,393,124,16,517,666,389,13,363,609,390,36,423,666,382,58,676,773,612,251,240,707,10,135,246,50,70,329,543,463,477,61,378,333,114,632,1361,849,40,552,184,607,53,541,177,378,583,1,691,1167,193,45,881,949,351,2,457,933,1035,747,1154,28,83,25,137,1397,293,468,507,629,981,409,427,985,541,841,810,119,365,373,345,653,366,68,773,257,411,313,157
39,288,250,460,284,535,574,626,310,637,319,429,753,84,457,285,94,355,19,42,8,170,63,349,320,302,466,44,401,267,13,247,587,92,258,173,158,52,128,17,126,179,23,55,158,95,165,239,144,104,86,249,9,311,505,115,477,447,30,569,347,265,121,109,464,144,272,187,493,48,109,960,362,268,63,554,109,195,318,733,345,192,255,150,172,394,36,867,123,53,328,572,202,512,320,429,74,53,71,167,230,210,140,242,30,12,349,98,11,449,133,84,250,432,139,300,37,16,176,140,129,94,59,379,11,174,214,174,141,16,82,50,185,85,273,234,36,115,348,79,288,109,522,461,463,625,206,105,199,46,185,465,677,35,517,549,108,358,119,692,87,115,60,760,75,748,29,321,174,47,504,85,57,664,63,116,52,521,88,410,11,813,91,296,376,74,53,303,564,292,130,258,376,198,107,356,632,525,181,199,842,660,162,246,317,319,77,300,470,317,569,566,615,212,466,215,295,219,598,56,1028,812,198,917,675,399,376,59,46,377,151,380,305,26,138,459,802,447,486,710,494,347,296,19,529,315,240,678,182,236,361,475,191,462,435,413
31,36,189,90,38,175,313,451,581,692,785,509,886,888,860,814,739,646,545,429,317,194,80,13,99,172,225,253,262,243,197,133,49,54,161,282,389,494,582,708,692,711,704,668,614,545,459,377,287,205,130,66,18,19,40,49,31,12,31,74,132,193,261,319,374,422,455,475,481,473,453,416,381,333,284,611,197,157,128,106,91,85,80,84,96,112,129,156,182,211,238,262,278,291,292,281,253,213,164,113,56,3,39,346,84,82,65,38,2,36,73,104,128,143,146,142,125,108,80,54,28,1,23,26,21,32,17,2,9,0,15,8,12,25,195,163,127,92,64,52,58,78,121,173,236,300,353,390,409,396,356,278,181,702,80,223,368,487,592,661,699,695,645,568,453,315,154,9,175,331,470,590,685,742,770,769,735,672,584,467,340,227,56,86,222,350,458,546,611,653,665,654,616,557,476,377,265,151,30,91,202,308,393,462,510,534,532,516,484,432,371,302,227,147,74,1,62,925,162,194,210,220,213,206,195,174,153,137,127,120,119,118,133,149,169,189,213,228,244,252,245,234,205,166,113,484,22,93,164,238,298,350,388,409,415,17
119,109,128,233,231,595,1000,1026,68,921,1098,289,770,1104,495,511,985,733,45,513,596,368,198,60,324,553,453,40,354,524,376,55,23,306,146,47,122,209,15,475,723,465,268,932,879,246,520,863,613,196,282,554,715,511,180,947,1010,268,744,58,589,87,851,735,541,130,653,130,988,553,410,140,91,157,466,231,549,1143,781,394,1332,1208,143,886,1098,485,232,487,362,191,65,15,156,242,192,11,501,142,113,82,23,127,303,206,131,416,387,22,359,464,177,181,288,139,53,27,97,77,77,172,39,36,163,277,63,351,289,363,213,265,171,331,84,421,487,317,97,344,190,72,168,142,85,77,14,247,455,367,185,678,690,173,492,717,542,61,406,668,633,64,345,812,390,260,606,491,145,151,395,499,390,33,512,756,475,116,594,590,359,16,233,497,731,432,327,1108,830,188,193,423,108,481,579,117,295,593,240,117,313,610,775,263,142,368,261,101,94,239,315,37,280,459,356,102,537,711,389,265,751,862,429,279,995,1036,39,446,936,784,172,330,550,531,313,73,350,562,484,84,341,387,169,5,13,27,146,389,515,88,640,827,202,529,469,201,297,309
3,199,863,163,117,587,1552,565,726,1305,906,167,1111,1274,617,506,1254,1292,551,421,1002,863,350,64,142,143,300,567,551,143,558,875,387,103,632,553,114,292,365,37,318,356,20,422,592,454,11,439,797,849,417,275,920,1200,908,323,531,1181,1492,409,379,1009,619,540,1057,9,75,139,381,309,958,706,285,312,591,566,92,919,1321,765,193,884,916,364,206,389,248,120,18,3,76,144,206,50,149,214,211,34,17,92,46,198,430,397,3,479,667,336,257,561,424,58,245,165,11,72,70,186,245,47,119,261,279,199,259,169,255,143,167,103,61,198,265,425,30,345,289,56,310,242,11,107,4,98,29,337,480,209,315,673,562,82,305,524,441,277,15,322,544,505,170,343,532,406,53,177,283,313,286,217,66,428,626,404,46,550,605,317,106,257,174,41,150,350,259,191,690,587,413,843,176,183,379,10,401,116,396,436,240,220,334,147,249,390,312,35,328,459,343,63,353,575,450,140,413,760,672,221,433,901,962,577,77,744,297,768,268,313,565,575,390,211,72,243,463,616,397,78,435,360,6,216,24,312,192,189,497,342,219,571,235,618,39,100,202,118
7,3,4,8,2,6,19,27,42,10,9,15,8,1,14,9,11,16,0,14,17,0,5,22,14,16,6,1,19,18,7,11,2,7,38,12,6,21,40,17,13,9,3,1,4,6,7,4,1,6,20,21,18,7,7,7,11,16,18,10,12,7,14,15,9,17,4,27,15,6,2,0,10,11,8,9,1,20,14,3,2,0,19,33,2,9,21,10,9,13,17,13,7,4,4,6,4,11,2,14,12,2,6,7,14,1,10,5,9,6,0,2,16,7,18,9,3,11,4,8,4,14,0,5,9,1,5,7,4,1,11,9,12,2,11,5,1,1,8,1,12,10,12,13,16,28,16,11,41,10,7,0,12,1,9,14,0,11,11,2,4,13,13,11,12,20,4,1,4,2,16,14,3,10,5,0,3,0,2,24,5,13,7,4,3,5,4,18,12,18,11,2,4,9,13,0,13,10,155,68,141,401,618,716,655,477,202,87,326,430,368,130,223,592,844,880,665,249,261,705,978,1029,865,551,9,123,306,310,132,181,529,819,957,912,702,382,63,181,299,283,157,39,238,384,427,337,96,242,607,921,1105,11,0,41,2,3
158,92,123,250,163,137,616,865,592,969,611,162,88,140,524,777,225,781,385,958,227,258,156,453,321,392,29,243,683,142,178,397,8,641,545,682,522,259,613,694,82,65,184,394,12,572,407,446,1079,883,144,399,104,519,1291,455,155,305,271,613,216,448,509,19,539,222,347,249,668,802,633,718,184,316,294,29,79,116,212,113,281,372,172,125,263,156,91,96,201,66,219,672,472,225,985,939,528,950,1137,316,580,820,337,22,230,190,100,280,252,112,445,457,14,456,393,144,221,193,173,124,0,266,215,242,90,60,154,25,74,483,113,102,43,60,1,135,40,265,35,290,296,96,53,831,316,289,64,111,32,616,443,403,644,335,92,42,736,532,654,98,15,65,309,178,312,95,6,92,342,13,20,250,106,124,103,540,468,115,428,209,376,605,413,36,449,839,208,237,188,82,102,510,460,906,249,425,87,795,77,719,581,43,724,293,445,238,576,296,486,1316,125,69,196,102,473,407,326,410,791,448,1218,367,1073,637,1603,781,198,476,785,462,574,174,344,0,120,718,27,171,506,504,534,175,578,864,289,16,565,223,258,379,157,642,257,396,1,122
63,47,39,139,36,23,61,94,21,68,113,35,92,11,53,85,100,144,55,63,2,64,22,139,4,34,153,79,14,67,26,111,136,65,123,249,38,90,1,14,158,32,104,96,132,191,99,113,80,129,172,142,72,31,148,109,25,174,46,106,91,134,12,78,176,139,100,42,117,33,90,168,148,226,119,156,16,129,57,19,122,95,114,11,4,22,18,46,87,35,133,155,96,93,70,67,102,9,54,0,25,65,116,100,174,63,78,160,101,196,97,26,11,35,8,37,40,56,108,101,11,37,58,49,2,42,51,63,0,4,23,9,12,48,452,470,384,209,27,174,278,269,230,129,52,72,148,282,459,710,782,753,526,46,433,925,1229,1331,1201,893,3,127,113,220,223,59,59,101,57,312,650,902,1070,1035,870,601,352,183,130,127,173,188,110,88,421,763,1054,47,16,102,1,66,23,77,87,63,80,131,82,148,20,73,69,14,0,30,14,42,79,44,94,75,73,63,91,138,96,154,70,61,147,15,9,119,13,77,110,6,177,7,51,18,40,77,126,103,13,61,3,37,55,26,66,0,45,205,103,35,67,11,83,9,8,144,27,3
82,1,860,444,109,629,951,1001,742,285,274,1577,988,947,630,120,427,861,1015,867,473,61,576,927,1001,776,319,248,720,992,963,638,116,447,873,1037,876,466,123,125,971,1001,728,225,353,804,1015,909,490,60,597,945,997,736,250,315,781,983,859,468,69,575,884,915,647,171,349,743,897,763,377,117,578,811,816,65,86,392,737,834,647,241,236,630,815,714,351,119,555,793,747,420,55,508,773,753,436,48,524,783,725,385,135,365,749,628,212,286,644,724,456,37,463,678,521,109,348,589,482,88,332,496,298,6,0,1,3,4,0,1,1,0,3,2,80,103,233,212,50,149,260,238,80,113,262,291,187,9,210,322,295,144,70,211,366,314,135,98,309,407,352,168,81,315,441,412,229,44,320,480,502,316,21,292,518,577,439,147,219,525,666,1003,284,119,506,737,728,460,28,434,770,861,658,220,308,742,969,843,458,115,668,1014,1022,690,113,502,988,1126,914,391,262,842,1155,1083,652,5,606,733,1172,904,341,338,906,1194,1103,656,33,616,1066,1182,921,384,293,851,1137,1080,703,99,518,983,1137,952,484,124,694,1515,1066,772,259,328,811,1058,986,607,72,12
8,0,1,1,0,3,274,217,78,118,334,525,661,709,657,508,277,4,308,610,867,1025,1097,1081,1012,882,728,567,396,214,12,193,0,601,745,795,724,524,215,151,508,775,878,794,546,196,183,538,816,992,1030,1013,889,712,516,332,172,38,93,0,0,1,4,2,5,0,2,7,5,1,1,0,2,0,1,0,4,1,0,5,1,3,2,2,1,3,7,0,2,0,6,0,1,1,1,0,2,2,1,0,0,5,0,3,2,4,1,0,0,3,0,0,2,2,3,0,2,2,2,0,1,2,1,0,5,2,2,0,1,2,1,2,1,1,0,0,0,0,1,2,1,2,1,1,2,1,3,2,2,1,1,4,2,2,2,0,1,3,3,1,0,2,0,3,2,0,0,1,0,0,1,1,1,1,0,0,0,0,2,0,1,0,2,2,4,2,2,0,3,0,0,1,2,3,1,2,1,1,0,2,1,0,0,4,0,1,2,3,1,0,0,4,4,0,0,5,1,2,6,3,0,6,2,1,3,0,2,0,0,0,3,2,4,2,1,3,0,1,0,0,0,1,3,1,8,0,0,2,5,1,0,3,1,2,1,0
23,6,472,167,156,502,166,415,73,246,450,48,345,402,101,275,69,204,245,182,51,137,21,137,351,67,130,7,285,31,32,706,143,235,378,99,542,190,48,116,283,126,43,308,85,525,99,425,33,336,136,106,262,273,92,104,4,291,125,145,417,302,20,437,16,104,337,328,372,47,33,129,10,539,843,599,44,676,1100,870,18,660,1007,722,128,455,638,325,61,89,52,60,174,214,194,101,163,61,192,410,408,211,297,696,736,220,404,667,481,97,343,434,227,87,224,134,75,114,28,207,146,121,221,55,72,137,37,111,89,91,119,20,9,0,31,118,59,46,34,28,87,146,195,225,20,29,129,164,266,68,92,287,204,29,275,151,74,219,265,409,142,141,112,227,75,9,31,31,83,93,229,316,47,196,108,25,15,102,154,293,310,189,465,264,94,91,267,167,65,444,20,72,299,167,209,233,100,39,190,432,104,281,482,179,101,105,155,335,349,19,107,91,115,41,164,165,114,214,294,255,366,411,100,18,371,333,372,133,177,156,126,889,711,174,372,38,552,17,309,285,188,5,24,38,90,81,279,134,97,381,297,27,226,451,47,174
11,54,19,12,110,7,19,143,185,66,214,4,138,111,161,25,72,75,135,160,67,71,33,201,35,190,48,125,136,115,52,204,144,89,138,60,75,10,31,210,29,16,67,144,224,77,51,41,286,41,38,76,47,180,75,81,196,87,17,226,254,66,100,141,57,63,158,59,4,104,126,50,77,29,66,5,143,104,109,147,47,130,102,76,161,135,164,62,32,70,92,141,137,18,59,88,137,37,20,73,7,41,151,54,93,63,34,156,80,102,271,31,89,92,15,29,144,56,25,27,96,28,65,6,50,27,11,42,40,57,40,13,15,29,2,10,23,33,43,160,7,40,9,115,47,86,66,53,112,5,171,25,121,124,32,87,29,76,29,173,13,38,103,8,76,101,88,117,5,50,66,88,4,46,128,67,29,64,17,14,187,241,163,61,17,20,5,156,45,316,176,127,22,31,123,53,59,23,592,297,142,631,693,272,235,685,776,379,280,893,996,458,303,990,1065,533,312,822,789,321,231,506,280,71,65,193,148,505,502,7,621,1015,776,2,865,1184,842,23,638,952,696,137,454,732,579,152,317,643,579,180,274,3,241,63,146,15
34,52,26,37,79,132,58,104,139,329,56,144,11,23,91,224,30,126,83,61,74,191,78,138,103,238,264,67,51,78,164,99,89,245,26,59,206,73,126,3,112,240,40,34,215,183,28,303,366,87,32,35,44,190,170,301,120,195,265,5,119,246,212,441,248,146,115,52,167,304,185,115,58,389,75,97,148,184,4,39,120,42,113,89,400,51,139,80,47,100,137,51,111,375,383,81,63,7,114,177,99,18,172,183,208,271,65,189,14,112,12,212,61,186,154,115,42,26,115,29,30,165,99,23,18,132,40,30,31,9,71,81,26,43,4,72,51,28,142,96,113,40,164,96,132,79,82,11,48,40,247,138,65,58,304,154,6,46,181,4,175,2,38,94,94,120,57,7,51,253,29,141,61,52,91,75,109,112,363,195,45,41,41,244,73,191,178,25,67,49,17,128,136,180,76,76,61,158,381,502,83,283,106,166,45,199,252,43,169,329,230,64,487,556,94,676,935,153,816,988,93,625,598,128,302,221,384,350,87,611,523,97,497,372,16,66,50,187,337,156,317,650,305,496,838,277,532,764,262,420,606,92,28,74,174,95
28,26,92,56,73,71,81,214,115,80,168,155,80,108,52,257,119,92,108,43,64,203,153,219,108,164,146,101,21,192,80,311,290,182,11,5,479,105,199,8,191,214,116,57,122,87,389,120,192,71,26,99,150,214,59,95,91,217,237,7,123,281,106,29,243,164,20,212,40,162,299,283,113,80,132,178,9,120,5,168,12,335,60,37,147,61,184,4,37,116,220,67,73,29,120,119,139,162,445,92,63,129,36,68,94,18,30,91,42,84,150,4,49,85,28,53,16,68,7,46,136,94,30,15,122,70,30,30,25,16,11,66,77,32,91,12,185,81,98,33,25,49,140,46,46,39,77,183,80,74,133,13,123,46,73,23,1,98,78,46,75,195,334,11,30,21,84,189,124,91,49,15,133,46,134,408,11,179,126,80,157,115,164,140,99,219,47,87,79,119,57,293,92,91,67,11,105,33,941,282,809,1042,99,1012,754,437,1258,597,858,1397,209,1399,1481,51,1529,1090,603,1437,493,781,909,123,579,87,281,267,456,568,488,1195,446,1047,1540,8,1609,1435,345,1650,966,611,1360,612,786,1000,187,857,999,30,864,794,329,405,16,114,139,14
39,131,64,245,37,112,44,164,157,2,221,156,362,60,126,43,74,133,140,101,129,105,33,91,184,92,85,189,328,139,387,185,216,85,4,286,184,127,109,1,275,135,67,60,151,441,361,22,205,8,72,112,140,140,40,161,112,1,51,110,147,276,73,102,224,135,54,74,71,50,90,11,54,97,202,184,79,50,11,61,8,52,317,78,141,45,67,32,74,153,2,130,68,61,28,40,206,84,139,191,103,126,108,8,27,15,118,99,26,32,102,52,122,276,111,143,127,65,9,106,2,94,82,148,60,12,40,133,112,5,29,2,43,1,58,68,87,94,89,37,5,12,4,52,127,188,35,104,68,272,2,22,78,111,84,5,98,8,9,0,8,73,96,75,16,141,108,286,112,26,53,74,75,36,87,230,167,154,286,105,234,71,120,47,91,115,378,313,37,134,82,317,60,54,19,208,122,214,911,693,234,380,839,1113,1104,762,224,500,1115,1492,1474,1046,366,533,1235,1669,1475,913,244,365,726,712,392,22,392,529,345,130,718,1197,1288,1015,303,520,1328,1724,1707,1185,489,300,852,1173,1197,944,474,71,547,904,1020,887,539,266,136,236,288,275
26,1,81,533,60,172,56,207,342,191,508,30,212,653,554,726,6,351,351,336,192,365,444,113,475,322,1118,797,531,587,202,324,203,461,438,63,511,470,251,150,314,75,81,433,397,64,258,647,265,415,194,286,203,958,279,309,536,307,30,182,209,84,422,630,443,112,476,268,626,461,99,272,21,154,108,257,251,644,245,127,174,154,599,334,198,869,47,209,178,494,224,226,342,144,37,133,342,269,591,187,250,158,289,404,75,266,313,182,25,347,14,30,401,74,441,660,19,102,158,167,594,171,134,42,171,237,57,39,219,109,243,112,165,92,80,403,241,408,196,51,61,54,120,82,120,475,23,9,397,383,80,105,57,161,327,938,80,446,182,1,252,78,90,311,0,56,106,446,111,101,434,116,324,341,188,123,116,355,67,78,288,22,22,282,205,119,16,4,195,8,155,131,22,260,300,257,372,151,764,157,430,500,38,207,139,314,308,112,243,383,642,613,281,521,1339,1536,734,786,1969,1598,328,915,1162,805,184,86,173,663,1122,849,88,1017,1054,416,100,243,45,240,624,906,507,365,1216,1352,402,799,1472,1106,207,802,1144,457,168,106,213,130
145,5,182,235,1021,129,1065,759,189,1083,867,155,1032,833,254,1064,845,200,863,702,22,494,500,297,87,410,572,246,280,494,287,111,305,32,78,20,98,110,342,247,263,610,217,608,1047,473,590,1197,821,264,985,877,133,636,854,567,136,705,780,647,12,96,333,227,705,615,601,315,335,291,503,158,404,453,163,779,702,87,861,790,25,737,690,9,665,722,124,604,798,447,144,484,438,125,108,119,209,194,135,215,358,121,429,644,146,545,747,174,362,507,156,176,294,163,60,268,193,19,170,142,59,87,84,13,50,216,171,291,122,151,147,203,247,123,363,90,350,195,107,311,242,98,114,294,388,25,409,490,6,530,552,89,399,431,160,157,255,188,15,209,339,51,252,235,49,141,299,228,43,332,423,130,265,346,61,294,276,68,212,316,225,67,154,240,244,83,130,157,2,208,795,505,251,629,361,256,787,705,468,567,155,325,495,160,318,487,101,387,321,275,756,593,181,746,735,89,673,923,345,591,940,440,493,745,1479,630,717,204,461,632,272,246,493,489,151,435,741,499,261,660,532,125,269,358,422,337,13,514,757,548,213,833,235,242,573,717
4,50,66,53,84,156,804,610,476,357,234,248,266,331,452,577,629,677,741,688,638,600,482,344,259,291,413,664,899,974,971,774,64,307,27,439,698,852,917,869,691,488,269,135,149,231,465,712,982,1275,1519,1760,1765,1737,1576,1343,986,603,192,126,33,5,306,175,21,348,15,130,106,25,240,60,216,53,25,43,165,220,87,255,46,51,49,5,77,137,265,276,160,109,16,9,137,47,74,18,80,175,141,306,108,116,35,23,92,103,117,222,137,115,331,9,7,84,4,116,18,147,52,143,101,141,108,32,28,14,59,21,7,21,26,39,112,53,44,84,23,75,12,57,127,136,129,219,186,46,141,9,210,81,99,134,234,221,146,283,61,39,92,140,285,42,12,73,84,81,36,314,53,253,39,112,137,111,28,243,92,99,54,8,89,57,5,88,47,132,200,104,2,101,23,122,200,111,92,105,167,174,106,50,70,240,150,115,61,11,133,174,283,108,108,276,2,74,189,137,36,396,320,49,188,25,40,172,244,248,147,181,9,20,226,316,122,63,129,29,216,163,177,60,116,61,49,181,73,1,369,181,192,181,98,47,87,19,143,29
71,315,231,164,725,931,3,449,275,674,629,668,627,546,846,532,1017,350,1024,9,910,131,780,301,637,2,556,143,294,315,76,316,391,630,352,769,448,511,333,147,712,291,816,715,791,995,810,1282,503,1435,537,1356,306,1277,226,817,133,484,344,272,493,403,70,66,533,705,518,91,69,435,14,326,525,706,484,350,519,380,309,401,454,429,177,5,219,502,31,204,157,146,389,227,529,321,51,521,419,447,239,87,1003,173,36,133,565,167,29,209,285,85,333,431,189,69,873,20,138,125,85,64,277,158,441,207,129,99,56,12,11,60,59,65,179,33,221,182,159,189,367,256,117,106,413,254,425,51,509,120,897,139,125,86,657,23,475,217,285,215,313,29,749,5,217,357,271,16,133,841,387,121,71,261,849,156,200,237,140,65,475,208,155,165,56,207,13,16,190,447,611,223,701,403,281,637,193,44,111,581,249,367,297,857,211,350,404,109,249,49,92,499,343,209,37,683,76,123,92,689,55,32,309,319,150,322,348,13,50,125,507,999,131,194,165,617,95,497,482,249,169,551,52,1463,289,77,365,101,1071,455,447,177,4,344,359,559,193,453
15,8,23,59,28,119,415,247,1,123,77,46,154,274,333,257,15,261,472,493,329,95,125,279,502,674,548,42,497,676,379,49,129,172,118,323,184,209,431,392,178,0,13,70,117,532,780,636,26,696,1075,872,205,469,817,630,209,130,120,210,51,88,72,92,18,44,191,99,54,68,57,9,87,14,34,27,142,14,30,125,109,4,44,65,39,129,24,118,22,16,32,129,35,14,55,81,87,76,40,110,155,109,27,79,98,6,81,84,28,6,21,18,45,24,44,21,56,4,40,41,89,63,61,44,6,16,35,12,1,33,3,1,49,77,5,7,1,47,6,17,134,101,92,42,12,43,74,98,40,79,32,21,106,28,70,92,70,37,71,100,27,80,24,82,186,104,46,24,119,6,67,12,4,76,42,67,28,58,4,166,36,196,21,24,115,21,42,113,2,22,28,65,26,117,34,99,66,37,215,92,130,76,30,3,127,96,32,60,37,43,80,32,49,54,14,2,61,18,135,37,4,42,13,21,4,129,34,62,35,82,87,21,83,34,18,224,97,104,105,59,2,82,79,118,87,82,96,67,6,11,106,11,2,134,43,41
87,21,896,1342,1467,1384,1143,689,226,267,670,926,1074,1012,855,518,215,89,317,435,456,360,341,203,96,88,112,196,252,331,303,258,54,191,456,751,918,868,664,469,174,175,584,845,1001,1168,973,720,309,146,586,964,1179,1201,1052,757,378,49,472,809,999,1061,950,701,395,34,309,559,724,782,719,580,354,115,134,326,449,504,489,428,305,169,36,110,200,262,283,290,252,193,108,29,78,164,237,267,260,212,113,6,151,260,339,362,311,188,16,165,334,459,490,417,259,49,193,392,517,522,407,213,6,175,214,1,4,0,0,2,0,0,0,6,3,1,117,108,35,73,189,275,304,288,227,137,24,78,160,206,217,206,156,103,25,42,91,119,135,133,98,70,10,33,84,123,147,137,105,66,1,70,140,233,267,283,231,149,9,136,277,402,481,489,406,259,62,194,435,637,749,748,634,433,111,224,575,833,1007,1007,863,566,196,236,620,929,1117,1120,984,648,252,173,592,782,946,1002,864,600,290,45,352,763,847,871,826,614,357,137,87,246,264,320,299,278,285,304,294,399,399,335,284,76,137,438,720,939,1063,1026,819,480,10,468,927,1269,1346,1272,1132,25
175,157,586,148,259,566,683,593,293,144,660,156,1515,1740,1751,1574,1257,857,456,118,94,189,137,2,192,352,446,447,329,140,79,291,414,397,265,5,361,741,1075,1459,1420,1392,1253,1009,745,492,294,159,83,32,16,87,195,312,454,558,603,563,424,211,48,330,590,772,840,785,590,329,7,289,547,679,725,681,586,1431,405,399,454,566,701,814,853,813,672,437,139,165,436,612,687,631,462,207,73,328,509,581,535,389,176,52,236,789,390,345,260,173,112,72,78,94,110,95,45,48,161,258,323,329,274,161,17,47,12,36,3,33,20,40,32,10,10,65,27,11,3,42,48,26,210,518,860,1197,1399,1414,1207,807,330,124,446,544,418,819,224,525,663,599,337,47,454,796,988,983,798,486,121,203,408,444,302,2,400,826,1194,1462,1542,1460,1233,935,624,1208,226,201,308,496,726,943,1103,1172,1140,998,791,524,254,18,143,184,107,93,403,771,1129,1418,1583,1608,1479,1210,827,390,30,395,634,759,724,570,330,438,150,291,329,234,52,211,469,696,821,812,638,336,44,436,754,914,888,642,203,354,945,1462,1833,2010,1949,1689,1279,909,314,72,298,357,229,50,407,764,1053,249
43,9,204,119,208,103,47,379,59,99,153,339,168,232,69,169,7,58,271,61,367,27,121,65,214,57,36,282,149,2,149,165,60,340,6,61,151,147,8,108,90,170,99,276,322,225,152,94,170,342,71,153,40,89,113,47,45,330,61,163,37,45,173,9,42,72,319,55,145,104,288,340,714,425,285,708,409,296,740,486,291,874,725,120,999,1045,91,848,1003,192,680,740,52,627,542,165,133,484,243,853,539,324,859,370,519,749,12,855,637,350,1049,622,440,1089,630,439,997,442,448,683,72,405,239,0,2,53,4,22,27,6,14,53,18,30,87,164,121,17,13,49,54,58,59,184,52,10,150,44,217,53,100,55,49,139,20,50,87,202,257,30,20,27,100,308,211,236,21,34,190,160,1,175,52,130,107,227,85,167,62,79,216,76,232,129,129,99,139,207,101,154,34,240,143,30,54,217,26,10,27,195,153,130,143,41,65,108,187,308,53,317,26,72,239,148,237,240,169,23,243,253,218,145,177,152,464,227,154,62,85,90,258,192,361,258,150,391,17,74,159,306,76,27,82,156,198,126,75,25,315,153,209,265,307,60,193,106
177,104,172,153,88,399,184,276,33,247,281,407,99,4,89,265,157,317,119,164,161,251,28,250,314,608,188,358,712,71,536,384,403,149,40,244,344,205,300,140,66,663,82,292,629,678,500,85,136,405,33,184,360,329,473,50,881,749,67,230,404,322,14,448,68,546,127,40,278,154,330,281,8,186,511,192,287,195,457,329,334,74,19,188,47,504,98,63,307,61,249,272,259,129,481,271,160,23,115,243,292,466,335,473,317,354,563,78,182,207,136,93,186,399,355,85,101,70,115,330,371,22,273,47,124,108,8,134,212,151,160,37,8,188,30,112,209,33,63,557,147,165,122,258,149,25,549,347,35,126,272,295,2,261,305,59,64,209,2,1,229,20,96,329,140,39,74,120,195,343,133,497,36,288,436,120,248,640,29,253,163,348,469,165,685,102,147,126,160,126,15,131,397,633,5,40,157,587,657,77,258,237,202,218,109,61,43,122,3,357,821,363,761,1551,1017,430,1633,1652,382,1127,1496,801,118,582,21,480,351,14,651,943,433,370,539,386,90,143,291,22,772,1080,396,796,1572,954,484,1383,1238,146,847,1133,440,799,231,14,78,147
11,47,53,38,7,28,256,400,333,199,107,146,200,171,8,218,463,554,524,312,11,241,374,453,509,582,515,105,402,657,514,169,53,218,13,263,422,273,78,346,405,277,171,231,426,481,228,312,848,1107,861,286,424,854,886,562,116,150,116,35,26,7,183,50,121,148,0,139,6,3,50,16,56,2,4,14,51,5,82,73,80,19,106,25,101,66,54,41,4,9,21,7,29,22,153,29,4,75,114,14,17,0,87,136,0,39,49,40,80,49,75,15,16,28,42,68,85,48,10,37,29,32,54,21,44,14,30,18,9,3,0,47,16,23,5,6,72,7,17,9,75,27,118,23,33,95,40,40,104,16,10,44,66,88,36,11,2,24,52,78,151,24,135,84,45,78,86,66,4,104,98,37,40,72,87,37,202,97,49,0,124,128,38,184,207,21,46,46,51,2,56,133,68,59,69,187,59,63,42,19,55,23,1,99,16,63,49,104,128,40,94,105,49,10,175,46,226,67,196,155,158,49,81,41,23,139,46,45,116,33,25,177,33,32,37,12,85,64,121,94,21,65,137,21,113,27,14,136,84,4,142,44,16,81,62,4
11,192,47,7,33,126,4,29,101,85,421,297,303,28,248,78,108,130,226,111,203,118,241,133,378,187,223,236,120,129,99,88,71,363,5,150,87,88,75,63,205,311,33,81,92,153,238,310,88,39,394,90,105,289,9,51,54,18,269,175,151,112,230,215,150,99,195,101,9,140,46,165,13,247,108,26,102,122,288,80,252,115,102,102,155,178,241,57,70,126,5,385,57,60,202,21,64,9,257,122,94,136,171,87,168,109,42,18,33,195,286,77,112,171,244,18,61,147,81,71,68,134,67,154,16,102,22,35,8,73,18,60,2,49,164,2,19,82,59,125,11,11,126,84,12,113,59,81,16,164,12,208,84,92,112,78,112,88,300,82,209,167,94,116,511,39,81,54,7,18,19,157,71,237,175,109,12,88,192,118,248,15,88,199,213,165,161,208,68,222,39,89,153,15,87,132,60,5,965,71,994,1173,283,933,1272,520,802,1508,888,598,1662,1266,151,1541,1562,234,1187,1377,435,659,885,298,426,378,84,405,183,563,863,84,1088,1416,410,1108,1780,846,711,1609,1147,167,1234,1195,205,840,1115,449,509,1027,669,200,932,18,104,117,8,29
8,8,472,327,167,2,170,324,462,570,650,342,700,666,596,486,349,188,21,135,311,445,566,649,700,707,673,591,487,344,189,18,157,321,470,597,675,726,704,571,572,443,290,117,63,234,407,547,641,698,710,673,591,470,321,154,28,208,366,498,594,648,662,624,545,434,283,122,43,203,346,466,549,597,602,649,473,357,216,62,97,246,380,493,543,570,542,469,359,217,50,117,281,425,516,560,551,481,361,201,21,168,336,634,519,525,457,328,157,34,226,356,446,452,390,251,67,130,287,377,356,232,47,4,1,0,2,4,0,2,2,0,0,3,130,159,153,107,31,53,127,182,204,180,134,66,9,86,150,206,231,235,203,357,84,3,81,159,229,268,280,279,247,191,119,31,66,159,248,311,349,363,351,307,237,142,35,87,204,305,395,175,488,479,434,352,239,97,44,205,352,477,574,630,642,596,502,390,222,29,166,350,519,652,749,780,765,673,547,374,176,37,248,439,621,754,814,1297,789,694,555,378,178,33,243,449,592,724,798,819,792,710,580,436,228,37,166,356,519,649,739,781,771,725,628,48,342,165,16,196,363,513,619,694,731,10
25,5,291,53,210,443,637,749,745,654,448,609,137,438,684,869,961,949,852,702,511,303,104,73,196,298,334,325,258,168,28,138,277,413,490,526,489,385,233,26,122,301,444,547,586,583,551,471,379,282,204,151,137,160,223,304,376,420,429,376,265,97,93,302,504,692,817,893,934,915,851,769,668,583,487,1102,377,357,359,394,460,544,640,728,799,820,792,709,559,379,180,30,218,378,493,556,569,513,416,276,117,40,163,856,302,304,262,207,147,91,56,50,87,134,201,268,319,331,299,240,157,63,14,6,31,26,19,1,16,26,47,10,34,36,273,227,171,132,138,214,348,555,787,1029,1217,1318,1316,1205,1005,734,455,204,31,1306,43,82,269,517,763,987,1141,1203,1160,1002,760,442,109,215,480,650,732,709,612,444,261,67,108,241,323,324,286,864,14,177,371,574,761,920,1055,1113,1139,1114,1018,874,682,478,257,55,130,251,327,375,357,286,169,28,156,341,531,688,779,852,833,754,614,419,203,1012,277,494,661,801,872,884,835,732,587,402,181,39,229,386,462,450,346,141,116,401,699,949,1136,1252,1303,1249,1144,84,667,378,53,267,550,767,915,973,962,70
2,4,15,11,13,10,0,26,2,4,4,23,19,18,18,11,4,30,24,15,16,0,63,4,11,4,4,8,0,4,7,0,7,9,17,19,15,11,26,18,9,11,19,23,3,14,3,15,4,0,1,2,4,2,5,0,13,9,10,37,7,15,17,19,23,2,11,15,6,0,12,18,8,19,26,14,14,10,25,12,14,33,2,11,7,36,14,9,25,13,11,5,2,0,4,17,6,27,4,4,14,29,1,7,7,14,6,18,2,9,16,11,2,0,16,0,7,3,14,2,11,5,2,4,9,8,6,0,4,3,1,12,0,0,4,11,0,5,10,2,0,10,7,4,7,12,9,0,4,13,9,16,1,11,16,5,5,18,3,34,30,12,2,9,13,16,4,22,7,4,11,4,16,14,3,11,4,2,22,19,9,14,7,4,5,7,0,6,2,28,0,21,16,6,5,19,4,0,245,239,54,250,561,736,717,522,200,152,416,490,346,17,385,695,754,490,21,610,1069,1248,1094,694,190,249,5,482,252,112,466,671,629,346,105,550,854,930,788,505,189,51,141,65,133,396,607,698,586,261,191,665,1008,2,4,16,0,2
179,113,400,363,101,629,84,1176,1,761,1410,243,164,15,236,551,257,918,868,417,656,434,292,65,315,519,151,803,61,250,1259,519,179,453,369,268,841,326,756,127,854,668,452,143,636,718,47,1266,307,238,649,87,171,208,411,95,744,392,56,136,216,5,168,800,497,611,1237,40,172,473,560,495,273,450,239,313,192,143,261,80,422,139,353,61,455,74,37,116,160,28,454,99,797,172,1192,152,195,194,1158,247,1015,246,649,200,372,71,75,175,285,255,500,291,527,177,191,104,200,141,17,170,121,386,319,126,160,53,369,268,245,6,40,61,118,70,36,268,85,383,78,126,119,167,347,230,70,633,178,51,179,200,119,40,583,143,7,490,243,418,219,690,365,227,361,720,684,289,914,4,733,157,463,14,383,195,567,187,266,930,36,824,536,333,66,179,54,68,266,233,141,240,917,22,282,52,17,655,639,760,1029,67,202,344,58,504,126,984,123,95,624,886,308,239,8,398,491,327,502,160,369,647,19,60,498,266,592,404,423,410,840,629,622,157,299,284,375,22,244,289,219,99,486,257,324,371,386,592,315,7,175,331,383,799,29,35,787,15
5,58,26,7,16,35,33,5,191,33,78,118,120,16,61,84,121,35,21,83,46,47,9,73,61,40,91,71,1,216,113,91,7,170,30,93,3,16,77,7,30,75,125,121,92,132,73,34,132,18,0,162,71,74,11,38,12,68,72,108,105,124,5,100,49,33,48,144,85,7,42,9,53,80,23,22,126,69,36,4,63,71,115,103,5,0,51,70,89,160,16,37,105,34,46,19,142,186,101,6,4,13,56,16,70,23,34,53,2,65,27,93,49,52,0,12,6,40,57,21,28,28,8,5,7,11,14,16,4,7,34,9,18,32,390,351,271,196,98,26,26,67,56,27,46,145,271,394,537,644,717,744,698,596,404,180,59,306,472,632,101,677,611,473,291,89,104,297,423,500,490,399,309,174,61,29,61,43,30,120,271,450,621,766,847,870,851,2,45,35,12,94,15,16,46,21,33,6,177,32,141,44,49,63,68,42,183,13,21,42,93,22,25,92,2,11,72,2,4,31,87,10,122,7,21,89,28,51,90,68,1,184,18,155,86,129,16,29,40,120,38,99,95,81,134,39,82,10,117,99,14,25,7,78,9,82
17,2,1,8,2,0,223,119,36,233,430,577,664,658,565,392,153,119,403,682,909,1040,1103,1086,1024,921,796,677,548,406,242,68,5,359,568,726,793,737,545,248,122,493,797,964,968,816,546,218,113,416,673,857,957,978,944,873,798,733,672,5,5,7,5,1,1,0,0,3,3,0,2,1,1,2,4,2,4,2,3,0,0,0,0,1,1,1,2,1,2,5,0,4,0,2,1,0,2,0,4,0,1,3,3,0,1,1,0,0,1,3,2,0,0,0,1,1,2,0,2,1,0,3,0,0,2,3,2,2,0,0,0,0,0,2,1,2,0,0,2,1,4,2,1,3,3,1,1,1,0,3,0,3,2,0,1,1,3,2,1,0,1,0,1,1,0,0,1,1,4,2,2,4,2,0,1,0,2,0,1,3,0,1,2,0,1,2,1,3,5,2,2,0,1,2,0,0,0,3,2,2,2,1,0,3,1,1,2,3,0,3,0,1,3,0,1,3,1,1,4,1,3,2,6,2,0,3,5,0,4,2,1,0,3,3,1,2,1,1,1,0,0,1,1,1,6,1,2,1,3,5,2,2,1,2,1,1
113,292,36,38,180,180,57,300,171,118,348,172,3,365,8,100,117,216,368,122,223,129,556,151,90,209,195,143,243,686,193,121,164,400,18,683,152,371,504,243,365,342,53,213,62,74,396,284,179,404,183,12,186,28,263,182,545,398,369,295,359,254,11,170,125,310,137,133,274,92,54,471,368,403,860,484,392,907,601,199,661,508,121,321,502,310,212,379,195,74,212,37,284,224,292,523,97,349,751,578,287,1029,811,222,1125,916,184,916,680,8,496,471,17,261,269,88,118,157,99,26,65,155,36,86,84,30,83,51,89,65,114,21,47,69,63,103,151,196,53,142,68,182,176,13,34,61,368,33,225,73,36,55,45,10,270,71,468,209,359,85,88,24,193,224,381,155,31,91,257,152,7,321,43,308,273,128,72,415,35,278,6,473,39,336,128,273,74,193,14,47,61,104,96,148,122,338,7,147,147,194,55,219,101,365,381,212,36,166,62,647,235,513,350,176,176,74,321,1,38,412,62,452,116,167,42,9,351,134,433,21,173,52,38,435,64,142,180,33,40,174,193,80,63,349,315,232,239,1,302,297,544,0,25,88,109,11
55,107,711,560,125,382,833,1120,1263,1158,800,434,177,54,144,328,659,884,958,693,286,205,718,993,1108,1067,780,475,190,79,182,485,722,935,1011,890,471,38,442,727,893,821,714,372,178,122,187,373,615,817,880,793,478,63,332,643,867,838,729,516,308,186,182,268,441,579,662,588,404,91,259,560,772,848,774,597,403,233,141,128,188,283,362,338,226,23,221,451,663,755,773,665,473,259,52,117,226,288,279,257,221,217,240,279,310,314,290,193,74,75,226,365,445,485,428,313,163,19,185,303,343,294,184,1,3,3,2,1,0,1,0,1,4,0,37,4,38,63,52,34,5,37,62,63,59,32,17,17,14,47,90,146,198,202,177,99,23,168,312,423,471,443,351,203,27,126,235,288,273,216,125,90,82,145,255,392,485,519,456,292,58,198,426,575,639,579,456,311,232,211,263,376,475,492,442,241,54,380,692,887,959,909,695,462,267,155,149,235,331,395,350,174,109,499,843,997,1069,1039,793,624,295,103,47,138,389,534,500,248,109,573,1044,1347,1449,1297,1069,622,253,37,10,111,373,530,552,369,29,509,961,1276,1427,1223,874,537,203,36,57,25
62,31,566,209,151,500,812,1076,1270,1404,1457,1641,1283,1080,814,491,143,212,574,862,1131,1311,1429,1447,1380,1218,974,706,360,5,378,713,1009,1240,1403,1461,1434,1310,1107,1836,479,107,268,628,963,1223,1384,1453,1436,1306,1085,793,451,83,266,653,975,1190,1339,1386,1329,1175,943,650,319,53,426,722,970,1153,1249,1251,1158,984,743,388,93,228,545,810,1014,1133,1178,1101,918,694,399,62,280,604,873,1041,1159,1106,999,738,420,54,320,651,957,1107,1138,1454,755,405,12,387,713,915,1005,909,694,353,49,441,724,851,785,522,132,290,548,1,8,4,7,5,1,0,1,1,6,3,112,256,347,343,244,79,88,244,375,424,399,313,182,23,158,297,399,495,499,21,353,206,38,138,295,439,557,586,595,535,420,259,71,117,345,518,649,734,767,732,639,483,283,36,219,476,695,1160,985,1025,981,855,647,387,79,235,573,865,1111,1267,1335,1289,1124,900,593,207,204,604,971,1267,1477,1576,1551,1402,1163,808,387,71,522,945,1286,1530,1726,852,1604,1390,1083,685,252,194,617,1037,1359,1570,1685,1676,1562,1345,1052,660,251,178,604,983,1283,1493,1606,1616,1524,1344,1076,1836,382,17,405,761,1063,1305,1445,1526,1481,4
42,8,1425,1411,1349,1228,1064,858,632,382,97,987,433,681,904,1094,1245,1353,1405,1402,1348,1254,1106,913,689,438,155,104,367,625,876,1079,1243,1358,1418,1413,1355,1235,1064,24,624,349,53,244,526,776,1018,1201,1318,1394,1405,1346,1229,1054,842,579,323,25,267,541,787,995,1155,1265,1277,1279,1182,1041,849,620,364,100,162,430,638,331,1018,1115,1163,1146,1072,942,783,547,297,21,236,496,735,927,1080,1113,1130,1029,883,651,381,78,230,520,786,993,1067,953,972,782,512,188,147,443,711,860,921,865,686,403,65,286,565,735,712,528,224,4,0,8,12,1,4,3,3,0,0,5,155,18,141,278,361,370,301,186,79,73,210,322,399,441,430,381,283,194,47,114,231,344,439,512,551,559,489,427,309,167,19,135,287,441,549,644,702,734,718,659,556,423,241,70,108,313,525,424,848,952,1013,1026,973,902,753,525,285,18,254,527,786,1008,1202,1347,1374,1373,1290,1137,922,648,346,38,345,678,979,1236,1433,1568,1637,1637,1502,1359,1104,1770,484,130,225,563,880,1168,1398,1568,1634,1642,1590,1471,1297,1069,805,485,161,197,500,792,1050,1266,1433,1526,1565,1534,1453,145,1109,885,629,344,48,252,509,783,1012,36
35,78,51,171,17,207,499,199,13,128,114,57,37,88,157,479,893,1236,1313,1112,603,10,438,666,688,652,654,761,770,614,367,126,77,194,69,174,407,415,271,134,76,275,310,335,383,648,949,1253,1431,1130,465,272,1100,1612,1682,1299,613,67,428,46,204,187,248,158,24,66,317,21,94,212,16,93,239,88,127,155,259,56,52,73,262,100,118,170,145,104,4,225,191,20,317,53,214,88,124,59,30,188,52,231,165,177,263,246,33,62,249,160,68,425,92,107,195,102,67,107,129,173,112,36,40,70,57,10,27,4,14,134,61,15,37,38,46,52,32,36,171,95,50,80,76,45,15,2,8,55,52,237,224,200,160,33,131,105,115,176,24,154,27,138,124,87,81,132,147,195,84,64,19,122,209,175,124,242,128,176,258,72,75,214,25,247,181,245,284,30,76,156,100,117,92,44,16,63,71,313,66,78,94,21,114,66,180,151,237,101,201,228,94,132,206,269,125,69,226,108,320,61,28,20,19,88,123,111,184,14,76,87,1,259,213,83,156,134,83,171,70,123,105,148,176,166,124,155,210,38,235,318,168,81,45,179,160,84,60,101
72,91,361,157,827,583,219,490,740,437,42,798,915,735,296,342,867,1109,650,149,858,904,712,228,239,455,513,63,320,11,23,278,25,88,291,473,765,236,24,236,419,737,865,534,121,783,1450,1325,412,583,1244,1375,473,483,909,819,219,467,275,117,775,58,40,120,131,967,430,641,117,383,751,431,149,133,95,20,457,326,209,409,755,693,123,364,41,517,98,291,419,51,437,523,431,101,179,401,64,393,182,63,483,125,565,472,206,118,120,803,196,210,289,227,38,515,137,635,180,14,101,16,275,69,16,123,148,267,75,113,137,15,46,407,195,40,239,291,170,187,531,441,201,183,219,285,304,357,337,167,717,240,55,69,109,469,699,272,320,233,235,353,239,173,43,98,61,345,316,567,80,11,507,479,683,15,669,349,96,375,93,9,1191,202,168,263,214,331,231,781,611,509,397,535,435,227,341,207,71,84,81,33,653,152,589,63,211,707,180,151,641,152,54,90,237,107,563,284,1346,405,116,481,322,30,36,125,957,496,271,67,17,237,279,593,260,52,17,213,417,574,81,73,26,473,613,217,1395,39,541,470,515,474,485,733,310,116,629,455
9,18,4,31,20,16,739,354,348,1055,1456,1393,886,156,579,1099,1284,1164,807,326,88,299,261,42,219,357,311,92,187,399,438,298,21,257,496,529,269,243,826,1287,1447,1256,785,199,294,617,745,739,658,573,524,489,404,254,25,226,427,484,367,4,12,22,15,6,6,17,21,20,18,19,29,19,55,12,27,19,16,7,32,13,52,1,10,20,35,6,19,3,8,16,10,7,7,19,9,12,10,20,19,15,22,21,1,10,6,10,20,9,16,19,11,4,7,52,2,6,10,2,13,8,10,1,13,14,14,4,15,0,4,10,3,5,6,1,6,0,21,6,10,32,7,6,14,25,18,26,21,5,1,8,17,21,6,12,13,8,5,2,16,3,4,17,9,17,2,1,8,8,6,35,20,24,26,1,12,25,13,4,6,1,32,14,4,2,26,5,0,6,18,20,28,8,0,13,15,37,12,24,55,16,48,30,32,7,42,17,1,29,2,30,10,17,4,4,4,43,11,3,2,5,25,23,23,18,6,1,0,32,1,17,20,34,5,12,3,48,23,11,15,56,19,6,38,18,23,31,8,9,35,11,29,11,6,9,5,3
10,51,12,213,121,50,347,415,215,494,244,258,244,90,210,135,119,87,334,175,24,176,228,95,48,126,139,293,115,50,32,127,240,5,23,243,47,87,58,177,84,26,35,83,9,26,47,128,26,55,193,141,24,176,118,51,81,244,148,117,30,88,126,339,48,335,38,218,131,243,490,218,706,484,282,715,371,418,743,276,531,942,342,708,1097,346,768,1076,269,702,819,68,715,521,300,717,127,503,769,84,675,657,150,757,318,551,694,163,932,498,604,1046,263,821,919,23,842,586,278,614,95,416,147,38,126,59,96,21,2,56,54,1,36,0,120,88,111,52,186,39,37,107,55,113,172,113,99,142,253,200,68,272,115,148,19,59,331,90,107,305,158,155,10,114,195,88,53,106,34,160,166,151,154,160,62,4,91,141,30,151,16,127,110,38,185,127,53,427,35,36,45,106,148,58,120,211,134,103,284,70,26,58,133,4,282,182,360,213,463,9,59,30,30,550,162,336,2,7,116,297,249,60,24,46,16,35,44,74,198,124,107,85,123,154,256,124,44,117,29,28,176,194,88,27,307,233,352,55,62,87,135,84,226,127,118,104
4,84,87,188,284,393,246,218,556,135,61,163,123,335,22,101,37,510,220,179,2,36,36,49,144,462,87,127,226,311,571,5,86,510,337,221,259,601,400,77,753,146,77,333,150,214,41,241,5,240,372,178,136,176,91,459,23,210,130,324,22,264,304,189,507,273,275,113,191,255,116,276,77,231,81,22,11,154,144,37,67,80,56,71,63,64,206,9,112,109,259,85,116,354,413,58,199,82,108,81,42,213,39,125,168,157,143,65,161,179,238,110,172,196,205,196,341,265,112,248,50,84,16,39,111,164,112,64,14,92,85,118,132,80,19,5,26,127,25,73,12,30,116,196,87,136,84,157,125,309,82,401,181,208,5,123,32,113,138,60,26,251,143,98,251,168,67,171,18,75,304,116,150,306,209,140,37,64,60,241,355,331,438,16,153,229,1,66,257,64,50,90,612,25,209,352,47,63,536,195,117,75,65,73,48,232,280,295,221,212,192,753,1084,793,154,1236,1772,1202,168,1250,1191,677,62,294,26,298,408,599,419,86,657,777,329,101,286,17,80,104,435,498,350,256,667,778,453,241,804,769,433,68,498,101,30,174,37,95
18,1,4,170,129,103,116,23,78,18,39,51,288,479,5,56,150,58,274,151,60,269,269,0,101,323,213,143,30,380,133,7,75,51,59,272,16,36,28,68,126,40,106,22,91,285,378,35,299,184,82,160,12,106,202,254,26,80,43,91,125,289,92,67,9,7,144,165,35,12,132,49,16,134,92,36,66,254,254,6,330,11,158,43,175,92,12,22,199,129,11,1,72,212,42,185,136,299,150,35,140,9,44,136,161,266,203,199,245,57,98,37,213,4,30,129,130,40,171,33,172,56,74,56,64,33,43,63,77,35,26,67,36,11,5,99,14,37,119,85,65,92,21,36,140,84,35,205,32,175,228,15,30,47,73,36,104,85,174,106,67,4,11,22,259,285,167,233,109,49,22,212,43,117,126,273,84,56,39,155,163,2,19,372,207,217,273,326,37,256,105,207,150,101,160,158,118,236,328,1012,1227,665,348,1094,1255,751,286,1295,1609,957,293,1469,1834,1121,143,1261,1619,1050,26,811,967,461,201,456,213,373,672,323,497,1214,1229,361,897,1714,1571,528,773,1507,1391,569,367,999,1040,559,127,672,898,726,145,569,961,39,33,96,36,54
60,203,153,423,775,217,24,206,210,133,714,914,436,161,418,192,289,541,310,47,41,103,252,214,60,56,218,309,94,347,672,478,46,430,361,66,407,323,101,477,368,49,477,715,324,264,698,760,290,333,749,621,177,231,315,10,339,485,492,130,751,319,1395,639,421,799,384,611,307,453,802,385,203,510,229,346,808,571,103,671,584,24,659,779,356,212,431,315,56,126,12,208,269,83,88,162,48,274,424,277,233,675,796,328,353,738,522,62,543,587,123,339,496,284,56,148,77,132,185,93,150,292,294,131,119,84,163,16,111,18,16,9,212,245,493,339,160,9,42,5,155,256,323,265,122,169,333,297,29,385,518,441,119,165,281,321,291,97,158,325,36,26,363,496,335,25,245,319,202,37,167,201,78,52,169,167,0,166,238,242,104,9,109,394,590,566,317,304,151,977,593,739,981,138,747,95,281,135,1445,915,294,200,479,342,83,492,707,407,177,696,586,33,558,661,257,382,666,407,194,653,629,216,293,496,1117,82,167,290,391,320,196,93,288,289,49,240,271,26,470,657,503,60,218,216,152,341,260,42,75,494,977,439,873,142,153,1
129,63,473,134,193,899,336,866,632,409,1064,500,660,644,235,430,75,375,93,263,18,126,116,146,78,127,320,103,193,192,30,101,471,182,22,176,195,15,315,313,153,637,374,405,570,314,24,382,601,415,455,765,296,298,555,549,276,580,1473,549,189,121,767,431,741,639,941,273,143,315,602,188,19,74,418,473,34,690,621,164,748,469,51,539,503,79,389,424,100,386,76,255,224,189,362,25,331,220,94,127,376,273,302,662,487,219,892,820,104,1000,721,333,802,247,355,444,90,290,214,30,118,128,165,32,653,15,92,53,73,126,112,149,68,53,27,369,255,183,396,240,51,276,327,269,41,421,518,98,456,434,117,234,85,158,169,227,219,495,95,464,177,123,337,465,320,32,424,390,81,249,479,426,5,550,468,176,448,33,199,150,304,211,513,130,13,157,227,907,18,460,275,219,170,210,928,99,229,534,208,319,0,169,123,146,60,256,238,195,420,27,537,440,9,501,952,566,353,969,798,47,557,906,425,617,449,519,555,1028,541,49,476,534,423,72,437,674,240,378,438,252,118,114,489,317,274,153,350,209,497,733,58,382,733,333,8,115
7,387,155,54,851,112,1366,64,1209,278,1009,481,688,537,422,481,82,320,0,145,19,40,238,37,318,165,192,162,44,70,23,178,441,167,469,54,511,132,631,353,478,640,201,813,247,655,657,188,780,314,503,610,58,574,323,289,368,21,242,2,5,257,86,561,169,9,418,181,1399,859,395,514,205,645,59,795,250,740,594,569,776,210,792,159,607,298,341,233,152,93,219,20,361,72,460,322,470,601,60,648,299,577,610,344,888,14,982,452,850,840,513,985,72,877,168,630,281,392,317,240,312,49,179,381,577,12,1,203,1,77,112,96,169,113,156,253,28,349,203,175,367,110,337,348,123,404,41,365,148,250,209,164,199,35,69,110,127,88,315,189,1091,424,119,595,219,451,474,156,455,157,343,357,147,422,191,370,406,45,493,211,380,348,183,339,146,439,139,251,515,63,249,53,569,891,527,6,10,925,241,718,431,603,642,385,850,40,824,333,607,582,386,675,160,795,105,865,534,612,807,161,749,207,508,396,503,357,182,151,284,157,284,319,110,431,71,367,301,169,337,104,121,119,154,86,145,287,73,231,194,38,64,71,10,269,669,130
11,0,459,310,144,31,202,359,498,580,662,380,693,649,571,454,311,139,11,181,353,485,597,668,701,688,631,544,430,274,118,51,223,381,521,618,694,699,685,387,510,371,211,33,151,328,468,609,675,706,685,622,520,382,206,45,138,313,448,557,628,655,641,575,477,334,179,13,151,306,432,528,593,590,568,740,382,248,95,63,219,355,465,535,553,549,484,380,241,80,91,243,393,497,560,558,501,392,239,65,131,296,427,550,535,483,367,204,16,170,336,433,457,422,301,128,66,244,356,387,310,146,50,0,5,1,1,2,1,0,1,5,2,0,97,148,165,138,76,5,94,158,200,205,178,121,47,33,107,182,228,249,233,430,136,60,23,107,182,242,277,290,274,231,168,85,9,102,199,259,333,359,368,343,286,204,95,5,125,245,344,221,478,491,470,407,301,187,47,113,269,411,530,608,646,631,559,451,315,128,69,262,445,597,716,772,764,724,608,449,257,45,171,385,566,710,791,1254,804,727,601,434,236,22,195,406,573,705,791,822,803,730,613,459,268,66,133,326,496,636,737,790,782,750,633,39,351,171,12,195,364,508,625,694,730,7
32,24,574,738,712,523,282,143,91,190,368,674,934,1060,1010,627,195,335,861,1122,1273,1241,1044,612,228,55,200,201,91,102,231,263,73,216,595,1030,1339,1283,983,670,298,129,551,733,813,851,607,401,223,98,91,176,297,390,420,329,105,182,521,822,1041,1099,967,714,344,31,364,599,719,689,588,423,265,167,121,122,177,244,220,157,5,190,422,642,786,761,673,494,234,52,336,549,699,727,666,519,312,101,118,286,415,438,439,391,302,186,52,73,178,239,291,305,258,177,68,70,199,291,334,309,199,20,157,2,2,4,1,3,4,3,1,6,0,3,166,130,34,78,192,279,310,306,262,167,44,93,214,314,380,385,332,231,97,65,232,361,432,451,389,292,135,24,167,270,323,327,270,197,107,57,23,29,68,119,122,107,19,122,294,479,622,691,642,484,254,54,352,579,743,764,699,526,343,166,37,21,22,4,2,42,167,354,571,774,913,917,827,540,149,257,673,837,956,989,821,534,301,111,5,54,54,70,82,2,164,493,872,1162,1391,1342,1159,720,196,341,884,1116,1180,1173,853,589,286,145,140,278,413,525,503,327,32,457,900,1263,1389,1356,1182,3
13,4,44,34,53,36,8,13,5,40,37,2,5,20,58,11,26,32,13,24,6,28,32,10,18,31,15,4,30,29,24,19,17,16,12,13,20,19,26,2,45,28,32,18,12,26,20,43,23,7,24,21,25,13,9,30,7,1,20,27,16,4,9,12,17,11,26,34,11,0,27,15,9,18,9,25,1,2,37,31,48,6,13,25,34,3,18,0,10,28,19,30,18,4,44,10,24,12,8,8,10,23,10,15,1,22,3,24,26,0,33,3,4,13,12,20,21,7,6,0,14,7,0,10,11,8,10,8,6,13,3,19,0,14,6,12,17,7,16,2,0,14,7,19,9,27,6,28,13,1,8,5,2,18,11,7,9,25,0,5,17,0,0,24,29,9,12,38,4,0,8,8,9,2,37,37,11,16,9,10,3,36,2,2,7,23,0,12,18,2,2,19,9,8,26,20,12,0,235,230,737,506,395,1053,772,187,934,738,100,665,344,424,608,223,1152,935,464,1651,1345,183,1433,1290,96,857,49,52,512,76,674,696,249,1250,1186,34,1162,1308,423,533,748,298,111,28,317,310,304,1065,1068,14,1304,1643,610,4,1,36,23,8
289,28,248,616,278,387,561,588,427,722,117,330,46,442,420,942,539,335,483,316,1145,569,230,141,224,505,165,222,483,241,75,340,122,727,254,728,68,761,6,1024,399,261,463,35,947,92,129,609,502,527,587,735,858,1319,327,46,569,457,272,175,121,223,94,486,37,289,251,393,311,436,722,568,196,516,252,114,140,65,29,217,199,272,335,36,273,142,30,22,5,429,332,247,847,413,712,1209,608,1172,1012,418,1182,443,490,585,43,97,115,245,261,88,505,329,381,536,16,307,135,112,17,294,202,137,534,165,177,273,136,59,25,28,91,244,358,5,420,19,131,98,139,366,188,567,333,63,141,580,63,46,203,208,489,217,234,392,404,236,237,50,106,493,168,82,699,54,143,422,199,106,91,21,327,466,82,90,57,177,382,178,370,476,386,73,372,26,466,41,37,41,406,632,689,25,136,882,185,162,116,273,1,713,157,1325,1039,500,279,16,11,378,41,1106,446,303,838,91,95,1055,26,252,0,344,443,32,580,641,565,616,251,50,168,25,313,764,522,256,562,304,491,83,413,336,429,126,461,523,241,67,871,293,765,444,43,536,420,12,133,113
4,8,96,56,75,52,88,209,118,16,49,119,23,48,19,55,28,82,94,61,33,23,44,94,67,165,122,4,115,73,147,108,35,81,40,23,143,33,90,18,86,12,189,127,72,1,50,28,2,142,8,176,32,13,95,13,16,94,158,139,264,99,40,71,28,38,126,35,9,78,121,20,25,169,26,26,66,35,43,93,67,45,68,18,18,15,33,82,20,88,95,41,113,3,24,11,33,113,80,14,68,135,68,28,21,14,12,46,2,50,84,49,14,2,94,104,69,117,50,77,33,40,7,14,4,64,44,2,11,35,29,16,15,28,40,356,489,345,19,258,338,243,92,19,1,35,57,308,560,604,258,407,1069,1244,763,162,1036,1353,992,192,169,833,698,341,69,15,85,8,377,795,947,604,101,729,975,783,361,57,248,307,359,548,703,635,176,513,1112,159,26,78,101,137,42,121,34,99,87,101,4,167,105,8,189,71,89,8,123,49,111,48,84,37,128,89,81,6,179,56,1,70,49,196,77,117,88,7,54,149,25,73,61,35,80,52,64,21,129,46,69,57,179,23,21,69,4,63,0,20,236,68,98,69,4,18,103,52
124,210,123,179,202,93,104,213,285,85,64,111,78,176,170,273,399,193,168,154,259,295,459,115,193,377,336,217,94,223,175,39,182,239,103,196,164,173,76,187,310,138,276,112,22,55,168,87,6,85,605,39,69,57,213,672,294,28,32,222,371,140,20,194,92,399,273,351,152,48,241,262,484,5,531,618,80,551,680,138,565,719,250,419,757,344,274,538,262,19,261,254,4,147,40,97,154,163,374,115,509,674,25,867,906,109,1087,902,293,1117,697,483,1006,223,632,609,50,517,356,164,338,158,64,20,36,41,68,66,53,41,27,12,231,40,86,4,127,112,112,149,48,30,2,315,59,43,45,13,50,206,757,176,11,131,161,6,39,26,41,80,20,92,16,496,297,159,328,318,277,222,536,268,138,240,150,101,308,235,184,54,413,232,427,58,183,3,410,141,331,29,249,25,2,330,162,252,358,57,186,224,469,441,254,13,223,154,234,451,417,0,237,348,148,322,98,460,132,723,433,88,501,157,12,270,864,45,166,450,209,93,130,457,108,138,247,1,198,60,160,169,186,111,202,133,19,205,133,60,233,460,203,32,61,72,106,55
87,321,323,215,209,501,1621,1063,418,1177,737,444,1128,518,670,893,179,614,551,14,210,40,51,325,183,479,654,57,616,280,314,247,111,179,289,396,49,497,341,96,513,406,142,524,284,393,486,74,521,170,287,323,50,41,93,234,485,139,893,167,223,9,611,52,146,699,2,139,829,417,192,178,386,423,95,557,539,22,612,639,47,694,572,244,672,292,467,544,35,464,386,101,382,168,193,195,307,289,304,696,70,805,820,212,1142,812,476,1178,522,750,1013,6,828,391,500,506,210,495,98,319,393,109,374,53,43,155,367,219,13,1,14,215,312,9,186,398,454,149,485,181,160,104,157,239,31,573,373,419,607,55,418,52,155,75,158,223,378,17,502,361,252,611,303,427,735,201,545,644,128,340,432,289,77,452,366,80,394,140,61,34,40,132,328,49,201,297,237,116,1045,713,1139,72,625,843,53,405,551,377,364,963,190,800,736,164,690,353,165,557,506,219,874,382,699,924,119,969,517,408,662,327,167,697,559,301,107,546,398,784,597,7,820,1102,194,1031,1037,51,543,343,199,332,22,701,612,99,482,452,314,322,1118,295,1490,83,429,155,1125,128
169,189,701,1057,1495,115,551,829,1323,15,1389,865,791,1188,96,863,606,188,568,398,169,568,268,342,454,55,294,167,161,151,44,141,451,108,140,106,174,148,268,168,460,92,670,269,591,584,282,700,313,516,589,104,485,573,10,585,457,103,435,248,20,86,523,633,1005,198,6,418,711,249,340,48,279,361,52,423,487,153,707,280,562,647,159,665,352,355,479,116,327,288,44,138,221,92,66,222,885,83,318,202,140,384,113,406,472,185,563,143,540,363,353,511,141,441,29,362,148,285,190,97,209,69,75,111,74,237,315,197,125,31,94,164,135,87,95,363,159,375,389,142,402,164,211,272,95,189,344,89,371,335,173,369,98,158,235,197,7,360,391,156,87,308,370,538,114,408,453,53,409,494,21,474,280,172,310,118,108,204,93,124,147,41,60,35,19,105,122,255,127,105,1055,505,633,56,357,473,675,607,691,274,379,641,184,582,593,214,727,81,606,271,553,455,474,708,170,850,419,645,883,32,928,773,337,1063,833,642,1043,312,852,1044,38,1143,724,537,931,192,506,388,44,79,367,400,92,575,362,149,502,384,135,620,629,881,429,559,363,119
153,365,93,33,395,51,1699,1538,700,352,1071,1114,680,30,445,527,372,154,52,100,100,257,414,365,132,65,219,279,154,17,70,69,691,338,151,98,331,217,42,302,245,16,236,215,69,285,154,183,534,547,245,164,562,601,378,34,400,637,663,787,292,299,357,200,101,351,1057,575,409,244,231,207,503,350,61,509,501,70,563,846,677,73,480,666,406,83,401,416,192,112,301,164,27,59,35,211,889,154,22,34,115,316,291,151,603,748,358,339,732,667,128,368,480,168,201,203,83,417,427,150,245,429,285,191,269,71,253,83,41,82,96,7,131,92,30,353,398,141,173,369,326,67,208,387,349,57,201,390,313,58,340,377,158,54,159,184,188,180,127,116,13,552,302,165,431,430,53,299,358,152,99,277,260,105,92,132,176,135,11,56,112,148,135,221,281,277,24,443,231,463,191,19,101,535,8,571,367,613,441,53,237,402,328,94,269,488,364,79,376,280,166,572,470,35,481,644,199,418,705,528,5,548,857,666,791,504,811,624,158,377,604,457,88,197,322,294,259,193,106,391,392,273,128,543,615,410,56,415,783,742,129,587,499,248,124,485
94,107,135,499,587,82,463,450,175,798,733,486,971,1141,420,597,1089,751,19,558,534,169,97,74,88,100,105,336,303,12,298,326,53,222,183,151,427,288,229,774,665,105,553,831,577,31,427,606,504,230,126,434,540,343,51,366,371,120,136,152,47,214,133,178,441,382,7,419,546,308,90,348,332,167,55,396,48,238,423,359,26,505,661,332,266,656,510,9,454,435,30,323,287,73,366,260,149,449,326,100,434,367,2,729,281,40,137,106,19,42,65,125,10,171,185,22,230,196,57,258,185,64,220,5,39,17,11,13,30,23,24,21,0,56,49,107,112,143,156,6,326,531,283,331,795,632,95,732,735,173,364,422,115,998,84,314,188,321,719,528,153,722,657,67,423,374,59,306,48,436,581,101,614,918,504,296,846,753,187,348,477,349,48,52,179,136,179,556,640,260,366,782,684,151,390,545,271,106,188,111,435,320,288,931,979,259,770,1336,1017,63,837,1104,665,17,454,448,208,1132,164,265,90,352,714,592,5,589,700,273,253,360,12,353,247,341,881,739,112,1087,1351,636,563,1314,1096,180,648,98,323,156,203,114,329,92,437,747,484,62
3,4,457,566,645,691,707,691,638,538,435,663,138,19,175,322,454,574,647,686,689,673,615,521,402,259,99,49,211,361,483,585,660,695,696,652,586,465,326,362,14,149,308,449,563,642,698,693,665,581,471,333,176,7,161,323,450,558,625,653,645,595,510,401,257,104,54,206,339,450,535,583,586,564,505,713,276,137,11,157,291,407,490,547,555,524,467,365,236,83,78,229,365,481,535,553,520,434,310,149,27,196,356,568,530,521,452,328,163,17,201,332,426,452,400,278,106,84,247,353,365,280,104,0,2,3,1,2,0,3,4,3,2,3,105,156,164,133,61,24,106,168,195,204,175,121,49,27,101,167,218,244,243,446,169,102,23,59,143,209,259,289,299,283,243,180,102,10,84,159,242,312,357,380,377,345,284,206,98,19,130,198,349,431,491,517,512,458,383,267,140,7,166,320,458,568,647,684,672,605,501,357,187,3,192,381,537,683,757,796,785,721,611,455,276,65,122,202,513,656,760,817,830,785,717,581,413,230,30,168,355,519,650,747,813,817,771,689,571,425,254,70,117,285,448,455,677,735,758,739,681,590,471,318,178,2
11,43,74,9,14,44,112,19,123,181,163,137,32,53,184,281,357,368,353,246,124,24,61,99,82,95,77,103,133,184,216,234,16,215,187,73,77,192,286,337,342,310,265,272,300,408,548,738,875,1034,1113,1145,1141,1087,924,751,553,340,166,15,127,107,87,117,40,41,8,38,79,54,24,55,50,23,120,229,158,7,59,61,139,18,3,4,52,77,129,4,66,45,82,85,109,66,35,52,101,18,22,56,16,42,94,43,84,141,68,44,6,21,9,52,45,82,108,2,3,82,31,61,28,52,11,44,51,3,49,35,4,27,14,22,0,30,0,54,43,40,92,58,16,37,31,55,29,18,24,94,33,11,82,135,20,67,68,23,33,20,18,117,48,7,5,2,37,58,103,12,3,177,68,110,92,58,11,20,30,83,76,4,155,161,102,37,56,47,41,39,35,96,12,29,106,54,115,111,136,52,146,66,56,16,91,54,56,25,46,65,40,160,189,18,164,112,9,146,25,58,108,30,272,35,47,65,106,12,13,35,39,78,121,17,174,51,64,12,39,47,54,59,25,94,23,9,148,63,12,82,127,14,87,4,109,108,47,11
255,143,4,247,977,289,184,331,256,399,889,740,63,648,1086,866,242,609,994,807,370,307,722,691,198,259,500,263,7,184,2,351,425,196,67,370,592,419,330,43,478,826,879,816,9,709,1334,1228,285,702,1364,1164,129,874,921,623,177,566,79,702,473,379,52,170,225,396,459,77,92,598,415,795,62,35,61,81,512,37,391,379,865,125,852,673,46,260,331,408,134,135,151,497,257,170,855,459,328,26,269,701,61,290,277,167,265,995,374,307,278,35,285,244,241,597,165,198,275,168,21,53,489,300,247,54,94,42,212,89,33,23,186,71,46,268,113,185,238,129,179,365,285,154,552,290,60,30,192,597,393,314,310,191,590,156,418,367,441,509,49,341,86,442,393,623,306,529,637,292,557,22,297,261,129,612,93,135,463,722,421,243,435,1064,111,425,351,736,521,520,947,67,98,181,211,314,23,455,8,618,363,933,404,266,192,147,473,151,462,103,432,805,563,52,426,338,80,761,386,507,540,532,1080,181,990,970,26,64,334,323,371,922,189,160,165,206,858,84,203,1024,618,397,150,155,633,685,145,657,112,204,213,278,682,1,136,84,299,116
6,17,682,918,958,795,510,273,130,121,219,443,666,811,805,509,159,338,870,1140,1360,1409,1140,685,270,122,383,504,430,243,112,39,10,169,444,834,1055,1094,853,600,273,138,594,865,937,1050,815,570,289,55,83,107,55,62,112,126,0,174,433,687,874,972,875,651,312,83,444,720,869,889,779,573,334,115,40,111,115,77,67,56,107,201,347,489,600,571,540,371,162,107,384,607,750,791,701,536,295,21,233,445,600,646,602,490,314,114,88,266,395,467,467,402,282,104,68,246,379,451,423,330,159,48,220,3,3,5,1,4,2,2,9,4,9,2,154,124,34,81,196,273,310,308,255,164,38,96,221,320,381,373,328,234,85,79,239,356,436,451,381,269,122,25,166,271,324,319,262,181,117,50,19,37,65,100,124,106,12,124,307,477,610,666,633,474,226,71,367,597,747,764,710,533,335,156,1,64,77,87,63,91,197,349,554,717,864,880,764,488,110,303,693,872,996,1043,844,584,313,71,70,211,116,83,80,98,212,469,805,1056,1287,1243,1078,672,153,385,936,1230,1297,1297,950,648,294,74,26,48,153,287,309,208,71,447,820,1218,1321,1297,1169,15
2,0,13,14,11,24,210,395,985,1374,1487,1319,904,376,171,661,1023,1212,1254,1126,874,536,226,5,96,36,129,314,470,533,461,309,35,148,392,572,628,500,210,160,575,920,1159,1240,1193,1063,898,730,606,542,497,424,308,165,21,202,358,428,392,17,9,14,17,6,23,7,20,9,21,30,27,11,24,0,7,0,25,15,3,14,27,21,0,12,44,4,21,2,14,23,10,16,5,23,42,12,6,11,13,11,49,5,12,39,7,13,7,11,27,22,3,18,7,20,8,26,8,21,13,10,8,10,18,8,0,7,10,10,5,0,9,5,16,7,4,3,2,12,13,19,7,15,5,8,4,5,2,5,4,17,0,9,0,30,6,5,7,23,22,3,21,19,14,28,8,6,11,4,16,6,19,7,7,17,7,26,12,30,16,22,21,30,38,5,36,29,2,0,5,0,25,15,2,4,0,7,24,6,39,8,17,11,16,37,31,1,12,13,28,5,38,25,13,6,23,14,6,25,8,68,5,25,38,1,40,6,53,16,21,7,8,51,20,61,2,3,1,3,19,9,16,29,34,6,7,30,9,0,7,1,29,30,2,11,1,4
38,8,46,49,42,313,200,7,219,22,23,85,155,300,62,201,126,79,207,187,230,215,235,68,39,117,94,185,82,109,205,108,164,70,262,23,213,68,56,202,79,127,31,17,58,251,312,42,77,252,301,138,28,76,217,22,10,311,93,300,34,87,40,7,191,83,54,462,125,205,114,415,657,227,407,638,273,365,698,353,365,862,585,249,967,883,17,913,900,65,723,751,54,622,570,92,113,570,127,705,567,178,710,421,372,720,161,678,765,34,866,781,83,874,739,124,785,563,197,554,213,309,274,30,102,49,78,49,19,47,37,12,32,242,132,55,1,67,59,18,35,41,41,29,58,108,199,111,195,219,62,124,201,10,140,85,30,43,62,261,83,94,300,346,232,78,489,373,115,44,88,56,103,43,97,70,21,13,96,126,62,13,255,121,249,138,27,238,3,195,23,56,13,87,134,92,45,92,277,338,122,26,205,293,252,88,166,168,205,13,198,50,113,73,74,90,237,134,292,383,44,9,295,326,174,386,247,55,280,292,133,64,142,5,107,58,96,307,116,335,10,162,148,27,26,147,176,23,103,233,21,22,195,32,141,115
16,49,136,91,227,30,187,337,24,403,587,289,205,351,49,590,135,572,147,276,139,49,169,203,68,134,239,21,377,24,244,16,54,158,139,312,314,28,132,110,271,44,394,90,0,145,123,117,228,520,173,66,141,653,346,324,337,500,123,247,160,82,44,155,135,154,176,40,246,386,95,128,97,338,280,225,221,473,7,83,287,124,182,74,239,96,272,487,63,285,92,42,195,80,81,122,136,169,261,17,447,81,251,197,141,66,84,145,121,37,275,176,18,13,79,181,161,9,19,38,128,34,86,216,8,31,44,4,32,38,28,88,112,67,67,77,239,34,206,7,112,28,131,118,75,245,254,97,149,204,276,87,38,108,50,83,417,76,376,163,111,66,99,90,37,172,408,129,175,550,153,12,36,648,45,84,73,4,213,291,375,24,207,57,237,164,7,97,63,339,225,118,77,341,140,110,38,40,608,502,64,205,123,90,125,209,47,166,299,250,164,170,569,748,189,822,1254,352,923,1032,191,386,297,3,213,405,188,551,982,350,713,974,277,410,468,112,4,105,204,367,731,339,496,904,432,619,867,143,329,478,179,201,249,322,49,29
82,5,26,134,157,163,392,327,71,33,28,162,60,25,141,64,19,215,647,36,279,251,102,36,151,23,78,49,185,229,355,86,49,111,81,35,73,23,185,424,81,28,297,46,177,43,204,583,130,337,12,43,94,153,119,9,578,32,43,108,331,3,170,5,181,195,73,233,23,11,4,98,49,109,252,70,12,96,77,21,115,136,373,32,6,102,113,115,310,219,171,89,411,66,95,141,66,106,195,109,40,110,42,219,217,54,130,238,146,179,39,14,44,122,266,217,78,171,47,25,80,61,106,75,88,29,37,4,52,25,115,19,39,37,64,165,75,29,8,53,126,44,122,65,186,112,171,283,158,184,92,252,53,95,4,153,92,136,286,60,134,53,13,29,198,16,19,11,16,157,109,158,276,133,276,207,85,102,92,255,108,139,30,215,278,252,179,103,333,30,19,122,147,143,37,248,188,120,929,1135,556,393,1055,1046,333,558,1178,1174,293,889,1627,1421,278,1145,1861,1371,64,1079,1387,734,308,810,488,169,198,289,413,882,627,270,1260,1453,763,624,1680,1688,747,671,1481,1366,428,625,1102,847,130,520,780,593,82,388,771,112,90,201,91,70
159,183,40,707,819,432,41,137,432,415,953,643,897,367,30,1061,6,191,1385,1375,341,32,247,847,566,953,359,281,483,261,67,751,640,751,512,547,147,285,890,37,659,831,709,612,745,797,799,38,967,227,304,131,1299,120,213,386,153,276,111,457,1447,1083,1073,321,5,544,445,244,119,362,441,615,923,181,439,398,542,58,355,187,352,293,1343,365,218,339,173,268,779,263,515,133,610,392,18,62,386,201,901,400,753,531,1165,593,95,115,252,51,769,136,725,37,113,1141,703,49,539,403,45,150,97,383,455,487,325,347,33,227,355,61,110,72,122,657,186,160,61,176,72,162,144,505,104,369,238,576,192,751,342,843,392,917,676,1022,392,1043,572,848,521,708,779,281,587,317,480,317,583,210,445,297,290,242,116,59,226,95,212,145,252,275,667,116,647,282,810,279,430,1329,1275,981,1077,783,795,19,1313,36,790,297,578,415,256,237,673,355,402,725,825,1015,241,1109,235,443,905,1257,1189,478,1331,1231,50,733,421,317,219,210,255,413,809,394,935,352,609,620,139,103,419,587,1469,643,447,44,23,1255,782,555,1969,292,385,993,761,1363,334,1339,141,423,246,699
15,9,16,718,797,178,453,91,712,767,364,441,849,443,77,506,471,57,134,207,159,17,54,126,296,166,40,226,315,164,208,268,791,290,31,259,379,267,121,412,455,274,128,395,469,142,51,261,267,198,8,187,361,355,297,185,458,397,269,372,625,105,64,484,16,210,576,92,140,592,857,64,532,179,146,259,775,542,345,38,145,158,737,528,411,387,65,328,130,557,272,496,486,217,220,429,421,99,495,102,443,36,121,225,322,327,539,180,2,198,327,344,196,82,552,441,542,3,108,573,160,130,393,180,292,68,202,94,8,226,203,269,168,66,220,300,411,125,111,37,61,509,0,49,549,490,338,245,342,210,317,993,99,102,4,282,310,674,118,563,32,293,430,378,48,466,75,39,155,80,539,127,490,195,239,380,466,39,77,149,433,240,327,345,802,1166,154,948,433,247,457,251,111,540,292,375,489,250,116,237,647,155,536,966,22,156,47,843,150,287,198,299,705,478,611,1048,663,445,309,432,259,20,660,57,979,212,76,604,801,547,879,522,781,9,226,39,57,425,846,842,154,312,120,653,862,307,345,297,785,96,307,417,54,334,233,304
15,0,0,8,6,1,290,268,180,51,104,267,436,612,767,888,960,1029,1059,1046,967,848,695,512,288,40,225,469,697,928,1126,1228,1,1340,1346,1281,1153,975,653,428,248,56,161,346,514,657,763,794,809,801,744,633,518,397,266,134,27,67,148,2,4,11,0,0,3,5,9,18,5,23,292,303,273,185,87,23,139,272,398,505,609,690,734,730,679,572,463,343,214,69,76,220,349,420,466,466,0,362,271,143,17,93,190,252,252,216,124,14,122,248,362,466,495,457,374,259,128,18,124,197,175,93,16,0,1,9,0,3,1,1,0,3,1,1,18,20,30,20,37,102,168,211,241,244,237,212,165,105,51,6,20,37,39,15,20,84,150,216,275,345,0,435,441,415,388,342,274,193,104,7,77,143,208,247,271,270,260,223,158,79,12,64,120,176,195,191,154,16,2,7,11,2,11,7,1,16,7,1,543,445,298,108,94,290,501,681,868,1006,1060,1078,1060,992,853,671,474,255,38,176,405,690,861,991,1057,1052,2,901,800,633,449,272,108,62,200,293,354,384,373,336,264,170,67,42,151,235,295,341,340,279,229,114,39,1,4,2,7,2
25,158,437,122,132,276,279,177,533,509,131,305,408,101,335,448,60,487,735,434,217,750,775,352,250,668,651,270,167,437,380,118,264,10,163,147,151,586,745,430,270,839,864,323,365,619,323,278,548,266,345,834,795,235,567,1017,866,174,519,40,473,41,15,380,72,332,216,93,83,313,597,11,482,543,185,325,626,445,147,699,728,93,703,976,440,506,1050,773,62,753,767,171,468,600,90,561,75,238,522,891,479,296,669,318,341,543,10,728,817,24,946,1140,318,801,1162,532,464,867,434,247,483,143,236,217,32,65,55,69,121,84,23,8,61,66,40,202,115,42,147,34,30,8,382,131,75,106,172,147,84,188,247,67,137,118,73,120,431,46,57,195,66,130,395,29,104,328,232,202,77,188,166,210,322,174,7,46,106,179,300,261,236,134,44,196,147,281,125,67,121,434,245,2,193,164,520,177,179,76,148,6,287,136,303,63,436,538,232,289,196,241,36,189,17,282,510,595,149,278,224,126,100,140,328,301,184,64,112,240,158,108,248,319,189,389,43,114,207,701,118,45,108,279,222,126,100,155,147,197,212,247,203,187,183,131,112,29
71,413,42,36,16,854,346,254,580,239,919,80,27,63,588,413,177,690,477,517,558,841,54,806,386,670,494,396,853,660,140,708,147,625,940,550,459,346,351,701,380,1038,303,358,275,190,709,212,447,232,126,237,940,392,227,154,253,313,486,550,74,442,1239,245,513,347,90,635,223,64,969,837,353,1030,247,790,705,294,845,40,514,389,68,350,223,35,12,266,33,337,154,219,408,108,510,273,82,343,9,444,330,145,500,166,560,221,217,338,155,492,274,267,393,100,378,68,316,14,252,108,192,221,105,160,82,154,386,75,37,248,269,59,26,191,51,229,154,8,40,164,186,368,146,240,137,788,320,77,971,577,533,834,70,443,411,470,21,102,85,385,181,646,157,41,12,545,256,379,427,463,494,271,33,196,16,252,409,19,418,71,78,57,561,164,55,60,394,563,33,213,238,126,247,735,52,35,387,711,583,8,362,285,215,296,49,277,202,299,205,37,441,99,64,388,40,50,650,222,105,784,531,298,373,379,29,254,293,428,1019,71,484,936,1102,412,328,161,251,427,140,689,174,409,371,30,417,193,108,530,41,432,39,356,202,65,123,374
1,0,3,16,12,0,0,1,44,27,6,6,7,19,16,1,11,31,3,12,10,12,18,35,4,13,13,3,1,17,16,13,8,23,7,15,17,2,6,13,16,23,28,14,28,16,15,4,0,5,15,18,0,4,20,30,0,3,12,19,7,11,14,13,25,6,8,6,4,29,12,13,9,1,9,27,25,26,4,6,13,13,21,7,7,7,2,9,11,2,4,18,12,9,19,6,26,0,10,6,27,2,17,13,34,4,11,0,20,15,15,3,7,8,1,12,2,5,13,7,1,0,2,2,1,11,6,6,7,2,1,0,2,5,9,1,15,2,1,4,9,0,12,15,10,5,2,1,4,9,12,11,4,10,1,2,8,0,10,11,16,12,19,17,5,35,9,10,15,3,3,15,12,8,0,9,19,14,12,8,22,13,2,20,14,10,32,15,3,1,16,8,19,42,23,33,13,25,193,403,572,659,647,529,350,152,71,265,414,485,456,318,70,273,625,958,1193,1302,1247,1057,787,452,128,142,5,418,402,275,54,236,529,820,1025,1117,1112,999,826,593,364,159,8,78,98,42,95,284,527,786,1007,1166,1241,20,14,28,22,9
119,192,519,506,418,602,1035,141,410,23,147,165,508,438,1018,552,465,21,391,151,13,150,525,526,68,482,1023,88,889,529,143,440,147,652,654,542,426,1274,357,570,692,69,300,510,604,292,67,394,496,470,51,219,317,781,233,884,92,12,30,425,587,391,164,95,25,768,122,60,94,385,316,390,557,88,269,202,76,161,33,282,83,287,406,66,192,174,204,59,123,48,308,633,287,419,1015,803,272,1220,871,207,1047,716,65,496,412,69,103,28,111,472,214,227,577,285,221,375,192,42,157,121,239,63,316,162,158,122,153,150,70,122,299,271,196,188,88,133,264,175,32,473,96,29,181,725,473,212,9,372,129,714,674,170,101,191,78,622,115,12,45,675,313,340,160,103,289,293,834,462,483,363,329,371,237,33,444,533,180,143,115,621,217,11,37,217,459,61,158,414,653,612,119,708,347,106,550,839,101,1019,672,234,380,410,55,118,573,224,654,446,664,1098,185,217,57,192,376,839,1070,424,1118,135,538,293,449,664,387,200,337,119,972,257,512,597,280,33,877,748,331,147,643,35,283,675,115,71,389,404,515,1129,9,746,306,265,525,164,321,260
11,4,77,163,115,73,183,53,16,49,131,78,45,170,124,91,20,73,6,71,39,143,18,181,0,30,149,91,57,189,19,68,75,6,14,97,25,44,22,52,179,26,114,63,42,74,82,19,13,22,218,160,172,140,40,254,43,80,59,15,82,148,42,108,30,75,41,139,134,64,27,54,31,9,54,23,0,30,35,146,103,39,34,6,18,89,0,59,29,53,52,11,9,26,14,43,18,60,61,87,39,108,1,63,63,6,3,14,86,44,82,0,32,39,18,9,77,18,58,25,23,22,11,18,2,53,29,14,0,31,20,15,7,57,43,353,505,397,93,211,351,297,130,19,20,78,43,168,476,720,629,134,644,1235,1314,741,190,1000,1301,992,3,298,588,565,344,224,323,450,362,55,642,1055,1014,553,72,544,732,600,391,223,182,92,199,624,1035,1124,740,33,118,94,24,4,51,23,90,63,178,28,180,127,136,145,69,221,68,98,45,75,49,16,162,49,129,35,138,184,33,10,52,67,67,54,53,45,81,132,34,68,146,70,1,30,65,59,82,58,130,31,109,109,75,46,108,79,63,42,16,18,3,158,58,28,29,124,65,43
6,1,0,1,0,0,72,82,260,411,487,457,308,87,193,489,764,975,1065,1050,936,702,416,126,135,347,505,625,714,780,816,808,0,596,377,92,219,511,713,760,619,318,79,492,834,1024,1026,904,640,314,30,356,614,798,895,913,887,837,778,1,1,7,5,0,5,1,0,0,7,4,1,4,1,0,2,0,3,2,1,5,5,0,1,0,2,2,1,0,1,2,2,3,0,1,3,0,2,3,5,3,2,5,0,4,0,2,1,3,4,0,0,2,2,0,0,0,1,0,0,0,0,1,0,2,0,1,1,0,1,2,1,2,1,0,3,2,1,1,1,1,1,2,2,1,4,3,1,0,0,3,2,1,1,3,2,2,1,1,1,0,1,1,1,1,0,2,3,0,2,1,3,1,1,3,0,1,0,2,2,0,2,3,1,2,3,3,0,0,0,7,0,3,2,1,2,0,2,1,2,0,1,4,1,3,0,2,0,3,2,0,3,3,3,1,5,0,0,3,1,5,5,1,4,1,2,3,0,2,1,3,0,2,1,0,4,3,1,1,1,4,1,1,0,3,3,3,0,2,2,1,1,1,4,0,2,2
19,20,709,1011,1057,945,654,378,164,60,65,223,390,566,594,416,154,250,725,1028,1303,1359,1245,785,353,100,483,753,792,660,523,285,136,104,182,375,582,691,593,505,274,49,461,756,1004,1164,1012,785,459,102,221,441,519,513,404,278,193,148,198,289,397,520,532,457,268,11,331,636,857,970,928,774,495,176,136,392,565,616,589,494,355,224,139,91,70,57,84,43,6,112,242,373,469,537,506,413,240,22,226,431,604,683,665,546,333,92,155,374,543,626,586,483,291,71,152,341,460,475,399,253,71,90,175,0,3,1,3,5,2,4,0,5,1,1,38,38,5,80,153,209,234,212,166,65,43,157,250,311,324,273,200,99,17,136,223,281,274,253,187,99,23,43,80,81,73,42,22,7,40,103,179,287,359,366,317,190,1,214,436,603,709,702,591,390,148,114,332,478,565,542,458,347,259,184,176,190,219,212,155,23,189,453,688,893,991,929,780,415,40,355,690,834,854,844,681,430,246,87,33,2,125,135,78,39,229,562,929,1191,1359,1229,1019,587,65,447,946,1213,1248,1215,903,596,258,43,9,26,114,234,263,150,102,439,810,1124,1249,1234,1105,26
83,13,132,100,60,102,34,164,6,161,60,117,30,513,316,635,265,111,130,489,132,120,185,26,199,256,550,16,453,407,189,147,44,62,8,216,260,194,229,256,37,211,262,47,192,54,419,41,34,293,193,150,308,524,54,381,300,288,497,558,253,171,276,197,473,37,70,164,316,295,85,62,21,43,36,143,264,234,130,327,334,42,236,303,163,65,146,74,45,13,128,156,23,19,152,176,96,81,145,177,187,90,177,403,514,112,527,899,449,393,990,712,269,913,633,144,655,526,30,361,270,161,22,113,69,198,20,72,85,218,89,71,137,75,233,183,148,132,338,170,118,116,271,34,23,16,244,148,83,151,326,61,98,109,10,240,172,181,179,204,360,143,3,84,70,19,285,330,64,11,52,5,29,244,140,128,162,192,212,76,49,59,219,88,148,95,314,234,326,268,418,291,188,492,285,107,510,123,37,207,12,66,98,283,285,224,83,124,188,183,296,225,492,414,106,152,189,351,142,140,80,373,188,241,615,76,220,181,223,154,342,453,111,6,75,87,90,74,134,325,352,83,356,434,157,407,355,164,303,235,11,212,89,145,10,183
28,0,740,714,656,562,444,293,146,3,175,942,456,567,650,697,711,688,636,541,408,281,125,38,201,354,488,597,676,704,714,679,612,505,378,222,55,106,277,84,555,643,701,714,688,625,499,393,231,69,104,269,417,540,626,678,691,654,587,478,343,186,21,139,291,429,530,596,625,613,565,479,362,236,71,437,221,350,458,535,576,577,544,450,342,210,57,105,258,392,496,549,572,546,476,335,179,4,169,326,464,545,548,717,400,255,77,109,278,415,479,479,411,282,106,87,260,378,409,351,205,11,166,1,1,2,1,0,2,3,1,2,2,1,150,134,75,10,95,165,189,190,158,93,19,61,132,189,223,233,208,170,106,178,53,130,198,248,280,279,262,220,158,83,1,92,180,255,314,342,354,341,301,238,155,54,62,174,260,364,431,695,487,461,405,317,198,76,86,204,360,479,574,629,646,618,548,427,285,107,79,266,442,592,705,765,788,755,674,542,373,175,33,244,422,611,737,533,853,831,762,646,491,307,109,103,311,482,635,750,824,845,818,740,627,485,303,114,79,265,438,585,696,766,789,1312,721,626,503,354,192,20,141,318,457,4
21,23,9,134,35,76,473,540,519,449,340,198,43,112,183,225,228,180,127,27,42,73,46,26,141,232,274,253,172,124,28,16,179,99,144,172,189,174,190,198,234,248,292,321,407,465,514,591,674,750,831,937,1019,1059,1080,1054,954,844,693,4,4,145,197,46,63,27,7,66,59,33,84,59,162,32,58,17,126,49,82,31,14,140,82,89,50,192,54,4,35,45,16,63,11,115,29,14,42,63,44,9,2,47,36,15,48,32,20,36,126,24,138,14,16,100,87,6,35,2,47,47,22,2,45,2,33,23,16,2,6,22,23,32,0,48,115,28,33,88,27,5,63,18,63,54,12,78,16,39,47,58,44,59,146,127,36,223,52,78,56,82,183,28,80,9,113,104,7,125,23,20,3,9,19,108,104,124,41,9,89,73,181,11,61,144,10,56,194,78,73,104,9,43,43,63,13,1,54,62,100,70,40,22,22,21,107,99,37,160,46,171,62,0,82,74,71,60,91,106,263,70,15,63,49,44,146,122,46,71,129,167,51,92,23,170,15,16,80,136,80,1,59,10,70,11,6,27,197,31,103,141,79,205,138,49,3,10
131,37,172,446,477,29,418,212,407,745,341,58,1034,708,199,917,865,185,482,600,241,142,183,38,161,16,279,298,21,266,248,8,153,21,306,284,154,644,651,31,637,888,484,205,669,659,293,126,393,466,342,51,272,438,313,6,265,255,54,119,75,129,239,56,295,482,282,200,572,516,105,316,442,300,88,387,175,299,363,183,214,540,483,27,465,566,205,286,470,216,173,312,98,189,223,39,295,254,76,360,309,20,302,132,46,160,167,53,26,23,31,85,91,25,174,165,29,215,196,3,177,166,26,17,38,40,45,28,12,39,0,3,5,11,170,175,98,11,111,286,350,95,403,703,387,363,860,594,185,687,501,31,270,109,127,94,476,450,139,756,727,42,620,636,110,314,214,163,249,150,603,539,102,774,864,279,480,811,531,15,346,172,133,90,211,214,86,516,661,293,353,749,575,26,428,450,130,128,62,207,279,86,629,790,261,629,1149,829,109,913,1017,437,261,580,447,175,49,266,15,248,549,525,76,506,739,417,164,469,294,74,160,158,464,291,373,956,826,53,1010,1229,517,533,1087,773,7,218,471,53,176,35,352,302,218,725,665,5
11,14,10,12,10,4,322,389,1023,1129,594,315,1141,1499,1286,631,161,765,1000,811,375,60,238,115,164,359,308,21,300,447,319,24,16,306,102,339,807,988,694,29,729,1237,1320,1015,498,11,386,572,612,594,553,431,209,78,361,520,487,265,24,16,7,20,28,8,13,42,0,0,6,19,5,6,17,15,46,0,12,8,22,37,22,7,38,28,39,3,25,37,6,1,0,8,0,25,17,25,3,11,37,7,6,16,0,11,11,25,4,6,13,7,48,13,2,10,0,6,7,7,3,6,21,7,7,0,8,5,3,2,12,6,13,5,10,10,9,9,2,10,19,8,2,12,0,15,4,5,5,28,8,4,1,20,5,8,16,2,8,11,22,11,1,9,6,10,8,8,9,16,1,7,10,6,16,11,28,12,12,20,33,16,0,22,15,25,9,16,1,23,2,2,13,26,15,20,46,10,3,5,21,21,14,22,16,1,1,9,18,13,20,16,3,14,10,2,41,3,32,29,16,6,22,23,48,10,9,22,1,8,3,2,8,36,12,15,7,39,2,23,11,1,2,23,47,3,12,9,1,17,15,4,36,27,18,49,10,25
63,99,130,125,50,421,134,26,33,167,132,393,180,162,809,949,493,499,254,315,93,236,495,126,14,197,641,799,577,391,196,337,221,196,73,100,250,277,207,497,741,553,6,94,268,265,343,193,309,176,0,146,453,637,393,166,231,96,445,271,547,295,565,681,409,251,767,63,318,365,1050,406,830,1210,229,999,1045,67,1206,1021,429,1615,1085,884,1953,982,1153,1974,651,1287,1566,55,1335,833,663,1336,14,1174,1264,213,1444,872,797,1282,38,1262,583,1222,1469,345,1928,1105,1126,1941,456,1481,1537,291,1371,525,745,564,394,40,16,29,46,77,25,51,111,103,185,20,33,141,3,116,65,57,151,97,237,154,179,288,147,43,243,381,235,149,159,161,98,205,206,43,295,317,161,184,233,277,283,15,68,8,206,287,201,110,185,397,325,123,419,91,8,34,187,291,355,126,102,595,219,285,121,139,621,244,306,81,165,433,349,123,255,583,211,28,271,152,280,181,493,344,471,128,81,587,76,107,645,224,428,609,583,92,279,148,415,138,161,393,188,501,329,99,178,561,149,401,165,705,146,6,78,507,235,295,449,378,262,34,551,91,190,11,259,13,58,77,112,229
99,41,102,138,107,488,216,293,70,254,263,7,339,46,513,269,9,33,26,264,162,80,518,117,234,91,95,210,185,71,386,26,348,270,107,279,413,40,320,363,741,359,77,669,379,158,274,248,634,13,14,409,55,268,213,356,109,1,396,186,453,82,29,56,409,44,274,11,270,213,189,348,293,638,106,27,277,13,88,0,67,36,53,61,72,38,275,306,224,9,131,10,186,157,191,384,426,123,76,285,142,156,47,118,150,178,112,49,120,170,138,184,67,97,97,50,6,30,49,38,162,81,111,101,193,15,56,127,122,70,31,90,259,14,23,60,51,20,103,60,159,191,10,49,279,3,160,123,219,14,355,63,101,203,331,263,148,69,95,131,55,203,135,419,64,91,20,201,420,180,154,534,260,121,272,388,38,12,76,29,299,113,79,134,209,48,218,93,60,4,164,214,375,125,142,165,183,29,450,433,283,221,90,78,32,75,129,102,27,6,125,274,411,665,788,918,993,973,865,683,489,285,139,98,435,205,373,596,749,948,1040,1122,1041,847,506,239,88,387,632,809,806,962,961,938,852,736,517,369,318,292,147,258,155,594,101,144
66,56,23,188,22,59,179,14,106,36,78,63,4,25,36,51,382,234,82,358,278,6,207,127,50,112,0,40,124,188,102,150,236,213,49,184,265,259,46,106,335,231,178,220,368,335,43,63,213,33,81,178,82,233,95,213,39,171,101,51,113,119,120,77,365,278,396,196,15,66,189,269,84,210,279,1,168,28,189,50,138,147,82,61,60,236,376,22,4,170,23,22,14,151,205,70,133,155,293,40,36,92,67,11,215,11,91,226,206,144,37,91,70,217,102,52,150,217,147,11,323,37,119,37,127,46,92,95,26,5,19,82,23,88,1,102,14,217,56,248,25,118,78,23,78,259,14,46,60,37,146,72,94,177,88,96,8,82,109,64,165,231,21,242,278,132,163,66,53,74,32,9,137,213,2,87,238,132,68,103,337,39,331,237,236,118,448,205,75,400,53,30,25,39,209,177,355,127,941,1077,1196,1284,1276,1200,1124,990,934,781,531,235,47,371,653,971,1179,1309,1391,1347,1273,1179,968,709,469,191,262,337,615,782,943,999,1024,955,786,521,265,5,316,509,666,805,947,968,945,949,943,865,767,679,587,579,538,164,113,189,351,1
40,106,255,734,547,575,355,47,443,196,0,566,22,776,292,229,407,84,199,393,262,173,403,201,80,91,498,166,808,7,11,1050,824,749,711,701,1067,214,140,522,1118,247,556,336,741,767,121,58,466,19,577,709,392,981,43,564,254,588,675,601,131,324,287,113,12,146,355,232,178,447,384,154,153,273,795,166,387,557,194,327,715,511,364,566,532,817,237,364,756,334,947,262,19,578,1,178,148,730,684,98,553,218,46,297,396,48,54,424,393,713,150,42,18,162,14,539,50,56,71,157,73,227,39,58,16,146,112,269,136,20,109,261,40,94,96,30,11,95,151,242,79,476,76,570,340,491,756,268,841,131,776,366,603,506,474,637,166,554,92,491,407,187,338,137,217,288,128,210,1,36,214,78,426,291,300,409,56,522,532,290,783,73,590,393,339,471,170,98,140,681,569,391,170,22,65,993,258,201,74,254,205,183,148,227,142,72,98,325,625,1128,369,70,362,94,235,687,795,1074,257,156,134,249,25,47,697,147,349,208,400,28,935,480,520,594,146,175,24,303,910,271,601,43,565,341,334,823,531,255,215,547,13,193,1129,281,390,74
17,49,81,68,107,224,392,531,764,746,627,455,129,289,756,1035,1305,1348,1207,758,304,201,695,1014,1186,1245,1049,745,350,23,342,516,560,541,407,282,160,101,90,141,221,307,330,294,135,82,355,626,819,941,897,736,416,7,390,751,1018,1086,1038,834,511,136,251,558,779,852,819,678,457,199,38,251,355,415,405,356,287,211,139,92,50,26,9,26,90,149,217,284,309,317,266,168,51,102,262,377,442,452,371,234,80,103,258,379,422,390,280,134,26,159,250,268,223,133,2,130,203,222,138,9,192,334,366,2,5,4,1,6,2,3,7,1,4,2,154,134,82,15,24,38,5,39,100,162,196,183,150,76,31,129,226,285,317,282,221,121,0,122,238,313,330,324,257,158,41,71,163,235,261,258,217,171,105,33,16,52,57,60,82,93,128,186,243,287,309,286,212,59,113,325,524,677,727,696,552,293,32,383,692,921,1035,984,786,474,105,286,657,851,966,955,794,477,225,25,305,356,418,502,375,422,333,281,258,243,299,305,203,23,233,506,793,982,1127,1082,813,468,36,577,1023,1384,1439,1438,1112,703,167,333,737,1035,1188,1021,813,548,221,26,222,46
155,67,55,238,168,393,444,176,595,207,598,189,438,245,417,237,301,22,67,100,87,66,29,188,162,371,208,210,93,218,45,222,227,229,74,174,230,167,205,99,325,33,304,36,227,113,229,139,80,207,21,330,54,404,63,237,317,285,224,90,182,167,234,43,11,157,645,329,504,350,237,171,65,282,217,267,132,32,197,164,93,136,274,89,589,206,52,10,241,102,121,405,470,205,240,18,226,146,172,140,56,377,400,288,162,19,146,114,235,26,6,223,144,60,116,133,66,123,176,419,405,191,74,85,232,88,115,427,17,5,42,299,207,76,72,61,27,52,553,179,126,199,206,44,260,467,205,23,155,250,104,43,325,255,135,233,246,61,202,483,253,228,161,56,78,575,251,79,514,365,501,344,68,418,487,2,46,56,296,211,289,400,428,233,53,172,128,203,229,813,404,139,38,30,308,523,395,475,104,200,212,122,594,37,202,115,201,316,810,280,719,420,750,342,7,203,337,115,72,429,197,150,549,182,333,8,153,709,164,95,596,345,284,31,379,83,447,119,114,45,497,502,684,297,161,610,642,170,244,371,40,705,311,73,285,44
180,93,303,424,485,482,401,265,72,154,393,15,799,927,992,981,920,800,649,470,304,137,10,80,134,143,105,46,28,111,187,225,216,165,60,75,243,408,559,765,743,774,767,710,646,575,508,460,430,411,422,429,442,442,429,401,332,245,127,3,131,259,369,458,508,520,501,458,390,318,253,187,147,129,137,171,220,283,351,411,451,466,446,397,311,204,81,55,173,264,323,344,319,244,144,22,115,241,346,413,443,420,362,26,187,96,27,5,16,12,56,99,141,159,154,120,60,13,93,157,202,220,204,57,57,23,62,0,4,23,22,0,31,35,88,82,55,24,1,5,56,151,295,468,641,781,869,883,811,666,467,254,67,753,127,104,4,161,353,538,677,750,752,670,508,296,69,168,366,511,592,602,545,433,283,128,20,138,213,243,216,564,23,118,275,427,569,689,769,809,814,769,689,581,449,294,142,9,113,189,222,203,146,39,99,243,398,533,625,690,710,672,604,506,375,225,80,378,220,343,440,516,537,508,437,327,178,25,106,202,257,236,155,20,164,372,578,766,929,1046,1107,1112,1058,947,790,306,355,120,105,299,445,525,543,492,374,24
4,2,2,6,10,2,5,10,0,15,24,9,19,14,12,3,16,5,2,0,26,7,22,6,16,20,12,8,17,24,1,0,35,0,0,5,5,20,0,10,7,3,2,18,36,30,2,15,11,11,2,7,2,14,7,7,0,4,11,1,3,5,5,9,4,11,7,21,11,10,17,2,11,13,14,11,14,30,21,38,15,1,33,12,23,2,13,27,2,7,18,0,28,27,17,3,7,2,16,16,11,14,3,6,8,23,21,19,5,22,9,2,4,14,5,13,8,2,19,1,7,2,9,0,4,0,4,2,10,3,0,10,4,4,1,0,0,4,7,14,15,3,13,3,5,18,13,18,2,3,21,10,6,3,31,8,20,14,16,3,2,16,11,1,5,7,11,9,2,1,28,16,8,2,16,2,18,1,27,11,16,8,19,7,1,8,25,27,6,11,25,28,12,21,14,16,12,14,102,33,233,456,637,763,783,733,587,400,169,68,271,399,431,329,96,215,572,892,1105,1196,1151,972,712,398,7,146,319,380,341,191,34,302,572,790,909,926,847,683,477,269,73,70,154,168,105,36,239,482,725,928,1071,11,14,6,2,11
20,39,54,94,89,29,16,202,63,69,28,146,70,43,109,11,7,85,146,70,32,139,73,28,3,68,42,137,37,34,40,49,91,84,168,16,99,55,108,85,115,6,89,117,113,201,41,14,63,13,6,2,4,58,187,12,72,26,20,2,79,80,122,13,54,32,18,159,162,47,16,120,189,73,59,52,27,24,95,73,2,2,101,114,35,98,28,28,82,52,3,23,29,110,80,17,6,18,63,84,115,65,106,172,11,68,149,63,57,88,70,31,13,61,8,14,14,52,18,7,36,27,45,29,67,75,5,42,33,5,4,56,47,28,3,369,521,327,44,361,403,237,9,60,30,7,133,385,549,349,211,898,1232,865,89,1036,1433,1024,116,710,73,799,279,133,274,201,236,480,707,620,111,604,1058,958,438,187,573,648,521,352,278,126,202,698,1094,1024,449,34,40,167,80,68,50,81,64,136,37,93,44,98,47,25,76,193,48,125,38,23,25,49,15,129,98,10,155,30,59,28,90,28,47,2,6,2,77,14,65,35,141,14,138,148,42,105,146,199,110,151,74,9,92,40,22,70,209,25,18,18,2,11,65,52,78,21,14,57
9,1,0,2,3,2,237,185,62,115,319,510,637,693,657,525,311,42,259,572,853,1039,1141,1154,1085,989,842,685,526,362,189,6,7,392,575,703,745,669,467,171,179,520,782,902,856,664,373,37,296,600,841,1003,1053,1040,982,859,725,587,451,0,7,7,2,3,1,0,3,5,3,2,0,1,3,0,1,4,1,1,1,3,3,3,4,3,5,1,0,0,1,0,1,2,0,0,1,4,0,2,4,0,1,1,2,0,4,0,2,2,5,4,3,1,4,0,1,2,0,0,0,2,0,1,1,2,1,1,4,0,1,1,1,1,0,1,2,2,1,1,1,2,0,1,1,0,2,2,3,1,3,2,1,3,0,1,0,0,2,1,1,1,2,0,1,3,1,2,0,4,5,0,2,3,1,1,1,3,4,0,1,0,1,0,1,0,1,4,1,0,1,0,3,1,0,3,5,3,1,0,2,2,0,1,5,4,5,1,0,0,0,5,1,3,4,0,3,1,5,2,4,1,0,2,2,0,4,0,1,0,0,4,0,4,2,0,0,0,0,1,2,2,0,1,5,2,3,3,3,2,8,3,0,6,0,0,1,0
89,27,330,221,104,76,223,253,935,645,48,188,625,268,381,1031,360,162,74,274,93,723,704,287,114,189,42,613,835,313,595,619,667,409,753,789,4,785,575,1297,811,36,477,397,137,295,797,909,643,90,153,444,259,447,60,1161,641,499,315,753,747,1,62,735,833,27,541,201,584,40,351,390,205,94,114,90,435,741,224,290,804,505,115,587,561,39,764,308,335,382,19,503,585,290,388,908,647,259,866,795,295,591,1255,983,64,1080,1508,698,797,1793,1061,456,1563,1188,316,1376,1097,25,1024,942,72,473,639,51,87,343,69,77,301,229,71,211,93,49,31,119,129,20,114,191,163,471,225,245,422,19,307,124,262,155,183,163,412,859,1031,701,33,312,579,299,81,509,33,178,717,495,314,527,241,60,174,162,481,87,575,267,497,831,16,147,317,691,189,372,335,301,37,259,135,107,3,351,193,287,463,230,317,731,58,487,177,23,254,325,496,153,214,317,374,50,495,617,791,443,833,256,413,687,291,1335,521,448,20,188,141,471,241,367,403,100,369,71,415,185,182,475,521,3,240,51,761,283,271,361,589,1561,1081,215,623,957,194,705,395,1041,85,73
17,8,723,625,465,255,22,223,421,582,678,978,660,539,361,145,84,307,497,632,698,695,608,453,251,20,205,416,598,672,709,652,524,335,110,113,363,533,663,591,683,570,388,162,83,308,497,647,722,682,574,397,173,72,312,497,635,685,651,540,366,151,81,305,476,602,639,600,484,309,101,117,310,478,575,548,533,419,236,28,180,365,494,577,558,462,320,116,103,309,468,558,555,480,324,112,120,337,492,566,523,405,198,223,274,450,533,504,365,162,94,304,436,461,374,187,48,263,390,377,240,10,194,0,1,0,2,3,2,2,0,4,1,3,155,131,52,54,145,185,175,116,21,80,166,215,217,175,88,8,114,186,244,33,212,137,34,72,172,250,276,283,231,142,30,88,199,285,341,333,284,202,82,54,190,309,382,423,400,314,182,140,153,315,442,516,528,458,338,160,49,263,453,584,643,607,508,315,108,149,391,591,721,758,692,529,302,34,248,504,699,811,822,715,519,266,37,448,572,752,843,826,711,512,250,38,326,567,746,835,823,716,533,270,10,276,526,707,804,810,723,541,334,54,212,433,629,744,775,719,584,386,136,101,342,9
1,133,20,407,526,442,876,487,1228,430,844,840,557,1026,8,1294,872,96,384,170,116,192,154,388,796,287,928,1233,32,622,232,810,247,419,213,466,272,900,121,480,275,313,307,97,105,203,169,343,246,509,480,234,1037,728,128,508,288,1103,742,499,479,421,513,441,879,93,188,394,66,615,185,532,376,2,233,50,155,344,236,249,213,370,696,300,254,455,428,272,10,275,212,23,239,40,160,257,441,204,215,476,118,780,648,144,489,37,705,387,549,832,104,493,62,502,15,395,66,128,254,364,57,190,253,319,39,51,183,117,127,0,91,105,6,217,104,110,183,144,306,169,161,166,50,265,354,35,585,249,631,479,443,562,245,389,148,528,413,290,3,481,399,66,354,175,29,50,123,33,329,364,49,719,408,467,655,306,683,245,863,230,462,132,80,186,373,33,285,495,38,387,16,7,661,240,505,221,673,288,529,586,1183,87,1031,484,710,873,140,716,400,203,207,196,441,179,142,622,767,199,237,44,103,10,103,178,269,22,377,584,109,1092,1024,41,495,119,765,492,177,196,102,6,102,75,115,29,17,39,33,41,129,396,635,88,449,353,12,421
113,91,58,217,197,609,7,1176,419,618,307,1132,919,595,88,611,949,591,439,259,561,279,663,153,375,470,664,307,216,169,582,90,317,387,550,553,449,83,247,520,320,390,113,417,521,217,285,239,415,554,128,35,668,145,211,54,317,236,180,83,157,468,461,561,131,202,653,605,447,7,10,29,8,159,82,160,146,140,334,314,99,82,367,208,21,216,229,14,114,222,368,139,253,63,388,92,193,357,582,47,163,601,319,53,281,779,237,144,432,617,138,306,414,456,306,265,357,356,302,286,341,107,333,24,63,245,18,34,169,20,19,117,261,0,275,311,111,147,58,159,231,269,35,335,96,186,647,628,67,156,735,620,203,176,715,177,813,195,77,449,391,295,62,379,238,263,152,120,115,353,142,138,62,57,320,203,34,240,399,273,363,132,585,23,108,467,51,521,5,21,539,711,202,214,227,21,587,567,1470,151,54,346,929,240,199,160,804,483,69,370,363,28,18,277,10,134,468,151,84,1,117,267,137,354,84,217,515,761,328,7,990,921,688,371,1135,765,506,235,474,621,217,359,526,24,356,492,146,633,382,1114,488,729,319,51,396,361
20,112,1036,703,226,135,316,337,162,30,126,198,22,274,700,994,1298,1384,1194,724,278,152,500,589,510,339,95,15,7,154,482,908,1087,1238,1177,918,414,82,427,632,710,599,502,199,100,126,250,475,676,816,834,696,371,40,438,732,927,924,804,564,329,148,72,70,159,267,329,297,158,92,385,670,855,944,874,682,419,128,108,275,326,330,259,201,174,172,248,347,442,505,484,402,218,20,284,500,671,748,686,566,363,143,90,297,425,501,487,434,332,206,54,76,181,260,309,323,270,180,47,107,236,336,347,0,1,1,4,2,7,1,0,5,3,2,160,181,168,129,84,20,29,78,111,138,146,138,123,64,11,94,191,283,325,325,286,177,41,120,274,401,452,451,369,241,93,48,160,217,220,172,121,76,64,113,201,314,427,476,437,314,111,135,392,584,690,692,595,421,261,127,41,36,70,119,116,41,117,361,622,857,1001,1000,835,558,212,126,405,499,537,471,367,234,244,373,495,725,863,877,761,562,96,405,908,1190,1181,1030,816,572,325,216,250,403,570,687,593,402,18,538,992,1327,1387,1331,1034,621,275,9,82,6,77,321,369,237,31,396,891,12
73,143,25,88,7,50,807,855,771,509,244,31,70,27,153,470,920,1314,1580,1798,1729,1498,1254,1017,888,890,843,742,522,235,63,262,333,420,435,415,243,17,144,260,386,425,492,398,298,271,274,300,451,700,980,1357,1714,1900,1969,1943,1793,1419,974,209,236,73,347,241,16,28,110,297,212,120,131,81,150,91,196,26,14,16,193,57,186,32,1,89,288,47,133,206,272,85,317,6,108,161,49,84,60,273,171,137,99,25,59,85,189,51,18,119,141,134,85,11,155,176,57,68,37,0,74,92,39,74,26,15,12,91,28,46,28,74,1,28,112,25,80,9,153,71,120,25,91,132,91,39,95,12,81,53,87,85,80,172,174,12,45,125,89,57,63,230,20,51,51,33,143,46,35,73,88,47,116,276,75,78,243,172,22,43,250,5,105,8,112,1,88,151,133,379,244,203,35,126,174,80,168,174,118,30,58,199,373,119,212,33,239,150,92,233,105,226,80,53,32,36,32,18,8,99,123,94,9,213,37,119,7,9,258,39,40,15,36,33,70,320,189,272,92,240,43,9,36,46,13,286,143,196,320,179,56,177,156,143,110,13,351,39
23,254,698,518,140,404,174,469,469,269,897,506,549,1014,481,584,911,404,621,891,340,417,906,326,315,624,185,321,99,235,171,165,717,111,276,481,265,339,677,361,59,644,823,278,661,1267,392,811,1289,292,960,1294,80,1066,840,160,673,137,489,76,413,168,42,54,343,81,543,677,630,324,33,53,35,169,224,108,556,95,227,879,117,24,241,40,73,26,576,44,326,40,125,313,213,122,60,758,269,563,347,139,254,69,43,282,559,23,469,924,46,203,22,756,32,188,539,40,210,147,96,323,8,238,58,231,18,77,120,179,185,42,147,37,177,158,150,323,321,185,338,67,373,566,54,94,2,199,486,112,104,195,304,632,601,44,46,0,421,390,464,788,838,347,284,221,491,851,172,525,625,451,85,165,40,90,30,66,293,123,1325,142,333,531,701,874,5,286,53,169,351,126,276,966,138,605,714,177,372,277,352,368,203,295,319,841,185,693,505,96,330,473,900,522,251,77,530,1022,196,51,373,126,234,196,649,637,8,22,556,26,230,495,155,389,538,309,448,92,23,833,535,403,728,60,25,486,528,1143,689,167,317,61,8,400,74,1600,155,371
289,341,299,167,629,78,1345,175,265,753,1081,592,375,852,653,101,269,190,186,143,102,391,530,466,49,598,791,508,71,444,453,89,733,95,76,275,311,227,453,107,206,292,518,309,294,625,265,237,83,145,55,455,311,176,511,492,188,428,985,705,284,256,411,263,677,795,401,121,4,270,412,428,37,40,129,156,160,96,467,472,71,179,399,443,96,247,273,179,129,69,278,203,118,119,10,33,561,202,242,164,455,333,80,459,683,461,231,669,636,370,74,592,789,374,296,604,436,230,45,266,571,415,195,369,22,11,361,197,60,315,7,135,417,305,535,321,13,208,319,265,0,79,68,117,229,715,627,139,730,805,464,30,482,445,100,27,186,193,1,312,395,449,102,472,416,188,36,135,220,157,59,151,203,197,472,392,42,382,411,58,301,98,170,130,179,318,220,388,997,565,77,99,235,34,357,279,93,477,1140,696,192,535,708,707,131,760,767,18,254,109,172,76,56,122,358,256,259,337,44,255,117,129,260,200,243,17,95,64,292,186,66,242,248,118,458,478,357,113,617,411,555,476,371,710,212,52,89,268,781,515,488,295,71,193,221,263
8,17,12,6,12,10,553,13,682,1249,1470,1287,760,89,562,1020,1198,1126,856,462,106,99,134,1,184,318,304,142,112,328,411,300,17,293,615,780,676,292,288,882,1324,1482,1333,979,578,219,23,174,273,350,474,621,722,734,602,342,10,261,388,8,46,20,27,1,52,30,9,26,21,22,3,20,26,50,9,28,17,24,2,11,5,11,16,25,13,31,8,2,16,3,2,19,8,0,32,12,19,10,13,5,13,16,2,1,25,14,3,9,15,26,14,2,18,23,0,12,6,21,7,6,0,14,4,6,9,1,14,1,4,6,5,13,5,1,0,14,15,19,17,12,6,2,25,10,16,25,0,4,6,6,6,18,13,7,29,9,7,2,21,23,1,12,0,38,11,5,7,3,12,17,22,29,4,0,12,13,3,21,10,53,4,4,3,16,13,2,26,2,40,26,7,12,30,15,12,15,1,15,17,2,25,5,9,25,4,9,15,26,29,52,15,40,47,14,48,43,9,24,16,10,3,28,13,40,18,22,40,8,13,10,10,19,3,15,30,12,4,23,11,25,1,24,61,68,11,2,30,3,10,33,8,2,0,4,8,13
33,265,539,365,477,353,1871,90,1466,665,1044,1288,154,1314,965,165,784,585,108,404,683,408,434,957,413,581,842,68,589,302,290,250,457,434,152,434,124,329,290,109,412,135,278,448,152,361,550,110,509,601,129,699,360,525,888,53,992,817,231,136,1347,193,277,471,10,617,153,191,621,603,43,273,474,131,415,488,16,360,109,273,231,179,345,6,292,101,195,53,145,108,203,164,208,286,28,302,194,272,46,349,274,252,522,131,483,475,132,607,301,408,666,151,541,556,48,489,235,274,279,275,507,28,607,467,657,287,51,83,53,157,89,71,115,207,110,292,63,246,266,89,406,279,221,521,129,468,553,28,623,458,170,512,324,163,393,281,88,434,382,132,311,383,242,521,248,176,315,225,79,150,366,204,255,404,53,305,156,148,65,166,66,249,295,100,191,398,559,210,727,929,145,353,673,985,24,194,37,615,194,1076,298,991,973,254,1029,539,233,549,356,54,36,242,352,136,175,206,59,79,3,158,317,35,460,549,63,714,558,228,687,348,338,558,125,411,500,236,273,489,290,39,300,238,146,2,87,275,272,143,719,773,69,1215,493,471,703,281
21,17,150,196,38,475,439,18,52,136,452,64,64,137,127,519,437,40,488,143,373,236,60,397,55,106,52,171,118,243,236,71,415,62,266,443,109,37,219,137,188,392,311,541,255,424,611,184,181,368,84,407,93,220,187,211,262,29,13,332,287,127,318,443,289,132,63,252,229,70,26,193,192,357,21,343,228,112,6,178,99,373,398,142,311,126,28,136,121,188,89,124,59,129,243,13,80,304,220,68,174,66,119,22,221,91,6,231,190,108,299,159,308,104,224,69,37,149,49,264,63,20,58,101,37,11,41,233,10,33,84,139,19,4,21,33,10,19,141,205,117,48,181,10,40,391,25,52,16,22,27,270,13,199,280,175,79,1,144,165,20,71,104,79,123,40,14,61,129,130,247,32,9,168,317,69,91,154,31,156,50,251,26,17,130,144,199,123,424,219,354,256,190,132,330,15,87,96,194,95,66,81,53,55,269,317,343,322,294,348,427,517,591,720,749,641,308,40,304,454,470,418,285,87,666,279,303,193,20,276,664,985,1029,896,621,240,38,319,423,370,71,205,474,836,1111,1261,1117,931,613,494,164,81,233,176,178,17
7,28,610,188,280,483,274,227,704,824,465,326,837,1104,890,314,311,687,690,407,57,141,109,61,189,132,85,317,390,225,60,269,229,54,375,499,284,191,660,923,677,209,303,636,695,531,292,79,91,229,366,453,411,219,50,271,335,210,19,183,173,12,270,433,380,120,226,498,568,418,135,143,299,326,265,522,178,155,74,98,335,508,495,244,141,467,552,338,40,341,387,152,193,403,339,31,319,498,383,62,269,429,347,282,141,243,185,57,35,42,7,2,52,127,131,30,126,226,178,15,162,222,137,0,34,50,19,16,39,2,22,10,54,16,142,169,173,189,196,108,128,458,692,623,198,406,841,860,452,102,454,435,171,882,6,271,508,438,13,525,840,709,225,294,530,368,12,293,243,136,570,758,526,36,636,964,852,413,110,436,462,263,79,51,205,416,487,287,136,585,832,750,384,76,400,454,266,5,150,40,276,628,751,502,95,783,1237,1215,722,9,650,956,860,520,161,47,73,198,18,94,333,575,653,478,74,355,596,518,182,161,274,43,393,716,665,162,563,1148,1261,826,53,678,1028,887,410,494,322,216,75,297,243,106,538,775,645,60
21,113,119,26,132,231,118,212,56,112,106,167,20,109,90,45,223,227,57,157,108,141,212,198,133,174,238,359,165,425,108,140,54,67,136,167,265,53,155,120,47,215,57,140,106,40,282,73,101,5,255,97,108,224,188,36,75,2,108,66,33,79,202,60,157,484,64,33,261,23,373,175,33,64,63,84,26,179,8,231,49,191,82,112,35,85,26,118,70,177,61,58,202,165,245,57,171,99,2,182,296,84,98,241,297,299,202,22,63,286,25,99,73,36,26,163,39,28,19,35,51,87,54,67,129,126,108,35,26,11,63,22,71,23,113,52,7,47,236,43,286,51,42,39,16,182,184,36,59,1,21,65,143,8,71,87,168,202,87,71,224,21,164,150,18,1,84,116,219,59,112,136,168,125,9,101,196,70,67,195,136,77,171,178,223,171,46,57,161,208,87,102,52,133,198,146,3,167,1045,847,422,140,705,1065,1248,1122,784,174,521,1263,1720,1819,1559,869,18,753,1285,1429,1255,844,370,144,409,437,9,149,581,863,782,496,45,653,1291,1705,1773,1472,904,173,488,976,1248,1280,1053,681,149,384,760,1001,994,735,326,323,179,12,88,29
16,11,339,57,113,81,982,297,563,180,639,685,785,623,355,1121,682,455,4,53,521,904,37,973,522,276,614,621,872,222,168,414,827,593,2,751,371,666,52,28,812,469,739,15,595,1090,1045,257,60,486,5,98,670,317,439,949,187,621,82,237,711,991,45,127,389,1045,888,97,1,618,899,514,448,418,73,809,1436,607,256,540,192,268,486,392,198,727,231,106,224,517,206,431,158,628,115,61,607,567,7,326,92,605,345,1,540,49,64,477,146,664,160,745,549,181,245,116,181,400,87,535,191,451,59,369,137,18,295,7,54,129,276,254,289,50,53,93,165,70,179,353,3,363,373,201,514,206,541,608,195,883,364,800,796,249,986,426,591,635,5,567,945,43,268,313,91,97,307,236,117,135,194,267,70,372,240,103,283,273,140,478,296,495,487,114,585,389,148,336,122,74,787,347,670,529,720,29,764,324,311,536,117,233,400,542,569,355,1025,559,101,34,316,28,698,222,215,32,115,436,144,228,329,473,545,21,298,487,198,489,602,11,81,295,486,660,234,983,1907,330,531,633,490,0,472,1311,13,126,27,363,149,218,542,356,813,1,215,236
36,3,704,679,634,563,474,372,253,133,10,426,245,362,467,550,617,657,689,686,642,613,547,460,359,244,122,5,151,275,385,486,568,632,673,689,676,660,584,189,412,294,166,29,109,244,361,485,568,631,668,675,660,618,551,459,351,228,93,41,174,299,409,491,563,605,616,597,558,494,411,311,198,70,59,177,289,385,464,520,550,553,531,479,407,304,200,78,52,180,298,403,498,536,552,531,469,371,248,105,51,191,328,566,500,523,494,413,291,142,25,174,306,395,440,419,336,196,29,142,273,340,297,3,1,0,1,5,5,2,1,0,2,2,95,149,170,155,106,39,45,120,166,201,209,194,158,109,41,19,93,147,202,379,251,248,230,195,149,94,17,52,122,188,243,286,314,329,312,287,259,205,136,58,27,110,196,282,341,386,437,161,453,427,377,306,216,113,6,121,247,361,464,547,607,631,627,607,547,457,344,212,62,97,251,411,546,645,724,772,788,767,710,607,498,361,202,337,141,303,452,582,691,775,810,833,805,745,663,555,430,282,124,31,217,348,477,589,679,742,780,784,737,706,634,17,418,290,153,10,132,262,399,500,586,2
201,187,455,1171,471,667,920,48,1006,76,886,140,795,266,634,375,364,227,116,41,180,267,65,373,156,526,226,519,389,305,236,222,803,118,449,235,14,209,143,368,152,239,34,667,260,248,420,16,143,95,362,169,424,383,285,654,62,703,311,269,1095,747,839,743,215,58,192,929,189,817,147,169,113,108,57,667,210,409,693,664,123,539,1019,530,55,131,369,975,185,251,148,382,391,557,515,715,281,629,20,155,203,14,591,501,138,502,565,523,449,595,173,989,34,97,58,271,162,383,129,423,285,70,57,169,247,433,199,85,57,371,32,98,461,10,173,123,25,245,36,165,335,405,318,249,58,213,229,102,302,735,12,240,771,131,151,142,287,587,150,205,522,382,559,79,245,285,21,275,403,90,84,1133,544,365,182,525,821,299,311,795,115,160,219,54,680,1109,592,891,527,231,578,148,150,265,1582,223,1107,291,1371,269,209,403,403,125,1037,399,51,577,461,699,1204,679,1363,755,253,608,539,281,1709,146,414,523,355,692,147,149,36,461,1023,444,499,1160,24,629,643,269,1181,356,1318,719,363,1712,232,1037,239,1491,457,899,598,1293,1675,262,391,358,207,229
20,4,5,8,3,34,2,18,37,10,22,23,3,2,4,3,1,8,0,8,8,32,24,16,2,17,24,16,16,7,2,32,5,6,0,2,21,26,2,10,11,3,28,2,10,7,3,2,2,24,7,21,26,10,8,3,34,9,26,5,10,5,27,10,0,4,16,2,3,7,24,14,10,2,9,7,2,1,12,17,13,11,12,21,11,4,5,24,3,10,11,22,10,14,2,5,13,3,12,2,9,14,3,0,1,5,0,16,15,1,2,15,7,13,16,4,8,3,5,8,8,2,2,7,0,5,5,1,2,3,10,0,5,0,5,3,9,9,2,1,2,1,0,6,5,0,1,2,1,9,11,3,0,9,13,11,19,2,9,8,3,23,22,12,1,6,6,1,2,27,10,19,9,14,2,10,5,1,15,1,3,12,7,1,15,11,31,4,18,3,32,7,14,6,8,5,15,10,14,323,478,205,361,765,655,120,457,664,368,145,425,200,339,627,285,532,1134,956,68,883,1205,713,131,681,21,76,340,278,207,655,591,28,783,1062,673,78,639,690,345,41,159,17,218,162,233,742,897,453,387,1081,1138,13,2,19,9,4
11,137,135,754,77,659,38,188,150,510,88,1143,824,571,129,224,493,115,1093,407,43,808,416,262,352,334,119,147,898,19,35,186,162,165,743,389,21,571,664,478,98,180,650,270,152,224,369,196,1007,148,154,439,265,413,120,105,36,657,133,487,538,269,515,198,158,379,534,5,792,45,973,419,67,350,159,10,115,14,174,117,29,388,388,238,70,220,208,91,121,282,207,151,761,887,380,722,677,1131,52,881,1196,608,135,568,424,186,70,98,171,140,418,327,13,405,529,104,130,123,87,91,130,37,401,119,163,94,102,179,182,130,99,303,226,108,98,206,307,231,379,67,146,310,261,4,23,12,685,563,115,324,974,259,158,488,1153,473,98,805,91,474,30,178,1,619,611,106,787,394,736,351,594,92,285,486,14,337,440,451,225,680,160,418,241,1086,210,32,281,630,1129,54,385,339,1003,716,491,773,269,280,1,989,796,9,242,358,962,322,1069,330,355,684,518,351,556,105,495,216,707,604,379,19,501,508,389,607,216,15,290,72,184,51,174,979,975,353,393,36,95,390,130,30,40,81,103,456,628,116,1053,661,182,198,885,414,358,444,665,355
20,42,66,79,67,346,718,996,1283,1331,1054,695,222,233,591,679,639,477,253,73,49,193,462,743,1030,1183,1108,802,280,220,698,965,987,864,643,368,173,102,170,326,537,660,709,550,229,177,547,869,1015,1030,822,573,290,69,21,3,53,213,249,233,76,181,481,754,957,997,899,668,337,7,255,416,463,413,335,226,164,192,286,410,522,577,541,405,176,104,370,576,712,756,656,508,316,95,90,217,297,309,305,280,238,230,206,199,176,137,58,39,130,229,308,344,328,266,162,18,110,206,256,236,144,20,103,4,0,3,3,0,8,3,0,3,2,0,43,106,172,200,192,135,39,61,156,240,280,274,233,159,58,41,129,184,198,183,146,84,33,7,19,41,98,146,173,140,71,53,204,347,461,504,487,404,223,4,198,344,436,423,359,269,181,146,162,243,301,372,375,279,87,167,455,701,852,888,813,595,344,92,82,195,201,172,116,127,202,356,583,775,918,987,864,518,193,184,523,706,727,747,570,515,351,319,416,559,771,866,764,460,63,444,926,1250,1385,1311,1121,701,309,44,50,42,147,272,330,234,62,472,886,1280,1421,1374,1081,694,225,143,374,34
32,49,12,16,7,4,54,2,147,191,36,75,26,18,4,122,178,49,4,7,52,41,48,84,102,48,90,83,12,129,16,5,80,177,91,165,49,74,55,14,16,101,112,1,161,103,67,54,73,72,120,120,108,40,21,117,145,126,19,81,47,112,171,10,184,30,33,160,101,9,47,82,28,59,139,96,106,12,21,35,16,27,109,32,14,13,193,63,188,139,30,71,28,8,59,26,89,21,42,73,5,27,59,47,11,94,90,25,33,70,40,16,2,112,97,16,76,21,7,14,19,9,8,11,3,29,32,41,1,5,25,18,16,5,10,42,114,171,228,258,255,214,156,74,24,157,281,428,587,733,862,985,1050,1093,1068,1019,952,845,718,600,85,365,291,240,239,237,292,396,511,622,721,788,820,788,773,664,578,415,282,136,45,240,403,572,707,791,823,77,2,30,62,23,47,51,204,4,23,7,131,50,57,73,101,27,31,21,10,50,31,55,82,220,12,19,91,38,50,66,135,125,176,90,136,20,24,266,0,68,30,46,27,81,53,92,103,115,14,112,143,85,115,52,82,41,176,15,39,114,9,73,83,146,32,4,31,80
15,2,1,0,2,5,255,248,145,42,283,511,646,672,555,314,15,381,749,1024,1168,1163,1024,770,464,172,87,297,476,620,730,794,4,689,489,202,130,451,679,734,579,246,186,612,920,1024,937,661,287,119,497,803,989,1025,991,855,682,502,322,0,1,2,3,3,4,0,5,1,4,2,7,4,3,2,3,3,3,5,0,2,0,0,2,1,4,4,2,0,6,1,2,4,1,4,2,0,1,0,3,3,1,2,1,7,1,2,1,2,5,1,3,2,1,5,3,2,0,2,1,1,1,0,3,0,0,2,0,3,0,0,1,0,0,1,0,1,2,0,0,2,1,2,2,5,1,0,0,0,0,3,0,0,2,3,0,1,5,1,0,2,1,0,0,1,1,0,0,2,0,1,0,0,2,0,1,1,2,1,1,0,1,3,1,3,0,2,1,0,1,0,3,1,5,1,0,1,4,2,5,3,0,3,1,0,1,0,1,1,3,2,3,2,2,2,0,5,0,7,1,2,0,5,0,3,0,3,2,2,1,5,2,0,0,5,0,0,0,1,1,0,0,2,6,0,11,2,4,1,1,1,1,2,2,4,1,1
124,326,623,53,285,192,627,103,138,530,479,559,757,70,295,398,571,111,293,10,271,31,811,58,36,585,563,97,597,439,548,681,271,567,513,474,481,714,1669,496,18,1033,217,539,342,971,235,701,357,341,473,87,901,177,131,303,751,24,609,230,11,558,57,387,582,173,439,837,180,382,246,474,14,211,93,456,60,499,137,505,103,122,376,130,256,481,187,344,559,93,523,468,512,232,272,93,368,309,704,47,1147,761,1043,1432,62,1729,1037,884,1797,308,1746,1290,1042,1648,8,1337,950,682,1192,211,813,846,170,23,241,132,119,112,7,83,233,162,65,22,132,203,227,238,269,423,345,88,347,188,441,433,195,303,875,169,35,181,217,289,91,85,123,389,31,205,705,406,569,205,461,64,241,373,449,229,261,121,449,153,277,185,137,261,572,4,579,96,104,6,657,465,461,53,521,441,207,471,211,514,78,365,445,867,144,207,505,609,28,245,211,623,1145,84,377,425,57,323,554,134,414,8,853,537,29,282,454,603,979,97,561,256,161,66,450,11,431,197,65,499,23,487,292,111,58,361,577,138,887,695,396,558,387,88,326,146,61,667,235,52,533,463
7,69,848,853,582,83,461,888,1053,886,413,401,883,1365,1599,1539,1215,745,265,117,315,337,184,32,234,335,291,116,108,312,418,353,153,148,441,613,587,354,52,701,952,1209,1273,1145,887,608,356,165,24,82,198,335,464,564,594,519,372,172,25,166,209,128,49,293,517,686,738,676,508,266,38,148,268,310,301,1014,293,367,493,641,749,774,661,421,77,297,589,743,693,460,113,237,480,538,400,117,220,496,627,576,388,115,137,613,356,305,209,121,81,108,166,203,183,85,70,243,351,380,298,135,61,233,333,34,21,73,26,22,8,11,13,26,78,5,261,223,188,207,312,437,520,456,196,242,738,1155,1338,1219,832,321,148,394,382,741,166,389,393,144,287,749,1064,1143,953,562,122,226,355,223,114,536,905,1075,971,603,74,479,911,1128,1096,872,574,841,174,201,369,601,812,931,893,712,413,45,318,598,731,682,483,153,178,411,443,231,197,744,1284,1665,1808,1693,1334,828,290,168,474,598,553,387,200,643,37,154,380,648,903,1056,1037,862,542,171,150,310,257,16,455,925,1271,1387,1210,725,54,670,1273,1615,1636,1349,847,869,141,356,279,4,429,830,1073,1104,875,15
75,84,92,325,69,1515,541,503,460,194,881,570,55,768,562,110,182,576,261,445,68,707,883,553,720,810,356,275,702,21,226,294,184,398,13,193,431,109,494,571,116,715,698,27,627,741,31,848,811,52,838,582,26,692,814,340,437,984,910,47,498,111,127,169,533,463,98,519,462,44,744,76,378,78,260,174,277,162,130,23,69,112,213,68,89,139,161,369,484,184,366,432,51,137,221,391,585,262,543,127,311,666,399,534,758,201,676,950,231,572,920,228,601,611,41,596,366,237,540,270,235,354,216,111,215,577,125,73,110,12,5,33,121,257,143,276,142,135,441,391,6,378,707,296,426,952,538,483,935,607,393,917,429,254,635,400,186,233,626,526,358,715,587,88,509,563,109,79,186,302,584,294,563,848,451,373,740,336,210,421,72,186,125,165,273,4,501,607,639,289,27,371,128,105,20,74,94,94,608,458,156,717,688,90,473,681,559,257,631,343,31,162,245,339,162,105,362,654,530,365,1042,698,57,610,919,439,186,544,400,518,36,734,1097,189,974,850,205,615,424,331,267,269,719,108,841,469,355,763,248,337,203,383,461,112,889,124
10,1,619,681,705,689,638,554,432,293,114,523,197,348,480,584,657,701,686,639,561,454,322,167,1,168,328,455,558,637,681,682,646,566,455,315,157,19,193,854,474,581,658,692,680,622,530,400,239,73,100,264,410,532,617,661,666,612,531,409,264,100,67,220,377,482,542,598,599,555,477,364,226,76,63,75,354,452,525,553,542,492,409,290,143,8,158,302,420,505,548,521,482,388,246,83,91,260,399,494,541,522,434,54,142,54,229,372,464,490,442,331,174,10,190,332,408,396,288,129,65,225,306,2,0,3,0,2,1,0,0,1,0,0,39,53,132,179,180,130,65,15,96,164,206,214,191,142,70,4,89,156,210,334,244,227,186,125,49,31,111,188,245,280,296,285,250,191,113,38,61,160,246,317,364,384,384,335,278,183,76,163,166,282,384,460,506,511,494,427,329,198,44,119,282,422,550,642,678,672,616,509,359,176,28,222,413,577,693,767,788,752,668,544,367,163,45,38,451,610,732,804,823,794,690,558,407,206,1,203,395,559,695,762,794,785,722,617,477,309,122,79,263,423,573,432,733,750,730,664,563,434,266,85,70,15
43,2,68,139,91,88,105,798,813,377,41,131,205,306,174,903,1336,1015,131,1197,1662,1255,623,42,788,1332,1359,709,167,723,599,195,144,154,217,658,755,362,385,1114,1362,1038,306,369,836,953,1022,906,419,449,1289,1508,944,55,825,996,636,164,49,328,82,217,118,401,314,30,73,74,122,41,153,49,11,157,61,60,81,165,178,111,18,105,32,8,56,102,14,169,225,8,181,53,23,4,195,11,258,139,112,8,36,35,81,73,32,179,74,196,1,185,70,251,57,78,205,123,37,123,103,65,23,217,148,1,103,15,30,53,46,22,35,12,49,80,139,5,35,67,74,8,115,32,95,150,70,118,15,53,200,158,6,217,25,45,78,11,80,313,64,30,64,99,82,47,26,89,89,136,181,26,54,136,198,193,30,99,175,84,172,170,109,238,45,49,67,2,345,139,133,153,85,217,9,219,23,37,254,8,212,219,132,72,105,335,185,5,333,334,103,6,30,358,167,224,133,348,50,112,196,46,119,23,203,60,383,151,95,13,47,65,4,146,428,217,189,257,192,292,230,19,85,266,101,22,174,137,8,219,161,87,102,108,92,130,1,39
23,403,66,95,188,299,427,219,177,731,704,288,462,1095,969,360,384,898,886,566,147,786,1062,568,46,502,291,123,290,213,63,346,636,154,159,538,659,236,209,416,642,790,634,72,804,1195,980,348,742,1384,1101,146,820,1095,628,147,671,554,71,192,313,120,219,367,738,503,652,585,115,315,621,779,712,449,388,142,205,275,657,479,182,255,493,71,647,196,134,19,103,813,421,511,247,109,897,147,85,182,65,2,507,237,486,469,122,480,342,125,206,196,17,321,370,486,397,109,8,129,151,516,70,64,53,290,127,302,25,122,73,64,155,21,14,18,127,33,74,89,49,146,9,340,621,450,160,258,291,108,521,654,227,122,161,67,204,434,484,457,227,53,50,195,621,328,317,82,176,684,183,91,410,15,383,325,387,688,362,227,273,566,108,492,33,477,196,348,445,90,497,189,139,666,659,595,83,514,480,862,91,680,116,860,540,4,232,144,151,165,608,324,1311,522,265,217,446,180,15,289,403,183,721,369,399,285,410,200,713,316,292,135,166,459,566,123,413,14,701,376,133,86,306,341,291,8,389,599,855,126,861,78,16,247,1036,75,694,228
7,21,23,36,3,9,223,302,825,1235,1419,1371,1110,744,310,107,477,731,866,857,713,455,176,84,247,288,212,47,149,323,406,393,11,75,203,505,782,930,937,805,548,221,101,353,497,565,583,570,555,563,591,636,671,660,601,494,336,151,20,17,2,1,7,27,20,19,2,16,33,12,24,12,42,28,14,45,15,5,8,35,0,6,9,0,11,3,31,4,17,13,28,9,26,0,9,16,12,21,2,0,8,10,6,24,1,30,19,5,17,31,3,10,4,11,16,10,19,6,2,3,0,14,11,8,5,8,6,14,10,7,0,1,4,6,11,1,8,14,3,10,6,6,1,8,5,9,15,19,31,8,32,8,8,40,9,6,20,1,29,15,28,12,17,30,0,25,19,20,8,22,16,1,17,5,17,17,4,26,7,53,10,7,18,36,0,18,20,10,5,8,12,21,20,32,0,20,7,30,4,20,8,12,5,27,11,17,39,7,1,16,36,8,54,11,7,23,32,12,35,14,33,17,32,13,15,12,2,21,12,35,31,24,5,5,7,16,5,14,30,3,7,35,37,10,36,4,12,23,7,46,0,19,36,1,9,3
4,95,171,549,191,497,196,389,104,83,193,405,166,367,321,427,29,327,259,115,309,120,247,710,609,89,733,125,375,42,59,289,61,3,201,225,239,37,109,303,283,643,18,182,743,227,509,325,197,337,51,136,331,114,163,359,783,103,177,695,121,477,343,289,394,613,159,133,343,305,971,682,702,1077,127,1112,528,1000,1059,445,1421,207,1472,1183,907,1812,86,1799,1019,1140,1483,487,1442,128,1453,566,31,1052,741,1462,76,1459,291,1197,489,1214,595,1306,1104,1143,1703,440,1963,405,1719,1132,1058,1274,506,1116,252,809,259,71,95,18,93,1,179,55,17,143,169,41,107,85,72,109,44,257,100,348,126,172,106,269,57,132,31,150,333,127,159,299,9,105,201,255,189,45,3,85,313,45,233,193,343,189,123,327,479,235,22,659,251,109,303,29,97,697,535,225,153,351,391,69,202,11,101,186,335,171,221,1161,205,297,67,153,541,459,525,40,51,809,377,187,325,427,409,10,499,449,421,120,250,42,84,215,354,403,823,188,258,244,65,237,153,263,16,293,725,283,433,345,55,71,515,433,333,439,269,421,417,345,224,213,949,114,195,225,85,119,167,93,78,63
67,54,141,59,337,265,58,143,159,191,63,23,150,190,1,14,10,275,52,123,30,172,94,331,149,209,189,112,30,172,94,227,77,24,179,2,166,212,32,198,160,39,2,219,214,288,66,116,209,207,150,89,160,106,124,311,101,21,18,45,134,242,51,178,129,179,47,45,54,161,154,111,85,20,83,18,30,0,101,5,35,121,173,99,110,75,311,91,206,106,204,3,361,84,60,401,96,33,188,96,218,50,23,172,20,99,21,80,33,288,158,0,217,122,58,132,64,165,7,42,21,121,40,50,125,14,62,35,131,39,226,15,34,21,61,87,39,1,79,124,53,0,217,52,28,316,154,88,88,1,49,79,27,30,142,117,141,51,318,226,85,60,71,265,163,41,129,53,169,113,54,45,70,54,6,411,108,70,120,292,28,151,324,34,192,176,18,91,105,35,267,271,12,190,124,26,114,588,227,434,208,33,74,79,94,134,204,137,65,115,283,413,236,376,897,623,385,1010,720,125,592,414,0,168,123,23,105,324,218,213,536,389,191,486,277,96,108,173,199,303,542,216,475,760,223,536,671,144,372,495,106,253,18,34,275,123
4,50,75,26,161,217,126,50,20,264,25,63,282,143,2,126,49,47,134,139,109,71,304,303,53,309,71,191,428,262,193,2,106,185,58,441,44,192,306,140,172,40,0,59,4,193,122,412,123,289,207,186,134,40,139,220,50,303,14,87,78,178,70,213,113,102,371,40,180,87,289,81,222,37,23,74,212,351,50,101,37,116,119,96,264,26,278,126,92,146,56,189,103,261,185,68,188,19,337,18,136,217,35,279,88,119,178,92,96,241,32,202,111,43,141,51,178,4,64,118,102,52,163,102,81,118,9,15,11,56,37,9,44,7,39,14,9,126,80,57,251,123,168,66,170,25,39,16,71,5,227,208,54,181,11,15,276,57,64,124,42,16,226,183,113,78,71,122,98,105,102,156,167,4,137,288,25,132,184,79,302,54,162,258,1,60,51,191,154,163,212,365,186,250,228,21,105,283,865,628,148,412,866,1112,1067,610,7,698,1359,1592,1527,1022,242,710,1436,1780,1655,1110,362,280,738,791,568,146,184,628,598,150,503,1124,1552,1584,1145,313,624,1429,1843,1752,1305,668,35,584,944,1092,1011,605,86,458,753,848,732,29,81,1,154,94
13,21,613,968,1174,1244,1067,651,192,282,595,738,696,479,252,84,54,230,551,819,1060,1215,1151,710,253,221,595,802,766,528,341,123,66,166,437,813,1093,1140,892,616,279,116,505,633,652,615,357,212,110,158,309,568,781,880,847,627,289,95,462,720,815,780,614,413,243,149,186,281,405,504,515,401,172,129,444,687,840,853,730,547,315,130,6,29,11,20,64,57,46,187,355,526,660,694,624,466,231,33,283,474,605,608,560,446,302,140,6,126,222,269,283,271,236,194,117,36,61,148,212,229,195,105,31,2,0,0,0,3,1,2,1,0,3,4,157,87,1,80,146,182,202,188,159,97,18,77,172,260,316,324,292,209,71,84,220,354,411,422,365,252,111,21,125,172,171,135,81,23,17,59,150,293,418,493,484,385,210,26,269,441,549,566,476,363,243,172,163,209,301,390,384,281,83,189,502,749,914,950,806,598,346,139,5,48,14,61,84,59,114,373,695,868,1041,1132,892,596,267,50,241,437,324,227,164,101,200,467,814,1127,1390,1340,1117,718,253,191,567,701,671,525,280,194,203,408,719,1061,1305,1278,1047,676,197,268,586,789,686,467,282,24
216,136,209,153,767,102,166,434,484,208,9,120,631,7,341,264,213,197,179,462,393,444,429,445,1460,131,16,318,399,335,772,396,6,250,348,964,109,1118,106,334,614,619,209,102,816,554,8,1087,761,542,36,2,841,239,552,136,405,609,110,164,536,378,480,273,594,535,251,236,1023,181,42,251,416,46,279,156,78,5,237,817,172,462,234,368,237,168,444,95,220,25,361,472,375,7,46,1010,663,330,328,452,191,695,88,632,473,294,389,23,154,162,624,421,743,272,19,254,170,360,170,29,68,286,46,279,321,1,56,170,140,56,105,96,123,42,108,42,92,97,79,134,210,34,243,124,411,109,499,10,752,349,774,961,448,1159,106,923,614,282,735,261,231,391,234,170,444,193,64,422,431,134,671,379,329,512,124,188,254,39,397,223,535,201,677,250,571,540,239,633,858,268,153,315,353,244,134,264,367,668,587,943,78,54,36,618,122,377,393,227,851,956,0,273,33,168,824,480,854,1003,52,19,28,770,584,316,299,23,5,783,196,432,950,567,221,109,459,98,45,330,1093,218,482,21,119,763,445,583,419,376,557,712,253,386,311,633,490,153
719,169,242,587,49,402,116,432,748,448,887,578,375,267,342,169,411,109,418,364,183,18,43,157,54,94,336,62,548,63,499,244,651,569,662,541,77,551,274,483,214,75,187,550,3,83,642,161,850,342,252,25,234,372,44,516,391,479,381,283,465,201,361,447,261,666,103,41,249,42,237,248,56,57,14,120,12,210,284,101,133,294,207,79,245,207,60,188,315,232,119,410,486,140,385,675,234,174,604,598,97,449,554,240,168,439,435,133,418,643,321,405,861,417,549,987,398,659,968,195,814,893,2,826,722,114,58,383,186,11,81,35,71,94,74,34,188,205,20,126,131,236,271,210,266,220,107,30,64,224,209,252,248,295,85,410,198,334,39,406,19,411,430,288,223,694,140,224,158,302,262,164,358,43,331,662,355,597,325,295,356,90,552,22,67,174,59,110,43,61,152,254,274,404,49,210,228,27,643,368,313,334,283,289,166,236,324,322,270,66,306,371,174,82,83,99,584,404,151,2,0,542,46,233,221,767,442,1,860,10,16,601,452,216,153,100,391,203,473,298,640,694,173,151,508,138,401,283,68,231,57,71,537,202,99,1146
79,419,598,15,637,359,1199,82,1091,843,489,1177,154,976,587,502,493,2,34,74,338,145,437,574,109,718,214,517,488,295,557,67,377,53,521,157,437,370,105,545,243,379,558,115,520,311,241,445,237,361,603,82,783,356,564,666,54,809,373,133,516,191,328,713,179,156,364,399,323,197,447,477,487,72,296,372,67,527,86,522,229,362,257,62,221,194,27,367,123,365,253,237,356,3,329,211,541,456,53,553,281,370,578,62,574,497,264,721,203,647,577,341,636,84,547,84,379,155,143,219,80,215,237,166,34,159,155,60,63,66,169,59,176,401,335,8,414,338,191,413,217,234,548,202,581,642,189,747,308,436,658,139,551,566,43,588,538,195,823,426,230,665,32,504,290,46,161,108,70,99,130,436,51,581,308,406,319,202,109,175,95,300,152,371,56,292,67,101,0,70,405,69,89,237,591,280,530,356,30,660,368,134,434,241,288,291,87,56,109,62,269,36,227,367,62,622,302,599,722,221,896,327,657,630,427,640,54,386,42,191,288,305,555,594,458,738,151,749,146,584,256,373,253,389,314,393,439,329,585,185,744,42,133,317,217,87
179,77,56,393,398,887,1034,1065,657,26,746,1065,880,313,388,830,864,567,158,210,534,635,595,363,146,537,648,395,108,433,455,165,737,205,15,140,85,83,181,214,127,84,5,142,386,532,380,104,622,818,496,141,695,899,741,377,252,1008,1508,541,459,122,178,112,667,99,36,8,756,207,258,473,542,291,4,179,80,31,89,24,124,143,148,73,54,51,155,230,202,31,307,408,306,34,240,336,733,59,138,320,334,172,92,362,405,209,164,472,462,201,188,497,411,55,260,393,227,11,246,254,205,83,105,10,133,73,379,91,138,151,86,79,263,191,20,389,555,427,124,247,476,455,253,131,444,608,447,33,433,681,581,250,144,469,598,572,392,38,444,737,171,302,140,387,480,426,330,192,115,415,615,533,188,246,452,495,305,135,30,188,206,313,330,174,55,326,466,75,9,162,28,640,721,21,85,401,441,1173,126,286,414,305,33,369,464,397,27,173,371,299,120,57,140,201,153,40,8,141,171,75,212,450,409,88,903,361,179,2,14,262,327,5,340,502,351,10,215,198,175,203,253,247,58,271,490,442,243,46,9,85,96,203,12,180,309,371
59,108,213,110,309,130,184,1001,1359,793,284,1003,873,163,347,429,213,94,76,117,437,495,87,559,753,218,482,634,129,229,429,76,170,276,32,201,325,95,207,499,240,283,634,536,139,820,964,244,659,1123,573,272,807,562,6,297,19,111,145,371,431,897,97,597,97,198,301,513,295,267,93,735,567,66,491,316,75,174,50,77,107,51,117,241,257,92,289,456,303,53,391,415,95,101,217,207,309,52,282,253,71,354,483,63,453,721,217,484,763,270,432,723,296,262,504,174,186,297,32,188,151,48,210,192,462,151,130,12,57,69,13,221,106,153,234,193,65,344,389,106,388,664,458,225,801,764,191,597,810,478,156,572,604,311,101,510,717,287,355,857,303,41,655,516,128,79,27,83,413,653,319,519,841,687,49,537,564,323,175,55,223,432,410,211,31,156,456,771,496,99,3,181,869,1377,218,216,741,226,623,696,465,1,491,577,414,29,458,499,229,124,274,249,7,87,15,33,108,230,220,102,420,382,3,413,84,127,215,24,94,46,311,321,62,426,437,35,236,216,10,3,123,170,139,430,430,31,427,600,259,136,226,1077,149,501,829,205
23,26,117,14,108,222,342,456,545,627,676,543,708,680,636,571,490,395,308,213,114,42,34,99,125,137,144,125,71,36,15,84,138,186,251,286,302,315,325,301,289,274,242,235,234,234,258,290,327,354,398,405,403,396,354,297,231,155,64,13,81,164,232,288,343,389,410,420,429,411,378,337,272,203,122,440,34,100,159,200,226,240,233,209,169,110,45,30,109,187,252,298,331,337,325,297,242,185,121,50,10,61,98,371,125,119,94,51,5,44,84,129,155,161,154,125,79,25,23,69,97,106,99,18,24,32,2,9,0,5,10,15,11,11,65,50,12,44,108,179,240,280,304,292,255,182,94,1,88,164,218,231,216,861,76,32,153,284,406,498,566,605,594,545,460,335,186,34,129,290,431,560,663,732,775,786,754,697,623,514,396,54,142,2,116,232,338,412,468,509,533,522,497,457,384,299,193,68,67,218,365,510,650,770,861,943,999,1008,1001,962,888,797,698,573,434,310,167,173,104,221,323,395,427,454,440,388,323,226,102,17,153,302,438,559,690,781,844,892,906,877,824,754,635,501,370,355,66,60,174,267,335,378,415,417,400,53
27,613,689,11,242,244,199,880,1183,1041,487,130,518,577,402,90,226,344,400,317,125,241,548,529,192,300,629,589,250,82,439,457,590,241,177,140,9,134,271,369,218,50,453,655,606,235,365,745,779,448,68,426,592,417,209,8,247,319,397,246,377,529,394,475,524,281,84,76,739,835,558,279,6,292,448,433,238,15,179,288,195,75,56,45,59,31,91,164,202,56,127,356,369,275,99,159,39,450,403,43,309,493,375,91,175,300,115,190,380,302,7,306,334,100,113,243,202,15,109,180,167,191,221,483,6,83,21,159,80,431,131,12,21,141,224,416,390,178,180,444,563,432,128,291,566,469,26,517,866,910,479,71,588,878,790,411,172,786,971,722,146,467,786,634,359,54,234,453,568,453,38,372,560,520,242,56,210,159,194,157,202,102,53,99,96,107,138,87,139,43,311,1009,335,279,74,551,377,389,835,536,275,83,191,483,715,760,446,8,428,494,371,90,14,59,2,137,157,49,316,672,720,432,106,509,452,472,233,153,164,104,78,237,260,14,211,285,127,136,250,65,165,316,223,22,142,36,201,301,235,66,502,410,411,619,155,225
32,176,277,563,121,199,281,1024,657,360,872,490,243,658,406,154,475,300,136,494,323,160,605,325,380,655,137,611,511,79,538,318,905,382,92,289,148,179,166,120,290,63,351,476,37,688,525,371,871,378,546,906,426,574,1067,550,580,1199,721,811,295,355,595,177,187,38,439,4,161,172,328,392,428,101,297,4,283,58,112,154,13,128,156,3,145,78,138,251,5,266,288,14,277,302,18,390,41,143,502,151,436,495,100,599,319,273,551,158,494,516,120,609,250,438,445,131,428,119,264,224,41,182,128,5,333,81,153,63,145,63,103,21,329,31,338,241,120,388,199,210,362,149,265,384,68,419,429,121,575,397,306,697,348,387,706,219,449,658,251,320,171,352,337,617,314,244,406,301,92,285,526,290,309,639,254,373,550,195,224,392,265,12,346,378,144,292,477,17,326,259,373,719,405,425,445,88,81,13,52,204,223,61,168,289,166,193,429,153,313,308,27,53,12,212,278,88,419,370,103,415,347,7,333,437,359,354,338,39,180,110,153,123,138,329,105,317,236,137,171,18,117,219,2,386,303,109,306,337,155,221,666,895,696,291,643,97
59,218,22,823,27,170,251,562,48,415,562,61,388,457,55,302,340,45,101,15,117,178,139,57,241,265,114,172,189,146,177,221,566,29,247,175,1,202,142,18,227,188,59,107,208,30,131,306,151,117,157,140,21,223,333,151,173,379,126,183,469,688,34,214,62,522,244,458,201,449,1107,539,332,398,18,251,14,425,169,643,45,106,260,258,9,45,324,220,140,297,75,191,176,337,388,148,359,65,233,92,194,131,361,45,576,27,168,239,500,103,259,219,72,78,460,48,5,297,26,48,79,89,4,133,11,401,113,243,202,94,297,176,219,158,47,111,29,177,136,203,105,16,140,202,340,104,422,139,320,202,161,7,45,231,300,131,82,150,138,200,75,177,337,43,74,12,905,70,222,103,8,189,66,186,330,7,484,346,146,98,311,145,531,85,191,188,47,69,181,26,291,192,305,538,147,59,352,353,525,170,211,323,200,9,709,465,0,96,67,109,445,240,15,15,148,227,640,333,305,192,25,395,37,71,510,412,79,384,332,508,397,203,222,61,130,546,392,385,392,140,705,132,206,404,124,86,601,798,139,424,93,258,428,21,408,11
25,287,267,451,625,173,495,713,907,5,419,95,13,57,715,92,883,280,527,9,953,869,61,617,985,619,135,691,96,435,449,157,316,903,221,491,18,981,186,599,102,445,671,249,777,281,319,220,506,56,965,12,195,32,641,157,1247,70,547,517,887,276,19,91,32,26,435,6,1165,599,1033,415,439,186,165,537,278,291,923,485,379,324,35,215,435,179,371,69,515,26,337,222,50,203,337,20,533,227,482,119,99,660,385,63,118,209,314,412,93,411,259,171,40,41,19,74,113,1135,235,179,125,543,221,171,109,309,145,39,163,37,211,171,108,98,79,263,74,243,527,807,691,533,132,109,119,121,375,9,821,547,181,581,577,403,147,187,573,203,165,97,288,815,15,665,173,4,168,198,29,481,499,699,28,769,281,281,52,276,24,340,431,209,230,500,123,372,15,427,345,467,275,437,177,280,577,48,392,1147,279,145,303,4,337,512,692,293,126,322,597,218,84,63,573,322,93,368,858,396,203,742,834,182,782,767,213,1190,1200,338,588,1402,804,124,771,1059,674,214,162,764,797,435,277,817,560,55,407,598,225,86,256,536,367,395,411,311,309,773
6,11,611,533,438,329,209,82,32,182,298,157,506,585,644,679,691,685,639,588,492,409,299,177,48,82,206,329,440,532,603,653,680,684,658,609,526,452,332,318,81,57,196,324,441,528,618,672,685,674,641,579,496,392,280,137,4,127,260,373,473,550,603,628,629,594,525,446,342,229,108,14,138,246,361,297,514,549,563,548,507,441,356,244,130,2,128,247,356,443,504,542,551,510,443,339,214,71,80,223,361,459,522,414,494,415,298,148,14,177,307,414,454,452,380,259,100,72,224,333,367,307,168,9,1,3,4,3,5,2,1,1,3,0,116,158,165,136,76,3,76,147,193,208,202,174,125,67,0,70,133,189,224,350,246,227,193,144,88,27,48,114,180,234,274,299,310,309,282,230,188,125,49,32,118,200,279,338,385,416,431,139,395,346,274,184,75,33,161,273,381,473,546,597,621,615,567,506,409,286,149,1,158,315,464,594,681,744,773,767,727,655,552,418,255,98,77,11,394,529,645,736,797,820,813,757,689,581,456,312,155,10,171,320,467,591,675,744,782,790,767,717,630,532,397,178,136,5,148,283,409,514,623,669,716,17
22,17,3,7,2,3,11,14,11,0,18,7,20,17,20,13,22,36,8,29,4,4,18,24,27,5,17,13,1,7,0,7,1,18,14,0,9,17,7,22,0,2,21,16,17,3,36,2,11,9,12,35,15,0,39,7,17,20,15,21,5,19,1,23,18,15,17,5,25,18,32,19,16,2,14,4,23,21,12,19,14,1,1,8,7,11,3,4,7,5,7,4,14,5,22,17,5,19,1,4,11,7,12,15,6,10,21,17,9,9,17,2,11,27,18,2,7,8,0,2,0,1,0,3,3,12,10,5,2,1,1,1,8,4,14,2,13,1,17,24,2,0,9,0,14,14,7,0,2,5,18,1,3,0,22,1,0,2,22,2,10,24,13,13,13,6,14,16,4,14,3,9,26,26,1,4,10,18,2,10,5,0,14,0,3,17,31,1,3,19,8,12,3,16,0,0,17,6,201,318,206,128,505,740,695,396,24,393,538,405,63,304,458,255,246,802,1093,933,367,333,880,1040,794,302,10,407,330,2,386,595,482,66,477,889,980,740,314,96,330,331,154,52,144,50,239,619,901,910,584,14,591,8,17,36,13,11
193,269,266,509,642,292,1163,281,165,297,180,1415,152,198,1343,175,227,597,261,185,296,821,28,1744,416,602,972,113,47,739,137,396,303,167,412,694,552,711,263,352,1281,111,168,119,477,86,545,364,489,650,451,1021,1292,184,560,2,630,938,379,178,58,679,7,307,387,453,61,510,159,410,714,187,489,234,221,227,90,63,67,91,238,76,200,235,174,85,23,119,167,38,522,334,392,908,30,929,140,556,1099,93,950,615,386,479,23,123,91,140,253,184,280,6,495,212,362,312,13,157,136,55,137,217,100,116,30,94,250,188,11,32,81,110,133,54,264,289,255,14,216,82,171,19,278,347,293,462,939,188,521,82,1204,366,55,120,81,20,65,105,540,262,182,443,95,863,189,37,470,201,68,581,579,71,133,4,271,733,136,512,721,621,1268,29,427,129,38,19,219,139,115,567,290,318,240,160,165,437,547,66,23,355,108,113,535,184,1067,763,535,682,74,944,257,363,532,486,342,528,36,706,119,720,875,431,642,414,323,285,142,282,335,355,346,262,23,44,386,853,1039,995,185,383,117,106,507,479,725,685,674,409,592,258,474,150,867,180,251,170
71,112,394,15,338,406,962,18,331,459,40,313,146,611,1479,429,309,38,588,294,102,146,50,313,278,163,347,592,496,34,403,518,251,584,32,163,32,364,1042,111,676,770,192,153,181,294,18,556,119,129,637,331,704,183,210,507,289,109,87,336,2,650,880,528,689,378,428,1115,112,341,522,52,53,499,383,677,780,63,203,560,11,1046,611,528,115,254,286,51,4,172,122,413,77,1035,327,67,72,660,334,414,544,68,442,259,331,37,356,66,22,172,341,40,255,338,77,389,333,56,2,163,212,84,243,46,12,14,5,109,147,57,52,112,67,49,244,19,240,54,262,463,160,42,130,118,252,354,393,203,144,202,385,718,540,6,730,455,109,54,357,106,536,493,44,167,51,29,259,144,113,265,826,6,316,166,193,489,434,99,286,63,381,345,366,602,192,130,99,267,770,526,972,325,196,514,165,671,163,139,556,185,395,236,75,9,20,297,469,177,259,543,427,169,633,580,28,648,717,150,612,856,260,614,810,193,1296,874,98,793,983,20,949,937,140,629,729,423,82,473,823,645,150,789,879,110,518,644,382,59,43,79,176,565,470,746,218,171
21,13,6,82,32,115,29,130,1,16,46,24,19,184,51,128,131,55,24,66,2,80,49,29,45,45,174,154,73,69,47,88,129,122,82,53,19,3,101,28,11,14,27,29,134,129,69,38,54,172,35,120,103,4,27,113,184,71,112,101,65,127,53,118,179,27,132,34,37,3,132,61,117,56,159,11,24,42,24,19,54,80,69,4,132,1,45,16,21,31,78,5,129,87,180,86,2,138,47,82,8,9,0,85,96,40,100,94,39,46,13,34,130,12,140,16,63,25,59,9,34,9,63,42,73,37,2,30,8,11,8,13,12,8,374,251,48,173,330,402,346,212,109,42,29,130,224,262,175,69,457,847,1199,1269,1056,590,10,596,984,1117,23,738,385,137,44,72,246,362,335,80,319,729,1011,1089,953,684,402,187,62,43,57,37,123,429,794,1153,1348,197,9,83,219,52,26,40,50,56,7,70,110,62,33,42,10,56,76,77,226,1,94,128,117,51,24,58,46,168,269,11,29,18,133,45,7,99,93,20,23,40,30,108,104,120,7,144,68,44,70,119,11,48,98,84,155,58,2,183,14,91,7,61,12,22,28,41,4,26
15,0,1,2,0,0,218,213,119,45,261,478,627,686,624,443,166,170,534,875,1107,1228,1210,1068,858,595,333,94,114,304,472,621,0,781,742,595,349,39,285,559,698,651,417,61,345,719,979,1057,1018,820,526,185,152,460,704,860,937,951,920,2,4,6,5,0,6,2,1,3,1,4,0,5,3,0,1,0,1,5,3,5,5,1,1,1,1,3,0,2,1,1,1,2,1,0,4,1,0,2,0,4,4,2,0,0,1,4,2,1,0,2,1,2,1,1,4,2,2,0,2,0,1,1,2,0,0,3,0,2,1,1,1,1,1,1,1,1,2,0,0,0,1,0,0,2,2,0,1,0,0,2,2,5,0,0,1,0,0,0,0,0,2,0,1,0,0,2,2,1,1,0,0,1,3,0,1,1,4,0,0,2,0,4,1,3,2,2,4,1,0,0,1,1,1,1,0,2,0,0,1,1,1,3,0,2,2,2,0,2,1,0,0,3,2,0,0,1,1,1,0,4,1,1,3,0,1,1,4,1,3,7,0,0,5,1,4,2,2,0,2,2,0,0,9,4,10,1,0,4,0,1,0,3,0,1,0,1
75,573,157,424,137,396,66,161,201,341,78,603,780,160,16,61,223,19,222,653,432,268,246,629,121,328,764,753,1121,369,457,289,247,27,140,358,637,111,250,331,78,479,583,592,335,185,342,228,552,631,110,413,189,98,846,429,462,592,635,354,196,760,82,660,613,56,182,398,319,112,94,569,547,675,216,831,26,210,681,1181,120,47,360,223,578,51,493,486,202,449,444,35,972,192,192,616,341,165,154,61,338,171,150,142,164,20,809,315,215,51,328,389,573,275,309,96,328,157,266,306,32,176,19,172,50,116,57,14,155,22,70,0,192,157,43,39,351,473,25,110,8,405,40,46,136,36,493,490,260,1260,28,106,304,245,382,181,705,760,28,664,9,228,296,258,51,269,185,476,265,337,257,213,239,369,695,240,229,119,171,186,291,642,511,944,22,116,1087,84,144,304,675,365,671,438,289,44,863,164,411,133,115,374,301,268,111,408,42,385,254,265,671,278,148,390,527,332,529,310,220,1025,193,627,389,374,938,17,1002,640,173,1198,285,884,625,177,782,969,520,463,743,141,682,191,490,66,599,855,247,114,33,381,52,186,258,186,378,189
51,26,63,701,144,499,705,556,141,849,120,379,125,315,396,143,511,219,195,1205,613,1095,545,1811,685,646,741,423,118,309,1669,71,419,435,469,284,415,176,373,309,412,1305,395,323,366,77,827,653,297,93,661,397,411,563,115,413,411,424,561,200,273,963,621,263,669,881,405,343,453,757,1852,480,1214,1235,115,439,9,77,638,573,269,768,629,78,715,707,177,624,196,127,420,30,515,790,488,652,280,599,934,1659,870,1081,1853,976,883,1906,1168,526,1836,1349,595,1991,941,934,1615,322,1104,1047,155,750,340,63,260,242,443,219,146,155,28,149,94,177,53,42,215,247,207,131,288,59,551,313,206,613,22,635,67,509,763,122,215,603,250,178,144,269,179,545,563,30,195,451,495,683,961,443,32,277,267,301,785,387,123,407,53,172,135,161,387,328,224,28,406,319,344,69,335,499,285,86,259,653,541,635,1175,505,275,377,623,157,203,355,159,201,361,699,59,77,373,921,491,533,573,839,395,347,1087,63,139,73,804,295,361,897,1129,391,739,379,343,158,228,1681,146,1349,14,517,1123,332,393,1257,425,885,769,325,132,247,323,709,135,179,315,238,571,318,603,101
35,31,180,291,169,23,1776,1790,129,1651,1124,647,1576,940,299,905,556,292,1098,1039,18,988,695,676,1388,600,663,818,199,895,653,94,228,174,267,321,88,14,73,142,144,511,103,630,787,144,1110,803,487,1256,607,757,1225,516,754,1132,351,618,960,139,187,75,44,124,227,373,585,685,811,673,552,535,110,581,437,13,242,358,208,170,480,328,224,520,202,220,297,38,69,50,201,369,172,407,448,313,126,428,758,858,339,1314,705,814,1198,61,1443,1021,570,1339,250,1241,1074,335,1044,251,749,603,190,495,68,397,428,256,191,57,6,63,47,126,68,159,80,179,141,63,20,291,223,254,311,277,352,185,61,15,406,547,521,281,237,284,253,477,395,227,1011,99,25,207,239,376,199,111,377,665,40,432,135,471,129,335,137,277,625,443,1,707,248,537,311,74,539,1117,893,173,169,128,154,283,607,5,577,26,259,529,672,49,168,411,603,288,157,81,329,409,149,440,122,601,195,485,75,24,118,171,125,293,607,66,491,116,293,302,501,381,795,717,253,779,308,183,169,177,203,233,813,707,235,49,281,175,229,379,67,769,369,333,72,689,1263,140,453,215,385,118
88,248,45,410,73,213,123,378,209,147,506,2,257,994,910,1319,793,73,753,289,108,40,447,792,173,840,108,659,288,206,1000,168,155,1091,363,429,250,196,361,700,735,292,241,1389,1184,251,108,154,16,708,382,54,571,215,833,504,191,751,61,305,730,160,77,532,178,255,250,192,490,198,372,566,566,199,175,92,122,778,582,248,224,715,67,49,371,19,721,5,394,119,98,524,144,25,14,200,680,399,258,449,143,619,352,29,29,921,164,230,483,353,1074,599,218,29,416,257,188,646,192,54,54,123,219,272,176,338,36,60,102,70,99,7,18,303,64,226,87,272,151,521,493,345,424,237,162,73,403,573,231,200,99,306,124,26,112,302,450,61,189,139,360,229,130,56,354,342,127,431,278,616,1357,1,277,622,244,496,383,463,391,692,332,301,74,202,626,1055,510,733,161,396,32,233,497,287,844,689,255,378,362,471,421,86,512,245,680,150,153,357,46,618,219,753,372,633,550,386,805,15,963,6,703,273,410,483,203,511,147,456,24,105,84,5,606,207,688,337,989,100,1037,99,756,269,787,523,633,458,439,654,97,639,109,130,504,293,187,217
205,433,36,464,433,501,334,1211,355,1313,136,1046,754,513,998,298,846,498,38,1056,191,1158,378,829,980,328,600,182,633,271,633,131,87,326,194,91,71,245,105,143,20,176,416,311,411,702,504,545,534,398,311,336,22,123,246,388,123,549,191,73,459,169,683,309,685,22,144,117,167,166,1031,253,504,437,371,168,193,109,291,355,294,239,163,344,54,391,244,151,318,132,384,222,69,398,215,332,316,266,618,150,473,500,335,740,69,912,450,728,697,648,889,363,940,125,777,82,687,212,536,123,430,81,287,301,139,62,10,165,261,76,291,89,106,119,258,27,365,263,282,232,275,427,153,520,464,401,484,220,733,349,454,532,151,572,232,338,715,218,740,517,104,803,465,652,143,250,20,45,80,501,253,637,457,717,502,436,494,45,417,84,121,82,335,266,351,318,53,267,23,353,85,645,853,431,427,352,479,610,184,162,316,340,115,439,267,259,445,37,671,366,194,528,56,623,70,222,303,515,7,410,349,536,567,333,727,262,389,116,205,23,46,147,165,664,12,715,87,537,131,461,110,300,233,222,534,19,570,21,450,223,459,103,279,427,725,121
39,196,389,695,178,203,1191,399,123,61,612,164,796,609,481,390,394,77,392,479,375,379,451,706,594,752,163,233,605,370,1081,20,181,220,619,580,1102,208,376,227,931,134,347,272,221,189,171,122,18,504,108,16,306,124,386,126,226,445,810,320,789,328,403,1260,517,276,103,843,164,376,50,528,130,82,144,680,166,142,326,123,19,23,580,113,7,290,178,479,16,148,416,427,19,618,557,147,497,11,222,595,64,126,138,344,304,451,154,25,362,406,616,236,241,273,158,449,80,157,259,26,255,181,19,309,32,70,165,81,74,191,387,144,91,35,243,8,303,21,293,412,476,131,101,9,171,98,271,269,15,316,587,65,85,504,295,148,542,32,105,595,604,517,361,52,104,126,619,376,154,460,88,284,343,471,434,185,431,379,514,327,51,138,147,5,33,466,26,104,269,375,365,153,127,50,31,411,15,293,244,453,117,62,141,64,86,201,196,235,25,263,354,76,633,617,75,635,625,61,731,910,228,1025,487,769,543,67,811,759,68,1051,932,472,1170,485,761,470,160,161,112,449,204,347,287,121,167,0,283,63,93,408,84,549,261,71,7,462
27,122,1053,700,176,336,750,941,1028,957,659,376,172,43,61,161,353,492,533,363,95,303,751,1031,1260,1345,1141,768,285,169,594,805,796,729,527,317,158,101,148,251,419,531,558,411,150,193,547,888,1063,1121,958,703,330,35,347,523,633,565,465,324,196,152,172,237,313,386,389,279,84,178,460,693,868,894,820,569,287,28,330,560,671,672,600,468,308,129,22,50,66,98,105,121,154,217,285,327,362,323,249,121,50,220,377,485,526,486,373,191,10,202,362,458,477,416,271,103,66,215,273,275,180,28,102,4,2,1,5,1,6,0,1,1,3,2,90,190,257,263,231,153,41,80,199,287,337,336,293,198,64,77,214,327,394,409,362,263,118,47,207,331,395,420,362,262,142,7,106,187,224,211,160,136,96,89,104,168,219,265,264,207,76,110,344,542,695,760,690,530,277,10,302,516,661,692,639,500,337,206,108,61,69,70,56,10,150,351,600,767,890,948,808,485,173,236,592,813,961,992,800,724,386,123,94,180,78,12,2,83,202,441,735,1000,1176,1203,1024,654,138,418,855,1209,1245,1251,946,610,296,45,65,46,19,125,185,88,86,370,738,0
136,18,488,387,246,90,77,247,408,562,688,266,854,887,891,857,803,722,622,511,388,255,133,20,81,166,225,255,257,236,180,105,5,100,217,327,432,510,573,606,627,628,609,592,564,538,508,486,457,433,407,378,352,324,293,258,223,181,136,92,50,4,34,71,106,137,160,172,174,167,154,120,79,27,34,15,178,247,321,394,452,504,535,552,555,534,485,426,334,228,110,7,122,226,309,372,407,423,415,384,340,279,219,102,100,48,16,6,9,4,16,51,90,136,174,208,224,223,199,153,101,37,15,9,35,8,2,30,22,15,31,24,19,16,60,57,74,119,181,262,350,428,496,531,536,501,442,358,258,155,61,19,69,741,86,44,21,97,184,268,333,381,408,405,369,307,221,118,7,123,249,376,485,577,644,672,671,632,562,461,345,271,84,45,169,289,391,484,553,599,624,624,598,550,474,382,267,139,6,153,308,457,600,728,832,913,965,989,983,951,881,796,681,547,402,249,90,531,205,333,438,527,591,627,632,608,548,461,343,194,38,143,324,508,688,846,976,1078,1135,1163,1149,1091,1000,877,725,239,386,204,26,136,282,404,500,574,615,55
117,273,747,21,122,795,170,489,58,172,182,48,33,162,162,92,366,369,236,452,367,277,99,183,17,129,562,138,83,495,406,504,432,106,2,256,513,89,414,401,291,142,279,123,305,546,16,92,72,242,101,840,612,139,27,259,81,163,25,218,41,147,149,19,51,10,21,431,504,627,254,255,681,697,265,321,623,513,121,138,284,172,48,1,139,291,150,193,465,511,362,17,383,664,678,295,242,770,889,545,103,647,772,521,235,34,424,752,677,202,377,688,648,338,152,647,761,409,214,651,613,220,324,556,264,194,66,134,84,2,123,153,254,70,239,233,14,75,118,10,268,87,141,10,61,263,411,107,267,332,125,644,298,204,123,780,496,78,239,165,228,187,336,281,234,256,194,75,119,120,222,248,81,548,291,313,288,330,345,241,619,20,108,631,223,1004,786,330,170,114,465,309,381,163,678,342,417,120,384,284,181,519,166,338,249,838,53,59,477,124,265,161,16,129,327,37,228,130,563,96,659,473,281,258,129,384,800,217,147,241,689,52,359,343,285,209,127,199,525,236,350,239,47,219,368,226,297,482,79,717,231,32,475,69,503,565
54,148,217,1105,115,263,1198,785,586,1098,284,664,710,96,280,322,306,233,156,692,535,211,846,703,264,890,524,235,581,415,31,288,809,182,108,398,300,82,243,82,0,101,100,260,515,199,543,836,173,627,802,110,543,610,225,332,500,240,101,405,609,597,185,523,36,117,571,193,343,360,369,143,546,250,230,305,15,100,118,100,301,444,45,630,473,296,684,236,348,404,25,35,57,80,415,287,1047,778,312,534,888,248,506,739,238,399,615,292,298,510,208,340,462,68,503,314,262,553,139,384,424,59,206,197,72,239,89,73,139,99,135,179,295,197,25,273,183,56,241,225,39,287,518,197,470,776,237,693,899,151,675,743,154,417,521,339,5,361,549,254,341,611,143,369,338,50,69,101,43,418,319,421,790,226,645,777,32,568,377,102,192,35,89,354,255,219,509,65,378,469,25,1017,546,257,178,447,619,449,161,791,674,216,240,444,573,320,298,790,623,65,675,644,108,428,618,402,49,533,624,132,630,715,15,710,227,234,633,156,459,318,257,421,33,430,139,291,409,47,366,311,183,348,160,237,168,118,112,227,216,432,705,41,336,319,185,69
36,11,193,359,8,30,257,389,464,446,378,273,121,76,365,628,911,1172,1454,1548,1591,1455,1367,1234,1133,992,753,556,376,173,5,139,2,355,476,596,643,802,983,1111,1216,1207,1172,1163,1149,1112,1166,1160,1207,1260,1248,1178,1165,1040,846,625,459,205,6,307,295,146,175,88,43,147,240,181,281,43,122,273,84,70,45,265,171,23,92,150,92,49,304,220,155,217,247,222,85,118,33,64,57,4,102,9,119,87,141,80,311,311,187,23,365,200,77,35,102,160,111,130,151,193,12,89,217,12,120,33,127,150,28,12,73,8,91,74,98,35,73,4,5,28,154,22,77,0,95,110,168,103,16,1,51,88,208,116,191,125,105,255,23,272,28,1,113,73,200,88,36,9,153,266,4,105,91,133,255,67,105,141,248,70,12,403,12,189,195,171,0,514,9,9,161,288,82,67,271,4,30,5,163,33,54,2,70,15,137,28,118,78,32,167,425,64,281,101,372,12,33,171,470,61,342,33,335,112,258,11,47,191,182,43,68,215,56,300,63,14,5,109,171,180,154,157,102,157,96,369,185,124,30,285,108,309,146,341,275,43,47,275,105,465,178,81
124,8,639,509,447,677,705,866,258,442,631,312,314,517,371,25,325,415,395,124,201,439,520,1,531,632,117,403,442,111,214,178,969,24,100,92,41,179,100,6,50,111,332,408,75,502,710,295,463,875,608,96,776,919,433,228,759,903,647,583,393,173,619,88,415,345,200,391,421,599,119,552,361,149,554,423,22,263,240,162,103,24,147,282,276,19,242,184,70,180,191,89,477,508,3,610,575,108,557,842,453,353,896,691,55,661,849,318,407,768,487,232,668,537,42,496,481,0,368,309,66,312,237,199,96,179,63,29,137,25,65,243,103,20,43,274,333,141,159,368,288,69,436,442,54,483,596,203,417,735,444,69,551,547,246,81,363,467,368,83,116,620,157,367,483,250,67,53,68,478,605,230,372,830,536,108,493,556,352,31,337,555,485,168,329,627,692,276,277,749,675,74,258,254,605,439,214,773,906,407,388,684,520,215,93,186,247,345,150,134,282,148,111,57,48,284,401,23,499,665,213,412,700,421,557,448,492,25,181,128,87,44,233,172,164,490,484,75,464,527,248,73,145,330,270,154,19,35,212,158,288,320,166,394,89,7
6,8,593,484,350,195,32,134,283,411,537,148,674,689,667,602,506,387,234,76,91,243,387,506,601,658,680,653,619,516,392,246,84,83,244,388,526,619,674,847,661,591,491,358,201,41,150,311,445,560,636,669,657,601,515,381,248,73,92,251,392,503,582,612,620,569,468,362,224,70,84,232,359,471,540,459,553,505,419,304,167,19,124,276,382,486,533,543,508,428,307,157,6,179,322,442,521,547,515,436,294,127,70,495,386,484,516,479,377,220,36,140,292,410,445,400,279,100,86,253,349,327,205,3,0,2,1,2,3,0,0,0,0,2,132,163,155,107,29,52,137,190,209,193,148,79,0,83,151,211,234,226,203,353,88,11,67,147,209,257,276,280,240,188,123,42,46,132,217,275,325,344,342,312,256,175,77,29,143,253,344,157,460,470,449,391,300,192,47,107,256,390,503,577,618,606,558,452,332,162,19,207,387,544,662,739,758,724,634,501,335,140,67,283,464,614,729,1200,803,757,665,529,356,164,51,256,436,597,716,790,816,786,702,591,429,244,48,149,332,492,625,711,759,771,725,90,510,356,191,13,164,320,484,599,677,12
2,15,13,12,5,0,784,434,77,650,1155,1488,1617,1553,1323,980,567,179,166,434,561,527,365,125,140,338,443,431,297,94,119,288,3,344,223,23,351,702,1000,1197,1266,1195,1010,770,546,377,258,176,126,77,10,100,235,374,496,567,554,440,240,7,23,4,22,40,0,8,2,16,14,35,8,22,0,5,1,2,3,36,25,2,44,9,12,9,2,20,15,17,2,35,8,17,9,16,28,7,13,6,19,14,3,9,26,8,25,5,21,1,24,11,30,2,8,15,26,21,21,28,2,11,9,15,7,0,4,3,4,8,7,2,3,2,4,5,2,0,5,10,9,20,3,4,8,21,26,5,24,11,31,24,3,19,10,27,7,28,11,11,1,21,4,7,13,5,3,3,5,0,9,4,2,16,6,12,5,2,36,12,9,6,12,18,7,17,6,3,11,19,0,33,16,8,8,15,0,20,8,15,0,25,4,26,9,9,43,0,6,3,3,2,24,0,35,27,3,25,19,53,18,7,36,10,4,15,20,9,45,37,0,17,30,3,24,6,10,3,28,6,11,1,5,26,6,34,3,15,54,47,14,14,17,17,20,18,3,18
29,28,39,37,28,205,139,134,16,245,220,188,138,43,40,263,176,9,175,204,96,112,70,334,183,284,206,254,111,128,23,9,108,63,134,55,27,123,84,123,150,40,1,54,125,296,32,50,165,115,278,387,237,57,325,131,105,21,329,56,37,34,157,62,127,155,33,213,187,37,175,559,385,148,587,451,155,616,467,150,694,621,133,895,828,22,814,917,159,723,820,67,642,598,35,637,12,160,683,526,254,724,355,431,650,18,707,538,367,920,438,549,1003,413,606,897,257,582,620,33,507,231,271,81,58,4,22,65,74,97,10,30,79,115,77,22,11,13,55,24,22,46,8,96,91,224,213,104,14,125,112,17,6,95,6,105,89,86,200,134,87,76,177,70,174,49,129,190,52,185,273,48,177,199,138,136,60,43,47,33,388,38,87,51,81,45,35,153,46,71,73,246,244,291,95,130,270,27,169,11,68,65,262,217,97,77,10,120,25,135,237,67,120,201,292,121,186,95,36,166,12,299,266,12,140,99,259,286,166,233,355,77,100,81,46,175,327,11,233,269,140,57,117,43,47,16,400,127,304,142,62,392,113,201,138,20
9,399,853,39,136,187,578,208,509,199,45,425,799,588,493,1946,528,266,20,1319,148,850,317,478,536,641,619,1289,254,184,187,136,261,484,358,111,56,191,542,376,68,393,232,599,1102,459,380,695,545,369,50,375,1025,405,195,366,728,244,54,82,824,489,83,475,479,195,546,318,358,373,154,112,526,1187,654,197,43,110,860,573,563,188,521,261,1000,32,266,115,1194,306,33,189,147,383,341,337,915,77,701,608,367,105,11,614,219,363,80,276,823,775,486,91,246,229,138,92,193,129,129,283,552,158,230,155,95,66,213,94,88,43,150,88,113,205,144,319,424,61,120,208,598,101,19,370,225,19,938,337,71,317,23,652,71,195,564,26,459,137,804,154,22,441,50,86,554,1048,397,658,621,337,823,392,164,86,935,834,304,118,428,229,45,436,5,313,543,745,535,608,986,750,164,862,636,376,481,460,565,243,1030,65,417,487,32,571,48,284,278,355,580,757,574,698,359,136,92,510,235,956,489,1017,706,656,997,92,790,401,906,727,668,1085,138,1142,345,940,463,374,7,228,448,572,639,540,371,287,143,30,55,261,42,168,74,60,338,594,333,214
287,524,132,107,437,100,379,66,281,469,140,597,36,415,162,332,9,352,94,36,14,216,608,255,226,439,168,876,119,203,641,568,233,431,255,606,794,289,598,354,144,347,448,831,398,131,251,329,76,535,245,539,398,392,169,168,218,163,96,791,258,130,247,591,153,44,494,201,307,508,22,606,564,76,621,541,68,533,431,36,239,198,53,56,14,144,322,184,211,468,269,236,597,291,324,644,293,317,644,294,313,519,291,112,366,376,60,336,480,109,409,583,67,620,602,151,783,482,396,814,247,559,594,58,450,188,272,28,79,78,6,158,165,69,374,35,128,195,219,553,212,354,65,188,141,101,39,428,144,115,221,201,539,283,465,126,600,12,38,246,108,548,220,158,211,127,137,295,59,218,464,363,37,478,334,353,204,323,149,346,332,364,300,71,119,391,297,77,117,309,801,341,194,686,187,268,206,267,45,337,424,453,386,122,435,407,160,388,157,260,77,74,529,219,253,178,751,20,311,940,33,236,265,447,166,182,450,3,69,66,147,85,85,564,257,137,284,29,470,668,353,498,60,289,171,343,77,275,630,82,161,139,562,155,269,344
43,6,327,457,47,35,369,244,724,802,396,207,680,659,322,215,474,477,249,85,260,345,420,195,207,511,567,281,166,467,514,338,371,177,342,397,185,75,113,76,24,234,408,378,62,680,903,521,326,953,1027,401,347,838,929,529,167,775,1014,305,261,497,515,105,1119,829,203,83,215,290,661,784,368,151,418,354,71,18,88,46,130,409,323,75,175,349,180,131,96,27,298,555,474,52,599,822,575,181,669,786,434,63,533,803,575,36,622,842,485,226,709,677,142,379,598,383,0,331,386,222,37,266,257,233,143,139,57,123,219,109,355,66,203,501,298,276,94,138,263,289,224,71,202,501,586,217,389,786,654,122,469,753,560,175,164,508,637,465,42,505,353,531,104,229,446,458,394,205,151,608,754,449,170,706,737,329,239,532,455,258,23,201,340,333,227,4,283,535,469,943,493,299,569,643,109,253,481,171,538,588,396,23,493,760,647,207,333,756,756,350,134,502,510,249,23,104,155,95,79,151,134,10,156,256,1636,103,67,135,151,91,118,120,3,190,374,267,37,331,511,273,117,412,307,15,164,176,139,22,13,109,135,453,125,46,655,190
79,289,127,214,315,167,169,303,651,66,765,209,345,925,246,659,357,785,665,240,1067,429,68,311,298,595,617,296,171,519,156,153,1541,267,365,595,959,473,847,1041,881,64,532,204,653,232,410,89,971,1063,400,150,765,233,631,335,157,10,421,20,985,12,39,124,677,194,565,279,244,17,223,589,417,203,25,451,551,475,531,67,693,913,15,207,460,247,58,407,194,479,519,43,537,877,359,533,255,385,224,60,417,499,371,717,201,497,571,213,81,47,12,211,179,213,397,37,62,179,236,110,321,14,84,295,100,166,207,139,95,145,193,194,254,385,28,21,90,49,107,167,99,21,180,172,147,536,286,151,823,826,366,702,1519,1306,283,800,1096,847,366,3,149,310,606,763,320,6,149,524,767,634,262,332,604,401,56,136,99,67,282,132,249,480,225,471,927,840,635,597,50,471,97,134,309,31,603,171,697,41,0,2,463,563,611,344,80,599,553,1119,51,531,184,104,687,257,481,659,308,1023,157,821,639,1027,159,36,417,63,41,369,711,497,745,283,111,759,793,557,1,223,199,453,438,125,429,17,103,673,49,296,237,639,115,443,554,955,229,695
58,278,97,933,660,314,110,1061,1147,442,664,1322,839,155,659,558,86,201,100,261,21,249,591,567,66,668,745,385,296,416,435,507,53,254,542,309,145,251,378,612,161,334,543,350,15,309,434,198,240,94,286,498,430,216,529,882,573,104,734,202,278,199,758,1042,227,399,1500,13,306,454,343,47,770,621,531,1873,524,182,300,184,643,205,196,893,117,337,286,140,829,382,416,614,250,283,621,564,157,199,376,660,384,365,59,848,463,160,1028,75,680,761,558,469,317,368,224,281,244,87,342,444,25,368,190,101,58,429,185,146,514,146,261,104,78,238,317,39,134,137,292,171,109,22,264,519,696,33,207,432,25,348,519,967,960,315,176,235,677,1028,944,281,441,390,623,227,545,1239,115,292,95,494,190,584,955,191,58,789,92,354,317,637,398,522,18,185,376,238,109,587,399,250,36,1109,379,547,553,1233,713,672,361,1731,146,969,106,247,460,340,885,134,78,925,342,143,47,466,222,191,817,2,362,298,688,1539,1087,112,854,253,566,769,140,510,500,542,668,444,219,50,564,42,927,744,219,1606,373,146,364,725,680,1064,430,244,541,447,882,434,795,309
123,66,537,377,165,70,287,459,551,546,452,474,57,191,401,564,652,654,581,448,286,125,2,80,99,63,8,104,187,247,260,206,113,23,180,323,424,466,441,372,219,73,69,182,255,283,288,278,273,272,297,319,340,341,326,281,211,121,22,83,162,223,244,219,154,56,54,161,248,303,321,305,271,217,178,572,144,164,219,291,374,447,504,518,477,382,233,60,114,255,338,350,280,159,2,153,291,369,384,343,252,135,16,365,145,164,138,88,20,29,46,22,38,119,191,232,226,166,73,38,130,177,175,26,23,19,12,2,35,14,20,6,2,34,6,33,29,2,33,35,23,149,326,523,684,769,743,616,414,181,27,165,198,795,2,181,346,457,483,410,261,62,144,303,384,374,263,93,109,304,444,521,509,430,292,129,39,186,296,347,331,253,136,5,132,227,258,226,130,3,151,286,384,436,438,390,299,170,20,144,296,415,478,468,370,207,17,249,465,638,740,769,724,624,477,323,174,514,6,16,55,164,302,439,548,599,590,510,373,184,15,211,369,460,466,374,191,63,350,627,842,969,977,874,682,221,182,37,192,265,246,148,5,188,367,35
37,19,651,1001,1165,1195,1034,617,184,312,711,1019,1145,1056,861,493,232,4,89,78,36,198,278,235,98,186,548,941,1132,1241,1223,923,397,85,532,936,1092,1029,693,461,273,78,22,25,83,219,293,276,142,73,362,687,920,1031,994,780,479,91,310,618,826,899,808,649,419,189,29,81,113,93,46,33,38,125,257,416,558,636,637,520,330,72,228,512,719,737,752,636,450,205,39,271,430,540,573,515,405,272,120,25,135,240,308,314,302,252,177,83,11,122,196,251,272,233,154,29,104,239,329,344,294,144,33,5,8,2,2,3,1,1,7,4,8,2,117,44,60,169,257,305,299,244,157,45,72,178,272,327,344,298,218,96,48,194,320,406,421,404,302,170,5,174,304,410,445,409,318,199,59,63,162,229,244,223,166,120,107,133,183,259,297,298,263,137,52,276,516,677,804,792,654,418,124,186,470,652,741,718,590,437,281,147,44,17,20,18,15,74,243,440,646,749,931,922,656,381,9,382,726,1211,1319,1168,1004,649,289,26,170,298,197,140,104,115,254,484,734,1005,1083,1116,923,523,31,488,924,1235,1319,1207,937,580,234,36,173,245,143,11,38,15
15,9,0,14,19,13,18,0,50,5,29,19,2,43,0,39,16,2,9,45,1,3,18,13,32,52,26,20,12,36,12,44,12,14,11,37,15,28,16,7,12,2,18,18,28,32,51,32,7,40,2,18,27,39,12,26,11,10,10,3,13,43,4,9,16,18,14,33,14,18,10,30,2,22,33,45,26,26,4,19,6,13,5,3,11,32,14,8,14,9,35,7,15,10,19,3,28,28,30,10,10,0,11,41,60,10,12,39,1,9,30,28,4,2,2,10,29,12,23,21,23,21,13,2,8,5,4,11,1,6,13,14,6,13,10,2,6,9,10,27,0,12,7,15,10,0,29,15,4,1,20,6,11,13,3,15,43,22,27,1,7,4,27,7,20,31,2,12,13,31,15,24,20,13,53,32,9,29,21,18,15,26,15,11,28,15,1,2,11,6,11,16,13,8,33,5,3,0,42,288,667,918,906,617,145,363,756,913,796,448,33,469,671,494,31,743,1403,1742,1623,1102,358,372,898,1044,7,440,70,471,614,421,57,668,1192,1453,1385,1026,524,41,289,391,269,15,281,490,504,251,218,790,1325,1650,1629,9,20,10,6,15
198,75,591,146,375,693,52,357,315,244,179,854,514,1,327,971,76,289,491,585,261,87,139,765,653,450,164,397,916,1098,262,550,517,49,189,550,1070,210,50,716,168,198,185,549,345,312,63,459,137,775,389,250,543,376,517,609,184,133,1057,128,130,117,167,394,46,292,75,103,213,67,412,390,554,10,377,389,203,138,81,28,120,154,249,286,102,91,293,189,154,42,359,534,96,662,952,125,284,877,530,1009,464,562,698,173,333,305,120,185,126,550,222,359,478,131,394,202,64,173,177,142,139,518,17,16,116,255,46,72,273,123,77,149,21,70,50,241,15,453,253,391,68,494,130,219,35,261,272,225,59,496,168,105,114,123,239,515,701,306,1567,379,874,361,612,79,140,538,621,1115,77,419,97,138,365,163,164,379,264,56,483,823,184,576,740,141,229,74,320,450,70,626,241,512,2,841,786,483,270,1049,329,116,268,699,653,86,691,50,21,179,257,829,325,234,113,257,717,387,541,565,559,461,494,85,150,303,277,518,140,1020,394,63,19,1129,362,20,893,315,616,700,448,66,137,960,896,581,77,239,125,509,347,198,238,277,435,46,550,211
8,85,32,129,87,52,11,133,61,0,40,20,99,1,70,14,92,54,40,0,99,11,108,104,64,17,73,11,163,124,101,14,144,259,72,58,35,139,85,0,75,47,35,29,68,165,85,94,13,73,33,61,78,58,93,20,73,146,56,61,11,16,102,81,53,43,7,17,59,75,61,45,219,34,25,87,36,15,186,132,53,52,53,119,18,93,49,28,137,132,54,8,35,28,122,81,12,169,56,14,4,171,40,54,109,143,22,7,73,81,17,30,101,24,75,67,64,5,28,5,28,16,12,51,47,16,75,15,11,17,37,14,38,14,321,444,338,59,241,372,304,120,32,64,8,46,32,281,553,672,458,147,830,1265,1152,505,371,1051,1205,877,77,271,542,474,311,246,349,552,538,175,420,924,1103,853,338,190,517,584,512,446,434,427,259,159,707,1174,1271,11,51,33,10,34,198,16,52,215,15,132,34,48,120,12,101,108,179,3,239,134,38,113,71,167,53,10,51,129,47,40,19,113,40,83,38,34,163,0,17,13,44,95,82,17,57,46,18,191,156,37,56,40,28,114,85,103,112,58,54,14,63,26,50,94,75,93,7,31
2,1,1,3,0,2,177,219,191,74,113,334,546,716,799,775,639,399,88,268,621,932,1115,1203,1176,1075,948,785,618,460,298,127,2,264,465,624,710,682,522,246,100,459,744,889,862,672,366,1,364,690,945,1081,1135,1083,981,806,618,442,279,4,1,6,1,1,4,3,1,5,2,1,4,0,4,0,0,4,5,1,3,4,4,1,1,4,5,0,3,1,2,3,0,1,2,0,2,0,0,0,3,3,1,0,3,1,0,2,1,1,2,3,2,4,0,1,1,2,2,0,1,0,1,2,1,2,0,1,1,0,0,0,2,1,2,2,0,0,0,1,5,1,2,1,1,1,0,1,0,1,3,0,0,1,0,1,3,2,1,3,2,1,1,2,1,2,1,0,4,2,2,0,4,3,1,0,0,4,1,1,2,1,1,0,1,0,0,2,1,0,2,1,3,4,4,1,3,0,0,5,0,3,1,2,1,3,3,4,2,4,0,3,1,3,2,3,1,6,1,1,1,0,3,5,1,4,3,0,1,3,1,1,4,3,2,3,4,1,0,0,2,2,1,2,10,5,9,2,0,2,10,0,1,6,1,1,0,0
21,1,693,605,450,242,7,231,432,596,676,475,605,456,256,24,208,416,569,664,664,602,457,262,33,198,399,567,661,677,600,458,260,28,210,420,586,666,676,461,427,216,20,258,464,592,675,658,546,372,146,93,319,503,622,657,603,475,273,39,193,390,535,612,604,507,342,141,79,287,451,557,581,514,399,537,6,200,381,504,555,525,424,246,51,171,356,490,545,515,407,218,10,220,392,516,539,467,304,90,159,358,499,564,457,277,45,191,379,479,462,340,128,113,306,416,397,256,34,186,330,332,184,1,1,0,0,2,2,4,0,5,1,1,57,36,129,179,164,92,20,120,190,211,176,99,3,106,189,237,214,176,86,47,123,208,255,257,219,136,30,83,186,257,291,279,222,130,8,107,218,308,354,345,280,172,29,108,256,359,428,142,377,258,91,95,289,421,518,552,486,353,161,61,287,478,610,659,617,475,263,8,260,497,675,757,725,597,383,110,179,449,663,789,796,703,498,605,54,341,584,748,815,780,640,411,121,168,437,647,774,806,736,570,319,29,238,483,665,764,766,675,496,265,7,394,489,657,741,733,636,467,237,3,256,1
18,3,494,363,209,42,124,284,418,536,624,305,682,652,586,482,354,200,56,116,260,403,522,610,666,677,651,566,492,350,197,33,139,299,442,548,627,672,671,578,550,432,293,132,38,211,360,497,598,651,664,634,560,450,309,155,17,182,335,462,554,606,618,593,511,411,276,122,34,189,328,442,524,564,575,597,450,343,207,57,97,238,357,467,525,540,520,454,347,209,53,112,265,410,496,541,532,465,348,190,9,184,333,629,516,510,437,309,142,38,221,354,447,450,374,229,45,147,294,365,344,221,38,1,5,1,1,2,1,0,1,1,2,1,106,153,166,133,61,31,111,172,208,200,164,101,24,57,129,197,228,236,213,382,108,32,49,128,196,246,275,279,253,206,144,64,23,110,189,267,309,339,343,316,261,183,86,23,128,236,332,158,458,470,448,388,298,180,32,102,255,392,508,584,621,604,544,435,303,130,55,241,417,566,679,734,748,701,602,456,276,74,136,332,519,657,765,1208,795,731,617,459,271,71,155,351,509,657,754,802,799,740,631,491,306,117,76,269,441,584,692,748,769,741,663,23,397,230,55,126,300,462,586,656,705,3
113,168,529,868,667,997,131,73,598,8,220,225,262,396,96,94,415,35,355,176,331,758,214,120,5,474,333,1,386,666,139,795,144,1443,404,182,22,710,37,1046,869,1055,230,584,198,79,232,443,46,86,742,687,659,316,175,352,331,210,517,1087,28,837,92,529,530,1071,147,390,362,822,18,234,230,425,566,97,50,264,269,448,14,469,806,310,38,244,472,473,74,344,544,141,514,187,290,184,164,701,8,147,953,42,524,148,459,134,121,348,71,325,782,406,49,413,174,369,42,108,29,543,223,129,244,31,89,120,29,53,182,25,115,469,73,47,259,82,23,60,172,108,200,248,68,15,33,74,177,671,112,546,310,571,139,615,223,920,79,172,229,70,15,33,362,300,389,304,847,111,453,441,428,307,293,359,357,465,155,23,357,378,406,196,11,622,234,574,340,407,373,571,49,322,216,98,245,173,171,363,312,814,976,795,14,656,797,481,56,62,198,271,485,417,314,210,393,397,528,452,227,218,448,675,724,210,57,857,780,150,346,805,478,11,254,221,344,93,113,118,378,539,337,156,421,383,296,132,15,482,507,466,283,221,151,74,242,563
4,88,163,32,57,82,604,179,423,725,514,38,613,679,156,638,1272,1282,438,955,1831,1703,822,88,678,845,707,479,326,179,107,43,26,164,14,177,2,483,1001,1251,943,53,1013,1472,1369,935,555,173,275,782,1432,1734,1399,437,848,1740,1889,1337,276,216,230,272,176,182,61,54,230,258,78,442,119,19,77,299,231,22,179,35,106,352,39,77,101,35,23,67,393,182,47,189,19,182,126,73,265,80,106,102,137,147,103,230,2,7,16,42,142,189,237,91,60,32,0,140,167,98,61,22,54,15,77,118,90,42,98,67,35,47,75,29,44,26,2,23,45,82,11,96,78,68,82,50,75,61,5,40,64,160,328,60,99,185,150,92,39,77,67,25,11,321,216,59,111,161,86,91,261,15,70,164,214,154,172,98,85,196,286,112,49,185,74,9,2,15,195,15,57,49,137,30,165,30,129,115,84,42,233,170,36,259,105,318,40,0,156,81,119,123,67,108,57,155,42,53,70,87,12,335,137,174,307,127,133,123,291,54,362,25,427,430,63,32,156,56,60,184,87,122,35,161,217,200,81,161,217,168,175,6,236,214,91,177,236,161,186,141
9,12,66,80,56,30,241,135,367,213,166,329,28,356,329,195,641,484,325,929,630,259,782,612,62,345,409,238,61,76,154,155,2,30,5,130,126,217,558,451,206,844,739,89,489,648,484,177,230,627,731,262,533,1028,692,224,878,804,112,7,23,50,100,138,132,5,67,139,110,84,125,198,47,2,47,28,115,7,14,37,38,58,37,21,63,21,21,125,122,10,136,66,49,126,95,36,54,39,29,9,22,107,40,46,7,61,89,0,39,20,89,14,46,124,78,92,101,23,15,19,30,25,73,21,59,5,11,4,19,14,10,18,14,5,1,40,30,75,30,9,51,46,4,3,20,82,135,9,74,10,111,45,54,59,107,55,30,57,58,52,56,7,28,9,98,56,41,41,35,42,56,7,11,33,31,15,37,99,31,4,16,22,21,94,128,96,119,96,11,143,45,15,118,15,30,118,18,78,98,5,66,99,31,162,129,131,98,35,4,47,136,12,59,59,30,41,28,51,16,100,22,7,22,77,44,20,144,21,4,235,58,79,2,87,82,0,103,53,116,10,52,57,101,4,18,117,3,178,206,82,35,42,42,75,80,3
2,81,43,36,158,21,206,151,391,206,168,346,58,328,341,99,605,585,83,861,830,68,646,738,325,112,318,286,190,70,21,149,33,34,8,118,232,102,351,701,524,207,849,759,241,267,563,592,447,58,563,906,667,161,927,1006,355,460,807,6,49,14,175,36,11,70,135,77,58,23,0,30,56,79,216,100,32,28,67,75,110,15,59,148,49,86,35,29,44,21,14,42,67,42,2,26,32,94,33,80,106,96,85,11,74,97,102,148,57,40,38,65,34,25,94,6,39,2,11,100,14,85,4,45,18,10,12,36,54,33,12,1,45,31,25,29,82,6,20,22,0,16,28,43,42,4,125,30,4,10,82,68,4,53,17,73,74,94,59,79,50,21,5,40,33,14,56,82,118,34,14,49,9,21,37,31,25,48,111,71,32,6,45,27,96,70,92,22,47,73,19,115,236,9,4,43,1,180,2,101,64,146,43,124,173,159,144,22,41,88,70,42,22,95,30,18,34,111,15,72,26,26,95,13,21,37,90,28,63,69,70,23,101,44,2,63,152,82,71,73,23,73,42,61,174,208,66,38,14,39,172,53,24,91,7,33
24,197,16,193,567,60,293,200,554,609,205,893,255,897,749,221,982,665,700,979,144,916,695,273,721,228,347,124,77,45,204,56,133,312,294,563,93,504,606,307,481,776,441,589,901,320,1126,1084,313,1255,609,939,1198,296,1142,193,590,229,256,583,521,142,20,324,174,361,279,261,267,10,42,279,667,195,469,577,139,567,69,1,201,124,557,66,70,167,239,165,497,763,7,184,829,523,100,243,157,213,381,380,473,185,159,458,407,163,554,86,313,43,152,11,231,331,166,267,167,153,413,49,65,228,15,220,155,88,174,108,227,25,154,126,333,30,316,148,274,134,64,497,455,239,71,46,299,353,377,112,269,81,331,88,321,957,22,383,821,135,56,266,171,42,219,18,15,257,349,805,267,167,359,253,259,585,25,455,269,191,941,149,779,643,661,114,725,277,231,289,225,1371,274,715,306,121,923,385,13,927,134,115,595,391,599,49,228,104,515,213,599,80,280,258,289,195,601,117,345,93,382,120,109,713,337,448,483,265,833,687,98,141,102,661,170,182,447,325,544,499,583,687,146,121,555,14,433,469,391,276,194,393,597,165,315,333,162,461
18,393,652,92,597,232,23,332,31,238,774,455,1558,334,476,7,500,108,306,108,577,202,11,385,24,915,500,779,358,1010,408,182,373,602,201,903,57,178,209,172,156,29,209,535,719,303,461,575,853,463,141,75,832,667,309,955,191,60,487,1159,224,39,421,106,1002,180,433,213,899,282,67,204,5,155,80,110,356,47,357,161,300,500,48,582,174,463,424,293,582,156,307,317,183,194,10,225,552,156,26,309,54,202,68,73,347,56,194,161,175,141,82,10,168,438,49,449,197,506,347,417,328,295,242,428,331,33,223,19,164,122,262,4,113,144,163,46,26,280,108,170,249,546,286,442,230,241,394,324,240,612,524,536,371,553,206,231,317,101,715,146,320,112,810,428,80,195,2,517,120,25,299,320,221,243,224,181,424,1122,822,391,102,1212,583,92,30,184,179,387,333,265,416,84,104,784,487,3,740,45,151,141,8,806,492,810,976,939,8,558,160,138,325,53,85,380,19,70,293,68,328,503,210,105,840,153,61,390,273,550,369,83,100,853,203,362,290,374,542,590,178,940,89,331,68,304,421,372,261,158,282,469,738,334,355,832,228,126
18,10,1,7,23,16,589,14,743,1294,1425,1101,455,274,893,1220,1214,956,527,60,270,362,218,54,296,369,238,45,335,468,371,91,7,466,480,223,286,860,1292,1417,1187,681,91,392,657,743,723,664,612,592,559,436,206,81,375,548,545,348,45,24,6,9,8,21,33,3,15,23,51,35,25,5,21,35,27,9,11,13,19,0,40,3,6,23,25,17,4,15,1,3,13,3,7,28,22,33,5,17,4,10,17,23,12,7,5,16,7,13,37,33,22,0,2,13,10,8,13,7,1,10,20,14,8,1,1,0,6,8,0,10,5,7,9,4,1,11,15,1,2,26,13,12,17,5,7,5,2,3,23,6,21,3,1,9,5,18,5,15,38,5,20,12,11,29,13,7,10,27,5,4,32,10,2,6,19,6,10,16,30,6,6,16,18,22,19,13,25,18,18,2,2,4,20,18,11,4,3,14,3,2,6,19,19,20,12,6,2,24,25,26,18,1,5,0,32,12,26,27,20,19,24,13,21,9,13,3,13,24,30,17,14,16,1,28,5,34,21,17,2,10,10,10,39,15,13,21,34,20,20,1,31,24,31,11,4,15
200,193,858,815,760,701,647,599,533,482,441,839,354,323,284,245,207,173,124,77,13,45,101,138,174,188,190,146,88,8,90,215,344,492,625,749,865,963,1042,1133,1125,1137,1117,1092,1046,969,886,791,708,619,519,446,379,310,276,250,245,251,269,297,357,393,451,505,565,601,636,664,681,680,674,651,609,549,483,1114,314,232,144,73,27,17,26,6,25,87,163,250,340,424,496,546,590,603,604,572,538,485,429,358,292,228,180,459,102,88,81,93,119,158,201,258,307,350,380,401,398,386,348,299,238,179,122,96,20,12,0,22,35,12,3,6,14,8,255,202,132,52,22,90,118,130,116,66,0,95,187,266,346,383,389,341,266,1497,12,137,314,476,611,718,804,844,831,785,704,590,450,292,121,49,209,351,471,565,618,639,616,563,475,352,216,1240,70,214,329,424,480,513,513,477,423,353,280,214,151,106,100,118,173,254,353,487,645,795,949,1086,1211,1314,1381,1404,1372,1305,1185,1035,833,606,365,199,143,389,591,757,874,944,951,903,797,651,443,199,71,358,653,936,1208,1454,1658,1809,1902,1939,1908,1824,1681,1497,1260,114,723,449,181,71,294,477,644,753,824,56
5,104,128,352,7,295,205,288,222,177,168,75,88,172,102,107,155,90,258,9,175,82,91,106,45,13,57,354,45,105,30,500,116,27,126,43,144,86,189,75,70,219,60,214,269,395,2,98,28,97,294,77,220,77,188,384,95,73,235,119,283,382,102,178,71,102,222,130,69,167,60,574,403,358,625,5,639,286,536,596,217,810,271,811,822,377,1122,269,872,700,404,804,23,737,223,625,289,440,643,191,724,112,688,317,611,446,560,625,472,860,159,1002,240,863,620,543,807,168,703,17,546,71,389,1,104,70,22,93,61,115,90,67,96,28,28,110,101,166,136,74,38,2,104,54,21,199,80,68,97,22,74,223,185,124,63,117,127,255,181,7,47,175,194,139,175,68,113,47,0,91,98,158,123,91,42,252,281,150,42,84,63,191,161,66,59,142,200,252,240,194,226,108,33,80,121,146,16,186,170,81,272,30,116,160,86,71,291,67,271,179,9,38,42,152,32,202,78,63,341,274,71,272,65,203,137,133,43,208,21,109,118,30,266,331,285,197,294,51,477,437,210,171,113,102,213,117,48,111,169,73,134,27,37,114,257,67
25,113,0,253,38,208,169,213,319,19,19,193,5,74,49,211,159,156,99,230,307,809,89,45,242,285,96,471,146,236,194,385,149,602,400,351,315,129,182,216,98,244,184,139,162,275,330,186,25,39,424,559,681,686,116,25,21,176,39,321,273,130,266,198,60,181,27,230,92,62,281,272,58,10,84,279,655,315,220,258,137,75,151,113,99,91,44,0,32,112,226,16,122,242,175,59,75,433,213,176,105,201,114,95,59,168,144,1,207,596,4,60,166,214,124,96,39,70,0,94,21,50,39,115,77,65,50,94,27,110,0,137,67,47,71,145,273,37,201,16,118,20,102,194,99,95,281,145,257,117,278,0,310,128,146,310,212,301,142,73,25,158,39,267,247,65,20,172,4,89,300,134,77,328,54,3,282,99,175,212,174,21,81,160,238,297,215,3,24,156,53,132,268,66,195,386,343,20,357,165,237,287,286,185,85,353,394,300,417,269,188,911,1242,866,155,1234,1506,826,196,764,814,546,230,46,188,309,378,388,318,25,380,645,452,111,351,443,219,224,280,159,514,451,199,999,1037,11,957,1076,418,522,916,3,42,294,69,81
76,125,610,468,67,406,848,1125,1203,1118,773,426,170,58,147,336,630,849,836,546,168,308,807,992,1066,981,659,374,145,97,234,553,726,914,942,734,286,213,534,781,828,712,560,251,115,132,262,487,705,835,829,646,292,119,479,700,806,705,544,345,189,158,230,401,562,666,676,510,227,99,427,648,755,732,598,409,247,164,167,250,336,410,432,313,121,120,376,580,712,728,647,491,294,117,25,103,132,140,125,128,167,240,316,401,433,424,337,205,8,186,359,486,552,529,415,258,60,132,292,395,424,342,212,2,4,0,3,8,1,4,3,2,0,0,24,92,149,182,180,135,54,27,107,172,206,196,164,100,41,4,25,13,9,54,78,80,39,47,156,270,368,421,391,308,152,21,189,313,364,356,275,207,120,90,112,199,291,367,393,334,166,55,315,522,662,672,601,450,307,183,138,194,269,327,337,266,68,234,541,807,954,962,823,589,344,157,43,82,144,240,262,183,26,355,647,915,1072,1070,853,743,395,123,29,31,187,336,363,213,46,462,900,1233,1413,1336,1125,726,325,49,37,6,218,367,448,312,17,462,901,1222,1396,1252,919,589,228,53,17,24
46,82,199,84,53,307,475,892,816,280,255,579,496,59,466,795,669,23,997,1592,1431,571,393,986,1181,1018,627,247,22,163,293,297,78,92,85,213,50,359,944,1282,1106,327,654,1411,1656,1473,1084,580,115,736,1344,1794,1786,1157,140,885,1629,1753,1285,63,29,109,186,81,380,2,30,68,35,283,63,92,116,110,154,73,85,74,127,18,73,125,117,127,131,276,59,241,54,286,29,75,208,71,102,22,9,191,147,303,123,36,39,171,23,89,189,12,209,29,49,157,78,87,49,28,95,2,130,46,77,30,11,73,39,16,54,7,134,49,2,85,18,32,5,8,103,19,58,133,49,2,157,14,94,1,326,247,157,15,81,261,43,150,278,63,25,130,161,176,14,77,15,156,5,59,36,113,16,200,49,123,243,25,71,155,181,67,255,144,233,199,130,328,88,64,19,67,8,109,50,248,82,174,382,81,102,292,106,155,237,209,45,137,172,425,213,116,252,289,53,141,57,88,115,168,199,164,47,171,274,134,70,78,71,140,106,78,40,349,209,208,73,192,175,40,355,229,200,427,13,299,4,30,132,43,279,269,113,341,53,67,105,64,70,233
36,26,77,184,50,19,22,94,320,237,175,147,203,56,209,63,139,102,112,35,262,202,300,88,34,19,53,256,116,82,47,175,264,85,262,170,70,19,95,18,52,127,18,73,61,160,4,81,33,84,238,182,60,70,213,47,68,37,375,344,175,160,266,162,23,217,397,146,92,286,248,61,126,549,110,71,5,22,60,29,32,150,258,132,301,82,186,59,295,57,104,13,174,30,0,30,266,216,184,150,105,238,43,92,283,7,50,453,293,157,29,98,116,73,61,90,37,283,52,82,66,74,136,37,67,32,9,37,33,101,91,85,50,11,8,30,92,111,73,22,1,196,70,32,4,61,164,95,264,20,39,66,49,26,101,12,137,147,78,70,120,70,51,39,15,109,85,40,213,36,309,57,15,120,106,132,53,223,61,66,104,120,28,219,123,210,77,73,11,106,335,66,143,93,203,146,47,421,783,359,423,982,654,360,1159,954,196,1379,1467,167,1386,1910,892,958,1918,1272,298,1351,1116,142,638,586,79,275,97,304,447,25,743,983,497,603,1457,1362,40,1329,1726,869,653,1556,1224,62,1167,1239,236,892,1118,382,576,992,529,171,97,310,230,105
234,231,303,498,134,33,534,840,54,760,387,533,646,50,498,304,124,220,48,64,23,84,216,358,149,512,153,408,450,59,430,291,14,448,186,57,341,251,59,414,253,110,492,111,283,49,176,70,68,229,275,345,136,235,455,89,432,527,41,926,587,1181,28,147,764,604,290,429,751,499,94,656,816,245,209,102,151,535,508,36,223,923,110,756,191,320,191,191,49,231,286,4,150,203,151,340,26,369,266,229,400,377,198,232,2,781,307,88,300,562,1,324,462,63,284,71,77,329,251,111,490,181,88,105,26,245,91,148,340,181,30,54,112,1,386,354,154,116,300,309,626,276,39,110,266,529,203,215,53,401,47,77,148,244,273,1012,63,33,270,26,782,488,450,160,248,108,30,69,289,160,30,23,888,517,96,375,0,729,33,389,33,484,237,493,569,1,742,441,206,356,18,148,132,566,1313,744,243,300,379,636,376,570,5,251,132,164,191,680,214,1109,359,515,208,93,394,304,182,126,281,1098,85,14,703,227,296,378,176,165,422,677,354,37,451,522,780,635,238,65,202,1271,444,45,801,636,841,237,425,498,434,146,272,13,679,697,440,18
7,10,1403,1267,928,446,108,620,1089,1311,1370,1147,837,346,197,708,1105,1330,1357,1139,753,262,285,778,1147,1330,1303,1083,660,144,396,874,1210,1358,1278,990,529,20,564,176,1277,1343,1183,822,328,220,752,1142,1319,1290,1031,597,64,478,923,1196,1277,1138,792,315,211,694,1051,1233,1175,905,498,6,497,888,1114,1142,967,614,153,963,744,1021,1102,984,682,251,227,685,976,1072,987,694,261,234,683,987,1107,954,610,120,391,814,1055,1042,771,318,214,459,983,1016,776,331,196,676,917,890,592,113,390,754,839,611,174,322,641,646,308,6,8,0,1,3,3,3,2,3,1,1,262,100,135,324,384,273,69,167,345,425,360,194,31,256,419,460,394,220,17,465,435,513,471,323,85,135,379,514,574,505,325,70,206,439,610,644,575,378,105,209,496,704,763,724,484,185,187,613,805,944,905,686,330,108,572,931,1104,1092,877,482,23,535,985,1247,1308,1102,686,126,479,1012,1386,1468,1286,916,329,320,917,1366,1573,1493,1143,566,77,988,1257,1562,1591,1347,865,231,465,1038,1448,1619,1502,1136,569,85,705,1241,1520,1573,1360,924,332,313,903,1315,1529,1463,1205,1674,120,479,996,1350,1479,1362,1037,537,8,30
8,4,12,14,1,13,14,3,46,23,13,17,9,7,4,11,26,18,35,8,11,4,3,25,0,9,3,11,7,16,28,16,4,8,6,1,3,5,1,19,11,11,2,1,4,11,6,21,18,29,29,12,12,12,11,17,10,15,6,2,9,20,22,6,7,21,3,18,23,21,14,4,14,5,13,3,0,5,14,2,8,2,22,3,0,10,14,2,7,3,4,18,2,10,16,11,6,6,9,6,7,2,9,8,17,2,9,24,11,6,2,8,17,10,0,9,0,21,17,13,13,0,4,5,5,2,4,8,1,12,2,10,7,0,7,4,1,2,5,11,16,3,14,11,11,23,7,1,7,5,2,4,11,9,16,4,1,14,8,12,15,2,19,2,13,9,7,14,21,9,8,13,9,14,8,1,0,9,26,1,8,4,19,4,4,6,2,2,7,18,2,23,5,19,7,9,9,32,180,342,359,179,153,498,736,791,644,344,6,299,412,291,44,475,813,893,643,127,478,951,1167,1072,740,288,30,363,365,130,231,581,776,740,440,16,434,730,827,715,470,203,10,47,51,276,549,767,822,664,303,188,688,14,2,10,30,6
137,105,56,105,139,674,552,73,193,286,1311,23,656,1009,81,160,897,428,214,229,18,104,877,120,189,71,54,253,56,779,407,112,208,417,706,796,743,421,217,544,29,206,330,52,324,343,421,651,714,997,588,108,368,399,272,595,331,243,410,157,330,695,1066,202,461,473,841,61,368,809,489,835,353,208,371,177,143,165,172,190,21,283,414,278,124,345,235,225,83,72,180,298,698,791,18,878,596,720,290,1133,964,97,534,448,282,59,106,105,172,549,471,103,589,542,40,250,99,37,87,137,131,455,274,82,276,4,59,217,148,35,57,99,123,183,340,147,403,67,29,401,68,983,484,157,249,801,177,383,729,713,146,15,101,482,15,279,223,670,151,525,210,244,369,57,19,167,405,431,271,64,247,82,254,576,248,508,97,351,175,272,445,439,629,73,1118,237,300,766,40,657,182,244,437,49,590,87,468,32,418,33,95,140,5,379,63,730,405,170,1212,1371,437,164,365,630,657,1125,902,322,425,90,369,1296,82,273,22,692,417,721,383,405,612,504,64,78,337,695,124,738,529,15,172,300,770,679,1429,459,683,271,171,793,748,14,265,107,161,209
2,75,21,102,56,196,137,13,75,113,134,40,54,113,9,13,93,17,9,68,169,127,144,58,64,133,40,133,54,29,97,62,99,10,35,114,4,44,53,52,25,35,54,34,124,81,55,110,87,172,32,106,41,36,106,4,79,65,113,75,41,32,109,8,4,40,37,1,115,177,2,120,6,54,143,51,61,68,100,72,82,28,9,16,122,62,26,104,134,11,122,11,96,84,61,72,93,28,110,168,14,49,14,71,106,68,75,61,92,2,26,26,37,34,4,73,1,10,12,19,2,32,3,56,59,13,40,59,54,10,7,42,0,26,360,476,322,0,325,440,328,87,85,87,29,15,86,331,569,559,145,555,1178,1302,817,91,996,1379,1130,449,82,696,698,429,206,178,304,354,115,415,946,1104,788,179,437,754,757,536,306,210,147,4,368,833,1173,1059,529,47,91,21,43,54,25,18,49,85,61,56,100,70,11,142,99,40,59,65,73,49,120,89,174,5,45,7,102,74,45,70,99,6,210,159,2,108,178,33,101,98,16,143,34,94,22,51,32,90,86,91,44,39,30,51,9,221,49,89,124,97,59,23,30,72,51,91,29,63
11,1,1,0,2,3,194,132,8,198,392,512,517,383,122,210,575,913,1119,1184,1061,783,394,16,384,668,836,904,895,833,728,576,1,144,125,389,593,678,595,345,20,414,727,864,777,496,93,342,739,1016,1119,1079,910,615,275,55,331,549,701,3,9,13,1,6,9,4,3,1,1,0,1,2,1,0,3,1,3,4,3,2,3,0,1,3,2,1,1,4,1,1,2,1,0,1,0,0,1,5,1,3,3,0,0,2,0,3,2,1,0,4,1,1,0,1,3,1,4,0,0,0,1,1,1,2,0,0,1,1,0,0,1,1,0,1,2,2,1,1,0,2,1,0,0,0,0,6,0,0,3,3,1,1,0,0,1,3,3,4,3,3,1,3,1,2,1,2,0,0,2,4,1,2,2,0,1,1,2,0,0,0,1,1,0,4,1,0,1,0,3,2,5,1,0,1,2,0,2,2,0,0,1,0,2,2,3,2,1,0,1,6,0,0,2,5,7,7,1,2,0,0,2,3,3,2,2,0,0,0,0,0,5,4,2,0,2,2,4,1,0,0,5,3,8,4,11,1,2,0,4,4,1,3,2,3,2,2
60,29,73,90,196,29,215,4,569,79,502,73,207,90,92,85,408,17,220,141,18,152,100,82,323,15,248,71,101,155,443,141,768,26,103,242,354,284,301,344,252,212,365,223,467,217,339,4,275,238,299,199,380,16,157,434,96,296,199,159,247,125,215,134,267,221,108,210,312,205,382,970,483,330,450,148,0,26,81,122,41,167,35,260,297,46,274,186,14,15,135,349,291,131,580,472,113,816,683,321,1108,779,466,1360,741,676,1287,468,714,949,180,633,642,10,448,406,21,368,361,92,323,162,180,7,64,135,128,5,52,59,10,35,52,230,180,148,7,262,163,32,274,374,152,108,21,278,275,175,10,258,272,47,402,283,357,310,154,45,150,206,120,98,86,336,400,114,94,209,132,290,52,443,88,22,142,497,109,268,194,614,103,261,262,28,112,113,111,101,384,132,8,225,18,17,181,306,89,129,58,153,200,378,578,25,353,19,171,59,35,98,225,151,241,8,35,159,459,197,173,18,148,59,61,71,148,57,165,246,683,66,193,360,92,68,218,250,208,41,179,404,162,1,59,339,275,290,172,308,39,111,180,71,207,375,108,231
65,9,187,144,438,683,868,968,983,907,770,918,336,93,144,329,482,567,589,550,454,320,161,0,150,267,348,361,304,204,29,164,358,531,667,734,726,646,519,247,197,47,61,123,137,102,42,33,106,166,187,175,118,37,72,181,300,369,406,402,334,229,86,79,235,397,528,625,694,725,709,673,589,488,371,1001,136,64,24,46,109,228,371,527,668,768,807,790,698,544,342,120,116,320,492,607,659,649,589,473,349,208,82,479,92,118,112,76,21,29,75,88,70,19,56,140,225,297,334,336,303,243,167,54,11,38,24,70,0,1,28,44,5,39,156,145,131,126,153,225,355,536,759,993,1199,1345,1392,1330,1165,925,640,355,129,1295,40,31,200,438,683,926,1084,1164,1127,991,754,462,133,182,455,665,793,827,783,663,487,299,122,36,147,202,189,971,9,181,377,583,778,956,1086,1163,1186,1153,1055,910,728,526,298,79,127,300,438,529,557,533,445,315,137,47,225,400,510,585,600,541,436,275,78,1364,364,564,739,881,962,982,946,825,649,431,175,78,320,499,623,653,606,470,270,23,239,500,739,914,1048,1082,1032,503,690,409,83,250,558,821,1005,1102,1093,31
73,124,621,456,74,386,824,1075,1260,1137,807,454,199,61,92,224,540,736,794,568,229,227,712,1009,1116,1105,834,526,213,72,97,334,529,747,823,725,399,77,441,761,918,870,776,465,228,114,123,239,419,594,700,640,385,21,362,672,910,921,817,603,360,175,103,133,242,360,448,419,277,24,288,599,780,887,841,657,440,217,65,23,13,45,113,135,72,58,238,432,603,712,716,621,430,206,45,247,388,478,474,404,340,268,191,154,117,81,48,15,75,161,243,311,334,320,258,150,15,112,207,262,234,146,25,5,7,2,1,2,1,1,1,5,0,5,101,82,40,6,20,36,37,36,35,33,38,40,31,10,45,106,180,230,268,258,210,111,30,187,321,420,450,415,317,179,37,86,154,182,148,92,25,19,58,157,300,440,547,575,495,315,94,139,344,464,491,449,350,260,203,238,323,469,565,602,513,314,11,309,577,783,835,798,614,435,286,226,239,353,428,496,426,215,54,431,734,925,989,944,689,608,330,185,153,273,484,590,534,283,92,560,980,1277,1369,1239,1002,611,288,89,85,142,385,514,520,338,38,504,944,1244,1317,1187,885,551,222,63,56,12
223,135,554,184,595,397,524,425,24,366,490,204,161,570,577,319,79,290,451,412,207,86,331,464,468,247,151,385,481,351,176,246,127,529,352,117,159,319,292,141,109,113,170,80,97,379,468,118,443,809,666,25,838,1324,1002,0,1130,1709,1335,302,26,387,821,315,649,432,647,6,565,41,1344,1298,671,105,570,553,235,74,45,102,282,240,10,250,401,308,148,3,269,375,412,223,28,329,577,455,657,282,471,334,15,426,540,179,354,605,598,128,399,702,614,211,262,499,423,76,184,300,156,119,232,76,262,113,285,72,269,141,273,255,74,117,13,3,349,470,152,285,530,375,91,594,825,525,85,652,850,553,29,509,697,533,220,150,386,529,488,337,33,540,825,826,305,321,771,888,509,71,545,744,594,158,368,742,796,342,85,398,460,366,239,138,19,322,645,745,331,941,213,305,206,311,168,299,523,96,423,467,297,338,73,492,664,344,205,646,609,316,127,362,452,332,118,117,343,352,281,12,297,289,119,136,263,86,111,388,274,17,360,526,410,84,291,560,489,378,91,285,593,564,239,161,462,440,224,29,67,62,24,154,375,62,1263,1561,185,209
16,65,75,26,109,186,614,571,466,358,223,61,59,192,262,291,319,346,379,341,298,247,298,330,389,457,473,467,401,354,259,129,6,38,167,278,354,421,508,549,665,698,736,777,840,888,936,1008,1094,1117,1125,1118,1130,1091,1024,905,821,700,580,129,47,18,0,121,87,148,5,136,84,108,4,173,27,65,2,54,19,2,8,73,9,102,82,45,140,66,99,2,26,2,113,18,26,55,40,58,74,85,61,13,13,62,157,54,54,56,87,38,99,65,105,46,29,20,37,5,94,73,29,7,76,27,9,4,38,25,9,7,49,5,2,56,50,37,27,49,16,42,35,22,0,94,128,38,23,6,42,96,28,114,76,18,14,22,28,4,90,63,131,55,33,73,134,37,103,58,14,33,54,44,77,14,9,21,219,45,41,1,23,17,10,54,68,38,7,18,71,115,63,37,26,32,47,44,11,13,133,108,73,14,9,9,22,35,6,34,33,97,69,79,138,27,9,108,29,149,155,15,30,188,110,21,49,44,106,104,35,205,111,128,80,106,4,113,129,4,87,139,52,37,72,33,87,139,21,170,77,51,10,98,189,36,81,163,27,46
67,110,1084,427,263,318,276,376,796,512,196,767,499,502,26,461,823,850,207,767,445,676,776,691,806,744,609,701,32,234,173,731,26,36,1402,428,466,352,355,892,26,826,195,557,497,445,350,787,383,514,285,480,47,623,410,340,234,663,127,972,60,300,189,175,198,165,74,268,192,365,118,174,59,65,171,89,224,113,175,209,10,293,177,306,346,123,374,158,293,428,31,331,52,96,153,187,503,152,73,229,48,328,323,87,373,28,164,165,110,88,184,190,241,197,38,279,179,360,271,265,312,170,218,59,292,170,177,213,113,150,11,334,68,68,203,96,366,229,74,202,425,51,108,323,692,299,286,328,90,193,609,35,65,428,268,544,264,474,146,137,702,219,358,234,122,50,45,978,4,502,134,355,459,54,262,227,144,276,168,407,147,424,289,244,23,775,183,605,122,194,111,371,37,451,234,345,1028,179,110,1052,974,515,720,549,41,349,363,7,82,289,520,796,202,942,133,267,98,576,83,14,1063,171,64,71,12,133,393,95,1018,532,195,272,168,207,171,966,556,524,121,685,202,1242,496,113,337,360,450,424,1057,959,504,570,241,185,299,329
94,359,351,423,90,600,254,295,220,676,419,693,810,141,1080,586,485,979,477,570,873,265,616,635,154,664,186,326,227,277,94,280,64,209,400,265,236,588,410,105,628,483,152,1047,831,347,1339,742,911,1259,41,1243,810,571,1059,40,877,202,483,442,214,180,54,289,402,512,428,312,578,239,154,5,272,252,486,626,33,846,517,483,550,500,70,36,117,117,32,326,661,50,290,608,356,708,334,348,77,306,171,564,446,404,739,116,25,271,91,98,64,154,453,439,335,165,136,472,65,494,119,170,9,47,113,5,65,4,144,178,144,168,200,167,306,39,234,111,272,830,164,115,99,300,662,431,517,587,376,148,319,404,299,231,362,342,644,251,611,292,18,430,182,226,682,216,134,217,57,40,47,272,228,167,678,8,61,250,582,347,119,164,318,656,185,282,269,67,439,533,312,200,18,368,78,708,680,171,417,844,300,459,190,470,281,321,141,758,109,80,335,179,172,8,68,386,915,720,616,217,798,761,389,133,165,334,751,754,103,808,964,546,514,49,126,1077,554,210,1024,39,584,64,647,878,339,337,918,126,385,464,0,668,628,610,415,18,386,78
107,5,738,590,203,238,537,551,224,369,1066,1658,1959,1894,1481,860,218,257,440,300,71,488,735,667,270,370,1082,1660,1939,1855,1432,813,218,158,198,73,507,907,1095,950,470,244,993,1536,1732,1541,1074,518,77,79,93,521,1024,1394,1454,1147,548,172,801,1146,1126,799,328,82,251,109,303,839,1303,1520,1389,949,344,219,559,587,327,71,437,591,453,42,508,1018,1299,1260,926,431,28,263,177,196,688,1069,1160,891,366,210,613,677,389,103,549,706,481,29,582,922,882,502,13,383,407,76,421,792,816,468,30,351,292,60,411,0,1,14,13,3,2,5,3,7,1,4,117,45,54,109,334,460,410,218,2,121,68,134,385,558,575,438,222,41,23,80,317,590,777,799,648,390,138,13,1,169,412,627,705,594,316,49,384,567,548,341,65,159,225,80,247,657,1005,1160,1046,687,206,221,443,380,74,337,666,750,505,27,682,1236,1495,1374,928,333,175,406,269,183,779,1251,1385,1077,403,426,1145,1540,1485,1050,424,131,375,205,323,1022,1618,1869,1663,1041,199,607,1142,1265,973,433,115,436,375,75,775,1482,1938,1986,1596,886,67,603,933,873,502,4,406,537,292,276,987,1617,1974,1952,1530,11
74,7,831,1011,934,679,363,117,45,182,490,871,1202,1366,1275,887,270,462,1162,1680,1914,1815,1431,861,262,237,532,585,437,176,73,196,121,164,605,1086,1469,1635,1514,1093,453,284,981,1496,1747,1690,1378,897,382,59,343,422,330,146,33,110,42,185,535,912,1214,1340,1249,925,428,170,755,1214,1465,1478,1274,906,462,37,292,479,531,471,370,265,212,241,347,491,617,677,626,445,143,241,640,978,1193,1235,1096,779,346,141,606,979,1208,1251,1107,807,401,44,462,795,1000,1047,931,686,342,49,424,723,886,890,719,429,84,223,435,4,9,9,5,8,7,3,6,6,2,19,44,75,48,40,170,305,402,436,397,270,89,114,308,460,542,531,447,301,109,91,268,393,441,410,314,190,60,36,80,60,1,78,138,150,90,47,242,458,651,754,745,594,316,57,462,814,1057,1145,1054,807,466,98,230,463,582,576,494,384,312,309,390,531,683,769,720,493,94,422,975,1448,1740,1776,1542,1066,444,211,779,1165,1319,1254,1022,713,444,279,255,354,513,625,603,379,39,599,1201,1701,1992,1980,1659,1072,342,389,985,1332,1408,1239,917,571,308,205,279,475,699,835,797,517,35,583,1214,1709,1962,1907,1545,23
95,21,706,1107,1429,1554,1403,957,292,459,1143,1601,1758,1607,1216,700,215,114,220,102,152,430,609,580,304,190,809,1402,1832,1976,1795,1301,618,114,743,1145,1278,1144,840,480,187,59,124,349,641,896,1006,898,552,12,622,1223,1663,1841,1731,1349,799,193,342,715,883,851,685,455,261,165,199,340,541,716,799,721,474,77,405,875,1237,1425,1404,1171,781,309,162,550,810,909,870,731,534,337,177,79,37,37,34,3,76,205,367,530,646,681,616,446,194,104,399,639,789,811,716,510,226,84,365,552,614,538,351,114,99,222,223,13,3,1,5,5,1,2,3,7,4,9,71,19,55,42,8,71,126,143,122,54,31,117,179,205,196,150,85,15,33,53,44,3,52,99,129,105,21,117,289,455,578,612,537,348,66,265,585,837,973,957,794,509,161,186,471,645,695,633,494,337,220,178,219,327,439,501,441,239,104,533,979,1332,1523,1491,1231,770,197,385,874,1180,1271,1161,912,625,380,252,256,359,490,557,490,228,211,768,1336,1779,1995,1912,1531,912,179,528,1083,1377,1402,1195,862,524,295,241,359,583,817,933,849,515,32,695,1339,1811,2022,1917,1520,909,242,339,720,842,741,502,253,55
44,21,337,176,28,218,385,528,656,747,768,1061,767,704,586,415,277,105,81,247,419,552,692,741,764,770,732,651,480,363,178,21,173,351,488,657,698,772,644,607,548,443,336,174,35,129,292,433,512,599,642,629,594,509,404,278,134,19,168,308,423,520,575,592,564,503,417,306,167,25,119,254,368,449,521,618,530,471,388,284,164,39,108,250,362,398,453,464,447,388,299,180,44,102,232,343,430,470,467,413,318,179,21,96,267,377,429,430,374,282,127,29,178,299,368,367,298,171,21,136,250,290,235,9,2,4,3,1,0,1,0,2,1,0,103,36,44,122,156,171,135,86,14,55,121,166,187,186,162,114,59,14,81,74,184,217,223,209,179,142,58,9,76,137,196,236,255,280,257,223,178,112,33,62,149,242,312,369,404,395,361,538,236,126,10,118,240,340,440,504,543,535,495,407,294,154,0,156,300,456,565,645,670,664,632,505,369,201,23,174,363,474,614,712,748,745,684,130,466,336,124,126,374,579,711,863,917,937,895,815,659,463,282,55,199,370,593,758,865,916,901,878,777,653,486,761,72,128,336,502,636,768,815,824,861,11
1,17,7,16,27,25,453,952,1231,1162,789,218,388,889,1215,1305,1195,946,624,272,23,190,192,63,127,294,386,331,164,63,249,313,8,31,294,685,1054,1265,1226,983,539,44,400,673,772,754,697,615,568,573,624,675,658,551,332,38,256,439,452,7,8,1,5,2,17,4,39,17,1,5,23,32,14,8,20,4,4,15,24,33,26,36,22,23,14,24,14,1,5,5,22,4,27,19,2,0,10,15,0,16,23,0,2,54,11,9,7,29,6,24,1,7,5,3,30,22,6,16,1,2,12,8,4,10,3,14,10,0,0,4,16,4,13,11,3,29,17,3,5,7,3,10,16,22,6,4,13,6,17,1,29,8,4,5,4,8,24,9,15,1,5,0,12,3,8,15,12,43,21,16,3,6,16,32,1,35,10,10,25,22,21,3,22,1,32,7,10,18,6,3,8,10,6,7,18,3,16,4,21,10,20,0,25,8,5,27,13,3,8,20,14,9,29,9,19,13,17,8,22,31,5,20,18,25,23,14,11,44,21,43,7,4,2,8,46,8,26,25,5,34,5,59,39,24,12,16,52,12,7,6,13,47,39,30,65,14
198,787,245,49,575,102,380,237,295,428,251,664,668,168,330,15,1062,16,1,481,145,360,827,76,449,156,157,466,28,382,1064,15,163,396,526,156,382,317,58,366,497,112,1250,487,562,25,185,80,671,567,298,113,135,158,521,705,1005,466,588,42,81,941,632,25,75,43,626,951,26,338,193,477,155,744,1031,345,59,419,1083,11,236,489,285,385,408,33,375,302,623,76,352,288,133,400,209,47,12,136,476,165,988,366,507,387,176,491,200,81,827,351,549,487,102,146,697,232,128,303,292,304,618,98,39,52,8,84,203,137,279,77,306,21,282,5,202,320,394,333,11,313,113,115,376,123,61,303,2,286,133,106,313,428,158,119,329,554,32,445,268,595,407,273,182,739,153,109,82,705,78,461,216,109,317,143,380,677,668,358,419,524,102,61,99,355,63,560,50,394,889,16,52,148,109,657,556,102,55,140,677,386,224,430,638,617,110,310,444,220,233,151,288,187,422,617,262,256,414,480,545,158,650,898,462,143,878,871,407,579,927,954,413,445,975,806,156,474,401,387,324,2,156,254,289,73,111,237,145,112,155,96,61,256,223,424,317,0
68,103,150,283,3,64,371,348,449,77,155,126,58,184,40,9,435,219,255,14,127,124,95,15,255,31,210,315,75,135,193,45,234,16,51,171,136,49,11,46,346,195,94,5,61,476,170,138,216,233,205,88,71,39,229,253,122,71,65,44,166,211,406,136,100,120,184,247,78,57,540,420,217,628,409,301,673,223,479,676,45,700,826,13,897,889,101,959,749,223,824,349,432,624,44,660,5,407,736,236,614,717,69,710,301,507,639,241,845,347,713,922,2,939,742,295,897,370,489,545,115,440,17,28,17,62,124,0,17,64,29,33,92,76,112,127,2,61,93,109,109,103,161,215,83,11,7,39,29,12,7,73,45,65,328,108,50,25,226,13,226,30,32,54,23,139,56,104,40,154,394,198,164,40,140,122,65,26,80,229,109,399,127,122,198,72,4,22,32,16,184,259,234,217,0,62,286,114,74,1,14,114,50,47,102,284,242,19,126,153,33,194,224,180,446,49,242,136,138,27,335,18,30,89,355,78,50,125,87,177,487,119,120,156,212,81,129,25,53,68,347,178,142,17,90,187,5,365,194,2,212,6,35,31,69,138
74,43,515,81,108,378,425,80,449,37,118,380,532,334,241,130,48,198,750,47,286,300,99,130,136,299,328,37,644,474,553,151,330,104,258,117,239,60,552,71,11,442,418,186,236,113,125,153,56,466,224,311,262,393,425,352,27,689,116,42,244,479,143,5,405,329,26,153,292,81,162,278,180,175,158,514,378,162,354,324,153,81,118,311,399,358,599,327,177,32,167,222,23,45,18,723,43,505,141,188,368,15,323,317,341,215,266,206,342,5,528,313,303,317,236,278,143,323,108,344,230,143,203,78,25,85,99,140,140,154,25,1,63,67,77,92,245,108,15,63,311,92,322,403,77,407,225,57,348,525,68,12,68,26,118,354,435,524,413,437,253,46,255,726,279,164,452,54,248,244,464,120,90,92,29,61,213,168,122,161,129,519,174,49,300,82,229,209,98,368,217,54,73,670,626,42,519,293,68,244,541,396,109,339,446,189,171,210,555,464,404,1169,869,617,1790,839,1029,1760,583,928,1268,323,528,679,244,39,504,667,368,317,979,544,581,967,136,712,239,495,191,602,374,798,1070,478,1518,303,1348,1019,577,1121,147,118,144,232,240,112
18,74,92,68,118,16,61,4,61,158,92,88,16,142,15,37,18,122,59,121,23,9,100,86,170,7,240,120,108,172,28,136,100,44,183,6,40,12,182,122,56,119,19,0,66,69,1,238,136,99,8,80,69,75,32,13,67,51,55,161,33,11,6,104,141,11,37,49,7,51,89,141,80,48,82,92,68,36,0,96,130,89,59,47,9,1,66,37,63,66,71,18,0,79,33,89,200,136,4,56,30,111,59,70,2,87,42,49,116,14,68,0,6,10,33,11,3,96,43,16,44,23,79,40,33,32,27,46,26,0,30,38,5,14,44,8,54,60,75,20,17,6,2,52,122,9,50,30,6,12,21,104,30,20,27,82,37,87,107,22,144,10,27,37,105,30,68,84,76,12,66,44,4,2,105,48,88,14,73,105,13,76,144,42,18,37,146,57,4,125,27,146,111,18,39,22,37,16,25,91,214,325,434,542,602,647,692,661,583,478,332,157,64,257,445,589,679,653,612,533,416,275,145,20,127,230,324,431,511,537,558,541,481,393,251,118,20,151,283,415,503,571,620,628,628,584,537,410,282,184,46,214,37,44,14,97
155,83,582,280,131,446,510,261,217,705,985,789,509,83,627,931,904,606,206,122,259,217,55,86,122,31,125,245,242,106,75,207,174,41,344,580,616,391,36,738,851,944,778,431,37,265,426,476,455,433,409,353,223,9,210,361,350,182,59,248,262,85,213,483,610,521,247,103,403,575,576,458,274,103,14,530,117,190,308,434,507,461,266,47,364,576,569,342,11,329,463,335,19,308,470,373,74,262,464,440,222,54,255,291,242,117,26,5,14,27,5,96,190,225,161,22,132,225,200,74,76,180,179,4,5,1,36,8,9,7,19,26,24,13,191,218,200,184,185,156,16,257,582,789,726,349,196,680,866,705,321,52,203,651,129,270,158,194,600,827,731,344,141,493,559,351,28,207,195,67,466,773,819,537,25,503,845,900,695,366,86,664,25,78,148,100,101,406,694,838,759,452,42,341,548,525,303,29,140,105,144,508,814,914,706,234,370,917,1248,1255,952,467,19,366,473,388,233,743,203,376,559,637,540,263,103,429,601,535,299,3,206,177,125,546,891,945,613,24,736,1249,1363,1039,434,207,612,226,420,43,239,283,66,288,591,676,485,27
59,64,192,370,297,88,410,499,232,195,607,490,298,182,302,305,140,95,76,38,98,77,53,152,202,211,109,99,192,196,205,102,299,217,154,89,169,77,51,234,301,183,95,160,230,167,122,58,70,111,93,167,243,27,147,306,420,394,36,252,599,258,65,136,144,392,114,210,87,330,118,172,215,18,179,207,117,220,333,3,140,323,108,348,56,267,11,149,38,218,94,131,31,289,123,93,21,208,463,216,255,173,149,210,118,810,193,81,74,46,230,172,22,82,37,13,255,53,52,16,247,210,142,2,21,9,262,113,134,74,35,47,161,77,162,14,52,40,343,155,91,64,317,453,514,181,77,70,61,40,436,364,435,49,338,113,64,260,56,229,249,211,91,236,12,22,51,70,162,198,17,90,346,149,191,111,179,566,271,224,187,411,56,219,222,324,30,82,263,270,302,54,357,36,159,452,154,57,287,343,205,1141,103,563,58,428,446,644,37,53,340,519,266,400,102,180,48,196,106,379,156,301,362,77,386,541,353,97,154,15,149,105,340,274,73,441,246,199,23,271,175,474,312,27,58,101,66,19,275,390,164,190,15,327,374,32
17,40,52,19,111,308,587,838,1084,1133,914,603,167,335,787,979,1131,1036,789,437,164,25,28,49,225,406,472,380,99,263,729,1085,1262,1267,1144,818,323,139,415,591,641,529,429,215,113,127,209,378,512,613,622,484,194,166,545,847,1045,1043,909,652,319,1,261,404,465,410,319,233,165,182,244,345,448,487,450,327,119,155,441,683,817,845,765,554,310,17,216,397,498,515,458,366,275,176,90,1,37,65,104,148,184,245,284,298,279,208,107,15,136,240,310,335,300,210,99,30,149,213,208,134,12,120,209,2,5,1,1,5,2,4,5,4,2,2,7,66,131,173,175,131,58,45,145,242,283,295,256,178,75,46,157,245,289,279,246,166,78,15,80,120,118,87,66,38,23,39,94,163,229,281,278,245,120,55,271,448,579,645,606,470,272,35,195,356,471,485,445,341,254,195,173,212,253,289,265,154,24,276,543,784,956,984,850,596,267,99,445,620,772,764,644,415,287,258,184,302,371,366,345,234,75,462,904,1232,1380,1377,1171,769,301,191,555,774,834,736,647,431,298,293,389,516,663,763,671,417,10,450,911,1268,1403,1271,1019,646,217,110,360,33
13,3,1,11,3,2,16,6,14,17,5,36,20,0,8,9,8,6,6,14,6,16,14,6,7,19,3,8,5,19,14,2,9,9,0,6,19,7,14,5,11,11,19,28,0,20,8,15,3,1,2,4,11,6,7,16,16,1,9,6,20,8,12,8,8,11,13,8,4,6,4,3,13,2,17,2,7,15,35,3,2,2,19,14,7,3,9,5,10,12,24,15,6,12,15,14,0,11,10,6,6,11,21,3,2,10,5,0,0,3,1,6,12,4,9,8,9,7,3,11,0,6,0,1,15,8,11,5,0,3,0,5,3,21,0,4,0,3,2,15,9,7,2,7,12,3,6,3,14,3,3,19,9,23,16,12,4,36,4,5,0,19,23,14,15,27,1,8,1,0,1,14,13,18,7,7,6,6,13,4,3,11,5,0,1,25,10,7,17,1,31,10,1,13,8,14,4,11,12,139,260,369,454,518,553,563,561,543,517,472,409,336,242,136,23,97,201,290,365,421,450,456,448,426,7,365,330,301,270,244,223,205,187,187,175,165,157,130,106,67,29,30,86,159,246,340,443,527,599,628,613,20,12,28,8,12
28,33,68,240,484,329,869,251,1299,1024,416,501,247,279,1197,213,785,621,1645,848,473,71,188,930,1340,441,629,708,743,521,428,208,313,82,85,295,1102,1004,247,456,23,25,168,116,118,552,245,488,367,165,1280,188,371,182,432,407,320,535,265,643,401,337,444,379,602,496,49,613,87,720,678,603,4,334,249,35,54,84,186,56,96,134,1,270,193,26,274,61,128,131,259,114,447,576,107,801,411,249,875,966,332,612,619,400,203,162,76,200,181,8,297,548,40,396,486,29,217,303,22,10,123,333,60,244,94,175,23,316,25,348,178,189,35,63,54,365,618,43,113,2,408,258,150,4,58,137,371,407,118,354,322,197,353,416,91,390,232,708,216,78,155,453,296,189,185,160,15,192,344,168,43,564,715,174,240,144,498,488,264,314,276,401,234,78,277,95,288,347,592,80,742,295,113,224,379,94,432,566,298,470,426,660,177,241,380,31,210,588,340,164,63,240,181,233,525,423,447,196,222,354,352,483,372,36,749,526,77,539,564,746,118,189,373,1218,512,718,716,1142,435,1226,423,202,609,462,822,547,133,230,438,969,813,1077,68,252,510,355
16,15,45,31,62,124,23,61,92,136,68,35,44,61,165,4,183,14,0,61,24,66,246,170,11,35,73,9,48,20,165,73,108,127,42,16,105,123,83,76,91,164,4,71,76,47,37,71,123,1,103,9,61,76,65,46,142,32,66,6,29,119,19,136,184,68,78,136,85,6,118,41,25,0,98,42,70,106,21,124,164,11,153,10,0,158,16,183,29,25,1,151,158,70,29,8,111,63,61,73,103,78,51,31,46,5,5,55,28,78,30,33,53,104,73,80,77,77,34,51,59,23,16,0,18,26,9,26,16,4,32,30,18,9,5,122,271,385,443,438,372,269,165,82,76,133,232,383,529,655,642,510,259,80,474,837,1133,1271,1259,1114,47,595,373,214,142,214,407,591,774,856,816,655,423,140,115,293,366,380,319,256,224,242,382,560,825,1054,1218,132,31,80,138,68,42,28,147,110,60,66,141,46,144,26,19,70,79,125,58,51,66,32,98,132,49,40,28,11,82,172,173,26,167,30,84,102,0,15,78,61,23,4,19,111,208,13,82,86,47,67,3,7,27,170,21,30,68,115,51,35,76,25,54,160,110,4,4,52
10,3,1,6,3,1,176,154,48,125,330,504,575,529,352,65,287,670,1020,1236,1314,1224,997,643,282,44,308,498,624,705,751,770,0,662,501,269,8,292,523,631,561,315,54,459,807,1014,1024,863,554,164,237,612,917,1085,1142,1086,976,801,612,0,8,7,1,2,0,1,2,2,6,4,1,1,4,1,4,1,1,1,0,1,1,5,1,0,2,1,3,0,1,2,1,3,3,4,2,0,2,1,4,2,0,2,0,0,1,2,1,0,1,0,4,2,0,1,2,1,2,4,1,0,0,2,2,1,2,0,0,1,0,1,0,0,0,0,1,0,0,0,3,0,2,0,0,4,2,0,2,0,1,0,0,4,0,2,3,0,0,2,2,5,0,0,0,1,0,0,0,3,0,1,0,0,2,1,4,0,2,1,0,4,2,0,0,1,1,2,0,2,0,1,0,0,2,1,1,0,1,0,0,2,1,1,1,2,0,1,4,2,4,1,0,2,1,4,0,1,1,8,2,10,4,1,3,3,4,1,1,4,7,3,1,3,2,5,4,0,0,0,2,2,0,5,14,3,4,0,3,2,3,2,1,1,1,5,3,0
122,268,71,228,95,407,365,354,7,29,556,341,9,321,120,376,310,34,188,101,303,116,126,276,294,81,637,250,136,112,89,148,61,599,139,202,16,33,189,413,88,349,198,46,93,296,667,159,132,2,490,265,271,272,241,140,98,74,125,202,444,392,2,367,652,251,49,243,611,180,1122,1714,1003,315,933,750,284,87,295,370,154,158,114,392,632,167,508,517,27,153,146,339,32,668,621,152,122,886,84,926,758,29,486,551,411,243,402,943,583,596,1011,398,450,711,212,273,397,189,28,120,178,153,138,12,40,181,54,85,40,108,92,182,115,98,326,271,153,56,92,42,102,327,349,126,387,66,155,618,282,420,92,20,521,268,393,175,284,130,61,352,158,108,134,51,137,164,26,44,322,153,446,277,276,487,285,4,102,203,18,69,189,383,268,71,126,49,621,329,552,53,43,220,435,47,228,33,406,78,327,12,430,268,214,397,352,445,226,80,108,372,33,556,382,246,317,45,143,430,331,262,242,132,89,417,356,123,90,498,633,303,487,223,415,150,682,622,92,23,59,12,761,18,347,21,44,203,33,193,122,150,16,119,448,254,141,328
38,24,569,488,378,245,89,83,269,445,602,82,838,902,935,929,891,825,727,609,470,328,167,12,110,216,293,316,298,233,140,12,129,272,408,527,633,705,753,933,777,757,724,683,632,585,532,491,463,441,433,428,432,429,420,396,352,291,213,121,31,75,176,272,359,428,483,512,524,509,471,422,352,267,182,518,10,64,135,191,233,257,262,246,202,137,61,41,143,237,320,376,399,387,346,274,187,86,2,89,156,198,220,416,198,168,121,76,27,15,49,61,63,42,8,37,92,145,188,221,229,221,197,13,44,14,10,37,16,16,25,35,3,16,126,129,147,180,242,332,434,543,648,721,753,741,678,562,419,269,122,12,69,936,64,3,103,226,352,469,559,619,633,604,526,409,257,82,105,295,486,641,771,872,933,955,942,888,807,685,550,210,228,63,92,236,354,446,510,543,551,529,497,436,363,266,157,37,87,217,344,454,551,633,692,723,745,747,730,705,656,602,530,453,371,295,222,984,104,77,68,69,90,124,161,202,248,275,285,289,266,222,159,69,26,138,246,364,473,571,656,715,746,741,707,415,512,377,224,49,102,250,378,484,561,63
24,22,139,63,278,78,228,47,170,256,279,218,96,26,205,315,469,533,541,398,143,98,322,458,494,448,401,347,306,296,279,240,6,58,80,254,418,553,577,571,464,283,129,69,30,8,100,200,390,633,876,1085,1175,1190,1071,809,471,158,61,7,23,185,25,23,41,18,17,47,75,47,77,18,113,45,93,18,9,2,85,22,56,70,7,33,52,87,26,121,61,43,37,58,16,43,5,5,40,12,65,23,89,59,11,75,73,115,7,17,72,23,11,11,73,63,40,82,189,65,23,23,16,23,7,19,27,72,57,5,18,35,3,2,32,1,0,92,47,23,49,16,11,22,36,86,0,28,31,32,2,21,50,0,48,71,5,36,120,21,177,43,5,28,39,84,39,33,101,15,8,5,5,37,85,137,4,151,17,158,11,11,136,24,41,42,84,81,39,11,69,99,82,63,58,18,101,11,87,49,51,157,3,69,49,118,38,27,2,160,8,138,8,1,5,30,134,103,42,105,36,207,159,101,76,4,4,49,51,16,84,95,41,35,69,18,24,26,114,2,168,9,101,63,6,65,101,28,1,153,15,122,118,210,37,50,6,10
18,22,1294,1093,798,423,9,404,766,1067,1254,749,1262,1070,775,410,6,410,779,1056,1239,1312,1236,1035,741,368,19,426,810,1075,1260,1309,1230,1021,705,316,109,540,858,1996,1288,1297,1167,915,568,143,281,669,1009,1203,1278,1214,1027,722,341,76,503,837,1091,1217,1206,1056,788,449,62,330,673,957,1117,1144,1034,807,503,129,281,98,861,1029,1071,982,777,471,115,270,624,862,1030,1050,931,687,360,49,460,768,982,1065,970,718,359,68,491,839,1007,1060,852,511,78,359,715,913,931,741,384,35,433,723,812,673,332,82,457,638,548,0,3,9,1,1,5,7,0,4,9,1,148,288,338,274,106,89,287,381,393,318,164,31,221,366,445,429,367,212,24,222,352,467,513,475,369,207,9,196,372,503,571,564,485,329,133,90,323,516,648,698,670,559,375,126,146,421,650,309,881,850,711,471,159,175,540,830,1020,1108,1068,887,593,213,235,657,981,1235,1338,1284,1070,724,272,253,701,1102,1383,1495,1432,1205,837,359,163,670,1076,1978,1558,1537,1351,1004,546,44,504,960,1308,1521,1572,1447,1170,767,289,231,676,1130,1381,1512,1489,1314,1000,579,120,349,803,832,1347,1435,1376,1176,859,462,36,402,805,3
8,0,1036,826,580,307,26,231,511,744,958,152,1244,1301,1294,1229,1110,943,736,510,243,40,321,583,821,1009,1133,1253,1303,1243,1191,1059,872,641,376,83,193,468,729,1927,1131,1245,1300,1281,1206,1058,851,653,366,72,228,509,761,970,1121,1199,1239,1225,1108,942,729,476,202,98,357,617,820,978,1088,1133,1117,1034,888,698,454,917,55,311,542,742,904,1009,1063,1046,938,795,577,323,45,236,494,751,917,1040,1051,996,846,626,347,24,288,593,814,1242,1018,942,768,509,193,138,437,701,841,866,757,525,207,145,447,653,701,544,249,1,13,0,3,1,0,2,1,2,3,5,270,329,313,225,76,91,246,354,397,391,324,216,78,72,217,342,416,472,465,866,331,213,76,71,192,330,452,525,549,542,497,411,298,158,31,145,300,434,564,659,717,726,698,594,486,318,145,88,274,486,677,834,962,1003,1010,947,811,619,391,124,164,454,759,992,1135,1278,1329,1299,1194,1008,733,432,107,245,598,908,1167,1365,1491,1510,1491,1369,1109,1688,515,162,190,533,854,1136,1351,1535,1567,1543,1437,1259,1025,736,409,59,268,599,882,1129,1320,1441,1491,1448,1354,1212,986,234,431,126,182,478,751,1012,1153,1310,1360,0
6,14,11,27,7,1,796,1015,693,71,925,1491,1575,1198,512,240,850,1152,1111,779,344,34,199,120,73,259,277,99,181,399,424,233,13,394,576,493,81,522,1078,1363,1242,785,174,352,675,801,782,692,596,521,437,258,15,326,603,730,618,288,91,2,13,7,16,12,50,5,5,23,26,4,12,27,2,7,7,29,22,18,10,21,19,21,27,39,39,10,18,14,8,30,16,26,6,20,10,6,4,1,26,0,28,12,12,0,14,4,21,4,18,8,14,4,2,3,2,14,13,7,8,0,3,14,10,13,15,8,17,6,6,9,3,14,11,1,1,11,6,4,19,2,3,16,3,8,18,0,10,16,6,1,7,7,8,3,0,16,19,0,9,33,8,12,11,28,7,29,52,2,8,12,15,8,6,0,2,10,14,20,13,29,6,4,13,0,27,15,6,1,48,4,7,13,53,22,2,11,8,21,20,11,16,13,12,18,6,13,6,31,5,6,11,32,1,2,17,20,18,6,13,41,48,47,8,4,8,18,19,27,8,17,18,28,11,1,27,7,19,10,13,3,10,2,53,9,3,7,9,21,10,8,9,16,18,9,34,1
73,22,661,933,1005,1031,842,498,110,346,718,1060,1289,1263,1082,674,233,266,733,1007,1156,1192,1053,649,268,131,478,768,875,791,736,497,229,3,192,302,349,315,194,143,112,74,91,164,211,258,255,182,51,127,312,508,623,647,604,424,183,90,387,640,800,858,773,574,290,43,390,658,850,910,843,630,355,11,323,604,797,850,796,653,385,70,232,496,685,695,677,561,357,106,148,383,581,666,655,545,356,115,146,384,572,662,638,527,307,53,205,431,564,590,521,367,141,84,271,355,366,262,99,61,157,147,33,2,1,1,0,0,0,2,2,1,1,8,150,80,29,125,175,183,155,92,41,2,26,17,9,51,82,105,98,67,22,46,122,184,221,223,197,127,44,51,131,201,245,248,216,162,87,1,88,174,217,244,221,179,133,75,19,30,57,104,130,145,162,171,183,179,160,125,47,30,156,269,383,449,479,417,305,100,115,356,570,719,768,704,562,284,53,394,717,889,967,999,736,463,79,355,705,1259,1398,1308,1121,695,199,294,747,1122,1225,1134,942,653,275,114,510,695,806,825,659,498,262,79,61,124,177,154,136,143,192,254,345,417,458,460,398,9
6,445,496,376,685,297,456,61,376,346,370,122,203,110,426,186,810,938,566,712,426,421,119,355,709,120,151,405,455,126,37,247,399,99,181,357,863,827,1,1305,292,167,202,519,922,81,578,36,339,171,96,426,424,165,761,697,212,54,591,217,1032,74,840,211,39,113,382,574,375,94,1014,394,54,175,196,554,934,283,449,743,540,21,241,680,418,677,119,71,479,868,197,308,61,768,356,424,734,246,542,266,272,81,393,181,318,321,396,549,730,878,996,73,63,147,694,39,767,211,4,50,98,131,37,58,97,141,279,23,59,74,327,82,524,134,355,9,220,323,64,337,324,408,387,192,493,299,432,320,241,178,694,52,220,195,264,332,521,64,94,134,276,304,216,47,200,230,35,833,355,200,120,329,187,743,736,345,1247,288,1100,206,216,303,71,71,529,383,306,192,18,331,45,143,99,215,303,183,337,377,276,798,719,560,138,215,766,505,278,15,74,77,310,411,322,203,102,346,256,180,416,228,362,598,627,259,381,721,1014,518,174,679,1065,770,238,401,887,594,119,14,101,173,246,17,92,104,79,127,126,73,94,89,45,151,598,284,234,97
8,96,26,168,82,384,84,86,6,157,48,348,49,89,14,70,200,165,378,753,281,266,157,158,143,605,100,367,19,536,133,233,29,137,62,490,470,253,466,324,321,84,94,105,646,281,32,361,294,22,350,395,212,172,473,70,339,114,464,113,232,148,248,243,303,82,221,303,122,22,81,785,692,347,954,220,802,752,375,1005,198,998,912,485,1392,436,1096,1123,398,1201,285,958,685,603,887,245,94,254,953,725,670,1096,123,1083,200,1068,471,1014,852,764,1293,170,1360,504,1093,1013,538,1086,72,793,111,576,100,107,93,53,83,118,83,22,82,170,57,10,100,183,271,146,45,154,334,470,176,203,103,563,126,401,80,391,149,541,605,447,95,37,96,111,324,137,96,42,287,30,248,414,66,159,71,36,35,690,63,116,407,98,90,342,366,122,332,235,79,90,84,108,126,329,175,469,258,26,396,147,98,82,107,294,257,460,243,334,245,468,781,109,414,53,504,173,292,140,336,82,283,476,61,104,290,49,174,238,39,325,271,142,133,131,472,86,665,271,468,259,206,100,307,151,65,324,126,446,165,2,14,465,15,308,74,348,342,136,221,24,21,3
23,149,264,272,479,60,283,29,789,137,119,368,497,188,67,12,57,127,230,873,255,470,39,177,345,171,413,466,557,103,290,368,191,473,348,276,142,612,119,656,68,317,328,193,417,44,721,199,598,1019,70,296,326,362,642,108,218,507,750,539,144,52,285,405,83,157,331,347,819,553,297,344,554,697,704,60,510,163,512,57,453,292,126,250,99,250,247,75,484,25,33,327,240,369,88,71,19,490,361,378,32,281,428,555,15,408,196,182,134,456,130,28,129,85,102,331,475,379,280,136,199,2,113,39,244,290,234,98,19,47,12,77,151,205,148,271,273,91,23,290,344,127,28,480,99,251,160,7,81,462,307,411,14,98,139,54,43,91,344,237,475,331,181,529,309,222,271,511,51,185,661,369,431,84,307,85,546,441,276,289,422,168,33,404,386,133,4,243,455,84,109,355,191,1,323,84,663,120,238,68,433,407,235,289,379,145,443,626,158,926,843,554,1583,482,1572,1538,801,1809,470,1278,1166,264,1040,569,379,850,750,188,1305,725,1145,1298,590,1330,50,958,112,498,423,331,859,559,1192,945,1260,1340,1125,1409,653,1352,429,144,44,396,162,545
4,41,83,49,22,12,112,12,40,27,45,192,51,87,95,232,87,276,434,154,106,40,109,201,94,172,34,112,39,216,153,182,41,119,72,89,173,76,188,79,127,35,64,141,73,16,87,139,62,75,110,146,0,72,89,119,188,167,11,203,66,80,21,111,193,322,218,37,8,71,64,128,16,98,95,185,10,16,63,29,77,39,184,86,172,36,79,240,139,233,171,140,36,48,69,60,49,132,66,43,97,15,283,49,171,83,21,22,49,52,23,152,109,104,98,13,55,33,26,60,103,10,44,49,43,54,43,0,6,44,34,21,39,18,46,56,87,10,147,87,50,74,75,3,12,30,69,152,79,36,26,69,30,95,203,143,72,21,112,169,156,40,137,206,98,156,23,94,77,55,122,82,142,134,26,5,65,61,27,36,154,41,77,26,120,82,176,22,149,72,50,91,81,159,66,136,143,138,475,557,201,349,686,437,136,711,813,241,641,1176,883,114,1125,1367,609,583,1192,909,117,607,697,265,253,321,30,335,300,168,682,746,150,753,1226,907,191,1153,1324,567,407,1045,937,208,541,852,517,164,655,573,64,424,549,42,16,56,38,15
3,151,231,466,120,1705,912,969,630,857,458,861,462,761,296,493,215,326,46,61,86,222,100,367,120,736,412,466,323,283,379,260,297,177,75,53,235,378,253,423,100,570,93,633,17,486,317,310,444,223,481,201,472,264,455,761,316,695,167,389,502,61,178,165,266,343,1842,813,511,76,1579,339,655,165,699,589,433,701,723,93,1177,656,803,413,260,366,379,81,889,211,483,1003,649,447,211,655,299,321,361,671,93,169,590,521,1081,1754,262,1,165,217,163,67,236,45,559,701,279,505,50,15,110,275,231,343,507,121,176,227,417,26,155,445,1,101,715,421,148,129,129,191,1153,505,673,76,241,365,45,287,184,421,881,561,877,357,1051,1113,123,310,42,182,227,1380,745,409,174,315,165,861,629,31,236,491,937,50,713,75,181,347,1081,577,653,1207,10,1053,533,935,487,809,1145,73,517,475,1303,1103,319,617,961,1077,209,198,883,234,1480,655,289,635,226,239,525,805,715,355,158,8,223,1375,1409,319,1541,925,124,115,729,1001,33,795,827,183,261,27,1333,1259,129,1421,1253,11,685,1123,1837,1344,427,213,365,344,94,392,223,329,1187,691,55,139,624,490,215,2
113,123,565,495,82,479,226,419,668,156,697,607,382,619,1072,656,246,800,656,82,346,348,115,3,58,58,100,261,165,90,257,93,190,266,57,450,441,104,687,598,69,613,769,387,194,530,550,286,49,393,537,378,85,513,522,92,354,366,14,278,143,194,377,119,307,555,304,201,563,467,60,305,391,266,96,604,210,365,354,88,352,616,415,183,667,554,70,600,480,120,506,255,281,433,31,434,406,83,497,376,91,423,293,464,249,146,6,32,3,43,137,119,57,236,177,75,275,179,109,286,129,164,260,73,10,2,1,44,9,12,1,14,15,3,166,183,95,9,106,309,348,14,580,703,114,702,889,250,594,787,254,326,377,536,81,152,315,3,538,622,61,604,655,91,451,377,85,321,21,473,415,253,828,676,141,865,836,163,525,643,301,602,153,48,41,306,438,176,416,762,506,188,686,605,69,394,373,4,241,8,415,478,102,820,980,262,766,1298,837,238,1086,1047,290,484,653,356,32,780,87,94,470,599,206,433,743,428,171,510,252,173,251,201,572,319,537,1106,718,439,1306,1125,37,1025,1184,418,512,163,340,187,215,128,235,125,577,495,116,51
24,1,670,645,600,533,447,346,238,105,13,401,268,376,469,543,601,648,650,644,602,553,479,387,282,163,47,84,205,315,416,505,575,625,651,647,629,591,508,48,301,177,49,78,204,324,430,523,589,633,648,630,588,523,443,331,212,74,48,175,294,399,486,558,587,576,582,528,458,371,266,152,31,83,216,6,401,464,508,527,522,491,436,361,263,140,23,104,227,335,423,489,522,527,485,420,318,189,46,101,236,358,451,532,501,460,373,247,97,59,208,334,406,429,399,309,173,7,144,278,344,315,205,0,2,1,3,1,2,5,0,0,1,3,23,99,157,183,168,119,41,27,104,158,198,216,212,187,140,75,4,63,130,221,226,250,257,246,223,174,119,46,18,92,158,215,261,293,312,302,300,269,223,164,90,11,80,157,229,306,368,180,439,444,425,384,319,243,144,38,82,203,318,424,513,576,611,631,599,547,463,350,215,65,97,250,388,507,618,695,742,754,731,661,579,467,327,532,5,158,314,456,578,676,749,782,773,748,687,597,485,351,207,43,117,253,387,506,603,676,728,738,725,702,634,8,428,305,174,39,94,221,353,463,553,7
23,15,1,0,20,10,13,14,31,0,16,0,13,18,7,10,5,8,1,16,30,28,23,32,6,1,15,6,12,12,19,8,23,34,8,32,3,9,7,21,4,10,26,0,1,19,35,18,15,4,18,37,42,5,0,33,14,26,3,8,9,5,16,1,11,26,1,0,26,34,3,5,11,17,1,0,23,1,16,13,11,17,7,22,1,0,31,8,0,10,17,7,17,5,12,32,6,4,18,2,7,3,9,11,12,3,24,6,14,12,8,1,6,7,6,15,6,8,7,5,12,1,1,16,6,0,10,0,4,4,1,0,5,4,3,1,11,16,0,4,2,0,2,1,10,10,14,9,1,4,12,6,13,5,10,14,13,10,6,4,3,1,6,24,15,4,5,2,6,6,4,12,11,14,18,4,7,15,4,9,0,14,4,15,21,2,17,7,11,3,6,8,8,6,9,31,31,10,51,35,131,225,316,385,429,461,483,491,492,466,424,364,265,147,17,116,252,372,487,545,591,594,576,541,8,421,338,244,142,42,62,145,215,263,289,296,265,234,188,143,93,55,2,39,88,128,171,195,212,218,248,0,7,6,6,9
129,95,965,326,604,78,233,219,80,569,195,112,324,469,1482,1409,458,751,944,16,158,337,158,178,279,4,598,290,834,379,619,188,604,659,164,930,98,120,677,139,113,49,861,718,918,569,112,383,45,1180,493,9,185,375,435,633,409,296,112,37,651,109,833,919,5,421,313,955,304,195,763,440,141,355,398,7,161,107,1,47,94,206,203,22,264,278,97,147,5,131,56,201,686,608,159,1070,178,320,642,1041,605,120,611,538,133,77,73,141,95,393,413,64,423,582,183,179,254,156,106,21,111,340,218,37,297,21,563,57,95,1,154,8,123,385,365,479,140,476,234,78,435,479,560,200,567,325,338,185,582,68,185,583,106,223,622,559,588,254,58,151,40,435,111,103,532,387,19,290,25,242,89,428,118,87,504,299,181,763,607,180,379,215,116,2,584,351,108,246,588,1039,34,28,40,233,169,393,206,734,1468,1752,362,575,254,235,517,329,115,23,407,531,42,123,393,447,81,267,420,154,399,627,200,18,351,440,1256,37,214,914,11,269,19,567,244,223,61,123,225,71,136,253,649,171,352,109,213,182,554,594,462,796,406,177,218,225,144,179
28,104,111,65,38,6,38,23,61,80,188,116,19,85,22,39,104,177,5,42,58,64,52,110,26,98,75,51,67,44,24,66,174,246,28,75,21,28,62,31,108,82,140,27,97,76,70,54,80,55,42,45,4,21,73,79,129,153,100,49,11,161,25,68,149,175,93,85,172,119,50,39,55,111,131,14,130,72,50,35,37,39,15,109,102,8,18,101,14,8,17,50,12,114,80,69,33,0,9,1,9,58,248,72,31,43,94,32,176,106,53,129,19,0,86,66,49,85,8,62,19,39,16,18,21,48,3,4,76,12,34,17,15,13,258,444,540,481,323,100,100,213,235,178,74,0,22,186,419,713,900,934,683,216,401,944,1309,1400,1222,866,79,54,190,257,180,66,4,75,329,681,998,1154,1104,870,552,209,31,170,188,154,127,193,420,742,1082,1314,1362,35,22,18,10,26,113,7,42,139,1,51,3,68,100,102,78,95,36,75,202,48,35,72,21,24,30,42,21,79,68,31,47,45,57,8,48,91,92,70,59,38,7,128,105,82,187,13,192,20,12,65,0,73,137,35,136,40,130,88,61,21,1,37,181,15,87,20,38,44
10,0,0,1,3,2,109,11,118,260,375,423,385,257,50,213,505,807,1052,1250,1341,1313,1173,966,682,422,188,2,153,273,377,467,1,637,689,689,616,470,229,51,348,587,733,742,611,372,63,271,594,871,1057,1179,1212,1154,1026,865,668,475,297,5,5,9,5,4,4,1,3,2,0,0,2,0,3,1,0,0,1,3,0,1,6,0,1,2,3,2,2,0,0,3,4,1,4,0,5,1,0,1,1,0,0,2,0,3,0,0,3,2,0,0,0,0,3,0,4,0,1,2,7,1,1,0,1,1,0,1,3,2,0,1,0,4,2,2,0,1,0,2,0,1,1,0,0,1,0,5,0,0,0,0,1,1,0,0,0,2,0,0,1,2,1,0,2,1,0,0,0,2,1,1,3,2,4,2,2,1,0,2,0,3,0,0,0,1,2,0,1,0,0,1,1,0,0,0,1,0,2,4,3,0,2,0,1,5,4,1,1,1,0,0,1,4,1,4,0,8,1,1,4,1,5,4,0,3,1,2,0,1,2,0,1,0,1,1,4,0,1,1,0,0,2,0,8,6,12,0,8,1,0,0,3,0,0,3,1,1
63,82,167,140,109,22,199,112,215,82,739,612,59,461,61,209,49,543,208,219,289,37,70,604,310,252,382,80,265,306,310,106,297,7,302,43,334,50,449,116,125,326,633,232,286,177,94,502,45,473,456,26,404,101,643,545,595,282,209,105,491,134,176,313,245,595,272,98,5,133,748,788,624,459,149,440,983,813,256,333,819,871,591,115,844,955,511,56,347,380,513,429,313,116,393,841,227,210,747,1362,952,103,1064,1212,833,176,987,1238,470,428,904,621,76,459,513,259,46,249,250,117,10,177,252,226,136,40,5,54,172,90,164,26,110,47,390,219,139,161,7,56,107,661,244,245,289,250,36,97,262,508,87,284,217,136,172,79,30,123,245,439,376,133,525,472,272,387,154,134,313,36,36,209,257,403,151,164,95,32,23,191,120,354,344,143,216,507,81,88,592,456,141,536,327,77,397,257,203,254,381,233,328,222,227,247,172,256,576,639,633,439,150,307,99,28,468,571,340,71,46,285,57,569,394,236,511,665,217,360,241,75,182,164,77,210,47,678,22,154,459,446,147,70,326,362,315,233,526,84,581,22,22,189,535,480,91,206
18,114,562,392,37,383,836,1072,1290,1266,984,616,210,140,380,428,356,199,11,37,1,196,483,775,998,1152,1064,781,298,180,653,977,1009,941,742,484,217,57,26,93,231,376,457,405,190,118,457,784,977,1102,968,738,392,44,256,418,516,437,346,222,144,149,226,344,482,574,579,465,249,43,366,639,823,869,813,632,383,128,86,246,316,326,276,216,192,166,204,268,344,366,343,255,108,89,299,486,616,673,629,477,272,23,228,442,581,647,596,475,297,75,137,335,467,536,496,390,230,25,168,338,414,385,277,3,2,1,4,1,2,4,2,3,0,2,52,129,192,210,179,107,0,112,218,297,326,300,239,133,13,117,221,294,322,310,233,136,37,57,130,168,162,118,77,44,27,43,83,162,209,257,242,187,59,119,319,491,613,611,545,388,188,39,239,374,435,411,354,274,201,190,227,283,343,368,339,191,21,315,589,834,982,964,807,542,225,91,381,494,540,521,422,269,244,308,353,523,639,632,563,385,4,494,957,1274,1362,1293,1072,693,297,50,243,355,298,163,171,103,199,443,709,1005,1125,1192,972,613,116,364,741,982,1110,933,661,429,197,103,154,20
12,26,32,207,139,39,133,349,398,343,229,100,31,112,55,138,371,542,478,195,214,607,813,854,693,427,128,90,218,218,235,206,70,87,60,240,426,510,411,83,292,624,732,736,679,617,544,426,236,86,494,892,1174,1164,857,306,194,594,684,88,215,25,92,121,158,8,189,179,30,12,96,38,105,25,42,23,72,150,73,16,14,142,0,58,63,9,88,111,87,35,40,14,36,7,59,13,126,45,6,117,47,173,63,78,83,98,9,77,7,2,49,108,21,82,14,42,11,34,19,34,36,3,49,68,70,33,0,21,1,57,27,12,1,67,59,77,8,21,7,42,14,68,46,18,18,44,58,5,37,42,26,101,162,28,28,67,0,122,111,41,93,51,108,68,65,4,104,31,22,82,106,62,79,31,49,20,32,73,105,78,14,28,2,7,0,28,125,82,18,19,42,134,33,95,146,39,40,111,61,26,47,57,165,81,16,88,67,3,74,70,30,27,64,122,143,123,115,42,20,167,77,85,115,14,27,77,36,4,3,21,115,147,108,4,51,8,107,153,68,1,49,105,190,167,77,18,31,15,38,47,70,54,99,78,85,23
163,171,110,170,649,729,355,298,192,708,750,64,630,855,602,375,1025,1020,213,636,679,620,323,606,845,240,138,230,80,293,114,235,475,40,243,622,290,66,452,646,554,291,353,889,846,54,931,1420,784,577,1400,811,223,1086,869,42,648,547,231,562,184,63,217,34,993,1,282,20,174,281,440,249,140,80,709,404,501,318,134,199,138,557,146,317,415,122,739,660,9,504,350,380,348,209,15,261,746,250,555,301,67,156,95,430,187,182,187,2,167,418,188,199,11,165,202,435,68,245,99,66,304,153,197,320,16,133,21,214,68,314,49,135,164,261,92,243,183,200,421,4,88,177,328,268,123,140,609,557,758,324,664,309,151,503,33,273,630,189,308,102,619,17,379,360,877,210,80,157,0,434,455,886,135,163,81,94,707,194,73,502,566,254,38,116,393,76,320,166,480,715,511,371,501,583,130,81,661,846,253,258,96,99,787,765,607,125,167,361,39,9,390,581,756,364,549,242,409,164,119,401,439,571,614,550,337,927,567,204,19,2,431,203,167,330,446,443,367,723,434,308,232,14,119,1215,178,546,82,85,108,28,857,802,515,698,782,146
100,74,401,237,33,171,358,485,564,543,440,505,43,206,428,595,683,698,638,524,395,257,132,41,4,21,3,33,84,111,144,140,107,18,87,225,366,500,571,684,587,532,435,340,256,199,167,165,167,176,148,126,57,11,109,191,255,281,276,208,105,35,176,316,418,482,491,472,423,366,290,220,174,156,151,168,230,293,344,380,394,368,296,195,71,72,224,350,432,457,409,293,124,56,234,367,430,411,330,194,51,78,159,428,195,150,80,14,42,59,49,8,76,146,198,226,199,152,69,18,104,155,176,22,0,8,10,14,28,12,0,3,1,8,110,119,105,84,76,112,195,331,487,635,722,726,638,474,253,36,144,240,246,762,17,163,313,435,476,431,299,121,71,236,335,341,256,97,111,332,520,653,731,719,635,509,350,179,21,82,135,558,96,4,129,262,393,488,526,497,423,309,166,35,73,155,190,188,130,36,120,309,526,727,899,1010,1065,1037,969,836,673,486,304,141,21,39,31,1059,149,281,413,521,571,563,495,377,224,70,77,186,245,233,148,15,238,499,742,946,1093,1176,1155,1077,928,727,483,611,62,87,172,164,86,52,214,389,512,54
4,8,10,30,21,4,37,479,978,1349,1503,1448,1194,860,461,47,318,587,733,758,688,503,286,77,83,182,195,134,17,106,226,271,9,203,53,193,495,800,1055,1219,1259,1175,1012,799,609,460,365,307,292,303,298,260,159,24,146,330,487,541,491,28,8,26,10,17,24,4,41,29,2,15,25,5,0,9,32,2,12,1,3,5,5,24,7,12,14,2,13,33,17,12,13,5,4,26,15,7,27,11,2,6,1,15,0,29,28,19,24,13,8,3,10,4,1,26,12,4,1,11,5,33,10,12,8,2,1,7,4,2,2,4,6,1,8,0,14,17,8,2,7,3,3,0,21,7,0,6,25,0,4,19,8,49,1,38,41,5,12,20,24,0,9,16,21,10,20,7,4,9,31,1,0,23,0,28,24,24,28,7,2,2,6,15,4,39,40,28,21,13,7,14,16,17,32,11,5,6,19,28,0,5,18,21,1,12,14,36,27,21,0,22,20,0,2,8,23,50,3,22,29,7,20,2,38,17,16,57,2,24,12,45,36,62,22,0,26,6,21,15,8,5,16,16,50,13,15,18,5,37,3,29,14,19,22,7,22,7
113,219,160,241,757,225,189,93,99,621,2,179,637,56,91,103,64,108,218,207,275,365,239,755,216,103,439,859,167,319,41,677,7,179,64,82,4,27,31,353,36,405,11,619,25,16,285,292,124,132,17,561,129,439,323,387,0,437,267,20,178,151,167,169,361,283,339,89,242,16,1292,390,1125,1197,309,1346,625,959,1276,123,1511,917,1117,1735,98,1790,1600,679,1908,646,1329,1252,482,1243,86,1244,55,969,1220,311,1512,528,1185,1067,744,1362,388,1649,251,1724,1246,1115,1789,114,1767,933,1144,1313,370,1089,32,802,8,41,289,154,75,237,131,41,160,13,73,106,42,305,19,216,287,111,295,48,32,263,283,93,39,65,335,77,151,425,146,55,157,52,111,319,495,359,88,197,267,18,142,397,65,201,186,693,110,72,248,95,155,99,175,197,257,535,57,64,427,141,234,237,3,162,459,304,68,817,519,137,262,297,829,449,146,82,117,365,296,103,264,166,31,136,18,82,165,509,177,32,551,125,38,135,295,5,357,261,74,723,639,633,101,415,277,469,559,228,559,97,373,173,279,273,605,423,165,123,721,207,162,75,473,335,129,135,17,19,391,177,44,411
37,96,121,238,91,123,80,139,264,94,15,197,353,218,165,52,75,101,222,110,144,269,69,189,431,45,177,188,81,62,77,65,233,208,240,278,119,123,191,99,81,50,235,139,77,35,356,397,163,364,72,157,94,147,30,281,289,152,241,154,7,170,39,12,12,222,45,83,183,110,183,253,119,30,205,188,27,247,39,172,44,87,130,141,38,118,254,194,40,25,27,52,9,94,221,401,196,94,2,158,146,17,94,103,65,151,161,141,105,160,199,49,165,50,129,165,92,30,206,35,16,17,33,89,83,52,76,49,21,34,26,49,23,2,30,118,78,51,89,155,21,53,21,129,70,11,14,125,31,245,59,147,188,129,259,2,33,99,208,195,7,260,149,34,18,332,42,90,61,159,199,18,192,133,188,228,106,97,76,7,109,247,290,13,13,101,32,132,181,155,208,102,281,90,52,141,230,206,149,7,143,217,201,83,86,123,141,127,76,434,624,363,146,767,1026,594,174,724,828,560,138,185,374,450,266,293,32,284,532,586,329,90,372,455,348,2,108,81,47,159,306,328,172,285,703,555,42,603,716,276,404,2,289,24,63,89
11,35,9,120,24,187,18,263,225,190,102,56,110,0,6,112,107,8,181,185,29,78,0,124,42,59,97,48,108,97,7,55,6,158,191,35,19,95,3,91,106,71,38,223,116,9,270,30,186,32,89,127,35,25,139,261,112,58,60,11,116,89,155,49,185,47,38,264,90,8,103,136,11,151,94,150,73,7,45,181,31,42,131,90,22,68,122,110,158,16,5,11,158,186,124,89,125,240,154,19,20,78,74,36,8,45,66,122,60,37,125,49,9,2,66,37,128,13,49,2,40,98,2,11,18,17,32,80,4,44,18,2,16,9,8,0,22,67,136,47,173,14,28,80,5,48,112,144,60,48,138,43,131,130,185,57,14,201,142,50,37,96,19,81,121,102,123,96,99,14,48,188,33,167,0,37,8,273,131,40,112,148,26,4,54,23,132,106,15,78,253,152,174,15,276,73,58,6,14,208,363,513,610,657,626,601,557,436,266,39,236,517,816,1074,1243,1293,1196,1018,714,400,79,174,350,385,8,106,117,361,679,893,1022,1066,1035,897,617,317,18,282,479,646,786,853,801,749,664,541,322,172,10,160,349,84,72,81,77,15
68,340,817,437,147,317,354,744,243,269,262,261,858,173,70,427,494,47,35,494,33,271,681,843,590,477,975,536,155,870,112,182,275,467,326,392,150,674,9,539,799,774,162,338,80,50,295,563,934,426,180,581,190,125,379,241,417,245,405,431,503,234,120,137,386,512,199,67,574,355,119,384,675,30,752,551,182,525,389,409,754,243,817,84,34,544,157,302,71,413,292,101,11,396,269,383,675,194,14,441,451,205,197,248,312,379,423,560,188,119,9,154,767,132,455,839,74,941,245,136,347,320,324,273,53,54,188,109,105,371,217,66,266,150,332,133,10,156,278,198,69,31,21,132,185,71,157,140,4,182,364,439,319,192,664,737,583,171,328,568,869,584,442,178,178,423,399,219,2,28,163,230,191,25,86,0,75,115,109,49,166,134,116,306,509,350,264,691,275,799,635,536,213,695,4,331,379,421,552,318,189,317,724,369,153,1076,216,526,85,233,301,517,142,97,152,276,212,233,501,424,60,22,164,888,497,117,1211,5,154,43,752,1087,160,167,231,841,306,36,157,351,607,315,975,140,844,143,282,0,410,678,1023,460,266,962,164,275
185,287,442,248,540,41,385,739,148,938,378,646,632,271,514,124,289,123,23,91,208,194,317,24,493,200,402,571,44,413,258,123,28,64,10,221,120,172,230,207,167,243,13,235,178,70,168,219,165,372,105,347,457,62,456,426,196,669,296,99,88,19,564,156,274,337,158,248,272,309,679,982,26,116,256,310,68,127,37,386,189,219,379,298,102,218,234,220,224,177,158,1012,205,244,61,561,661,14,184,652,132,43,44,449,296,525,189,108,75,26,124,449,693,56,226,51,249,84,120,299,147,139,455,172,79,320,63,238,21,57,115,81,243,105,288,216,92,172,316,303,196,675,174,307,85,116,118,210,255,155,417,222,95,422,89,218,327,692,466,27,930,329,257,576,406,112,340,335,377,66,86,680,8,56,99,1100,296,192,13,434,431,337,560,92,64,140,288,112,85,120,109,340,692,493,400,113,536,486,102,106,64,554,221,684,552,903,224,434,104,646,417,1063,44,581,372,307,411,261,653,77,400,774,874,1049,169,318,539,379,1048,813,282,22,289,726,5,382,199,571,150,507,642,82,514,1107,171,233,209,459,120,181,227,862,557,1053,194,99
19,80,402,293,1,360,728,995,1211,1209,985,651,205,245,667,860,958,876,679,375,148,30,21,47,192,343,403,333,118,179,565,960,1131,1199,1109,840,378,108,457,713,862,819,763,457,238,68,34,54,31,35,121,134,46,119,343,565,752,841,786,610,319,33,377,690,890,919,861,651,392,107,139,323,399,426,374,296,228,166,171,190,207,232,250,166,36,112,285,455,570,598,564,420,218,20,277,490,653,706,656,515,297,46,211,435,577,654,601,480,277,52,180,378,500,556,502,358,172,37,225,345,373,294,144,5,2,1,4,4,5,3,7,1,0,1,2,75,139,178,157,103,8,105,210,282,318,305,242,139,4,131,249,333,377,353,283,173,40,97,214,286,327,311,249,161,63,15,85,120,117,97,71,49,47,94,159,227,294,309,288,188,33,171,383,562,684,711,614,433,186,100,379,570,695,692,619,453,278,117,8,87,116,127,128,156,225,335,500,604,667,676,576,295,12,374,674,905,1022,1047,846,717,274,155,514,737,725,651,540,423,303,266,310,399,495,548,401,246,86,515,886,1194,1288,1307,1077,653,180,298,691,901,986,834,614,413,201,91,92,32
87,27,426,439,429,391,322,228,115,11,145,224,388,479,552,588,591,567,508,424,325,218,107,2,92,164,216,250,251,230,175,99,3,111,224,353,474,573,658,794,740,738,717,665,601,531,461,398,331,288,256,249,250,256,270,280,277,270,244,202,154,96,25,40,110,168,221,255,269,267,243,195,139,73,4,318,141,201,257,297,331,350,355,345,318,274,212,129,40,60,152,232,291,330,334,312,267,196,112,28,47,110,155,487,168,143,104,51,0,53,100,126,137,127,98,48,6,67,124,168,191,190,170,14,14,27,9,8,6,2,2,44,2,7,182,168,146,127,127,152,207,292,402,524,643,743,805,824,788,706,575,409,238,239,75,187,255,274,247,184,91,10,108,192,251,279,268,226,156,58,52,170,279,380,453,514,542,540,514,454,367,310,148,15,124,267,406,524,625,692,731,727,697,632,539,424,289,150,8,175,332,491,640,772,891,976,1031,1064,1058,1023,959,871,756,627,490,347,196,295,67,173,254,306,334,325,289,225,141,52,51,156,253,335,401,452,477,477,453,412,342,269,177,84,4,81,144,540,207,207,194,150,104,38,32,107,182,6
0,2,5,28,3,3,12,2,31,5,21,0,7,12,0,2,30,0,7,5,6,48,4,25,2,4,14,11,42,22,1,22,1,37,33,0,39,1,5,43,51,22,25,0,21,2,28,1,72,18,24,2,147,30,8,5,91,14,4,31,0,21,8,11,21,19,18,11,6,8,17,3,16,9,0,15,10,16,5,5,14,25,17,5,4,6,18,4,17,4,24,13,31,2,2,33,21,17,11,11,10,9,22,2,34,1,4,1,80,0,19,40,29,8,4,3,2,6,0,3,19,4,5,17,1,3,9,1,1,8,5,10,11,0,7,3,12,10,1,9,5,8,6,7,28,10,1,2,21,10,20,6,16,28,8,0,3,26,4,0,16,2,33,15,16,6,14,3,11,0,1,16,19,1,7,5,8,3,4,2,10,25,8,7,18,2,0,8,7,0,4,35,11,2,20,0,9,3,239,21,482,407,334,756,233,574,641,69,578,224,368,245,423,442,425,940,113,1034,935,345,1116,499,560,708,45,442,64,377,42,587,470,444,945,314,711,855,74,582,430,66,186,43,43,316,440,115,823,679,355,1104,569,9,30,0,4,3
93,13,39,432,220,15,191,398,336,16,431,69,630,74,134,106,759,122,23,304,138,295,161,78,388,606,0,590,281,491,474,698,47,480,91,349,598,92,220,469,593,94,473,439,58,541,8,52,632,343,974,266,211,83,168,283,499,199,795,46,6,99,125,817,388,91,90,475,43,614,202,384,513,283,88,205,142,25,26,45,92,53,127,212,97,54,88,33,15,78,319,363,39,474,750,354,355,893,650,41,559,625,252,243,265,90,63,90,100,14,251,332,5,244,310,105,93,184,81,177,182,20,247,63,233,105,74,175,26,70,62,3,131,114,48,21,111,129,92,2,96,151,110,22,370,40,42,151,181,34,60,108,706,416,165,342,245,360,184,90,190,32,242,93,273,258,866,168,283,77,246,93,271,63,145,400,10,20,151,256,144,297,149,61,8,373,398,17,359,18,436,314,364,332,45,26,209,439,542,221,41,330,168,752,301,10,12,482,685,314,300,374,782,149,125,363,358,82,329,125,237,258,236,23,143,59,123,77,204,70,816,787,809,1057,127,201,168,726,78,664,89,305,190,149,369,539,338,21,744,130,323,316,529,114,195,97
26,26,389,10,340,365,35,415,635,409,154,203,914,624,25,531,752,583,194,150,274,188,50,1,74,180,194,67,121,226,157,28,193,157,79,364,489,309,105,643,704,546,147,263,507,514,365,172,9,126,256,364,373,233,23,268,342,195,59,211,143,114,352,368,112,254,518,521,282,45,296,373,313,196,95,392,64,183,306,364,280,35,266,476,454,187,172,421,392,115,208,338,184,121,322,258,32,320,385,185,119,319,294,52,72,143,104,41,25,64,74,7,109,182,134,16,154,185,82,71,159,135,18,11,5,30,15,20,10,12,4,11,4,25,9,110,144,148,161,151,30,228,496,546,244,282,716,738,326,228,547,453,110,905,90,159,308,135,272,602,572,167,312,533,373,15,218,138,157,388,318,64,516,735,575,114,381,647,589,291,19,388,143,47,25,161,366,471,328,36,450,680,577,213,193,412,336,73,138,127,132,444,559,321,203,738,994,782,206,444,850,838,488,38,253,294,170,738,119,291,420,336,19,365,586,505,173,165,295,140,151,316,168,266,710,842,497,197,862,1116,804,134,509,776,593,437,166,231,41,188,232,35,297,519,457,55
18,24,37,70,74,92,12,8,79,16,94,8,56,69,211,33,69,69,14,91,62,50,34,104,38,85,69,96,62,55,19,25,7,0,111,33,82,106,22,39,83,123,50,45,53,9,16,136,138,69,49,47,20,56,99,46,55,39,21,70,34,93,6,144,32,23,114,57,45,53,59,103,105,57,38,137,102,65,48,78,0,60,55,61,112,57,10,32,74,114,32,78,68,9,5,61,13,1,18,60,144,132,47,18,65,15,94,20,108,27,78,85,56,40,69,37,70,49,33,26,40,19,99,19,11,66,46,12,2,0,40,21,12,71,275,30,354,472,306,4,236,282,181,65,69,130,137,77,461,803,744,149,735,1363,1312,507,561,1284,1286,672,171,653,694,432,173,153,269,242,97,670,1058,924,346,394,854,879,597,209,85,244,412,654,827,777,304,468,1118,44,88,89,6,30,93,18,173,105,2,7,36,54,27,36,101,9,3,172,56,48,145,15,73,86,30,72,66,48,16,12,58,197,54,3,5,182,94,47,42,23,48,113,27,43,117,131,41,153,137,31,69,79,22,77,125,7,10,184,53,125,104,6,180,70,24,10,15,7
16,0,2,0,0,3,140,133,31,242,313,133,255,643,789,548,17,716,1196,1224,719,116,905,1329,1248,779,141,396,735,836,728,458,1,313,616,681,450,0,434,587,351,175,657,782,425,230,867,1103,876,220,519,1081,1235,931,277,378,876,1034,935,8,10,6,0,1,0,0,5,1,6,3,4,1,4,3,1,3,0,3,2,0,2,0,1,0,5,2,1,3,0,1,0,0,8,3,0,1,4,2,1,2,1,2,0,0,3,0,2,3,1,0,1,0,3,2,7,0,1,2,1,2,0,1,1,0,0,2,2,3,1,0,2,0,0,0,3,0,0,1,0,1,1,2,3,0,1,1,4,1,3,4,1,1,3,4,0,1,2,1,0,2,2,0,5,0,2,1,3,0,0,2,3,0,0,2,2,3,3,2,3,2,1,0,2,0,0,1,0,2,0,1,1,2,3,2,0,1,3,1,2,1,3,0,2,4,2,2,4,3,1,2,2,2,2,4,2,1,0,4,3,3,2,8,5,3,0,0,0,1,2,5,1,2,1,1,2,1,0,1,2,2,0,2,13,2,2,0,5,2,2,1,1,2,0,1,4,3
14,4,674,689,635,512,341,132,92,298,474,1049,668,662,584,453,272,68,148,347,493,623,658,633,538,394,199,17,243,419,570,644,664,598,485,304,96,116,327,63,629,676,649,542,378,153,62,261,454,590,653,648,563,413,213,11,225,407,548,620,615,538,398,214,5,198,391,511,582,577,509,372,206,6,203,621,494,551,539,461,326,148,44,236,388,508,537,503,392,226,17,174,368,491,541,507,393,213,1,211,418,508,524,602,282,61,163,352,464,473,386,204,15,230,380,431,362,191,20,229,338,323,166,1,5,1,5,3,1,0,1,2,1,0,154,105,8,102,178,198,159,69,30,134,203,226,201,132,34,66,152,224,251,11,170,79,26,126,218,261,268,256,183,90,20,129,225,299,315,310,255,162,46,83,204,310,369,396,372,281,164,121,141,294,414,486,496,449,337,162,26,224,406,536,608,600,508,358,155,82,313,515,659,724,686,573,373,142,127,380,589,733,784,740,613,398,136,330,399,614,757,802,762,625,427,176,93,366,583,729,796,771,663,482,245,28,276,500,665,760,766,696,541,321,78,26,393,572,688,728,694,591,414,204,24,1
54,94,47,98,76,70,270,12,214,225,178,95,7,20,104,185,231,208,14,349,578,449,21,477,730,523,8,523,587,330,114,350,111,4,234,196,117,482,446,106,722,743,253,301,573,561,420,134,409,892,834,126,835,1150,584,329,798,571,49,47,54,91,90,61,4,72,101,9,91,54,143,168,83,63,62,108,104,121,84,6,14,2,7,28,63,62,54,4,93,95,96,75,66,144,53,91,96,73,125,49,99,25,34,186,34,82,39,32,112,59,66,61,9,74,4,4,102,36,15,85,49,56,6,2,1,23,14,29,40,17,13,61,50,5,43,18,27,10,35,37,7,26,75,86,66,83,70,102,123,120,102,56,58,3,6,0,51,16,35,71,78,54,4,96,51,37,78,21,73,43,101,0,23,45,89,29,4,78,68,80,129,128,61,85,6,9,36,18,26,4,7,170,27,241,40,118,157,2,37,19,45,78,71,30,151,28,13,48,16,113,13,189,169,78,25,78,38,63,35,258,69,18,13,73,48,16,95,2,115,65,18,96,73,76,12,103,16,69,72,42,151,23,140,30,79,70,43,18,89,34,45,46,45,71,99,48
167,74,204,263,495,853,287,411,415,243,77,544,970,920,538,156,596,1013,1018,850,269,192,748,728,654,260,182,355,130,173,298,69,328,295,382,481,443,190,137,257,440,776,841,754,511,172,907,1293,1175,713,120,960,1322,950,389,381,749,598,223,666,11,252,398,129,196,632,1133,51,240,11,585,599,46,313,64,184,261,595,211,675,205,631,47,163,475,263,7,277,38,401,1381,143,282,106,111,279,127,116,156,39,271,273,14,105,91,20,277,48,61,215,388,56,757,223,63,293,375,30,80,291,469,113,37,367,329,88,367,9,63,179,48,275,65,9,209,23,93,1039,189,152,415,197,431,321,23,333,1051,137,265,275,272,175,777,120,109,429,281,135,399,241,181,761,114,161,544,807,211,751,699,576,289,41,453,197,265,367,515,445,685,97,355,151,451,191,619,119,465,747,168,541,511,195,505,2,765,188,389,50,381,537,163,465,472,257,616,677,811,120,691,311,143,516,655,329,558,571,807,813,11,169,261,327,45,363,913,98,555,581,1013,285,98,323,350,47,156,110,1253,415,405,265,124,279,339,759,237,34,475,594,307,82,345,111,619,343,309,29
38,25,516,335,188,129,197,305,502,538,502,333,41,376,819,1077,1315,1314,1101,646,185,245,643,769,784,684,469,292,129,90,146,344,427,550,544,411,100,278,588,825,1030,982,924,595,214,155,456,660,723,703,526,373,199,95,80,112,159,228,232,143,20,252,490,711,845,837,734,489,162,182,482,722,821,815,680,476,243,29,134,243,292,289,252,220,207,199,227,251,263,241,186,58,92,267,427,540,572,536,400,217,19,258,465,588,635,583,436,217,10,238,428,516,539,464,305,112,87,259,340,334,245,86,57,2,7,2,2,0,0,5,7,1,5,0,113,203,252,250,195,125,32,49,119,173,179,179,145,99,38,42,106,171,217,236,234,180,97,15,142,260,351,397,388,321,190,18,173,330,452,498,482,438,280,81,117,260,369,409,386,302,225,155,108,99,102,119,116,76,19,176,366,557,710,747,702,535,269,84,421,714,896,957,851,659,397,103,137,263,368,376,351,246,240,315,359,532,646,618,571,427,89,376,848,1211,1400,1419,1177,827,358,112,494,715,833,753,696,489,314,276,300,352,484,550,505,298,43,450,870,1185,1365,1286,1049,661,180,242,612,62
8,11,12,7,27,29,738,1061,1041,649,11,665,1200,1478,1452,1172,729,287,84,290,331,225,45,111,175,131,9,176,324,381,294,85,0,466,661,680,486,68,463,957,1293,1396,1273,1001,690,424,252,149,93,53,35,186,394,588,716,727,570,267,77,2,4,18,7,8,53,2,27,9,16,6,5,1,6,12,21,10,20,20,11,28,33,17,34,13,38,8,20,19,6,23,18,10,19,9,2,3,10,5,12,21,34,15,2,25,0,0,12,32,2,16,30,7,10,5,25,18,0,10,0,13,4,2,8,4,1,8,7,3,19,10,7,2,13,3,3,1,14,2,16,1,7,34,4,10,4,33,30,2,14,6,15,1,23,14,14,42,6,34,18,32,13,5,7,13,9,10,16,42,8,11,5,4,17,11,3,0,18,4,12,10,9,25,16,36,6,0,2,16,27,0,25,9,6,5,8,28,16,36,5,23,15,36,2,12,31,4,11,49,14,18,5,37,12,12,6,36,4,32,34,7,8,33,43,17,10,14,15,23,15,39,2,30,20,24,9,24,29,28,29,22,5,2,32,24,3,32,4,14,3,2,25,18,16,26,12,17
103,81,229,10,32,80,89,251,177,156,107,161,225,177,9,456,254,173,115,84,83,143,275,50,14,165,170,57,133,42,106,280,83,123,47,50,126,232,69,66,122,24,116,332,9,136,132,57,392,128,96,74,115,463,116,111,232,118,214,4,67,98,115,235,243,5,120,129,92,146,65,739,204,711,385,579,466,484,601,359,747,197,908,60,1018,413,912,683,672,805,392,698,276,599,235,582,281,628,209,727,123,766,1,765,10,786,87,841,151,927,100,960,33,984,167,874,281,749,277,574,130,408,49,4,49,49,0,32,90,65,47,19,98,11,185,25,28,45,149,117,234,52,178,51,277,76,326,15,156,164,218,264,148,122,101,123,256,51,43,205,67,110,113,16,85,22,68,173,254,3,131,107,36,234,28,5,128,182,132,59,7,103,248,153,184,76,33,191,276,44,74,67,8,9,126,106,87,213,2,219,19,172,57,40,89,215,87,132,172,283,259,106,259,233,64,151,147,63,505,126,148,102,137,377,78,156,170,182,179,101,4,55,75,171,85,161,397,69,169,83,164,11,184,128,228,76,28,308,97,207,221,128,40,78,155,21
9,7,80,37,193,108,85,72,23,265,385,239,271,83,359,68,224,79,58,110,191,46,66,262,190,47,295,74,120,262,2,26,24,60,192,198,93,311,111,185,186,115,47,120,255,250,157,387,76,90,31,301,49,11,456,136,4,165,60,209,189,2,232,30,141,103,103,67,141,13,137,42,168,40,97,59,10,326,337,79,99,75,66,9,78,26,216,121,71,45,29,154,2,108,167,100,59,163,148,83,131,226,43,237,2,81,15,144,43,111,157,117,59,164,37,23,25,25,156,230,50,194,7,2,36,153,14,8,47,9,23,48,23,73,73,100,78,151,119,118,66,4,62,8,142,248,173,135,148,20,29,94,24,135,85,44,120,192,221,112,174,248,42,113,78,78,72,246,133,50,128,103,160,202,93,177,332,51,140,287,289,130,200,40,404,58,19,64,219,189,203,129,60,116,365,30,146,94,5,59,175,221,276,214,144,107,56,64,202,373,569,736,880,994,1100,1107,990,905,846,823,678,568,549,476,108,392,415,375,297,267,277,231,187,142,69,100,2,19,98,186,195,288,322,489,636,753,812,805,748,765,782,47,68,24,62,122
80,60,105,95,95,5,46,255,215,63,78,383,88,244,99,209,118,130,82,168,29,15,82,268,67,36,20,329,82,25,35,71,210,64,178,140,143,165,257,99,157,146,94,411,480,57,53,36,68,5,222,549,365,16,320,99,164,87,179,46,14,51,30,143,64,146,163,116,41,146,148,158,59,281,51,119,110,236,132,75,157,125,4,467,73,119,19,134,91,248,214,94,188,282,84,7,136,146,236,25,85,120,30,125,96,132,213,337,165,245,160,54,59,97,131,262,136,33,115,12,118,14,57,123,94,95,147,18,40,16,56,139,40,112,21,96,57,33,118,75,127,37,84,109,33,25,80,171,141,8,5,108,119,40,64,383,46,46,54,364,42,43,73,19,57,1,219,39,81,87,33,118,115,220,16,67,340,74,87,214,327,1,165,129,52,16,195,19,303,189,50,209,130,130,362,159,163,95,725,1013,586,362,996,956,295,646,1243,1092,173,902,1545,1264,251,1037,1727,1324,211,914,1321,889,24,706,751,112,85,527,80,759,993,208,1003,1662,1236,227,1584,1870,930,534,1410,1328,521,400,940,840,311,347,735,678,204,334,789,220,75,257,15,120
71,58,454,155,621,603,59,666,1180,1068,313,184,1552,1686,1098,119,732,1102,942,494,83,91,43,54,65,77,269,373,280,18,256,326,92,353,770,797,345,415,1100,1423,1060,361,378,875,996,836,577,311,91,159,451,721,824,652,211,291,609,555,171,292,528,335,193,760,1012,747,97,606,1039,1040,672,172,214,390,405,1100,448,521,490,245,187,661,932,836,379,238,713,813,474,83,524,594,229,319,701,633,138,468,812,700,222,286,546,194,192,37,88,32,10,60,202,281,182,63,294,356,192,75,274,285,122,111,275,70,27,33,31,18,88,28,13,20,79,77,161,20,142,240,375,539,562,272,336,1007,1318,1008,166,763,1271,1121,490,156,414,742,94,190,136,669,1003,811,135,656,1083,893,293,298,445,92,458,755,486,257,1066,1495,1279,531,388,1059,1229,931,401,1332,115,11,142,71,283,743,1063,997,529,160,766,1025,862,410,66,284,145,278,658,652,120,763,1583,1865,1399,336,867,1685,1828,1345,540,192,566,565,364,1352,307,557,774,730,323,306,850,1020,710,116,387,470,57,582,989,819,34,1031,1819,1885,1146,76,1207,1768,1558,772,116,741,672,255,212,347,51,469,863,835,355,88
1,8,491,253,23,291,510,650,666,574,416,269,120,374,564,659,642,517,311,44,232,459,611,658,596,433,201,69,339,528,648,647,532,326,60,209,455,610,665,752,429,182,104,368,567,656,635,513,267,1,278,502,633,648,529,330,68,201,429,579,620,545,366,129,138,372,537,593,541,389,162,91,321,486,565,381,400,176,66,295,465,544,519,373,166,73,307,470,534,479,321,80,162,387,516,532,420,206,61,308,485,539,433,468,44,298,464,495,380,159,109,328,441,413,239,12,253,388,350,181,69,266,307,2,1,4,1,0,3,2,5,1,2,1,164,154,73,49,161,206,167,67,69,172,222,206,124,5,121,209,239,220,129,145,124,223,267,248,167,56,77,187,268,287,244,146,12,126,242,321,326,273,159,8,152,290,366,398,313,182,1,223,352,454,469,391,222,15,215,409,535,555,465,278,24,249,470,620,654,546,336,52,251,519,692,724,617,394,83,246,533,722,774,688,449,146,192,466,720,796,724,522,222,131,434,690,812,763,590,316,11,337,608,768,780,663,420,112,214,499,693,764,699,519,252,198,351,585,714,720,599,370,107,194,448,3
87,264,408,866,171,58,502,510,441,884,174,686,245,515,464,302,130,12,136,115,174,114,251,110,519,206,395,408,120,278,85,167,23,119,91,176,197,155,224,61,274,281,175,385,15,300,168,84,82,91,42,338,366,20,392,506,169,595,311,226,622,442,140,200,577,431,251,376,1095,628,413,50,898,991,148,661,225,171,90,184,518,234,271,273,30,202,354,385,542,681,917,221,152,453,288,237,224,178,376,552,688,117,158,33,37,337,1136,237,622,178,173,203,99,195,85,175,173,185,171,165,133,42,153,9,320,193,224,40,13,120,165,139,184,147,32,108,182,133,348,153,193,100,39,185,50,85,599,79,302,20,494,75,564,98,66,410,102,360,725,677,371,468,400,450,705,501,259,399,68,43,180,11,130,272,501,74,278,314,99,442,179,70,219,8,219,476,675,363,361,368,42,431,855,6,25,42,546,571,40,2,97,1334,552,148,23,443,1087,567,155,716,248,410,188,462,60,110,310,44,293,840,12,71,562,132,1133,637,324,654,378,834,601,101,125,285,336,53,844,263,543,483,441,185,422,420,216,52,633,261,187,452,272,191,327,6,435,175
0,1,1,4,8,16,3,19,44,11,18,25,19,8,1,10,23,6,8,3,15,16,26,4,1,26,4,4,4,22,42,12,18,3,17,23,2,43,29,13,15,35,5,1,2,25,17,12,1,20,6,3,5,15,23,11,18,30,7,1,36,0,16,9,2,10,2,6,22,1,4,1,0,1,1,1,24,17,11,10,10,18,5,22,13,8,2,16,12,7,9,5,10,12,30,29,4,9,20,30,17,10,12,19,10,3,2,11,5,4,7,2,6,11,19,14,0,8,0,0,3,4,10,6,4,6,2,0,1,4,2,9,8,2,0,8,4,13,6,10,10,4,3,23,2,7,12,1,10,3,25,2,12,0,8,9,1,3,7,8,12,13,9,13,0,6,20,3,2,12,17,4,29,3,2,11,24,17,9,13,22,0,3,28,10,10,0,17,5,13,18,18,2,10,24,15,13,3,258,98,262,608,691,422,63,517,724,590,190,252,477,326,134,614,765,411,301,972,1224,929,244,442,822,742,4,140,401,302,108,573,786,601,56,545,922,905,552,92,249,335,187,50,183,103,199,597,861,797,392,222,800,29,4,28,8,14
47,135,622,562,268,129,366,498,1084,173,302,1,45,691,781,91,223,262,124,127,795,130,472,0,310,1399,200,190,705,837,317,892,28,229,281,384,189,167,660,513,867,275,1219,133,285,150,1077,624,111,151,609,1516,660,75,670,632,77,221,410,435,105,52,331,360,285,98,328,99,660,929,8,356,539,150,262,317,127,72,133,195,198,66,260,200,74,187,207,2,50,222,422,476,113,840,942,175,674,1124,680,209,930,658,1,391,216,51,8,218,97,241,510,465,3,443,342,183,138,165,165,137,45,283,447,506,42,277,65,335,7,240,33,29,80,47,165,64,375,172,436,167,502,63,453,77,310,356,324,349,494,473,413,360,559,73,806,497,391,143,475,26,95,373,56,81,267,133,809,51,385,33,531,672,11,744,346,878,630,419,500,247,106,503,85,71,236,151,654,61,8,101,113,678,77,571,1,196,53,19,666,16,289,474,205,172,16,169,201,99,1097,358,92,393,680,962,239,305,136,764,16,228,500,213,4,1055,902,78,425,9,1254,862,500,53,251,528,261,1024,269,127,55,142,545,647,276,300,588,96,366,656,399,61,287,892,4,51,450,532
18,25,4,85,79,222,44,2,67,186,44,15,40,219,120,66,68,136,40,93,13,99,83,120,184,157,78,54,23,41,188,33,79,58,65,24,2,58,23,97,66,107,11,122,51,38,39,5,170,97,31,86,51,50,76,36,99,63,106,65,23,5,68,16,71,6,54,69,78,116,78,78,174,101,66,101,85,35,40,30,51,192,108,54,61,57,74,59,127,80,85,89,16,11,41,40,1,12,61,128,89,7,9,56,30,89,61,96,54,30,4,111,9,43,34,23,8,79,88,52,28,16,47,22,73,36,33,9,16,22,25,18,0,20,238,321,415,458,461,445,387,333,239,162,123,111,120,198,315,483,693,892,1107,1278,1382,1406,1354,1257,1080,868,47,505,364,260,241,272,356,518,692,880,1048,1139,1167,1148,1044,937,821,680,577,493,446,471,538,634,744,846,956,108,9,30,77,80,27,2,87,40,38,35,16,33,46,104,56,73,33,41,40,30,162,356,48,84,0,26,54,163,28,59,112,175,30,82,90,14,237,52,127,60,23,321,148,105,54,105,27,87,3,51,35,127,163,92,18,30,2,80,83,28,85,200,94,21,120,68,34,94
8,0,0,1,0,1,123,46,82,237,356,404,344,174,79,387,715,1011,1198,1280,1205,998,651,275,88,388,602,726,777,783,766,733,1,600,483,292,65,179,407,550,574,453,184,159,524,836,1024,1058,981,757,438,80,282,609,880,1024,1086,1065,1006,3,0,1,5,0,2,3,4,0,1,1,1,1,0,1,0,0,5,1,1,1,1,0,1,1,8,0,1,2,0,3,2,2,4,0,4,3,2,2,1,1,1,1,1,3,3,1,1,1,1,1,3,0,0,0,1,1,4,4,2,2,3,0,0,2,1,0,2,2,0,0,0,1,1,0,2,1,2,0,0,1,0,0,1,2,0,0,1,1,1,2,2,2,3,5,1,0,2,0,1,1,0,0,1,3,1,0,1,2,2,3,5,0,1,0,1,1,0,2,0,0,0,1,2,3,1,0,0,2,0,2,2,0,4,2,1,2,2,2,1,0,7,1,0,0,3,3,1,2,7,0,2,4,3,6,6,1,0,3,2,1,1,2,1,0,2,0,0,0,1,5,3,0,0,4,1,0,0,5,1,1,3,3,1,3,8,7,1,0,1,3,3,1,0,0,1,2
25,29,397,625,744,806,740,455,78,397,780,1113,1255,1178,963,561,195,147,362,373,326,177,70,9,38,228,470,818,992,1050,960,675,188,290,749,1107,1250,1106,735,454,193,20,164,124,64,31,112,96,12,219,467,747,902,921,811,550,200,190,544,807,904,893,733,497,251,40,104,169,170,139,75,71,127,233,375,498,593,598,519,327,75,216,487,702,821,722,616,443,197,40,260,404,501,498,452,352,246,124,13,70,149,216,231,246,243,212,165,86,23,67,142,190,220,194,124,30,84,185,235,231,147,4,154,0,9,0,6,3,1,0,3,6,0,1,166,90,13,54,89,93,86,55,18,10,27,34,41,43,49,42,45,31,13,25,72,118,167,206,192,167,96,3,138,269,366,423,431,340,211,36,158,362,509,567,542,427,292,120,44,154,217,236,204,153,148,177,240,325,417,467,445,348,142,118,421,690,899,957,880,677,390,65,240,466,599,614,577,407,329,282,261,302,410,451,313,260,13,320,655,1153,1385,1366,1215,831,352,115,510,829,897,830,696,492,349,292,273,414,505,539,497,282,30,463,879,1196,1358,1339,1080,671,236,196,477,702,647,518,405,22
35,385,63,168,20,234,427,189,392,434,253,125,5,642,698,196,105,82,174,115,231,106,441,5,469,126,327,396,30,299,133,541,135,135,258,587,5,382,405,414,108,329,95,200,26,351,161,12,233,47,316,56,563,535,49,293,609,415,172,272,203,179,67,277,701,123,506,361,146,202,1658,729,1071,1454,394,684,791,258,118,296,226,393,288,224,882,697,452,1062,629,213,769,617,32,324,382,383,219,309,1045,740,627,1465,739,747,1326,789,365,1309,962,340,1184,798,281,1006,774,200,1042,683,448,957,378,575,727,146,49,4,172,11,14,74,1,108,195,126,28,82,81,16,68,2,258,160,297,19,250,212,80,277,293,501,245,141,421,382,363,335,125,77,22,186,614,5,203,157,311,377,563,250,251,2,14,87,53,425,504,472,462,239,51,469,0,328,12,33,129,570,40,184,129,451,288,525,155,203,359,239,668,48,96,194,258,359,75,227,150,203,101,528,432,84,784,380,157,18,650,14,118,574,254,164,344,246,158,145,234,326,147,207,387,620,149,71,889,81,122,74,774,796,56,123,366,291,476,267,442,240,482,421,92,423,198,314,53,70,179,210
154,29,341,356,340,311,244,149,30,103,249,94,516,607,659,671,645,579,482,370,254,139,29,61,130,170,192,171,124,56,33,136,243,327,395,448,465,439,401,293,290,224,181,158,151,155,184,223,262,293,325,350,356,333,296,243,167,77,20,123,229,322,392,432,447,427,384,314,242,182,133,97,87,105,138,161,226,292,354,395,441,471,483,473,437,385,302,204,87,31,144,241,318,363,373,348,296,221,121,31,49,106,142,325,126,88,56,15,24,45,51,43,31,2,34,72,106,141,168,180,174,149,103,38,20,11,16,16,8,5,30,27,19,4,8,5,21,55,98,143,166,157,120,50,56,178,296,399,474,499,471,387,264,396,52,212,339,420,459,447,391,299,192,79,23,105,156,166,133,75,12,120,233,339,432,506,547,548,518,453,361,189,110,26,155,278,381,467,526,560,567,543,498,436,346,248,146,40,76,185,272,336,393,424,408,351,291,215,120,24,40,73,91,92,62,0,69,971,217,310,401,472,542,598,615,598,547,453,320,159,21,219,409,593,746,868,960,1004,1003,942,861,750,604,440,286,403,5,111,186,227,230,203,139,51,45,25
13,3,687,650,523,323,77,177,398,565,651,869,557,384,157,93,329,517,632,651,591,441,227,20,266,474,620,657,619,490,281,30,221,443,599,657,640,516,313,544,200,431,594,668,644,522,320,60,199,428,588,655,620,494,307,44,213,420,574,632,587,450,243,4,236,439,554,590,528,385,179,51,270,436,547,644,475,313,105,120,321,468,531,504,400,206,14,235,416,522,536,440,263,32,215,409,525,529,418,218,35,280,455,384,475,305,62,188,387,482,450,277,51,189,374,430,343,139,94,293,352,253,42,0,2,0,2,0,3,0,0,0,0,6,164,132,34,87,181,201,157,59,70,167,220,212,146,41,73,177,243,236,189,1,24,139,226,270,259,201,99,28,147,245,294,291,233,134,0,129,227,323,347,314,222,87,63,223,339,412,418,547,214,35,160,337,454,521,486,367,177,50,277,468,586,616,530,358,109,159,414,609,705,686,552,321,27,266,527,706,770,712,533,255,42,351,604,396,794,703,500,221,97,389,638,793,783,691,479,196,117,411,645,783,789,683,474,202,99,382,605,727,740,664,476,621,54,323,542,683,722,666,491,271,2,4
61,29,118,37,1,182,670,668,439,233,94,51,30,86,78,67,6,9,88,74,149,284,435,696,851,960,837,680,474,250,3,176,96,560,646,713,648,545,316,60,442,711,890,864,744,585,429,239,142,157,233,353,494,716,952,1005,1072,1006,929,302,86,18,73,186,262,289,216,50,87,251,282,226,165,150,57,363,161,80,189,81,314,119,143,134,148,184,155,67,81,75,141,165,286,68,33,349,40,56,158,0,154,106,43,219,236,241,59,29,135,185,77,130,56,175,115,21,4,113,49,56,12,122,56,54,113,137,18,67,12,15,7,9,25,29,125,87,25,30,23,67,60,155,42,65,21,30,88,106,275,241,2,68,87,400,19,163,215,104,26,106,63,56,47,65,205,126,2,120,408,109,56,94,5,93,185,60,109,196,227,45,61,170,66,258,164,117,163,118,160,40,163,251,155,174,41,143,50,160,126,2,8,65,72,133,146,36,120,177,89,144,231,269,276,124,186,185,50,158,186,43,21,119,16,77,51,0,153,327,61,21,314,8,109,1,165,0,106,95,374,208,182,185,318,28,14,216,141,238,25,26,25,46,223,255,97,153
23,139,73,234,47,269,439,96,164,155,47,68,113,95,5,286,488,587,636,614,623,539,589,718,582,81,612,1129,1373,1230,884,275,101,639,642,317,287,984,1527,1488,941,82,705,1124,1256,1125,1100,1140,1149,1030,709,179,596,1235,1646,1578,1243,602,93,53,21,73,14,202,116,355,206,224,42,345,9,29,255,99,101,219,54,91,226,186,74,186,184,37,174,79,150,154,43,174,56,21,82,71,171,271,9,26,99,105,20,77,18,206,230,165,78,130,52,63,167,63,73,2,244,8,12,124,46,15,191,29,141,49,71,21,4,39,9,54,29,84,32,50,14,130,40,32,19,22,188,16,18,99,49,90,84,87,96,119,85,157,61,137,35,110,7,11,175,179,5,18,33,37,37,68,19,49,199,208,84,99,61,50,81,71,22,65,21,116,126,143,21,7,119,316,53,130,89,200,127,318,47,122,139,122,46,103,169,292,245,39,9,434,110,32,68,28,23,68,198,112,155,85,155,71,220,40,73,304,103,335,182,296,453,118,132,2,220,420,317,223,82,205,150,113,16,172,6,299,74,177,267,29,115,220,265,7,40,6,266,29,156,213,58,18
59,60,51,276,141,174,218,223,396,223,88,41,128,312,504,501,312,29,182,433,526,630,685,877,866,355,482,1166,1409,1120,383,278,106,663,205,432,942,852,111,1004,1790,1790,1103,299,377,668,883,1107,1258,1186,749,64,871,1573,1712,1193,359,425,828,146,94,56,28,112,80,29,119,254,175,171,352,169,36,115,79,66,4,47,37,12,182,185,112,253,196,314,36,206,89,67,102,101,304,82,193,89,12,122,195,244,310,94,89,102,12,54,36,80,310,81,164,77,123,73,244,104,125,120,99,5,36,66,75,11,12,73,33,5,113,18,2,21,136,21,60,78,19,119,146,106,46,73,19,98,36,241,144,99,37,45,151,30,101,49,33,178,36,171,127,14,150,51,286,59,47,15,101,40,77,47,37,23,120,85,208,43,8,26,16,150,53,126,12,120,104,65,85,66,452,82,4,134,93,105,42,122,18,158,44,146,15,326,514,66,320,61,116,1,52,247,268,160,185,198,59,63,170,37,136,96,93,254,33,231,347,15,33,64,219,400,143,60,142,43,15,240,11,318,202,47,355,88,33,4,85,30,64,326,193,186,165,95,61,40,224,98
66,26,181,165,144,266,550,558,443,190,29,130,214,353,502,568,612,626,638,665,630,571,464,401,420,508,550,647,667,719,696,722,344,673,682,650,598,563,464,355,127,45,85,11,96,336,517,708,917,1094,1224,1316,1398,1371,1257,1120,947,731,400,219,80,130,77,115,50,101,320,47,33,70,35,133,110,240,127,32,37,47,43,217,71,108,132,153,64,185,87,165,125,49,113,143,160,15,112,1,160,222,146,122,40,250,205,46,4,56,19,75,67,92,6,80,95,52,172,196,118,134,120,154,60,95,44,81,4,101,137,60,82,25,115,12,2,8,126,14,4,153,206,106,126,151,172,129,139,88,112,29,23,0,134,179,289,89,57,12,70,43,89,229,81,105,266,154,29,46,14,0,189,108,174,46,39,68,112,60,155,7,195,37,347,96,109,133,146,26,1,19,358,245,35,188,53,125,8,75,99,140,180,51,92,101,137,120,70,67,224,386,356,9,33,134,89,255,54,148,199,209,123,8,307,144,129,9,88,52,266,118,133,276,116,168,209,358,16,42,281,104,574,111,112,92,223,22,113,102,286,112,120,347,80,112,14,202,28,9
52,186,136,185,310,306,388,209,84,43,53,128,166,205,217,218,227,200,159,54,29,119,375,639,843,940,855,746,570,411,258,23,215,403,617,780,990,1098,1239,1107,1018,782,598,541,614,643,810,919,1143,1247,1380,1484,1501,1482,1321,1145,877,667,335,21,130,136,25,102,240,169,60,219,87,99,113,91,154,15,19,37,49,125,261,99,37,279,60,205,35,4,13,188,318,25,358,9,229,212,25,59,2,141,158,26,170,91,224,92,266,162,39,219,276,49,2,33,21,96,126,278,148,112,5,26,81,28,2,21,37,19,26,32,7,4,54,40,68,4,18,98,77,14,0,56,0,22,12,146,94,162,0,36,224,133,78,127,116,119,64,210,39,193,96,49,79,141,185,4,129,217,149,258,25,139,21,136,191,99,21,22,19,122,213,70,232,49,306,11,35,167,126,120,276,75,160,133,175,23,85,254,70,144,195,178,29,226,81,77,126,82,73,25,302,53,177,112,131,316,163,348,258,208,28,293,226,105,191,16,22,212,40,106,22,112,77,135,177,56,5,78,51,77,191,320,304,203,8,168,144,372,50,5,276,348,149,14,155,102,35,80
46,43,70,213,199,362,567,575,267,103,103,196,256,396,294,107,92,287,425,580,637,679,724,801,742,299,518,1126,1360,1209,748,75,25,732,596,43,634,1260,1360,789,219,1155,1627,1556,1234,961,705,475,31,484,1034,1569,1785,1461,755,103,773,1062,909,71,269,233,66,77,271,359,95,5,28,241,57,23,158,146,63,193,304,51,344,2,101,265,115,64,247,122,11,109,115,101,82,198,32,88,56,119,112,168,81,139,102,92,56,47,250,40,80,22,18,170,238,22,35,126,132,116,65,153,21,133,52,46,57,22,37,109,74,61,29,29,43,126,1,109,33,207,70,161,220,115,63,57,98,12,14,49,19,262,243,185,5,35,240,101,318,109,86,56,222,54,216,111,153,81,127,22,33,112,22,77,170,376,264,19,53,14,36,240,56,12,122,158,106,50,191,124,179,23,30,299,217,106,266,36,92,153,94,205,56,184,54,276,119,126,91,250,29,231,198,50,250,250,158,87,50,53,151,240,32,99,205,46,36,67,44,151,146,92,2,212,29,84,258,210,158,487,50,262,106,101,290,203,84,223,165,215,94,15,1,22,84,103,181,0,40,4
0,133,163,53,32,82,655,556,306,129,127,58,49,80,159,213,276,275,212,169,162,112,50,174,190,21,200,471,679,772,849,872,154,697,516,193,152,619,1099,1498,1860,1872,1784,1587,1439,1238,1185,1256,1323,1448,1595,1706,1791,1783,1638,1340,1054,746,342,16,161,44,11,21,104,352,223,393,28,5,101,262,148,133,8,158,164,125,199,29,206,5,261,198,6,32,106,102,200,225,300,18,112,164,32,16,74,126,174,95,47,8,275,94,53,70,158,30,200,118,85,26,18,105,109,28,89,44,39,94,73,74,5,101,115,26,7,4,44,45,19,70,39,64,103,149,112,26,73,143,23,125,81,0,168,101,96,46,92,28,8,215,88,29,43,127,11,54,136,122,61,15,294,227,147,30,130,28,158,261,12,12,18,21,164,2,125,18,19,9,264,127,337,78,50,139,151,73,51,293,50,40,515,106,151,140,46,120,61,268,80,42,240,19,81,32,58,236,108,40,300,141,329,404,490,226,200,85,16,158,26,170,136,8,122,89,59,22,203,11,44,146,98,355,271,9,380,295,140,85,39,238,32,158,288,243,30,40,207,248,78,115,178,72,155,95
67,23,213,170,134,59,403,543,380,154,127,172,337,450,384,320,55,114,276,489,483,558,734,891,1054,741,69,684,1204,1345,983,395,132,625,652,255,443,1157,1482,1082,170,817,1362,1472,1277,959,812,641,371,142,746,1337,1728,1599,982,173,557,949,910,109,75,98,143,494,127,92,188,78,44,23,269,9,16,115,140,257,11,198,283,9,119,227,104,165,2,89,229,92,78,4,9,126,238,214,7,213,51,174,108,295,5,125,13,90,351,309,111,215,57,18,5,8,261,1,54,58,47,32,122,36,75,57,58,32,129,33,120,40,123,16,64,8,36,139,56,171,30,70,111,92,9,12,0,92,1,32,192,147,248,109,361,18,174,63,49,344,140,9,185,234,29,122,11,161,108,75,89,97,151,71,1,112,61,82,371,202,272,120,195,241,85,103,59,213,47,251,74,234,150,73,52,167,177,202,43,126,29,210,98,73,169,372,229,16,74,32,369,16,29,455,125,275,84,146,365,127,50,273,215,141,253,16,12,61,222,35,73,68,135,150,386,265,2,15,192,0,36,285,171,139,2,155,178,54,42,146,293,163,35,78,257,104,111,112,209,32
44,25,226,244,12,137,524,330,182,52,143,168,237,340,477,549,580,546,613,636,624,656,668,743,1024,1302,1506,1496,1404,1243,911,580,16,120,486,722,990,1034,920,647,220,203,503,597,572,494,406,344,414,481,735,934,1195,1419,1571,1592,1362,1161,783,261,134,117,199,39,92,57,150,170,54,199,122,74,229,355,200,252,172,68,158,150,137,63,98,9,59,175,250,210,73,14,9,161,140,222,281,49,99,146,231,229,87,61,58,42,16,70,129,7,265,9,175,5,167,12,250,253,258,11,175,60,66,9,28,75,28,40,18,67,26,30,18,19,30,103,95,80,43,126,2,98,32,172,186,106,95,60,91,12,147,51,7,205,94,143,175,23,165,26,122,150,132,66,43,122,11,276,73,61,95,141,32,178,19,82,101,105,73,127,18,165,192,19,102,91,28,167,45,193,67,68,8,491,296,43,127,317,68,28,134,150,94,333,23,12,33,112,125,295,68,61,49,153,25,299,245,135,148,57,108,174,53,155,127,316,34,2,185,209,118,361,348,15,81,11,88,262,88,108,15,44,11,196,43,141,472,550,244,223,390,123,297,122,59,311,144,172
17,4,6,22,20,13,687,334,223,831,1324,1559,1483,1197,767,273,182,501,648,650,515,291,52,90,111,11,149,332,456,442,295,32,5,524,661,637,369,43,556,1013,1321,1406,1321,1115,816,555,353,261,201,154,136,14,146,344,538,646,644,516,240,7,10,10,15,24,14,14,43,21,29,16,14,15,37,32,2,16,16,31,20,13,27,49,1,9,7,0,9,4,37,35,2,16,44,17,1,11,5,15,46,24,2,20,10,6,24,26,0,4,5,33,13,7,2,11,21,34,25,17,19,7,17,9,2,2,4,3,4,6,0,1,3,8,1,12,13,7,15,16,4,7,24,9,15,12,20,13,4,1,13,9,14,21,16,11,17,17,9,27,0,4,28,22,6,9,17,6,1,7,9,1,7,36,2,4,16,29,8,6,29,10,11,3,8,10,15,20,13,10,10,8,7,40,19,15,19,1,8,27,17,36,24,3,22,27,17,21,18,6,26,15,58,25,9,6,7,10,15,0,23,1,14,45,16,15,30,23,36,15,11,7,33,32,9,15,12,17,12,11,9,26,43,19,0,17,6,35,38,35,18,17,50,28,6,5,10,17
42,161,118,307,21,73,120,403,351,64,68,167,53,236,531,432,21,413,571,529,252,165,525,951,864,98,1232,1429,426,800,1143,527,177,789,129,700,760,343,1451,1237,297,1663,1499,416,642,1163,1123,667,137,1145,1529,809,578,1681,1391,36,1042,1102,190,210,46,276,19,63,269,199,148,46,75,98,257,143,299,84,50,170,326,84,66,161,185,289,21,286,146,30,81,141,37,111,192,317,220,295,202,22,44,67,147,129,160,146,143,33,151,89,63,105,155,116,130,93,144,57,46,170,154,40,28,91,181,158,94,23,9,21,32,43,39,9,73,16,81,16,167,191,12,68,16,53,101,205,45,53,6,172,0,81,158,85,37,96,35,88,49,209,87,108,237,119,171,74,164,95,70,9,212,43,87,87,129,240,217,80,133,198,259,25,92,75,104,44,33,154,81,130,19,196,25,22,150,262,376,122,43,239,120,278,269,434,43,68,288,64,136,263,161,47,125,75,54,101,286,61,103,63,25,37,259,104,56,51,194,27,106,266,247,87,196,59,123,42,15,209,25,74,126,91,289,129,61,132,1,129,352,314,85,208,40,36,105,95,129,13,174,172
54,30,50,33,116,218,79,194,195,77,71,195,261,427,478,539,514,513,430,410,354,212,68,86,156,92,44,135,281,368,501,536,81,679,747,731,724,686,540,309,45,160,255,185,90,135,358,542,742,826,989,1011,999,953,796,616,377,179,28,126,250,70,146,46,290,64,2,59,172,106,262,122,61,95,147,78,4,220,229,40,23,60,80,4,102,146,49,142,90,36,143,177,247,101,113,123,12,108,212,67,210,61,75,320,8,168,233,8,5,116,147,147,54,37,240,91,126,101,98,35,57,126,102,106,44,40,91,15,4,12,19,40,84,44,9,11,89,7,110,82,80,105,181,146,0,4,12,30,37,47,68,118,148,130,132,320,119,29,255,52,113,129,109,181,21,77,46,43,18,8,126,317,420,130,115,111,64,66,25,174,169,77,198,42,16,115,90,200,282,28,198,103,35,144,70,109,7,70,117,317,102,269,156,40,71,130,35,261,147,167,208,188,46,23,12,144,176,345,158,78,26,176,244,200,106,47,17,59,278,569,161,262,265,224,134,449,101,25,275,358,112,143,153,11,141,81,142,193,232,164,300,146,144,88,172,106
54,53,141,22,77,61,579,166,197,167,69,162,296,428,272,70,424,474,486,288,16,223,543,854,1002,386,746,1424,1135,216,756,1025,53,368,722,358,645,1267,779,536,1641,1556,446,576,1061,1115,887,483,179,952,1462,1232,233,1039,1677,1137,51,817,885,49,81,155,143,217,91,228,189,78,289,194,657,163,105,395,108,183,367,470,677,660,130,57,196,82,13,204,94,612,411,221,743,441,287,238,764,262,134,283,415,445,367,111,101,276,95,439,515,701,1026,293,262,830,109,432,303,733,795,594,16,507,1,0,237,42,80,80,126,56,68,106,18,163,53,80,4,105,207,45,202,46,5,293,146,175,40,255,60,140,143,96,51,16,96,64,9,116,390,19,300,25,463,92,23,29,174,161,112,148,87,35,313,53,29,167,113,125,258,157,193,74,109,33,281,68,255,181,36,446,129,237,130,78,259,66,109,80,240,75,110,104,29,30,87,129,278,202,144,15,163,434,20,81,116,2,141,111,289,233,143,136,189,232,95,221,171,167,60,335,200,74,231,389,168,11,75,186,182,54,205,12,151,49,44,49,288,275,477,227,299,257,182,141,35,304,71,74
68,25,50,64,46,12,633,552,387,226,112,29,52,127,137,248,219,244,385,521,567,677,791,988,1306,1491,1588,1600,1441,1353,1159,1002,111,466,178,205,520,914,1301,1638,1828,1840,1700,1527,1319,1092,941,820,775,745,818,855,928,1001,1072,1124,1022,924,843,60,9,177,205,209,243,157,250,44,8,32,64,50,7,46,43,11,119,45,352,287,9,299,154,56,46,105,116,78,42,81,26,56,113,172,4,102,45,21,49,203,18,4,244,11,5,26,168,132,198,193,163,2,77,64,18,93,47,84,385,63,22,70,19,104,56,105,105,123,64,129,119,4,66,39,23,0,11,19,78,132,151,45,14,60,132,77,64,146,105,144,70,25,67,140,140,144,157,131,328,161,94,101,158,95,60,125,174,325,57,26,321,104,77,261,376,49,15,185,196,22,47,87,54,86,18,98,25,33,172,311,238,217,125,290,98,161,216,320,234,293,40,88,95,136,469,133,43,105,94,268,470,39,680,791,688,675,53,614,445,221,279,621,306,759,78,456,52,328,288,42,611,120,648,56,160,202,155,63,531,113,216,715,635,258,169,461,332,660,487,52,216,66,2,97,330,64
87,42,22,365,95,250,360,119,86,39,66,152,239,302,220,170,59,13,72,137,239,299,338,421,709,1146,1458,1539,1403,1002,598,120,116,575,713,490,107,449,1136,1712,1938,1721,1350,967,627,462,322,261,77,183,576,1027,1411,1704,1722,1518,1159,686,116,150,43,56,193,47,286,133,64,316,26,126,293,40,160,98,35,178,369,87,175,23,98,227,102,26,9,43,92,50,133,0,127,32,2,57,202,179,22,150,16,57,77,136,111,61,56,23,0,8,68,52,25,39,195,155,42,98,108,52,25,35,26,137,2,36,87,21,21,132,14,92,11,54,51,66,54,23,49,91,42,99,137,47,71,25,42,26,71,52,22,44,288,146,35,91,30,28,351,22,70,127,40,317,140,113,73,92,175,216,132,53,47,189,130,94,21,330,46,30,134,8,23,153,88,193,148,95,125,9,175,123,13,216,155,7,323,115,87,23,195,122,212,314,101,192,227,75,39,140,57,213,78,140,158,46,181,53,153,85,91,19,98,266,91,37,387,28,118,85,200,35,84,71,92,116,424,143,157,26,164,230,122,224,8,252,399,112,174,140,238,2,122,98,70,43,160,98
14,52,29,54,4,85,96,112,64,79,37,410,40,125,82,26,48,154,102,33,105,132,67,203,66,72,96,13,43,82,148,91,35,237,7,158,67,122,142,22,11,59,13,54,239,0,11,181,308,110,72,11,227,264,62,173,184,89,41,42,81,156,241,79,17,163,56,104,94,73,153,65,110,225,43,118,53,99,11,3,107,55,4,151,220,30,124,14,5,143,92,183,92,163,129,174,41,130,58,60,22,68,142,128,114,173,87,164,90,105,70,28,3,119,29,18,90,43,57,30,47,44,113,5,38,7,13,34,4,41,11,78,147,1,5,39,140,53,32,40,11,36,24,32,10,113,120,61,97,64,78,144,6,101,7,39,42,18,76,128,98,2,3,3,135,129,25,26,54,53,168,28,66,18,35,175,128,124,102,198,192,126,225,107,134,113,120,30,231,130,71,51,44,180,24,49,81,136,360,541,654,746,692,547,400,231,32,221,514,780,972,1147,1239,1247,1104,919,659,377,141,97,197,328,330,276,164,43,248,500,716,899,992,966,872,584,270,68,390,594,765,835,847,807,775,598,432,198,5,161,285,389,419,33,79,57,46,55
4,30,82,243,231,5,366,255,432,248,175,158,134,142,491,549,189,205,456,603,453,141,217,692,1184,718,575,1491,1142,102,1090,979,97,805,531,475,1105,482,1073,1814,820,909,1678,1160,217,540,897,1106,826,119,1212,1643,788,787,1723,1157,127,1075,826,133,167,64,102,306,7,191,148,46,104,35,295,2,42,68,67,47,328,81,105,120,243,54,85,71,46,129,172,146,223,300,22,321,37,113,102,126,19,98,57,7,330,132,179,23,49,18,91,125,82,119,4,99,12,266,91,153,21,158,95,101,9,92,37,94,32,75,116,50,42,89,74,5,25,30,108,84,137,123,39,88,67,56,85,101,11,60,137,185,188,101,8,73,269,153,257,174,137,59,73,259,195,81,127,122,40,81,21,177,102,175,9,129,207,52,1,178,98,47,261,237,37,60,184,182,106,196,67,74,66,0,37,247,116,106,115,92,68,43,191,30,102,453,208,306,15,352,60,278,90,99,80,57,262,42,112,161,81,185,71,59,126,32,70,226,120,39,25,130,2,265,210,9,110,193,188,410,317,200,429,438,223,182,272,219,158,265,314,11,74,77,81,53,22,125,205,129
30,46,73,16,171,84,96,542,476,255,214,274,347,276,71,212,496,606,603,509,315,126,103,487,1086,1466,1171,298,749,1303,1224,541,95,781,594,102,996,1319,779,484,1693,1980,1367,468,283,725,1086,1212,1330,1044,280,739,1628,1917,1282,234,728,1125,886,215,174,110,21,158,103,334,286,136,293,258,103,231,220,397,160,268,130,273,87,12,179,73,123,71,171,60,178,12,43,168,59,227,46,11,109,18,195,74,35,9,143,192,25,44,123,16,153,102,12,170,75,60,245,122,141,70,44,57,73,127,28,153,108,28,126,63,28,5,46,8,29,32,146,108,99,54,15,94,67,97,53,50,43,91,49,71,37,73,49,137,102,12,19,188,81,85,255,191,7,56,247,57,167,202,105,230,223,248,99,135,134,165,70,21,52,151,133,92,236,141,12,205,19,102,11,50,279,178,116,49,109,99,208,195,243,75,287,202,16,314,44,143,174,150,64,136,139,228,170,261,120,1,61,54,310,200,182,29,37,51,277,411,282,303,12,77,140,37,54,174,115,252,137,182,198,351,127,98,103,92,14,37,196,77,171,177,116,60,43,88,241,64,226,180,82,163
30,94,71,108,193,53,294,626,266,18,52,109,335,490,131,303,598,461,114,408,647,579,398,79,982,1335,299,1141,1456,423,798,1070,122,812,560,538,1094,186,1350,1660,38,1563,1658,491,650,1188,1080,519,482,1406,1413,130,1413,1757,541,1034,1444,518,627,58,56,216,104,8,81,103,81,144,81,39,200,75,9,99,266,327,25,165,75,64,144,73,52,22,19,113,7,61,105,288,108,28,4,23,43,75,144,15,97,33,244,5,59,29,150,355,99,57,41,53,125,40,7,32,80,248,57,80,148,9,96,250,37,36,40,61,14,92,42,53,19,9,108,18,33,120,82,54,170,21,108,12,56,23,165,131,82,119,171,115,14,29,61,29,26,122,122,1,22,7,272,1,5,290,4,7,238,47,295,2,259,217,25,147,258,133,119,54,5,151,150,288,156,137,375,113,212,245,9,137,52,60,113,233,268,44,9,147,140,160,29,48,286,297,201,45,5,89,220,286,258,63,113,216,123,270,126,144,74,265,285,61,205,302,36,23,37,122,99,14,202,51,16,68,273,120,206,127,370,418,198,18,0,230,11,125,90,96,74,359,269,304,71,101,32,122
27,23,55,140,84,124,2,264,265,109,107,96,100,13,183,304,296,167,15,175,299,331,359,346,105,397,828,702,186,403,656,460,224,402,359,73,559,634,124,660,1044,729,50,453,697,613,488,236,142,590,877,729,171,554,933,745,185,357,504,105,132,113,85,107,41,21,48,111,34,23,103,11,11,11,64,148,6,35,177,51,41,2,48,29,82,33,46,65,10,52,6,42,96,11,14,96,134,73,48,14,122,4,138,34,22,87,46,25,14,19,11,12,82,11,166,43,32,25,99,42,53,42,16,3,7,8,23,54,32,1,14,7,0,16,8,24,15,14,18,52,37,3,9,4,61,114,159,16,28,97,41,9,61,49,14,33,26,26,99,90,30,96,59,110,175,155,45,37,84,45,21,35,7,23,21,42,56,68,75,22,75,35,109,127,24,46,179,62,16,75,125,52,92,28,53,157,33,50,60,218,114,19,35,122,52,27,76,184,40,7,191,117,14,51,7,15,51,61,15,79,241,170,54,61,49,27,30,16,140,43,30,46,151,181,11,72,42,46,0,25,94,42,28,129,83,61,4,125,118,42,35,22,62,67,67,31
49,48,887,660,192,321,786,1081,1281,1222,909,553,107,314,655,755,793,619,404,123,47,137,49,102,261,449,529,507,270,73,514,904,1098,1223,1123,849,382,143,525,743,898,874,735,424,117,144,287,325,218,25,105,217,237,116,109,397,690,828,857,710,405,18,383,705,879,896,745,463,152,132,316,356,290,130,57,216,264,185,13,256,504,680,726,634,373,42,277,520,634,614,459,211,24,190,241,152,53,265,446,473,369,126,184,466,602,585,408,155,81,222,192,11,219,419,492,395,154,95,262,246,65,180,306,2,1,8,4,2,2,0,3,1,1,2,96,214,282,239,124,17,38,16,74,207,297,319,258,137,3,128,196,203,124,26,62,77,40,62,205,342,426,450,379,241,68,103,240,297,286,203,92,10,80,73,14,151,306,419,458,383,197,55,335,602,732,724,576,326,22,256,441,503,415,223,0,181,271,219,44,218,492,687,709,554,250,154,599,896,1035,1010,789,360,12,424,643,757,664,421,152,160,325,334,139,179,429,659,808,680,320,149,679,1089,1323,1323,1077,653,58,506,919,1150,1117,910,584,178,182,382,446,341,70,101,267,361,228,6,352,35
361,331,209,320,154,593,843,867,815,1135,274,1020,187,831,558,86,478,64,5,36,183,148,359,607,161,901,324,426,641,30,494,303,161,456,389,281,379,93,236,198,249,609,16,596,248,346,409,120,369,345,207,779,245,465,1025,261,948,620,420,503,599,99,951,340,1295,376,272,759,827,44,737,1097,387,519,523,578,273,219,669,221,141,1233,1158,219,20,66,213,142,1053,895,62,761,419,136,68,592,313,517,60,117,130,383,625,634,487,713,741,263,25,25,177,687,395,149,309,247,673,871,219,36,143,335,59,59,239,275,187,461,82,247,12,40,387,391,445,287,68,113,417,103,421,278,197,302,1271,131,413,43,196,347,210,345,426,1163,160,393,325,699,808,265,163,1051,1167,321,375,546,417,28,773,75,247,379,58,195,574,771,1115,106,51,809,49,43,187,179,43,292,55,609,66,834,733,1223,975,691,813,1303,677,613,1081,76,976,517,303,955,1237,180,1345,311,567,697,795,277,95,312,553,616,629,317,701,988,583,91,283,575,732,929,381,1525,574,506,309,211,426,697,1947,1825,17,63,319,667,300,525,859,1176,767,721,759,1089,83,81,731,890,49,710,557,225
20,3,52,296,566,684,623,411,81,237,512,286,628,431,118,226,501,652,625,457,138,197,494,652,640,461,164,167,465,633,645,478,184,158,461,631,642,471,184,716,468,650,649,472,169,178,492,644,637,443,128,214,499,641,597,407,89,247,507,624,561,343,35,275,521,596,504,276,33,324,521,567,462,207,91,20,527,540,383,118,171,411,532,493,291,14,273,481,541,424,172,136,407,551,489,277,35,335,517,504,323,3,295,698,499,307,3,304,474,450,227,62,330,449,348,87,208,387,360,124,162,324,252,3,3,4,6,2,2,2,4,1,2,1,161,88,50,167,185,91,49,181,219,159,28,119,217,226,142,4,143,243,244,307,16,136,243,269,207,62,99,232,290,259,144,20,183,308,320,238,92,101,267,355,342,223,21,175,334,411,364,103,30,273,439,483,392,160,131,389,549,548,385,103,224,503,630,589,358,15,341,609,705,597,300,101,472,718,748,569,221,189,554,771,764,545,155,259,617,790,743,486,94,322,673,802,719,447,51,360,668,794,702,423,5,385,681,785,678,397,10,376,655,772,658,71,4,362,628,726,635,385,16,342,608,1
14,2,6,17,4,28,12,13,33,10,5,20,13,12,7,14,12,7,6,7,3,33,5,12,14,11,4,10,14,14,2,8,16,14,6,2,4,7,18,7,5,23,0,13,1,1,1,11,25,9,13,13,2,22,8,8,11,8,28,0,12,11,3,9,13,10,3,32,11,4,0,0,0,9,3,7,3,10,2,4,2,12,1,1,31,6,11,0,20,9,11,2,23,1,6,4,5,7,5,8,6,11,23,12,39,8,1,1,3,5,14,6,9,8,7,15,3,4,14,6,9,7,10,3,6,0,4,0,2,2,2,9,9,10,8,16,3,1,0,10,3,0,10,0,3,12,17,15,13,3,0,21,14,2,8,14,17,9,6,22,14,3,2,3,3,1,10,2,30,1,17,9,3,16,7,10,16,15,8,8,6,12,5,16,11,16,11,11,2,4,7,1,26,3,12,10,4,17,72,235,404,561,678,748,771,758,708,629,507,354,170,46,289,535,757,945,1065,1125,1112,1039,908,743,562,364,23,11,185,340,479,582,655,685,676,631,551,459,359,255,163,73,2,62,99,129,138,143,129,99,79,13,89,11,9,7,9,1
141,540,74,444,255,221,59,185,423,13,695,9,421,397,473,275,365,329,147,433,14,550,1461,309,662,340,789,431,158,731,326,1187,87,868,964,972,751,610,9,587,170,342,172,442,177,23,847,71,634,595,29,150,133,663,422,522,661,241,67,602,184,941,199,112,23,30,633,130,203,120,112,581,784,98,472,399,161,15,24,188,111,367,293,40,391,241,99,62,55,35,407,494,53,746,1050,203,141,1263,261,893,1098,258,410,547,220,0,81,8,246,332,139,548,437,168,419,209,95,138,45,237,90,212,436,473,85,39,66,9,200,123,22,168,5,154,102,92,382,358,120,71,36,334,337,36,271,494,390,265,379,160,231,231,368,96,293,161,78,795,188,81,659,226,385,199,428,373,677,258,33,154,61,142,134,431,442,392,493,246,393,292,178,666,312,482,116,11,142,411,61,112,662,459,670,893,101,475,71,223,70,668,40,772,19,237,108,230,400,419,430,168,22,660,720,1389,242,1195,327,455,578,420,763,34,389,179,174,824,39,141,971,1026,1264,448,398,493,812,142,579,479,782,735,820,1000,995,321,63,56,457,61,136,368,495,435,112,508,133,50
4,37,61,42,188,73,8,126,13,109,118,6,183,58,107,42,42,79,183,68,107,30,68,43,59,35,33,4,119,55,2,109,173,113,106,42,80,79,112,42,34,5,37,26,29,82,10,161,67,103,41,0,95,19,132,25,1,5,118,42,8,104,38,24,34,35,17,148,45,12,19,68,31,99,62,264,19,89,21,58,50,22,80,68,189,24,62,96,14,97,58,56,13,69,72,55,64,124,120,84,37,118,22,20,14,14,15,83,65,47,60,66,8,130,47,40,61,58,86,44,63,38,51,30,43,9,28,9,10,5,38,23,6,23,56,119,285,405,457,427,339,232,138,72,86,168,262,395,482,472,365,90,293,715,1066,1306,1366,1274,1009,690,52,74,94,112,46,94,248,323,273,116,183,457,739,888,913,878,746,594,487,461,531,651,809,953,994,918,721,32,93,107,59,99,28,12,3,126,43,9,111,11,114,108,51,9,72,257,43,64,39,122,162,11,45,139,139,92,28,87,23,83,82,52,190,206,86,57,222,45,3,74,1,122,22,90,59,127,5,29,30,57,8,128,122,11,69,16,99,87,44,10,85,0,46,106,16,34
5,0,3,4,1,1,27,114,152,103,51,271,511,689,781,735,541,215,185,636,1040,1332,1468,1410,1201,925,603,310,81,103,242,368,1,586,653,658,567,391,117,187,462,619,610,426,103,288,683,994,1152,1170,1045,803,451,64,303,606,822,937,964,0,9,9,5,4,4,2,0,0,0,3,0,3,5,2,1,3,6,3,2,0,1,1,0,2,0,5,1,0,2,0,1,2,1,5,3,0,1,1,1,1,0,0,0,3,0,0,5,3,5,2,1,4,1,1,0,0,1,0,1,1,0,1,1,1,0,1,0,1,0,1,0,1,1,0,0,3,1,1,0,0,1,2,0,2,0,0,1,0,2,0,2,1,4,7,0,3,2,2,1,3,2,1,0,0,2,2,0,0,0,0,0,0,2,1,0,1,3,3,2,0,0,0,0,2,0,3,6,1,1,0,1,1,1,0,1,0,1,1,2,5,3,2,0,2,1,3,0,4,1,1,0,7,2,6,7,0,1,7,0,7,1,2,3,1,1,2,1,0,2,4,1,2,1,2,0,1,1,0,0,4,2,0,8,6,12,2,4,0,6,1,1,4,0,1,3,2
