Subcarrier_1,Subcarrier_2,Subcarrier_3,Subcarrier_4,Subcarrier_5,Subcarrier_6,Subcarrier_7,Subcarrier_8,Subcarrier_9,Subcarrier_10,Subcarrier_11,Subcarrier_12,Subcarrier_13,Subcarrier_14,Subcarrier_15,Subcarrier_16,Subcarrier_17,Subcarrier_18,Subcarrier_19,Subcarrier_20,Subcarrier_21,Subcarrier_22,Subcarrier_23,Subcarrier_24,Subcarrier_25,Subcarrier_26,Subcarrier_27,Subcarrier_28,Subcarrier_29,Subcarrier_30,Subcarrier_31,Subcarrier_32,Subcarrier_33,Subcarrier_34,Subcarrier_35,Subcarrier_36,Subcarrier_37,Subcarrier_38,Subcarrier_39,Subcarrier_40,Subcarrier_41,Subcarrier_42,Subcarrier_43,Subcarrier_44,Subcarrier_45,Subcarrier_46,Subcarrier_47,Subcarrier_48,Subcarrier_49,Subcarrier_50,Subcarrier_51,Subcarrier_52,Subcarrier_53,Subcarrier_54,Subcarrier_55,Subcarrier_56,Subcarrier_57,Subcarrier_58,Subcarrier_59,Subcarrier_60,Subcarrier_61,Subcarrier_62,Subcarrier_63,Subcarrier_64,Subcarrier_65,Subcarrier_66,Subcarrier_67,Subcarrier_68,Subcarrier_69,Subcarrier_70,Subcarrier_71,Subcarrier_72,Subcarrier_73,Subcarrier_74,Subcarrier_75,Subcarrier_76,Subcarrier_77,Subcarrier_78,Subcarrier_79,Subcarrier_80,Subcarrier_81,Subcarrier_82,Subcarrier_83,Subcarrier_84,Subcarrier_85,Subcarrier_86,Subcarrier_87,Subcarrier_88,Subcarrier_89,Subcarrier_90,Subcarrier_91,Subcarrier_92,Subcarrier_93,Subcarrier_94,Subcarrier_95,Subcarrier_96,Subcarrier_97,Subcarrier_98,Subcarrier_99,Subcarrier_100,Subcarrier_101,Subcarrier_102,Subcarrier_103,Subcarrier_104,Subcarrier_105,Subcarrier_106,Subcarrier_107,Subcarrier_108,Subcarrier_109,Subcarrier_110,Subcarrier_111,Subcarrier_112,Subcarrier_113,Subcarrier_114,Subcarrier_115,Subcarrier_116,Subcarrier_117,Subcarrier_118,Subcarrier_119,Subcarrier_120,Subcarrier_121,Subcarrier_122,Subcarrier_123,Subcarrier_124,Subcarrier_125,Subcarrier_126,Subcarrier_127,Subcarrier_128,Subcarrier_129,Subcarrier_130,Subcarrier_131,Subcarrier_132,Subcarrier_133,Subcarrier_134,Subcarrier_135,Subcarrier_136,Subcarrier_137,Subcarrier_138,Subcarrier_139,Subcarrier_140,Subcarrier_141,Subcarrier_142,Subcarrier_143,Subcarrier_144,Subcarrier_145,Subcarrier_146,Subcarrier_147,Subcarrier_148,Subcarrier_149,Subcarrier_150,Subcarrier_151,Subcarrier_152,Subcarrier_153,Subcarrier_154,Subcarrier_155,Subcarrier_156,Subcarrier_157,Subcarrier_158,Subcarrier_159,Subcarrier_160,Subcarrier_161,Subcarrier_162,Subcarrier_163,Subcarrier_164,Subcarrier_165,Subcarrier_166,Subcarrier_167,Subcarrier_168,Subcarrier_169,Subcarrier_170,Subcarrier_171,Subcarrier_172,Subcarrier_173,Subcarrier_174,Subcarrier_175,Subcarrier_176,Subcarrier_177,Subcarrier_178,Subcarrier_179,Subcarrier_180,Subcarrier_181,Subcarrier_182,Subcarrier_183,Subcarrier_184,Subcarrier_185,Subcarrier_186,Subcarrier_187,Subcarrier_188,Subcarrier_189,Subcarrier_190,Subcarrier_191,Subcarrier_192,Subcarrier_193,Subcarrier_194,Subcarrier_195,Subcarrier_196,Subcarrier_197,Subcarrier_198,Subcarrier_199,Subcarrier_200,Subcarrier_201,Subcarrier_202,Subcarrier_203,Subcarrier_204,Subcarrier_205,Subcarrier_206,Subcarrier_207,Subcarrier_208,Subcarrier_209,Subcarrier_210,Subcarrier_211,Subcarrier_212,Subcarrier_213,Subcarrier_214,Subcarrier_215,Subcarrier_216,Subcarrier_217,Subcarrier_218,Subcarrier_219,Subcarrier_220,Subcarrier_221,Subcarrier_222,Subcarrier_223,Subcarrier_224,Subcarrier_225,Subcarrier_226,Subcarrier_227,Subcarrier_228,Subcarrier_229,Subcarrier_230,Subcarrier_231,Subcarrier_232,Subcarrier_233,Subcarrier_234,Subcarrier_235,Subcarrier_236,Subcarrier_237,Subcarrier_238,Subcarrier_239,Subcarrier_240,Subcarrier_241,Subcarrier_242,Subcarrier_243,Subcarrier_244,Subcarrier_245,Subcarrier_246,Subcarrier_247,Subcarrier_248,Subcarrier_249,Subcarrier_250,Subcarrier_251,Subcarrier_252,Subcarrier_253,Subcarrier_254,Subcarrier_255,Subcarrier_256
35,63,573,487,387,265,158,54,1,37,29,483,64,150,221,308,349,385,377,331,271,141,21,134,283,426,539,618,674,667,642,555,463,357,251,160,84,55,20,229,39,67,77,98,117,93,95,53,34,6,48,86,131,157,205,221,258,276,298,325,338,366,375,399,398,406,389,364,336,275,224,137,68,10,74,47,152,133,104,42,29,96,173,226,260,259,227,173,105,29,56,124,166,208,185,154,81,15,121,247,334,402,414,206,290,151,7,158,289,381,414,384,319,198,78,41,137,193,208,183,133,67,2,14,41,15,9,18,29,10,27,51,8,1,62,59,53,36,6,9,41,44,36,2,61,129,236,329,448,519,577,595,575,612,424,332,217,127,51,5,18,18,7,44,78,110,117,117,91,44,18,108,189,264,345,394,412,377,320,223,89,9,211,345,476,587,644,705,685,681,610,534,471,370,334,272,275,298,349,431,503,590,629,655,623,556,447,292,120,86,286,477,646,790,879,929,924,1553,797,689,585,460,357,266,224,183,184,199,222,270,303,356,355,372,328,279,200,82,21,171,270,397,461,523,542,185,491,390,306,164,33,122,273,407,529,85
133,61,555,66,296,255,4,71,144,352,208,199,658,527,87,648,681,144,425,530,125,340,355,85,513,438,146,678,633,26,571,647,220,295,415,154,135,168,40,648,171,99,332,303,24,221,258,112,34,54,18,35,66,206,242,92,178,409,398,122,268,508,439,110,260,448,367,111,181,322,240,33,110,84,37,77,60,244,263,38,271,432,290,34,303,353,208,24,71,122,197,286,253,24,403,568,305,233,594,457,64,444,338,224,349,134,280,378,3,453,451,28,494,458,9,408,373,12,244,187,21,93,25,97,37,8,35,0,20,13,22,56,9,20,49,17,13,28,11,83,135,24,189,280,67,306,485,216,339,672,449,182,683,645,64,439,520,225,107,236,205,143,87,47,233,324,161,188,439,325,110,500,456,65,590,615,40,649,815,272,530,322,600,199,821,811,221,451,727,475,15,353,390,286,152,28,288,516,452,13,584,779,355,405,870,634,137,828,818,96,738,963,368,548,1014,656,189,1669,812,241,415,701,523,81,315,466,396,187,94,372,545,436,4,547,793,489,186,752,757,228,405,679,398,153,525,213,127,546,464,109,673,701,125,600,877,52
218,22,98,68,29,5,42,93,136,184,222,250,295,328,365,394,412,422,429,425,411,386,354,324,279,239,196,158,128,91,73,43,21,0,18,32,55,77,100,486,139,154,163,175,168,158,146,123,90,58,13,39,89,138,191,242,279,315,338,360,372,373,366,355,334,313,296,260,231,199,157,114,66,19,28,243,125,164,191,226,230,232,216,191,156,111,67,18,44,96,161,220,282,340,396,447,494,523,543,538,515,462,390,32,177,50,73,201,313,410,483,527,542,527,488,425,358,271,188,108,35,21,65,36,33,15,16,46,22,9,0,26,5,21,50,56,67,85,106,129,150,172,192,201,204,200,191,166,135,101,71,41,16,310,0,8,28,61,97,140,180,217,251,277,288,293,286,269,245,215,188,151,116,75,40,3,35,73,111,146,180,98,220,226,225,213,190,157,112,65,15,38,93,150,206,255,307,351,389,423,453,470,485,487,480,461,431,400,360,314,269,228,193,159,128,112,96,396,85,85,92,102,118,141,167,204,250,301,361,419,481,545,594,648,679,713,732,728,723,707,685,651,613,566,509,113,393,312,237,163,97,33,26,70,98,45
12,7,426,352,274,186,110,30,37,99,143,492,179,176,143,121,62,4,81,147,216,282,327,364,386,380,379,341,307,262,216,173,129,83,55,31,12,3,0,366,20,32,74,93,119,149,163,169,170,158,152,125,99,91,80,79,92,107,135,160,203,247,273,316,362,378,398,419,404,387,349,295,239,167,88,513,71,144,209,269,299,326,337,331,304,271,221,164,99,42,23,80,112,149,162,154,134,96,43,14,69,128,167,104,203,186,140,80,5,76,161,235,290,320,322,299,251,192,126,63,10,28,56,6,28,22,28,13,5,55,24,10,11,20,13,7,1,13,36,52,80,100,132,161,193,226,269,308,357,396,436,461,492,648,495,478,466,429,408,376,348,323,302,278,255,234,209,184,171,158,162,160,173,189,209,233,259,279,300,308,321,386,337,340,325,316,297,272,256,234,229,215,220,233,255,264,290,309,331,348,364,372,360,354,329,312,278,236,186,139,77,16,42,101,154,197,234,696,267,277,265,254,239,205,163,115,65,21,34,82,123,147,170,181,185,170,154,134,111,81,39,0,46,104,163,185,297,363,437,484,535,570,592,593,589,23
111,43,460,360,269,214,156,134,139,165,204,652,338,421,505,579,632,652,648,613,524,410,272,106,46,205,342,448,522,559,552,519,451,360,255,132,21,79,175,740,260,263,241,198,138,71,4,57,107,145,171,189,199,208,209,211,213,215,222,223,235,250,273,290,315,336,352,362,358,336,302,242,172,102,29,142,96,131,145,142,128,105,79,61,58,62,77,117,160,216,270,337,401,464,522,566,598,598,574,520,434,329,202,296,41,141,196,227,204,147,64,25,116,188,233,242,233,188,132,76,24,2,15,40,28,18,3,12,31,13,22,3,43,25,28,19,64,109,149,188,233,279,323,366,412,445,476,498,506,496,468,428,376,81,252,189,125,68,24,8,36,52,58,56,58,55,57,71,90,117,157,203,252,308,367,426,477,520,552,574,585,471,562,521,476,421,361,304,240,192,148,127,111,114,129,145,171,193,208,215,193,168,109,40,49,150,264,378,490,603,694,774,844,890,929,940,942,1326,891,845,783,711,654,582,521,475,454,449,457,489,521,557,596,612,620,613,582,544,495,433,366,286,195,95,19,328,274,408,533,648,739,801,830,830,796,121
9,20,410,353,259,151,27,98,228,343,450,16,596,620,620,584,519,427,307,186,38,101,236,356,464,541,592,612,612,577,507,427,336,234,137,46,34,101,143,544,178,166,138,92,56,9,39,81,120,151,177,195,211,222,219,228,229,224,241,253,268,290,305,338,360,380,392,392,383,359,327,280,206,138,60,509,98,171,229,291,320,343,353,344,315,287,241,193,148,102,72,54,50,60,86,138,190,252,307,361,396,409,404,133,302,218,119,15,86,183,254,312,340,347,327,281,232,175,130,81,42,19,7,19,24,18,13,1,31,35,0,22,29,21,8,2,3,14,28,52,89,124,167,220,275,330,396,453,514,559,594,614,624,488,585,544,498,444,390,337,293,256,227,213,195,186,185,177,176,164,148,135,116,89,66,31,0,39,76,126,174,81,269,317,363,393,421,430,426,406,370,321,274,213,161,113,79,48,43,55,78,117,164,224,292,359,423,492,554,610,656,692,730,744,758,761,746,1165,704,668,634,591,557,519,489,472,453,446,443,455,467,490,503,533,553,576,592,610,619,623,624,607,591,553,509,298,385,299,201,101,6,110,214,301,379,194
99,6,73,200,107,89,45,244,383,62,451,31,190,433,667,302,296,537,230,259,398,27,421,404,82,569,538,9,531,555,126,286,336,127,37,4,96,21,197,707,138,169,326,215,31,162,102,4,25,141,170,1,257,376,219,124,418,468,207,199,484,474,179,192,436,415,155,177,363,287,48,147,132,11,13,449,235,147,165,425,375,15,369,474,254,104,329,327,180,23,131,280,354,204,172,503,464,21,460,518,114,333,358,213,285,139,246,347,2,448,424,77,516,425,72,438,339,31,260,193,27,52,36,13,6,28,28,47,25,16,7,15,1,29,39,54,5,79,121,46,104,209,149,87,323,308,7,389,486,138,357,566,287,493,515,384,11,341,386,166,118,300,278,75,167,269,151,63,201,134,49,179,136,66,255,237,9,321,432,190,269,394,484,42,568,678,251,344,643,453,13,385,457,248,41,282,345,215,55,319,367,138,233,450,289,166,509,403,126,605,551,40,633,673,111,554,747,385,308,675,519,26,413,505,283,56,296,360,255,19,257,448,331,63,473,518,110,408,583,241,319,583,291,282,590,143,274,661,446,208,714,584,64,645,609,17
46,34,361,233,133,153,273,411,472,368,97,466,580,728,636,341,49,349,445,273,74,438,616,513,145,340,740,875,712,347,41,308,365,263,97,19,14,80,228,912,361,295,139,27,134,197,192,154,153,202,307,425,485,437,271,16,261,498,633,658,582,433,249,41,150,291,378,381,313,199,83,13,10,89,190,126,222,85,130,370,555,632,559,379,129,117,304,396,406,368,330,311,302,247,111,99,350,521,539,373,82,201,346,55,32,229,344,231,65,393,571,495,187,202,495,568,422,154,86,194,149,28,73,10,12,20,0,39,7,21,18,7,17,42,5,70,111,107,63,14,120,219,282,272,152,61,321,522,578,442,138,226,522,730,596,384,103,156,331,418,400,320,184,33,122,241,299,285,201,61,84,215,276,249,137,65,291,473,527,402,121,17,603,802,782,562,211,164,470,649,677,583,407,186,33,232,372,470,512,475,332,82,228,515,658,579,282,162,570,795,725,397,82,521,800,838,645,242,97,434,644,694,609,432,221,23,150,293,429,543,589,546,361,59,286,574,709,632,352,26,370,558,523,262,120,95,703,689,428,4,443,753,837,676,342,4
9,18,446,380,302,220,173,143,109,124,151,633,230,275,302,354,365,353,354,317,258,194,93,3,94,194,281,354,411,433,424,389,315,218,110,39,172,294,431,1029,597,656,669,645,607,523,418,309,181,52,74,183,273,347,390,420,451,446,458,451,434,429,430,405,388,371,340,289,250,185,125,54,28,126,214,122,410,512,585,667,731,753,766,752,705,641,556,464,368,277,179,108,47,7,38,46,49,25,24,81,132,185,219,23,184,110,11,171,324,489,631,719,763,758,696,598,489,361,243,148,72,22,0,22,19,7,26,21,35,2,0,6,14,9,60,58,59,63,73,97,139,183,239,316,386,461,537,598,649,694,709,704,696,661,623,586,534,474,432,390,334,297,264,221,192,166,128,106,86,48,26,3,50,90,146,210,274,348,413,470,536,172,618,657,696,719,746,770,770,774,758,722,699,648,599,561,529,516,504,515,543,579,629,684,721,773,812,827,840,830,795,768,709,641,580,504,439,314,294,218,175,123,94,70,71,92,129,183,255,322,402,467,512,548,575,570,565,536,489,444,365,285,185,71,43,549,295,410,528,610,671,728,741,737,728,14
71,52,274,155,23,122,274,416,558,662,747,372,832,813,772,692,588,453,316,164,10,136,279,380,460,519,544,540,502,437,364,281,182,103,25,27,67,84,84,425,46,26,1,18,36,31,9,19,59,101,168,222,277,316,347,358,354,334,304,252,180,114,36,39,107,157,209,243,264,262,240,210,165,112,61,92,19,39,62,56,43,27,4,8,25,28,20,2,33,73,116,178,233,299,359,412,457,481,480,450,381,285,162,194,117,251,366,439,471,466,415,330,220,100,11,104,167,203,202,175,126,73,12,58,16,48,50,15,2,29,3,17,6,7,3,14,33,47,69,87,100,104,104,87,54,11,48,111,185,261,323,371,414,845,452,445,432,408,380,352,327,307,299,289,280,272,273,272,274,279,279,280,280,282,290,291,293,297,293,284,260,368,212,171,123,74,22,26,65,102,122,131,130,120,110,83,50,23,11,35,46,44,44,29,18,68,145,228,319,409,510,593,663,720,761,785,792,1608,779,756,727,691,648,613,579,552,528,528,536,562,597,648,706,770,825,868,898,905,892,865,813,747,664,578,478,63,259,142,28,86,194,285,367,423,455,68
58,27,289,181,60,65,204,321,434,539,614,242,679,670,637,576,486,377,260,132,5,112,213,301,356,391,399,387,349,313,255,207,148,119,100,87,86,103,127,32,174,197,206,208,195,164,121,65,12,84,171,247,315,380,402,415,399,362,304,229,151,64,14,93,144,192,222,234,233,225,207,181,157,126,99,98,57,60,61,76,92,116,141,155,166,161,138,109,55,0,81,152,240,321,389,443,479,490,472,417,342,239,119,164,130,227,300,335,331,289,211,107,2,105,197,261,295,298,276,230,172,114,56,52,14,12,9,5,15,20,6,10,1,2,60,75,88,99,105,106,101,86,71,45,11,19,62,105,156,206,252,290,333,703,379,391,389,382,370,352,330,313,292,275,260,242,233,223,215,211,208,209,216,225,236,251,257,274,278,279,274,408,234,207,172,109,52,1,61,110,152,188,204,206,190,162,126,80,36,3,29,51,49,36,2,51,117,197,282,379,473,567,646,716,761,788,798,1605,760,717,666,607,565,520,483,463,457,468,493,520,577,636,699,755,812,863,895,918,920,899,877,816,745,655,551,305,318,193,71,53,168,274,353,407,444,66
22,83,358,310,260,194,133,66,6,63,118,222,177,183,174,140,102,45,15,75,146,212,276,328,372,411,434,447,443,414,380,325,260,185,104,23,48,120,179,502,270,292,306,318,307,287,266,226,190,150,89,39,21,70,117,153,184,205,220,228,234,229,218,201,180,154,106,62,17,21,64,106,141,166,185,65,215,221,232,239,232,230,212,188,160,123,90,44,1,37,79,119,158,192,233,271,302,331,347,349,337,306,253,91,89,16,122,232,332,420,486,526,535,517,478,413,336,249,166,91,28,17,53,4,47,48,21,12,4,46,5,13,35,41,63,77,91,94,101,108,115,123,141,165,197,231,273,316,357,397,432,458,475,665,481,465,442,415,384,345,306,270,240,206,180,151,135,125,118,124,136,164,199,238,283,351,414,482,551,611,670,568,758,781,795,790,768,734,683,620,556,487,413,351,296,257,231,217,222,246,272,318,360,408,472,533,587,646,703,760,802,841,872,876,882,864,834,1555,739,684,620,561,498,445,397,361,331,320,314,312,329,350,375,413,435,470,498,526,551,565,580,588,587,594,587,124,561,556,541,530,518,502,493,479,468,85
159,148,199,197,223,265,324,400,491,570,644,735,738,755,752,730,684,628,551,472,374,270,160,39,75,185,278,365,422,453,450,424,357,278,178,70,44,145,242,637,370,405,415,415,388,365,323,283,235,188,137,79,23,37,91,156,208,270,321,369,413,443,475,500,519,528,540,540,528,505,473,420,355,271,185,756,2,87,169,232,285,317,333,332,315,285,245,201,152,102,51,11,23,47,52,53,29,4,30,79,114,137,146,54,85,15,74,177,287,375,447,490,498,474,411,333,245,153,69,10,37,63,71,2,9,59,11,2,11,40,7,4,5,63,117,114,108,102,102,107,113,127,139,143,139,133,117,83,40,2,57,104,146,434,209,216,207,194,172,137,109,84,54,37,21,8,13,17,28,43,70,103,147,204,264,330,401,468,530,570,597,541,601,575,544,490,446,400,354,305,270,226,202,178,159,150,152,169,189,221,260,297,319,337,331,315,271,211,142,54,37,133,221,308,392,453,504,1378,560,553,546,522,478,432,381,334,291,250,233,220,225,246,287,340,400,467,528,596,649,693,714,724,714,693,668,172,607,578,551,522,497,466,435,390,353,140
107,32,512,406,300,209,155,144,173,254,364,401,588,650,660,586,446,251,33,180,348,444,465,391,261,82,120,314,481,590,641,632,571,474,361,249,165,115,112,347,199,284,359,417,445,426,386,312,223,123,28,52,110,138,138,109,51,17,99,183,257,310,364,387,405,415,419,426,433,431,417,388,337,270,197,364,88,65,76,114,168,220,262,287,276,249,211,159,122,87,78,94,136,207,302,411,512,598,642,626,549,415,253,79,28,81,72,1,127,262,375,436,430,359,244,107,13,97,135,134,99,55,17,33,87,21,33,17,9,24,19,3,14,19,102,104,99,95,95,107,129,160,189,224,233,233,188,120,14,114,244,364,456,506,531,509,462,402,345,288,256,234,219,199,169,126,84,20,31,80,116,142,148,130,88,20,73,191,323,455,583,334,748,762,740,665,559,426,298,174,72,6,51,73,70,67,66,79,127,191,289,388,471,525,519,459,339,159,51,280,493,682,812,879,876,804,684,606,338,161,3,144,232,295,321,315,305,297,308,340,399,471,556,625,674,689,660,579,458,300,115,72,254,423,545,84,644,605,500,343,140,63,270,444,568,72
63,227,571,412,251,142,105,150,221,268,201,678,298,617,822,813,575,169,232,531,567,381,26,367,633,691,530,169,255,625,828,788,592,314,72,44,40,57,150,1026,104,78,305,498,605,561,403,174,48,173,182,59,140,319,421,366,188,63,331,530,647,674,616,490,339,176,10,134,253,352,398,376,337,262,196,198,161,191,241,256,223,96,63,226,342,373,344,271,208,203,250,334,401,371,213,57,384,641,753,665,413,94,180,11,246,82,111,197,132,57,296,460,480,327,58,201,358,367,243,75,49,84,28,13,42,1,6,48,69,11,42,11,38,6,57,43,26,6,17,35,49,29,54,181,315,411,398,270,29,253,509,659,662,340,288,29,183,328,400,412,390,338,262,166,34,96,221,298,293,217,99,53,184,267,256,138,75,343,589,727,685,148,143,249,599,828,887,788,563,273,7,221,344,377,368,369,395,428,416,275,22,287,552,670,574,306,68,452,720,815,694,393,41,494,855,1021,960,840,270,140,472,661,699,626,511,365,234,96,49,218,414,596,721,732,591,304,86,458,738,843,754,485,101,281,590,22,681,428,1,455,814,942,812,470,28,56
181,45,632,443,244,101,57,84,130,108,18,634,532,734,762,579,242,156,456,553,412,104,270,536,610,444,101,313,645,811,779,556,253,18,186,209,162,72,43,381,206,364,466,464,360,173,28,182,223,155,8,136,205,168,20,202,404,554,612,564,455,294,126,55,219,353,462,498,485,427,337,215,108,17,40,619,68,61,82,134,219,295,349,347,288,182,81,7,22,39,63,123,239,390,515,563,493,288,2,291,481,506,392,113,9,90,39,114,248,284,176,36,265,412,412,277,84,82,171,167,110,48,10,14,32,66,10,15,21,0,1,6,49,27,53,31,1,23,40,65,105,154,196,211,146,3,207,413,538,533,377,112,192,578,592,599,503,333,139,30,178,279,341,365,341,271,157,16,124,220,240,173,31,145,296,371,324,165,95,388,636,316,736,524,199,166,490,697,756,685,525,315,126,40,172,294,382,453,475,425,276,54,205,441,559,535,328,6,393,687,802,694,376,72,517,835,957,1315,564,191,178,468,630,654,604,487,351,219,84,77,268,468,630,699,629,411,81,284,586,746,726,507,142,260,585,192,655,367,48,471,765,847,706,380,34,81
36,140,91,95,179,146,56,24,33,57,243,230,589,607,466,195,122,387,510,447,223,66,341,474,433,224,102,426,656,722,609,376,103,113,230,211,121,10,71,575,81,263,423,503,465,328,140,43,144,154,66,59,186,251,221,107,73,264,409,497,498,433,333,225,135,56,19,88,166,240,299,324,303,248,173,32,104,121,157,191,176,119,11,117,224,286,288,251,196,165,170,210,260,261,210,55,150,364,508,542,445,264,50,4,175,130,23,80,117,63,76,232,345,358,266,108,64,184,224,182,114,40,5,24,2,15,9,13,25,0,70,29,11,22,0,12,1,28,70,104,121,85,7,112,254,366,410,361,203,21,265,472,577,563,455,266,48,155,311,401,426,399,328,235,112,14,142,235,286,274,199,70,86,223,304,290,187,0,231,449,610,358,581,386,111,197,451,632,697,653,533,377,207,47,89,208,323,426,500,506,441,269,31,246,470,591,548,349,37,316,614,771,739,536,204,176,498,1319,779,692,497,260,25,178,305,403,454,472,473,439,353,199,12,249,471,637,690,615,412,124,188,453,598,599,439,313,155,443,620,624,465,171,168,470,655,79
293,207,58,31,22,14,27,65,107,172,237,474,389,464,520,565,593,592,578,532,462,375,278,155,39,81,186,279,359,408,439,436,397,344,265,173,62,51,163,587,368,458,523,559,579,564,520,464,381,278,166,52,62,175,268,348,409,448,443,427,392,332,252,169,78,7,96,159,215,256,282,289,277,253,217,189,120,65,4,41,80,119,151,170,180,185,188,174,171,168,163,169,174,187,206,235,269,308,348,378,410,433,431,217,358,284,196,103,4,106,200,270,317,334,333,300,257,199,142,76,21,21,61,14,24,18,16,31,25,42,1,1,11,11,63,69,68,89,110,130,166,207,248,284,318,344,356,353,346,314,286,248,221,33,159,157,150,151,176,196,215,216,237,220,208,186,152,109,77,30,16,66,122,169,219,265,340,396,464,518,561,158,664,695,724,732,734,730,718,690,663,608,558,497,436,388,340,300,273,258,271,280,309,350,399,464,527,599,664,722,769,816,843,868,885,889,891,1507,853,830,804,769,720,689,641,598,572,531,514,500,507,514,527,547,565,581,598,620,619,627,624,616,609,612,596,181,559,544,523,492,459,414,364,308,261,87
63,12,1086,1169,1178,1097,965,761,522,226,67,658,665,912,1106,1241,1275,1250,1142,962,703,395,59,266,599,907,1127,1283,1384,1366,1272,1078,820,466,116,244,613,911,1173,1511,1412,1394,1263,1071,814,465,90,265,618,926,1166,1300,1372,1338,1209,1013,719,419,61,295,605,880,1085,1228,1283,1223,1090,875,622,302,7,323,617,875,1069,1011,1193,1130,989,801,515,217,103,426,726,931,1099,1172,1174,1054,855,575,245,84,438,737,993,1161,1210,1156,965,700,347,70,430,789,1022,1160,1186,1026,752,378,39,425,736,942,991,889,653,334,33,363,600,7,4,4,0,3,3,2,1,1,4,1,294,481,586,580,481,279,15,257,510,722,810,791,685,466,198,108,406,675,849,667,941,831,645,382,67,194,492,726,904,987,1000,899,745,522,248,30,308,575,801,941,1041,1046,957,808,601,330,45,649,534,778,963,1075,1112,1090,954,766,531,233,68,381,666,888,1057,1163,1191,1123,980,751,482,170,154,472,747,982,1147,1222,1221,1146,964,726,457,159,167,13,754,970,1133,1186,1192,1118,973,746,496,211,88,371,638,856,1018,1125,1148,1100,1003,824,597,351,83,204,482,705,904,1306,1118,1119,1071,941,783,549,301,22,246,11
81,255,924,627,382,229,210,304,540,812,1085,490,1393,1354,1219,927,582,210,172,463,650,690,562,278,116,576,972,1285,1432,1432,1254,951,609,290,69,60,70,38,246,899,706,863,946,896,721,464,163,139,383,506,538,441,254,2,294,516,692,796,821,775,694,585,484,429,419,471,562,680,760,798,766,637,439,198,3,281,229,193,85,77,245,407,515,571,570,522,449,380,295,246,228,234,309,412,519,607,638,595,447,204,75,370,586,345,667,500,237,64,330,522,564,483,286,44,200,396,485,488,409,281,155,70,19,56,46,37,17,28,10,16,52,65,46,31,35,50,87,104,99,59,24,155,329,528,736,912,1015,1047,955,746,455,105,270,1472,874,1060,1162,1181,1154,1065,958,834,695,563,418,259,104,32,168,284,402,483,535,566,548,452,308,83,202,520,852,339,1412,1576,1641,1627,1530,1344,1131,876,639,401,205,26,117,229,317,438,548,685,831,981,1100,1157,1138,1029,811,513,148,239,621,942,1212,1403,1476,1456,1357,1660,974,702,426,144,108,325,489,605,686,749,819,897,1007,1110,1204,1256,1275,1207,1082,877,640,375,89,200,466,714,913,34,1038,972,779,484,102,310,727,1085,1307,185
145,5,859,695,488,230,21,278,527,754,954,1158,1218,1266,1242,1173,1028,838,603,344,44,258,544,793,1029,1198,1314,1363,1358,1271,1120,889,625,300,17,329,652,920,1153,1469,1401,1422,1348,1218,1030,763,467,161,178,493,783,1017,1200,1325,1365,1337,1206,1076,835,557,278,46,339,602,859,1039,1182,1229,1229,1156,1032,849,625,354,68,334,488,735,934,1077,1154,1175,1130,1015,848,589,330,46,258,552,812,1019,1137,1205,1175,1060,875,631,325,8,357,661,934,1129,1214,1185,1049,821,509,136,249,582,857,1024,1061,961,744,453,112,228,503,698,760,2,1,2,2,0,1,4,2,1,3,1,390,227,2,229,458,623,701,711,622,441,198,77,354,591,791,895,910,845,699,620,224,45,322,571,775,901,975,963,911,773,581,338,76,176,432,641,826,951,1032,1033,980,866,680,467,228,38,295,952,762,948,1050,1095,1100,1048,913,741,520,259,10,298,553,779,960,1121,1194,1201,1147,1016,843,626,349,64,231,497,752,947,1100,1208,1237,1202,1120,953,742,641,222,48,333,579,789,974,1110,1180,1195,1145,1038,890,700,455,220,45,296,518,723,894,1017,1097,1135,1102,1041,906,749,353,335,84,154,387,617,810,977,1092,1140,2
0,45,69,297,498,681,844,995,1115,1179,1224,1047,1169,1087,949,790,578,359,125,124,382,618,835,1037,1179,1279,1346,1353,1334,1240,1101,915,703,420,148,127,417,658,904,1134,1262,1366,1413,1399,1352,1211,1043,850,586,320,56,230,502,731,945,1115,1225,1314,1322,1282,1191,1035,876,681,442,199,66,309,539,751,929,1056,1170,1198,1206,905,1029,886,699,507,261,20,232,472,700,873,1026,1120,1181,1168,1109,981,800,593,320,53,234,519,779,976,1128,1198,1196,1212,957,713,431,102,238,550,816,995,1075,1079,952,732,451,137,183,456,651,764,751,2,4,1,2,1,1,0,1,4,0,3,415,539,590,538,446,270,51,183,402,616,744,829,837,759,619,436,195,66,304,140,732,877,953,981,922,837,684,492,290,57,167,401,605,776,904,980,1027,1018,957,845,700,525,309,88,130,357,563,1131,918,1034,1093,1110,1082,1032,896,745,578,345,132,124,364,577,772,959,1093,1170,1223,1182,1135,1028,868,682,445,224,15,266,498,709,887,1059,1150,1235,1220,869,1125,989,834,634,417,206,18,273,483,676,858,972,1074,1129,1157,1141,1080,977,855,687,502,318,120,98,306,499,680,1151,955,1049,1101,1121,1119,1061,999,873,744,12
115,112,238,216,143,29,94,206,292,334,312,417,111,69,258,443,579,674,673,586,437,211,25,277,476,637,708,729,678,545,396,235,88,24,69,54,8,102,215,572,398,425,415,338,227,83,57,185,297,363,379,355,275,168,45,61,151,201,217,204,162,126,85,60,56,76,110,162,234,298,351,375,366,307,188,639,111,263,390,480,513,487,412,304,191,77,0,50,52,15,60,149,237,308,339,326,253,124,42,221,380,496,536,206,370,174,47,269,429,520,510,426,257,73,99,246,319,328,279,196,97,3,66,13,21,37,22,36,11,2,6,46,10,21,26,41,42,28,5,52,130,227,328,428,504,558,560,522,435,299,143,36,203,930,477,558,592,580,548,487,433,388,344,313,280,258,208,167,116,35,45,129,216,298,376,441,489,511,506,468,390,279,144,12,172,324,445,551,608,627,618,585,552,531,503,511,528,566,600,632,660,651,606,530,396,238,49,160,379,568,711,827,874,874,829,757,646,518,366,216,89,20,112,178,206,223,222,231,263,309,395,481,584,669,747,786,795,763,708,604,483,348,174,5,163,210,476,587,671,708,688,631,506,353,186,129
42,27,300,253,210,147,88,39,38,70,116,250,163,177,142,127,57,1,72,158,221,321,369,439,488,525,561,555,570,523,492,418,331,251,129,44,76,148,229,589,318,337,310,306,264,203,143,64,10,97,170,247,295,327,357,339,316,264,212,137,67,11,94,147,214,262,308,324,345,350,330,310,258,205,132,481,19,93,159,217,251,286,301,301,285,257,216,153,104,23,56,137,220,297,374,437,486,520,536,535,497,449,376,84,182,73,41,161,250,347,408,454,473,464,431,374,316,242,168,98,33,24,74,23,9,43,11,15,8,18,3,15,32,7,65,63,61,71,90,112,152,194,245,296,355,416,471,523,570,603,634,647,646,769,613,579,541,490,428,377,326,278,233,200,171,156,145,148,149,158,178,199,240,269,319,367,413,465,501,550,575,273,620,628,631,620,610,574,544,491,432,366,285,210,136,56,13,74,123,167,205,222,243,247,251,255,236,228,180,168,120,89,55,15,8,25,7,366,3,11,34,76,98,163,201,277,340,409,485,540,607,620,671,670,674,669,644,653,608,614,579,582,568,549,546,182,514,487,484,465,460,457,435,441,415,53
18,16,56,85,119,174,238,307,368,441,510,440,606,629,634,611,576,501,413,305,189,65,62,174,285,372,432,474,499,474,452,393,308,217,112,5,114,216,312,814,425,424,422,369,301,223,125,26,71,168,250,324,379,428,450,468,463,454,417,371,332,275,211,159,113,61,30,5,5,10,0,2,11,7,1,238,61,109,158,217,274,320,361,385,389,373,328,267,199,121,15,77,179,265,348,410,447,463,447,401,333,235,119,216,113,219,293,339,346,317,257,168,69,35,132,209,258,277,271,236,183,122,54,12,24,4,9,31,22,12,21,22,14,30,41,45,41,36,37,47,70,105,158,223,296,373,449,516,572,613,643,643,639,734,588,553,514,456,415,373,336,295,268,246,229,218,214,214,215,218,222,215,212,204,198,179,158,125,83,41,20,7,150,219,284,349,391,422,442,435,411,371,329,265,190,120,45,23,86,140,179,201,205,191,160,104,32,57,150,249,358,452,540,625,692,739,776,1391,787,765,726,687,641,582,531,486,448,425,404,384,393,392,412,435,462,487,516,541,561,576,584,592,576,560,528,259,451,404,354,301,250,198,147,106,79,31
192,15,63,3,6,72,88,23,151,384,583,319,526,260,61,352,501,442,228,33,208,233,76,189,451,561,482,232,66,334,449,413,226,29,95,73,71,242,346,661,185,45,241,329,307,224,124,62,75,140,228,246,171,1,190,356,442,438,340,230,132,94,77,53,36,145,287,399,442,347,203,48,54,64,7,383,171,118,61,304,513,585,495,266,18,255,366,341,236,132,91,127,204,262,234,78,151,364,472,421,219,43,233,174,101,135,312,300,87,233,492,558,373,46,281,451,413,219,15,160,162,44,99,44,18,0,16,6,27,0,20,5,8,20,84,82,75,70,69,27,48,165,268,299,211,4,263,479,550,433,157,189,484,907,581,362,61,219,386,436,376,268,133,21,82,158,228,248,241,167,55,84,228,319,318,210,1,256,465,534,421,216,257,615,817,776,518,126,266,552,665,625,455,288,128,33,55,157,298,448,573,572,396,63,337,661,798,674,315,157,553,743,657,350,63,440,680,1481,538,237,95,386,554,598,504,374,238,159,71,61,269,503,717,784,667,347,72,465,711,758,592,272,82,358,467,151,140,165,445,560,486,252,68,368,551,94
44,95,394,267,114,10,131,298,393,247,153,581,569,143,406,604,297,192,399,173,162,204,93,350,245,185,526,437,4,406,470,192,94,177,114,83,160,207,52,211,415,302,31,309,324,145,31,81,73,115,211,203,13,275,416,285,48,318,381,254,51,138,296,367,273,18,355,481,279,93,343,287,48,70,8,223,5,285,435,186,303,590,406,83,451,428,137,127,185,135,132,176,128,129,423,437,68,412,561,230,244,399,141,270,113,146,205,97,425,343,150,545,400,119,467,312,84,290,146,90,132,5,85,25,20,13,22,15,6,17,1,14,23,8,60,2,95,144,78,94,234,185,61,317,330,19,377,498,174,346,607,350,193,715,452,2,379,408,133,162,265,174,11,114,163,112,11,139,171,65,130,231,140,106,313,268,54,407,454,89,437,308,306,339,737,537,101,622,629,190,301,510,365,56,184,325,335,181,111,409,482,177,339,639,426,173,659,573,31,600,619,78,528,626,153,453,662,435,321,640,448,52,463,507,257,67,310,421,371,122,284,612,566,73,538,781,425,237,702,574,15,469,498,95,320,58,51,353,432,87,395,590,300,239,580,26
45,64,411,360,283,239,277,373,480,514,413,430,204,527,719,709,510,219,67,240,241,81,156,383,497,446,221,95,413,614,649,526,318,115,2,4,75,179,225,658,12,201,402,516,511,408,258,132,94,113,172,195,147,20,154,320,439,485,484,443,388,335,274,184,52,109,289,431,498,481,381,238,120,75,105,471,283,291,183,41,315,552,667,644,490,281,95,19,38,11,12,19,132,305,480,583,545,346,38,275,467,475,288,296,190,232,70,198,437,507,345,24,332,555,569,390,123,102,201,164,64,26,46,24,2,10,9,16,2,32,19,10,5,13,1,41,84,112,121,92,29,73,198,323,383,342,193,44,307,514,584,495,263,284,305,473,488,385,210,41,91,158,183,176,168,153,118,64,8,83,148,184,170,102,31,203,369,460,422,241,53,89,624,715,626,373,37,283,510,602,551,396,205,24,108,182,230,274,345,420,454,395,225,72,394,655,748,634,312,99,483,713,705,486,116,276,591,1547,697,489,172,144,372,493,496,434,357,319,296,244,131,90,379,645,818,826,640,315,83,439,655,691,526,233,110,298,534,482,249,98,454,690,755,635,382,59
9,170,581,416,273,244,272,225,16,359,743,379,799,348,272,765,881,632,176,198,246,5,332,446,191,337,855,1061,828,251,356,724,729,496,233,92,119,223,224,532,261,567,719,638,365,24,251,386,380,311,278,324,368,315,85,266,569,704,621,417,144,102,333,488,580,564,415,161,149,408,500,401,191,34,12,627,224,201,13,355,656,747,539,110,346,625,637,455,226,98,41,13,171,439,674,697,390,151,644,790,514,11,412,90,104,317,489,236,260,683,698,264,343,737,685,280,179,421,364,156,8,37,18,7,58,28,35,14,12,29,4,22,19,50,18,70,88,48,52,182,249,185,21,306,504,488,202,242,644,784,558,59,478,1126,738,380,84,430,561,463,242,12,156,255,268,225,122,23,175,271,256,83,163,381,437,245,130,528,731,589,144,96,855,922,629,71,513,888,908,588,89,358,595,593,441,269,102,81,314,554,640,477,42,482,853,855,440,213,800,1004,713,64,635,1000,863,298,403,1836,994,655,93,443,743,744,539,291,73,121,328,601,823,805,470,141,772,1123,1027,536,124,671,860,648,166,347,615,287,27,540,868,765,253,415,931,1047,755,122
226,61,487,380,311,272,276,317,391,490,589,580,774,821,832,789,696,558,375,182,14,207,365,476,541,548,504,423,315,188,67,34,102,131,109,66,26,136,262,933,456,515,540,538,507,449,392,322,268,230,194,191,208,241,289,339,384,416,425,426,404,372,336,296,274,248,241,240,241,245,238,224,184,123,34,441,186,309,419,508,563,578,558,503,421,339,255,192,165,173,216,283,378,469,550,610,620,586,487,348,177,12,175,329,344,321,214,44,153,362,531,639,673,628,525,377,222,76,32,93,108,87,37,43,4,30,23,10,28,16,13,45,29,1,104,109,118,127,147,158,161,143,108,45,42,146,266,395,512,607,671,690,671,556,531,425,329,225,147,93,43,22,5,1,12,30,60,102,142,196,250,289,329,355,363,359,325,271,192,85,40,26,331,481,609,718,789,821,812,764,692,606,523,444,393,370,379,412,455,513,549,562,550,503,414,290,143,41,218,404,578,717,824,876,874,824,728,1026,444,297,149,37,43,73,76,50,3,58,117,146,159,133,66,23,142,280,406,527,620,668,686,663,594,489,354,9,11,181,372,560,713,835,906,926,901,2
14,51,470,408,346,288,226,181,143,118,109,614,118,134,152,183,191,221,229,241,250,235,239,207,188,160,115,85,38,18,15,21,11,2,41,84,130,184,224,179,279,290,286,261,222,180,128,71,8,62,129,195,250,298,347,357,363,337,292,239,155,84,3,81,130,197,217,239,239,213,196,154,126,75,35,2,37,56,82,96,99,106,95,96,86,80,86,80,94,116,147,188,234,285,331,380,406,423,421,382,334,249,148,318,95,215,327,419,478,504,501,468,406,331,239,151,74,14,22,47,44,30,1,8,8,4,5,21,28,17,10,6,52,25,106,112,122,145,156,182,193,212,222,220,224,204,178,140,93,43,22,76,133,526,216,235,243,240,225,203,180,154,135,113,105,96,91,97,106,129,149,190,224,275,330,387,453,505,560,607,640,487,679,690,685,659,646,603,581,543,505,486,452,444,434,442,464,476,513,537,570,593,604,622,607,598,566,516,461,390,318,234,146,71,12,71,127,503,183,193,183,171,127,90,36,16,73,132,194,242,294,324,355,347,348,314,278,230,168,114,49,6,59,118,161,528,262,316,376,422,471,518,556,578,585,137
19,59,352,657,895,1047,1142,1169,1102,944,719,49,106,244,576,873,1116,1263,1335,1280,1129,903,556,175,208,634,984,1249,1446,1500,1418,1226,948,539,100,352,776,1135,1405,1935,1549,1418,1143,803,414,76,523,920,1230,1426,1509,1454,1280,990,621,199,247,657,1000,1265,1400,1378,1291,1091,772,393,12,409,761,1036,1223,1310,1269,1102,870,422,167,214,553,850,1067,1175,1199,1093,893,601,258,88,446,774,1014,1148,1165,1068,843,560,204,180,548,852,1055,1132,1085,831,611,237,173,554,861,1036,1056,933,640,287,100,455,730,860,821,650,343,13,307,4,4,3,1,3,3,2,5,1,0,2,697,456,80,327,715,960,1066,956,694,265,216,675,1063,1275,1311,1171,812,371,124,525,1038,1317,1436,1380,1113,804,348,135,600,985,1296,1429,1439,1297,1001,628,191,261,720,1091,1340,1491,1459,1336,1043,673,247,435,685,1088,1362,1518,1535,1464,1190,834,402,86,537,977,1320,1531,1585,1539,1341,1026,618,136,356,806,1198,1475,1589,1612,1475,1184,831,401,83,547,938,1282,1470,1044,1504,1318,1037,640,225,195,589,941,1216,1351,1405,1328,1159,877,559,197,189,514,789,1010,1148,1197,1168,1040,842,590,299,437,300,582,805,973,1076,1094,1083,940,768,33
32,59,423,319,46,195,333,310,39,371,538,470,401,591,165,383,448,23,300,161,164,158,164,294,35,410,301,179,451,209,194,293,104,55,44,49,171,183,51,337,284,37,317,275,16,159,165,119,80,23,206,301,106,253,409,188,209,361,189,59,175,187,164,44,208,369,170,240,422,169,200,282,83,48,4,36,184,270,7,410,448,38,513,444,81,445,303,69,223,114,32,66,8,207,294,7,383,350,99,418,199,196,224,172,116,122,199,133,402,103,417,418,136,500,201,295,335,30,247,101,83,60,20,32,30,21,29,27,1,27,28,17,15,15,83,39,85,162,62,148,235,41,264,306,41,431,342,195,565,288,336,585,182,616,507,89,359,394,46,295,307,27,237,229,1,192,154,30,157,92,70,168,63,154,245,33,304,351,37,469,419,216,602,429,219,659,402,259,633,353,236,537,307,133,394,311,9,288,368,120,286,444,130,374,478,24,488,436,143,568,313,327,573,119,470,489,66,1174,385,176,519,338,139,472,402,1,430,532,172,406,650,286,365,671,327,322,624,294,294,525,191,312,414,35,352,185,171,378,78,367,379,93,501,363,179,18
167,80,555,502,437,382,344,358,413,501,601,582,735,710,640,504,337,158,8,133,196,212,146,39,105,260,404,510,562,545,482,379,254,152,92,75,109,182,269,528,413,449,444,404,340,279,221,205,205,234,289,357,423,469,487,478,446,389,338,297,280,295,328,367,420,454,462,440,386,308,214,123,58,34,64,231,254,384,508,598,630,597,500,363,197,49,64,120,127,67,25,125,213,260,252,175,54,94,239,341,378,340,230,248,88,218,270,231,99,86,295,484,605,628,564,423,250,76,51,126,131,89,22,9,24,23,22,15,33,4,21,8,14,6,0,26,66,120,189,259,328,373,383,351,266,136,27,205,381,532,642,701,698,436,546,412,272,132,9,93,159,207,234,246,266,252,245,213,170,114,47,24,106,187,281,353,412,459,470,454,385,326,141,33,199,372,517,628,698,726,706,659,586,511,443,386,344,307,270,212,137,26,110,263,422,560,653,701,666,571,416,218,8,211,395,546,640,1489,682,646,578,503,422,341,258,171,88,7,105,212,319,444,568,678,775,846,873,841,768,644,488,304,123,48,184,387,359,387,374,326,244,130,10,167,321,101
134,204,128,568,659,547,440,291,69,623,1062,28,229,756,1296,996,110,670,810,328,243,326,105,571,556,28,768,1064,681,94,712,823,519,158,19,44,133,420,717,1270,261,425,902,875,451,48,357,430,471,517,468,173,351,816,893,518,59,504,654,567,408,246,32,419,791,886,493,197,801,945,592,36,321,359,268,225,450,500,161,517,1091,1073,352,611,1154,961,276,326,500,307,160,275,451,308,256,869,979,394,465,906,645,17,364,517,114,130,268,640,452,307,958,884,91,774,995,450,299,636,398,44,223,61,181,22,55,106,42,46,76,52,53,44,30,25,64,190,198,36,243,457,409,39,464,745,534,107,762,955,476,376,1031,1007,325,1157,1062,864,165,577,873,612,26,466,594,337,90,385,403,168,144,347,371,182,138,432,502,251,268,722,730,175,643,583,871,46,1010,1349,830,186,1064,1266,751,78,773,1001,771,236,375,829,925,588,131,870,1160,731,206,1075,1251,558,540,1269,1097,133,922,1290,759,299,1144,2002,492,513,1149,1093,439,394,988,1093,713,10,801,1291,1164,420,677,1470,1466,635,545,1374,1373,644,364,993,942,353,340,6,404,197,650,575,73,797,1055,596,296,166
237,54,170,57,64,210,355,504,641,757,863,362,959,954,899,796,669,511,323,140,48,196,325,429,486,492,463,404,330,257,186,128,97,98,119,176,239,315,377,294,484,514,511,486,436,359,269,165,50,61,171,275,362,428,470,493,477,450,411,373,319,271,243,222,214,216,218,224,223,217,193,162,112,36,48,429,258,377,491,591,664,726,739,720,673,580,458,315,181,48,74,161,209,228,200,141,61,37,140,225,295,320,313,72,161,38,116,275,426,554,643,693,680,627,529,409,283,157,62,10,48,55,34,25,3,22,14,22,28,7,18,24,27,26,46,57,66,66,54,39,6,38,92,166,260,363,479,587,699,786,850,889,895,1069,805,726,621,512,405,298,205,134,74,41,32,25,41,60,74,79,87,77,58,21,32,112,193,298,409,531,646,264,859,945,999,1032,1021,991,931,860,775,690,615,540,501,475,486,524,577,649,737,828,908,975,1008,1015,989,921,832,691,532,351,164,16,189,352,484,1557,678,738,761,767,744,717,666,623,574,535,502,484,482,508,529,574,617,674,717,749,778,793,792,780,746,706,641,79,477,362,254,128,17,83,182,251,292,229
53,83,57,140,244,359,440,529,616,670,708,805,726,707,662,602,534,454,350,265,189,86,15,34,87,113,119,123,99,73,22,24,74,104,144,182,180,192,180,200,94,46,27,87,133,210,253,282,316,321,307,301,266,216,170,101,25,36,109,190,239,280,338,357,370,377,365,323,283,233,167,92,28,44,118,156,242,297,324,351,357,355,330,297,238,173,113,28,55,114,195,273,316,371,417,433,457,468,461,440,413,360,304,263,122,24,85,208,316,403,494,550,572,574,545,481,405,320,229,146,62,5,44,12,13,19,21,4,4,8,18,37,14,11,47,68,84,105,124,143,167,181,203,235,269,308,357,405,462,522,569,612,642,1031,653,638,607,565,521,458,401,346,294,249,216,184,162,161,152,156,183,202,229,280,327,372,436,508,562,627,692,223,773,805,812,808,799,769,735,700,649,596,553,481,415,359,293,211,154,97,39,1,19,43,53,27,0,21,71,127,167,218,278,326,360,402,436,1439,494,488,507,492,449,406,352,253,140,39,91,241,362,471,604,692,753,813,843,838,812,774,717,644,549,462,369,344,160,65,27,105,169,202,233,247,209,25
34,2,223,225,221,212,209,209,191,188,178,410,168,170,174,174,177,178,169,160,142,119,84,55,19,13,37,53,58,54,37,16,14,41,72,95,120,139,152,108,164,155,145,119,92,62,21,24,73,120,156,187,199,213,204,186,159,114,65,13,38,92,155,196,229,262,281,296,295,277,256,211,168,110,42,283,95,154,215,260,287,304,301,286,258,214,171,118,69,22,25,60,91,114,123,125,112,90,62,22,16,57,87,58,115,99,77,33,17,70,129,179,219,248,255,243,221,183,140,87,41,4,42,2,26,5,32,24,4,30,18,4,11,7,37,35,37,45,49,62,79,93,109,123,135,135,128,114,87,53,12,35,80,390,154,183,196,197,193,171,151,128,103,75,55,42,27,23,22,25,35,50,73,101,132,171,219,268,315,357,402,184,455,474,476,477,462,449,427,403,373,339,307,267,232,201,168,148,139,140,153,174,208,252,297,349,396,448,489,521,544,557,561,553,538,522,495,1029,442,417,397,372,353,339,330,325,314,319,322,333,347,359,373,386,397,404,402,402,392,391,381,373,373,367,365,81,356,345,330,314,301,279,265,246,239,54
233,38,39,58,169,286,387,492,578,659,714,765,772,758,735,688,619,525,432,317,207,96,15,96,169,215,243,263,247,223,175,124,56,9,77,138,200,237,267,180,269,239,203,149,92,20,41,106,161,211,246,270,282,282,257,218,156,87,6,88,185,273,352,417,465,491,504,487,460,411,348,274,187,93,16,392,230,341,425,498,549,567,560,533,467,384,279,174,56,64,178,297,397,487,560,612,647,650,632,586,509,408,290,306,5,130,260,377,465,525,549,539,519,464,389,311,232,162,96,50,18,8,20,20,42,6,3,38,11,15,28,13,31,4,40,30,33,38,53,70,87,117,138,151,156,152,132,98,52,5,52,114,164,606,249,274,281,276,257,229,195,159,126,94,67,46,36,26,21,18,16,16,23,43,55,81,117,158,212,263,320,22,429,475,510,541,550,550,533,501,455,401,328,252,168,81,3,82,156,222,282,323,361,381,386,377,360,319,263,196,118,36,44,127,195,250,296,924,355,366,365,336,312,260,199,124,25,79,210,344,456,582,680,769,830,873,890,877,833,790,723,647,556,467,376,313,178,82,8,83,158,216,259,277,271,60
75,22,303,260,219,179,170,180,200,257,329,409,464,508,513,484,415,320,189,69,35,106,147,140,102,34,50,131,199,250,262,255,230,174,117,71,25,6,10,295,0,38,63,88,120,125,116,100,63,11,18,59,91,87,75,71,46,25,30,32,38,61,74,74,82,72,49,30,6,31,50,61,66,41,10,293,138,209,254,273,268,228,162,102,34,22,50,61,60,23,12,59,110,140,149,138,91,12,75,165,231,256,236,60,55,69,182,269,289,249,154,18,128,252,330,355,317,246,150,58,8,48,60,26,9,6,6,28,18,13,1,0,16,14,44,37,30,27,37,53,65,76,66,30,28,109,204,299,373,418,412,365,285,52,50,54,136,180,185,169,140,99,71,60,55,66,86,95,105,110,98,77,44,17,91,178,270,352,409,447,437,297,308,197,72,47,157,245,302,327,322,293,249,196,159,147,144,174,229,275,326,364,351,310,236,113,24,159,308,424,487,542,537,477,399,286,146,59,96,203,273,316,334,327,303,283,271,264,290,325,378,432,480,513,517,506,463,386,309,211,98,1,109,198,256,98,299,251,170,72,52,172,266,348,395,73
37,62,246,204,141,34,82,198,290,364,384,285,299,205,73,50,169,249,296,306,260,188,65,73,219,362,492,585,649,658,627,556,455,337,220,124,56,7,3,387,59,95,140,178,183,173,139,71,3,90,165,255,321,375,413,425,419,410,390,373,378,385,402,427,461,483,503,505,490,454,392,331,244,148,71,135,26,26,18,88,182,289,369,460,493,499,456,391,292,191,73,19,86,115,105,50,40,153,275,368,437,433,374,187,71,141,332,496,597,606,543,401,224,18,161,306,380,402,360,292,200,118,48,30,22,28,10,21,21,15,3,37,58,6,66,85,103,133,156,205,244,295,347,392,414,416,373,286,164,8,167,336,475,1041,620,618,560,473,375,272,191,124,89,82,78,92,113,131,131,117,74,21,57,170,297,426,555,670,755,816,831,579,718,590,442,274,102,47,170,262,300,311,287,243,194,151,128,138,170,245,336,452,569,693,785,840,875,859,806,691,540,347,127,104,325,520,677,1663,838,840,823,764,713,642,601,568,564,569,609,662,725,782,837,867,859,830,754,645,501,349,177,13,154,299,421,362,571,591,571,509,419,317,194,82,31,61
57,134,138,358,317,201,116,39,320,531,379,555,673,657,83,532,626,162,313,328,11,217,13,326,317,110,531,485,4,462,507,186,167,293,211,116,82,0,193,616,306,27,385,451,199,124,279,243,161,99,10,220,389,325,4,364,491,298,45,320,390,293,79,189,412,423,145,258,476,347,2,247,239,107,83,413,15,284,491,316,239,684,574,17,568,602,182,229,329,201,104,115,13,286,504,280,282,657,413,201,534,279,157,5,64,208,87,435,291,298,665,322,383,667,261,351,498,131,242,250,17,117,40,42,13,13,50,40,3,1,40,28,1,11,47,89,80,4,133,180,46,194,318,129,266,481,237,316,625,335,307,677,403,661,591,381,105,391,288,5,163,157,72,4,76,117,62,90,189,86,164,316,149,232,467,258,251,600,396,221,691,397,147,712,625,21,634,663,135,434,576,277,136,363,332,167,67,298,399,213,227,560,410,177,677,549,158,764,638,143,804,690,108,801,718,30,728,1288,88,571,702,262,322,584,403,2,346,475,359,9,426,642,391,230,751,679,13,659,757,201,463,643,227,331,480,154,367,423,14,515,535,16,605,676,145,16
247,22,62,101,149,225,293,367,447,526,597,605,695,713,711,679,633,557,470,363,249,125,1,124,233,338,423,478,513,522,489,438,362,244,129,1,124,246,340,642,495,522,526,500,464,390,300,193,89,17,123,228,308,380,436,465,472,471,446,406,367,317,263,217,160,111,63,23,20,41,67,89,104,119,120,66,146,164,182,206,227,241,257,261,251,236,197,154,93,16,72,166,266,367,466,542,611,647,653,618,549,444,306,295,24,193,346,468,549,587,581,530,441,328,218,96,3,85,138,166,164,151,118,53,30,11,1,19,33,6,14,6,10,10,137,139,141,146,159,180,212,262,311,373,430,486,526,551,552,533,495,435,363,82,217,152,97,50,19,0,1,2,12,24,43,65,84,90,97,89,78,56,16,32,91,159,224,306,372,443,510,174,604,642,665,673,674,655,627,584,529,472,404,339,276,218,171,131,116,114,128,158,212,275,344,425,513,598,673,750,799,847,880,891,889,874,858,1613,795,747,711,667,622,586,556,537,522,523,542,569,614,666,714,759,800,830,839,836,817,787,748,707,657,602,560,46,464,406,345,293,239,185,143,94,62,11
292,29,14,60,81,38,57,173,272,317,285,563,13,236,437,607,689,675,573,408,208,12,174,289,320,292,177,26,130,273,381,408,393,321,237,138,86,53,85,233,228,310,389,429,450,429,393,339,296,257,225,223,255,278,324,352,373,360,339,306,273,259,289,322,381,445,510,535,534,495,436,348,270,208,171,45,230,309,408,496,565,587,542,452,320,180,47,30,68,33,58,175,296,393,423,390,276,105,92,269,396,427,368,125,37,132,242,251,151,38,263,476,614,635,558,394,192,4,120,172,143,64,44,51,12,46,15,4,19,16,22,34,22,34,23,12,61,119,183,234,265,285,277,228,148,49,87,234,373,489,562,566,519,260,285,149,17,75,143,165,170,166,158,152,157,157,161,137,114,57,18,102,195,283,362,424,457,442,387,295,148,229,190,359,506,610,655,643,602,508,394,290,193,113,61,29,0,25,54,122,215,333,463,589,661,669,612,472,251,14,277,529,721,823,834,773,624,577,211,9,170,303,385,425,434,421,420,427,456,507,578,635,679,682,636,523,374,177,25,217,371,481,521,514,444,148,153,12,196,366,506,602,657,643,579,7
92,29,190,89,359,603,829,992,1137,1195,1230,1154,1077,933,716,499,219,52,329,580,818,1023,1168,1231,1262,1182,1066,897,708,443,158,146,429,709,945,1115,1233,1301,1272,1491,1005,788,511,223,59,389,657,902,1082,1193,1247,1217,1118,967,752,508,202,65,362,629,821,975,1088,1116,1094,983,834,632,402,142,103,352,574,758,907,1409,981,943,838,715,518,294,70,165,388,585,742,840,907,889,819,701,523,319,69,155,386,578,749,837,856,801,693,800,298,33,211,442,625,741,782,720,578,397,159,82,311,470,569,576,498,345,146,2,3,3,3,0,0,1,6,5,1,2,657,635,484,253,70,378,675,897,996,1000,825,565,228,161,533,859,1092,1238,1250,930,926,627,258,141,540,848,1112,1275,1383,1341,1210,965,666,319,61,422,773,1068,1302,1419,1467,1416,1239,1006,699,346,31,819,795,1115,1343,1500,1565,1564,1412,1215,937,545,181,233,642,993,1282,1525,1665,1691,1633,1440,1183,860,459,46,390,787,1149,1430,1614,1731,1722,1614,1434,1148,781,248,36,429,821,1133,1387,1569,1657,1626,1535,1315,1058,754,409,12,346,691,975,1202,1355,1441,1454,1378,1254,1044,799,509,200,301,399,671,903,1083,1219,1289,1298,1242,1123,13
113,119,306,10,141,168,201,321,463,445,153,675,733,799,446,117,556,621,340,48,249,154,100,268,169,147,481,558,314,109,437,524,380,158,7,57,128,249,398,844,318,3,353,560,511,271,9,187,239,216,200,215,201,109,47,213,313,319,252,146,11,148,314,439,441,267,38,369,559,510,259,45,265,301,222,103,152,193,152,46,333,522,471,156,232,451,398,171,35,67,35,89,45,323,514,401,20,486,669,435,24,366,367,114,93,48,176,293,102,299,578,471,16,452,592,346,62,315,278,77,84,76,47,19,18,4,33,4,25,17,5,8,45,2,26,28,88,112,65,46,164,232,189,22,208,375,354,111,256,520,489,159,266,610,458,161,160,321,288,142,5,98,136,107,64,19,86,105,49,60,164,190,88,108,309,371,231,92,436,579,405,147,456,660,497,87,340,548,464,186,124,316,341,247,97,67,197,294,290,148,112,382,492,306,101,523,674,420,121,635,795,470,153,683,799,428,169,1331,684,358,126,470,530,330,27,202,315,349,320,227,20,293,582,646,392,108,592,794,590,89,413,649,522,114,300,10,304,102,448,487,159,332,670,626,212,112
49,0,420,404,369,361,394,466,529,550,464,435,19,354,641,811,817,639,351,63,149,223,147,27,244,408,468,403,229,6,222,366,411,392,337,300,297,339,411,687,441,357,184,7,183,296,320,285,211,131,104,135,203,287,344,366,353,292,235,178,140,97,35,48,169,324,461,564,599,538,399,204,17,119,136,769,51,147,162,77,120,342,523,604,543,381,182,12,63,27,68,171,202,106,92,352,592,714,670,461,155,131,306,51,177,21,166,170,21,229,463,569,489,256,46,294,407,366,239,90,1,2,67,11,5,2,4,18,8,6,13,6,37,15,90,51,10,39,84,118,139,140,109,20,111,275,426,516,494,351,106,181,420,742,584,484,322,140,6,111,171,196,220,232,224,195,124,37,59,140,178,171,97,23,182,333,441,448,338,116,163,243,662,753,694,512,232,72,332,515,601,573,468,341,205,101,14,69,184,323,457,563,545,392,110,245,581,798,816,623,257,173,579,822,891,745,445,151,275,511,641,623,499,347,195,85,3,68,183,347,531,694,786,723,513,180,198,526,753,811,694,462,169,140,373,324,467,304,39,241,490,610,597,456,218,65
58,100,227,302,285,258,275,325,305,127,204,702,800,717,347,159,545,638,447,122,145,213,62,166,314,227,59,388,556,495,253,30,245,323,297,246,220,240,232,521,116,370,499,465,272,55,121,179,161,140,143,168,195,184,136,30,106,213,257,261,252,232,182,49,163,390,548,521,314,12,313,454,385,181,9,288,47,177,194,38,233,473,514,317,7,282,369,267,92,1,39,186,273,162,138,499,684,554,130,347,605,510,184,284,195,38,156,190,2,308,497,407,60,331,533,431,117,174,278,182,17,71,26,24,27,31,5,12,11,14,23,20,19,53,58,78,65,31,12,66,118,157,137,33,139,305,370,264,4,333,547,520,259,324,433,525,403,155,89,226,271,240,169,102,4,84,160,186,132,17,107,157,102,50,237,343,279,24,328,597,635,196,64,499,736,687,374,65,437,604,532,283,11,193,280,299,278,239,133,57,307,510,498,243,177,568,714,503,15,499,780,676,222,340,735,760,415,424,530,671,517,190,113,298,362,359,302,225,116,78,345,600,682,467,29,449,745,748,464,34,390,607,539,226,170,199,447,197,176,475,523,306,77,419,566,8
1,28,138,91,85,119,178,253,316,353,353,250,227,102,36,187,317,410,452,427,348,220,48,124,287,426,495,518,472,395,287,183,103,70,71,124,194,272,327,619,349,308,246,181,112,57,27,22,29,63,108,157,210,252,276,291,288,283,273,262,266,286,321,360,405,449,479,487,475,429,341,234,124,23,44,185,17,71,202,335,444,510,525,485,402,295,179,86,22,7,46,126,248,392,517,608,629,586,454,271,64,132,266,208,282,162,1,179,327,403,399,312,156,21,187,309,356,335,256,151,47,33,68,26,16,14,1,7,47,0,20,4,7,8,47,30,14,4,7,13,24,46,78,123,186,255,325,392,423,427,387,312,205,29,41,147,222,269,272,258,237,206,187,175,167,172,174,179,169,139,92,36,48,144,237,318,383,422,410,369,281,106,23,125,278,402,496,561,581,569,522,459,399,349,306,291,291,308,318,318,293,231,133,1,157,324,481,606,684,694,636,513,338,127,93,297,466,1189,643,643,602,535,463,383,329,300,290,300,328,357,380,373,347,279,167,30,136,308,445,552,600,589,522,420,288,252,13,119,245,361,465,533,571,567,509,0
210,53,589,508,428,362,329,336,377,447,537,797,726,784,824,820,773,694,579,437,287,141,8,102,188,236,256,241,211,157,104,69,38,44,72,121,175,240,309,456,394,407,391,365,324,277,234,212,195,198,214,232,262,269,271,264,230,198,152,96,57,17,4,6,8,51,97,158,220,274,307,311,290,233,151,653,83,187,295,359,386,370,314,232,132,42,37,64,66,18,72,183,316,446,564,643,674,660,582,463,309,137,16,253,195,190,112,22,192,353,481,556,553,490,369,228,75,45,120,147,133,90,37,16,12,22,18,12,24,35,21,49,25,10,109,131,134,129,129,124,121,124,127,130,117,91,40,28,126,233,339,438,515,621,568,545,498,428,356,287,230,183,155,137,125,120,112,96,73,40,12,75,145,222,298,371,426,457,458,424,362,175,155,26,94,218,322,401,459,495,504,496,476,444,417,391,378,386,407,447,498,544,586,605,596,559,469,349,214,41,137,306,456,583,657,693,682,1365,558,461,365,276,207,163,146,151,172,196,224,248,245,229,179,109,20,79,183,280,364,436,478,497,496,475,430,24,274,173,48,91,244,389,528,633,704,109
64,129,560,488,394,281,152,26,106,223,343,150,518,572,601,608,590,555,487,405,307,193,77,23,132,227,310,360,400,408,403,368,325,256,173,75,20,116,204,379,341,382,403,392,374,334,279,224,157,76,17,44,93,137,164,171,164,140,108,53,6,83,162,237,305,363,409,437,453,440,415,362,297,227,142,468,42,135,219,289,342,375,386,385,353,308,237,168,82,5,104,202,287,354,413,444,453,439,394,324,240,143,36,345,151,216,260,276,263,218,155,72,2,86,153,205,231,232,208,165,104,35,32,29,18,18,15,3,4,31,2,2,0,15,118,114,114,108,113,114,123,134,162,193,234,277,328,389,435,477,519,538,548,652,522,489,449,404,360,310,263,219,185,151,129,110,98,91,97,110,123,146,185,231,278,332,384,433,486,536,577,407,638,657,668,670,663,647,624,589,546,494,448,397,346,308,277,260,244,248,262,286,309,341,371,400,433,457,479,505,522,532,563,577,584,601,616,1338,618,604,593,569,547,517,476,442,404,376,338,313,282,262,231,201,166,128,83,41,9,36,51,60,49,36,3,541,107,171,244,318,394,463,528,589,628,20
0,19,471,452,416,372,330,316,322,366,422,896,609,715,789,819,802,728,605,461,308,152,5,114,205,274,289,268,226,165,98,36,5,27,18,19,85,155,216,336,266,246,200,163,107,76,62,61,69,89,111,130,134,137,121,113,117,133,151,199,252,309,365,425,480,523,553,555,535,474,395,300,200,114,46,139,29,72,146,244,337,428,473,485,447,368,248,118,1,87,134,138,89,18,162,318,467,584,638,635,568,431,266,380,65,178,220,191,80,72,244,390,489,509,463,358,221,83,16,78,76,33,34,17,15,3,1,2,24,23,27,3,1,26,5,35,69,97,128,159,197,240,289,325,356,337,291,196,54,104,265,416,531,800,621,599,546,468,394,297,223,151,104,59,24,16,45,72,99,139,181,237,295,355,390,409,405,376,318,235,126,259,163,313,449,561,638,675,689,675,634,580,510,441,387,339,305,293,281,262,234,180,106,4,138,308,472,634,759,836,870,838,769,651,490,305,116,647,228,351,442,494,522,524,531,526,522,540,574,636,716,784,838,860,848,789,689,556,401,233,71,66,208,323,417,248,511,508,466,376,269,135,2,133,242,8
79,15,540,463,394,366,370,363,355,274,116,689,363,600,761,819,743,537,263,20,226,319,277,121,93,287,399,409,313,142,24,159,231,227,198,156,151,193,277,243,392,385,304,208,85,7,59,71,61,52,43,53,74,91,102,102,99,118,158,225,318,410,478,502,460,328,148,63,250,371,402,353,232,110,35,200,100,226,368,460,469,373,193,16,201,300,295,198,69,45,64,27,209,437,620,674,569,308,34,346,525,525,356,390,128,219,129,91,355,531,541,371,76,220,411,438,318,132,27,95,67,27,109,7,25,4,5,23,14,11,4,15,6,4,19,0,44,97,152,187,187,139,45,81,248,399,500,525,411,202,82,377,595,769,626,462,228,3,184,319,377,377,330,246,143,37,65,157,224,275,292,265,197,69,113,295,465,569,566,438,207,227,385,620,762,763,626,383,80,217,438,580,614,561,458,349,251,157,53,99,279,486,668,786,764,591,286,97,475,754,872,806,581,253,98,417,636,1689,681,514,272,9,232,404,491,515,508,491,481,463,391,221,18,339,651,890,1012,963,759,473,131,202,467,632,655,387,345,75,207,422,532,512,349,112,147,83
50,51,413,368,329,294,275,270,281,307,350,782,482,547,615,657,679,673,626,557,455,328,197,55,70,174,272,335,356,364,331,293,251,175,104,38,23,80,131,429,191,191,168,157,129,88,64,37,20,26,27,52,74,90,103,90,70,35,22,92,165,233,295,338,367,371,359,331,293,251,190,143,104,65,41,87,28,61,87,133,189,238,289,322,335,323,283,205,107,19,155,290,413,510,568,590,568,495,390,251,111,22,131,297,228,194,122,19,115,252,375,475,517,520,478,389,285,172,66,11,63,79,62,31,23,31,4,21,9,9,11,0,26,56,0,13,10,5,2,10,28,58,102,162,235,314,387,458,530,580,614,635,627,595,559,497,431,365,304,242,192,150,119,103,82,64,52,33,8,15,49,90,130,178,237,299,365,444,516,595,664,462,751,758,752,723,667,601,526,447,371,309,263,229,201,205,212,227,253,281,308,325,327,309,277,209,118,15,113,234,366,477,578,659,705,738,740,1502,696,659,621,571,539,509,497,490,495,518,551,599,643,705,759,793,834,845,839,809,748,675,588,485,375,259,144,589,77,178,265,351,415,466,508,522,528,108
31,30,12,122,197,262,345,426,472,391,155,614,560,791,779,485,49,363,560,492,221,94,284,276,94,161,352,407,306,108,106,238,258,204,134,127,188,265,265,273,105,354,488,442,247,32,117,141,77,3,12,30,111,185,210,201,157,111,59,6,89,193,296,386,414,322,136,115,345,468,441,283,89,43,70,560,81,84,26,234,420,472,348,102,151,297,289,178,61,40,124,251,315,222,36,375,610,623,383,4,349,474,348,403,148,172,14,261,372,244,72,396,535,409,99,197,319,250,68,62,73,14,98,1,32,34,31,18,5,2,10,5,5,28,76,54,10,91,154,179,138,25,141,317,407,345,112,223,515,624,483,150,239,862,577,442,175,104,299,386,362,233,66,116,266,323,279,155,31,208,329,357,271,84,166,416,558,528,290,99,491,476,753,492,59,391,710,788,609,257,135,439,575,548,398,203,6,205,384,520,550,427,152,210,574,781,724,397,104,602,859,798,412,137,602,819,718,454,43,401,607,628,500,282,33,205,411,547,605,548,353,27,372,719,883,781,408,99,563,827,805,522,100,318,584,193,435,93,272,508,533,342,19,292,469,105
133,65,351,281,212,134,74,16,22,48,67,350,63,39,20,4,44,75,102,132,154,170,175,173,168,152,133,115,87,61,37,23,11,6,0,3,8,16,25,149,54,59,65,59,47,32,8,20,52,80,107,130,134,154,148,148,132,109,78,37,13,72,137,203,266,322,369,400,409,399,371,315,244,166,77,402,109,194,264,331,375,408,413,403,384,344,296,232,173,111,56,10,27,44,49,37,11,24,67,112,159,187,205,58,178,123,58,35,133,232,320,394,442,464,454,416,362,287,211,128,58,0,44,67,23,22,7,22,26,33,17,17,27,41,33,33,33,35,40,54,72,95,128,172,223,279,340,394,454,498,537,555,571,785,544,513,475,430,394,357,325,289,265,249,239,231,224,223,220,223,227,230,234,238,241,245,254,258,262,267,270,376,252,240,222,190,159,122,87,57,33,27,25,37,67,106,153,203,253,296,337,364,376,385,368,343,309,257,199,136,58,18,92,168,239,297,358,1037,433,445,438,414,377,326,254,184,113,40,29,76,113,140,160,164,160,144,116,91,64,29,14,56,105,158,209,264,326,383,436,483,524,549,563,565,556,47
40,32,177,220,219,198,251,366,511,588,536,227,57,450,729,798,624,292,65,309,349,189,65,264,326,228,21,278,466,510,416,223,25,90,102,13,92,131,58,27,321,468,491,385,201,24,104,144,126,74,44,63,133,222,301,329,283,168,39,64,110,135,156,217,304,374,392,336,194,4,153,267,274,210,114,18,67,170,319,414,373,204,67,325,466,453,320,147,21,8,83,169,185,80,138,381,553,553,365,55,239,401,365,173,51,181,126,80,320,435,356,99,230,461,502,335,76,146,236,183,55,45,67,20,26,13,2,30,21,29,4,20,62,0,49,73,62,28,27,95,161,209,203,115,56,276,460,523,404,136,207,508,655,600,368,52,234,424,479,403,271,102,39,166,230,260,225,143,25,113,229,304,307,218,48,181,397,537,539,371,59,170,616,777,727,484,114,272,574,715,689,518,276,33,153,286,375,429,437,386,248,36,237,484,644,629,420,68,346,686,827,712,360,124,562,823,820,899,201,205,511,669,667,555,385,203,28,156,336,526,682,726,623,362,38,435,750,871,764,469,68,322,587,648,490,306,174,454,548,442,168,178,481,643,628,34
157,12,215,104,15,141,257,383,480,573,644,571,708,713,696,660,600,525,443,341,250,155,66,11,78,130,174,188,196,184,161,133,88,59,22,7,28,48,48,93,39,20,4,25,49,68,85,92,90,83,68,44,12,10,48,85,113,145,169,197,212,218,226,227,212,202,175,152,124,93,60,32,14,2,21,1,21,11,7,22,46,73,98,122,143,151,156,153,144,134,107,98,72,55,45,41,46,57,75,98,125,144,162,93,175,165,148,119,74,30,20,68,117,153,173,191,196,183,166,139,102,70,40,34,13,33,7,25,1,9,14,27,13,33,12,26,38,53,65,82,98,114,133,145,158,163,162,160,152,138,118,97,75,205,29,13,0,2,2,6,23,43,65,87,108,133,146,163,172,172,170,168,170,174,165,172,177,183,199,212,230,348,266,283,299,312,316,330,334,340,346,353,364,374,390,402,418,446,465,482,493,511,523,540,546,554,561,577,590,611,631,656,685,705,732,744,756,1332,750,731,706,655,608,555,495,431,374,309,253,199,148,109,73,36,12,18,28,53,63,63,56,39,3,31,81,233,206,276,340,407,460,499,526,528,508,38
0,150,367,267,157,39,76,183,299,397,493,66,622,647,648,621,554,460,344,209,73,66,195,307,405,470,514,536,541,520,483,428,367,292,195,99,4,111,209,706,367,430,454,450,428,387,317,232,155,57,44,137,221,288,339,367,375,357,323,262,195,114,38,45,117,182,231,273,283,280,253,219,154,85,2,231,174,256,319,372,406,415,411,394,356,312,259,202,145,77,18,39,93,132,155,165,150,125,79,22,38,105,164,217,237,250,245,213,168,103,34,38,109,172,213,238,242,222,189,143,92,42,0,9,60,12,83,32,22,24,13,14,13,3,0,13,25,32,37,44,51,62,87,120,167,217,272,339,398,457,513,559,584,796,598,584,549,516,466,417,367,318,283,251,231,217,208,207,203,209,204,218,237,252,284,325,367,419,478,528,581,288,675,711,739,753,764,768,752,733,694,658,608,554,495,437,381,334,290,264,240,230,236,254,283,325,377,448,518,588,649,716,756,785,803,816,807,1660,771,741,708,676,635,590,536,482,411,349,275,217,155,106,59,30,7,6,8,2,8,38,59,110,165,228,294,255,447,519,583,633,670,691,703,684,652,36
152,69,406,324,277,240,227,253,302,361,444,613,613,661,678,657,607,512,385,240,66,103,260,384,479,544,581,567,520,443,351,258,173,107,61,51,57,97,157,304,269,301,331,345,333,283,229,156,78,0,71,131,176,212,221,219,220,214,224,240,268,305,346,388,428,455,459,449,412,364,300,227,137,64,7,104,66,65,33,22,95,173,252,304,334,326,290,217,123,9,108,208,281,308,300,247,170,57,69,197,296,362,375,46,230,98,55,219,358,468,515,500,430,323,193,68,42,116,144,132,85,26,34,29,56,12,25,12,24,23,5,23,6,0,83,71,55,50,48,50,60,62,69,63,33,16,83,181,279,390,483,561,608,772,618,585,523,451,389,309,260,227,200,188,178,163,143,117,79,32,25,83,150,218,283,350,408,455,503,520,527,353,472,416,353,274,195,107,38,26,82,117,140,150,151,134,126,114,124,141,179,235,307,385,468,540,600,640,648,623,566,472,369,241,110,25,139,705,326,401,436,459,465,445,414,380,352,332,330,349,393,444,523,587,661,712,734,735,696,635,557,476,360,252,122,64,135,261,391,508,602,677,710,716,683,48
101,58,140,280,213,128,103,3,222,422,305,578,537,503,12,470,486,64,342,315,56,320,153,265,451,141,370,589,261,298,553,325,102,314,205,30,5,68,15,68,290,171,114,290,227,47,77,103,87,103,127,75,91,280,304,99,197,369,293,64,188,320,307,137,146,377,371,93,255,382,200,81,201,90,57,369,175,206,46,380,419,55,393,493,173,220,322,149,13,3,41,77,287,309,16,438,503,86,430,520,103,343,348,303,255,80,221,182,177,397,139,322,460,105,336,381,63,230,213,14,84,32,16,5,5,19,25,0,29,25,32,13,26,0,3,43,65,19,56,118,92,25,192,226,34,274,398,136,336,544,241,334,619,138,238,566,393,52,379,376,130,142,283,237,44,167,233,116,88,196,118,81,232,158,122,354,289,93,487,496,39,175,662,237,396,707,440,152,579,535,126,320,492,321,19,302,387,242,45,338,420,176,262,516,304,231,579,363,240,654,443,226,714,571,100,687,668,125,511,652,310,196,493,444,139,211,425,393,123,236,507,445,3,501,629,217,389,642,323,246,542,323,149,450,302,189,481,322,177,556,437,94,570,562,83,31
254,58,250,3,164,251,301,355,361,238,67,632,721,647,231,306,647,597,243,144,298,151,107,232,92,209,455,454,192,170,425,469,315,86,70,128,131,164,231,659,247,61,196,394,422,280,64,106,181,188,196,217,213,134,24,196,295,293,233,148,43,97,270,429,444,272,59,385,540,441,163,121,264,234,108,17,127,229,204,10,321,526,452,140,221,397,323,120,20,8,100,120,71,362,532,367,84,537,679,385,126,476,437,383,191,190,60,273,189,153,453,418,51,356,489,272,81,282,227,46,63,29,57,3,9,26,8,18,13,43,48,6,43,17,31,65,58,28,18,71,131,148,66,113,304,342,146,208,497,512,209,228,527,544,243,110,359,389,264,61,132,255,261,171,7,146,221,188,65,96,200,193,56,156,306,269,34,285,499,439,107,26,616,600,275,205,573,642,388,23,361,476,368,166,24,169,274,350,306,96,237,504,512,203,278,640,617,196,385,753,662,151,459,783,625,109,421,1452,527,158,209,413,431,308,126,76,281,444,468,300,58,471,720,622,188,378,769,749,334,209,602,621,309,122,410,74,125,241,435,326,23,410,570,419,43,49
12,87,128,252,271,243,269,313,320,171,143,500,718,644,293,176,526,591,368,25,206,221,21,213,301,155,138,424,524,390,95,197,335,321,199,103,83,115,116,293,123,312,421,377,191,38,219,299,272,191,136,99,70,21,73,178,255,261,220,153,73,17,146,299,421,433,273,6,294,457,427,241,18,101,92,493,27,64,243,392,368,136,181,434,471,292,29,147,150,40,46,11,206,400,404,152,249,567,596,309,110,398,385,240,128,198,20,229,316,124,207,438,389,90,250,393,271,10,185,198,62,76,103,8,7,39,16,6,9,22,15,9,23,26,50,74,64,28,26,87,152,175,125,24,221,355,329,114,195,444,473,276,56,562,471,384,151,107,285,339,262,120,33,159,218,202,119,7,126,195,171,52,111,248,279,155,82,341,470,382,85,50,584,613,360,60,443,622,530,242,92,318,381,340,234,121,16,171,344,432,350,83,295,575,595,287,204,632,760,484,66,584,813,627,147,371,677,1284,323,83,358,444,366,199,45,75,204,352,455,422,176,230,623,816,639,172,392,786,820,504,6,437,619,487,143,392,419,345,64,271,472,427,158,211,488,43
304,70,451,210,35,210,340,397,268,116,577,196,290,433,843,533,180,616,419,63,278,53,225,135,245,494,275,248,596,462,18,422,450,171,98,159,100,111,207,625,76,383,433,147,252,417,302,46,149,220,216,165,58,116,269,291,157,81,258,302,233,58,177,387,424,158,256,547,432,12,357,397,154,40,57,419,113,332,342,22,500,611,190,382,582,275,137,271,124,6,99,200,39,334,526,206,385,679,328,321,597,263,242,8,9,211,8,304,217,252,525,208,370,542,141,339,378,42,201,143,33,52,50,33,2,22,13,32,33,28,36,5,25,8,72,71,33,138,134,10,162,243,135,134,366,296,77,459,452,5,482,538,110,690,533,217,233,443,302,32,289,306,108,126,238,160,11,142,154,39,117,183,68,170,300,135,240,476,288,220,606,376,63,600,655,163,466,688,351,223,537,403,38,255,328,255,90,163,385,361,6,427,546,165,427,662,263,420,747,341,435,803,382,419,809,422,322,1633,463,121,513,465,135,194,364,354,184,110,434,544,261,342,787,620,131,833,835,110,687,830,246,465,669,249,339,286,164,361,506,118,439,611,221,375,646,41
29,60,159,27,12,18,98,180,217,169,21,664,431,640,741,719,578,352,98,111,230,219,114,66,280,450,548,552,459,292,91,90,221,263,230,147,46,32,57,317,66,173,291,368,402,393,352,299,232,189,176,177,201,223,239,230,201,163,116,88,56,40,10,43,136,233,346,432,463,443,359,241,121,39,18,203,192,326,435,480,423,273,65,154,328,410,385,272,131,4,72,37,87,265,444,578,597,495,288,24,219,378,397,125,89,110,232,227,84,147,379,528,527,394,168,55,214,257,198,84,30,91,84,28,24,12,1,38,5,7,37,72,20,14,18,61,108,133,132,101,40,41,145,251,346,405,416,352,224,41,164,337,463,610,477,383,251,113,9,96,162,198,209,205,199,174,132,72,8,65,141,192,216,203,136,42,88,238,380,487,547,470,460,309,106,120,325,493,566,566,495,381,254,144,69,15,17,51,115,209,317,423,490,503,416,240,5,284,525,692,709,595,358,39,292,551,700,1414,637,467,277,89,56,145,185,191,193,219,287,381,502,595,625,556,381,126,172,449,641,722,679,520,271,7,236,255,511,505,391,192,53,318,541,687,729,29
173,5,538,430,303,171,38,86,201,305,390,237,468,460,431,371,293,191,86,28,135,237,337,414,483,528,564,577,558,531,492,423,364,299,239,182,143,119,93,366,83,71,68,57,31,7,32,69,116,155,188,227,251,259,261,250,225,185,136,82,5,69,143,222,283,331,362,382,378,354,319,283,217,160,96,315,26,74,99,114,118,98,68,26,20,60,89,96,85,54,10,88,185,294,403,501,593,663,703,702,669,596,483,4,184,18,151,285,391,459,471,440,370,271,155,46,50,117,157,155,122,73,6,5,5,0,25,5,21,29,9,28,8,31,65,78,104,141,181,225,284,337,394,447,500,549,584,615,624,624,602,560,513,46,389,321,262,210,164,134,112,94,76,75,70,57,41,24,3,33,74,124,174,229,286,357,417,475,539,596,648,410,733,762,775,780,773,755,715,677,619,553,499,438,377,328,290,272,266,291,326,373,427,487,554,619,690,742,798,839,861,875,863,834,791,721,647,574,471,382,307,243,192,159,150,161,197,246,317,385,469,546,619,671,709,724,728,705,673,612,550,469,375,273,165,208,76,200,322,438,544,635,700,746,766,51
25,52,296,232,155,53,77,204,332,462,575,227,731,766,771,746,694,607,508,381,249,99,60,198,329,454,561,628,676,696,680,633,557,470,363,237,119,4,97,648,239,297,318,328,328,324,305,289,252,229,189,146,93,38,19,81,133,184,241,284,338,381,423,472,512,548,575,587,585,569,520,446,359,242,124,557,146,274,384,481,556,598,606,594,546,479,382,268,158,39,73,175,258,314,347,349,322,273,198,111,16,70,151,288,222,209,158,78,27,147,270,380,457,504,499,461,391,296,183,75,22,99,147,24,14,22,25,1,24,0,28,12,23,14,38,44,55,85,122,172,236,304,379,456,527,588,637,666,687,682,655,611,559,399,432,367,307,257,218,190,161,145,134,126,120,107,87,65,40,6,24,63,104,146,187,229,278,333,382,444,495,221,608,652,685,704,714,700,688,652,612,564,509,452,402,346,298,261,235,227,232,257,292,352,422,498,584,670,748,826,876,923,949,950,938,908,865,1512,752,685,614,559,506,462,442,430,431,436,461,486,526,561,599,650,684,722,753,777,789,779,766,736,685,629,571,416,405,321,233,145,57,34,115,195,264,109
122,193,476,472,258,9,240,405,433,213,210,698,573,128,426,611,307,158,361,214,46,111,48,199,90,221,424,263,149,455,390,63,204,254,182,129,66,65,247,513,196,69,301,347,205,27,194,261,240,145,30,250,388,280,22,292,354,230,52,92,225,325,281,29,314,487,332,46,361,390,171,70,157,117,132,210,200,79,464,555,158,416,665,365,169,453,331,47,67,26,51,218,350,165,277,577,386,151,532,409,23,288,176,178,8,205,200,168,532,374,245,677,426,243,593,315,192,358,123,132,118,44,86,23,26,28,21,47,7,66,31,9,19,27,76,102,51,57,142,111,60,235,227,41,351,376,3,460,527,80,472,596,185,804,570,280,213,470,330,38,324,327,88,184,290,174,73,251,235,11,243,312,95,242,405,230,200,520,409,96,584,416,86,559,745,296,402,748,490,129,591,574,164,294,507,395,73,285,491,393,21,467,579,209,364,629,336,260,618,401,190,604,465,107,574,549,60,1236,626,305,251,620,527,73,420,622,424,51,511,667,391,201,697,709,170,509,787,445,208,634,522,23,409,446,100,446,384,52,384,459,32,513,631,170,458,72
109,26,72,21,90,148,190,263,347,442,552,632,651,598,468,289,66,105,205,219,136,2,150,283,339,330,245,89,75,229,327,363,329,247,178,139,154,222,303,528,428,392,339,249,169,105,61,59,49,38,22,26,76,141,204,243,278,282,278,275,286,318,363,410,435,412,344,224,84,34,127,156,120,49,43,267,86,5,188,397,577,698,676,574,382,171,15,61,38,42,137,220,210,128,35,240,420,553,570,480,303,96,61,72,19,165,362,488,460,269,43,368,598,664,553,333,82,107,187,159,67,12,65,9,16,17,11,23,34,13,37,16,49,25,114,58,5,63,132,178,225,248,231,168,37,141,349,519,607,572,419,178,100,749,523,602,587,498,363,199,33,118,250,336,370,361,310,234,137,16,107,242,352,427,433,352,198,34,274,490,657,434,699,567,373,107,160,414,621,729,763,691,562,396,221,66,74,195,318,423,512,568,574,505,362,144,92,359,556,671,644,494,260,43,317,545,680,1268,657,515,353,170,20,177,329,436,539,611,661,696,670,565,392,152,130,399,599,709,688,592,422,212,16,171,302,367,388,307,163,52,269,474,611,647,609,47
51,115,279,229,230,252,293,322,327,277,191,365,88,244,391,485,531,502,404,259,81,100,251,360,386,339,241,105,37,159,228,245,209,135,55,21,71,77,56,257,80,150,199,229,226,196,150,106,57,18,12,39,79,130,195,225,247,242,217,176,138,125,137,177,236,316,385,431,428,399,320,217,110,18,22,3,42,154,296,446,566,628,635,567,436,287,146,32,1,22,103,226,356,448,493,466,359,202,10,166,289,330,278,183,41,230,369,414,350,192,40,274,464,566,551,435,265,90,43,103,84,6,118,37,28,45,45,2,24,15,1,5,39,14,59,65,57,28,30,109,193,275,346,374,357,288,167,6,185,366,514,613,645,654,506,372,224,83,27,120,192,244,296,329,359,360,358,319,267,178,74,41,163,282,388,476,542,559,531,444,306,394,62,264,443,593,686,729,714,661,579,465,367,272,202,141,90,28,40,145,280,431,577,710,795,802,730,591,376,117,152,400,588,706,753,717,631,920,360,228,115,21,49,108,156,211,282,368,479,595,704,806,872,866,799,678,499,289,75,131,301,421,502,499,454,48,213,42,127,291,445,556,631,655,622,0
41,58,229,215,240,284,346,400,435,428,367,186,128,27,195,323,421,464,428,340,207,46,123,255,333,356,301,211,71,62,174,237,246,199,106,8,96,153,158,378,50,49,151,214,262,250,214,138,72,5,41,66,52,16,46,102,143,164,158,129,88,46,23,28,78,149,231,303,352,367,350,271,184,85,4,209,46,0,79,181,293,375,428,443,389,314,210,104,21,23,21,37,136,261,371,447,467,414,293,132,35,174,253,174,176,48,93,221,291,278,191,50,107,250,334,351,299,199,83,26,91,100,69,16,21,13,31,1,7,15,10,15,33,41,3,21,25,2,35,102,177,250,306,311,269,178,36,132,307,457,560,602,584,433,389,249,106,23,124,197,241,264,274,276,292,292,288,269,246,194,108,12,109,229,349,441,499,507,470,369,232,240,128,301,445,561,623,628,597,547,472,404,350,304,279,248,216,159,77,46,194,353,515,639,725,742,681,572,378,158,71,280,464,591,640,635,567,864,346,219,106,23,41,86,111,144,178,249,348,466,592,715,808,850,835,747,600,405,176,39,229,388,493,527,501,71,288,126,53,230,376,481,551,563,516,4
44,57,409,294,170,80,10,138,338,523,554,180,142,568,734,546,124,287,447,319,40,155,117,102,308,301,61,296,512,462,165,155,322,275,128,39,59,139,150,312,227,396,396,209,48,234,285,217,120,80,92,87,6,143,295,347,254,74,102,196,228,213,216,190,109,64,273,401,353,154,85,231,214,112,26,262,164,224,110,154,423,508,319,32,349,450,310,69,88,84,5,27,95,289,369,226,105,405,468,253,77,278,247,189,111,72,112,243,170,106,361,398,165,191,409,334,56,198,256,117,73,148,61,58,56,17,22,13,17,21,4,11,26,2,68,76,39,13,66,104,84,11,153,240,186,31,299,437,310,31,399,549,378,270,389,528,380,55,255,397,346,164,37,198,264,249,147,5,161,266,246,93,133,319,335,145,180,454,504,252,177,150,640,384,85,502,640,447,55,317,492,436,230,7,215,343,398,352,160,153,459,615,476,80,412,718,640,215,347,691,648,230,298,616,561,199,249,1285,493,225,131,381,458,367,165,67,290,459,517,409,120,302,659,783,543,47,495,794,697,267,250,572,560,239,173,259,366,80,264,440,348,27,346,549,457,16
23,65,403,438,358,243,126,66,352,580,600,350,212,641,711,392,96,433,425,142,144,178,53,349,386,78,417,720,585,86,427,648,460,93,160,182,82,39,136,599,271,66,227,402,336,101,120,183,86,16,30,157,277,217,30,320,447,373,135,122,317,399,362,207,33,275,390,356,162,72,210,213,115,10,13,361,188,123,120,393,484,284,124,445,495,271,25,184,175,115,134,202,192,8,283,455,366,22,337,461,261,93,313,112,77,243,111,204,378,193,217,486,352,45,369,366,100,145,176,53,42,18,62,42,7,23,5,12,38,18,1,15,4,12,5,88,120,77,20,132,192,142,17,228,357,279,38,409,571,351,135,579,657,85,239,605,582,232,180,452,460,261,25,261,353,265,60,151,261,209,32,158,271,216,20,312,475,339,83,541,727,427,114,663,849,527,80,603,770,541,76,355,570,548,314,8,325,537,558,315,105,508,660,442,49,517,658,356,208,636,607,125,478,757,527,41,564,1527,522,41,388,621,571,300,67,385,569,565,358,41,495,799,726,235,402,834,796,311,301,669,580,171,303,502,311,290,480,488,114,397,701,570,97,426,710,23
101,7,205,40,46,103,178,301,464,608,616,307,66,360,695,760,579,194,183,378,333,74,239,403,347,66,322,647,735,563,213,153,395,450,337,221,114,140,213,741,212,61,175,371,441,383,235,69,30,36,24,100,96,18,150,335,451,448,338,167,29,120,256,386,469,480,394,196,64,246,363,334,209,76,16,361,130,238,255,138,82,330,483,481,319,96,76,161,146,98,74,166,286,380,347,163,145,465,601,515,224,118,353,63,144,97,215,118,126,366,416,230,97,375,464,316,63,157,226,151,20,55,35,10,24,18,10,49,20,12,20,50,56,20,75,27,46,103,142,144,98,17,153,291,369,310,84,243,533,645,520,171,258,858,691,575,271,66,321,451,456,343,185,7,165,288,338,285,143,31,218,330,325,185,68,356,554,536,290,114,537,296,793,539,120,340,674,787,706,453,129,178,403,508,542,474,354,156,105,389,579,611,458,136,257,573,697,533,137,345,702,784,526,63,426,758,800,948,152,235,497,609,553,411,234,79,104,278,480,643,698,571,237,219,660,920,880,557,69,403,674,670,405,0,371,348,454,160,254,598,735,614,273,175,528,61
221,10,476,361,254,143,29,70,140,200,235,364,243,215,188,140,87,32,28,94,155,210,268,312,346,377,389,393,379,348,304,265,214,170,127,106,78,77,79,139,104,128,143,148,143,131,98,68,32,9,50,87,110,129,138,131,121,105,70,38,1,44,97,150,200,251,285,316,333,323,301,262,205,136,61,298,90,144,198,240,260,266,262,250,219,193,153,127,100,80,73,84,105,134,179,228,277,327,370,403,412,399,369,56,227,122,12,103,215,314,387,432,449,425,381,314,234,153,80,17,30,52,56,12,22,14,24,5,13,36,16,16,14,3,82,78,81,82,88,98,110,121,133,138,132,114,85,40,13,69,134,193,249,565,319,332,335,323,306,276,252,229,199,176,161,151,142,136,145,157,184,223,269,322,380,442,494,540,582,605,617,433,608,595,571,545,523,500,479,458,451,435,433,425,432,438,451,465,487,507,537,565,590,609,620,614,598,560,501,429,346,260,161,63,16,93,137,540,192,187,171,139,99,50,6,73,148,213,289,375,430,500,546,583,597,590,557,507,435,351,253,152,51,55,151,257,325,404,484,544,608,651,693,709,705,6
289,28,581,847,1053,1122,1082,895,611,235,142,1739,851,1048,1155,1098,922,630,267,120,525,838,1062,1175,1132,924,632,266,132,510,843,1071,1177,1102,925,616,239,130,531,703,1060,1162,1053,856,583,179,209,574,872,1036,1086,983,780,485,110,264,604,869,1010,1021,904,664,356,25,323,625,836,918,916,778,558,269,51,365,627,1910,857,825,662,453,157,136,417,637,781,795,728,566,321,24,273,531,709,801,758,618,387,92,224,506,720,800,757,478,327,5,328,584,766,768,637,368,34,282,547,662,649,476,209,93,353,504,502,5,1,2,6,1,3,0,3,1,3,0,151,272,326,294,190,17,178,343,448,451,361,178,49,278,475,568,565,468,266,6,238,473,627,679,596,464,216,56,331,556,718,746,680,519,251,22,327,582,765,828,796,634,392,79,243,542,778,1313,930,797,568,256,108,446,751,969,1048,976,804,498,123,278,641,922,1105,1119,1005,744,385,33,447,809,1060,1191,1160,962,655,264,175,599,927,1164,1218,497,925,581,155,284,676,984,1179,1205,1101,833,515,114,305,676,975,1150,1148,1041,819,464,90,306,652,931,1097,1119,1051,1088,520,130,244,608,893,1081,1134,1077,866,25
19,27,142,212,228,218,217,275,395,549,708,454,795,639,382,41,287,511,572,469,232,59,287,410,354,164,114,413,623,719,695,560,372,196,70,17,50,106,163,734,88,60,239,400,487,487,408,272,148,76,83,149,251,336,381,390,338,259,165,67,28,140,243,348,436,506,546,555,515,420,283,139,11,64,66,589,97,189,207,138,16,210,371,475,470,399,295,195,147,155,205,264,293,244,111,99,337,549,671,636,474,226,25,11,222,112,67,238,302,220,14,234,439,523,458,282,74,103,186,175,103,16,40,24,3,22,8,45,12,19,38,10,23,38,128,89,22,52,122,171,203,212,178,105,25,194,370,515,570,508,323,52,237,839,635,666,579,419,222,31,127,245,304,342,332,298,233,145,35,90,214,313,367,350,230,27,225,473,660,721,642,386,111,228,536,748,834,804,666,470,253,46,119,234,315,379,434,490,519,508,423,253,2,294,554,720,731,582,275,99,477,760,875,806,574,250,104,1067,627,714,685,570,428,277,152,57,25,125,254,413,577,742,817,787,626,343,4,364,645,785,761,585,295,31,329,281,569,477,252,50,355,602,750,759,649,38
20,42,318,223,112,25,163,298,410,490,529,185,504,432,343,239,125,16,88,173,240,279,285,257,207,121,31,66,166,250,298,319,292,249,159,56,66,191,310,889,503,553,575,572,537,478,404,311,230,141,68,1,44,85,99,106,124,128,143,169,190,242,289,330,385,426,446,453,442,410,356,296,225,166,106,201,37,34,44,75,121,160,194,216,223,207,166,100,13,87,200,305,399,472,514,532,508,452,368,260,142,30,61,88,143,111,48,60,182,312,421,502,540,534,482,391,296,190,91,19,26,45,34,27,14,20,28,19,38,15,33,11,7,71,10,22,39,57,79,104,135,175,228,292,359,437,499,556,592,594,571,518,444,162,256,163,82,10,44,69,107,114,119,117,113,111,109,114,125,150,182,229,288,350,408,460,495,508,506,463,411,280,243,144,45,52,134,195,245,262,262,246,210,168,124,87,55,43,50,77,124,194,272,373,471,568,655,720,758,764,730,669,586,464,342,216,94,141,100,170,214,220,210,184,135,72,7,62,112,150,171,162,127,72,4,99,198,293,384,467,523,567,582,577,549,131,432,351,257,152,43,65,173,256,333,98
53,37,511,614,657,640,609,522,413,265,101,395,237,388,514,604,652,660,628,554,433,286,115,48,219,384,503,602,658,663,629,547,437,278,117,61,235,378,513,30,646,654,595,513,400,240,77,91,259,395,514,582,614,603,545,451,320,186,23,140,271,398,479,540,553,519,458,360,239,101,31,170,287,387,457,948,478,441,371,285,162,35,90,209,312,385,433,447,431,376,291,178,58,67,199,302,386,438,448,411,334,228,96,234,187,312,389,429,431,360,256,108,40,175,285,357,368,319,226,101,34,156,235,4,0,1,0,0,0,0,0,2,1,0,95,21,59,136,195,228,221,184,106,18,85,180,261,306,317,287,212,122,10,86,213,299,358,375,353,308,223,120,1,115,230,320,393,425,418,376,312,217,91,38,168,283,384,454,489,483,442,528,252,115,28,169,306,424,508,557,571,525,457,335,188,26,141,300,436,542,616,633,611,543,423,283,105,67,246,408,533,630,672,663,614,526,382,152,40,145,317,461,574,654,684,662,596,483,342,184,7,173,334,480,577,637,666,636,566,467,342,180,13,150,314,543,554,607,650,632,586,487,374,223,85,17
158,48,2,103,118,99,136,263,440,596,593,293,15,410,729,796,593,219,165,382,365,131,170,381,378,167,206,559,741,671,385,19,261,357,284,151,96,158,324,694,488,321,43,260,457,500,394,249,103,51,62,118,158,139,49,103,274,404,459,447,375,257,102,66,262,445,567,575,445,219,45,234,294,242,121,226,33,152,316,431,396,203,89,359,495,463,311,148,62,71,135,155,41,184,465,643,622,370,0,364,539,466,219,310,174,94,120,302,298,82,257,519,563,358,10,285,411,336,145,22,85,45,42,10,7,24,7,4,32,49,9,21,46,15,83,75,35,23,90,140,151,109,3,161,322,417,363,162,162,486,673,627,352,379,426,634,624,421,135,124,286,351,320,243,144,40,61,154,215,217,144,9,185,333,361,223,54,395,651,702,499,141,404,773,896,745,374,58,412,594,609,487,323,154,6,124,265,390,477,470,324,45,288,574,670,517,150,303,672,794,579,150,351,730,834,641,239,720,554,700,637,425,148,91,267,373,428,462,467,420,267,5,375,715,900,826,481,12,475,767,762,500,90,302,514,109,239,138,481,652,582,294,107,460,658,17
219,11,428,236,85,18,2,71,259,469,607,89,177,304,655,745,469,37,331,390,192,127,288,215,123,474,662,491,94,367,620,595,310,46,112,57,21,31,148,547,533,441,160,214,431,457,306,122,11,16,33,60,2,164,322,397,339,179,20,211,341,408,413,344,187,50,311,496,518,360,110,129,233,201,97,25,139,294,371,272,2,339,552,550,327,41,169,222,181,145,205,309,350,229,57,416,625,572,243,175,456,441,186,107,180,36,198,277,94,257,518,475,136,278,508,429,140,147,243,168,20,33,11,1,13,27,19,12,3,10,12,36,19,12,39,42,131,152,92,35,159,248,220,91,131,356,470,374,61,357,652,663,355,379,512,668,536,215,142,373,432,332,150,31,170,236,225,141,17,120,222,219,87,134,347,397,216,145,495,666,520,132,407,767,805,493,3,452,699,659,413,78,206,386,437,401,292,120,126,381,536,488,202,199,552,646,435,31,502,761,593,139,445,783,758,325,215,1532,769,558,138,254,505,542,451,276,81,119,330,511,608,513,216,237,637,829,661,233,288,641,680,383,49,446,523,19,132,498,617,360,88,535,726,613,242,50
174,103,679,602,513,420,330,223,131,28,39,698,153,190,195,179,149,99,33,41,121,214,300,371,436,486,522,533,531,515,493,443,391,339,277,216,153,108,73,233,12,28,51,62,70,67,69,57,63,69,61,64,63,52,44,36,14,12,48,89,144,188,243,297,341,378,398,407,409,379,345,284,212,139,41,457,158,256,342,409,467,504,516,515,485,425,366,283,183,93,13,97,171,241,286,306,299,268,220,152,77,0,78,224,177,195,183,146,71,11,95,191,276,341,375,382,364,322,258,184,118,41,7,14,28,30,4,10,26,17,5,5,56,16,3,13,21,32,53,77,115,157,212,271,350,437,511,582,658,702,735,739,727,841,657,602,541,471,416,364,319,285,252,230,208,195,174,175,168,172,188,208,238,280,310,346,374,388,394,383,376,384,315,280,237,208,181,162,146,140,134,141,152,159,179,195,221,248,285,294,327,352,366,370,357,333,303,261,180,122,32,50,136,211,291,351,397,1172,444,444,428,401,368,317,270,204,135,84,15,42,97,146,175,193,188,173,150,115,72,27,25,92,150,217,282,304,422,510,579,641,708,760,803,826,830,20
93,51,564,505,450,376,298,211,123,32,47,668,131,153,149,115,65,19,34,93,156,207,265,315,373,400,431,449,441,414,379,351,311,274,236,220,198,200,192,254,164,144,118,87,54,27,1,23,46,55,82,81,96,103,96,92,73,47,13,32,82,135,192,261,318,365,411,430,442,427,413,371,302,234,151,460,33,140,226,294,350,387,398,394,368,335,284,229,175,101,34,31,89,133,167,175,169,135,86,15,58,128,194,190,250,226,182,102,16,89,195,300,379,430,458,444,411,348,272,183,108,43,10,57,2,41,25,1,21,15,47,13,23,35,5,16,24,37,43,42,36,17,13,65,124,201,281,385,470,566,634,687,719,1003,703,659,606,530,448,375,312,262,214,198,184,181,196,216,242,272,299,341,369,410,450,469,498,509,508,502,483,627,423,390,354,308,275,228,195,158,132,108,104,114,130,174,223,276,333,391,438,467,492,489,482,459,410,355,293,227,130,53,30,105,177,235,286,1074,315,322,306,273,247,209,169,121,76,27,16,73,128,171,214,233,247,228,199,147,103,27,29,101,167,245,299,318,443,508,569,616,661,691,699,709,697,163
66,48,539,604,496,322,138,26,199,400,573,378,476,122,314,644,702,464,71,250,343,175,106,299,233,79,452,680,590,224,223,529,589,435,236,89,29,8,112,63,390,423,314,104,113,247,272,214,130,66,74,107,111,52,76,224,306,290,210,107,2,88,201,318,403,377,202,80,345,473,417,206,22,161,148,439,40,10,140,312,381,269,13,272,439,415,248,47,72,85,35,52,163,340,436,324,4,397,620,526,172,216,393,14,9,194,112,169,398,345,3,408,597,432,29,331,450,294,39,140,146,53,47,39,2,25,23,37,24,1,13,8,70,55,50,8,44,93,131,114,20,151,316,367,197,151,527,692,503,27,513,818,730,130,225,598,656,434,92,201,346,329,217,61,78,187,234,203,82,122,318,409,298,2,391,667,661,316,233,738,955,667,198,441,889,947,627,87,424,703,687,439,108,183,345,415,396,307,129,133,431,609,549,196,329,765,862,522,112,746,1023,812,223,464,908,912,540,719,529,775,708,390,16,374,583,605,477,245,63,390,673,788,626,202,347,802,940,698,175,394,758,770,434,62,507,93,484,45,442,722,646,243,287,707,819,23
125,50,608,561,518,494,471,486,517,569,620,716,704,717,693,627,515,364,182,0,148,261,308,289,191,62,111,284,423,518,558,540,473,393,301,211,167,132,137,161,213,268,320,364,383,375,345,282,216,131,57,21,8,30,66,120,169,197,218,199,170,138,107,99,107,126,166,217,263,296,327,306,281,227,146,547,32,100,136,136,94,18,65,162,237,276,270,224,155,61,30,96,123,102,43,59,176,296,391,446,450,392,284,155,0,121,191,191,111,28,196,353,472,523,491,392,252,104,22,95,114,78,10,25,12,4,22,7,2,12,23,16,10,15,44,65,85,98,120,159,210,264,301,319,282,191,43,149,358,557,717,808,825,892,665,524,367,227,100,2,69,112,145,166,184,212,228,256,290,306,310,290,227,132,0,162,348,528,691,824,907,553,912,815,682,513,333,159,1,139,234,308,345,370,372,383,389,411,459,510,573,610,637,607,530,379,180,64,333,590,796,944,1023,1006,931,795,620,394,265,87,57,170,257,321,353,395,424,458,521,594,692,785,877,927,931,873,763,594,390,184,37,204,374,494,581,127,642,600,515,381,220,28,164,339,485,278
73,32,143,352,440,452,435,414,355,200,78,898,689,756,537,128,313,571,530,227,132,331,265,27,355,519,417,80,333,616,647,435,113,162,276,250,155,111,171,682,367,284,58,213,411,441,324,153,35,8,34,38,17,147,285,360,330,217,68,83,189,266,325,348,328,245,75,147,349,452,416,256,60,74,103,438,8,47,185,340,414,320,82,193,388,430,317,155,13,34,9,12,45,194,378,463,364,64,288,508,470,207,102,147,167,72,239,180,86,378,468,262,112,435,504,307,10,243,277,148,14,82,27,49,18,18,25,11,21,6,8,16,7,15,26,55,74,91,87,34,61,201,312,305,137,183,502,648,488,64,449,781,769,156,77,494,648,526,238,56,252,316,292,215,114,13,162,275,308,209,5,261,434,411,170,225,597,760,596,138,431,422,968,678,147,408,764,815,578,179,205,471,550,476,305,89,115,301,439,489,402,147,210,550,702,556,116,441,845,890,523,91,685,991,876,409,177,1567,814,669,316,72,361,498,503,423,281,95,167,460,690,750,534,93,429,828,925,666,171,364,726,783,536,87,357,94,574,259,186,545,655,456,44,408,705,119
141,68,445,483,425,341,247,119,83,360,614,552,547,161,300,641,696,446,38,303,399,200,137,377,360,55,359,650,634,330,112,435,508,372,168,49,54,121,118,286,246,450,498,376,109,157,305,312,219,123,95,126,165,135,12,179,340,394,330,186,52,54,129,234,339,401,366,185,98,332,425,346,167,2,41,526,90,66,79,278,428,420,228,49,292,398,339,184,47,3,29,55,17,196,385,455,304,17,360,513,400,90,186,61,111,111,188,41,239,423,333,4,361,526,380,47,259,353,228,13,114,100,11,59,13,22,7,21,13,6,20,0,16,9,1,24,60,81,60,23,160,261,250,67,240,512,569,332,132,594,799,622,144,851,725,698,385,38,370,489,410,218,7,152,243,268,223,94,95,289,372,278,5,336,581,577,268,217,668,872,700,355,406,859,951,641,100,455,762,745,451,70,249,425,446,385,252,81,158,392,550,514,244,195,622,812,629,115,501,922,922,479,185,770,1003,767,228,1260,742,786,528,127,226,462,522,465,320,129,132,429,654,715,488,30,506,889,907,559,17,562,854,761,360,162,576,95,451,2,464,689,581,180,317,674,737,52
25,14,568,489,403,316,248,167,107,73,46,579,37,58,94,144,194,243,289,323,350,355,342,312,270,209,150,86,17,47,87,113,115,95,42,21,98,191,287,397,430,479,504,497,465,414,340,250,147,61,44,131,213,283,348,391,425,434,437,425,406,381,348,313,287,255,233,213,194,172,147,114,72,18,41,231,181,255,325,378,436,468,482,476,444,389,329,254,157,69,21,109,189,254,303,315,322,292,238,174,91,6,68,212,162,172,144,72,19,122,235,329,408,452,458,429,377,293,198,103,17,51,105,33,64,16,12,4,5,16,19,15,8,40,43,18,2,19,31,36,19,6,57,122,207,306,415,518,618,711,766,804,818,1051,763,707,641,568,497,435,379,334,296,281,264,255,251,254,255,244,244,234,214,195,153,98,40,35,115,207,293,3,462,535,588,634,663,662,658,632,594,549,492,427,367,327,288,271,263,279,314,364,425,503,582,676,761,842,910,954,970,969,929,876,806,716,628,778,466,399,354,323,309,301,318,339,373,417,472,536,593,657,708,747,777,769,743,687,613,531,437,333,230,125,27,498,175,281,378,467,560,634,689,734,741,69
56,132,579,449,235,66,39,158,322,514,587,269,19,512,806,700,242,282,548,419,48,266,258,49,416,543,286,204,625,717,439,11,353,443,309,116,25,80,150,538,96,353,494,414,138,162,343,341,238,138,111,106,63,71,268,418,428,282,49,193,363,436,412,308,117,130,378,519,470,228,66,261,277,159,60,210,215,283,159,155,471,597,420,53,291,429,353,177,48,18,27,25,180,356,421,254,90,431,550,363,5,305,340,197,96,125,75,292,280,28,418,574,335,128,475,485,188,145,275,165,19,96,28,22,6,1,24,15,23,20,8,30,8,27,65,17,34,94,157,187,109,84,315,411,255,124,512,655,407,113,617,805,549,331,481,691,532,168,185,371,364,238,59,89,216,268,206,22,199,342,291,44,270,463,390,63,361,633,585,192,361,398,803,414,195,703,846,579,66,407,641,572,300,21,267,418,444,355,131,190,490,627,455,28,471,754,620,128,486,821,691,145,502,870,737,202,420,1639,723,333,164,503,588,436,187,73,298,456,499,399,113,300,649,767,529,26,526,834,745,294,271,664,668,296,216,261,516,127,372,667,558,102,432,759,701,49
12,95,332,389,383,344,326,347,426,528,607,97,528,310,17,299,545,663,620,430,166,97,284,312,186,44,325,557,678,660,507,281,58,90,161,125,39,61,106,542,29,175,328,443,477,437,356,263,188,154,172,203,237,252,209,137,39,64,157,227,281,333,381,430,461,478,454,379,266,127,0,88,126,99,35,433,65,33,80,245,415,541,578,512,362,187,21,79,107,61,0,39,10,101,270,448,577,600,486,280,34,173,274,11,76,114,257,263,129,112,366,529,543,388,130,134,327,379,301,150,3,93,91,34,29,21,2,15,40,38,37,6,11,29,69,52,36,15,27,90,173,248,289,256,131,76,325,547,668,640,473,194,132,905,602,657,586,442,255,84,43,131,197,236,243,242,221,153,63,70,206,330,398,393,282,91,159,435,663,776,745,541,244,118,462,718,836,812,667,451,205,9,168,274,326,360,386,410,420,392,294,123,117,385,613,746,728,543,221,171,533,785,872,770,512,161,199,1277,667,702,620,468,297,119,14,117,215,307,418,540,665,735,706,579,333,9,338,625,809,840,718,477,159,165,404,155,528,370,131,167,454,666,748,702,544,95
49,38,326,8,197,260,280,336,341,215,75,705,650,549,147,328,578,462,110,195,216,20,227,167,158,508,572,241,283,656,643,295,158,385,351,173,59,61,112,539,106,312,414,303,58,197,346,343,250,122,20,104,241,343,336,235,27,191,340,409,373,231,22,321,536,557,319,61,391,496,370,129,51,93,72,105,255,406,365,65,357,632,568,211,197,421,382,209,82,67,74,49,307,532,497,109,421,739,594,79,423,546,264,199,221,10,231,175,195,527,461,28,537,650,280,235,481,333,20,167,136,10,34,40,33,12,18,0,6,13,20,0,16,11,104,65,18,87,116,100,48,64,195,257,162,110,405,480,226,238,615,600,178,669,649,522,94,315,462,324,60,136,196,163,102,45,35,133,182,97,77,241,249,38,267,435,299,96,505,632,333,45,698,749,332,284,718,728,332,189,532,567,347,38,216,363,391,303,77,227,483,532,245,240,640,645,203,430,803,609,44,690,858,413,316,815,768,322,387,742,663,268,201,506,553,402,143,130,360,521,520,280,161,608,764,483,100,624,735,390,163,557,537,142,318,118,354,108,539,623,267,293,717,721,296,109
52,81,442,185,3,104,162,239,351,400,269,647,482,708,548,62,430,584,303,112,311,144,221,446,298,123,556,685,414,75,503,613,396,53,180,214,97,24,86,541,265,162,103,316,385,279,87,60,122,169,205,256,253,122,80,280,374,322,205,55,115,279,407,435,290,1,321,514,461,220,55,227,232,140,104,182,240,215,2,315,550,535,231,193,470,488,264,12,87,55,28,140,362,456,244,189,590,649,309,174,491,445,124,178,168,26,191,79,250,485,358,90,520,564,211,228,428,274,21,176,137,7,89,39,5,7,35,25,5,31,3,38,29,8,54,114,99,20,77,143,151,81,63,246,346,261,38,421,599,431,35,525,712,243,31,490,623,383,10,312,373,230,34,94,132,118,91,43,22,104,126,53,97,238,227,5,331,546,412,54,583,543,557,47,645,883,640,76,485,749,596,177,229,427,397,244,97,40,211,372,395,202,160,494,554,269,245,651,658,204,458,861,692,41,653,941,636,395,637,839,582,52,402,576,472,197,40,199,295,361,357,190,164,540,668,420,112,594,708,428,84,532,637,356,162,183,608,182,419,775,590,8,608,826,548,105
70,33,142,287,460,371,208,90,29,217,425,95,225,252,612,562,114,365,479,162,233,312,15,403,438,17,508,686,364,212,618,580,210,177,331,245,125,118,136,513,215,417,361,79,239,362,240,60,36,17,10,73,243,324,193,123,382,416,227,23,201,288,303,252,81,187,425,431,192,149,374,338,131,73,120,541,8,98,256,273,35,307,481,321,36,322,357,186,6,65,61,100,230,300,153,188,487,463,88,339,476,241,96,59,75,92,29,217,326,82,337,532,276,220,518,363,45,317,256,15,127,77,48,2,7,7,62,0,14,29,8,22,9,7,98,22,156,192,86,110,268,260,64,230,437,371,3,465,656,386,222,715,709,253,468,736,480,68,473,484,204,126,277,223,57,81,114,63,22,81,91,40,90,231,269,87,279,567,502,6,597,700,535,195,821,907,389,365,830,735,206,363,626,487,125,204,371,350,189,59,293,384,233,114,444,465,111,411,681,415,233,790,777,162,624,972,621,651,790,844,363,283,669,625,242,207,489,497,284,42,353,537,447,91,388,676,546,44,490,692,423,124,565,570,128,150,638,295,358,762,545,143,761,816,299,72
93,14,439,560,574,510,425,330,217,49,186,1065,682,737,598,304,34,307,418,329,99,128,232,139,121,436,663,655,397,24,322,508,542,438,292,186,159,159,137,506,96,259,394,459,415,282,131,33,12,27,25,19,136,318,463,498,410,233,55,79,178,223,263,324,406,436,378,209,18,237,399,447,364,218,77,266,87,171,205,129,68,310,500,556,460,272,54,125,194,205,189,195,259,355,415,352,123,198,465,553,440,191,84,6,148,45,199,191,2,287,500,503,251,136,451,538,387,118,116,214,160,36,68,8,5,22,17,51,21,39,22,30,4,18,99,5,91,157,176,151,74,51,198,335,401,359,172,135,453,655,634,389,13,526,590,613,439,165,96,273,335,290,167,32,68,115,124,101,55,15,114,212,279,256,108,142,420,623,634,432,47,97,736,869,741,392,33,418,658,698,566,326,55,168,296,368,368,333,238,81,128,351,508,500,281,72,458,739,769,517,35,487,839,899,658,209,283,1456,762,656,413,120,179,423,563,590,528,380,145,159,468,718,823,737,430,37,490,789,824,631,268,133,451,560,444,500,186,480,595,459,131,267,597,764,714,40
156,54,214,91,29,187,312,443,558,646,720,884,773,776,748,722,650,597,523,444,368,297,213,157,82,40,2,43,48,66,47,26,12,46,58,93,135,129,127,361,63,33,31,75,110,161,181,186,200,178,158,124,81,40,14,79,141,198,254,308,335,362,368,360,343,305,260,212,140,81,11,52,106,164,209,22,289,305,320,325,314,295,256,217,173,113,57,1,56,110,143,192,231,258,285,307,317,325,317,296,273,228,185,55,41,32,123,228,314,405,473,526,558,538,504,436,357,262,170,76,4,53,100,13,0,6,17,42,4,35,2,9,5,33,103,118,137,154,174,200,227,262,304,347,404,453,509,552,594,614,632,630,614,702,553,520,477,430,400,361,335,317,290,298,286,293,293,292,312,314,333,363,387,438,484,531,599,644,695,727,752,455,774,781,772,761,757,726,705,672,631,604,556,513,479,431,399,369,343,330,311,315,320,328,351,370,389,425,461,489,534,570,610,646,671,692,709,1522,708,700,683,650,612,562,489,412,314,223,114,6,82,187,264,324,396,436,481,513,512,510,476,426,363,264,176,356,38,128,220,308,368,427,467,478,487,9
36,0,554,302,46,89,131,204,338,486,508,572,155,599,793,602,125,351,546,358,26,308,263,75,454,573,327,147,557,648,414,37,249,293,156,20,3,135,281,647,79,226,463,484,288,0,217,265,201,126,120,172,193,122,59,267,394,384,266,92,82,225,331,378,334,187,19,226,346,333,211,73,26,48,45,248,202,334,356,203,104,401,533,426,157,112,259,242,152,120,161,223,197,7,272,493,488,235,132,389,398,173,75,61,53,134,173,14,281,403,232,135,440,449,173,183,350,252,27,128,109,17,99,47,5,2,50,26,7,3,48,28,14,24,29,63,73,26,81,190,196,77,143,334,359,169,169,461,519,292,125,490,591,212,0,350,491,398,152,115,285,323,253,99,85,242,309,244,64,170,345,364,184,128,414,506,325,69,475,663,507,262,427,723,674,299,197,588,702,521,155,232,505,571,456,192,118,390,540,511,267,104,466,643,511,104,395,706,637,212,346,736,737,349,220,678,789,664,32,449,712,648,334,82,424,595,563,373,84,236,498,651,599,326,106,523,736,641,267,191,510,557,311,75,389,30,193,212,541,578,269,238,664,778,511,113
13,37,479,449,431,391,355,319,287,256,239,827,224,246,267,297,339,369,402,415,425,410,376,331,273,212,156,94,43,0,22,36,37,34,25,11,0,30,55,182,98,111,110,113,90,59,23,19,70,107,147,165,178,172,174,158,126,88,48,0,62,134,209,279,342,393,422,436,420,382,320,235,145,26,92,287,314,422,503,582,623,643,627,595,529,448,350,251,148,40,57,141,211,255,288,305,293,268,223,163,79,4,90,218,217,244,238,203,143,45,62,177,294,389,460,492,490,452,387,302,201,99,5,4,50,1,20,8,54,12,24,65,124,38,128,122,126,136,148,162,176,187,187,180,163,129,84,31,30,102,163,220,269,880,330,330,316,277,238,199,157,118,90,68,58,54,63,74,94,122,168,224,293,362,446,518,592,656,708,749,785,213,824,837,837,828,813,799,763,731,687,650,606,570,540,529,512,508,516,534,551,575,603,630,662,704,747,799,851,895,927,972,986,989,980,956,920,1609,857,826,788,774,747,740,726,712,703,710,697,715,731,738,759,766,766,754,737,716,691,685,650,642,620,621,631,178,647,648,650,648,650,628,614,590,569,51
294,19,368,191,91,51,76,103,120,68,65,824,486,673,778,766,628,402,135,102,274,337,274,115,105,336,518,617,608,508,342,146,17,116,132,77,21,124,193,577,117,10,165,293,360,355,280,172,72,19,18,74,157,258,333,367,371,339,289,253,236,225,228,237,225,182,104,2,114,211,267,258,200,107,9,230,46,38,180,352,507,606,617,545,412,250,105,9,28,5,76,151,195,174,89,53,219,377,476,487,406,240,45,351,163,115,45,243,413,490,422,226,43,310,487,531,441,268,70,85,162,153,76,19,11,27,4,8,25,12,3,80,16,40,6,9,15,44,102,172,245,283,291,239,124,38,242,439,586,648,616,465,255,365,224,394,493,503,460,383,306,239,181,113,34,62,168,263,346,385,366,284,144,50,256,453,586,642,600,446,219,355,325,560,718,800,791,706,573,410,251,97,34,164,295,432,555,661,720,722,645,479,237,40,335,577,738,804,746,567,296,19,335,609,801,883,867,1040,552,327,81,139,333,490,602,683,752,783,796,777,694,559,364,105,159,406,610,729,764,689,541,337,86,157,356,289,555,515,393,186,66,330,574,744,836,18
63,43,37,110,117,108,125,197,342,497,600,62,412,126,202,479,587,512,287,30,174,215,90,137,363,491,452,257,15,273,417,430,332,182,51,0,44,141,248,779,257,125,54,231,350,376,317,221,136,101,121,179,211,182,94,52,195,288,315,281,239,216,233,260,269,214,88,87,256,371,386,321,205,94,46,261,137,219,250,204,67,128,327,461,491,406,248,80,36,53,8,54,70,7,178,368,500,484,315,41,219,369,348,27,24,162,152,3,225,386,399,233,40,305,450,431,267,58,103,163,117,18,63,9,24,17,4,29,2,3,24,36,21,2,62,69,53,14,55,130,193,208,142,2,188,374,499,493,346,81,228,489,615,563,416,174,69,253,344,356,312,245,173,88,1,103,195,258,264,190,52,124,275,360,327,180,69,343,567,658,581,258,3,355,634,762,729,564,318,62,159,329,433,500,522,501,415,257,39,211,433,583,596,447,174,156,464,641,617,398,26,380,703,832,747,466,76,752,595,719,701,571,391,206,37,108,252,409,553,658,673,566,334,15,324,592,726,687,481,190,127,364,460,390,181,67,374,549,563,409,112,214,504,668,685,25
73,20,587,461,335,198,45,99,243,367,482,213,644,677,693,681,634,573,481,371,236,92,45,193,325,438,533,596,628,623,600,541,449,353,236,112,2,118,220,519,361,403,409,405,373,315,251,166,79,9,89,165,228,269,287,285,258,210,146,58,28,126,216,305,381,442,485,504,508,486,433,376,289,195,86,640,121,229,319,390,447,476,488,476,440,392,325,236,144,40,66,178,278,379,467,537,591,616,620,591,541,465,363,106,121,3,120,233,319,380,414,424,409,373,326,268,202,149,90,50,20,1,14,33,67,18,21,2,23,19,54,5,22,29,18,25,43,60,85,120,151,193,236,285,329,371,410,440,462,475,472,462,444,121,382,349,312,283,256,233,216,201,195,195,194,193,193,193,194,196,193,203,221,231,245,273,296,322,352,368,403,314,440,450,462,462,459,459,448,433,425,405,392,381,361,352,362,365,371,387,410,442,476,511,553,597,634,671,707,742,774,793,796,812,802,796,780,1293,737,706,671,648,613,578,548,517,488,456,419,385,351,309,269,237,196,163,132,109,97,91,97,125,157,212,273,188,432,518,606,687,757,813,865,877,871,19
120,91,400,311,204,80,53,207,348,477,597,200,748,772,765,726,649,551,413,275,119,29,187,332,440,536,602,632,641,615,567,491,421,345,268,202,151,110,88,327,46,39,26,27,15,9,0,20,40,73,100,136,176,211,237,251,253,223,176,113,37,52,137,222,290,338,379,391,392,376,349,316,268,215,165,311,81,47,29,16,18,23,35,46,64,67,57,35,12,57,123,186,277,362,447,521,592,633,663,642,600,518,403,23,126,11,139,226,284,289,263,204,124,42,43,108,155,181,177,152,116,79,37,3,56,18,20,34,4,13,19,4,12,16,32,46,62,77,94,110,126,134,139,128,97,62,1,73,163,251,344,421,485,789,553,554,530,494,451,398,348,288,248,195,165,144,127,127,134,162,189,230,272,308,344,380,401,408,402,399,368,317,285,234,172,115,49,4,54,86,101,110,89,51,9,47,114,171,217,246,263,261,245,200,137,51,47,163,295,433,557,681,787,878,937,975,987,1669,963,917,879,821,767,707,651,609,555,532,518,514,533,550,583,620,650,674,691,701,703,685,663,625,589,544,484,79,325,239,137,21,97,204,310,384,449,13
144,172,624,615,542,439,336,291,322,403,517,136,668,634,501,293,44,175,331,377,301,123,111,338,500,559,499,330,96,168,384,532,578,545,444,328,231,172,179,100,305,377,423,436,400,339,267,211,165,151,151,168,189,196,183,156,106,49,1,59,91,123,146,191,230,298,373,444,497,499,455,371,253,140,74,120,125,224,329,408,409,335,198,23,148,279,340,322,260,165,78,30,45,130,276,434,566,634,598,458,229,17,224,153,302,167,26,199,278,229,57,184,397,534,537,410,203,12,178,245,215,114,13,35,4,35,23,0,6,1,22,22,5,12,113,127,122,99,65,14,50,140,240,349,437,482,446,318,114,136,403,615,730,740,639,459,248,48,118,215,262,272,245,206,165,126,89,45,5,71,156,248,319,352,324,228,48,187,456,695,875,678,884,712,444,133,180,450,636,739,744,674,557,425,287,175,96,45,13,81,179,307,437,534,564,500,313,54,262,558,783,894,860,690,411,70,276,1211,796,930,937,852,701,516,336,181,53,40,116,191,276,386,498,596,665,668,604,465,262,37,200,391,519,555,501,228,99,189,470,714,857,877,772,543,250,32
195,48,583,480,137,124,189,226,306,277,10,620,635,322,304,671,459,113,463,294,136,283,2,365,351,124,594,588,59,526,682,321,192,438,335,125,4,36,112,329,325,160,178,408,374,115,161,285,261,163,55,91,262,355,251,33,326,432,291,11,237,378,363,200,100,406,502,268,141,423,383,117,99,132,87,104,260,232,81,473,566,198,376,653,411,97,424,365,108,51,37,47,191,341,223,184,540,468,20,478,478,72,281,24,20,106,87,244,47,353,458,61,462,543,86,407,450,61,272,229,36,173,34,26,20,9,15,5,26,36,32,0,3,72,3,59,95,56,45,155,172,14,236,351,144,287,543,318,243,640,480,101,584,440,85,393,492,211,155,337,246,39,163,219,138,38,170,168,19,159,193,33,211,298,105,262,497,330,183,650,656,215,618,877,434,367,872,676,24,638,696,249,298,536,376,12,281,372,246,25,296,397,182,232,527,359,200,666,578,77,745,804,153,657,935,439,398,1591,650,72,684,732,232,379,653,460,10,390,530,364,17,367,557,393,52,492,584,227,298,568,357,155,507,374,123,61,436,120,630,592,29,691,786,202,550,1
52,5,217,205,183,121,35,58,139,209,252,435,244,195,118,30,68,161,229,285,301,264,191,84,54,219,364,500,607,647,664,617,529,421,309,194,97,36,8,299,7,7,18,44,55,54,34,8,21,69,121,174,233,294,337,364,384,384,369,356,338,316,319,326,355,386,418,440,443,411,358,288,202,125,43,86,19,5,55,135,231,320,402,466,506,506,481,424,340,243,150,52,26,77,94,79,16,59,154,245,313,338,314,31,116,26,179,297,380,395,353,245,107,51,196,308,376,386,346,271,179,83,9,18,41,45,11,9,10,9,3,1,16,1,51,45,46,61,88,131,184,240,302,349,383,396,373,316,234,120,12,150,271,734,453,496,497,468,429,363,314,263,228,205,196,184,178,167,144,108,43,19,108,203,305,406,496,580,644,685,705,597,662,598,516,411,293,180,62,45,132,204,262,290,308,315,320,323,335,368,410,461,536,598,651,681,689,657,596,505,388,255,112,42,179,314,433,1413,613,671,709,733,720,704,670,634,606,575,559,564,568,588,600,602,590,562,509,435,351,251,154,47,59,157,256,254,417,478,515,525,499,441,359,240,125,53
188,44,340,70,81,125,151,293,497,591,396,655,741,1050,813,135,571,881,629,75,361,370,20,361,415,69,427,714,592,133,361,588,472,186,40,57,63,116,27,359,568,546,245,191,520,567,375,104,68,105,77,95,197,314,349,217,20,272,428,438,310,119,82,264,393,443,370,160,135,380,465,357,167,17,56,443,143,289,428,406,178,183,485,564,403,104,143,253,241,188,202,244,209,13,304,567,564,239,231,552,529,205,149,10,122,98,138,61,331,400,142,272,533,448,84,282,423,266,4,157,148,44,29,19,26,6,8,17,42,12,4,8,24,0,49,62,36,21,93,140,110,14,184,307,262,15,313,503,407,37,394,606,463,184,338,517,394,101,166,279,241,129,26,69,147,199,190,75,116,292,327,163,117,365,403,185,183,462,459,160,281,91,578,233,249,613,669,397,45,426,582,474,201,93,304,408,410,321,82,251,570,681,441,60,594,825,606,39,539,801,576,6,543,748,495,40,541,1552,499,54,377,594,545,297,18,315,506,551,445,167,250,628,817,665,207,382,814,876,548,8,523,732,557,96,363,128,334,141,529,556,170,376,732,653,228,1
97,106,600,418,215,2,223,465,687,897,1080,336,1336,1383,1399,1349,1251,1107,925,699,467,220,26,247,471,649,796,902,961,980,939,852,722,559,370,154,52,253,432,1037,685,763,795,779,728,638,526,397,254,118,31,161,289,384,459,499,522,510,474,408,331,240,127,19,103,200,315,385,450,481,486,466,408,318,212,555,32,153,265,360,424,463,477,479,439,400,339,276,209,146,90,36,12,49,71,81,73,52,24,24,81,141,188,219,251,245,219,159,87,12,115,226,320,395,452,468,454,420,356,273,183,92,8,28,23,41,3,31,18,17,11,40,20,26,12,35,59,80,101,125,135,146,142,130,108,84,43,6,50,102,157,199,231,643,291,314,304,291,282,249,216,173,129,61,18,39,79,119,140,143,145,118,73,13,48,131,212,295,369,440,511,21,594,630,651,668,670,677,659,638,606,559,489,409,318,221,114,19,82,168,223,268,288,297,268,231,168,85,14,75,171,263,360,447,521,588,643,1738,702,702,684,628,565,477,382,264,130,13,105,231,333,425,504,573,626,671,699,712,708,698,668,623,558,463,357,703,82,68,240,400,560,691,796,876,905,30
70,61,309,222,139,70,26,19,48,116,205,349,411,509,568,592,581,519,415,284,128,18,160,271,335,352,323,256,159,51,51,130,172,174,139,82,0,94,181,564,301,329,342,340,308,275,227,180,146,115,102,120,147,186,222,258,273,275,270,258,254,248,242,242,248,248,246,238,225,204,171,127,76,24,24,226,83,81,61,17,32,92,153,201,236,246,226,181,122,37,38,96,134,138,111,51,24,112,189,250,280,271,222,90,30,82,174,245,258,222,140,30,92,200,276,305,291,244,167,83,10,40,62,23,15,0,10,7,2,1,0,27,1,37,39,36,33,35,40,45,42,21,10,56,120,190,257,318,355,361,343,292,209,17,27,58,126,177,195,190,173,152,138,115,114,128,148,169,189,204,215,206,172,120,57,20,113,202,288,350,399,242,440,429,396,355,297,225,147,73,6,52,87,108,109,91,75,61,62,83,128,196,287,377,463,535,583,590,554,475,358,220,72,77,213,324,404,1083,456,442,400,358,319,282,260,249,251,261,285,305,338,360,373,374,349,306,237,153,53,50,151,239,315,368,399,103,350,278,181,66,65,184,297,375,425,11
76,135,4,230,190,67,91,276,372,168,321,301,721,196,493,825,592,13,438,440,86,217,176,160,431,332,125,560,612,232,264,512,368,41,164,120,34,74,77,727,302,89,208,377,310,100,85,149,148,149,182,173,70,132,315,366,250,26,185,311,331,254,97,123,315,396,290,40,220,326,235,64,47,18,34,9,193,367,321,10,379,575,414,14,355,451,284,54,67,74,68,165,303,289,30,329,519,344,69,401,381,71,212,110,45,220,90,235,394,173,270,524,347,120,462,404,53,241,256,68,82,55,60,29,17,29,23,10,1,14,17,1,27,23,11,34,26,13,6,29,85,111,44,117,264,232,4,310,431,240,169,483,460,60,313,504,345,12,301,373,225,0,166,225,193,87,49,176,220,141,51,237,260,86,186,353,250,88,412,459,136,34,631,464,54,566,707,378,178,577,599,289,101,368,414,317,147,77,311,471,411,84,373,643,503,3,546,686,324,280,651,511,26,539,626,236,324,1437,491,44,400,559,392,51,245,387,377,256,58,216,466,553,349,108,568,730,459,90,571,677,361,141,466,412,70,180,341,72,320,478,237,267,625,555,94,64
111,15,483,202,19,87,73,126,296,500,525,371,230,658,775,467,68,502,555,230,205,416,232,187,539,530,147,362,687,613,239,199,444,410,202,13,39,33,92,554,150,319,346,199,24,181,205,119,60,86,193,261,190,21,289,483,495,335,63,213,417,493,446,263,1,261,445,460,307,47,170,249,181,40,34,558,181,296,221,38,352,542,463,179,164,386,405,282,135,40,11,86,230,380,406,226,123,450,544,332,54,343,355,299,158,212,2,267,347,116,263,506,413,47,329,458,289,11,225,228,81,56,84,2,23,42,19,15,33,40,25,0,1,4,35,8,39,82,92,46,54,165,210,138,59,287,390,271,31,373,533,396,43,622,521,433,142,171,358,360,229,47,113,229,262,216,83,95,240,276,163,58,244,295,152,107,347,404,211,152,486,302,379,63,505,707,560,141,324,612,608,352,11,270,413,422,337,193,31,305,521,562,310,138,567,695,420,132,612,718,363,236,689,729,334,262,698,1407,410,97,504,633,493,204,91,300,411,447,397,214,79,437,687,665,335,175,613,762,543,84,363,571,457,99,267,115,269,103,447,541,278,215,646,747,459,22
1,0,198,145,80,18,126,257,377,482,569,16,648,631,565,473,350,206,53,89,233,345,428,473,484,463,418,353,271,179,93,33,20,49,42,18,25,90,155,357,290,334,346,340,314,250,182,87,8,99,191,267,335,391,430,464,481,497,495,498,496,496,498,493,508,503,498,489,465,433,384,312,233,138,26,280,176,269,341,387,414,421,399,367,335,289,263,243,236,248,287,332,396,466,536,593,624,632,607,547,453,328,188,244,90,206,283,322,313,271,189,92,18,122,214,272,308,303,276,227,165,101,46,16,9,12,28,25,42,24,2,13,25,26,5,5,20,42,67,94,136,181,236,287,339,378,409,424,419,390,347,289,221,178,74,10,47,85,111,122,132,127,129,125,132,134,155,173,195,227,258,293,332,366,397,420,439,439,424,391,349,325,209,116,27,69,158,232,298,339,357,357,336,304,258,212,169,142,130,137,170,219,293,390,490,580,671,746,797,819,812,766,697,599,485,351,220,51,21,100,165,200,206,175,130,70,8,54,108,145,173,166,148,108,56,2,66,143,206,271,341,394,448,481,504,167,499,466,411,340,260,170,67,22,103,35
96,13,492,353,155,70,73,59,81,359,573,280,166,348,710,658,244,254,485,306,104,391,285,154,607,716,330,295,781,818,415,125,463,466,251,52,10,86,129,553,192,376,385,206,34,207,227,145,87,127,220,251,112,193,492,617,464,129,248,507,582,483,269,17,326,528,551,346,22,263,377,279,89,23,9,530,182,93,149,416,511,354,10,374,543,445,182,67,186,206,215,292,341,219,120,513,689,477,37,506,624,333,111,163,246,80,294,178,182,460,392,3,425,564,312,109,381,356,122,89,138,63,8,24,37,7,76,13,16,4,15,9,42,55,56,5,76,121,101,18,105,192,180,48,157,326,334,132,191,465,502,273,141,707,572,364,12,344,473,360,127,118,271,299,229,93,50,175,244,209,68,122,261,229,21,245,375,235,109,454,549,150,169,593,728,468,52,561,777,594,140,329,563,531,320,94,96,272,443,520,371,5,462,721,582,95,478,751,557,4,570,765,450,192,742,843,433,554,762,857,528,24,485,660,556,303,39,185,386,542,585,398,32,538,839,741,247,364,738,689,276,239,544,477,91,101,574,378,133,634,780,439,190,700,814,95
101,91,647,413,176,53,47,135,211,186,35,744,575,822,879,713,350,109,508,726,677,412,22,428,679,671,401,18,470,781,865,705,381,34,208,292,214,68,44,855,45,214,377,450,412,272,99,64,154,152,60,76,226,320,311,201,18,259,488,635,677,612,467,288,100,78,226,346,415,436,388,291,167,62,5,511,98,195,243,229,115,59,248,388,444,409,329,241,188,179,197,197,120,40,274,511,676,696,552,263,84,360,481,70,186,69,228,223,45,209,403,435,291,29,223,375,373,250,79,52,103,82,16,6,32,20,7,12,18,27,16,13,14,39,44,43,29,4,68,159,239,264,180,3,255,506,645,618,405,66,294,566,682,452,418,167,54,206,268,271,244,207,173,112,34,72,182,253,263,196,46,141,327,442,438,301,36,293,611,803,822,576,340,49,392,641,751,724,590,402,195,12,193,318,406,440,430,358,254,88,123,338,518,599,536,313,37,428,738,891,785,488,22,462,839,1005,938,768,278,116,438,629,685,603,471,317,173,53,47,174,324,500,627,660,553,289,75,457,762,881,808,542,167,253,592,176,760,519,114,344,735,905,818,474,6,32
37,129,403,346,275,223,174,149,126,132,146,638,217,269,322,384,442,500,542,577,601,611,606,587,558,506,456,392,318,241,180,113,66,17,8,28,19,14,10,282,72,96,117,141,147,160,157,148,135,119,97,83,55,51,34,35,43,56,74,97,120,163,199,241,266,288,313,333,333,321,299,262,208,154,87,432,50,123,179,242,281,308,328,329,322,294,269,234,197,151,110,66,36,9,4,1,2,32,68,119,160,205,242,50,262,248,211,150,72,8,95,174,239,294,319,326,312,275,225,165,105,44,8,6,9,8,1,6,28,35,5,16,24,44,63,70,80,101,134,171,209,247,290,322,352,380,385,389,367,342,305,266,227,101,157,130,121,114,124,132,148,170,184,193,195,188,176,156,132,96,59,13,31,76,130,179,245,293,355,405,454,190,546,564,572,571,555,521,489,439,381,319,259,192,141,84,40,15,2,5,12,38,84,144,208,286,364,451,539,617,680,744,792,823,849,856,852,1582,809,774,736,682,628,570,516,456,398,352,312,279,271,261,259,281,306,338,375,417,454,492,519,552,576,604,629,272,672,695,703,721,729,728,712,684,642,139
99,100,690,562,429,282,163,49,38,93,100,695,7,80,201,319,430,535,596,633,627,576,512,397,264,118,37,195,336,450,536,564,584,528,440,322,179,46,98,556,341,424,482,516,525,519,492,444,382,309,222,121,22,84,183,286,369,438,496,535,558,585,597,595,598,586,560,529,482,427,353,276,193,106,8,756,178,262,335,399,443,460,454,421,374,310,229,177,131,108,105,134,180,253,327,403,471,530,570,581,572,524,450,39,242,107,32,168,279,365,411,422,390,325,231,133,30,44,103,138,144,130,108,37,15,1,7,2,16,27,3,5,68,76,28,24,26,39,72,108,161,213,263,300,325,316,292,231,155,60,42,141,229,602,346,360,352,323,276,214,148,93,38,2,18,18,11,28,81,145,216,295,363,431,487,516,530,525,500,473,431,358,315,229,152,78,5,64,112,147,159,142,105,55,9,79,136,176,199,205,180,128,61,32,143,255,375,491,600,699,793,856,893,923,935,922,894,1462,793,704,639,552,476,418,357,337,344,368,431,511,586,684,769,849,904,936,955,941,914,872,802,714,611,502,370,689,47,118,301,460,624,750,839,906,933,57
53,99,590,475,374,282,226,209,248,327,427,594,683,798,857,875,850,760,633,462,268,56,139,301,439,500,528,487,419,310,196,85,18,83,117,128,97,33,61,500,270,351,416,428,432,396,340,276,203,142,80,30,9,34,32,30,10,12,35,56,80,105,117,134,142,156,149,146,137,120,113,90,75,43,0,542,136,216,296,361,403,407,399,351,297,251,199,178,172,200,239,307,391,478,559,626,662,655,610,533,430,307,184,39,5,45,37,6,85,193,301,389,449,456,419,343,239,139,44,21,57,66,54,1,20,30,18,35,9,19,1,37,17,3,12,15,23,33,43,49,33,11,43,109,190,285,380,463,534,578,589,560,498,345,313,220,134,65,28,10,11,15,23,29,23,15,10,47,91,144,202,265,313,354,375,365,324,246,133,6,140,13,415,519,599,639,657,647,616,576,532,485,447,413,390,386,388,411,435,456,462,448,395,318,209,83,62,220,367,514,653,762,842,880,878,821,735,873,476,334,211,101,22,34,59,78,82,77,81,80,81,94,135,198,281,377,477,585,663,723,756,759,715,654,554,480,285,120,55,233,398,548,663,746,787,27
268,184,592,538,429,296,193,151,187,301,455,368,697,703,607,411,151,119,340,478,501,400,207,36,261,438,513,484,358,156,62,257,383,425,390,302,188,83,13,347,50,131,228,310,363,371,334,266,185,108,39,13,27,80,149,230,301,362,392,395,368,321,254,178,91,0,87,167,225,268,282,266,228,173,131,252,104,134,202,283,359,411,419,397,339,260,191,141,125,159,220,282,330,327,272,150,14,196,345,442,457,382,255,139,32,103,86,3,124,248,328,332,250,110,46,187,269,282,219,124,20,57,90,16,7,10,60,38,6,3,24,4,22,30,35,40,47,57,77,111,145,164,151,99,2,135,293,427,509,518,439,300,110,363,232,333,368,339,290,222,171,139,131,126,119,89,43,43,125,199,247,245,202,96,41,198,346,455,521,513,436,326,105,102,297,459,560,590,549,461,341,235,138,73,35,6,25,80,164,271,377,467,504,480,372,196,30,272,494,655,724,688,561,344,82,175,396,1350,617,600,507,367,218,82,26,110,153,185,209,265,343,434,532,608,654,635,542,390,184,47,277,464,590,625,579,333,241,7,231,435,554,573,487,303,56,51
139,37,400,335,246,143,29,95,209,323,424,242,572,621,636,637,617,579,528,460,389,310,227,151,76,16,39,77,104,126,122,103,88,69,36,7,22,36,55,121,67,62,52,34,11,4,26,50,70,89,88,93,76,49,11,41,98,168,234,311,370,425,467,492,505,504,472,437,384,326,250,183,97,24,59,392,205,266,324,365,386,394,382,349,303,240,165,75,16,105,196,285,363,426,481,518,538,547,535,514,465,408,335,163,145,45,60,160,253,326,381,418,430,421,388,343,285,224,162,109,58,25,1,12,17,16,24,1,24,12,3,0,11,94,48,55,61,73,87,104,131,161,196,237,283,333,379,426,471,507,527,539,532,535,476,434,383,324,267,214,164,133,102,78,65,60,62,65,70,88,107,130,160,203,240,290,346,399,447,496,540,328,611,632,635,637,622,602,565,524,472,413,349,297,229,177,120,80,42,28,18,22,43,66,102,142,178,225,275,312,361,395,426,453,481,492,497,1133,496,487,467,447,417,387,347,295,237,186,122,51,11,89,148,214,271,315,353,382,388,390,382,353,319,275,228,434,101,26,49,126,205,283,351,406,445,109
8,16,503,728,424,5,210,208,237,371,378,941,569,863,503,297,872,725,20,573,521,42,437,228,351,661,287,484,923,613,184,809,768,210,340,476,267,48,4,730,9,239,402,301,36,383,449,253,26,209,233,189,155,118,33,143,339,434,288,63,467,663,476,19,540,728,466,53,464,516,253,60,169,87,40,387,293,230,118,494,553,172,361,600,393,36,300,285,148,111,145,43,278,577,488,60,679,798,287,426,716,385,141,13,149,100,34,236,262,95,493,459,47,539,537,43,417,446,105,223,247,53,100,73,18,49,20,17,5,4,36,42,61,54,4,88,143,118,11,190,261,100,226,450,307,168,612,567,17,598,751,285,398,934,467,105,516,491,148,196,346,269,73,108,239,233,74,151,274,157,124,324,219,149,454,392,62,564,672,227,470,401,634,108,805,906,340,455,870,641,4,528,637,346,58,356,447,349,58,319,574,434,99,628,697,152,573,859,391,450,933,623,231,911,829,62,750,1675,385,449,903,668,17,636,752,395,136,535,624,406,19,480,738,558,24,671,908,497,295,888,787,106,618,785,299,134,695,335,364,724,399,357,864,631,159,14
2,29,716,621,246,140,330,372,368,348,182,883,626,777,408,251,750,690,173,342,435,104,250,254,126,504,509,72,495,751,511,29,454,548,341,88,72,132,207,224,311,158,143,369,405,236,3,170,224,192,142,106,73,8,133,292,366,288,34,309,540,549,270,151,549,671,468,23,428,606,437,69,215,249,97,81,114,294,274,53,470,633,368,134,516,534,269,20,168,196,238,313,309,73,337,675,603,92,533,772,444,153,510,44,36,203,4,265,188,231,562,400,170,627,542,33,421,446,120,192,209,14,126,51,2,12,16,12,2,23,12,18,19,41,44,23,18,103,159,106,81,295,328,75,339,560,353,192,659,655,145,469,736,158,89,500,506,201,132,269,217,99,1,74,136,143,49,108,198,110,110,284,232,51,368,455,191,283,620,548,67,177,775,532,73,623,760,406,155,559,592,291,88,361,417,309,69,210,421,423,138,299,586,478,12,555,730,360,308,795,705,88,621,876,487,257,799,1155,188,455,740,546,60,388,586,481,164,227,520,582,361,82,548,740,517,42,602,815,511,104,618,694,297,267,587,525,87,505,499,42,509,722,394,260,768,7
191,30,297,53,297,399,408,408,416,418,330,763,232,591,779,699,375,61,403,496,320,11,226,245,15,325,603,645,415,5,435,691,695,503,272,90,34,104,178,158,412,484,443,263,27,170,279,283,239,192,181,207,214,158,40,74,185,289,379,439,434,327,95,210,497,660,656,498,223,83,330,428,369,226,104,351,164,270,274,99,220,533,669,561,279,28,245,314,280,228,246,348,414,326,48,342,682,800,603,173,298,564,510,73,94,211,73,196,363,250,107,490,630,424,5,395,532,377,77,154,200,92,37,33,7,41,9,23,18,20,17,6,11,24,44,58,75,101,103,39,91,256,342,263,4,364,630,626,313,160,584,738,578,208,233,488,501,321,82,108,199,207,173,137,82,5,113,219,269,194,7,252,409,376,152,197,507,635,511,150,295,198,777,621,244,224,592,733,609,306,44,331,471,485,391,223,18,212,427,560,522,291,95,512,768,741,402,142,657,920,818,376,223,724,902,700,232,1027,679,797,617,258,151,470,653,676,528,253,57,364,617,757,708,442,18,452,805,898,675,226,265,624,722,541,154,277,564,557,257,221,655,819,612,127,408,103
176,40,16,203,300,319,282,263,295,386,523,375,668,586,371,68,231,456,541,459,267,6,231,328,292,111,155,436,647,748,706,563,362,171,44,3,23,75,108,510,16,166,320,425,469,426,346,247,180,154,171,226,259,259,216,139,51,33,112,161,224,287,363,444,520,560,547,470,336,161,3,124,169,152,78,677,37,8,105,285,472,601,644,571,408,200,12,107,141,101,50,15,55,184,370,564,677,666,506,248,43,264,361,25,155,20,122,89,65,292,477,546,459,230,55,305,433,422,288,116,33,109,102,10,28,70,4,2,8,11,32,16,25,20,23,49,73,94,118,125,110,56,57,206,355,453,447,313,68,230,502,666,672,439,274,11,239,372,392,330,226,138,75,51,43,30,23,105,194,240,224,136,37,233,408,508,503,372,132,146,437,290,764,730,566,302,1,292,497,595,583,482,329,190,79,1,78,164,291,432,554,611,536,345,34,321,642,844,879,728,431,45,330,638,806,809,652,298,54,262,512,661,686,626,506,361,205,44,113,296,483,664,795,836,774,590,306,24,358,617,754,760,617,373,79,537,409,510,466,287,24,285,554,731,777,16
146,191,645,455,250,10,225,466,703,905,1099,757,1359,1420,1435,1393,1281,1134,923,690,421,158,123,344,545,704,815,864,886,839,749,640,495,316,141,55,226,386,512,1036,662,668,655,583,479,357,208,56,119,258,402,507,619,677,685,680,608,509,384,235,51,137,301,489,629,748,830,866,865,832,746,620,458,280,52,916,399,615,819,988,1108,1181,1206,1173,1102,995,854,681,494,295,77,134,337,516,681,824,920,963,973,908,809,655,469,179,37,171,353,491,581,609,579,520,403,268,124,6,121,192,232,234,215,180,134,34,28,60,1,32,44,4,49,74,5,19,7,18,18,4,19,48,65,96,112,102,73,43,13,80,168,255,340,436,493,1244,575,583,555,511,446,373,292,198,137,62,25,10,23,38,36,11,19,72,134,215,305,409,512,643,745,838,920,179,1038,1077,1087,1093,1072,1044,996,932,855,767,643,540,415,301,164,43,36,120,166,216,225,216,189,143,73,12,89,179,294,409,530,623,719,819,880,2022,942,931,907,839,765,657,541,427,285,144,9,155,301,443,577,700,798,886,943,951,955,902,822,725,603,455,301,811,14,170,320,461,589,728,825,891,927,150
226,36,539,580,605,632,635,630,601,569,535,1531,432,383,358,342,367,382,443,516,608,712,813,915,1017,1088,1151,1189,1174,1148,1094,985,856,713,528,319,133,55,266,1519,574,668,752,771,753,678,552,375,207,1,212,447,648,831,1002,1115,1204,1244,1230,1201,1099,981,836,658,481,306,139,11,131,216,256,257,231,177,86,375,174,320,456,570,679,764,810,841,847,822,758,679,582,466,341,217,89,26,128,199,241,261,238,201,132,53,41,254,202,254,283,296,259,198,118,31,57,147,224,275,305,305,289,251,197,142,91,61,2,57,5,2,16,32,28,1,24,1,193,214,225,246,279,314,372,441,531,616,719,835,933,1035,1121,1187,1230,1255,1242,1620,1183,1128,1051,951,855,764,667,582,507,426,365,315,281,270,272,290,320,372,443,525,615,707,829,936,1056,1159,1259,579,1414,1448,1485,1477,1437,1386,1295,1188,1047,894,742,578,406,263,117,3,113,188,245,283,307,277,250,196,135,75,35,127,218,340,435,512,583,659,706,1355,709,662,590,485,346,200,17,195,381,589,788,980,1163,1323,1436,1513,1579,1597,1580,1540,1462,1367,1280,1149,1041,910,807,492,595,514,450,410,363,366,357,369,393,110
19,104,133,320,282,212,233,231,73,315,659,68,161,483,805,565,18,491,493,86,298,294,90,484,487,22,540,767,468,119,573,601,297,35,179,154,127,198,277,734,55,334,423,269,3,174,191,135,124,165,168,60,160,375,443,297,13,342,537,509,242,135,459,572,434,91,278,481,423,165,107,211,144,38,52,401,283,146,210,544,577,237,250,554,519,240,45,193,248,291,322,235,24,377,577,441,17,425,573,322,106,345,237,229,183,0,266,281,54,437,473,94,379,519,234,167,359,238,9,110,87,38,51,24,0,22,11,1,26,2,24,11,8,35,85,21,76,133,86,54,196,223,63,214,421,357,4,450,634,366,181,610,609,104,310,557,427,67,264,410,321,97,154,305,288,118,107,259,230,48,177,274,155,125,377,372,66,364,615,445,56,195,750,431,174,669,745,362,210,598,610,292,103,371,430,335,132,137,386,473,272,146,513,533,149,374,636,412,121,585,616,209,359,667,506,4,508,1160,410,113,540,636,384,53,426,575,485,189,188,523,645,479,18,502,766,594,66,481,708,483,15,445,505,197,234,176,271,185,548,498,20,546,770,442,178,18
110,155,426,230,92,57,94,120,72,95,357,660,801,766,537,149,258,528,558,357,23,303,469,396,101,295,646,810,739,476,132,166,334,343,258,147,102,154,275,569,464,405,253,49,143,247,267,203,115,72,85,166,284,388,442,433,340,189,12,185,361,512,613,633,583,437,227,2,198,318,334,261,142,55,42,193,283,437,519,469,279,9,255,443,506,452,344,246,206,234,272,265,164,46,317,560,677,628,408,101,177,322,296,436,59,162,113,83,324,497,501,323,27,255,421,423,298,129,13,73,61,19,2,55,41,29,30,10,9,1,5,5,25,4,30,7,58,104,152,169,153,71,65,236,392,476,413,215,80,399,614,672,526,75,80,366,521,529,421,250,68,69,177,243,284,288,238,135,7,159,270,311,247,90,116,326,468,494,381,134,191,159,737,777,627,322,56,398,616,680,595,428,231,51,97,205,299,395,455,458,360,167,111,392,605,649,504,184,192,536,707,669,409,31,363,653,766,1180,444,117,188,418,560,594,555,481,373,246,93,122,346,565,710,729,600,349,30,290,520,622,573,387,111,176,396,186,376,135,193,494,664,634,399,42,327,15
270,12,632,535,274,72,36,66,28,197,528,398,625,181,408,808,831,401,133,485,416,40,360,445,140,370,736,738,350,197,585,657,471,171,21,72,50,64,166,410,440,379,160,124,371,448,353,193,41,28,21,22,109,243,346,363,289,116,93,319,506,592,515,245,160,536,712,594,247,122,346,307,94,73,66,451,400,480,278,133,556,716,537,155,206,369,297,159,118,203,316,269,19,437,743,716,309,284,710,725,356,133,408,346,23,250,177,172,494,477,103,385,633,491,69,301,405,236,0,116,86,0,28,15,52,7,57,8,29,7,13,6,22,32,176,179,52,113,213,178,10,222,377,349,106,250,549,595,325,147,582,739,519,362,431,673,590,240,151,427,496,364,132,104,290,388,322,124,138,359,440,296,24,359,557,497,150,312,681,740,426,147,694,930,715,156,491,881,831,464,57,468,628,574,378,126,139,384,560,577,351,68,516,781,686,235,361,813,880,500,161,740,929,650,53,550,852,1254,275,266,659,751,547,169,231,538,668,612,414,73,317,639,804,717,358,161,631,875,750,301,254,655,716,408,107,222,637,351,168,637,775,461,137,696,902,94
13,52,616,372,24,228,257,267,255,26,388,246,354,310,760,500,180,612,374,155,359,43,301,191,280,529,201,393,663,314,263,547,347,22,225,200,151,158,87,174,360,355,33,320,414,183,99,209,170,111,102,53,107,294,312,113,193,414,388,95,289,520,400,23,440,527,243,183,442,349,40,200,193,63,51,421,156,145,505,448,85,583,564,71,375,410,176,6,51,135,320,352,15,460,608,197,428,641,230,343,480,96,283,262,156,238,105,388,144,374,506,37,501,474,41,415,307,41,207,113,2,0,34,53,51,49,12,44,13,9,25,7,0,9,141,63,101,175,52,173,268,75,270,394,108,368,527,153,434,631,198,453,677,133,376,632,315,251,560,388,60,431,445,112,287,424,197,191,395,245,150,418,308,131,503,421,116,609,543,75,692,517,3,691,764,141,604,796,288,420,718,404,184,549,489,105,324,564,435,58,581,672,158,559,809,297,513,855,380,449,841,405,408,812,410,366,778,515,278,731,519,113,621,607,154,372,624,484,30,481,690,420,232,738,673,29,638,742,213,455,678,276,322,558,225,488,509,137,429,576,105,558,712,179,549,2
53,2,418,348,251,158,54,45,143,227,298,247,387,401,397,369,322,257,184,95,9,95,181,257,324,371,402,414,404,394,366,327,292,253,225,190,169,149,129,203,88,70,43,17,22,49,90,124,159,191,216,229,241,238,227,207,174,129,74,18,48,101,159,215,251,276,284,276,249,215,170,108,53,3,51,73,123,130,135,125,105,80,57,30,15,14,24,49,95,160,240,327,428,522,600,666,713,719,696,635,543,423,286,389,12,141,254,336,381,390,365,319,248,171,91,19,33,67,84,71,48,8,38,42,38,4,5,35,8,43,14,21,16,38,75,89,91,78,53,16,29,81,136,196,252,312,365,420,461,502,533,553,570,710,569,552,533,509,482,453,432,402,380,362,348,335,327,317,304,293,274,248,219,187,146,106,54,4,50,108,166,255,290,343,398,442,482,513,531,539,528,513,483,443,408,370,340,318,312,315,331,353,394,437,487,534,580,617,650,678,694,702,703,700,684,667,647,807,581,544,506,470,454,437,431,444,473,507,549,593,639,680,707,727,733,724,696,667,619,567,513,454,387,326,250,353,94,11,88,176,264,349,420,474,514,75
32,56,27,175,238,231,227,239,301,405,499,45,457,259,33,322,539,577,441,170,88,252,233,42,220,478,584,537,336,56,200,381,435,407,293,198,138,138,196,519,287,247,163,38,76,164,206,217,228,247,276,306,316,309,274,228,165,105,58,33,151,302,491,627,697,611,422,134,146,335,404,319,176,15,56,59,132,337,502,574,473,247,44,300,428,431,312,176,110,160,308,447,516,403,121,256,614,808,784,526,158,189,383,110,141,136,301,277,47,292,557,647,475,161,187,410,443,328,136,5,46,7,54,13,4,45,11,8,22,36,2,7,28,2,91,109,70,31,139,233,255,191,41,170,361,497,488,348,83,237,497,648,625,261,211,60,299,465,529,511,390,220,4,199,354,423,395,292,125,53,238,382,451,413,263,5,308,568,710,646,432,433,302,618,794,788,613,314,20,333,536,624,599,491,369,216,70,114,311,518,666,695,572,295,74,438,717,813,697,387,38,445,723,791,649,342,42,1031,607,685,635,483,266,26,212,399,526,589,591,563,462,323,77,208,509,750,839,748,495,163,154,386,474,443,290,463,176,383,490,452,244,68,418,672,777,14
17,60,328,263,193,91,8,107,214,321,405,145,543,580,589,571,519,444,357,252,143,23,93,204,292,376,442,491,516,515,487,456,376,300,220,122,22,73,149,472,265,299,300,274,243,189,125,53,13,85,149,195,239,278,301,317,321,313,304,284,260,238,204,175,146,114,100,84,75,77,86,86,95,104,107,41,83,61,32,4,19,40,49,42,36,13,21,68,122,175,240,302,359,423,482,528,560,592,600,578,542,475,380,205,127,20,162,306,414,516,574,598,585,540,471,383,297,208,134,74,37,17,9,11,31,19,15,22,4,15,0,2,19,0,44,43,25,0,37,79,132,187,248,312,365,420,472,515,539,566,574,562,559,553,517,487,452,416,400,395,372,364,365,370,377,370,374,369,363,356,344,343,338,337,331,332,335,333,331,326,312,388,285,265,246,221,198,180,163,160,159,170,185,211,242,282,318,358,407,436,471,492,496,501,499,472,440,401,353,308,251,195,127,81,18,42,94,537,158,186,203,194,170,125,77,11,66,141,218,293,363,427,471,509,539,525,511,489,450,405,359,303,238,174,107,285,26,94,157,217,278,329,374,407,412,36
233,51,134,269,297,275,262,293,369,441,432,489,23,300,564,653,535,254,72,312,346,190,90,358,485,400,123,227,524,654,583,356,87,123,222,201,115,45,40,37,209,286,277,207,88,27,73,54,2,56,46,28,167,309,410,432,356,213,39,112,242,320,370,385,372,326,226,78,83,214,291,288,207,98,21,235,89,205,309,326,213,7,234,414,482,415,271,119,24,8,44,51,21,179,382,530,522,341,34,284,465,447,251,132,192,197,34,184,341,322,114,170,411,484,366,118,127,275,285,193,70,13,37,19,26,15,5,15,20,9,22,19,6,17,20,11,13,59,103,119,77,31,168,277,301,202,8,250,434,492,399,175,91,662,452,463,366,212,40,122,238,311,335,301,207,65,96,245,332,317,207,21,178,321,356,264,53,205,442,561,524,188,5,360,626,726,633,386,59,242,454,538,518,421,299,154,8,208,403,564,621,522,274,66,419,657,711,531,191,220,557,700,601,298,101,464,662,1261,440,127,190,414,511,495,402,303,191,60,101,305,511,679,732,616,326,68,471,743,821,676,366,8,322,486,468,306,2,264,425,432,263,17,313,547,638,13
80,16,73,264,366,297,229,161,39,387,632,95,66,613,747,327,282,560,339,113,320,91,297,396,28,494,678,292,372,759,566,6,445,489,236,26,112,93,106,344,196,79,127,280,245,84,75,119,70,61,151,226,121,182,433,418,126,221,414,391,209,41,269,396,339,112,170,357,357,164,110,275,227,39,64,462,125,46,228,429,286,150,506,478,137,222,360,281,134,32,58,193,337,325,74,311,538,372,80,462,433,50,285,26,23,207,59,240,272,67,418,373,65,458,409,7,336,324,63,146,147,34,30,44,11,47,1,7,4,5,22,21,21,29,42,19,41,41,44,125,84,118,285,200,136,433,389,15,461,555,203,298,558,232,1,363,453,257,68,322,368,197,93,309,335,123,171,327,244,35,293,313,69,268,401,188,233,505,371,97,545,242,165,440,747,504,116,655,728,287,293,629,543,180,204,459,512,322,84,538,691,361,296,774,672,18,653,805,294,455,817,456,282,755,559,118,674,1404,113,467,658,400,61,430,539,391,70,285,540,563,276,231,685,754,318,386,847,690,24,607,727,257,330,566,300,370,448,290,129,463,412,12,483,611,257,24
111,118,329,9,201,213,171,189,301,374,247,675,491,669,506,69,361,529,338,32,269,199,126,431,450,109,388,734,699,303,211,564,599,357,60,116,123,43,24,116,259,325,219,13,230,310,239,134,80,90,85,2,188,373,439,354,122,168,428,575,538,319,2,327,535,559,414,142,136,333,375,289,131,37,42,357,31,159,397,516,382,22,358,558,486,227,20,150,177,191,259,339,304,84,256,541,590,326,100,445,512,271,55,22,169,31,132,19,223,365,224,131,442,467,185,171,361,283,64,101,119,47,8,0,31,14,21,2,39,7,12,22,22,27,19,18,21,59,108,129,55,116,274,312,154,186,495,559,289,205,623,699,388,539,526,600,352,12,289,367,274,108,58,173,216,182,74,66,175,203,115,51,193,261,161,85,353,476,325,82,511,423,532,34,509,798,678,228,303,653,690,422,16,315,475,454,311,130,91,316,468,469,227,162,509,597,311,172,556,597,242,278,645,622,214,339,722,1327,339,250,689,789,511,41,380,582,549,375,170,44,285,510,601,451,79,365,646,598,256,174,470,460,197,179,409,37,17,384,592,450,9,515,790,651,184,53
129,49,60,64,88,112,141,163,183,209,223,360,257,266,278,290,282,274,260,249,231,209,204,189,188,191,195,188,189,180,183,176,162,151,135,119,88,62,25,440,48,72,93,122,130,145,142,146,139,129,107,80,36,13,82,145,211,277,340,395,436,476,504,518,526,509,483,449,393,333,261,176,92,10,82,349,251,318,378,421,447,442,422,377,323,252,171,80,12,114,215,317,407,488,554,593,624,619,599,551,492,416,328,146,129,22,87,187,277,348,398,434,430,419,382,336,279,221,169,115,76,38,10,21,1,7,20,3,11,7,30,4,6,1,57,56,68,79,100,126,152,178,200,215,219,220,207,191,170,150,125,103,85,177,46,28,16,18,19,21,31,52,68,76,81,83,78,67,58,44,30,24,13,0,11,32,52,81,120,144,182,20,224,230,235,232,225,215,199,186,160,134,98,70,17,35,88,150,216,264,316,356,386,401,405,399,379,343,303,250,181,122,64,2,63,111,146,358,180,175,148,117,74,22,34,103,166,226,284,354,421,477,524,563,592,607,612,593,566,528,490,445,395,343,301,127,211,182,150,132,115,103,91,80,65,76
184,74,392,357,287,219,150,118,130,178,271,502,477,556,581,555,456,306,119,70,234,356,403,369,264,103,85,263,414,518,543,511,430,322,215,122,62,47,78,176,182,245,282,301,289,238,182,113,50,5,26,21,7,61,116,179,240,290,325,348,365,378,394,426,456,482,496,495,470,405,328,250,169,111,85,59,163,251,342,426,478,497,465,395,314,217,145,108,114,170,254,357,453,515,525,473,351,193,7,160,286,342,321,175,102,44,161,221,203,120,14,173,318,419,458,436,355,258,155,77,33,25,45,19,29,47,43,39,22,31,10,38,6,14,65,41,15,2,10,52,115,187,266,319,326,281,185,42,121,292,442,546,610,723,583,507,411,305,197,88,5,69,122,163,189,200,210,203,205,193,176,136,83,7,98,220,348,480,592,656,669,445,531,377,181,26,232,424,564,656,696,676,632,564,495,436,393,367,353,328,293,214,97,63,237,418,586,706,774,757,661,502,284,39,218,445,627,1607,819,813,755,649,546,421,311,226,158,104,67,29,45,109,219,332,463,580,676,728,741,699,601,460,278,80,133,212,501,626,692,683,607,483,312,117,61,1
101,55,491,404,315,224,145,87,32,1,27,676,46,16,15,88,168,263,354,449,531,584,608,612,590,550,477,397,313,237,156,84,37,1,23,16,6,14,39,269,94,105,130,133,135,130,108,77,32,32,89,151,210,272,311,333,336,320,286,234,180,114,52,14,68,109,150,172,186,178,171,161,134,103,86,121,58,52,63,61,72,71,72,66,46,11,28,93,155,231,316,412,501,576,646,697,718,716,688,623,535,420,292,246,5,132,244,340,397,415,395,345,262,166,72,10,67,100,102,80,39,1,48,19,60,14,8,21,13,38,0,26,35,87,61,55,50,63,78,109,146,192,243,289,335,378,406,428,437,436,430,401,374,119,302,265,230,202,169,151,128,112,97,94,82,72,48,29,18,3,20,45,72,105,141,198,264,331,411,496,575,367,702,754,792,811,824,818,803,771,726,671,619,556,498,463,436,425,435,463,500,539,582,629,678,719,754,783,807,820,811,780,735,675,591,512,424,316,274,218,169,136,122,118,135,159,200,251,307,363,413,462,495,522,538,547,546,528,502,461,402,333,242,141,38,444,185,286,384,483,568,638,687,722,725,79
175,123,360,225,136,112,120,150,115,45,320,674,747,714,476,89,306,574,647,472,125,259,477,479,253,122,495,695,647,408,54,236,385,364,251,139,66,74,147,457,324,303,164,27,198,296,290,203,101,17,25,121,272,388,408,324,147,64,271,415,495,501,452,381,291,172,6,181,331,405,388,300,178,83,66,488,216,265,206,29,208,406,508,485,376,218,77,26,37,57,44,46,230,456,624,649,500,201,174,469,576,450,174,275,207,105,135,369,435,280,45,394,590,564,338,24,217,310,257,150,76,60,81,13,43,58,48,8,14,17,2,0,58,17,44,68,67,52,31,5,32,103,201,285,305,211,9,276,498,577,485,260,33,615,516,572,475,286,51,159,304,375,370,286,140,3,93,135,144,126,95,32,73,183,265,287,222,65,197,460,645,532,471,120,266,600,806,802,571,197,179,461,598,593,491,358,199,39,100,251,406,525,538,409,143,205,538,741,744,522,102,388,760,884,731,354,118,1318,718,734,554,250,67,312,456,525,526,475,400,273,89,154,421,681,851,813,562,154,298,672,847,804,549,164,272,217,742,621,273,169,537,711,634,346,12,42
95,64,474,315,186,129,148,236,316,328,234,464,290,611,827,887,744,437,64,276,461,453,259,60,374,579,601,444,156,168,409,524,490,339,152,0,58,4,124,470,343,355,264,115,44,171,218,189,105,17,46,56,4,97,225,342,423,453,439,376,289,190,73,46,162,284,369,428,431,381,292,176,82,49,78,385,256,314,299,185,0,209,384,476,478,391,275,176,147,195,280,353,362,264,47,230,493,661,664,499,220,72,271,52,176,62,287,386,319,95,206,463,573,518,321,68,127,230,217,138,59,26,54,25,21,5,4,27,6,34,43,10,23,7,50,61,54,43,27,3,47,123,215,286,302,243,93,117,342,524,604,568,411,111,95,331,488,541,503,390,241,84,51,157,226,262,265,230,170,74,33,144,235,284,271,182,34,152,357,516,599,423,416,161,143,455,689,801,778,618,378,107,132,312,419,459,454,440,410,359,275,126,67,288,493,617,629,491,227,91,412,635,707,605,354,20,308,1240,683,651,509,273,36,172,313,384,422,438,461,478,487,446,328,129,127,407,649,811,822,703,452,130,211,488,630,130,433,141,185,462,612,592,406,118,194,20
119,17,251,76,22,38,19,89,124,64,86,462,544,702,741,622,381,81,187,344,342,202,12,214,327,296,132,114,368,537,566,465,273,77,53,88,19,110,239,736,281,178,4,169,303,373,369,333,275,227,200,191,192,190,174,151,100,38,32,114,194,265,330,381,412,414,370,285,173,45,66,127,132,89,42,375,70,190,346,480,555,518,386,189,6,152,202,170,86,5,19,33,175,363,526,586,507,297,4,299,477,493,349,311,95,190,115,81,294,427,394,195,77,328,453,411,256,65,83,132,89,0,79,28,31,15,3,4,2,29,10,34,10,5,68,2,64,105,105,64,17,113,216,294,342,327,246,98,93,300,471,563,552,217,242,8,204,384,498,521,463,338,162,21,180,289,337,316,250,152,44,70,173,261,305,284,178,7,243,462,612,287,513,266,43,357,600,738,744,629,428,187,62,265,416,504,530,521,472,392,268,86,138,379,579,677,638,439,135,228,536,719,733,558,260,92,411,1375,703,620,432,178,74,283,397,455,467,464,447,423,366,253,67,182,444,661,778,766,607,359,51,248,462,575,529,249,91,209,443,557,512,301,3,310,547,109
187,12,89,66,11,44,135,226,333,431,532,372,685,730,759,745,711,641,549,438,309,167,23,120,259,373,476,546,588,611,592,541,475,388,280,166,51,62,170,744,337,392,438,456,466,450,418,380,332,272,197,122,51,8,72,128,178,223,268,303,334,360,382,407,423,422,421,414,385,344,290,225,140,51,45,554,236,325,397,466,501,519,516,486,431,364,277,184,99,3,83,151,206,233,239,218,175,111,34,52,128,194,234,203,218,156,64,48,172,302,406,494,545,552,518,451,362,263,152,60,12,58,71,8,53,18,18,23,2,3,20,39,10,5,9,8,23,22,14,7,38,74,113,158,200,233,264,296,319,343,362,380,394,548,419,431,438,435,426,420,412,397,379,354,343,319,302,283,262,246,234,225,221,223,227,238,258,274,283,295,295,287,265,231,196,144,101,53,7,22,36,46,35,11,19,60,104,147,180,211,229,229,211,181,140,81,6,65,156,237,320,407,480,548,597,641,672,1482,699,702,673,656,632,589,555,524,487,462,442,432,430,441,471,498,532,566,602,628,643,637,634,613,582,538,496,60,398,344,297,240,184,134,77,22,23,52
34,33,113,25,85,83,38,3,27,133,310,604,678,753,702,520,256,26,259,364,344,189,14,204,324,332,224,35,194,387,493,508,429,289,148,48,6,38,130,667,307,308,234,94,72,222,313,320,284,207,148,133,164,233,309,356,364,331,272,219,179,149,130,87,19,84,193,298,370,390,354,289,206,156,151,10,264,343,375,340,215,30,181,359,458,450,349,198,59,11,18,144,319,470,532,470,281,8,269,478,551,488,319,158,24,68,4,136,273,325,264,92,129,319,417,383,256,82,63,128,108,35,44,7,2,45,6,2,1,24,11,1,25,30,33,45,46,21,22,97,187,250,277,245,145,4,176,332,438,480,456,365,226,244,110,264,377,442,451,398,296,160,5,133,249,307,315,265,172,65,57,160,237,284,276,216,103,62,256,438,582,354,585,421,175,108,377,582,681,673,570,416,234,64,85,207,316,414,492,552,551,483,319,79,201,462,653,729,662,458,167,168,464,661,737,664,473,32,82,335,514,595,591,520,416,297,179,65,62,207,364,526,670,753,749,642,435,158,149,436,636,719,659,472,205,383,335,488,506,374,150,130,407,596,679,11
48,95,146,152,152,157,162,155,155,147,145,464,142,151,159,179,202,229,257,283,306,321,336,338,342,343,339,330,330,306,277,256,218,182,134,89,42,4,47,638,115,143,166,189,199,202,206,208,203,198,166,138,94,43,27,91,163,235,297,358,398,428,447,435,430,408,370,326,273,217,155,85,15,64,141,240,292,358,411,456,480,482,469,436,386,322,244,158,73,14,103,189,267,339,402,453,491,510,512,491,443,382,293,142,55,80,212,335,443,524,576,598,585,540,475,393,302,216,134,69,17,20,40,23,38,22,3,25,20,4,21,56,13,9,30,50,76,107,143,181,216,256,294,329,365,389,407,421,432,433,430,412,405,214,365,338,314,298,282,271,261,257,254,251,241,243,242,234,228,227,220,220,220,229,241,254,270,286,298,310,328,400,342,341,344,336,337,326,317,308,297,283,282,280,287,298,315,344,384,432,475,520,569,606,644,668,682,680,663,637,604,565,525,472,426,384,347,367,302,288,281,286,292,305,326,348,375,412,450,488,537,580,626,667,700,725,733,736,729,713,689,659,625,592,562,181,495,459,428,392,353,311,273,232,203,41
43,168,530,471,162,80,183,253,308,228,81,417,548,180,383,606,291,221,425,146,249,257,163,498,266,394,789,439,361,852,605,116,628,529,53,250,207,41,30,806,166,22,266,311,153,81,209,221,191,136,23,270,450,357,38,483,641,338,204,593,576,211,247,494,440,163,171,370,324,99,105,158,91,74,162,197,10,369,550,290,299,700,544,16,505,563,244,125,285,278,220,129,78,351,452,176,285,524,312,159,404,209,115,219,71,156,102,388,242,280,605,306,344,658,303,308,518,207,182,263,94,44,31,6,27,14,5,14,19,3,23,59,12,1,21,21,29,93,59,95,224,149,137,376,282,136,490,409,80,513,474,27,407,388,152,234,386,233,50,254,267,109,118,248,195,17,219,233,27,229,282,44,287,373,79,356,501,173,382,643,330,129,734,520,152,685,642,84,495,635,292,203,498,427,101,264,461,359,14,425,536,196,348,642,377,267,712,507,201,755,600,143,764,656,65,727,708,337,630,721,214,419,649,392,109,461,492,252,121,460,566,283,283,723,621,9,676,773,226,493,735,321,321,594,296,272,560,226,395,659,241,474,796,381,391,70
96,74,378,326,290,250,240,236,254,281,320,729,424,470,514,532,545,539,503,455,393,312,217,130,30,57,135,227,286,329,358,359,338,302,248,172,95,22,59,392,181,218,232,230,203,157,92,4,87,183,284,397,488,575,644,685,710,705,687,644,599,546,481,415,357,306,256,202,160,114,72,30,16,53,101,331,190,230,272,310,329,342,340,324,286,227,155,68,24,129,230,332,419,497,559,601,610,595,555,490,395,277,147,317,127,244,338,397,410,381,326,239,134,24,80,162,217,243,237,212,165,111,56,16,11,22,11,0,4,29,5,19,6,36,11,21,34,46,52,48,39,14,29,75,134,200,260,317,373,414,441,451,457,721,421,387,359,321,286,259,233,224,212,215,215,230,241,265,284,308,336,362,388,415,439,455,476,490,488,492,477,510,441,406,376,339,303,267,239,213,194,183,180,184,206,231,259,301,340,374,409,424,428,423,386,338,273,187,94,5,113,220,307,401,481,536,591,1707,653,659,652,632,600,556,513,466,404,354,310,270,238,230,229,242,260,295,332,375,419,454,491,533,572,613,650,45,715,734,756,761,753,733,708,670,613,65
200,71,562,352,161,63,67,122,162,127,24,730,537,729,757,581,262,126,428,557,461,174,191,510,648,575,280,108,475,722,762,623,367,97,94,177,150,57,44,706,59,29,154,232,265,241,177,119,92,124,210,320,387,371,257,65,176,391,552,614,597,536,436,340,223,82,68,218,329,370,321,208,77,13,6,241,281,442,547,518,365,117,157,388,518,537,468,351,257,200,209,227,216,127,62,301,530,652,609,400,106,164,297,149,68,154,295,256,46,260,529,635,547,276,47,314,436,391,238,54,80,148,131,5,5,8,10,32,4,11,23,65,43,12,75,71,23,61,142,185,158,54,117,297,429,467,376,178,84,335,508,550,475,32,86,106,243,309,317,286,234,170,90,5,109,192,237,231,163,50,95,225,310,330,248,96,126,370,563,659,607,464,101,255,556,739,755,615,381,98,146,323,418,442,409,368,301,209,73,99,305,507,638,641,480,166,231,622,873,898,690,285,191,615,858,872,667,378,58,392,574,627,550,406,248,100,30,133,244,365,491,601,638,567,363,46,330,676,900,924,743,381,62,478,737,243,577,206,221,591,798,787,554,185,219,64
83,77,186,349,378,308,249,275,390,539,613,346,205,231,666,935,927,653,216,237,517,530,290,72,399,543,432,126,266,570,699,613,386,124,80,153,125,52,8,457,175,344,457,477,369,179,17,160,215,179,107,58,40,81,168,253,315,346,331,250,112,62,263,441,571,601,523,350,122,96,230,264,219,133,83,34,226,371,469,462,309,60,213,412,472,395,241,110,78,144,249,313,241,17,296,587,727,652,374,2,302,434,355,271,80,163,56,179,408,485,335,26,305,509,488,283,21,167,219,153,51,0,34,32,19,3,31,7,16,16,14,3,4,9,15,36,115,183,179,72,113,321,459,445,254,61,390,628,674,512,209,137,418,828,583,467,283,76,100,248,331,351,293,178,17,152,279,323,255,86,147,379,518,505,318,5,371,683,826,757,483,504,374,720,878,827,574,223,144,415,557,569,474,327,163,5,167,341,477,531,466,257,55,416,696,813,712,367,117,608,935,994,759,307,207,630,836,1457,546,187,165,421,547,538,429,276,125,18,177,349,518,673,716,591,283,162,631,979,1082,903,479,50,560,870,899,757,217,266,616,730,572,206,255,622,795,65
181,153,484,401,291,164,31,99,209,298,349,346,348,294,212,111,13,131,235,326,399,428,432,410,352,270,168,57,45,142,218,259,276,257,213,147,73,20,111,490,294,360,415,460,469,467,436,379,316,241,164,92,30,31,76,116,165,202,247,296,332,376,406,424,431,421,398,368,323,279,215,168,110,65,20,230,15,6,19,57,97,142,179,203,198,182,135,61,17,122,237,337,442,529,591,626,626,594,529,427,305,168,36,281,160,194,180,104,6,145,292,415,508,552,547,481,386,264,142,34,47,99,108,50,1,10,5,10,13,26,12,2,4,37,34,17,27,90,163,246,320,382,424,430,410,361,291,207,112,26,53,113,158,746,197,200,191,179,172,169,172,177,195,217,245,273,295,319,339,350,356,354,337,310,273,219,159,77,2,84,167,122,319,378,431,469,490,514,509,501,481,454,418,394,369,345,345,358,390,436,497,567,632,694,739,778,793,776,742,683,595,500,388,254,134,19,87,958,251,305,326,344,342,329,304,287,262,248,239,232,250,278,327,401,480,575,670,764,834,886,918,923,914,865,807,493,633,516,387,238,89,60,207,336,442,63
77,46,26,55,54,34,23,97,192,302,414,315,631,707,774,795,779,731,642,530,381,223,54,112,262,405,507,583,625,631,602,559,477,380,278,170,71,28,107,605,228,262,286,289,295,275,271,256,242,235,224,221,215,212,202,186,155,121,75,21,30,79,129,163,182,181,169,145,108,64,25,14,37,56,51,62,6,59,122,194,267,332,379,411,420,397,339,258,157,40,95,235,354,467,547,592,606,572,507,394,263,110,37,362,266,324,324,273,171,31,130,294,437,541,602,606,560,464,342,211,89,15,81,18,21,43,9,21,2,25,9,2,7,10,36,81,121,159,183,193,187,164,136,87,32,32,101,156,222,273,314,347,373,695,392,390,385,367,350,337,313,299,282,268,267,259,264,267,277,279,281,280,274,263,245,221,184,143,90,32,41,188,195,280,356,431,483,518,537,532,509,479,434,386,348,315,297,296,305,340,387,459,543,631,727,821,910,982,1032,1058,1036,999,928,821,700,563,414,163,137,13,90,169,216,240,235,203,151,75,0,90,151,213,252,267,255,210,145,60,30,127,215,306,393,469,532,29,622,645,648,629,599,538,471,379,288,19
72,104,858,706,544,380,209,55,69,186,245,563,287,254,204,131,39,59,165,275,371,441,489,500,500,462,409,324,234,136,41,53,111,168,182,182,165,133,77,65,44,93,137,146,143,143,111,73,36,15,91,152,219,292,341,396,445,480,509,518,526,513,489,445,406,356,316,277,248,221,190,139,95,38,14,462,157,244,329,408,468,526,550,544,505,442,347,247,128,3,124,242,360,452,528,563,573,549,488,390,286,143,8,426,258,356,406,401,343,223,69,97,251,396,494,547,552,505,408,287,157,23,95,18,76,11,57,42,17,11,0,63,60,22,72,112,145,162,163,141,100,27,58,167,287,408,522,624,690,735,751,729,703,900,589,529,478,414,376,350,340,349,365,396,402,419,419,418,409,394,363,329,281,216,147,65,36,127,225,310,411,187,594,668,731,768,781,784,770,744,710,670,638,591,553,501,478,466,477,530,593,669,768,859,956,1054,1140,1198,1252,1257,1227,1188,1111,1020,925,832,744,1126,570,501,412,355,296,247,223,218,232,263,314,390,485,590,706,806,893,950,970,970,922,874,800,718,611,504,377,580,64,105,287,464,637,815,955,1060,1130,26
67,7,279,345,258,127,68,90,139,109,57,362,461,449,234,102,391,474,333,45,213,302,174,80,296,325,145,159,428,498,334,36,248,375,321,162,13,43,13,365,44,25,130,201,191,122,21,46,70,56,45,55,96,143,164,141,67,49,179,286,331,276,143,52,240,347,345,230,59,97,179,166,93,16,12,257,121,177,144,12,163,295,319,217,48,105,178,171,134,119,136,156,102,43,243,404,397,208,102,362,428,262,19,182,238,59,155,225,91,154,328,294,74,194,332,261,61,120,175,100,19,80,46,36,30,15,11,37,5,8,9,18,37,4,49,32,4,49,70,48,26,119,159,102,42,207,277,193,17,249,366,301,85,398,344,355,213,1,185,280,263,154,26,98,166,189,164,105,10,108,216,237,168,14,223,335,282,55,242,441,441,169,144,446,566,437,130,214,451,494,354,115,109,255,296,272,216,145,27,133,307,424,386,154,179,483,577,385,5,400,593,484,139,264,519,508,262,310,374,476,382,156,95,275,357,326,236,122,3,140,280,390,422,308,51,256,494,543,368,50,277,442,390,157,135,70,356,173,127,391,488,350,30,330,552,34
178,15,539,546,464,333,245,231,306,425,538,122,508,304,25,285,541,661,616,418,127,161,368,405,285,20,284,561,723,739,616,394,136,77,226,276,257,180,96,524,20,63,141,223,275,288,252,194,118,72,57,72,115,170,209,223,185,123,8,127,286,439,557,625,621,547,410,238,48,111,218,246,209,106,25,361,153,93,49,239,409,510,515,429,288,145,40,6,3,46,74,63,25,185,391,578,690,675,511,224,112,393,519,60,229,65,302,380,259,0,299,513,554,409,159,115,303,362,297,169,38,42,46,40,13,20,6,25,49,18,11,19,22,2,75,83,83,68,27,38,121,194,226,192,74,111,310,477,528,454,261,8,282,939,593,572,451,272,76,103,235,324,366,369,336,287,217,136,30,89,215,336,416,416,316,118,143,418,632,721,658,193,69,322,668,892,949,825,564,240,69,310,456,498,482,451,431,423,426,388,279,82,174,454,686,812,772,567,223,177,544,793,857,715,423,35,345,1375,793,791,646,417,173,55,218,326,377,416,453,500,561,596,562,438,218,76,388,648,794,795,645,386,66,242,487,99,596,435,154,195,536,786,893,811,573,103
67,12,639,561,478,382,275,189,91,15,46,562,104,103,78,37,10,79,135,201,257,306,358,381,398,402,391,376,355,342,314,291,263,246,224,219,219,223,220,203,212,210,205,204,171,147,101,66,22,6,43,79,107,126,139,140,131,122,114,102,83,79,67,59,55,54,65,64,56,46,31,0,30,85,138,72,252,307,353,386,404,406,399,366,318,248,167,77,21,128,234,338,440,525,588,628,645,630,589,518,432,330,221,208,36,22,58,67,37,16,86,162,242,308,350,365,352,314,260,191,116,45,15,20,35,12,2,4,15,28,2,15,26,3,92,108,112,107,98,69,38,11,63,131,214,295,382,467,550,627,686,729,770,884,791,781,759,735,697,667,624,589,555,530,492,471,443,413,386,353,317,282,243,197,145,77,12,58,141,224,308,66,475,559,623,677,715,741,746,739,725,696,662,607,560,514,471,450,428,431,441,468,510,565,628,699,773,847,915,962,989,1014,1022,1004,969,922,864,1013,721,654,588,530,491,465,454,461,493,529,578,629,678,723,755,778,780,760,721,671,597,521,432,347,263,191,114,555,42,125,210,300,395,474,557,627,679,3
129,68,645,604,527,452,375,302,219,159,102,959,55,55,85,137,206,283,348,410,475,506,524,512,495,453,399,349,301,252,209,182,167,149,149,162,178,190,223,140,284,293,314,335,325,314,282,251,197,143,91,22,29,87,141,192,240,285,319,354,390,433,469,496,520,532,538,514,481,434,358,264,146,35,90,622,324,419,505,552,586,576,541,484,407,310,205,105,7,80,150,201,225,226,189,126,47,52,160,258,336,386,396,122,274,165,19,129,282,408,500,556,550,505,424,316,201,92,4,61,90,95,71,37,10,20,83,49,37,24,18,35,60,35,54,85,122,162,204,249,294,329,360,371,374,361,333,282,221,137,44,52,142,892,316,389,438,470,484,495,489,482,486,468,471,471,480,485,508,520,543,561,591,612,637,653,665,665,644,612,574,560,444,358,270,180,93,18,52,104,142,163,170,154,133,98,64,37,10,3,9,23,86,159,255,370,511,649,801,953,1074,1195,1280,1333,1359,1358,1322,1975,1189,1090,1003,917,845,798,764,755,763,806,852,905,950,1004,1048,1079,1087,1073,1053,1008,939,858,766,673,566,451,332,872,68,65,188,314,421,513,590,663,696,38
184,85,375,406,413,406,396,402,447,502,573,878,678,691,645,550,403,220,15,169,331,428,447,398,285,129,57,216,356,445,474,449,411,338,279,238,216,216,237,120,255,255,228,196,159,119,80,65,51,52,64,82,104,135,159,186,212,250,283,328,375,403,408,385,326,231,121,3,104,173,202,178,128,46,35,572,105,80,16,79,189,291,364,404,391,335,247,151,60,9,17,81,197,348,514,656,736,752,680,528,332,128,43,63,157,96,27,176,282,333,294,171,1,184,327,400,396,321,199,72,29,75,59,23,50,2,24,18,19,4,1,4,1,18,135,117,70,2,79,167,243,301,329,310,251,139,14,197,372,544,657,713,693,430,486,321,142,29,178,303,403,466,509,502,483,430,355,266,173,51,62,188,308,417,505,539,525,451,315,130,83,309,525,713,853,935,956,908,797,636,441,238,50,111,243,330,398,460,530,605,683,737,770,740,630,457,215,65,353,627,839,970,1001,927,769,542,276,576,239,439,577,664,712,709,702,684,680,662,646,622,551,435,287,92,136,372,590,760,869,891,850,735,576,385,175,573,230,406,544,632,666,626,517,369,190,42
76,97,369,50,282,322,304,331,321,115,285,650,735,370,260,759,765,296,322,600,391,104,453,355,101,531,553,158,408,665,516,85,324,456,342,130,31,99,111,416,138,150,103,19,85,176,219,199,107,7,104,170,231,254,214,61,163,353,454,381,149,180,461,581,451,90,318,550,478,157,154,249,120,49,23,472,426,347,96,605,785,467,146,631,691,383,21,235,229,156,180,291,302,68,329,639,584,138,390,648,441,18,340,73,31,191,1,335,412,30,522,730,341,345,754,552,17,446,430,87,206,203,10,109,16,77,42,44,2,10,2,37,3,14,88,156,69,113,221,121,141,366,330,20,363,523,315,130,505,545,242,205,531,439,253,157,484,548,320,83,438,537,327,68,409,482,261,99,386,417,207,144,414,434,178,231,553,534,145,403,781,473,110,594,984,776,89,673,1018,750,99,545,816,636,218,224,513,615,509,125,384,782,787,268,482,992,875,147,683,1085,746,95,857,1036,527,310,915,1699,357,376,820,756,328,209,564,643,468,134,248,589,716,519,11,619,966,765,85,680,1027,725,4,672,851,484,145,38,629,220,319,676,548,13,589,813,486,65
366,137,262,278,264,220,189,178,196,251,342,665,506,566,564,508,409,273,116,22,147,222,248,211,149,31,95,215,314,388,422,413,381,329,274,232,210,207,210,40,210,202,173,135,106,82,76,95,137,195,252,309,355,379,380,360,339,311,291,290,311,346,393,435,452,444,391,310,196,77,20,86,96,49,48,338,324,444,530,551,512,418,291,145,4,97,156,174,148,90,20,39,67,51,13,120,249,374,462,490,448,337,185,127,103,169,154,56,101,273,417,508,505,421,273,97,71,193,254,247,191,109,27,9,13,17,29,31,13,14,22,7,6,7,134,103,37,43,129,199,235,220,163,64,64,200,326,431,489,502,472,398,312,93,103,1,92,180,260,324,385,421,436,427,389,325,245,141,33,74,175,281,357,407,427,408,338,223,77,104,288,56,596,696,727,704,639,532,403,269,144,24,76,158,224,281,339,394,453,521,585,629,652,621,543,402,215,14,251,476,649,758,780,727,597,412,207,431,190,343,451,520,553,560,548,539,534,530,529,525,485,425,321,169,11,212,403,573,694,749,734,656,522,352,157,550,218,372,495,562,580,554,471,351,196,187
160,16,325,217,181,151,142,162,135,78,25,718,209,324,445,516,510,470,340,153,29,206,339,371,346,250,104,29,182,294,376,413,423,392,358,315,271,256,241,37,221,192,153,119,73,69,95,127,183,242,287,338,382,405,443,447,421,394,364,343,360,384,404,433,412,338,230,104,29,119,173,182,113,1,112,398,364,411,409,315,154,20,215,384,476,525,512,435,347,269,189,179,217,281,389,490,539,538,451,287,102,93,237,21,230,97,103,285,405,436,335,138,97,328,479,530,471,337,171,20,73,110,95,4,36,1,20,18,24,0,18,26,19,3,122,143,119,64,24,134,236,311,330,279,170,19,159,325,454,529,543,508,427,49,181,61,56,159,247,326,397,450,483,475,421,332,209,61,85,226,338,412,457,462,420,333,217,56,129,322,516,64,789,823,780,655,484,281,76,106,241,335,405,452,494,532,579,617,650,646,600,513,364,160,76,328,589,786,901,920,812,612,352,34,245,473,653,1722,768,755,671,564,448,305,174,76,27,92,172,291,427,601,801,942,1026,1009,878,664,399,126,115,316,473,559,613,302,513,373,174,72,310,526,697,769,775,8
58,17,113,184,301,303,266,325,479,635,634,316,49,515,819,809,537,114,257,423,316,24,293,456,368,49,361,663,715,520,181,152,328,366,285,221,202,215,218,612,20,126,230,244,171,93,68,140,251,345,333,203,29,294,493,577,545,422,270,116,14,145,285,447,582,621,505,237,81,334,412,319,149,25,30,439,393,501,406,97,324,686,828,708,389,2,293,420,381,281,218,230,278,292,185,60,360,586,622,427,74,249,388,16,43,161,178,23,322,503,415,60,371,647,617,306,100,385,426,246,6,147,146,10,74,8,7,2,16,46,27,8,10,2,2,74,117,72,62,236,324,254,0,329,567,589,349,52,448,670,633,373,4,816,539,565,426,193,50,267,401,431,337,169,43,241,347,350,225,25,209,388,443,334,91,247,534,667,554,212,246,222,846,731,343,158,596,811,745,472,112,214,435,528,517,437,304,125,110,370,611,724,630,308,186,657,919,839,437,151,665,885,753,295,269,714,850,1361,210,271,625,740,643,415,174,40,225,390,569,711,732,557,185,313,797,1041,972,583,30,499,811,830,555,127,308,252,592,346,77,500,747,696,340,187,666,163
199,16,335,62,116,211,265,333,436,535,543,370,73,316,617,692,506,163,170,330,253,6,263,374,252,43,376,593,593,400,115,145,292,313,283,259,275,279,233,558,52,208,276,264,188,125,112,143,208,231,177,23,194,394,509,502,371,198,22,100,192,279,389,469,479,361,120,154,371,456,387,233,65,0,61,348,245,182,46,364,654,754,614,284,127,453,593,543,384,214,114,89,68,22,208,435,581,526,268,96,393,482,340,117,136,150,23,246,318,152,180,497,586,383,6,364,509,391,115,138,245,184,45,25,38,24,12,0,8,38,1,18,4,3,95,69,33,150,191,110,89,305,425,351,98,244,517,605,456,131,250,519,599,309,183,124,354,440,398,261,72,118,278,367,345,218,8,216,377,407,280,37,242,457,510,359,34,336,612,674,469,343,374,717,814,629,234,230,618,780,697,421,83,217,408,506,520,463,329,103,222,543,751,730,440,37,535,855,848,505,48,577,850,761,372,160,591,1658,670,350,55,398,593,624,514,325,81,157,384,587,709,691,485,93,405,816,987,838,426,106,550,751,671,360,49,509,525,401,66,348,650,706,461,37,410,103
60,5,507,492,459,430,391,350,308,269,229,699,173,160,148,149,152,157,162,173,168,168,165,144,128,107,96,79,72,77,92,107,131,163,193,208,222,230,232,91,209,189,159,130,92,53,5,47,105,155,205,244,278,300,297,275,237,185,111,37,48,144,229,307,373,424,449,460,445,414,360,293,218,130,43,363,114,180,236,270,293,299,297,284,262,239,213,195,175,162,154,165,182,212,250,292,332,369,399,413,408,384,333,69,164,52,72,197,312,410,482,519,523,493,434,349,260,162,80,11,32,55,52,9,37,15,21,25,14,14,48,13,8,44,2,7,0,5,13,19,16,0,29,70,124,184,247,309,366,404,432,449,452,849,422,388,357,326,298,262,242,221,202,190,181,187,202,220,256,290,336,388,434,474,510,541,551,548,534,502,460,501,363,308,261,212,175,143,126,112,110,106,120,138,155,180,204,242,275,314,339,364,379,385,377,353,312,261,199,133,58,16,93,160,216,277,320,1227,357,355,345,312,269,222,163,114,62,16,15,45,50,42,18,15,53,102,146,190,227,261,284,306,317,318,326,394,326,339,353,372,390,410,439,464,488,16
422,15,320,341,382,406,455,498,543,593,645,729,720,737,745,734,698,631,556,451,339,200,63,71,197,305,376,435,459,466,435,388,314,244,164,77,0,74,135,395,224,234,240,242,212,179,135,81,29,42,103,171,225,268,301,326,324,336,337,331,333,341,359,384,419,449,483,499,497,486,439,370,280,153,35,563,238,359,476,566,641,681,698,684,646,587,505,405,295,172,58,58,171,250,315,355,354,330,278,201,105,8,80,235,191,201,171,109,17,99,218,332,427,490,526,522,485,414,325,225,125,35,33,72,44,19,4,42,14,41,26,61,38,17,43,28,4,16,39,39,33,10,26,89,161,243,333,421,492,561,610,637,650,961,604,558,509,449,387,341,290,253,233,218,218,230,260,296,331,372,417,454,487,517,531,537,527,505,474,426,380,525,257,190,122,65,3,50,88,108,120,112,106,76,42,1,38,71,95,110,109,84,55,16,66,134,217,306,398,489,563,641,702,751,795,818,813,1945,786,739,693,657,593,549,512,487,468,484,499,542,596,659,720,782,852,903,945,958,954,930,904,857,808,749,703,295,605,568,532,488,455,425,391,364,336,55
11,25,339,156,37,156,283,378,487,541,542,132,186,99,376,545,543,378,145,104,215,198,37,155,315,355,266,91,120,291,383,393,343,262,182,124,70,19,63,49,265,325,326,257,156,63,16,27,61,100,92,26,91,231,336,400,380,328,243,152,55,42,169,336,495,606,600,466,209,74,296,370,323,176,63,31,118,272,421,468,344,104,204,455,572,518,361,172,55,11,43,39,20,185,380,548,571,439,171,157,408,495,385,170,68,155,56,165,362,393,189,148,455,569,439,134,157,318,286,130,26,108,79,11,3,63,31,21,11,20,15,4,55,15,0,14,28,63,137,216,255,190,1,253,470,556,433,139,224,520,637,548,298,436,300,460,487,378,219,23,128,240,279,276,230,139,20,137,274,360,343,201,55,337,568,639,522,209,203,611,841,578,595,182,290,649,798,724,462,141,185,392,508,485,433,299,170,36,238,459,623,665,531,214,222,657,908,934,647,174,375,794,971,848,485,1,435,1713,754,590,303,8,262,418,500,519,493,409,251,25,326,659,871,910,690,296,199,646,876,880,610,240,173,436,576,239,295,7,266,478,539,441,208,118,390,1
23,70,265,401,399,337,249,112,95,353,556,440,334,91,482,624,429,33,328,420,210,149,396,359,71,299,521,472,207,124,348,397,315,172,45,31,97,180,251,243,220,69,114,224,220,130,40,25,82,147,124,22,222,378,396,277,70,137,301,410,438,362,182,85,362,535,542,356,56,241,410,399,229,44,53,546,79,85,57,297,466,425,153,200,437,458,306,109,8,47,80,197,360,462,361,39,374,653,609,252,212,495,431,114,177,230,23,222,261,24,300,440,264,99,376,384,153,121,232,162,20,48,11,27,19,33,12,46,12,33,20,14,23,14,21,60,81,83,35,62,187,261,195,37,344,521,417,33,427,675,547,108,372,947,521,181,174,366,370,226,56,93,177,213,162,51,91,213,247,140,89,349,487,361,20,495,792,699,214,425,873,682,483,135,654,832,629,175,301,597,609,349,2,300,437,400,249,45,181,394,511,440,105,390,794,835,413,294,898,1067,686,30,717,1021,824,258,373,1757,760,411,60,431,545,439,209,20,215,378,487,454,217,218,651,847,632,60,579,947,838,327,320,756,791,439,86,333,645,443,23,403,597,502,139,284,564,84
98,37,344,315,305,322,362,413,450,464,433,176,194,2,191,373,490,541,486,357,171,38,234,365,422,399,309,161,7,131,234,293,301,288,243,217,203,210,246,83,326,342,322,273,201,123,57,18,32,74,151,232,309,360,381,374,356,328,313,299,288,272,239,169,77,44,177,308,410,483,491,453,360,241,121,200,14,10,101,235,379,490,548,539,458,343,211,113,69,86,145,221,282,284,201,43,166,389,571,661,636,502,294,112,113,200,172,39,148,331,444,457,358,176,35,210,316,321,250,143,25,64,105,7,4,43,9,26,12,7,2,38,35,41,91,101,111,137,163,173,144,74,56,223,399,538,605,577,436,215,56,316,519,1060,645,566,430,269,108,9,88,128,145,153,172,197,228,244,228,165,41,122,325,522,676,755,739,618,391,102,207,12,744,897,943,878,726,512,274,36,159,304,397,433,435,432,421,406,399,371,301,185,5,245,521,774,972,1066,1022,850,559,196,189,542,811,951,968,1439,679,450,219,16,142,236,281,326,362,420,491,576,636,656,592,452,234,46,344,611,819,926,921,808,612,341,53,517,462,623,693,670,569,395,195,0,168,14
72,42,574,827,985,1070,1106,1046,950,725,487,632,89,393,670,879,1044,1134,1146,1071,918,697,418,112,200,532,798,1012,1182,1226,1202,1075,883,589,262,92,446,740,1019,1235,1276,1267,1123,914,669,312,45,383,716,968,1160,1231,1219,1107,916,664,310,3,356,661,897,1055,1133,1138,1051,849,600,296,11,323,592,828,1002,1070,1078,857,796,566,279,2,310,579,804,966,1047,1007,901,727,481,163,147,456,725,932,1037,1051,952,767,484,158,205,534,823,874,1086,1005,817,519,171,226,578,827,952,946,769,503,148,198,497,690,748,656,426,0,1,1,1,3,3,1,0,2,2,0,243,427,531,519,425,222,34,306,521,709,744,694,534,267,23,319,583,795,875,983,756,550,276,36,347,592,792,909,944,867,719,466,190,99,393,632,833,944,997,935,788,593,313,23,275,555,793,872,1047,1042,953,780,527,272,59,370,646,863,1049,1118,1091,982,765,536,244,71,394,676,920,1086,1161,1150,1019,843,587,279,32,364,657,913,1075,1190,1165,1258,914,662,367,38,287,584,844,1035,1157,1171,1122,974,754,472,173,145,457,722,930,1063,1117,1104,1017,845,616,334,28,94,539,773,955,1059,1111,1059,960,769,555,17
43,33,148,99,50,31,34,101,215,361,529,649,746,748,639,441,182,91,325,472,498,407,231,16,197,349,438,445,383,278,161,59,5,35,11,49,123,188,230,500,178,87,21,113,179,197,166,91,9,73,124,131,107,52,2,65,125,149,163,178,172,185,220,275,357,446,541,584,575,505,378,220,83,23,60,353,79,209,317,390,394,342,232,101,20,121,171,169,122,36,57,116,128,62,85,286,503,673,746,702,532,283,19,302,292,264,117,91,289,416,427,321,129,79,265,366,366,281,149,18,72,98,56,16,41,8,25,22,38,3,2,20,10,14,3,17,14,3,13,3,46,132,231,322,365,341,244,78,124,325,482,582,597,617,419,271,108,29,145,221,246,239,218,190,160,138,123,106,73,14,85,204,340,469,551,569,493,321,74,219,505,164,920,975,925,774,560,316,73,124,271,354,372,347,316,277,258,259,277,293,275,216,91,100,344,599,832,992,1030,932,713,393,20,354,655,844,910,1711,691,473,246,48,81,151,145,130,95,99,151,265,407,555,679,725,678,529,291,2,308,596,813,935,958,855,666,376,103,182,406,550,580,522,392,226,61,57
63,36,424,382,287,186,118,95,131,229,362,504,602,636,596,456,246,21,181,323,355,285,131,70,259,402,471,448,359,218,65,52,149,183,180,142,90,41,12,372,38,107,173,238,283,307,286,244,207,171,161,173,209,251,286,303,316,314,313,323,358,390,419,422,395,327,231,103,8,108,168,191,163,99,29,474,74,63,1,112,254,394,495,549,526,439,309,168,60,0,20,98,221,340,421,426,339,181,34,249,409,478,433,10,133,17,101,77,47,223,391,493,485,356,153,71,245,339,324,230,96,32,106,6,33,5,11,32,40,4,3,40,51,49,91,90,66,47,36,51,90,128,158,139,64,64,238,406,538,591,549,417,215,165,218,377,476,489,441,355,244,146,62,11,27,37,45,61,95,145,198,233,215,147,20,159,365,542,667,701,618,438,162,139,433,670,821,855,797,651,455,237,47,109,194,238,236,215,205,221,268,341,410,446,406,288,81,188,471,715,874,897,771,516,173,196,524,1617,855,807,649,420,173,49,195,257,250,215,181,169,214,318,464,607,713,748,688,527,293,22,256,495,659,720,673,310,281,3,276,494,618,632,528,342,108,44
33,95,425,361,285,180,58,63,180,290,386,129,492,501,481,437,362,275,175,67,42,137,226,301,356,393,409,419,411,382,349,312,270,242,215,200,184,190,189,74,198,200,202,196,186,154,121,81,35,15,72,124,170,206,236,260,259,250,222,192,154,115,79,53,31,20,17,20,29,40,44,41,34,2,29,253,130,192,258,330,391,452,489,509,507,480,421,337,241,119,2,118,230,326,399,435,447,415,360,276,175,78,21,213,137,150,118,48,44,167,286,408,486,539,551,517,450,358,246,139,39,45,101,11,11,2,7,13,15,15,37,39,25,22,16,21,31,44,62,84,122,175,223,287,353,422,487,536,581,601,614,600,566,450,452,384,313,239,165,107,60,27,7,3,1,13,24,30,26,12,20,71,137,220,309,412,516,616,716,794,866,649,960,986,981,961,919,866,791,707,612,526,436,356,291,249,215,212,216,234,270,304,339,370,383,379,353,307,237,139,19,105,251,392,532,643,752,1607,891,908,902,872,824,747,675,581,504,434,383,350,343,370,415,465,535,607,682,752,801,842,867,870,865,839,786,532,646,543,427,297,160,21,105,227,321,57
121,34,400,337,249,153,38,59,174,272,361,167,481,509,507,475,427,340,245,136,23,100,204,289,367,408,441,456,437,421,383,347,309,268,237,214,191,175,173,107,177,174,167,159,137,119,88,59,25,16,52,92,124,145,158,167,157,137,99,53,5,54,112,172,218,250,263,269,262,245,228,191,168,155,133,112,124,128,137,153,174,180,192,200,199,191,166,134,82,13,65,155,254,362,461,547,616,660,672,648,590,496,378,36,112,7,98,165,180,151,88,3,107,212,298,354,381,373,325,254,170,84,5,1,23,18,9,8,12,13,11,23,27,24,51,59,63,72,80,95,119,143,167,190,205,220,218,201,172,122,74,13,58,416,177,233,276,303,325,320,318,302,288,257,233,205,188,174,171,182,206,239,285,339,403,464,522,571,615,637,650,704,627,582,534,468,393,306,222,143,60,2,55,89,104,106,82,58,17,19,55,81,99,92,74,36,30,118,217,337,453,575,693,806,894,963,1007,1696,1024,989,934,864,787,691,608,529,464,407,380,377,390,435,495,569,649,725,793,845,888,914,918,905,870,819,743,582,561,441,314,179,42,84,206,310,385,57
76,59,447,356,315,336,397,483,564,628,642,54,481,297,75,167,396,556,629,593,460,249,6,238,432,534,559,508,385,233,67,67,162,198,200,124,35,56,138,778,179,138,51,62,166,241,284,271,241,164,77,4,49,63,51,16,30,85,123,156,165,176,201,234,296,368,452,517,547,532,456,356,243,138,81,241,158,286,454,605,726,790,765,681,539,381,224,101,36,24,65,151,293,428,544,604,567,449,233,30,282,470,528,214,249,15,272,427,437,297,40,272,541,705,724,594,374,129,71,190,207,123,13,34,101,31,17,32,19,28,13,11,19,15,53,80,96,85,44,9,75,164,245,329,401,441,430,369,227,37,188,399,573,938,730,697,609,496,369,240,139,45,39,116,181,240,294,329,362,386,381,353,274,138,46,275,505,723,875,941,915,686,615,355,97,168,396,577,703,762,765,720,670,583,533,498,480,454,424,341,190,18,270,540,790,985,1128,1135,1046,824,519,153,237,584,849,1009,1043,1997,812,604,400,211,66,21,79,116,134,187,277,402,578,774,976,1145,1246,1246,1144,938,656,341,13,260,488,631,698,36,595,429,211,48,320,564,764,882,903,116
26,33,170,25,22,13,18,16,61,214,400,630,660,640,480,228,40,268,383,356,187,61,318,501,561,485,283,27,225,422,524,542,482,382,283,197,136,109,107,533,103,73,10,59,129,182,191,173,139,116,114,164,239,324,399,426,419,373,301,219,129,30,86,222,351,455,521,511,442,327,188,73,7,11,69,456,246,274,218,75,120,331,492,568,534,414,245,95,7,1,60,157,215,208,92,111,345,537,612,541,328,48,198,203,282,102,129,294,308,155,105,359,510,478,299,42,183,297,263,133,23,141,172,3,1,46,15,5,31,14,24,8,27,27,15,67,123,150,135,98,26,62,171,290,387,416,365,215,9,251,473,601,608,360,297,56,173,352,456,483,431,332,198,63,60,153,214,245,234,202,122,17,124,272,402,477,452,309,72,232,526,328,856,813,636,354,36,274,512,660,709,652,534,363,193,24,113,223,313,385,443,465,419,297,78,194,469,700,781,691,426,44,377,737,949,966,793,493,101,265,541,696,735,676,561,431,317,215,132,11,149,347,550,697,739,660,445,144,181,456,637,690,600,388,107,92,461,637,669,546,294,43,392,656,775,20
158,21,1276,1301,1226,1061,895,653,402,96,204,959,735,949,1128,1239,1291,1265,1172,1031,821,580,298,5,292,591,836,1029,1198,1285,1315,1252,1145,948,701,418,113,163,489,395,987,1172,1262,1289,1260,1136,957,736,454,151,151,449,714,940,1104,1210,1231,1210,1102,913,688,412,127,132,428,661,874,1012,1097,1123,1084,985,834,610,373,203,174,417,648,850,974,1056,1066,1010,895,702,480,223,47,336,595,807,970,1077,1072,1009,870,670,398,99,224,531,809,620,1114,1105,996,785,497,140,228,550,811,977,999,901,679,387,52,276,538,705,726,6,2,1,5,7,0,2,0,4,2,2,42,187,393,544,631,611,510,320,82,206,455,676,831,862,823,701,466,207,92,294,650,849,968,1008,937,822,619,366,101,182,461,696,903,1018,1063,1028,958,795,564,306,17,260,523,781,962,1094,1173,978,1072,902,699,446,143,140,468,737,985,1147,1288,1313,1266,1122,903,677,366,45,281,606,914,1145,1315,1411,1406,1343,1181,937,654,340,27,384,717,1023,1245,1685,1493,1476,1384,1185,936,633,311,55,400,723,1029,1224,1403,1447,1452,1355,1180,947,663,342,2,318,626,901,1125,1281,1381,1331,1322,1185,990,743,471,164,127,427,694,21
150,37,102,207,172,167,214,257,166,136,459,323,365,105,524,616,318,158,475,422,61,316,430,182,220,487,426,86,305,492,400,122,152,268,249,146,81,61,24,357,183,263,232,96,82,187,191,129,77,64,64,42,61,201,312,295,146,76,266,362,338,229,52,159,347,444,367,120,179,369,356,198,24,46,23,238,132,285,345,211,88,375,467,323,37,208,297,225,104,39,42,39,44,213,355,317,61,281,488,393,70,254,345,30,35,102,4,126,76,133,297,231,47,306,328,93,181,273,145,52,145,84,11,7,6,30,9,17,32,24,5,22,23,17,17,60,52,5,87,131,83,57,220,281,147,124,381,430,213,168,471,514,261,407,435,498,307,10,285,397,317,107,124,264,264,134,36,172,185,95,63,189,203,69,156,350,351,116,263,554,556,233,275,663,706,371,161,598,718,485,41,373,570,490,228,85,320,415,361,159,126,374,450,262,111,451,525,256,233,631,655,258,345,794,801,335,339,1468,857,416,217,666,728,428,6,330,452,400,257,54,186,414,516,353,47,472,664,456,20,507,686,446,77,538,665,313,186,621,662,270,307,690,632,200,309,51
56,67,291,224,153,78,23,15,8,29,104,581,314,428,534,607,640,623,549,431,263,75,126,304,451,564,616,630,602,534,444,347,266,206,160,150,173,214,261,385,344,368,358,338,289,223,173,110,65,44,37,51,78,118,157,193,218,240,236,230,226,210,211,228,255,288,335,377,396,398,365,310,230,136,42,408,91,112,106,67,7,64,133,194,235,253,241,191,126,44,52,138,203,243,236,178,96,19,147,264,351,381,364,135,186,56,61,148,175,159,80,35,164,278,353,376,346,270,165,55,36,107,136,4,3,12,5,4,17,2,21,17,33,24,10,35,69,111,152,193,237,264,275,264,224,157,55,66,195,327,441,525,584,743,611,591,548,495,431,373,311,251,196,144,87,34,20,72,128,178,242,288,334,356,360,342,295,222,123,9,125,1,415,553,670,767,831,860,855,820,753,679,595,515,452,407,371,334,300,266,212,132,35,86,213,361,501,649,757,844,874,875,817,702,542,359,156,661,244,407,534,614,657,662,629,591,541,503,489,493,512,557,605,649,676,671,627,540,421,266,90,95,287,466,619,178,817,828,795,695,549,375,183,4,141,5
49,8,501,411,341,273,225,195,179,183,191,613,253,298,335,373,406,426,436,426,410,376,335,275,204,136,62,15,79,139,176,204,197,187,143,96,37,29,96,302,202,249,264,281,262,238,198,146,78,21,44,116,183,245,301,343,379,402,421,431,446,436,435,428,416,397,381,348,311,271,203,141,66,19,105,234,292,378,454,510,552,575,568,555,514,458,396,315,239,153,77,1,56,104,134,145,150,125,87,38,5,45,75,104,59,17,56,141,235,328,406,462,492,483,448,382,301,215,126,42,22,73,100,11,3,5,12,17,5,14,34,2,29,60,26,8,18,49,93,138,196,249,306,359,408,450,476,491,488,481,458,424,396,173,342,328,316,308,311,312,310,304,291,277,251,227,192,153,114,65,15,35,96,161,236,314,397,481,566,641,722,351,835,873,897,904,894,880,856,815,774,725,675,629,580,548,513,494,499,506,531,557,594,637,683,717,738,741,733,703,654,598,530,440,362,284,208,165,85,37,3,24,42,47,35,26,0,37,74,114,142,167,187,189,179,152,112,61,9,50,112,180,253,326,399,132,553,630,698,759,803,833,842,826,789,55
85,69,559,367,122,3,45,142,324,423,271,674,511,571,236,246,483,289,110,329,135,264,465,214,312,684,580,57,515,725,480,9,363,439,298,127,17,36,132,200,334,244,5,240,352,325,202,43,122,293,385,354,157,137,402,499,385,100,211,424,482,377,123,217,501,567,331,84,419,452,237,18,102,27,16,15,373,434,146,354,702,611,112,430,654,455,51,250,285,171,101,154,175,3,359,571,371,154,601,578,126,328,392,158,151,69,212,274,54,494,544,70,520,661,228,345,531,241,165,299,125,103,136,4,12,19,13,16,16,27,61,21,16,19,36,106,105,11,174,216,44,259,409,224,216,549,480,15,492,645,320,215,567,318,130,275,460,353,69,212,355,265,31,206,306,192,63,272,289,80,211,377,292,39,411,554,305,235,703,721,219,144,928,740,47,668,936,597,70,628,741,414,87,441,491,290,15,268,380,306,34,306,489,345,108,569,687,274,437,940,784,12,855,1148,607,386,1093,1350,264,593,988,719,69,514,720,509,110,258,449,447,292,5,328,538,467,54,447,654,369,219,668,578,1,623,789,347,463,953,743,57,857,1045,475,406,929,48
65,51,615,480,356,228,123,47,25,68,81,620,66,34,13,75,135,198,248,303,336,356,373,351,328,297,265,222,195,164,136,127,115,115,131,150,166,192,221,191,236,232,210,185,138,75,14,61,143,221,295,376,439,493,541,575,587,598,588,558,526,477,428,377,330,278,233,200,161,136,101,57,9,45,120,220,289,380,464,533,592,630,636,626,592,527,449,362,248,134,14,105,214,308,383,437,461,452,410,335,241,133,22,142,144,187,187,147,57,51,182,312,421,504,545,551,517,448,361,271,174,101,45,4,24,11,29,8,2,24,47,15,0,4,13,12,6,1,14,43,84,146,231,316,416,506,584,647,688,699,675,635,579,377,447,382,319,282,245,235,219,209,206,187,181,155,135,112,84,54,17,21,70,128,192,263,351,440,531,614,691,233,798,833,849,850,840,827,803,771,736,697,648,601,549,508,471,447,431,442,463,502,553,604,660,719,777,818,839,855,847,827,794,741,679,611,538,209,378,319,253,200,162,135,121,118,134,154,192,230,280,328,377,405,425,424,410,373,321,241,159,71,33,137,238,10,449,549,658,751,838,906,946,962,961,37
211,25,526,419,173,13,113,214,331,350,156,769,547,515,117,371,547,274,192,406,178,261,454,170,366,667,443,147,633,674,275,222,489,429,172,54,156,159,143,333,139,53,117,253,270,163,7,142,191,202,202,150,8,236,403,371,133,180,411,450,307,35,267,482,480,213,177,440,415,153,102,165,61,6,95,248,337,53,395,656,472,59,539,636,322,109,347,314,165,83,66,1,205,419,395,34,430,604,319,204,494,321,82,96,74,220,203,170,463,301,235,594,402,158,536,389,57,360,267,12,166,100,22,3,0,29,26,21,39,21,14,11,3,10,45,33,18,91,121,14,194,310,144,245,520,363,182,652,587,8,611,700,228,844,632,392,65,370,365,174,53,204,245,162,19,211,277,134,149,371,330,2,415,586,315,264,737,695,118,598,921,711,175,811,881,350,392,837,703,136,447,689,494,52,339,494,390,117,216,458,459,152,319,634,511,56,667,823,310,519,1016,749,125,930,1061,412,504,1720,833,105,620,889,593,11,526,680,456,50,324,531,508,235,203,591,660,279,346,762,623,12,613,760,309,380,783,362,105,738,816,242,540,927,611,144,740,33
75,61,483,422,391,367,358,363,383,405,433,810,492,502,521,515,486,447,384,306,211,101,2,112,206,307,366,419,454,471,464,448,419,363,313,237,167,81,0,509,131,173,212,234,236,248,256,263,269,283,290,292,291,273,244,202,167,122,66,15,35,93,145,194,230,256,260,248,218,171,116,69,11,15,23,12,14,63,119,191,244,294,333,354,359,342,303,242,160,59,56,169,290,396,484,531,548,524,452,345,215,73,51,411,217,222,172,80,54,215,361,496,580,621,590,520,405,277,144,34,55,98,109,33,16,48,39,18,15,30,47,30,4,3,14,15,9,0,21,62,125,204,290,378,459,524,563,573,561,518,449,368,283,249,117,34,19,60,89,105,114,120,125,139,151,173,215,256,307,361,409,469,526,579,625,669,694,717,729,714,691,790,591,514,439,357,279,205,134,81,34,0,13,34,38,33,33,24,21,37,62,100,161,242,330,441,541,652,758,843,923,985,1015,1029,1025,999,946,1236,816,741,654,572,491,434,386,362,346,357,386,438,488,541,583,610,610,584,541,466,380,281,175,75,39,143,264,62,490,587,687,762,818,841,837,809,755,0
98,54,214,210,255,344,458,575,645,660,614,149,309,57,211,424,538,520,369,148,82,262,326,277,120,87,293,444,519,488,397,285,193,138,140,164,183,179,139,488,9,114,193,261,258,216,128,46,2,13,93,202,331,449,525,549,506,427,308,190,84,21,19,43,82,145,230,308,351,349,311,243,187,154,151,151,243,313,384,419,399,300,138,49,225,360,420,412,365,302,253,230,268,333,408,422,352,194,36,257,413,451,368,19,25,105,129,49,106,289,406,398,253,16,227,391,430,351,207,60,43,83,68,6,0,18,13,15,26,19,41,18,24,16,50,60,57,36,21,102,195,269,298,251,122,79,295,464,538,501,361,166,43,739,369,434,433,369,278,165,58,25,104,181,256,317,336,309,219,78,99,287,433,523,529,445,272,44,216,449,616,179,636,477,242,12,236,397,487,514,495,445,374,294,212,106,13,171,344,518,650,698,640,490,234,70,390,655,801,789,625,343,1,301,523,631,616,1066,331,124,58,195,276,310,340,388,468,546,594,596,517,338,64,264,595,842,948,896,705,428,117,182,440,590,611,63,256,14,272,462,565,569,477,312,107,96
170,28,306,229,164,69,70,259,454,604,638,224,291,21,295,456,454,302,74,118,183,82,130,353,491,450,254,37,315,491,529,448,316,196,124,92,53,15,128,43,355,383,318,204,85,20,20,58,86,75,14,165,324,451,489,432,294,110,79,231,340,393,407,377,331,247,136,5,137,232,263,221,143,81,75,202,254,344,324,184,58,322,533,605,525,340,113,84,199,231,199,186,220,300,377,380,252,5,269,472,494,335,84,61,158,36,146,246,168,72,351,507,438,186,135,369,413,281,74,84,135,85,0,50,6,50,16,8,38,22,28,14,10,0,29,75,104,108,77,1,102,203,251,202,54,168,371,467,389,147,170,423,534,548,233,33,251,368,374,299,187,61,77,196,297,340,310,190,10,187,349,413,350,163,97,362,514,511,322,3,345,78,659,528,234,118,418,590,607,475,266,23,189,337,423,446,419,339,196,12,252,483,630,599,374,9,385,652,692,476,82,327,614,662,476,133,232,1093,604,530,357,149,38,180,289,398,508,585,567,413,114,271,635,857,858,636,251,176,513,661,610,370,36,264,441,162,216,95,401,587,574,377,73,237,443,47
25,47,507,496,520,554,576,578,541,458,327,376,11,175,290,351,337,237,84,105,271,404,440,383,233,27,199,392,527,589,595,554,506,461,441,431,431,421,385,658,243,160,88,40,31,43,96,167,236,306,348,345,291,194,54,106,273,405,498,553,567,560,550,542,544,530,499,424,319,193,66,22,60,35,53,462,310,399,423,365,232,56,143,314,450,514,521,467,398,324,291,294,338,408,470,487,429,295,96,123,300,391,365,39,52,133,247,248,139,58,280,453,522,472,324,119,68,199,246,217,136,51,7,28,14,34,4,1,5,14,36,1,23,35,17,31,22,15,85,178,254,294,277,189,30,156,349,499,565,536,413,222,6,680,341,431,456,437,391,325,256,172,92,6,108,208,292,354,374,368,313,221,89,78,257,430,553,605,556,404,181,209,365,582,708,731,667,551,400,251,128,26,55,139,223,319,418,508,580,608,591,508,352,149,103,350,571,684,687,566,321,8,313,583,761,809,745,1026,397,193,33,79,153,192,237,300,400,529,659,772,827,800,700,497,245,23,273,473,579,606,537,384,178,54,287,256,598,628,572,428,212,19,252,419,529,45
113,33,544,431,327,253,189,107,11,154,307,1117,525,516,431,250,40,165,296,312,202,7,250,455,580,585,485,312,102,98,259,382,454,485,481,457,400,330,253,361,91,14,39,69,75,43,12,19,16,37,123,245,368,468,505,499,467,417,371,317,249,166,26,138,326,489,606,638,587,475,315,169,69,42,79,515,218,239,194,69,114,308,473,570,576,503,369,244,143,114,146,184,188,112,69,312,554,718,731,585,324,24,214,39,272,119,58,163,148,0,220,419,505,444,253,7,193,292,270,175,60,15,20,48,13,9,29,12,9,26,26,37,10,2,60,95,84,26,80,211,324,375,327,179,50,327,559,699,678,511,234,88,377,970,628,573,431,255,73,87,215,307,361,363,309,216,81,71,221,341,402,389,285,87,170,447,676,804,786,597,294,294,458,751,913,905,757,504,203,98,342,513,581,572,500,391,266,135,0,147,303,440,542,564,468,248,73,429,724,887,852,621,243,205,621,915,1032,1390,722,397,50,249,477,600,641,633,587,513,420,289,114,101,346,570,732,792,725,518,227,110,408,612,679,590,373,217,246,535,730,789,693,459,131,201,487,23
199,7,467,509,465,378,239,23,236,486,625,351,312,57,393,558,468,177,158,341,263,14,318,456,313,29,391,599,567,338,43,220,386,456,448,369,212,7,205,209,406,343,197,52,42,80,45,21,43,139,279,395,410,261,21,336,549,592,476,275,38,182,358,477,523,452,256,19,287,444,430,277,98,7,3,555,58,39,220,388,446,355,130,147,365,474,442,313,136,22,160,279,386,445,385,186,120,416,551,454,167,134,291,67,70,74,68,76,225,249,78,177,361,350,167,71,222,249,173,61,36,100,106,38,48,46,26,49,24,26,8,2,13,5,84,37,42,122,150,92,44,200,278,207,11,273,440,379,101,259,511,508,272,503,396,504,390,128,148,338,373,272,95,95,232,296,262,145,44,260,405,389,174,182,523,665,501,52,470,824,819,575,116,642,880,751,339,169,564,703,574,256,92,348,459,424,297,111,125,370,532,508,243,178,581,762,594,123,473,888,886,442,228,795,967,708,167,1114,735,773,533,159,214,467,565,532,392,159,153,484,710,724,442,43,550,847,795,414,123,560,734,583,185,271,573,294,304,150,557,706,521,79,410,722,734,67
58,32,118,42,29,121,206,297,377,449,508,425,577,579,566,524,469,402,322,221,136,37,62,138,214,266,314,329,334,324,289,247,179,116,47,28,95,155,202,306,276,283,268,236,191,125,51,37,132,234,319,393,470,525,561,573,569,538,491,440,366,295,215,131,63,1,68,108,149,163,174,171,152,125,93,108,4,39,89,133,178,210,247,281,295,315,327,339,351,359,373,385,399,421,434,456,467,479,470,466,435,388,330,147,169,64,33,131,227,311,368,414,429,432,411,367,329,277,227,175,128,91,56,9,17,44,2,6,13,11,7,20,19,11,70,77,83,81,75,58,45,23,8,40,88,141,191,241,295,347,385,417,437,738,444,426,402,378,349,309,274,246,227,204,200,196,211,234,258,286,330,377,424,479,532,587,633,680,722,748,765,529,779,766,748,716,670,631,585,535,488,440,402,365,337,320,317,323,349,378,418,460,522,585,649,696,747,793,819,827,811,795,755,701,639,561,486,209,334,278,225,185,167,162,184,215,258,325,392,468,539,612,667,711,755,763,773,762,737,708,665,624,579,518,467,404,329,256,178,106,32,45,114,162,185,26
2,9,431,334,236,138,58,12,65,102,128,462,109,80,29,34,122,208,295,364,419,442,448,427,378,330,269,224,178,147,145,139,165,178,211,259,302,349,392,416,448,456,438,405,349,284,193,93,15,128,243,357,465,547,612,661,676,663,631,577,514,466,417,371,332,302,272,247,219,192,159,131,99,48,9,385,152,238,327,413,493,537,571,576,572,521,467,397,313,222,134,47,32,95,142,157,153,119,62,5,78,151,199,143,213,161,81,34,160,295,417,504,548,553,517,439,350,260,171,100,54,33,21,0,48,12,49,3,24,19,7,23,41,12,83,62,34,2,58,118,181,247,307,346,366,349,310,249,167,67,29,108,182,667,247,249,234,209,179,145,131,115,127,132,155,180,210,248,295,349,410,473,537,599,648,679,705,707,682,643,593,617,470,406,339,282,224,180,145,123,105,91,86,85,89,100,103,107,117,116,93,65,17,62,152,258,371,479,594,697,784,864,910,952,968,967,943,1547,850,779,707,628,567,498,453,429,420,431,476,535,601,677,746,805,854,886,885,860,819,764,698,630,542,456,358,409,139,14,121,257,387,490,573,629,642,61
235,9,620,580,527,490,494,482,448,356,192,703,275,497,640,672,558,351,91,146,311,321,192,51,333,601,774,828,734,547,308,81,110,210,244,240,233,249,300,76,467,526,537,496,361,216,79,27,39,11,126,246,334,342,244,70,142,351,494,570,562,492,415,353,323,326,333,324,263,166,37,97,191,236,223,475,106,60,66,123,231,344,443,486,459,385,253,105,12,96,113,92,79,97,159,269,401,505,527,441,269,39,154,142,243,121,37,188,234,162,1,198,343,394,317,177,3,126,186,166,108,41,7,16,36,21,9,5,2,49,64,50,33,63,4,69,117,133,101,19,114,247,360,404,356,206,19,276,497,631,652,548,351,345,135,346,473,528,513,436,319,183,16,130,273,369,408,374,273,117,68,253,418,524,558,519,384,180,90,377,624,345,878,802,603,307,27,344,599,747,793,735,621,440,252,45,146,307,434,529,571,558,472,318,106,156,428,663,801,803,650,371,0,388,716,926,975,1172,649,344,19,273,514,667,738,748,698,620,505,359,177,48,300,543,739,843,829,689,429,108,223,509,696,738,629,422,59,301,617,823,867,753,503,185,130,15
22,13,205,243,290,345,403,444,489,532,576,651,648,675,687,683,657,609,543,450,346,229,115,9,89,175,259,319,375,399,395,379,344,280,216,121,19,66,159,536,287,340,394,411,418,425,406,382,334,266,173,77,48,171,292,392,477,535,544,546,508,450,390,326,247,201,134,66,12,43,114,153,205,248,272,103,307,302,293,296,279,273,264,223,194,154,102,39,13,82,147,216,277,348,416,480,534,569,594,587,549,477,377,193,108,43,179,298,378,420,424,384,310,221,128,36,35,82,103,89,55,7,46,25,21,15,18,20,10,21,34,17,37,27,0,29,59,94,129,160,206,257,298,344,391,417,435,448,437,413,381,340,299,120,197,161,132,110,102,103,107,120,132,137,139,140,140,124,117,103,76,57,27,12,61,126,196,279,366,442,508,95,619,648,672,667,662,638,613,571,531,486,432,387,344,305,257,215,197,176,174,172,190,215,257,310,370,434,498,573,642,705,752,782,800,804,792,1483,738,699,662,632,616,603,604,612,610,621,644,643,661,675,675,678,683,679,678,663,632,612,605,589,585,583,577,50,572,551,531,483,424,355,287,235,186,5
2,120,167,160,179,236,303,387,469,548,618,328,729,739,705,633,522,386,215,48,105,238,314,348,335,267,183,83,25,126,202,263,290,296,260,213,136,35,70,668,281,362,425,461,465,439,407,357,302,252,216,187,187,203,231,264,303,334,367,380,384,369,345,313,276,235,188,139,91,50,2,53,104,161,222,87,342,386,418,438,436,427,386,352,303,258,217,189,170,162,178,214,257,320,387,462,524,559,565,528,444,326,183,335,87,172,202,170,83,49,174,305,389,427,406,342,249,143,55,9,33,28,0,29,31,41,17,24,56,44,2,9,37,30,70,84,104,126,150,169,182,176,154,104,31,68,181,301,421,523,594,636,650,808,586,527,466,409,358,315,282,255,215,192,150,105,55,1,71,131,198,274,346,426,498,562,615,650,654,636,594,564,449,353,248,148,49,46,146,210,280,330,366,382,382,378,371,371,379,403,448,505,563,621,662,683,684,653,597,506,391,255,97,46,196,348,473,1270,655,707,724,729,714,691,657,631,621,618,639,686,747,811,875,918,942,932,892,827,742,628,514,387,249,109,42,379,359,502,631,735,783,779,728,647,532,23
211,40,649,608,567,546,519,519,525,528,552,963,608,616,627,602,549,461,350,198,41,135,300,446,573,678,742,790,817,807,792,751,712,658,596,524,435,349,248,560,56,5,71,120,169,194,216,230,233,250,256,294,304,343,354,397,415,424,430,424,410,384,350,293,250,195,142,100,61,33,9,19,45,79,134,267,265,343,423,488,539,572,589,580,551,514,451,396,312,244,160,98,25,31,70,72,53,2,56,134,214,267,303,140,231,135,11,126,268,368,447,473,448,383,284,170,72,18,77,100,104,71,41,5,22,16,15,1,10,0,38,23,14,7,97,96,80,66,46,13,34,101,182,276,377,475,572,646,696,718,702,669,607,452,459,389,321,264,218,190,170,143,119,98,63,25,27,84,146,203,260,319,381,439,501,568,620,680,730,756,782,514,769,743,705,654,602,561,515,478,432,405,381,355,334,320,302,292,276,263,233,192,139,68,16,116,222,336,458,568,678,766,840,890,924,937,930,1539,887,862,822,784,751,728,700,694,699,716,739,750,781,796,797,772,734,677,615,526,439,331,228,120,7,110,226,135,473,579,686,779,844,888,897,893,857,87
107,113,573,562,581,600,632,676,715,762,801,1293,834,835,822,783,727,664,568,450,333,201,66,63,185,280,360,423,451,456,436,379,305,206,113,2,102,212,317,734,485,549,587,608,619,597,559,497,419,314,213,88,26,132,236,319,392,454,507,547,570,587,591,590,577,557,531,489,451,388,338,259,174,75,23,567,233,330,414,485,536,561,570,560,541,496,440,379,302,212,115,18,72,152,214,250,262,246,205,149,86,8,55,100,114,105,65,9,87,184,278,364,422,448,451,411,355,273,184,101,23,39,84,2,41,33,8,40,22,23,43,1,0,7,140,155,172,185,203,222,238,246,246,234,215,179,123,59,18,100,185,256,320,873,409,426,426,426,410,382,372,362,352,344,355,364,374,387,408,429,456,483,511,545,582,619,653,683,714,716,720,631,688,657,628,583,542,502,461,435,409,391,382,377,397,410,436,471,501,533,549,559,549,527,487,431,361,283,188,92,10,121,215,314,398,477,535,1456,608,631,641,627,611,585,549,509,460,413,372,327,310,298,305,324,352,379,402,425,437,450,454,473,485,504,544,227,625,671,704,727,747,742,735,710,675,42
38,106,469,358,266,164,75,2,67,119,164,464,190,162,131,79,19,46,100,155,191,214,227,211,186,158,136,105,80,80,83,95,128,166,212,265,319,376,426,417,491,509,529,521,508,494,461,417,361,297,224,128,30,62,154,239,323,377,400,409,407,383,343,288,242,202,162,112,71,42,12,52,103,147,198,132,326,370,405,437,458,456,436,413,384,325,254,179,104,24,65,154,233,302,364,411,426,420,394,350,275,189,111,165,17,53,54,21,38,107,196,281,349,392,396,379,333,256,172,91,15,43,84,15,1,9,11,9,23,6,41,11,4,4,98,90,77,56,37,13,27,74,130,194,273,351,425,491,543,588,615,615,600,680,548,509,467,440,415,394,371,362,358,342,333,321,299,288,261,240,218,195,159,116,64,0,79,164,247,340,431,62,578,634,678,699,707,700,680,657,618,573,537,504,466,433,413,408,412,419,443,485,530,560,613,669,708,748,765,784,781,763,726,680,626,551,482,830,371,324,279,266,284,304,331,392,465,553,628,715,792,868,913,933,940,932,896,835,773,697,617,521,422,320,205,659,57,191,326,466,581,667,723,743,740,11
9,0,95,130,110,117,189,347,530,665,656,146,123,303,644,798,713,440,96,155,222,90,161,368,432,297,12,342,614,737,662,450,177,57,190,198,126,48,14,146,226,406,519,518,390,163,84,273,360,351,278,213,187,223,288,331,304,190,4,199,388,502,529,468,354,206,61,66,147,195,197,179,156,163,214,144,346,345,244,49,182,375,476,459,360,225,117,53,35,16,19,98,206,328,428,447,353,151,107,338,438,367,176,235,136,80,90,258,287,142,128,384,491,397,153,119,280,287,165,16,81,83,13,0,47,15,40,27,23,17,22,15,25,19,72,32,44,133,191,170,56,114,277,363,303,114,152,404,549,522,326,23,275,800,555,470,287,65,115,253,325,331,278,177,20,132,257,308,275,154,7,184,338,408,361,174,109,422,649,699,543,327,194,546,753,775,620,346,27,277,485,579,548,418,242,46,134,293,411,471,440,305,64,206,438,546,487,239,105,438,640,632,401,9,419,743,856,1250,401,11,367,597,662,589,456,306,180,58,86,271,503,688,752,655,372,6,387,643,702,559,277,56,318,422,336,10,253,549,664,551,231,181,542,740,719,27
81,56,101,101,119,172,234,312,394,478,555,327,642,630,597,520,406,257,98,73,249,413,554,663,740,789,798,783,736,668,600,515,441,368,307,256,222,195,190,133,209,229,254,274,284,288,276,237,193,113,18,92,209,330,456,561,652,729,784,813,821,807,781,735,689,620,552,482,404,328,249,173,99,16,55,334,175,213,245,270,275,288,291,286,298,304,318,347,373,406,441,481,529,565,600,627,630,632,599,548,476,377,272,105,63,26,86,110,102,72,11,56,120,182,230,247,251,232,207,164,125,88,50,32,6,36,16,14,17,14,37,17,4,21,70,73,64,44,13,30,98,172,260,343,420,488,530,550,546,517,479,420,360,60,243,202,157,121,98,71,55,42,20,4,15,28,52,75,104,147,195,247,308,375,440,501,564,604,636,631,624,554,527,471,394,315,244,178,119,77,42,24,17,5,5,2,3,10,38,65,113,169,241,324,414,515,614,716,808,882,944,973,974,953,909,834,746,624,534,437,350,279,227,200,186,203,232,267,312,334,358,347,342,282,212,126,15,106,225,352,471,581,679,768,847,283,926,938,915,871,802,716,606,495,376,62
252,15,590,489,305,154,59,38,207,425,594,41,283,192,627,780,539,24,480,666,433,80,559,707,426,136,669,885,686,183,373,710,725,467,121,154,264,241,177,256,188,216,182,50,143,305,333,222,30,98,82,72,228,243,22,325,630,681,440,12,466,740,741,492,126,228,448,483,358,163,9,49,17,26,4,85,256,335,297,142,53,200,272,270,223,180,133,68,49,209,382,472,415,182,155,467,618,512,199,171,405,403,217,105,100,29,94,129,2,221,366,318,83,197,354,313,141,41,142,137,86,50,33,28,7,30,31,21,4,12,33,33,7,7,16,25,5,41,107,127,62,95,264,333,212,80,404,561,436,68,363,621,589,17,101,409,520,424,206,36,249,351,338,208,13,175,282,273,149,50,234,321,259,46,246,486,529,313,105,546,796,549,317,243,709,896,721,276,236,619,730,572,247,98,361,489,475,334,93,207,478,582,444,75,394,727,735,359,237,790,977,699,54,659,1083,1011,500,865,789,999,806,352,153,504,652,609,457,220,82,412,671,740,521,47,502,872,872,478,137,697,934,739,204,429,867,539,466,204,789,990,702,69,578,937,848,35
6,86,473,490,421,328,243,118,84,372,645,673,609,161,386,811,909,602,50,487,749,589,142,365,652,594,216,281,649,732,507,115,251,463,476,365,223,126,76,585,104,278,430,457,316,35,254,409,368,150,118,276,237,20,259,450,440,213,141,469,644,603,364,29,281,476,519,421,249,60,89,174,194,188,161,79,165,152,89,3,112,196,220,184,127,84,69,75,49,55,226,405,482,378,84,292,584,655,445,65,285,445,357,243,65,101,6,145,173,30,178,333,308,133,88,218,210,103,3,44,24,12,14,21,28,4,38,5,26,12,10,42,19,9,62,33,34,94,82,15,165,290,290,136,144,426,566,471,155,247,572,665,500,260,199,466,535,424,183,72,260,330,280,151,6,124,177,161,91,23,148,245,252,137,115,415,609,560,232,273,750,634,794,317,281,750,937,805,426,34,408,619,634,481,229,56,299,468,485,363,102,231,503,607,436,47,429,782,825,491,97,702,1051,985,499,185,789,1718,942,489,79,551,776,737,515,223,75,339,542,662,603,346,70,525,831,842,515,28,580,902,877,477,128,676,945,542,314,324,828,963,686,124,465,822,826,7
28,9,401,348,315,293,296,305,335,375,419,944,534,591,645,697,735,758,767,752,727,674,603,516,426,323,227,138,67,6,28,39,26,8,64,129,190,259,328,249,444,486,520,539,529,524,492,441,388,316,235,140,52,48,135,219,280,318,342,344,327,290,236,185,128,71,26,19,44,75,91,113,132,143,166,17,190,200,203,201,196,188,173,148,123,95,59,20,31,91,148,217,299,376,448,512,561,589,593,566,511,431,331,119,107,1,87,149,184,188,165,120,58,10,75,125,155,164,153,126,81,34,11,0,5,0,35,26,27,1,13,13,11,9,10,3,5,11,19,21,21,4,8,44,82,134,193,252,313,363,405,437,445,793,435,413,376,347,314,275,242,222,190,171,152,136,128,130,134,158,181,224,272,323,378,434,483,522,553,562,566,607,537,511,479,449,422,395,370,355,341,325,328,323,325,323,323,322,326,329,332,335,331,325,307,281,242,197,128,52,38,132,226,320,406,488,552,1421,618,610,597,558,506,441,369,295,230,160,92,48,7,18,14,4,21,65,116,184,247,320,408,478,559,627,690,20,790,825,854,858,851,829,785,726,667,92
156,21,406,238,97,31,39,194,404,587,576,395,296,818,990,660,17,648,859,547,41,500,535,163,340,638,522,55,468,725,601,215,178,369,327,204,122,159,215,688,21,303,528,547,324,45,371,495,366,105,93,106,42,184,154,75,376,539,464,184,170,415,504,442,285,76,125,283,356,329,221,89,9,55,81,127,248,325,314,162,75,297,420,405,271,72,131,265,301,260,179,102,48,40,174,336,392,272,6,287,400,269,21,15,116,46,150,47,213,392,307,39,409,517,289,107,380,367,125,117,194,88,49,23,9,28,21,22,1,8,20,31,15,6,0,10,3,2,43,107,119,32,162,352,370,149,242,568,599,287,189,565,627,197,3,309,427,373,218,31,133,251,289,226,83,92,239,265,156,56,265,339,204,118,447,579,382,85,587,837,671,380,473,866,857,455,108,564,743,607,276,95,367,486,445,286,51,208,416,480,342,10,395,657,579,153,429,859,866,396,337,946,1115,723,23,753,1102,1131,306,364,779,797,490,71,273,483,558,498,300,39,447,759,799,480,113,718,1038,882,305,426,963,1024,575,146,770,358,629,36,657,879,579,35,589,770,513,103
136,28,359,351,331,350,388,431,417,298,41,786,620,799,782,534,156,221,459,465,260,49,320,429,320,47,294,589,724,641,394,83,191,375,440,400,295,202,159,357,196,217,172,69,90,230,322,324,270,193,138,136,187,264,298,231,41,213,454,614,651,587,425,200,37,241,375,432,399,295,167,66,23,68,151,316,250,190,34,176,394,546,596,530,370,172,29,187,291,340,358,373,381,368,301,143,74,308,471,491,350,109,105,44,136,59,253,323,189,111,433,613,552,270,90,380,484,398,191,21,145,160,87,5,10,49,0,1,19,2,7,6,37,56,14,19,28,16,6,38,122,225,275,200,24,323,572,648,487,134,288,619,735,663,367,46,211,377,422,363,262,134,42,35,102,146,177,180,136,43,99,235,298,226,6,313,614,765,667,315,185,449,1011,1049,807,377,110,522,763,790,637,391,139,70,216,317,374,397,388,323,165,88,371,567,573,378,14,415,754,885,704,255,319,817,1029,962,637,83,253,601,752,734,581,357,137,63,242,393,516,606,640,555,322,51,463,786,906,774,447,7,413,705,776,608,238,235,586,747,628,292,152,521,736,718,502,89
91,25,195,148,96,49,22,15,42,105,195,839,405,499,586,647,658,628,541,405,230,23,181,375,528,620,648,602,523,402,283,179,106,63,47,51,73,96,124,633,189,218,241,263,258,240,211,171,143,139,154,192,267,346,437,527,589,634,655,657,641,622,585,554,522,475,436,386,330,268,193,140,87,50,39,157,103,168,253,334,408,472,512,537,540,533,514,487,455,426,406,392,392,404,429,464,494,512,496,437,343,216,75,62,140,174,136,36,120,285,446,565,622,612,539,421,283,139,28,52,94,94,68,12,31,49,39,14,2,8,41,2,20,9,76,71,56,47,32,27,49,95,171,275,401,507,587,608,568,475,320,137,40,579,322,396,415,397,363,319,274,247,223,213,204,202,198,184,160,122,64,17,121,246,381,510,619,685,711,673,584,362,275,79,113,299,453,576,654,679,669,621,549,477,409,368,347,363,382,415,432,426,382,286,146,39,243,454,649,811,928,979,953,877,750,569,383,66,15,131,241,310,352,355,348,336,341,364,400,449,532,612,696,762,808,816,797,725,622,482,323,140,51,231,404,214,661,725,748,712,621,496,331,169,15,4
64,57,531,483,375,263,214,240,314,374,352,457,49,374,644,783,708,446,68,310,550,576,393,58,334,647,796,732,487,132,235,506,616,586,443,270,129,71,102,485,268,289,211,40,152,309,346,265,76,150,335,384,264,6,322,624,807,811,647,369,63,205,377,446,427,385,332,287,247,212,155,83,9,40,48,282,33,99,133,118,69,23,147,282,401,485,522,488,396,259,102,59,208,323,401,425,409,341,241,122,9,71,98,311,9,57,89,61,33,169,302,374,366,264,101,86,231,315,315,245,143,48,18,28,22,14,24,21,6,0,41,22,13,42,2,17,20,29,47,73,110,136,113,30,106,280,421,486,425,244,12,288,491,868,544,391,187,3,147,244,261,237,213,174,142,101,44,24,90,171,212,182,91,65,265,456,547,508,321,1,365,238,878,906,748,471,132,199,448,586,626,582,478,353,231,104,22,147,282,396,456,440,330,121,148,398,577,627,497,210,161,548,840,952,884,631,248,564,483,711,784,724,584,405,223,58,76,215,356,491,609,661,626,478,232,68,354,569,652,623,463,225,46,310,513,231,546,356,59,286,600,780,796,641,355,62
85,141,172,58,180,210,218,285,382,427,305,747,411,727,779,474,50,547,772,608,148,350,614,492,59,436,745,686,300,241,651,777,593,238,95,250,211,102,52,179,285,387,329,81,235,464,443,202,127,348,305,25,329,527,438,83,366,677,702,455,53,322,518,511,360,159,14,67,105,121,139,171,183,164,112,346,23,72,97,101,101,128,162,198,178,84,80,264,409,448,348,147,101,322,442,434,298,104,104,237,263,187,61,264,15,32,92,89,1,131,227,233,135,22,166,224,199,108,1,78,113,112,88,1,17,9,23,22,8,15,11,23,42,50,14,8,0,28,69,99,71,33,192,311,282,75,240,504,546,324,85,468,640,485,190,173,415,465,347,149,31,150,215,238,226,157,45,111,256,312,233,10,259,447,422,155,260,625,742,514,28,33,877,888,557,28,461,740,742,516,196,112,320,430,448,383,247,42,218,449,550,447,128,283,609,679,425,53,545,804,691,248,333,765,888,648,161,1052,730,827,661,331,37,345,536,614,582,428,167,178,530,752,756,476,0,492,807,811,520,43,419,706,683,401,40,157,661,563,202,287,672,778,552,105,359,1
207,114,198,131,292,308,321,298,166,166,536,426,442,157,733,829,391,311,728,596,13,500,554,106,445,638,298,320,734,620,103,431,657,440,74,211,230,158,116,285,250,132,204,512,556,221,257,545,437,46,271,253,25,259,204,135,482,510,173,345,657,594,190,249,508,456,237,37,187,216,164,134,98,77,11,97,263,266,119,91,245,258,140,15,61,77,89,118,163,147,24,157,327,344,173,119,371,422,216,83,301,272,105,49,68,3,25,78,187,177,24,244,304,113,139,254,151,19,103,38,40,23,76,30,13,4,35,36,4,16,25,3,14,0,59,49,11,63,99,87,27,109,235,246,51,259,482,376,41,488,617,302,230,984,514,109,306,472,306,24,205,259,204,99,13,123,215,212,65,171,318,235,88,421,470,94,451,767,524,151,810,506,445,356,909,891,336,351,748,702,320,140,442,531,403,163,155,416,520,360,33,448,609,358,188,640,653,114,569,897,547,244,933,971,353,516,1024,1277,195,514,858,699,234,275,557,609,423,128,275,591,717,462,96,677,893,590,101,734,897,481,226,749,757,238,415,231,537,65,645,752,341,329,755,688,194,116
135,57,264,420,413,310,211,181,258,389,532,67,395,74,325,665,800,693,380,18,350,502,406,87,288,591,703,572,283,94,434,647,679,556,341,125,8,25,25,847,158,136,18,201,394,531,552,459,304,125,2,45,20,35,74,34,72,224,385,508,553,522,399,233,20,168,323,396,377,307,207,107,70,89,166,277,317,286,139,92,343,545,627,574,407,177,16,101,101,42,17,12,60,200,367,471,468,344,121,105,262,302,212,104,46,51,70,251,388,383,210,90,389,562,523,311,32,203,297,245,86,92,197,33,45,15,5,0,16,21,7,5,15,74,150,107,44,6,50,87,123,150,116,19,120,283,418,443,336,86,230,495,632,601,422,147,146,376,472,444,333,199,69,19,83,119,143,153,163,132,57,66,204,303,307,184,45,347,614,737,654,238,13,440,775,936,883,658,310,41,331,536,611,575,472,337,203,74,59,199,312,394,411,342,151,125,406,599,605,402,31,406,785,957,873,535,49,829,822,1011,950,681,328,13,273,426,509,539,551,542,493,373,170,119,424,670,765,703,492,160,203,494,647,608,383,306,329,636,741,632,302,145,557,848,905,63
87,125,76,90,62,31,29,104,189,258,337,186,432,447,410,338,220,96,41,156,238,275,282,223,149,53,58,175,267,357,416,445,463,445,384,318,219,111,0,800,165,210,246,257,263,261,254,247,245,253,268,280,302,326,348,382,431,460,481,488,472,452,443,442,429,428,432,425,410,374,320,253,177,87,1,213,152,196,216,203,171,109,31,54,118,169,195,191,162,100,23,77,172,258,333,385,398,380,326,246,144,52,25,79,79,40,45,174,319,463,560,615,584,487,338,153,13,148,223,243,209,131,43,32,45,17,27,10,21,7,36,26,32,9,17,5,39,59,93,141,194,254,297,305,287,239,169,68,39,161,281,386,477,960,578,597,577,549,519,452,408,358,298,247,185,143,109,71,22,2,35,68,125,189,289,387,518,618,697,741,752,500,656,545,429,298,170,56,40,124,185,227,263,278,289,270,254,233,212,216,242,278,323,395,446,513,548,565,520,442,306,139,58,261,446,620,755,1427,887,900,875,845,807,760,715,668,620,578,551,539,536,559,581,603,621,611,575,507,415,304,189,56,65,198,329,61,562,664,739,791,787,742,631,490,336,31
148,30,344,285,209,121,27,87,200,306,405,163,568,605,622,602,558,468,347,222,74,68,224,367,491,606,709,778,825,853,842,799,732,644,540,411,287,144,13,769,189,269,319,338,327,289,229,140,38,88,210,339,472,594,689,778,831,874,880,869,838,790,724,650,572,491,419,344,271,205,148,93,50,6,38,343,111,151,166,186,185,185,164,133,83,31,32,97,165,237,306,370,433,491,538,564,584,583,552,513,443,352,249,143,8,106,208,299,356,392,412,401,372,329,272,225,181,141,117,100,93,91,87,71,10,11,12,9,4,21,28,2,12,63,2,5,27,48,76,111,145,173,190,194,186,164,117,61,3,76,140,206,255,729,320,322,323,301,281,256,226,196,169,136,122,109,97,98,105,118,148,193,241,305,379,465,542,616,678,733,769,402,793,791,771,739,697,660,626,579,534,494,459,429,397,378,366,369,381,398,435,466,505,540,585,611,644,659,676,677,673,654,632,603,572,521,478,397,402,360,330,309,291,288,289,300,316,357,393,438,488,533,585,626,670,690,704,716,699,687,652,627,569,519,454,368,294,198,100,10,93,185,265,332,364,74
51,67,182,386,447,391,293,230,226,300,403,238,410,222,48,331,510,517,328,15,320,555,580,380,8,415,770,954,916,651,277,100,389,530,518,394,238,121,68,153,136,188,215,188,117,41,16,34,1,70,134,143,76,95,327,558,727,758,647,434,169,79,285,415,486,507,483,426,334,211,87,16,57,38,24,406,153,129,61,57,204,333,416,448,426,365,283,188,93,8,69,161,265,380,471,521,473,335,129,93,265,304,236,250,87,170,121,17,220,379,437,348,150,81,263,349,323,233,120,21,30,57,69,37,21,22,8,3,11,20,16,30,5,5,0,20,43,54,28,40,128,205,230,161,0,210,401,496,442,249,34,316,500,716,446,247,25,155,266,305,286,240,174,114,45,30,112,175,221,220,171,63,74,241,375,445,396,223,51,365,616,381,683,454,122,227,502,647,643,523,343,147,30,164,258,324,364,386,357,307,199,48,139,346,506,573,496,269,70,436,697,779,648,318,95,468,721,1506,705,495,222,47,287,447,552,576,532,441,337,196,41,140,334,522,661,711,630,406,113,211,478,634,632,484,203,278,440,660,693,537,197,231,627,903,971,29
154,64,269,217,175,133,104,97,91,100,131,558,211,271,324,383,440,478,503,511,490,445,392,326,243,163,76,10,94,166,221,255,272,263,248,209,160,100,37,110,92,148,180,197,188,175,142,103,52,22,98,191,279,368,450,512,562,598,614,603,564,510,426,333,238,148,62,1,58,94,117,125,124,94,76,19,12,9,30,56,78,102,136,161,188,224,261,300,331,362,387,407,416,421,421,416,408,403,384,364,336,295,241,330,95,4,85,179,258,323,373,391,391,370,335,287,235,181,132,98,78,71,68,35,5,45,9,2,15,3,19,37,35,2,24,16,6,3,2,9,34,77,136,196,271,345,409,466,504,522,516,487,454,392,352,300,254,219,185,162,143,132,137,138,155,164,172,186,199,205,215,210,204,185,155,109,61,2,68,134,208,78,330,381,412,440,448,436,415,382,331,284,230,177,123,73,25,11,45,57,67,55,32,0,47,107,186,271,361,457,543,626,707,754,805,832,846,1258,817,776,736,678,635,592,549,512,481,447,424,400,387,375,367,370,365,360,365,359,368,363,364,377,391,409,437,101,497,533,559,580,595,577,562,523,481,2
131,120,262,226,174,95,7,86,191,276,355,67,456,471,465,419,354,253,132,3,157,325,493,642,783,912,1000,1062,1087,1072,1011,920,797,656,508,341,188,49,67,1041,221,257,264,246,196,135,50,38,142,244,352,437,515,594,648,681,696,699,674,638,602,551,497,456,416,372,338,313,279,244,211,160,97,32,41,260,183,257,317,366,398,428,442,441,437,421,397,365,339,300,255,216,179,142,109,82,64,44,41,43,51,53,51,229,26,1,39,85,136,192,233,269,287,296,292,272,249,214,182,154,127,107,92,21,63,4,18,20,8,27,16,24,20,23,44,32,18,11,1,4,3,20,56,106,163,238,320,404,485,549,602,630,640,832,593,537,477,413,347,280,241,208,190,178,179,195,214,233,249,258,270,265,256,238,210,172,128,69,8,61,128,43,269,319,368,401,419,416,402,370,330,277,217,165,107,66,25,1,7,7,11,54,102,167,248,344,446,549,655,758,849,925,985,1016,1031,1034,1008,1453,927,869,802,756,704,656,622,597,574,562,559,562,573,583,598,610,615,627,627,628,618,601,582,560,528,498,458,458,360,305,244,174,99,23,52,126,183,17
145,83,80,21,9,39,107,202,299,381,436,402,414,326,200,27,161,347,525,680,776,821,799,710,578,381,167,57,276,458,588,663,662,604,499,362,209,64,51,1120,170,179,134,83,12,50,108,144,152,137,83,9,94,208,333,452,569,658,723,752,757,721,670,599,524,452,407,366,333,317,289,257,220,172,102,420,36,96,145,182,198,203,202,200,201,203,213,242,267,305,338,376,408,430,435,425,395,344,279,202,120,47,12,67,63,44,6,53,108,164,206,226,220,192,152,105,72,42,28,27,41,67,87,7,23,33,45,14,24,10,5,30,37,13,53,47,46,50,62,90,125,176,219,253,272,267,224,150,44,80,215,341,449,806,572,580,554,508,441,373,313,269,238,219,218,219,220,218,204,167,103,19,87,218,356,507,645,765,855,910,919,615,803,689,549,398,254,108,3,91,152,183,189,185,177,169,171,190,214,258,318,387,463,562,622,681,709,702,643,532,373,176,57,289,516,721,888,1916,1084,1093,1087,1040,970,884,797,725,662,618,591,589,608,649,682,695,698,664,590,475,313,139,61,257,456,644,807,395,1057,1130,1175,1174,1139,1063,950,803,647,38
10,28,104,348,429,386,304,261,298,445,615,81,674,441,64,370,697,842,737,422,7,394,625,611,369,16,440,743,859,763,490,150,160,358,407,345,235,144,127,192,319,434,465,397,217,27,256,421,458,366,177,29,191,243,175,12,206,400,527,554,478,322,131,78,261,391,459,463,406,304,181,82,35,40,81,416,149,108,7,153,287,374,373,299,181,54,5,0,65,157,226,222,119,70,294,490,569,516,335,75,162,286,279,269,38,166,161,29,189,367,431,348,141,102,278,328,248,117,9,73,61,9,29,16,29,20,13,9,11,27,9,23,9,1,30,42,119,177,197,177,102,18,170,322,426,451,371,190,60,316,522,627,607,211,234,16,240,391,471,461,387,269,130,12,128,217,258,236,172,68,53,168,260,298,268,162,21,260,490,671,729,443,427,106,255,577,799,883,818,630,378,90,168,373,504,562,550,483,373,212,25,181,383,527,563,474,235,101,467,763,895,809,499,50,434,846,1088,1585,941,616,224,173,510,746,861,871,782,621,419,190,39,290,512,689,797,789,648,377,27,333,610,747,695,466,109,216,640,843,835,614,214,266,719,1024,1119,46
280,63,524,64,242,310,243,226,325,450,421,770,377,798,873,497,144,672,774,418,160,556,510,54,502,770,560,24,638,916,731,228,287,562,510,274,44,8,70,837,77,149,428,551,429,80,296,505,445,166,117,232,121,100,260,214,18,314,499,463,232,94,375,504,457,275,27,181,288,284,198,107,65,69,63,258,168,310,352,250,38,194,321,297,165,18,48,20,42,59,60,253,392,348,87,269,514,496,214,137,351,300,79,321,120,47,223,221,3,283,408,273,37,299,353,187,29,154,129,38,16,5,56,5,1,11,2,13,16,9,11,1,22,30,84,183,179,70,93,230,270,181,26,271,426,390,134,241,554,612,369,70,481,705,525,183,195,434,470,334,113,107,251,300,242,94,83,208,220,104,73,229,251,133,95,334,461,396,110,293,639,476,530,54,474,808,801,477,0,429,642,612,399,96,188,386,455,398,212,53,314,460,400,130,257,547,564,238,283,738,843,487,170,796,1061,840,232,1097,943,1006,680,120,408,737,773,583,260,97,395,608,660,520,183,258,629,748,545,99,377,656,604,252,246,630,673,278,245,775,940,605,93,803,1148,937,282,19
84,45,121,265,306,273,180,95,61,101,200,629,465,541,521,405,212,18,227,368,402,288,72,203,493,715,832,817,667,429,147,100,283,371,384,333,253,182,139,392,165,218,279,321,346,335,283,204,116,44,1,15,85,187,304,404,460,454,395,275,131,22,179,309,417,481,511,484,410,294,163,42,17,18,54,268,305,407,451,422,332,194,55,62,134,160,125,66,9,19,1,84,207,363,488,552,524,401,203,14,191,276,248,306,78,252,337,317,183,21,221,359,394,326,190,35,75,115,88,12,57,88,70,31,20,33,24,15,20,33,2,21,8,32,98,51,13,94,171,239,282,291,244,147,2,182,363,523,622,635,553,388,176,383,256,407,496,508,466,388,295,194,93,7,63,129,172,187,170,132,64,34,153,273,382,459,485,431,313,104,147,226,669,849,934,906,784,578,338,111,87,233,321,376,404,415,421,439,417,372,275,129,68,272,457,574,594,496,280,20,363,686,935,1062,1046,908,663,64,52,228,452,613,701,729,719,672,616,542,456,345,211,30,170,369,540,650,665,575,392,146,106,338,521,622,648,310,450,249,9,292,575,819,971,992,903,45
46,39,22,66,62,24,24,67,91,77,26,721,161,282,389,468,503,473,387,252,70,116,303,459,568,612,579,495,372,223,77,49,138,196,226,219,200,167,132,479,71,66,70,78,86,107,123,125,123,95,49,16,87,156,222,266,289,285,271,229,184,132,81,15,55,129,202,278,325,344,330,261,165,42,74,302,246,253,220,130,16,112,215,285,305,263,187,84,15,94,127,109,36,78,216,342,450,507,499,423,297,138,17,500,195,173,72,81,250,399,484,493,424,293,141,6,80,107,76,3,79,149,187,19,41,4,13,8,28,23,4,11,12,3,14,52,96,137,171,186,195,184,163,112,41,54,167,295,420,527,590,609,585,289,414,311,218,126,56,1,47,102,152,205,249,280,288,272,236,187,129,47,32,131,234,327,437,515,553,544,504,346,281,132,22,176,306,418,504,577,624,648,660,656,632,596,549,496,433,365,293,197,86,52,211,368,513,622,670,645,554,398,192,25,247,445,602,1450,807,848,858,831,792,715,633,547,467,405,354,313,266,197,100,24,171,325,461,567,637,636,606,512,389,238,68,205,315,493,653,779,854,864,809,702,546,57
6,13,493,361,230,134,65,8,122,302,510,636,709,535,165,274,652,812,687,336,105,442,570,404,60,345,631,677,487,122,217,459,492,393,227,113,124,176,257,749,98,114,327,461,463,321,132,51,160,157,67,86,189,230,157,4,166,326,380,373,285,176,63,28,101,179,225,285,299,283,204,86,35,138,169,548,94,46,49,82,149,159,141,63,17,73,82,56,29,30,81,167,238,257,187,43,132,275,324,255,105,51,149,68,34,83,149,109,8,145,224,202,115,20,113,139,105,50,15,0,10,10,0,3,15,25,11,27,28,10,4,1,43,2,101,122,70,34,168,276,294,204,10,267,482,576,489,234,122,451,659,654,464,309,170,394,485,439,320,158,9,113,221,284,296,239,113,50,212,318,329,237,27,234,467,589,528,292,79,456,730,467,659,351,47,409,632,704,607,420,187,19,211,358,466,542,509,392,132,181,498,700,720,534,139,314,739,950,883,525,11,530,919,1017,844,439,20,1441,715,792,713,496,218,75,321,519,630,666,615,458,166,217,615,903,984,808,406,97,566,857,904,691,318,127,512,53,707,467,96,303,601,717,631,363,32,30
197,169,434,428,395,333,295,282,343,437,567,578,770,766,677,470,218,78,341,536,601,535,351,100,188,428,597,641,587,427,233,26,119,213,211,170,84,2,63,633,43,54,172,297,389,436,415,337,211,71,60,140,164,128,35,80,208,311,387,402,392,330,277,221,197,184,200,200,196,154,105,29,32,71,75,347,16,17,57,61,42,2,47,94,123,134,115,93,62,49,46,68,116,172,220,261,274,245,194,134,62,1,35,14,38,2,36,71,86,62,24,29,83,121,136,118,92,59,32,22,14,16,11,7,11,5,23,1,29,29,25,8,20,52,81,116,136,143,100,29,93,223,362,443,484,437,328,159,38,237,397,511,552,543,467,363,242,136,31,43,116,162,206,236,257,264,249,194,136,34,75,213,325,426,476,473,399,265,57,166,387,159,720,769,756,658,514,344,176,25,94,177,243,303,361,430,494,552,572,546,466,323,125,97,341,551,719,798,796,678,475,198,96,378,601,748,816,1438,699,573,425,274,138,18,86,194,305,423,535,659,755,825,831,768,622,412,142,134,403,615,757,809,781,665,495,659,28,232,456,631,718,705,608,428,198,105
171,156,334,343,276,185,126,131,228,392,571,291,712,568,279,98,455,709,784,669,387,45,278,487,511,353,75,232,492,625,606,453,232,14,133,170,102,42,189,632,305,199,17,210,404,524,528,419,231,9,181,277,270,151,22,213,359,417,399,305,163,29,69,123,143,137,132,145,173,207,225,237,213,158,103,197,13,14,12,34,54,53,46,28,2,26,42,53,72,95,121,162,197,213,199,153,76,20,103,158,163,115,37,285,91,98,53,18,94,145,150,116,55,13,61,82,65,49,24,1,5,8,6,47,33,6,0,21,21,62,14,10,15,46,12,26,58,66,37,36,139,252,341,364,296,135,96,342,543,648,620,469,222,343,281,425,472,425,340,250,165,128,111,98,53,16,107,193,238,234,160,40,108,251,342,365,293,141,78,313,522,292,703,621,446,212,42,259,414,492,491,454,410,357,330,309,262,186,53,118,320,503,637,660,564,356,73,241,500,666,672,537,274,53,373,614,742,1265,605,394,170,33,175,255,295,316,357,409,488,549,579,519,371,127,157,443,672,798,794,678,453,182,107,343,495,49,459,275,23,252,493,655,700,622,446,49
95,83,528,413,153,10,126,315,504,405,140,596,852,215,685,1028,464,474,868,366,398,575,64,503,465,196,727,530,217,760,585,51,518,461,65,174,81,37,64,717,332,18,485,595,163,419,598,247,239,385,119,203,163,160,340,109,323,514,245,234,514,402,20,275,347,245,69,101,239,262,164,24,203,268,173,304,119,213,222,98,96,219,209,83,62,140,130,91,67,3,150,230,169,26,252,315,108,198,306,121,111,168,30,224,27,124,121,85,234,118,120,218,95,90,140,38,44,34,5,11,30,0,47,38,18,4,15,41,32,3,22,24,17,2,71,19,66,124,88,54,220,222,16,335,438,105,431,666,285,426,801,473,282,848,551,81,528,467,115,181,273,205,92,36,177,238,118,108,218,117,79,163,31,204,233,56,425,463,27,558,781,192,473,954,684,122,821,877,302,420,740,536,64,327,469,367,128,160,410,454,149,309,561,316,235,549,288,311,596,200,506,765,226,634,968,427,497,1788,704,106,762,792,328,256,584,547,278,83,427,602,463,56,646,803,326,466,858,499,247,707,495,147,594,417,182,165,434,191,718,608,90,775,807,143,599,15
259,108,228,76,223,211,195,250,377,457,329,616,522,853,782,311,322,765,745,285,299,638,514,16,524,770,557,16,537,805,678,252,189,449,421,223,30,21,59,779,157,14,260,434,404,162,144,348,321,101,151,252,124,168,415,430,186,210,530,608,426,95,214,383,396,312,194,75,49,150,209,201,138,81,63,275,75,1,144,271,321,238,58,120,210,205,147,98,90,97,73,38,202,330,336,172,93,312,352,197,51,203,173,326,170,175,5,204,285,166,70,240,246,100,73,147,100,8,35,7,34,41,11,4,31,50,11,15,11,12,23,19,18,9,37,57,75,76,29,85,228,318,252,6,334,586,564,233,284,707,795,493,53,769,740,586,213,157,357,359,239,118,45,23,15,90,168,192,118,10,126,113,10,195,293,185,134,515,726,599,124,440,975,1034,645,19,646,959,868,481,19,334,483,464,352,243,139,15,162,347,444,359,79,269,485,392,14,447,680,501,62,692,1027,841,215,535,1044,1573,641,13,532,769,695,427,141,72,203,315,433,523,462,199,223,619,780,599,144,358,651,615,278,169,507,549,281,117,567,697,478,25,559,861,781,359,206,49
160,21,368,296,225,155,109,71,46,33,33,646,67,114,163,230,310,392,476,555,616,665,693,697,677,633,582,506,426,336,262,179,118,67,22,7,22,22,16,352,22,49,75,105,138,157,180,196,206,207,194,188,167,134,110,83,54,38,27,27,32,50,76,106,135,180,205,221,233,225,208,170,121,76,16,115,88,130,168,195,207,213,215,210,199,182,159,128,103,72,51,25,13,15,24,50,80,122,163,204,228,242,229,147,145,81,1,75,153,214,262,288,290,272,232,184,122,62,11,28,57,70,76,28,32,31,23,2,3,16,5,35,31,7,41,35,39,50,69,108,169,241,321,406,491,570,630,680,699,699,676,625,565,292,411,333,268,203,154,127,113,101,112,122,131,144,145,147,144,131,112,85,57,23,13,59,107,164,227,291,363,391,476,516,548,553,552,526,492,444,372,304,222,145,69,6,80,135,182,206,205,191,151,86,2,85,196,313,443,565,685,809,905,982,1044,1078,1090,1699,1032,957,879,783,682,569,469,376,288,215,156,121,98,97,109,135,170,211,245,313,351,396,432,480,521,562,621,408,720,771,811,842,858,854,826,784,710,106
113,50,783,717,630,531,440,330,228,138,71,939,9,9,16,56,112,181,250,314,364,396,399,391,373,331,282,205,139,72,24,19,42,53,43,11,34,96,151,0,270,314,353,382,388,385,358,328,289,238,168,98,19,47,119,188,248,309,345,366,378,389,401,401,402,404,414,416,421,414,390,360,309,240,175,559,2,104,194,272,337,385,410,423,419,390,350,303,253,202,160,122,84,57,43,42,56,86,117,158,203,242,266,47,264,230,170,93,11,74,162,226,271,297,292,265,228,180,133,88,53,39,31,14,36,0,27,42,34,4,14,33,0,46,87,84,77,77,85,90,99,97,96,72,38,8,76,156,244,340,418,489,550,868,598,588,563,521,466,418,363,311,264,218,181,153,134,119,106,108,114,129,149,178,199,215,229,230,231,205,176,321,72,0,67,138,205,266,321,360,382,393,380,354,326,279,240,204,167,145,136,148,182,239,301,383,479,585,693,788,876,950,1005,1032,1043,1021,982,1436,877,814,746,691,621,558,520,482,453,437,438,447,464,489,526,568,608,638,673,699,719,744,745,744,707,658,593,886,388,240,74,88,260,414,562,672,757,1
71,70,615,63,494,475,274,157,55,236,652,79,219,666,1159,749,263,1047,934,125,615,640,104,303,158,271,387,38,594,658,128,513,719,381,101,356,328,231,191,654,123,422,535,285,201,580,592,214,254,484,370,102,88,132,132,217,271,159,143,431,460,181,192,437,428,228,84,356,467,309,47,345,406,237,11,602,220,276,266,85,237,476,421,58,346,495,305,22,245,273,197,128,33,151,366,397,105,350,585,341,181,511,373,14,261,176,2,6,115,98,139,355,228,166,434,300,94,356,278,6,174,170,80,2,21,6,6,19,41,17,26,19,43,62,40,156,141,8,168,235,108,178,402,295,151,563,515,42,643,709,144,559,769,154,347,662,413,97,418,370,87,179,260,137,45,162,127,17,169,182,16,223,346,190,189,529,507,23,602,826,362,227,1002,700,206,951,900,125,694,879,380,322,669,489,27,354,460,298,17,344,487,285,193,614,585,21,666,840,273,611,1016,542,433,1062,773,197,973,1380,94,755,937,359,431,826,584,31,552,657,374,96,497,638,409,84,603,776,433,283,851,821,148,666,935,435,419,581,480,337,764,370,459,836,340,566,963,18
196,33,193,114,37,57,153,262,362,462,557,540,709,765,804,812,795,752,678,580,458,331,191,53,66,179,267,321,355,356,334,287,216,145,65,18,97,167,220,306,289,298,293,268,244,191,137,80,19,48,102,156,201,241,265,279,280,272,236,191,135,70,0,76,150,218,265,309,327,325,303,269,216,153,83,412,66,142,208,267,319,352,383,388,387,366,329,285,232,174,103,34,33,95,146,186,207,214,207,186,155,119,83,20,40,40,47,72,108,156,200,243,281,297,304,295,269,232,188,144,99,60,30,9,13,39,69,20,23,20,4,4,15,7,40,49,70,89,122,151,186,225,263,294,317,330,339,329,308,280,242,194,151,331,69,30,10,2,8,1,13,29,47,63,75,85,81,78,67,51,30,14,1,25,45,71,100,127,157,189,217,24,277,300,322,339,339,346,336,321,303,266,232,189,133,74,7,52,115,173,225,271,299,318,319,313,282,239,188,123,55,17,88,162,224,272,310,790,352,345,335,309,267,210,153,84,3,75,154,237,315,384,456,505,551,582,604,609,607,598,584,560,525,479,426,414,282,201,115,25,61,146,209,257,287,42
99,118,380,317,271,274,298,336,430,529,628,514,876,935,1007,1008,942,866,729,537,366,185,6,122,212,292,298,279,269,210,152,123,82,50,70,76,111,178,240,333,386,457,498,559,589,609,622,612,589,550,505,445,377,308,235,169,108,63,12,34,77,129,187,226,270,306,314,316,303,280,250,232,217,221,238,36,322,381,448,507,565,609,623,619,599,538,461,380,280,177,96,22,30,47,43,12,46,108,165,221,252,234,202,140,31,61,157,237,276,289,263,201,107,18,74,151,193,209,195,152,110,65,21,12,8,11,38,4,10,2,6,41,2,7,15,17,11,8,6,33,70,120,193,269,375,492,595,704,779,811,808,755,658,293,405,262,145,44,28,63,77,88,70,66,59,56,67,87,102,127,178,221,279,348,412,462,499,489,454,384,274,279,10,162,303,429,533,605,641,649,618,568,499,414,329,266,214,197,213,241,310,384,472,558,626,677,687,650,559,446,278,96,88,277,443,579,693,1495,810,841,837,798,762,714,648,602,564,518,532,539,565,627,696,743,808,843,835,829,780,704,621,523,394,276,144,320,157,306,456,574,677,735,764,748,693,38
243,129,4,313,217,0,11,150,78,278,501,265,369,675,341,311,607,304,199,349,67,201,84,252,333,28,473,491,13,476,521,122,290,372,160,66,112,53,33,459,157,67,159,338,273,28,347,419,193,142,349,340,159,87,300,367,218,84,327,358,178,77,265,315,207,33,282,338,141,123,227,132,19,43,87,37,326,401,70,443,638,273,344,657,412,119,441,360,77,105,123,120,193,187,25,340,391,73,329,394,80,222,194,1,56,97,135,110,360,216,237,496,235,270,463,187,201,307,115,100,136,44,26,42,27,0,11,20,14,9,49,16,11,10,36,19,1,51,110,88,79,253,196,144,443,310,224,616,393,283,702,413,268,790,371,190,461,282,60,238,189,52,54,114,117,44,73,139,67,84,163,55,170,255,42,316,435,86,459,640,186,248,773,307,450,790,408,299,676,442,111,468,389,57,207,254,164,50,86,218,240,38,257,342,66,327,399,12,454,468,53,595,565,69,684,657,8,1169,687,87,541,629,183,329,482,259,62,258,277,190,17,211,363,269,68,418,454,83,379,514,157,354,500,122,399,282,37,503,535,40,628,590,63,667,599,70
72,20,55,162,161,89,36,164,255,262,184,428,171,386,562,659,663,570,407,213,22,109,151,96,27,204,421,586,690,705,651,525,350,186,42,54,80,40,46,599,245,328,375,378,345,283,208,129,52,17,75,125,168,209,251,297,337,375,408,425,439,444,439,440,442,431,420,383,341,278,220,165,146,163,220,161,413,504,562,557,472,312,109,111,305,441,497,476,401,295,195,136,130,189,295,415,515,544,503,387,228,67,40,153,21,98,234,337,370,294,132,87,300,464,532,507,402,256,110,3,58,60,25,13,59,13,11,3,0,14,16,36,17,28,9,8,23,86,163,238,284,277,204,61,140,368,569,705,746,664,488,232,35,866,459,555,562,502,404,293,201,135,95,79,63,41,3,45,109,156,185,175,117,12,142,316,488,612,676,647,521,300,30,261,528,738,858,893,841,718,561,386,244,121,58,23,13,8,11,70,149,258,340,405,390,293,119,103,356,580,731,781,725,549,296,11,283,962,715,816,839,769,656,513,371,242,147,83,40,2,47,109,203,307,412,508,574,580,522,425,270,72,143,354,511,102,577,445,215,82,386,658,834,883,800,131
181,25,411,497,392,203,34,16,129,337,491,389,255,108,504,759,775,541,154,224,448,427,194,144,411,491,347,29,333,589,649,508,235,43,225,274,181,36,83,585,32,109,254,338,331,256,140,37,24,45,56,71,124,210,300,366,374,314,191,54,71,177,244,293,312,317,297,233,130,4,98,124,91,7,73,4,12,195,402,543,536,382,111,182,403,487,438,293,141,44,33,88,145,137,17,185,392,497,447,235,30,226,263,150,74,226,215,21,266,494,529,356,40,268,443,423,253,39,118,171,126,58,22,16,19,29,22,16,31,19,30,20,7,0,42,40,38,11,59,157,242,247,143,70,328,531,580,436,119,249,552,694,612,166,49,244,424,466,387,243,91,28,114,157,174,179,175,145,84,9,124,216,238,161,17,256,471,559,461,180,217,273,838,855,637,247,186,545,740,740,578,325,57,154,282,333,329,312,287,240,156,12,169,354,479,470,294,30,398,689,765,585,186,314,730,943,870,765,86,364,695,820,731,480,173,112,309,393,399,368,332,324,296,208,50,185,429,612,661,535,263,98,430,623,615,380,36,339,587,618,402,23,403,712,788,22
103,35,516,467,393,273,138,4,109,202,247,375,213,129,23,96,216,317,396,435,434,383,287,158,7,148,296,426,515,562,572,540,474,390,305,210,131,68,23,390,1,11,38,78,98,128,148,144,137,118,79,31,43,97,147,197,233,255,276,296,300,319,344,366,395,414,421,413,387,353,290,243,197,170,157,158,215,269,341,407,473,522,548,553,532,485,414,327,236,130,39,42,96,117,105,52,25,107,197,270,311,312,273,149,87,27,131,208,244,231,178,89,12,118,209,268,298,293,257,202,137,74,20,34,8,15,24,11,9,20,31,27,0,27,116,93,76,62,51,59,77,99,120,128,104,51,38,157,309,468,613,730,815,949,819,746,633,499,352,216,102,9,45,72,75,60,34,2,20,26,11,29,84,164,260,355,441,510,546,539,490,238,285,137,26,188,349,482,581,646,672,651,613,542,454,373,299,237,220,222,249,307,369,436,484,506,500,456,361,242,89,72,244,404,555,669,758,1467,825,797,751,668,576,455,342,234,142,72,36,30,66,103,163,215,253,271,258,218,156,83,15,115,219,318,408,197,548,577,569,524,439,311,158,15,183,24
136,124,391,327,257,190,130,84,62,27,10,468,0,12,44,78,112,143,168,201,228,252,268,263,248,225,192,164,137,108,78,55,38,31,48,74,88,108,115,74,136,152,149,125,69,22,40,89,131,184,242,304,334,359,359,349,336,309,272,210,136,47,46,113,179,232,285,317,331,319,296,253,206,166,113,359,27,3,31,51,48,48,49,32,24,8,5,14,16,2,18,46,83,131,187,243,297,342,369,373,363,332,278,187,107,7,110,215,294,367,413,433,428,396,344,277,206,142,87,44,17,7,8,42,20,33,17,29,2,9,8,6,11,55,61,97,128,148,160,167,171,175,187,218,261,317,387,474,557,647,726,786,834,814,854,822,768,696,615,531,440,360,279,196,138,93,68,56,52,60,81,117,168,217,264,308,341,361,370,368,345,405,260,202,150,88,35,21,64,90,111,134,138,144,131,109,74,29,21,70,122,171,219,260,275,293,279,255,213,155,82,7,75,152,235,316,391,1176,516,558,593,612,632,628,604,570,522,467,407,356,287,239,188,148,122,109,101,91,87,92,101,117,137,164,203,117,310,375,433,493,549,584,614,613,597,35
83,36,156,228,221,176,125,151,223,358,499,341,631,539,325,48,222,436,503,428,219,40,296,426,431,282,40,224,448,559,564,453,305,150,59,45,88,173,236,744,207,104,51,175,276,293,254,163,80,34,63,151,297,441,536,568,517,416,267,129,18,55,106,139,181,234,302,372,396,394,330,257,180,152,151,198,302,369,382,313,182,11,197,351,439,478,436,382,317,273,263,258,270,236,164,29,133,287,394,415,357,228,86,41,37,37,138,261,310,283,162,13,191,325,373,337,233,120,0,63,98,107,90,0,14,37,29,1,20,15,28,17,1,6,19,34,107,165,215,241,227,165,44,127,333,508,636,631,489,222,117,468,721,960,828,647,389,91,168,365,450,467,393,296,189,88,9,61,98,152,162,177,130,52,101,274,441,561,574,488,279,115,306,577,789,877,851,717,496,229,51,313,505,625,650,611,508,388,246,121,0,108,212,331,402,458,400,288,60,202,461,635,686,587,324,16,367,1232,830,875,801,614,370,141,106,271,431,498,566,575,583,559,499,409,236,41,205,416,607,673,641,479,222,54,312,180,545,453,266,18,302,548,709,728,637,49
60,57,156,141,98,45,29,117,199,272,327,155,361,312,240,131,11,130,267,378,467,515,526,492,426,337,232,120,9,70,126,159,163,121,73,7,77,167,252,724,382,420,417,403,350,296,223,142,64,9,74,125,165,185,195,183,174,157,139,137,143,161,194,240,296,345,392,411,414,386,346,299,246,202,154,281,130,138,156,188,231,264,294,312,310,289,250,190,127,44,43,126,206,264,300,306,276,237,172,96,24,32,61,141,33,43,142,249,351,435,477,481,432,355,259,151,55,16,63,82,76,52,17,15,3,24,26,4,8,16,13,1,21,1,145,125,104,78,51,33,16,6,12,36,81,131,211,300,404,504,600,674,717,706,716,680,621,549,479,412,346,298,255,224,188,151,117,84,47,11,17,47,101,152,213,292,381,468,552,632,699,527,761,756,732,682,614,560,489,420,350,299,245,202,167,138,123,111,101,88,68,42,12,72,152,262,383,506,627,739,828,901,921,929,906,849,785,827,638,560,480,410,339,272,214,175,145,128,116,127,120,107,80,32,27,106,202,295,388,480,553,625,672,714,742,515,752,723,668,599,508,405,297,181,71,22
51,52,350,290,241,217,218,245,284,342,408,702,537,590,619,625,600,533,437,307,168,2,172,320,455,562,635,667,664,627,544,458,354,251,145,72,4,35,43,427,3,45,93,139,185,213,215,198,169,118,57,20,95,166,225,273,304,314,301,271,226,170,103,37,19,67,97,116,115,110,75,58,38,20,23,96,74,126,182,243,294,339,362,363,347,319,273,203,132,65,8,79,136,179,204,201,178,132,79,18,41,78,101,1,62,2,85,171,258,333,378,395,377,332,264,185,104,29,23,47,51,36,2,26,21,21,28,14,18,28,44,12,28,1,4,37,70,101,127,150,177,198,228,271,324,376,438,494,552,593,620,623,609,381,517,446,369,278,198,120,49,6,48,71,93,93,86,76,65,63,61,70,94,133,185,245,315,384,461,515,561,369,595,579,555,511,461,415,365,315,271,230,203,179,164,153,151,151,137,134,118,89,36,20,98,192,295,418,527,643,754,833,896,937,956,957,937,1176,851,790,744,683,631,585,550,520,494,484,482,489,492,491,487,470,440,394,334,256,168,80,21,126,222,329,437,21,628,710,779,823,849,845,815,766,699,5
166,21,454,380,273,150,21,113,240,339,419,159,518,519,483,412,320,179,25,153,338,520,681,796,905,947,992,986,941,861,742,609,476,357,224,115,9,95,157,1035,176,153,114,75,32,32,105,171,211,234,234,213,195,176,136,84,15,42,87,96,89,74,62,27,3,54,102,149,191,215,208,200,196,171,148,172,88,53,27,7,18,32,55,66,91,126,161,203,235,251,276,306,342,387,413,422,429,427,428,418,378,314,223,172,25,54,119,181,215,233,219,189,128,66,1,48,79,101,108,107,102,86,73,6,4,20,54,8,6,21,4,5,23,20,82,88,101,97,93,58,15,35,94,155,217,279,355,424,481,528,560,577,593,684,561,529,497,458,429,410,400,383,389,388,393,402,391,383,361,326,291,251,204,153,94,40,21,82,144,199,256,13,329,350,351,345,339,321,295,259,211,175,148,122,88,60,25,9,11,8,20,70,138,204,291,356,447,529,636,724,798,860,877,900,916,944,962,1243,898,841,778,749,720,707,669,619,580,567,589,605,636,618,625,613,628,637,637,628,572,544,508,488,459,442,394,379,272,182,111,14,84,203,316,420,493,46
40,99,597,463,311,174,50,48,134,192,217,723,169,96,9,110,240,372,505,627,733,813,860,875,865,823,758,666,559,447,330,226,132,59,2,26,45,44,12,349,76,126,179,243,278,306,315,301,268,215,135,46,51,153,246,338,401,447,470,466,436,397,335,271,204,134,76,24,15,49,76,101,119,126,127,136,133,133,124,109,97,84,68,53,30,7,18,48,86,133,185,247,313,369,424,474,499,497,482,431,364,283,187,239,6,71,113,142,138,115,70,22,32,85,129,156,170,172,156,141,115,90,67,15,25,42,11,11,9,8,19,11,7,27,14,33,60,90,132,166,212,256,295,335,366,390,399,396,377,348,304,256,207,274,110,76,45,38,38,40,51,59,84,88,87,81,63,36,10,42,95,152,217,293,366,439,513,581,646,700,740,370,798,817,819,807,791,767,741,708,681,647,626,600,578,565,556,553,560,566,580,595,599,614,614,605,593,565,526,489,426,374,318,257,209,162,126,234,85,83,92,112,141,179,217,247,288,327,353,377,385,390,375,353,319,269,213,147,82,2,80,172,266,364,461,71,674,770,871,944,1007,1048,1070,1053,1013,13
218,45,332,0,167,175,55,42,3,178,365,178,261,84,459,656,571,186,303,647,670,330,190,614,725,467,41,517,728,608,236,165,428,449,296,70,81,99,5,657,128,43,135,282,305,193,6,174,223,139,17,125,125,13,154,282,304,215,38,173,361,471,441,285,38,230,406,443,335,149,33,120,112,43,31,134,60,185,271,254,139,43,197,260,213,107,7,13,62,149,163,47,179,420,531,425,121,248,501,523,313,16,189,123,60,93,117,26,235,344,251,2,266,375,278,55,135,185,111,5,54,11,72,7,29,28,36,45,23,7,3,4,1,17,32,73,85,67,20,62,157,217,191,50,189,420,517,394,59,355,662,711,478,212,356,607,612,417,127,131,300,344,301,213,109,2,108,182,205,167,48,89,193,189,63,161,367,453,328,0,410,327,813,595,148,374,766,884,719,350,45,352,482,468,376,264,151,23,146,321,426,382,155,171,453,539,353,59,498,758,684,286,278,774,961,794,335,577,659,848,774,507,141,192,431,542,534,434,258,51,181,391,522,511,324,1,355,591,600,367,28,438,682,657,352,48,577,825,729,307,276,751,893,650,142,99
10,65,380,278,175,69,29,115,194,249,272,260,258,217,157,78,6,91,178,257,334,389,425,455,470,464,438,395,335,263,196,111,33,36,88,127,152,158,162,441,128,101,88,65,47,39,32,24,26,29,51,63,76,98,113,121,130,126,107,87,43,3,43,90,134,166,185,188,184,155,124,76,27,20,68,165,135,153,155,154,140,111,80,50,14,21,50,78,98,111,105,95,67,33,8,68,119,170,221,261,284,290,273,200,163,79,21,122,218,290,342,367,353,307,246,162,76,1,58,97,106,91,59,10,48,45,13,8,19,4,29,3,16,15,64,80,89,90,89,94,104,113,134,164,205,258,316,391,457,525,588,633,672,820,678,657,611,559,502,432,378,317,259,207,166,129,93,77,61,59,77,103,141,186,235,282,323,363,385,397,401,353,375,350,325,293,256,221,184,149,122,101,85,78,86,103,123,153,179,210,235,260,279,284,281,275,246,209,155,87,13,71,155,230,310,367,410,940,438,432,410,387,344,299,248,199,148,97,41,4,46,77,101,112,117,107,88,64,42,3,28,74,131,188,257,51,409,487,563,617,662,693,702,690,667,120
169,17,509,435,321,196,88,10,58,70,29,369,158,298,433,545,611,607,535,399,219,18,162,295,364,378,333,242,108,34,173,302,386,423,414,341,239,102,23,528,218,245,221,174,107,27,39,70,77,51,7,64,125,183,217,215,195,140,88,49,4,0,14,42,78,119,132,136,125,110,79,44,14,3,0,217,74,146,244,334,400,428,407,352,255,148,44,44,96,116,100,45,32,125,217,281,314,299,233,128,0,130,225,233,245,162,37,108,231,302,312,248,142,8,152,265,316,314,252,154,47,42,97,15,33,35,15,30,2,30,4,36,6,6,154,161,163,158,153,154,158,170,168,139,79,30,172,345,517,665,775,818,793,513,584,427,269,120,9,75,125,148,133,124,104,87,94,105,122,142,150,147,123,68,17,128,266,423,577,711,819,695,869,786,668,502,315,130,29,151,243,280,281,263,234,208,187,189,214,257,319,379,425,449,427,358,222,41,169,395,615,796,914,976,974,911,807,901,516,372,226,93,27,118,189,244,284,314,325,348,358,389,417,453,495,532,548,537,488,417,319,195,49,102,242,112,503,600,658,655,591,464,279,66,151,48
206,114,489,379,271,170,73,8,34,50,43,496,49,134,201,280,352,408,423,413,364,284,172,26,124,278,419,533,615,658,653,598,518,406,279,143,12,91,187,793,285,305,284,257,219,179,150,142,151,179,213,280,352,414,466,506,530,520,491,441,375,294,212,134,68,19,15,34,28,18,1,23,29,34,12,334,92,176,283,391,490,589,670,720,737,726,676,601,506,397,283,176,82,16,18,21,10,64,135,210,274,312,316,146,199,83,53,199,338,454,526,551,527,455,341,209,74,48,144,208,239,234,197,6,12,6,31,12,11,17,20,14,43,15,25,32,55,87,129,180,234,288,340,371,383,372,334,265,178,74,31,139,237,775,372,401,417,409,382,350,303,269,229,188,161,141,125,112,110,103,97,107,108,102,92,66,30,33,108,192,285,340,501,585,672,736,775,786,771,733,678,597,512,419,343,272,215,193,196,220,272,346,417,498,563,609,622,585,519,409,266,106,79,253,421,564,690,1482,818,839,819,772,703,620,526,444,373,316,286,283,302,351,410,483,553,619,672,708,722,713,684,641,571,492,384,333,139,8,159,305,438,555,648,709,731,129
98,3,480,398,283,205,189,259,385,522,590,136,391,131,191,477,669,701,563,300,18,296,443,441,258,39,379,658,792,762,596,361,126,37,107,79,3,70,97,749,61,216,382,485,529,484,392,290,196,176,205,297,388,448,443,354,185,1,185,321,376,400,392,390,413,458,509,524,473,355,190,13,126,189,166,529,46,148,153,69,98,321,524,672,712,650,502,307,123,9,53,39,8,45,28,71,232,397,518,521,400,180,58,4,257,148,64,283,405,357,157,147,444,622,629,464,197,79,279,356,305,182,36,3,4,32,25,45,44,1,16,10,56,7,54,59,63,63,52,6,83,209,360,487,539,472,275,19,366,665,848,866,710,16,129,160,368,474,482,425,324,215,104,21,52,94,118,126,102,67,2,85,184,303,412,487,492,402,210,72,406,481,940,1013,921,674,328,47,363,581,671,644,534,384,236,116,48,19,10,66,158,290,415,486,445,262,46,423,771,998,1022,848,489,17,457,847,1076,1779,940,629,262,107,387,550,584,528,432,355,313,316,331,305,207,24,221,484,679,770,715,531,234,110,430,669,768,300,483,152,222,567,782,843,730,479,159,68
48,3,420,344,305,301,338,404,485,566,636,213,642,561,436,265,76,125,293,423,495,488,413,285,114,75,262,426,541,591,595,543,461,360,268,198,157,158,199,123,354,431,493,525,510,477,410,316,222,134,55,3,16,25,4,26,69,102,142,165,181,187,197,204,221,248,280,316,353,373,373,363,314,242,158,506,17,92,140,158,147,102,40,40,115,178,226,239,220,172,104,26,39,77,77,32,51,160,277,369,420,412,346,24,88,53,161,218,203,126,5,144,285,390,441,428,372,273,162,59,20,66,74,17,37,32,5,28,28,25,32,23,19,27,1,44,88,135,185,236,285,326,358,361,337,270,175,46,102,265,417,554,648,918,718,688,626,539,444,337,227,128,38,35,92,132,154,164,162,155,151,149,155,155,156,128,88,6,103,241,397,459,703,822,909,944,933,881,786,670,533,388,253,139,49,8,42,55,51,51,59,100,162,257,364,465,563,624,640,598,494,335,140,92,328,555,745,1731,973,996,958,876,760,631,506,404,325,283,274,272,280,278,258,201,120,9,131,288,438,579,698,780,817,790,710,401,377,156,79,308,516,674,774,806,788,60
171,19,252,210,143,76,5,49,87,94,82,499,42,140,246,356,447,515,544,528,461,343,193,20,147,301,425,515,566,557,516,439,359,272,204,158,141,160,204,8,336,397,436,455,450,422,367,300,223,151,76,16,34,74,96,101,99,86,84,90,96,119,146,180,210,229,225,199,160,109,55,17,22,33,29,365,62,135,209,286,355,409,436,437,411,362,300,235,177,126,101,97,125,176,239,302,366,413,425,403,344,254,141,170,65,127,144,109,20,90,215,321,393,417,391,323,235,135,45,18,53,60,46,0,16,13,14,31,1,14,2,3,25,6,25,44,65,90,122,155,199,246,295,338,374,395,398,378,331,257,158,48,64,509,249,307,344,353,336,301,262,222,182,135,80,32,18,61,93,129,149,158,171,192,224,284,357,444,526,600,659,660,697,668,608,526,425,325,210,105,6,72,128,157,157,144,119,88,62,53,67,105,164,230,304,368,423,453,453,414,340,231,95,62,223,371,511,1221,692,733,730,698,641,569,489,419,356,313,297,306,335,379,425,465,491,486,444,367,256,131,13,154,295,422,523,24,637,640,611,544,440,316,166,32,93,72
114,66,358,268,199,156,156,186,264,355,466,309,659,698,681,606,483,333,170,25,82,143,150,109,33,71,191,296,377,424,421,384,304,214,126,70,53,80,147,179,349,446,511,540,532,492,427,353,283,228,190,168,174,205,235,270,299,313,306,280,244,209,178,172,198,243,308,374,439,469,459,408,318,207,90,316,70,87,60,16,124,238,345,419,458,452,396,310,206,96,11,37,36,21,128,258,390,491,535,512,408,259,91,351,165,195,142,20,140,308,434,498,477,381,232,69,78,178,216,201,149,83,27,8,61,14,40,3,0,41,12,20,22,1,117,168,219,262,287,296,278,237,174,92,9,118,237,355,468,563,641,679,672,223,542,436,315,194,80,18,95,154,188,207,195,161,99,26,51,125,186,235,266,295,326,369,425,488,549,603,637,782,619,566,480,379,258,135,7,107,205,286,335,350,348,317,278,229,185,143,109,85,61,38,2,62,146,260,382,507,617,704,750,742,681,566,416,29,71,95,230,336,401,429,426,404,375,348,330,344,366,390,431,438,420,385,311,223,133,41,51,140,228,303,382,109,462,439,367,230,65,109,289,423,508,20
5,77,81,231,334,316,353,439,474,284,167,803,1024,893,301,479,999,958,458,200,559,445,36,277,217,156,543,590,238,288,641,627,337,33,117,88,67,206,465,986,547,102,475,845,803,420,31,311,353,300,275,287,313,196,66,353,519,473,269,54,90,131,206,361,529,542,258,266,731,860,563,20,399,474,261,214,4,189,391,330,55,536,795,629,126,388,619,472,145,99,74,104,181,19,412,679,531,18,616,818,484,123,503,58,51,326,128,350,638,379,276,813,788,223,432,706,479,20,285,273,71,96,81,41,15,42,26,47,5,50,52,53,81,0,275,97,201,442,454,179,264,636,694,392,164,720,973,755,146,587,1071,1035,502,1016,857,983,626,15,493,668,472,77,277,407,243,67,302,327,125,169,398,437,284,9,362,635,724,503,3,623,1079,1291,621,182,962,1349,1124,414,451,1041,1115,684,15,531,726,546,171,187,373,364,209,38,296,452,436,146,337,781,891,530,220,973,1298,959,113,806,1326,1327,474,411,1037,1100,649,31,587,791,669,333,41,371,594,657,485,81,422,790,817,448,181,702,886,608,33,535,778,586,35,514,724,459,132,673,824,460,179,93
101,150,752,520,240,83,10,131,439,811,947,327,115,954,1355,1083,244,578,914,638,67,265,107,320,587,379,272,889,1046,627,119,665,723,370,39,145,94,420,428,40,654,1020,823,169,492,748,545,170,15,106,338,331,69,666,1051,893,251,508,899,784,329,23,75,60,98,187,645,899,648,50,760,1027,662,7,470,1165,1,371,279,277,888,994,426,511,1211,1203,558,279,724,632,237,25,70,340,383,15,658,992,686,125,836,891,282,677,618,125,532,645,28,806,1090,502,533,1180,961,133,609,771,377,98,275,147,11,27,23,26,205,4,47,2,12,31,54,24,154,279,564,436,58,620,856,599,42,711,1093,939,292,560,1223,1336,787,194,1101,1048,1175,263,733,1333,1202,473,408,953,888,286,387,731,571,36,500,756,608,148,387,822,971,749,132,648,1288,1408,869,604,1184,1666,1385,472,625,1402,1509,959,17,879,1307,1079,369,459,960,955,494,160,692,927,727,178,552,1099,1166,578,387,1255,1529,1012,37,1100,1592,1267,365,1954,1277,1292,719,85,788,1097,956,474,186,759,1045,953,441,292,974,1292,1026,269,672,1285,1274,670,204,902,1069,690,55,469,691,447,68,536,650,303,323,820,857,109
110,23,41,45,137,294,484,620,580,267,266,1046,1174,1102,595,147,809,1099,929,417,145,480,449,134,203,366,229,122,459,592,459,145,135,263,213,97,72,211,447,1120,474,95,426,835,930,658,177,292,535,492,262,23,65,29,209,317,266,47,229,416,454,351,208,102,41,16,138,316,462,508,362,111,152,326,346,328,172,124,140,175,144,20,178,374,468,415,235,15,167,259,287,277,278,276,209,26,216,436,504,363,72,200,298,152,37,174,88,178,416,436,168,251,569,593,305,102,404,452,279,30,146,179,106,45,45,24,10,8,26,23,28,10,67,10,17,0,10,25,112,190,164,11,274,489,499,239,212,628,799,636,194,314,675,763,582,237,127,389,511,465,304,88,124,269,284,197,38,113,196,166,33,162,354,442,329,19,401,756,876,636,102,132,943,1034,760,257,265,636,760,656,403,97,176,372,459,416,261,19,235,424,449,278,68,460,707,664,281,308,842,1061,840,244,457,956,1061,767,235,1147,618,705,591,350,85,163,373,515,549,435,147,256,655,874,767,324,308,882,1139,957,392,319,879,1075,851,332,261,352,752,525,117,267,478,431,200,84,296,11
100,6,304,335,322,309,321,287,133,180,575,804,868,484,123,710,993,828,332,231,563,523,193,190,385,281,56,417,575,463,137,209,399,379,232,90,67,169,272,809,31,299,593,681,497,142,229,450,444,279,76,25,3,114,195,156,14,245,411,452,343,149,34,149,209,265,320,353,311,171,35,230,333,315,226,108,110,120,103,3,180,372,483,430,221,50,294,387,341,210,95,50,67,59,41,235,411,438,253,63,342,412,249,66,166,101,116,280,218,75,413,557,387,5,358,490,350,66,172,234,154,39,19,37,14,3,11,19,3,12,14,11,15,6,13,53,0,118,223,200,13,276,494,494,223,211,596,734,537,114,357,660,711,47,199,143,406,535,504,330,80,174,340,354,222,12,170,247,192,9,199,368,396,247,47,404,670,718,483,36,467,455,886,638,184,297,652,766,627,329,24,309,458,472,375,192,35,253,415,411,244,81,438,652,576,205,346,844,1037,815,237,463,1003,1135,837,253,366,1666,828,602,225,120,350,454,446,377,238,24,255,528,653,554,195,290,699,849,642,149,422,825,904,606,73,470,798,427,439,61,483,658,520,166,238,504,553,51
198,0,150,121,124,150,155,106,23,213,453,790,881,970,916,730,441,101,206,423,490,413,204,58,301,450,462,329,96,159,354,436,388,243,56,86,126,42,143,477,608,738,764,656,450,195,40,217,293,261,155,13,94,137,95,37,198,333,414,418,335,238,141,108,142,228,344,436,466,426,319,169,6,123,198,542,169,107,66,75,148,276,414,525,562,513,390,240,95,1,30,16,85,157,170,96,40,227,408,528,554,471,315,161,16,30,21,123,233,277,210,52,179,385,512,515,413,231,39,103,169,163,106,27,21,23,6,33,10,25,2,1,28,12,51,85,84,43,52,184,318,395,393,280,66,205,474,661,726,657,475,227,28,798,377,441,447,407,350,288,216,135,40,52,157,238,284,281,228,117,31,194,347,458,509,471,339,126,145,422,660,343,853,767,591,357,115,91,258,359,415,434,437,421,395,368,300,206,68,106,303,487,613,649,544,308,25,408,760,995,1075,953,680,291,116,473,719,1714,819,718,564,397,258,134,38,56,174,322,486,651,771,807,725,515,199,161,512,777,923,924,785,543,235,68,340,308,607,573,434,211,38,274,445,530,526,34
77,72,377,238,89,39,144,217,250,238,184,387,26,168,323,478,616,735,813,831,795,696,544,348,120,120,332,518,648,712,708,628,494,325,125,77,263,415,527,1205,596,557,481,368,238,104,21,138,220,264,285,261,210,125,27,77,160,231,268,268,247,196,119,32,56,137,211,256,280,273,244,201,158,100,56,104,27,49,86,132,178,227,261,269,264,235,179,128,59,9,81,137,184,202,198,160,95,9,82,177,254,299,311,64,193,86,46,183,305,394,439,433,382,291,178,61,30,103,129,122,80,21,46,18,11,47,39,10,11,19,35,24,16,14,34,53,55,31,22,102,204,308,411,492,545,561,533,476,380,278,160,57,31,694,136,147,140,113,78,46,11,0,0,19,47,87,137,188,238,285,330,354,368,354,322,266,181,81,36,146,254,25,426,480,513,543,534,522,496,452,398,339,282,234,200,191,200,237,294,369,441,523,575,620,643,642,621,568,499,403,284,154,13,135,263,381,483,1367,596,608,600,556,501,435,366,303,251,218,206,227,259,319,395,467,543,619,681,726,762,778,780,750,698,629,534,247,282,133,29,189,336,472,578,658,684,1
78,42,138,69,15,27,48,49,24,25,80,208,243,331,404,462,491,495,462,398,309,203,86,32,129,206,267,296,299,273,225,171,108,50,1,39,56,55,35,52,45,103,155,202,240,259,259,236,202,153,98,36,17,64,100,124,132,128,114,105,91,88,91,103,120,140,155,163,163,162,147,127,108,78,54,67,4,10,16,14,3,19,45,73,102,125,141,138,126,96,55,10,32,70,93,96,88,60,18,28,75,112,134,35,109,57,16,100,189,268,321,345,331,288,220,136,54,16,64,88,88,68,36,16,18,1,14,26,3,14,8,25,0,5,17,9,12,42,79,115,149,172,178,161,127,74,7,69,145,209,260,297,311,492,301,279,254,229,205,186,176,171,168,165,164,156,147,130,109,82,49,9,39,97,159,224,286,347,395,432,456,257,453,438,402,361,309,259,204,154,109,72,49,33,30,40,55,72,80,75,56,18,41,114,196,282,361,433,487,521,540,534,506,459,390,307,214,50,26,50,111,151,174,182,173,153,132,104,82,68,71,85,112,156,213,277,341,404,461,503,531,542,530,492,433,232,260,154,41,72,176,265,326,359,360,14
205,35,381,301,141,6,66,12,216,487,722,193,708,405,26,459,750,823,669,350,0,243,294,150,135,445,666,701,531,225,147,459,611,579,378,119,112,216,137,376,359,598,695,625,427,162,84,251,333,334,302,291,318,385,460,496,486,397,242,63,114,246,323,356,354,350,351,341,314,246,165,98,49,60,114,303,216,195,89,95,320,535,680,705,609,406,148,60,203,242,207,161,149,202,311,425,472,412,229,25,266,391,347,73,114,321,336,142,202,554,740,672,353,75,460,633,574,345,70,135,202,155,52,44,12,28,9,16,2,0,16,14,7,20,24,33,70,130,179,171,79,101,321,509,584,492,247,105,459,721,804,688,427,355,194,387,452,412,324,219,136,76,25,18,70,126,164,176,146,77,30,158,257,282,197,0,274,553,756,808,680,384,16,381,695,866,865,716,458,166,90,261,344,346,327,321,336,351,336,236,54,199,451,653,694,559,245,177,601,890,947,744,297,228,699,984,1013,1436,431,18,323,524,581,526,412,300,229,193,191,163,51,138,404,666,849,884,714,375,74,503,820,930,811,488,49,162,682,775,615,265,178,566,777,767,566,39
23,28,245,225,185,106,14,97,233,356,488,179,717,812,851,865,845,773,663,519,339,161,29,204,364,487,576,619,627,594,534,441,328,216,92,13,121,205,282,668,367,386,386,377,351,330,302,287,276,269,289,312,344,381,421,454,472,470,460,414,357,288,199,111,32,48,114,171,208,223,220,207,181,147,94,37,5,49,79,90,86,64,26,25,79,125,163,179,187,161,116,60,18,100,194,288,368,428,463,467,439,369,264,62,23,173,298,400,449,441,382,276,137,14,154,265,338,369,351,293,221,135,53,59,51,2,17,26,22,15,21,0,29,33,41,52,76,113,168,230,300,368,436,492,531,549,551,523,486,428,361,296,235,241,132,104,88,81,73,84,87,85,81,73,67,49,34,11,14,45,89,152,219,308,404,500,599,685,763,820,863,782,891,877,849,805,745,672,601,519,437,362,294,240,199,187,185,210,247,286,340,381,414,432,429,397,348,277,173,60,69,191,319,440,535,606,661,1375,674,649,601,539,465,385,302,220,146,81,31,6,17,5,24,72,124,186,248,307,364,410,451,477,507,521,531,23,529,501,463,414,333,256,152,53,44,72
103,47,400,296,180,37,116,271,418,539,637,81,711,681,606,502,367,219,72,68,187,270,318,330,296,237,142,32,77,186,272,326,349,330,281,200,89,34,167,673,409,518,586,633,636,611,547,454,341,211,86,38,145,232,286,308,308,283,242,198,160,126,115,117,132,161,209,252,301,328,343,338,322,277,208,334,25,80,182,281,363,428,457,475,453,414,358,296,232,173,131,113,114,147,190,257,335,403,463,496,501,458,381,83,116,37,195,335,433,483,490,447,361,242,121,1,93,159,186,182,149,96,32,10,9,9,15,55,29,16,10,21,9,29,30,3,34,78,127,173,202,211,198,148,80,17,133,251,370,479,561,618,641,1009,607,558,491,418,351,284,229,184,146,121,112,105,101,111,120,131,135,135,132,103,59,1,73,172,284,392,510,181,702,768,808,816,803,758,691,617,526,437,351,275,209,176,158,170,208,265,344,431,519,606,671,715,729,703,640,547,427,288,137,22,167,297,403,1259,533,552,547,513,455,401,331,265,205,163,132,120,128,148,195,255,330,411,493,575,643,692,737,751,745,713,663,140,495,372,249,120,18,147,265,360,432,163
32,56,183,184,162,157,196,259,313,311,205,314,242,460,578,537,330,39,246,401,372,180,87,302,370,253,14,247,417,436,314,123,37,107,71,21,101,100,3,226,370,474,434,267,25,197,305,282,160,9,83,71,38,187,290,308,217,53,109,220,247,202,122,64,57,103,165,198,156,43,106,236,298,280,196,78,34,23,53,93,91,33,72,188,273,292,244,152,57,5,28,17,11,36,108,201,277,288,221,86,59,154,172,23,58,34,74,158,224,213,98,78,246,325,294,169,19,95,136,111,56,10,1,9,7,15,4,16,7,5,2,1,3,23,23,17,31,42,18,55,152,220,203,79,123,322,432,393,206,53,289,418,401,151,95,59,147,164,134,95,70,55,44,21,23,73,107,94,36,59,162,225,206,94,82,277,417,451,354,142,119,56,495,499,377,169,51,223,310,309,245,152,67,1,57,116,172,222,237,198,81,91,282,425,452,345,110,192,459,603,567,363,56,249,464,528,440,174,13,191,314,352,317,232,120,0,109,215,304,374,397,352,224,8,246,482,616,602,428,145,173,426,548,499,314,415,214,388,423,309,88,163,360,433,374,13
259,174,442,16,191,189,254,378,288,209,787,130,73,858,1099,331,733,1034,306,632,751,24,740,512,415,957,450,573,1012,473,404,735,367,113,207,14,23,316,463,731,535,810,347,444,818,462,222,526,255,139,175,154,323,19,495,618,123,538,730,316,249,494,364,144,11,146,366,461,219,266,589,456,0,358,368,4,17,2,50,216,376,275,115,502,532,141,320,489,310,32,149,242,310,278,15,386,551,269,253,530,334,60,244,48,51,129,190,37,425,509,46,549,646,114,485,562,133,291,337,102,84,90,29,38,4,30,14,9,20,18,47,5,11,5,47,24,10,59,25,218,253,43,441,475,19,610,653,24,666,728,103,569,667,279,324,464,242,32,174,213,190,71,129,254,170,61,224,133,105,214,36,252,336,36,419,579,183,499,821,417,398,644,632,162,776,716,125,472,642,339,137,448,423,129,222,405,307,21,375,459,144,379,650,327,395,860,555,357,1047,795,240,1104,963,56,995,994,126,1756,896,283,459,731,422,134,502,490,192,186,473,498,212,335,750,613,115,864,902,133,797,1030,343,628,1007,470,467,376,493,427,902,437,489,923,420,497,903,16
145,184,409,62,182,269,312,370,379,182,254,973,844,462,264,869,908,339,409,770,488,170,615,467,135,673,687,157,484,777,553,56,335,420,296,163,142,135,14,23,570,542,163,357,661,533,111,286,353,107,152,144,136,438,445,74,424,707,574,131,319,542,488,279,56,112,257,372,402,257,35,325,440,328,86,535,131,93,107,208,294,215,52,369,515,393,84,228,384,384,260,114,49,233,383,410,236,88,375,447,270,9,186,41,96,81,154,180,35,259,461,368,12,411,526,287,102,359,328,118,78,132,76,45,11,15,5,13,6,37,23,5,13,47,19,16,59,29,71,153,86,106,291,272,14,320,477,311,74,418,513,299,42,515,423,318,92,165,333,352,182,93,301,311,108,155,284,177,66,274,288,83,222,431,391,86,329,616,555,146,406,548,681,196,399,751,672,241,269,583,563,284,104,378,448,287,6,288,423,299,27,397,566,357,161,687,838,415,368,997,1023,378,516,1080,966,288,493,1752,759,234,320,620,571,258,128,418,515,366,34,365,622,560,141,433,822,742,191,529,964,832,193,555,962,768,110,125,870,556,127,692,736,241,424,767,573,21
231,33,224,114,76,80,149,262,395,528,619,104,606,475,264,3,272,521,698,789,756,619,383,83,223,504,711,806,794,679,498,270,68,86,159,157,86,36,174,949,408,462,449,373,257,95,78,237,350,395,357,244,77,120,300,428,488,462,381,259,122,5,73,108,98,58,3,50,80,89,70,37,8,52,87,420,105,96,87,75,76,77,79,81,86,88,91,93,93,83,76,65,66,73,109,159,223,296,354,374,359,299,214,21,55,25,56,126,224,320,400,439,422,365,273,166,67,7,50,68,60,42,21,72,15,22,20,10,10,2,19,29,19,2,78,58,11,54,129,195,219,200,125,2,158,318,454,545,574,552,483,381,286,214,127,87,54,34,0,48,115,189,265,320,350,342,296,212,107,16,149,279,397,495,558,575,547,456,309,138,59,208,410,535,618,663,651,622,569,515,450,396,342,305,258,221,173,112,26,83,220,371,511,625,678,657,551,358,110,185,474,720,905,1003,1020,947,829,894,518,364,231,125,52,0,33,46,62,91,150,254,387,547,702,816,865,818,677,466,200,70,329,542,694,801,832,405,743,615,439,219,23,250,440,565,610,18
97,27,396,332,224,138,126,183,287,391,425,321,94,238,581,834,888,719,345,111,483,658,571,261,149,494,654,569,286,83,404,584,590,455,256,80,6,2,87,542,252,235,108,100,329,522,615,567,404,169,63,216,237,147,19,186,278,265,161,3,156,272,340,344,339,314,286,241,168,74,32,124,181,194,184,416,145,131,142,158,162,141,103,39,22,70,82,62,18,35,49,0,105,258,380,426,355,174,71,289,412,397,264,181,68,115,54,82,203,246,186,32,144,271,298,228,108,0,57,54,8,33,52,46,45,9,23,4,1,7,11,8,36,37,33,17,1,7,1,7,6,57,158,271,349,337,204,32,308,539,643,584,400,76,101,269,336,327,281,235,210,189,165,107,20,84,178,228,219,145,27,115,224,272,222,79,143,389,591,684,617,215,74,283,577,739,743,595,367,132,51,150,181,178,188,229,295,347,336,240,56,175,398,515,486,287,38,417,725,871,779,476,29,448,815,978,922,872,320,25,283,402,406,337,273,238,251,272,262,169,18,271,514,672,682,518,211,174,530,775,840,715,425,40,354,111,781,704,437,51,336,632,739,643,395,37
9,9,188,163,97,7,111,234,371,513,651,428,877,961,1015,1030,1012,956,862,739,582,398,203,7,196,380,529,651,738,781,795,749,679,589,473,360,239,130,20,773,144,213,262,289,312,317,305,278,224,164,97,21,49,118,183,228,260,268,282,286,287,284,293,303,319,336,364,378,386,392,375,354,324,284,233,669,123,60,14,33,70,103,113,110,97,71,34,0,45,85,126,148,159,159,137,105,53,2,65,126,182,222,236,17,197,138,61,31,134,224,299,355,373,367,336,278,222,148,89,43,13,1,7,6,28,30,19,12,15,12,10,55,14,2,90,80,66,54,40,38,42,61,94,145,213,284,365,442,511,570,595,606,601,777,536,492,438,386,333,289,247,214,184,162,147,136,126,131,144,153,179,194,228,245,264,278,278,279,260,237,205,209,134,92,58,23,2,24,28,22,4,33,68,118,173,222,276,320,361,375,372,339,295,204,104,25,180,339,502,659,802,926,1013,1077,1106,1102,1069,1983,935,845,756,656,564,469,383,321,267,238,232,249,294,353,436,519,608,699,780,842,887,922,942,957,958,945,915,464,832,767,681,582,468,349,223,104,3,16
104,11,333,271,193,108,5,96,197,300,400,184,562,620,662,685,689,680,651,612,567,512,474,427,391,362,331,323,307,289,277,257,225,194,150,94,31,35,113,762,244,296,336,360,365,356,324,288,243,190,128,74,36,2,19,30,23,12,12,47,82,120,152,182,199,207,207,194,172,146,115,87,65,51,41,109,60,85,121,155,188,211,238,252,253,236,205,155,103,27,41,120,195,264,324,374,400,413,409,388,355,306,247,99,125,64,2,55,107,145,180,201,213,213,202,191,162,134,99,66,36,8,9,6,6,5,22,29,35,12,4,20,19,53,66,46,14,20,61,111,163,217,275,336,389,453,511,562,600,628,657,665,659,840,612,575,520,454,393,314,247,174,101,39,18,65,105,143,171,188,202,213,218,230,235,263,290,322,364,402,454,309,538,574,595,610,609,597,566,524,470,406,337,261,182,106,26,43,107,159,212,251,278,298,313,324,328,335,339,357,368,397,428,457,491,524,557,778,589,592,584,558,519,461,399,326,247,172,92,26,42,89,141,174,208,238,265,292,318,354,379,415,448,474,503,371,540,548,552,548,540,537,525,502,487,40
96,76,265,158,81,57,57,113,193,292,394,18,559,573,525,414,239,28,213,443,616,712,708,617,449,231,4,221,422,564,651,665,615,509,355,197,54,47,110,704,102,22,76,190,279,340,362,352,289,196,66,68,205,323,406,464,481,451,383,304,219,153,112,85,94,107,123,127,123,113,100,79,44,2,51,266,99,71,24,57,134,200,242,256,258,246,228,204,189,174,185,207,258,324,391,451,484,480,436,347,233,103,34,235,220,253,235,176,73,56,180,287,344,349,310,237,155,78,13,24,33,13,23,14,21,6,3,21,4,8,2,1,19,22,14,13,22,45,70,91,85,39,45,170,311,452,566,636,653,606,511,360,174,253,191,340,430,463,431,369,287,208,143,107,90,89,98,120,142,155,158,135,89,4,111,260,421,584,732,841,905,593,870,782,645,471,278,92,72,195,273,307,305,264,211,151,104,95,118,197,286,401,508,599,656,660,619,521,354,132,127,400,674,906,1081,1158,1162,1848,951,783,600,425,276,159,92,61,71,112,153,184,187,165,96,12,140,285,441,597,730,838,896,900,849,737,586,425,194,34,262,483,676,814,885,889,814,0
276,7,431,383,308,208,108,12,59,98,92,510,34,141,275,403,503,568,564,508,390,226,19,190,399,568,683,744,734,668,557,416,269,124,12,71,106,103,76,85,55,124,187,239,259,253,217,155,69,32,141,243,329,388,410,395,348,284,202,132,71,29,1,1,6,18,24,25,20,6,6,22,35,37,25,291,29,69,107,150,189,211,234,247,248,249,232,231,224,215,220,230,249,274,307,341,362,367,348,291,215,111,2,285,192,244,246,204,119,13,102,200,272,307,307,273,220,162,105,68,41,30,34,3,0,38,3,16,11,14,2,20,13,3,72,61,42,21,4,9,39,100,181,281,379,458,494,482,409,290,137,32,204,643,446,506,505,478,415,338,260,187,133,89,69,61,74,96,120,138,139,123,73,0,98,230,374,518,645,745,805,544,777,687,572,415,254,100,35,143,213,245,253,223,186,140,94,66,63,86,139,207,313,415,519,605,660,672,633,535,380,180,41,275,486,674,818,1782,939,921,861,773,669,563,466,392,346,326,337,365,402,440,454,453,425,358,259,147,15,122,265,403,532,647,734,268,821,798,743,625,485,319,135,40,206,65
63,7,237,454,333,74,62,25,39,56,273,311,185,287,625,490,54,575,627,139,469,644,221,454,768,411,335,838,692,54,560,704,374,105,363,285,46,109,35,752,139,29,236,269,75,177,260,109,120,194,34,226,299,86,262,472,353,7,372,485,342,48,187,286,281,189,59,110,212,200,76,48,75,13,58,193,66,180,179,52,144,257,224,70,119,212,199,103,11,49,138,217,250,114,129,370,391,139,225,406,246,86,289,188,125,287,135,196,372,203,180,432,332,38,342,350,108,129,197,98,14,35,14,13,9,4,48,10,5,10,20,16,11,6,61,28,10,6,10,90,171,127,109,363,341,30,491,606,222,409,755,544,99,1016,694,224,370,592,366,48,310,302,127,8,73,93,93,106,68,48,200,215,25,274,414,199,259,667,623,82,646,508,681,162,906,1021,460,354,840,750,224,303,513,390,147,16,120,226,326,270,2,365,570,380,146,668,717,170,617,1010,652,248,1041,1123,424,587,1189,1451,141,707,1015,674,38,461,605,425,156,73,225,367,421,253,161,585,676,301,324,747,673,117,541,860,570,139,800,585,372,447,977,831,115,705,1026,650,139,59
118,7,530,305,10,199,246,187,132,97,76,696,203,364,337,73,299,522,415,2,445,604,337,176,593,633,266,244,588,562,241,124,356,344,178,6,74,53,4,256,71,121,95,1,93,98,2,114,133,15,177,301,260,49,207,368,341,190,13,170,265,279,237,141,21,210,332,317,160,75,236,233,83,92,147,367,135,244,184,16,239,328,245,65,106,179,162,120,106,104,76,49,231,362,313,62,271,456,347,23,282,336,105,436,291,84,265,435,253,153,475,456,135,241,406,276,14,164,177,80,8,23,64,26,15,15,2,27,6,29,12,13,20,11,78,10,32,5,37,19,121,148,6,236,380,242,154,550,610,246,344,746,678,125,378,690,580,179,225,419,362,172,13,112,134,128,103,78,20,84,179,188,41,204,379,313,34,482,716,513,69,498,1011,744,45,687,1052,871,271,400,799,761,389,64,365,423,308,166,56,58,212,376,381,142,290,640,626,160,508,948,833,179,649,1137,986,286,551,1973,1003,451,249,727,803,515,99,233,412,438,374,228,1,308,537,551,268,201,605,693,389,136,606,745,479,55,576,427,594,61,516,827,698,207,383,732,688,4
80,64,619,629,395,79,189,328,349,307,229,223,56,276,446,459,235,135,475,564,355,57,447,577,384,1,381,555,439,120,201,394,390,234,49,89,145,158,167,122,132,43,104,220,234,133,48,193,230,123,74,247,295,193,14,235,346,325,181,8,171,276,314,271,162,12,214,346,354,205,25,222,288,197,22,161,194,106,58,206,241,137,35,203,277,232,131,10,72,141,202,255,262,164,41,285,424,377,133,171,353,311,84,154,249,108,136,303,242,21,291,379,227,39,254,279,144,25,114,100,39,9,15,33,33,3,38,5,26,19,16,8,6,24,118,42,27,37,12,20,93,168,127,78,347,476,305,145,602,764,488,92,641,1174,579,46,446,640,489,135,186,320,262,109,24,63,56,53,98,134,95,59,259,369,260,72,468,693,569,96,507,573,921,465,225,827,1045,787,190,424,791,762,442,23,299,432,400,294,162,12,199,409,532,430,55,452,833,838,374,367,990,1151,726,76,838,1179,958,55,379,830,884,599,150,268,512,572,493,287,14,305,568,668,505,92,422,798,822,463,117,631,855,699,256,248,658,621,592,131,399,776,802,441,131,641,839,11
183,26,228,244,257,277,292,311,334,356,381,806,405,413,420,422,425,417,421,415,406,404,402,394,394,380,366,367,351,337,321,309,294,269,244,226,201,176,157,229,125,127,127,128,129,143,156,158,169,177,183,191,210,234,256,275,299,320,346,364,370,372,374,366,355,340,318,295,272,237,213,187,154,138,116,535,95,89,85,78,80,68,69,72,77,92,116,137,170,198,235,271,301,326,341,363,376,377,376,369,353,331,298,65,201,142,78,8,61,132,195,246,290,313,324,320,303,276,240,207,165,130,90,14,51,13,20,3,17,18,0,4,29,67,9,4,5,13,49,94,160,236,312,400,458,516,556,561,540,490,423,347,251,13,92,16,27,79,107,126,116,113,89,46,18,0,36,65,91,148,159,200,220,227,246,243,249,215,178,147,95,81,9,48,102,143,175,194,196,199,180,164,134,95,51,7,67,143,213,298,382,459,531,597,639,674,685,686,662,627,579,524,461,389,314,253,181,165,78,28,11,4,0,32,71,127,212,310,405,519,630,724,815,871,907,924,905,879,836,779,736,688,642,612,577,393,518,479,446,418,372,342,307,269,251,38
142,90,34,334,553,625,560,430,312,240,180,699,37,274,509,665,660,440,65,302,541,545,319,46,381,545,496,237,124,420,599,616,434,231,43,118,194,210,241,239,239,243,200,134,25,69,134,152,70,46,121,144,86,89,255,362,400,353,222,91,36,154,281,376,437,466,370,185,20,256,400,401,294,98,106,204,146,8,195,316,327,205,20,151,267,313,263,193,143,110,124,159,130,24,151,376,534,526,344,32,284,463,445,52,47,238,262,98,173,355,356,169,132,390,466,352,120,98,213,202,105,12,19,31,86,27,77,16,11,30,15,19,13,37,7,0,60,142,212,215,89,151,401,556,514,248,158,559,782,744,442,7,428,1154,722,534,233,79,294,410,398,314,182,42,95,205,255,242,171,61,98,239,364,431,399,210,78,410,703,812,676,563,104,554,839,885,715,377,37,404,635,702,610,385,116,127,304,418,443,400,328,176,35,247,466,608,565,375,44,371,705,846,752,410,62,521,836,1481,761,398,34,425,719,836,752,543,236,101,384,589,726,743,636,435,131,253,573,781,830,665,363,19,344,591,674,873,319,79,465,755,773,510,60,457,837,34
282,25,856,676,462,255,125,63,68,100,100,901,82,260,453,595,652,586,397,133,153,382,499,466,284,16,305,568,726,748,642,446,218,24,111,155,159,135,112,410,156,205,239,254,231,177,114,52,6,11,5,57,134,223,324,387,418,382,310,217,109,9,69,134,204,285,368,434,463,421,324,183,28,97,152,413,44,87,212,311,345,314,239,127,22,63,119,140,134,126,125,141,192,261,327,365,338,241,89,96,253,341,325,80,28,149,256,255,128,74,279,421,451,359,187,5,165,244,240,177,88,21,11,37,35,5,1,8,1,3,7,0,17,35,33,12,76,148,180,161,64,90,289,466,562,535,380,120,186,467,652,703,619,252,177,68,266,383,412,380,308,212,128,57,8,37,80,118,165,198,218,202,130,1,175,366,534,635,627,502,280,243,307,562,721,775,719,566,351,111,131,321,453,514,507,462,388,310,239,170,89,9,154,313,460,564,594,515,327,58,248,518,714,782,719,540,263,287,366,613,774,828,782,648,479,282,103,56,197,325,458,587,690,748,745,666,506,281,30,211,427,572,646,628,515,718,36,264,549,744,794,687,437,84,302,136
60,20,451,461,488,502,508,529,540,544,548,969,545,541,534,511,496,465,427,380,321,254,175,103,37,33,85,130,155,163,148,114,59,10,89,182,264,339,420,456,505,525,512,477,429,366,284,191,94,2,97,183,272,362,430,489,526,543,539,514,455,389,306,212,132,45,33,93,140,158,171,165,145,113,65,27,33,87,144,201,253,301,348,398,431,462,477,501,503,495,489,467,445,414,389,355,329,299,272,251,224,184,143,217,30,36,110,187,264,338,409,461,498,524,536,524,504,476,434,388,337,281,226,0,0,4,10,39,3,0,6,10,3,1,3,12,43,82,131,188,253,307,355,391,405,397,367,320,260,195,131,70,34,464,0,2,20,48,81,111,140,155,167,177,169,164,143,122,85,46,2,70,135,210,292,376,454,524,594,638,692,329,726,720,693,653,603,536,463,394,323,263,206,176,148,139,133,147,174,206,246,303,353,422,497,578,641,719,789,835,874,902,899,877,853,809,745,1201,633,567,525,487,451,435,428,446,464,512,562,620,685,743,800,843,876,897,898,884,872,820,773,728,675,620,578,319,506,490,478,453,454,448,436,436,440,33
3,34,66,168,236,282,254,99,165,407,463,28,134,441,470,187,208,430,305,74,400,404,70,360,553,371,57,433,515,297,17,213,218,136,88,123,156,79,111,384,365,218,43,240,274,161,7,69,5,113,142,5,256,423,352,58,290,485,434,199,63,242,305,296,249,134,56,271,380,307,91,129,223,161,35,333,47,176,222,69,208,435,444,206,139,393,443,307,84,113,223,280,288,223,58,187,378,383,161,148,319,242,1,109,100,118,247,134,192,447,384,27,378,524,319,59,340,370,192,43,197,212,109,12,11,15,23,16,0,5,17,32,5,10,34,34,12,19,79,133,81,113,330,381,143,287,626,589,147,442,767,631,137,769,647,546,199,155,367,392,276,96,85,230,290,226,47,152,246,159,49,226,223,1,304,473,332,88,566,787,560,3,642,939,726,147,453,774,686,319,88,362,445,396,269,65,188,414,468,250,140,450,469,122,349,594,412,140,697,850,428,325,944,1018,497,270,847,1389,537,4,407,556,499,340,125,131,418,606,530,154,383,766,704,168,493,845,628,13,632,819,459,176,708,792,386,187,725,760,358,216,623,667,349,89,401,20
117,64,218,14,43,9,32,64,246,363,301,303,261,440,352,67,240,351,186,148,396,358,21,414,648,481,14,469,663,472,63,280,362,194,50,130,18,182,284,492,75,306,369,217,19,155,101,51,139,36,226,463,457,179,244,563,585,336,22,285,326,203,62,20,88,159,100,90,296,369,235,12,202,210,71,101,42,124,291,296,71,262,503,499,250,95,338,376,228,47,37,8,65,53,88,284,358,224,60,307,348,166,63,107,27,138,160,54,347,454,219,205,534,510,165,246,435,312,25,192,221,98,29,3,10,2,22,19,13,0,13,33,18,55,16,23,1,10,29,111,164,106,81,302,399,245,124,499,631,408,67,518,697,395,111,287,494,452,255,31,123,205,223,212,135,30,97,182,181,72,79,178,128,74,305,388,217,179,600,774,544,43,649,979,841,313,318,732,761,475,97,176,295,299,268,243,170,15,196,364,354,126,207,440,381,27,441,707,538,15,647,990,810,179,543,975,912,324,125,544,668,527,279,38,157,294,395,418,324,72,268,529,559,289,162,522,580,284,189,543,583,274,203,588,675,351,103,581,791,603,95,468,777,663,241,74
11,1,254,97,25,33,113,177,158,36,156,479,470,430,243,13,278,403,348,114,201,492,609,480,144,279,635,773,646,356,2,261,350,274,118,26,85,35,83,581,278,243,142,5,108,145,87,48,166,211,131,69,334,554,638,530,253,78,333,453,417,259,107,33,64,142,229,213,113,47,196,267,220,109,26,91,67,78,251,377,394,267,40,203,389,456,394,248,90,16,49,14,62,96,53,67,220,341,360,259,82,98,182,14,5,137,171,44,191,420,497,373,68,274,496,509,336,70,151,243,202,96,13,24,64,4,24,22,4,11,1,10,15,11,3,26,27,13,17,72,169,255,263,152,80,360,569,621,456,133,253,562,697,669,428,150,103,279,342,321,264,213,158,114,42,47,142,205,211,150,27,97,194,226,158,27,283,539,696,647,385,30,503,856,987,872,577,204,147,403,511,503,414,284,180,124,82,27,74,223,360,390,275,25,296,561,633,477,105,379,809,1027,953,582,30,520,890,1774,871,555,199,90,275,347,366,361,360,373,362,289,114,160,440,638,655,451,87,303,602,707,585,282,97,466,713,334,619,278,157,554,790,797,574,218,146,31
78,56,576,466,316,230,247,325,344,231,43,648,703,795,622,225,229,532,528,251,201,573,662,399,110,664,1023,1051,730,213,308,664,775,677,448,212,26,55,53,837,21,61,127,192,202,165,101,63,77,157,252,294,217,3,299,569,714,654,443,159,118,320,442,486,481,406,277,84,118,258,273,174,1,133,161,343,206,443,569,519,296,18,314,507,553,475,338,211,122,65,8,131,313,496,586,511,253,97,407,539,435,161,121,86,163,81,319,371,184,170,506,652,509,161,218,450,450,270,51,78,53,50,144,10,0,31,36,24,3,4,25,16,35,51,111,103,33,91,200,218,80,175,434,543,406,39,418,770,840,588,105,405,760,1064,645,299,78,356,483,462,363,225,88,36,166,282,342,318,174,75,343,519,481,229,208,644,898,827,414,208,819,531,1168,757,121,528,963,1082,870,469,38,282,430,436,379,342,321,295,192,22,318,570,647,476,64,422,777,820,481,120,753,1140,1098,625,117,845,1291,1995,868,226,396,801,892,733,452,224,107,75,26,115,369,663,833,768,429,90,588,891,870,513,23,536,800,718,312,70,787,1036,905,442,205,787,1107,1071,719,45
17,89,358,235,92,52,196,323,434,522,585,71,625,606,558,470,360,230,80,79,247,404,543,663,767,831,876,894,887,857,802,726,648,549,456,357,259,173,100,709,0,23,39,41,35,28,28,27,35,45,59,68,88,96,117,120,123,123,105,93,55,27,7,43,78,108,125,136,133,110,75,35,7,59,116,64,212,245,278,292,303,296,285,273,260,251,246,248,267,283,310,343,381,425,466,496,528,543,533,509,451,369,259,348,11,151,277,377,445,470,452,397,318,223,123,33,29,72,87,76,50,17,20,41,17,9,48,1,0,26,21,15,14,13,24,59,97,141,189,229,269,292,298,280,237,171,86,26,134,254,364,448,514,1032,561,545,505,446,383,325,266,224,195,175,170,174,197,227,269,324,371,427,482,523,556,574,572,549,504,448,373,234,204,112,32,43,103,153,180,194,183,153,104,46,23,94,165,224,263,291,289,274,220,148,51,58,201,342,496,651,800,929,1044,1125,1165,1172,1147,1702,1008,914,813,711,623,537,467,403,359,338,329,340,384,431,505,581,652,719,775,795,800,774,725,658,588,501,413,54,237,139,37,77,194,308,405,483,539,84
110,42,74,97,131,172,216,260,299,342,380,659,445,462,475,476,467,449,419,385,342,297,257,212,171,139,112,96,90,69,76,82,85,90,87,90,86,79,62,179,44,36,19,11,9,0,0,6,10,11,15,10,1,11,27,43,68,93,117,138,159,178,202,217,232,241,246,243,229,201,162,99,30,48,129,296,272,328,366,385,388,367,332,290,234,175,112,46,18,88,155,223,286,341,383,414,424,411,376,325,258,176,85,304,92,167,227,261,279,273,244,210,155,102,55,14,10,20,18,2,15,36,55,6,19,8,4,1,11,36,11,12,53,21,17,8,4,30,65,110,164,221,297,365,437,505,563,610,643,664,669,652,632,688,554,505,453,413,369,331,303,275,261,255,251,256,264,281,303,329,373,408,457,503,550,593,635,662,679,681,669,358,596,547,491,430,378,333,300,282,274,271,288,298,319,345,372,402,437,481,541,599,662,727,787,835,875,888,883,853,804,738,648,559,463,358,270,330,115,61,21,12,12,38,73,130,205,285,377,473,569,661,753,828,891,938,967,971,952,912,863,794,712,625,543,18,380,315,252,203,148,109,76,55,45,69
274,24,131,179,230,282,352,418,481,546,586,692,671,689,700,699,674,637,581,501,411,306,180,59,54,175,268,353,413,451,468,448,425,376,296,210,110,4,102,496,300,378,440,484,509,513,501,468,420,347,269,181,85,3,96,169,240,282,315,334,340,329,312,288,254,217,174,133,80,36,18,78,125,177,224,120,309,332,358,371,366,350,318,271,215,148,70,9,89,173,249,319,378,428,469,489,494,480,443,396,330,261,185,147,37,20,67,93,98,87,67,32,17,62,101,132,149,152,138,117,80,43,4,17,10,23,10,5,14,29,14,38,84,22,33,32,36,33,30,17,8,45,98,162,237,316,396,466,528,572,600,605,609,740,565,526,489,451,411,371,342,320,306,294,287,284,297,299,311,322,337,349,361,351,352,343,327,303,270,235,195,485,119,79,45,10,13,39,54,65,69,65,48,19,18,58,110,160,203,243,267,271,253,216,155,67,36,147,273,387,509,608,693,748,784,789,776,1785,688,629,561,485,421,363,309,261,223,201,199,204,230,269,317,377,444,506,565,619,646,659,663,652,624,586,547,272,445,392,340,288,233,186,145,109,90,12
66,3,164,197,180,120,25,81,170,223,208,494,10,179,376,552,681,716,653,511,297,56,196,409,567,650,651,585,456,299,120,48,174,247,261,214,120,8,94,645,236,242,199,142,73,7,35,47,30,13,85,163,246,323,374,408,413,398,363,320,272,237,212,197,185,176,163,142,113,81,51,28,18,32,76,345,198,270,328,359,359,328,267,192,119,50,5,11,8,56,126,211,282,329,333,296,200,64,99,249,364,422,397,120,150,16,164,245,243,154,5,189,356,472,507,467,365,223,86,12,65,74,41,25,20,12,3,22,22,11,42,17,17,23,59,67,75,81,90,91,76,40,20,107,214,334,454,554,618,641,611,527,420,18,127,10,134,225,291,314,317,302,278,253,230,215,199,186,159,118,65,2,89,184,288,390,478,534,551,519,429,320,118,76,255,413,520,584,591,554,485,408,326,265,221,200,207,221,253,277,277,235,149,18,154,345,539,707,813,838,768,614,395,132,146,393,590,1607,768,742,671,558,441,327,244,201,196,236,292,360,399,401,352,235,59,151,392,610,787,892,924,870,752,569,340,264,170,403,607,749,819,813,740,596,426,8
203,59,212,17,72,62,14,110,180,181,89,536,285,474,591,586,448,210,76,320,455,438,273,0,298,551,685,682,535,281,3,261,436,498,444,309,142,5,68,428,8,91,189,258,290,275,240,190,135,101,99,124,181,222,238,208,129,2,121,237,314,352,360,344,322,293,250,187,134,81,43,32,50,94,152,258,229,212,138,14,137,282,388,431,398,302,186,92,47,64,134,224,292,303,227,82,108,295,429,478,424,284,102,297,146,114,20,217,380,436,345,136,138,367,479,442,296,109,37,103,88,23,34,16,20,6,37,16,24,3,66,20,29,8,9,44,75,92,77,25,56,162,267,355,389,358,242,46,197,444,641,727,685,215,293,33,192,346,423,427,377,303,210,125,41,31,81,114,131,136,126,106,50,44,174,327,454,519,475,338,109,55,453,669,798,812,723,541,298,43,175,304,360,332,261,190,161,179,218,248,218,121,57,271,467,576,560,395,109,259,602,863,965,892,667,327,39,1000,578,675,668,573,436,293,180,112,83,66,37,37,172,364,554,692,714,591,324,18,358,612,738,720,589,354,78,187,477,665,746,681,452,123,240,559,750,70
93,73,266,275,216,122,3,128,239,317,358,410,257,116,54,234,391,503,558,534,431,268,53,183,415,623,784,880,907,871,774,643,482,306,156,27,58,94,86,8,38,123,206,271,319,344,341,312,265,204,124,65,4,21,17,6,36,88,137,186,225,248,256,249,230,219,200,188,171,159,128,81,27,67,156,150,319,368,391,373,334,256,172,91,26,23,44,26,19,99,185,277,362,425,453,434,371,256,117,32,168,265,302,25,170,23,153,317,434,478,438,332,167,12,180,295,340,327,254,151,43,47,98,34,20,24,25,22,28,10,1,11,14,26,14,28,50,81,124,173,235,296,354,403,424,414,362,266,137,19,186,339,475,865,634,659,641,590,516,431,360,293,245,212,189,162,140,106,58,7,61,123,196,260,321,369,395,393,374,317,233,105,17,170,319,458,572,642,670,650,598,516,421,328,250,205,178,199,242,304,366,400,405,366,248,86,121,353,582,775,930,1011,1024,958,848,692,504,202,115,54,192,271,300,289,237,171,90,21,7,10,61,180,331,492,654,773,846,847,782,672,525,342,125,95,309,92,678,809,881,893,848,749,608,433,248,33
15,79,218,254,190,98,46,49,137,245,339,202,309,151,46,219,302,259,97,108,284,339,222,24,331,601,737,686,444,91,265,516,595,504,287,39,150,228,182,250,126,257,335,322,246,137,40,41,71,88,98,136,218,338,457,525,531,411,213,20,252,403,463,435,365,267,169,67,7,44,42,27,126,241,300,169,149,60,307,519,634,626,503,314,113,40,120,133,124,130,193,312,454,553,540,396,128,181,430,520,414,171,112,326,256,33,294,575,663,502,152,260,572,682,569,317,58,120,180,153,98,69,77,30,40,11,18,6,27,11,7,57,14,6,53,109,141,124,55,64,213,350,409,354,159,134,457,708,782,649,334,77,456,1035,774,665,457,204,16,189,295,350,354,320,240,138,9,100,183,205,159,54,106,276,411,475,410,228,41,350,620,486,774,622,355,33,266,487,592,586,501,359,205,76,32,119,193,266,334,364,334,221,29,211,420,524,472,251,88,460,737,848,728,418,0,403,691,1390,723,523,279,68,83,146,174,195,245,336,434,472,414,219,79,392,623,696,574,294,55,358,548,575,452,213,74,25,571,661,604,378,35,341,642,789,733,77
161,23,377,261,178,88,13,49,114,146,185,379,177,142,88,12,76,171,298,398,518,622,713,783,834,851,850,824,779,703,623,523,424,318,214,128,35,35,92,703,135,132,111,68,0,69,159,258,357,465,561,659,736,795,836,849,841,803,756,682,599,503,405,309,216,145,83,45,26,25,57,95,157,229,301,476,479,576,650,724,785,822,850,846,833,786,728,664,577,509,411,335,253,190,137,96,78,67,73,93,123,168,214,24,305,340,368,378,370,340,299,242,175,108,48,2,43,66,66,53,32,2,36,33,17,11,7,48,4,24,14,16,34,31,96,115,135,171,204,257,310,365,425,483,538,585,628,659,680,697,688,681,651,371,574,528,487,448,417,385,360,339,316,311,293,276,256,232,221,203,197,188,197,211,227,258,285,325,358,376,412,460,454,457,469,476,472,476,467,458,446,430,416,397,387,367,354,344,343,340,347,360,389,417,459,503,547,596,644,677,710,740,759,761,774,768,759,751,714,686,647,599,562,519,481,443,412,380,370,368,382,393,418,448,468,505,513,541,547,574,583,604,644,658,714,314,785,808,831,861,847,861,818,790,714,23
80,1,216,229,257,295,344,382,435,480,523,517,569,573,566,536,483,404,306,193,75,58,208,339,469,569,659,719,747,738,697,633,537,435,311,195,75,26,112,918,201,221,195,167,107,34,65,155,270,376,489,581,669,730,769,784,773,739,683,618,531,455,366,303,229,172,130,95,52,25,19,43,83,115,156,245,212,225,241,250,254,237,225,208,187,169,142,102,71,40,11,20,53,75,88,83,71,47,24,17,60,99,124,16,153,149,130,97,45,1,48,87,132,152,166,162,155,139,121,109,89,73,65,14,14,59,22,14,9,34,2,37,5,31,0,5,7,12,20,36,62,93,130,196,268,358,449,542,642,727,799,850,889,1020,878,836,782,713,637,554,480,410,340,295,246,215,192,191,195,203,226,249,271,291,307,307,297,267,239,187,138,115,12,53,105,153,196,221,222,218,187,157,107,57,3,71,131,187,233,255,263,243,199,129,16,100,240,390,546,685,827,942,1034,1086,1127,1114,1104,1944,978,888,795,698,604,503,433,383,347,342,345,387,435,514,586,668,736,812,861,901,911,914,910,889,864,834,804,435,747,709,677,626,574,522,457,394,335,156
115,62,78,426,636,695,643,552,484,461,447,541,260,23,278,559,714,692,489,185,128,314,322,129,182,504,720,725,516,158,262,594,773,775,647,456,277,166,113,699,6,126,267,401,474,465,366,201,44,75,110,46,59,187,261,221,96,81,258,387,443,445,418,381,348,279,168,16,240,451,575,574,458,256,61,322,100,39,63,147,146,58,98,244,343,347,270,158,68,38,61,121,154,112,26,235,431,554,538,374,119,145,321,139,275,120,9,30,32,147,209,175,37,153,296,322,223,56,96,172,138,35,64,51,35,52,47,22,41,13,6,9,6,14,188,78,38,144,223,270,275,237,124,46,262,482,618,599,409,71,320,645,782,625,412,21,345,572,586,425,157,113,293,329,246,99,57,153,183,162,132,117,143,172,165,70,126,388,628,762,693,373,19,499,871,1017,885,525,35,417,710,783,649,371,79,159,276,277,227,168,160,202,253,252,151,70,363,613,715,597,262,185,619,902,922,680,231,823,683,903,872,629,259,106,388,539,571,512,430,366,302,203,64,155,395,621,751,749,577,292,69,414,650,719,576,682,164,554,776,763,485,33,476,892,1099,24
359,119,459,778,483,62,408,456,306,94,180,1069,529,198,372,690,429,181,554,364,112,320,61,294,222,257,608,370,324,810,592,138,679,636,182,254,437,382,194,433,333,411,217,129,364,309,44,190,179,9,72,50,193,98,193,370,229,120,348,323,127,75,254,364,290,28,436,579,241,341,622,377,161,446,268,27,188,19,159,2,285,328,13,418,440,34,348,340,60,132,67,37,79,291,216,215,560,378,228,654,432,205,550,91,196,280,16,185,43,300,123,302,404,9,398,322,102,323,133,131,137,29,75,26,12,16,10,6,24,0,9,17,10,20,42,236,192,50,248,228,48,156,309,255,48,421,473,48,521,640,112,558,696,59,499,628,144,405,455,52,314,241,89,250,79,187,219,12,180,167,15,63,26,33,164,218,28,430,515,13,655,788,99,718,883,200,647,845,234,522,675,175,391,455,64,274,225,28,120,8,56,81,209,45,312,432,31,549,629,1,724,745,16,810,794,14,789,1100,30,691,733,96,539,617,167,311,426,243,9,157,300,358,148,275,595,441,139,659,634,47,567,671,157,459,595,525,425,527,68,528,614,35,678,787,135,57
29,53,641,587,523,459,393,332,261,210,164,785,118,121,149,182,220,252,275,281,281,250,200,129,51,36,136,232,321,385,437,462,467,451,409,363,314,262,209,84,118,84,42,10,18,33,46,44,34,25,23,21,16,24,32,36,38,41,21,7,42,100,153,210,262,306,341,359,355,329,284,209,123,27,78,59,257,307,336,326,291,225,147,64,25,93,144,170,164,130,68,13,114,222,335,436,511,564,586,557,500,389,263,151,25,142,230,269,241,175,71,56,194,302,387,418,409,359,274,179,91,24,20,17,22,22,1,45,12,8,24,4,17,21,61,95,115,121,112,99,89,89,98,128,172,240,315,403,485,554,610,636,626,601,510,416,314,214,121,58,9,11,9,5,35,68,102,132,152,175,178,167,128,67,8,117,234,350,470,567,638,448,697,685,635,567,478,385,279,183,97,20,31,61,74,41,0,55,129,205,273,342,381,408,398,361,301,205,91,39,180,310,432,535,596,636,647,1408,589,549,492,418,362,304,257,224,211,213,234,282,337,394,473,528,587,621,631,619,586,542,493,427,363,295,217,501,38,67,186,310,428,539,620,684,715,18
243,144,580,464,342,201,106,17,118,200,278,522,375,371,349,302,234,150,26,70,200,302,398,486,526,579,595,602,589,542,517,437,384,307,226,154,72,13,50,393,125,150,153,133,124,88,60,14,20,56,104,141,172,202,206,234,231,241,241,240,239,237,250,245,263,263,274,272,268,249,231,202,159,97,44,455,88,159,228,276,326,340,366,353,331,286,230,151,64,26,121,230,316,401,478,530,557,566,534,478,396,286,172,329,70,184,265,305,334,304,264,191,97,14,73,133,173,197,180,164,112,74,24,12,9,54,21,11,32,10,23,49,3,23,26,46,60,76,77,89,90,105,120,143,194,245,316,389,477,559,634,696,736,843,746,712,671,603,535,455,378,306,233,182,119,86,46,25,9,9,30,54,105,156,224,293,347,406,441,451,455,60,382,303,237,154,65,4,82,132,172,198,194,187,159,104,47,42,119,217,306,394,476,532,566,579,557,523,447,365,269,151,50,61,160,248,325,730,426,456,454,464,424,390,336,250,168,52,43,160,263,360,451,495,544,549,530,508,431,387,286,205,111,9,105,58,344,458,586,674,789,843,892,915,877,14
51,65,453,337,207,84,14,115,187,245,281,408,289,256,194,123,24,77,186,294,390,482,562,613,651,664,665,637,589,528,449,369,283,198,118,35,32,89,141,591,215,243,248,256,250,240,217,183,143,111,67,23,14,45,87,128,162,200,247,290,334,385,420,453,476,486,481,465,431,384,321,251,175,72,19,373,210,301,371,425,454,466,450,409,342,265,173,75,24,116,194,268,317,348,347,331,287,227,147,60,28,116,184,395,253,244,206,148,61,36,132,223,300,356,382,379,345,293,224,141,61,9,68,21,17,33,1,0,9,2,7,18,55,8,103,97,89,80,69,75,93,130,187,268,370,483,598,712,810,889,950,968,961,790,878,796,712,620,529,437,358,288,223,179,132,112,95,92,100,113,128,157,176,197,204,197,175,136,81,7,85,300,267,358,437,507,551,583,591,591,558,520,458,382,304,208,101,4,104,198,277,336,373,377,350,295,215,108,18,145,292,433,572,698,801,889,956,1488,1001,972,929,858,763,655,538,399,271,137,11,91,186,255,310,337,341,319,275,201,122,25,81,195,317,435,562,434,791,896,983,1042,1081,1093,1066,1013,933,112
113,42,202,99,231,180,28,109,97,44,270,203,460,255,85,400,535,403,75,278,483,422,129,255,579,683,534,174,255,579,694,566,274,38,240,263,154,7,120,409,21,115,236,307,277,189,63,54,121,134,125,117,150,218,278,288,218,84,91,250,369,444,449,404,275,82,147,338,434,391,260,76,38,57,19,461,193,155,7,200,392,467,393,197,37,204,233,139,20,24,55,249,431,455,266,88,439,623,554,264,88,329,348,360,88,238,185,40,302,430,335,62,251,437,406,197,56,220,225,111,34,118,100,47,1,29,11,2,13,1,15,29,20,16,37,4,42,55,54,67,107,138,101,48,289,518,590,404,15,522,904,959,654,238,485,856,890,637,227,140,365,403,322,193,92,47,44,24,32,118,181,165,39,158,331,359,171,200,598,846,799,252,174,778,1158,1158,791,190,424,823,899,680,306,51,242,239,110,11,34,79,233,316,227,14,298,472,410,83,363,738,825,560,12,629,1095,1187,873,318,394,868,1035,876,508,86,217,345,311,211,158,192,299,362,303,92,217,483,564,411,72,324,593,611,368,83,559,486,889,560,8,615,1022,1060,733,170,399,48
49,97,674,448,163,51,87,4,134,180,48,280,496,656,593,300,85,405,518,392,111,155,275,170,98,406,594,561,305,69,441,652,662,479,202,47,189,190,79,801,111,59,103,302,448,470,358,167,26,161,209,221,220,254,325,373,365,272,97,107,309,449,523,506,416,253,48,163,313,364,307,174,53,8,79,351,330,333,172,108,418,632,669,505,217,74,279,329,265,158,99,134,250,351,328,153,144,433,573,491,234,65,235,82,13,163,178,19,325,560,547,264,164,528,650,482,152,167,328,290,128,22,90,51,27,24,17,7,10,36,14,5,34,32,83,29,58,148,202,179,57,113,294,412,392,219,86,419,655,693,485,89,340,758,738,573,246,121,382,474,406,216,17,140,188,170,100,23,14,34,41,68,115,146,109,26,221,398,439,274,56,327,728,750,470,18,508,816,819,535,90,309,530,503,296,71,76,80,17,104,65,90,317,456,407,125,278,632,757,541,57,486,854,871,513,58,604,1760,805,409,102,519,684,583,315,31,138,162,102,70,133,297,470,544,410,75,349,705,840,683,288,191,568,703,529,162,319,641,674,408,74,556,871,859,544,22
208,183,523,453,349,236,111,15,139,246,344,275,468,496,487,436,358,260,146,34,80,175,247,290,314,303,268,224,166,114,49,3,43,68,84,97,92,72,38,229,61,111,175,236,286,325,335,336,314,268,205,140,62,13,92,155,214,266,293,331,357,377,390,401,413,414,410,391,366,325,268,192,113,35,64,188,212,259,298,303,281,246,186,127,64,14,21,33,19,9,71,146,237,323,411,483,536,565,560,516,444,344,229,114,7,98,155,164,133,62,34,155,266,379,453,492,494,458,392,303,204,114,33,10,23,0,41,20,3,26,23,41,3,21,61,92,122,160,191,225,249,273,291,292,284,259,222,163,92,9,81,175,265,539,404,444,465,478,475,441,414,376,327,282,236,181,143,96,72,52,51,68,95,129,165,194,206,190,158,101,13,61,210,333,455,564,650,711,744,741,712,658,579,485,385,284,190,117,69,48,62,107,189,284,392,505,598,668,709,701,660,571,457,307,152,0,157,430,407,492,539,561,555,517,456,387,299,218,146,77,30,5,13,34,71,138,206,289,358,428,497,556,595,614,625,217,552,471,368,235,82,72,226,363,464,57
206,50,494,414,325,230,126,25,74,168,245,449,348,356,350,312,256,181,103,19,56,143,210,274,333,377,409,436,454,459,458,446,424,396,357,313,260,198,140,543,8,50,109,159,200,223,236,239,233,209,186,153,121,94,61,30,3,36,80,119,166,222,280,333,377,420,446,449,437,412,361,289,212,115,9,334,211,313,407,495,556,602,629,627,611,572,514,435,343,242,131,20,97,208,311,398,467,514,535,523,484,418,335,12,139,44,34,90,117,119,90,39,28,104,175,234,278,296,293,267,227,176,124,6,3,20,0,15,11,24,10,18,54,26,24,45,69,96,132,162,192,216,237,253,263,271,271,268,262,247,231,201,176,123,120,85,57,24,7,9,20,25,25,18,10,1,13,27,46,51,59,72,67,59,35,3,43,97,165,241,324,344,474,536,586,619,639,648,637,615,580,532,474,404,329,242,158,56,34,128,203,269,311,325,310,266,193,99,14,140,265,397,506,598,675,720,750,1479,731,694,649,586,526,462,395,326,266,190,125,64,3,43,82,110,116,107,87,68,30,15,65,115,177,238,303,333,434,509,567,634,676,704,719,712,695,57
45,124,177,268,259,207,167,176,263,415,597,460,848,820,662,390,55,237,431,477,368,155,89,284,358,302,113,146,418,630,743,723,599,414,241,112,63,78,140,816,214,170,63,86,242,364,430,428,372,294,235,221,265,328,399,441,426,368,260,147,46,43,91,149,205,285,377,467,518,502,446,334,217,119,87,247,196,288,344,323,208,10,226,444,602,647,584,439,271,133,67,82,169,258,319,277,133,88,318,501,576,522,374,121,52,9,67,198,306,322,214,10,284,520,637,595,420,170,70,224,264,203,81,8,18,12,68,3,7,6,1,46,18,40,48,25,29,101,174,229,252,210,114,35,216,394,518,562,493,313,53,235,481,810,694,619,448,229,13,159,269,309,297,241,176,113,62,21,8,39,74,127,165,170,118,7,158,351,514,587,532,245,30,328,652,862,907,780,510,180,138,373,486,487,404,282,185,140,167,235,280,261,160,27,279,514,652,653,477,166,216,551,748,750,541,204,185,1058,738,794,699,491,248,26,127,200,207,189,209,281,420,577,713,752,668,454,146,204,527,759,856,791,579,256,92,350,582,589,418,114,252,603,828,904,800,167
97,12,536,419,283,132,18,175,315,442,556,125,704,731,741,710,653,566,449,326,176,30,116,255,385,492,585,650,674,678,654,612,552,472,396,303,208,128,50,712,70,114,144,157,175,166,159,153,125,101,63,24,16,65,115,161,223,274,321,366,404,441,465,492,501,507,504,492,465,424,366,299,227,148,56,591,127,215,290,357,412,452,482,488,482,456,415,360,297,220,135,44,40,124,196,255,302,325,328,314,275,223,169,168,69,43,28,32,57,108,171,245,317,377,425,451,454,440,405,350,289,224,163,47,1,19,17,28,0,4,7,12,30,14,20,36,53,74,89,99,102,93,82,48,2,56,127,197,267,335,399,447,482,852,500,481,457,421,388,349,304,257,220,186,156,132,108,79,64,67,76,99,129,169,222,287,362,430,490,540,570,449,611,613,596,551,507,460,415,358,301,242,183,138,118,109,108,114,133,182,252,342,423,496,565,631,681,717,726,692,646,568,479,382,280,164,49,9,145,207,246,272,285,271,234,168,87,6,116,221,336,456,565,663,738,794,815,822,798,755,688,598,498,383,262,234,3,135,272,390,501,603,676,731,745,103
42,90,112,222,240,196,170,183,276,435,625,716,886,840,643,303,82,426,642,674,519,234,94,345,449,366,157,137,410,607,677,632,497,330,178,72,24,33,58,735,63,28,159,324,454,521,496,395,245,118,37,38,121,232,355,422,423,364,249,101,37,179,293,381,446,497,522,526,491,435,336,227,121,22,15,563,15,41,36,17,115,245,368,460,490,459,398,316,247,199,186,186,183,145,49,100,281,461,586,623,561,408,223,289,50,50,1,70,82,5,146,328,486,553,495,323,91,128,276,321,276,168,42,54,9,21,1,17,18,12,6,12,24,16,25,15,53,59,24,55,175,293,379,378,269,62,207,468,657,708,615,400,118,488,394,537,575,528,418,268,117,15,121,184,205,191,156,117,83,48,14,37,104,172,215,201,99,91,335,553,691,479,531,233,137,503,782,896,837,630,346,40,194,330,346,284,190,129,135,210,317,398,392,270,35,261,529,691,661,457,107,283,620,817,806,589,227,225,537,757,812,700,481,219,8,127,168,151,116,140,237,400,595,747,793,700,462,114,261,599,821,873,750,471,107,246,547,665,581,309,72,477,785,925,871,98
231,46,648,543,409,272,124,26,166,299,413,315,573,616,625,604,558,481,390,267,140,3,134,259,386,489,575,644,678,696,687,649,596,525,439,338,229,128,27,624,145,223,269,311,328,326,306,276,223,169,102,29,28,102,171,236,287,340,388,421,445,471,485,496,494,482,469,439,406,354,309,232,162,86,0,420,174,253,319,386,431,462,468,451,420,371,301,224,131,37,58,149,226,292,343,367,383,377,350,316,266,205,148,0,41,9,18,33,22,3,29,75,123,176,214,246,268,274,263,236,206,169,120,29,16,31,23,53,4,12,29,14,9,23,16,23,24,18,9,10,39,75,117,165,216,272,330,390,442,491,531,559,581,806,590,581,557,527,491,455,413,366,326,280,235,194,160,125,108,93,93,99,120,149,190,227,273,313,348,377,386,211,379,353,323,278,223,164,111,53,2,40,65,82,82,71,34,16,80,156,240,324,406,478,543,589,611,615,592,542,484,403,307,203,100,13,109,317,286,345,385,411,416,397,351,287,214,123,29,82,184,286,381,458,527,577,610,632,624,610,574,512,443,353,249,271,2,128,266,394,519,625,711,774,812,80
306,72,322,275,210,127,36,62,169,282,388,293,568,651,697,739,733,717,674,609,534,437,324,213,111,9,91,165,231,275,308,319,319,286,251,210,160,106,46,18,65,109,148,190,207,224,228,212,194,153,108,52,10,69,116,157,189,202,191,173,141,90,38,14,69,119,163,198,221,231,227,213,180,139,89,270,26,89,146,201,249,278,304,317,315,302,279,249,216,178,131,96,57,25,8,3,5,6,22,40,62,79,93,20,82,54,10,48,101,178,247,305,353,388,400,393,364,327,276,221,162,107,61,17,8,24,4,35,13,41,4,31,2,41,8,9,28,53,85,126,175,229,292,357,416,484,542,588,623,645,657,657,647,441,596,561,521,486,435,395,361,321,294,254,227,204,180,164,154,138,132,135,140,148,166,189,217,242,275,305,330,216,339,335,319,279,241,192,136,80,25,28,64,94,104,94,72,32,26,104,185,275,364,443,528,591,633,658,662,638,613,553,486,403,319,225,141,199,33,100,151,186,209,210,182,152,93,23,58,155,252,353,450,545,622,689,743,783,803,806,792,767,726,677,616,305,456,362,257,158,55,48,143,225,286,61
130,14,48,14,2,16,65,133,215,322,435,52,646,726,768,761,708,612,468,289,93,105,300,469,607,713,779,810,800,751,681,587,478,361,242,148,57,0,50,422,42,16,25,59,92,125,131,115,93,40,24,113,211,309,418,511,602,669,718,743,762,738,719,675,635,579,510,441,372,295,198,113,14,72,166,90,313,357,395,408,395,363,325,283,243,217,208,216,247,295,362,437,494,556,598,623,622,592,540,456,350,225,98,350,130,197,223,201,147,53,59,162,261,327,355,351,322,272,209,158,121,103,88,2,5,25,15,41,18,55,13,15,20,46,30,48,63,81,87,82,63,23,37,119,214,325,440,554,654,737,794,819,819,732,738,658,576,479,393,307,233,181,142,115,99,94,98,101,94,72,52,18,41,110,193,283,389,495,596,690,765,342,825,797,737,645,523,393,247,116,5,96,146,170,153,107,44,41,127,212,278,321,342,337,279,190,72,73,235,407,569,703,807,874,887,861,788,1303,578,453,340,233,146,87,49,35,56,101,170,240,330,422,512,570,614,624,602,554,470,364,246,109,40,185,340,88,600,696,760,790,782,739,650,553,433,92
184,197,345,242,127,1,122,247,354,447,523,485,627,650,641,626,589,540,468,386,304,214,127,48,17,69,110,131,135,129,107,73,37,16,4,33,42,47,33,199,6,27,62,102,135,168,199,223,238,256,253,251,243,207,171,129,74,13,38,110,167,220,268,312,327,344,337,318,277,223,153,67,30,132,238,288,437,517,580,621,642,632,600,548,472,381,270,166,45,63,173,269,357,419,471,501,505,491,452,389,310,205,97,458,148,263,376,458,523,562,567,557,526,480,421,355,301,251,210,181,159,142,127,3,29,18,50,8,11,2,5,16,21,54,82,93,99,103,102,102,95,84,67,42,16,21,64,110,160,210,255,296,325,811,357,359,355,341,322,300,277,254,234,210,190,168,154,131,114,100,91,88,90,107,123,161,198,257,318,383,454,144,586,649,705,749,774,793,800,787,758,713,650,575,491,392,291,183,80,23,118,198,268,316,346,355,329,293,229,145,38,70,186,303,417,520,613,1104,749,780,786,771,727,661,564,455,326,184,35,111,256,389,508,606,678,729,755,757,725,686,631,547,463,367,270,78,62,42,142,239,328,408,467,510,532,52
183,19,735,612,474,359,286,270,330,423,551,408,761,800,756,640,469,244,23,156,262,275,183,5,229,489,713,887,969,963,878,727,554,381,250,146,105,110,148,664,276,333,359,369,355,307,263,216,179,180,218,268,341,412,470,499,487,440,348,242,127,19,68,141,200,247,291,320,345,354,338,287,202,86,31,142,211,224,171,57,97,261,416,528,591,598,560,507,447,406,388,399,430,481,530,561,556,505,412,270,114,30,135,272,115,16,192,369,504,545,481,319,84,165,385,531,578,542,429,289,148,45,16,65,13,5,28,22,1,2,20,21,24,9,77,123,169,209,247,267,263,222,137,7,156,347,530,684,765,772,690,539,328,415,120,302,440,524,550,536,487,414,323,212,108,0,93,168,223,256,269,277,277,266,252,216,141,30,122,299,499,442,823,897,897,803,632,396,131,130,368,539,637,672,648,569,479,400,335,306,305,326,335,335,270,164,4,217,423,602,728,745,659,472,203,111,420,1293,868,944,932,825,665,478,305,161,72,19,17,36,56,46,12,65,189,339,496,644,749,800,790,697,530,306,43,313,460,626,709,672,525,291,7,281,537,79
105,17,179,128,56,27,96,127,93,21,98,672,416,570,667,715,689,593,433,247,53,103,213,235,188,75,87,263,436,556,610,614,547,437,321,204,128,72,68,251,152,225,301,359,387,383,363,323,301,291,302,358,421,499,576,646,703,738,750,747,708,663,608,567,536,516,514,500,466,417,348,277,206,176,166,65,293,407,545,679,798,877,911,874,794,671,541,413,321,261,248,274,313,342,358,327,261,164,44,77,165,210,189,309,6,136,263,340,343,269,117,83,303,498,638,690,663,555,409,241,102,9,72,9,12,0,18,15,19,20,19,60,49,15,63,62,38,6,44,110,195,290,384,461,496,485,407,275,92,115,321,499,620,839,677,620,530,423,309,212,126,43,39,103,163,204,235,233,213,176,139,91,34,26,98,180,281,388,487,567,607,434,564,467,334,161,9,180,327,435,508,533,520,478,410,346,290,251,234,243,261,265,254,200,108,22,169,321,453,546,580,533,425,282,94,101,264,1047,476,505,494,446,391,322,274,236,234,247,282,329,349,326,261,155,25,126,280,419,535,604,648,630,564,447,280,256,90,267,404,494,523,496,413,283,134,35
346,5,17,12,9,58,299,2,113,121,77,346,138,278,6,33,191,165,85,146,159,8,68,214,195,160,92,34,93,29,12,91,55,107,85,13,259,27,92,110,70,15,107,121,109,93,202,78,70,2,39,90,20,72,163,139,58,137,72,115,157,275,215,176,60,273,239,65,3,87,191,17,95,121,51,40,39,146,74,63,57,115,74,98,246,173,58,68,95,230,2,103,25,51,98,65,192,61,157,151,102,35,40,82,81,72,65,5,71,23,78,30,16,50,17,29,23,23,32,67,70,23,4,149,19,8,22,9,37,41,19,15,18,13,86,285,67,340,16,478,248,497,636,236,985,416,887,1216,61,1354,1065,493,1401,642,713,1052,178,649,554,86,341,35,170,92,419,201,446,751,261,568,830,257,472,572,120,238,127,134,19,325,394,63,566,580,1,542,588,141,318,373,167,86,99,91,187,113,521,509,111,786,718,159,914,668,264,817,407,376,528,2,375,76,334,221,384,522,117,772,545,453,1010,482,711,1146,380,879,1157,176,975,949,235,1096,600,831,1339,231,1434,1641,11,1776,1716,164,1735,1343,479,1458,614,853,1037,138,1024,0,3,23,176,35
120,75,98,103,91,30,35,112,179,216,228,548,113,5,141,299,445,553,610,604,529,392,201,15,222,416,555,649,668,630,551,445,322,204,108,51,40,69,141,495,355,467,561,638,668,659,615,548,465,392,331,292,286,304,345,401,460,528,570,603,615,605,568,535,482,432,375,323,269,219,180,146,123,100,94,163,113,143,185,230,287,344,392,436,466,485,477,453,410,355,301,251,209,193,185,206,249,290,322,342,326,284,212,42,33,36,76,62,9,95,227,365,496,590,631,622,565,472,353,241,140,64,13,0,30,40,24,2,0,1,28,0,17,5,2,21,47,69,97,133,192,260,350,444,534,591,617,597,522,401,248,73,102,626,385,478,534,550,534,496,444,377,318,250,195,135,89,53,17,4,35,59,101,159,229,309,396,475,535,561,553,376,386,234,58,134,311,473,594,671,704,692,645,575,490,407,331,272,236,232,240,267,288,293,265,205,107,36,210,389,565,703,799,846,816,747,641,643,380,238,126,24,53,115,167,202,245,272,304,331,376,433,489,552,616,669,711,746,751,737,686,616,491,351,179,516,192,366,507,605,650,631,557,448,315,0
106,98,615,546,468,406,344,302,293,302,332,803,439,518,578,638,674,684,661,600,509,381,234,69,101,272,427,557,658,721,745,734,675,595,493,374,247,129,15,775,159,216,263,279,292,281,270,263,264,273,290,319,360,418,461,519,560,587,607,602,590,556,510,456,394,330,258,185,110,38,31,102,176,246,311,117,438,490,547,591,626,652,671,678,666,646,609,569,517,461,394,339,287,239,200,171,152,145,142,137,131,110,75,264,38,116,203,285,365,421,451,459,428,373,295,202,106,20,55,102,138,144,137,19,28,0,5,23,5,1,5,41,7,61,18,14,18,21,28,27,21,5,28,86,157,249,356,468,581,689,769,829,860,873,834,788,725,654,581,512,444,388,328,283,237,198,158,120,90,58,30,7,45,101,164,238,330,425,532,631,723,485,866,912,935,930,903,863,800,731,644,555,466,390,313,260,219,207,207,234,267,304,341,365,371,345,307,235,143,35,83,199,317,429,513,586,636,1468,680,675,654,620,582,548,521,499,490,503,523,558,604,654,697,741,765,790,805,795,781,758,720,665,609,536,448,663,226,95,39,181,319,448,553,636,690,8
79,53,204,157,90,15,122,229,343,453,554,194,707,748,755,725,675,602,506,383,247,95,54,198,320,440,528,593,636,636,610,561,498,433,361,295,224,166,123,273,73,54,37,36,18,17,2,20,51,92,150,207,275,342,419,480,538,587,606,613,603,573,522,456,380,296,210,114,36,54,124,195,258,322,361,177,434,471,494,515,522,520,505,489,464,426,365,315,249,183,111,40,32,108,180,237,295,335,367,377,371,331,288,314,190,146,120,110,121,161,216,287,354,423,470,498,507,499,459,406,342,277,218,39,48,25,7,23,21,23,5,20,38,0,25,34,49,64,91,117,150,174,192,195,174,141,84,1,93,196,297,380,450,784,547,560,549,527,490,454,412,365,314,252,204,149,108,65,43,23,36,56,106,159,222,281,340,390,429,446,452,471,408,368,335,286,228,173,117,67,27,12,51,77,87,85,61,33,4,41,94,129,165,170,143,97,32,65,161,275,391,506,605,675,722,764,782,1548,769,747,715,676,650,617,600,585,576,572,580,603,617,645,689,720,754,781,805,823,824,829,832,818,806,784,747,617,640,558,471,369,263,151,40,55,137,179
23,34,177,214,364,316,221,95,139,441,566,435,321,775,649,2,639,721,223,360,494,140,247,244,118,402,236,257,591,430,98,520,507,162,178,272,190,134,158,727,84,387,514,272,204,561,545,189,222,420,357,179,34,98,246,377,350,70,329,553,419,14,361,471,288,3,202,252,198,105,25,60,132,211,249,90,59,354,522,367,86,545,665,341,193,562,538,196,174,340,300,161,21,96,214,258,164,52,239,251,99,48,87,206,102,196,162,83,397,435,73,413,568,222,311,540,285,180,430,280,63,278,230,26,63,41,1,31,16,35,7,14,38,11,54,83,65,7,110,176,94,133,354,323,51,503,608,167,506,815,443,329,837,460,35,651,716,254,313,570,398,22,274,315,159,37,139,101,7,61,56,21,126,174,66,173,386,340,43,516,663,243,450,865,596,175,825,813,173,539,751,387,165,449,347,73,110,140,132,133,55,137,297,209,155,465,381,128,611,573,12,637,723,167,542,774,363,905,710,528,16,473,551,287,89,371,445,277,64,398,509,264,213,590,547,70,511,735,412,250,741,674,75,576,749,532,402,708,350,333,701,400,286,716,523,43
4,0,223,337,372,353,307,259,205,137,38,617,266,416,503,486,347,122,114,300,355,270,84,123,262,280,161,33,248,398,450,394,270,118,9,105,155,176,185,14,235,262,283,272,213,120,3,116,198,231,222,201,189,194,217,231,211,140,18,112,234,317,342,326,269,201,121,48,15,67,93,106,102,101,113,24,210,265,308,293,210,69,108,279,396,436,392,286,158,37,47,97,119,132,147,172,194,192,163,98,35,19,38,56,12,22,79,179,282,329,283,137,70,271,388,380,257,68,110,218,238,181,91,33,12,0,16,28,11,4,8,23,23,8,45,72,100,114,98,41,61,186,303,356,311,153,82,332,511,562,460,234,57,589,487,522,431,251,37,148,267,298,244,132,10,91,145,134,73,4,85,146,186,205,205,183,116,5,182,367,508,551,463,233,75,381,594,658,547,308,19,240,397,424,340,198,55,49,98,119,128,151,182,189,138,11,173,368,497,492,326,36,298,573,698,637,416,238,222,460,570,540,409,207,11,204,348,420,414,338,211,48,122,278,393,454,438,342,163,66,313,511,592,521,311,334,303,530,598,488,231,84,365,530,543,10
56,33,183,116,38,47,131,216,280,334,371,93,382,345,293,218,124,25,89,195,298,378,444,468,481,447,399,321,245,158,83,33,6,21,11,15,59,116,175,310,323,380,436,475,493,493,479,442,391,326,240,152,56,34,139,235,312,378,431,459,478,470,454,431,403,370,336,301,255,211,157,108,48,6,53,71,120,137,138,129,113,93,67,49,30,23,22,37,58,90,140,192,234,282,317,344,347,331,300,250,184,105,25,99,114,150,170,153,104,20,75,187,294,382,449,478,470,427,361,281,195,118,55,6,62,38,9,10,31,33,22,7,6,14,71,34,23,79,137,179,194,168,110,7,124,276,437,590,722,816,874,892,868,1006,740,653,560,479,415,361,333,311,308,310,319,321,323,304,280,226,166,85,1,93,196,293,394,497,591,683,771,513,886,911,921,902,862,808,739,670,604,537,487,444,414,396,390,391,397,417,435,455,479,497,502,484,463,409,323,223,98,30,163,295,411,510,581,1234,643,635,609,552,492,432,355,293,235,192,173,170,198,242,309,386,478,567,633,691,734,759,769,766,751,725,685,283,574,479,372,249,125,5,102,188,242,28
94,46,262,135,0,123,255,380,485,584,655,398,746,758,745,712,644,557,448,324,199,61,66,191,291,382,465,520,547,557,533,491,434,350,250,144,32,86,196,733,379,454,502,527,530,507,466,404,331,241,150,56,46,134,212,277,323,355,378,379,375,351,319,272,215,153,82,9,54,114,160,196,215,220,203,118,154,125,86,61,33,7,16,42,62,83,110,132,151,160,170,169,165,156,143,130,126,114,107,94,83,61,29,106,78,143,222,298,374,445,501,538,553,546,518,469,408,344,272,203,143,88,46,79,26,11,27,39,2,49,13,12,1,30,38,68,104,132,152,163,152,130,83,18,56,142,232,323,397,463,511,541,539,1016,478,419,349,272,193,120,51,9,45,77,91,85,79,51,17,28,78,136,203,266,332,391,452,510,554,604,646,382,712,714,719,694,667,614,551,475,393,309,230,158,98,47,12,16,40,51,61,43,29,6,52,117,191,279,372,465,551,627,690,737,765,772,762,1349,704,654,592,513,434,341,243,141,41,47,118,191,235,267,275,268,255,230,203,167,134,99,53,7,47,101,170,247,313,386,458,527,578,623,645,641,606,4
26,49,274,223,178,171,213,322,460,600,746,830,882,846,726,541,309,45,188,356,431,392,257,43,201,439,616,719,744,688,575,442,308,207,133,127,164,227,309,850,456,463,430,363,258,126,16,66,119,138,111,46,25,94,155,195,186,142,74,27,122,225,300,343,356,350,327,288,253,231,201,178,166,156,172,208,274,355,456,543,607,638,624,571,503,416,337,269,222,208,214,231,257,276,285,257,214,143,62,21,75,84,56,357,103,182,213,175,64,100,306,492,623,660,609,476,302,127,12,96,126,102,45,13,0,1,2,3,18,17,9,39,23,4,8,37,39,2,96,210,338,433,457,388,230,8,298,579,796,918,917,805,608,46,151,26,142,178,180,158,154,179,223,286,340,372,355,301,213,82,57,190,298,376,409,379,284,133,64,285,505,372,818,868,861,789,673,542,405,289,180,105,59,24,3,42,84,149,238,336,427,506,541,519,409,245,30,222,468,669,800,859,814,666,457,211,40,871,463,578,636,637,610,550,504,486,483,501,538,567,559,504,373,193,39,286,533,719,835,869,808,669,463,215,45,188,530,698,786,790,712,544,318,102,95,61
70,19,219,14,75,82,5,32,26,99,50,59,26,229,37,184,106,156,22,150,15,201,72,26,120,102,14,168,72,99,92,14,35,11,48,39,158,28,164,52,0,129,75,127,62,31,101,58,52,54,29,184,96,152,105,28,120,56,92,183,77,47,8,29,115,13,50,129,82,61,83,153,76,77,44,15,22,90,30,37,91,2,40,78,10,31,62,18,66,7,32,9,98,18,24,48,110,35,34,14,6,11,85,54,6,68,41,144,6,2,132,68,16,35,41,90,40,78,162,6,58,14,4,21,39,7,47,55,15,9,21,28,47,1,38,1,21,15,72,25,145,378,482,310,88,529,748,603,173,319,604,572,286,48,234,229,111,44,90,180,193,26,231,433,425,159,213,533,585,334,80,442,547,364,39,189,187,13,207,238,23,306,572,608,355,67,481,669,538,167,241,61,43,6,203,234,652,769,425,273,980,1299,1002,245,572,993,836,305,199,343,85,320,516,318,180,662,818,502,104,643,782,409,252,827,954,512,267,1005,1312,1028,302,511,996,948,488,78,376,236,233,709,827,447,277,1014,1381,1210,604,132,668,876,727,68,19,16,94,28
507,24,249,147,129,656,1199,1447,1032,23,1288,1952,1962,830,642,1709,1793,950,215,943,840,147,558,700,188,605,1092,927,250,484,835,681,295,102,169,365,338,114,777,1941,1220,546,435,1190,1349,871,133,427,527,252,11,14,290,672,778,443,241,889,1175,975,423,161,592,726,669,542,365,192,58,296,506,635,624,522,304,365,457,796,948,817,401,157,637,936,903,605,167,260,514,612,583,463,275,27,336,589,605,391,95,132,217,183,212,739,465,440,110,421,909,995,554,232,912,1081,682,0,556,694,465,117,121,177,139,24,116,115,48,1,61,27,14,2,76,71,85,160,87,125,361,425,174,323,744,762,293,458,1068,1121,527,384,1101,1272,815,997,688,1033,929,561,58,423,761,837,633,139,425,763,691,275,239,584,520,118,392,674,557,33,607,1036,924,314,554,512,1317,809,55,841,1256,1198,714,55,588,1013,1130,894,369,266,846,1163,1074,537,264,972,1225,838,6,824,1113,685,164,926,1112,594,308,1063,1250,768,74,1712,1144,972,487,22,444,735,927,955,703,101,749,1476,1654,1093,19,1206,1886,1675,700,532,1385,1517,908,44,814,1021,608,912,744,812,296,452,967,949,414,257,713,91
16,35,389,436,507,602,698,762,780,733,613,74,188,70,325,527,645,683,625,479,262,33,184,337,423,420,324,184,17,119,217,229,185,88,24,123,171,152,54,222,298,481,642,736,739,672,537,359,183,28,66,93,37,84,251,425,577,680,721,697,613,513,405,324,278,277,307,353,401,428,429,412,362,298,250,116,211,226,264,308,353,382,395,377,329,255,170,76,8,78,126,148,153,152,150,160,172,201,227,251,251,237,205,193,172,183,229,298,379,445,484,474,413,305,172,44,77,158,201,199,178,141,109,30,7,0,37,5,25,33,24,3,9,3,8,44,88,130,155,148,104,24,96,230,360,459,508,502,437,333,200,66,72,593,268,338,392,433,463,481,483,458,413,329,226,100,34,154,251,311,329,294,219,113,14,145,264,364,436,478,478,174,399,319,237,139,40,51,156,246,336,418,499,570,623,661,670,653,596,498,367,207,30,138,288,407,473,479,436,341,220,79,52,176,272,337,366,844,384,376,380,377,379,375,352,305,220,82,86,275,491,693,853,961,1006,979,886,755,584,415,239,74,63,171,244,556,251,178,81,46,174,295,382,432,450,49
101,11,40,9,97,55,44,44,94,37,31,103,26,21,134,31,9,87,66,11,86,22,34,56,23,0,156,4,28,40,17,44,68,72,127,101,53,14,27,37,22,25,62,68,11,104,7,56,178,79,68,26,54,128,0,23,14,39,8,3,96,44,19,118,25,65,45,9,1,68,81,134,13,70,106,125,1,78,10,29,61,32,16,16,6,64,2,16,93,2,41,71,5,18,106,20,11,28,73,32,101,33,2,56,67,22,2,80,94,58,80,24,35,6,44,4,1,3,47,17,3,37,18,25,6,40,12,2,72,4,24,24,11,16,117,24,73,17,120,170,3,256,315,64,271,401,173,210,399,244,65,270,189,32,143,41,114,154,20,237,234,19,339,421,142,313,548,389,46,401,408,118,162,202,3,188,119,189,446,377,65,577,751,392,261,750,719,219,361,603,386,1,14,44,365,43,414,579,191,488,896,619,159,829,843,183,553,726,212,489,719,247,472,792,449,278,761,551,127,690,622,33,668,710,137,571,779,338,375,750,524,109,585,496,41,545,542,62,805,1043,497,526,1281,1193,345,585,980,679,93,326,373,32,50,42,68,45
164,28,8,7,21,12,73,25,35,17,29,51,120,45,147,66,11,61,54,54,15,28,2,18,77,67,17,2,56,9,78,27,77,48,80,21,65,16,106,52,159,40,153,60,61,23,56,20,99,13,4,49,31,4,6,61,18,67,82,49,9,18,23,37,54,35,150,4,11,12,69,38,108,48,59,22,21,69,5,0,21,49,2,35,67,111,24,13,44,47,48,4,22,51,8,7,16,39,15,24,42,10,57,83,4,7,9,31,20,70,16,19,17,49,37,42,30,40,18,39,51,40,21,24,0,0,0,51,2,4,28,4,10,9,94,64,51,99,4,189,255,101,194,399,319,21,361,444,203,158,360,261,8,206,173,19,167,121,78,247,214,22,306,418,257,105,449,541,306,106,425,427,153,163,247,29,265,346,70,388,693,580,79,510,853,717,204,390,700,572,117,77,16,34,387,7,490,681,387,250,819,889,384,380,883,765,132,554,773,364,335,761,585,63,682,786,315,370,759,579,30,614,745,333,339,795,716,160,486,780,537,39,526,563,121,475,773,484,267,1028,1256,734,251,1111,1331,826,3,620,753,474,102,18,22,11,76,136
7,16,9,1,49,23,133,130,65,63,6,7,73,78,14,55,66,14,93,38,31,23,57,32,35,63,53,12,10,73,121,146,54,1,65,21,75,14,66,189,52,23,159,2,56,36,0,16,44,15,26,68,37,56,45,32,37,4,15,126,68,52,68,103,68,21,85,61,93,2,92,31,8,32,31,111,24,35,25,70,56,45,11,5,35,25,7,50,29,30,67,23,18,22,54,18,63,35,11,7,53,20,60,25,18,17,61,28,14,60,85,45,59,3,30,38,11,7,9,26,23,56,32,1,4,21,14,40,12,16,27,2,29,7,56,6,56,103,129,128,98,27,67,175,282,369,424,447,428,373,294,192,83,9,95,152,176,168,146,94,12,79,180,279,360,444,498,532,529,501,434,326,218,91,52,168,265,347,410,450,461,440,405,333,248,155,39,58,159,259,331,66,44,136,194,373,543,686,792,848,863,811,712,552,373,167,45,254,438,589,677,725,706,641,526,362,178,18,206,393,559,661,747,776,767,714,633,498,343,180,20,166,321,463,588,677,738,751,745,681,608,507,356,230,82,50,158,234,277,273,245,14,42,23,70,37
296,89,54,122,309,116,209,200,132,0,209,238,227,240,307,40,255,182,25,200,80,21,61,61,106,54,56,18,153,35,80,167,125,63,219,40,63,85,273,290,52,15,15,57,109,181,47,288,244,71,68,68,4,95,259,140,106,43,4,30,147,95,12,75,144,108,160,140,74,153,46,202,42,116,89,39,9,118,238,8,155,71,63,47,23,144,63,70,137,184,47,195,15,92,139,275,57,179,16,123,50,94,174,141,74,57,1,49,108,47,39,60,98,36,191,44,78,23,94,33,7,40,36,2,7,9,36,29,18,64,74,91,105,99,138,73,15,131,260,390,525,630,679,708,643,543,439,292,114,34,157,281,344,352,389,343,293,196,85,10,170,288,445,563,668,801,875,935,976,983,936,839,703,524,310,73,181,435,669,886,1094,1264,1385,1494,1522,1520,1520,1440,1335,1218,1106,84,288,29,657,882,1123,1302,1498,1616,1687,1728,1679,1569,1409,1166,863,580,209,133,492,811,1092,1310,1492,1615,1639,1628,1523,1392,1244,1035,827,608,357,154,21,233,407,568,711,852,977,1103,1223,1360,1448,1546,1677,1731,1804,1870,1862,1805,1714,1563,1317,1069,825,543,304,118,351,51,67,15
77,62,14,4,70,20,13,23,26,150,10,153,18,73,92,66,19,57,14,69,56,113,36,93,64,25,87,65,48,32,37,65,78,26,40,59,101,98,139,122,120,51,12,44,18,122,94,47,5,1,14,16,85,51,149,57,23,44,24,129,25,25,32,28,42,64,63,46,28,25,40,77,14,62,56,49,9,82,3,11,8,33,16,1,67,88,55,16,0,4,0,49,16,87,55,61,110,56,28,25,37,3,48,0,37,47,60,111,18,14,28,36,10,94,33,40,17,20,23,0,30,49,16,2,4,11,21,24,17,9,66,63,24,4,50,31,79,38,82,204,243,147,65,304,465,444,263,35,281,394,342,164,46,185,196,98,72,196,215,108,94,292,412,402,248,4,281,492,541,421,169,98,276,285,142,75,273,332,219,41,385,680,847,789,517,103,325,634,738,631,353,30,18,6,281,488,491,235,178,612,915,948,695,216,335,746,880,682,233,273,637,703,468,14,457,772,782,526,59,407,699,718,440,6,438,741,787,568,178,258,590,680,511,140,282,603,689,494,44,517,1026,1291,1227,860,284,311,730,870,746,450,140,27,30,33,0,30
158,4,11,89,89,84,33,133,14,63,23,9,7,1,68,4,51,23,72,145,75,153,81,68,4,52,59,54,32,74,56,13,30,111,61,15,5,40,11,76,20,81,170,63,7,32,16,67,23,0,11,37,97,105,163,16,54,2,58,105,21,0,10,21,44,140,22,70,91,107,127,2,76,30,24,68,3,43,45,9,16,16,167,18,28,1,92,56,37,11,49,59,48,17,64,93,80,7,51,10,22,53,74,18,59,1,13,37,59,22,26,44,92,11,1,4,35,68,51,15,18,44,51,0,24,11,2,11,32,22,56,39,24,23,15,57,81,73,24,53,148,250,347,417,459,472,438,376,287,186,80,29,106,154,184,180,143,84,13,88,179,281,377,452,512,559,566,546,499,432,330,222,117,1,95,172,251,291,318,315,286,240,187,98,3,99,196,277,352,408,437,99,61,15,238,396,559,683,791,830,835,785,691,543,378,182,20,219,384,544,654,710,712,667,574,425,243,66,126,306,465,579,682,731,752,727,671,604,491,350,195,37,140,322,471,621,731,821,874,902,888,852,787,695,580,438,308,177,64,15,51,20,23,11,58,42
6,16,174,46,46,46,63,7,47,12,92,22,0,68,52,23,101,101,37,92,6,2,30,30,21,65,29,37,113,74,5,106,86,26,3,71,12,26,35,21,4,28,37,22,64,14,56,29,57,63,16,84,89,49,82,49,29,30,23,2,49,131,18,64,63,24,37,16,137,110,117,34,4,57,82,29,46,30,57,16,99,49,14,12,14,2,7,49,9,61,117,19,40,81,113,80,46,50,16,4,7,77,1,46,0,38,70,47,16,52,115,68,23,94,22,35,24,43,12,14,16,15,0,18,10,0,23,10,28,22,36,1,4,12,33,10,59,98,133,151,154,130,95,44,21,93,161,210,268,294,306,309,291,251,200,142,72,9,83,159,243,314,377,433,492,521,538,559,540,505,463,391,289,180,73,53,198,321,443,564,670,743,798,859,880,880,852,833,768,692,627,18,10,194,349,460,552,649,737,781,823,814,801,748,646,539,399,252,79,90,234,401,520,639,715,769,800,799,790,725,667,582,481,398,306,210,114,42,37,125,197,276,359,447,518,610,722,823,919,1017,1102,1160,1196,1186,1147,1071,961,831,667,506,329,46,57,23,132,18
97,23,45,9,89,28,11,54,30,14,21,110,34,32,150,33,110,30,54,7,30,129,44,12,34,42,78,33,2,14,26,64,39,10,26,91,20,11,62,119,13,37,12,22,91,115,33,80,63,94,135,42,75,63,74,11,68,35,72,14,77,94,60,9,23,20,24,30,40,51,33,17,2,60,91,8,14,5,16,42,66,35,56,63,65,100,54,25,85,16,83,87,61,4,8,28,40,29,94,34,33,18,66,49,22,62,37,11,37,21,0,14,47,2,42,33,18,31,11,20,9,30,3,35,37,11,27,18,11,8,5,14,21,38,68,8,53,42,137,12,269,252,125,443,278,216,480,219,243,392,113,221,244,9,187,84,127,153,73,261,144,220,395,137,308,500,166,347,542,202,284,422,121,199,173,120,241,64,462,437,97,682,707,91,660,847,303,463,761,339,293,92,56,22,235,399,2,569,620,36,797,853,86,787,862,106,662,653,52,613,387,321,663,227,511,714,153,574,662,27,606,558,141,671,474,262,723,451,275,708,403,260,591,224,392,538,23,705,720,89,995,1052,128,923,1174,444,510,856,492,81,358,18,20,58,134,77
255,37,48,31,100,8,26,26,121,198,58,30,43,128,24,44,91,18,75,2,21,126,23,73,35,41,25,29,18,132,18,28,49,15,16,16,20,51,45,14,25,47,59,20,28,90,23,139,16,0,0,11,23,68,83,56,73,50,89,129,14,82,100,126,7,29,92,56,108,8,48,62,58,42,69,121,72,12,33,11,66,18,82,6,30,27,25,75,66,96,24,54,52,132,30,50,1,16,12,44,49,33,9,33,108,14,15,32,17,54,64,10,55,87,51,23,24,2,63,16,30,6,5,52,48,4,4,10,19,14,22,5,30,4,13,46,65,28,44,158,267,342,347,278,139,25,197,322,409,402,346,234,91,31,139,192,186,120,12,117,238,345,397,394,337,236,91,76,226,334,384,383,322,199,49,110,254,349,378,345,254,108,71,277,466,621,721,762,725,617,449,22,66,42,184,6,239,482,680,818,872,820,684,443,171,132,395,585,687,658,508,294,7,273,515,690,761,721,568,359,82,194,430,600,679,694,595,412,208,39,260,438,540,559,481,317,85,199,485,761,994,1133,1185,1149,1003,805,558,317,113,34,99,23,88,40,92,130
75,27,56,144,64,5,3,101,13,97,21,43,10,142,1,89,115,30,2,105,3,18,29,0,37,7,66,15,73,32,15,34,47,97,34,30,28,43,68,6,6,19,46,80,113,12,77,2,72,14,64,64,49,44,119,6,40,61,23,43,76,1,12,139,63,1,7,54,136,28,80,67,100,1,20,4,22,5,31,82,81,56,32,55,15,56,41,68,63,103,13,60,75,46,57,0,35,2,32,43,43,84,61,0,52,12,14,28,34,37,87,61,24,11,8,17,51,21,49,0,0,6,23,20,5,43,34,7,15,7,8,7,13,8,17,41,50,10,117,235,305,275,140,71,304,464,522,447,275,42,154,282,304,220,81,87,195,235,154,31,163,316,424,430,340,172,62,278,460,510,479,313,134,80,194,221,115,58,297,533,700,761,694,529,245,50,367,590,718,693,552,87,30,77,117,156,444,638,718,628,402,21,361,724,923,950,763,414,6,395,647,700,560,244,138,486,745,789,683,379,47,328,578,712,672,479,186,151,442,642,689,617,369,69,269,534,669,618,410,53,370,769,1109,1276,1272,1066,754,385,61,136,197,67,113,92,12,14
103,5,77,31,20,98,18,59,9,35,83,67,77,151,46,4,87,53,14,56,23,84,160,52,11,153,2,69,66,6,89,21,59,4,108,7,29,3,9,123,8,33,64,54,29,47,118,98,118,102,60,42,55,54,44,101,75,72,11,81,44,63,11,33,59,41,80,9,26,73,33,41,68,9,68,72,85,109,91,33,23,125,3,29,67,71,68,8,92,35,15,34,62,18,30,20,12,47,0,38,7,20,4,33,93,50,23,33,18,44,21,17,9,60,15,21,4,0,34,17,29,2,8,30,13,19,1,6,2,23,14,1,44,16,17,47,3,93,65,138,310,169,220,485,317,150,501,405,41,397,350,1,272,210,58,208,86,154,251,44,249,338,98,294,488,259,224,545,427,35,404,397,62,235,201,86,300,133,289,587,423,170,729,804,280,463,858,640,2,543,603,11,61,9,380,194,314,649,394,309,903,811,45,773,960,368,465,785,368,350,677,286,414,750,388,378,818,535,204,720,544,109,631,563,45,634,686,145,533,753,364,283,625,363,232,588,335,366,866,685,165,1018,1181,510,499,1083,891,186,426,553,290,56,28,92,101,47
51,126,13,72,35,94,23,198,14,44,44,9,82,3,50,39,42,28,110,59,8,28,7,54,117,103,6,170,44,2,66,37,35,11,40,32,22,25,37,26,0,132,56,44,21,167,14,98,52,29,40,5,21,55,7,30,21,181,69,66,14,14,66,92,92,101,28,101,8,2,81,21,15,36,69,75,121,90,46,36,91,18,70,77,4,92,26,77,7,61,40,42,58,17,42,56,30,30,11,63,26,63,5,49,32,30,118,5,30,100,47,69,52,2,47,109,7,66,56,22,32,54,9,3,6,24,1,21,26,8,35,12,0,5,36,60,69,61,39,7,57,134,207,277,332,387,419,433,439,419,387,340,289,222,149,74,1,78,151,228,291,353,401,451,485,518,531,541,533,507,469,416,337,229,123,8,116,234,350,457,540,596,649,664,674,666,643,614,580,540,508,95,35,11,119,254,397,523,649,761,849,914,966,970,956,922,859,779,699,599,505,423,334,237,164,85,23,62,140,215,296,376,453,532,597,666,692,730,739,720,706,649,595,529,468,397,326,278,242,221,223,235,261,277,304,315,310,298,266,224,155,54,47,140,54,77
3,33,47,22,104,67,73,34,176,23,59,11,14,88,100,95,63,41,45,43,7,94,30,113,5,30,40,54,23,28,81,64,3,108,42,86,35,104,4,103,59,4,4,132,47,128,32,18,1,19,24,6,18,6,26,175,1,64,73,1,61,24,40,155,2,50,17,36,116,5,27,21,38,11,7,138,32,67,72,56,28,17,27,62,13,105,7,5,44,87,78,10,96,11,44,18,109,18,21,43,8,17,78,81,111,19,55,7,40,7,32,1,4,11,14,44,28,34,56,36,12,38,33,16,19,4,39,37,0,5,28,44,17,11,27,32,75,66,1,106,251,380,448,449,364,214,28,156,304,389,394,320,195,50,75,183,220,200,117,4,149,283,402,464,470,415,295,139,37,202,326,388,379,290,139,40,232,400,499,536,485,365,193,21,239,440,604,711,742,700,582,88,21,20,305,136,93,345,589,798,931,957,884,701,438,113,199,463,635,679,581,392,116,173,463,667,778,803,681,499,257,30,296,504,646,692,655,510,307,69,173,385,533,590,557,426,221,56,369,658,918,1113,1194,1188,1058,866,615,358,150,10,96,99,28,22,23,106
34,0,39,28,70,1,82,55,35,62,32,120,49,94,77,121,35,53,41,151,35,14,8,17,63,28,51,68,21,18,68,171,85,42,62,51,6,87,11,130,102,35,47,51,78,2,2,15,6,24,68,6,14,86,70,61,31,31,86,60,94,65,33,61,23,127,83,19,115,28,83,4,126,7,42,20,42,30,38,45,16,158,108,35,39,23,56,0,123,11,119,33,82,11,110,43,61,22,8,88,112,30,6,86,98,12,22,61,21,35,70,16,101,5,14,18,12,16,15,45,68,29,20,86,43,30,33,54,15,26,21,0,11,12,82,60,28,120,151,50,138,346,459,410,187,120,396,521,448,220,58,271,337,236,51,148,252,204,50,164,347,401,306,65,224,470,568,490,256,47,298,420,364,178,65,238,270,124,156,474,717,795,668,355,86,500,801,891,762,458,84,106,137,87,365,432,271,83,508,858,989,829,420,120,616,886,876,560,79,373,635,603,317,133,572,818,811,516,69,369,650,680,478,100,307,607,700,547,221,179,518,678,606,327,58,435,645,600,321,143,659,1067,1225,1105,711,197,301,640,698,600,362,18,18,92,115,61
44,12,59,35,21,54,68,63,56,28,33,2,12,118,39,28,80,55,45,118,13,80,74,14,34,27,25,121,7,64,28,46,2,9,148,96,37,39,23,57,99,9,11,21,87,27,30,2,35,49,151,42,70,5,20,146,35,113,6,129,33,20,115,29,138,18,20,27,48,25,59,17,1,11,26,31,58,20,42,22,90,16,9,29,35,48,28,2,32,12,18,26,97,0,77,43,14,14,77,0,115,20,44,61,66,55,12,63,47,23,13,8,82,63,14,18,28,27,31,0,16,22,36,20,7,25,43,45,20,14,2,24,7,9,68,21,51,49,80,240,282,97,220,482,489,220,171,464,479,236,109,319,288,59,175,242,123,113,278,268,59,218,408,376,137,211,500,549,316,56,378,457,301,3,203,205,14,304,467,384,31,441,810,863,558,12,516,822,767,417,53,96,7,47,330,61,353,656,627,231,370,878,1017,699,79,555,836,656,118,402,620,396,121,593,780,540,4,527,777,599,142,364,643,523,92,402,710,637,223,283,624,640,343,107,461,504,198,292,724,844,546,69,738,1160,1120,645,23,557,744,582,256,91,61,46,74,81
149,43,72,35,108,53,48,41,87,104,184,31,118,23,77,16,58,8,58,7,115,78,70,90,53,48,37,16,28,6,30,14,54,29,14,49,113,11,41,134,44,103,43,40,80,165,216,28,5,49,42,0,95,165,13,21,26,0,33,4,37,52,14,3,102,28,56,118,98,49,51,46,43,86,19,33,31,49,12,22,8,49,37,0,125,119,61,4,0,18,49,42,30,18,19,5,25,49,27,48,56,20,15,68,31,90,92,82,89,1,89,57,22,59,4,2,62,21,97,75,54,41,19,41,3,19,31,14,34,6,24,11,12,14,19,47,21,93,183,111,117,354,419,214,155,465,513,264,120,388,383,150,132,264,200,34,223,251,73,185,342,304,39,285,473,420,114,264,517,507,234,112,344,325,77,189,286,106,249,581,660,394,92,603,895,843,445,105,524,682,524,29,20,55,335,414,168,307,749,841,487,137,732,987,760,184,407,688,538,62,432,607,389,111,614,791,546,2,512,731,525,29,461,631,434,22,499,718,561,116,368,620,564,195,283,556,436,26,515,887,859,354,358,937,1144,888,315,282,620,624,384,22,101,131,95,17
6,65,539,515,521,568,658,759,847,891,869,560,592,347,66,207,451,621,695,664,534,333,76,173,390,519,577,546,463,322,197,107,63,83,146,231,312,359,339,658,114,57,242,403,503,533,487,377,220,54,90,201,255,226,164,48,69,186,266,313,323,295,268,223,211,223,271,339,415,488,536,540,491,420,325,305,163,141,173,240,330,424,502,538,532,483,404,317,226,153,108,99,121,172,232,284,313,305,255,174,63,31,99,155,116,71,18,11,3,60,162,279,384,449,458,410,327,214,94,11,53,84,90,7,19,38,31,3,18,38,16,32,30,0,58,75,85,84,79,56,2,78,200,347,504,651,751,791,741,602,394,132,138,843,569,692,739,724,653,559,459,355,260,174,97,21,45,113,175,236,287,311,310,258,167,5,190,413,649,848,983,718,1014,896,722,500,265,35,171,340,464,548,598,614,603,581,548,511,493,455,393,296,162,22,229,455,676,837,925,930,833,648,395,107,197,460,678,1709,903,907,860,767,657,540,435,354,289,220,138,14,135,321,539,741,930,1046,1093,1047,914,706,448,161,132,402,622,63,854,844,749,577,350,99,145,355,503,17
172,186,378,327,270,244,232,226,225,247,276,894,353,408,472,529,587,624,632,607,558,487,388,276,171,61,33,119,172,213,206,181,117,35,89,208,342,463,561,876,689,702,693,655,586,509,410,312,204,102,2,89,168,239,301,332,342,335,312,286,254,244,233,243,266,286,316,346,362,374,372,364,322,277,216,534,56,35,121,224,309,387,442,482,489,470,424,379,319,249,181,117,54,1,38,57,61,53,24,7,42,73,76,30,34,12,77,163,229,299,357,385,390,370,327,262,196,133,74,25,9,24,26,62,56,6,29,0,9,4,7,12,2,45,47,31,7,17,41,58,65,66,51,14,35,106,199,294,401,505,591,661,714,988,751,733,699,650,584,516,445,376,324,271,241,219,209,212,226,238,250,257,265,266,257,240,213,178,120,67,2,110,130,201,259,313,347,374,381,374,357,332,305,266,238,207,181,161,155,160,191,234,295,366,452,534,626,722,809,894,959,994,1019,1009,971,923,852,1007,708,639,580,534,502,478,475,477,499,536,589,638,700,749,784,806,806,786,751,701,652,582,506,420,330,223,110,649,133,244,358,453,533,600,638,652,631,103
14,35,516,410,298,179,56,77,195,301,404,11,548,597,613,606,579,527,442,347,229,100,32,161,277,381,461,527,554,551,510,451,353,237,113,18,167,303,431,840,638,701,752,761,736,703,628,534,428,301,173,41,85,195,285,359,407,424,410,371,303,225,124,23,90,198,302,393,468,518,549,545,526,472,409,543,201,90,21,137,224,314,371,418,430,436,407,363,292,223,141,53,38,112,194,257,316,354,366,364,347,311,274,159,170,115,57,11,12,24,27,14,0,23,52,75,100,114,121,121,119,106,84,6,3,39,26,31,25,7,30,8,5,8,55,73,85,105,134,171,219,277,351,422,502,578,651,716,765,795,811,800,776,498,691,646,595,542,496,455,413,378,353,321,297,263,242,222,210,209,220,243,278,316,362,414,480,531,587,621,658,682,695,705,714,712,714,707,694,690,677,663,646,633,611,589,566,551,542,547,559,591,621,664,708,757,818,859,908,942,965,986,1000,1012,1017,1021,1007,1569,968,948,904,866,828,783,738,707,667,639,620,616,599,605,608,613,613,605,599,580,562,543,524,500,492,489,500,428,547,582,628,677,720,753,775,788,766,101
2,87,671,477,176,88,328,539,641,496,53,1250,998,926,288,576,1107,918,139,648,865,394,324,653,371,249,663,549,43,474,677,507,130,219,424,469,402,257,27,289,581,685,453,55,577,757,494,1,356,361,108,87,44,170,301,208,74,340,434,322,120,104,301,412,405,234,63,372,535,444,120,239,424,360,126,238,91,11,1,129,304,325,100,239,445,378,118,141,223,158,78,99,178,148,45,333,473,313,75,417,464,208,116,8,143,17,23,133,239,73,262,471,323,103,457,446,125,231,335,191,22,131,103,6,35,4,16,2,32,22,16,3,1,9,50,32,94,118,116,77,43,241,400,305,106,593,765,386,363,943,912,256,570,1108,781,104,536,746,490,47,274,342,222,74,18,80,109,94,4,126,169,37,221,424,353,38,543,801,564,102,807,827,700,133,914,1143,691,128,790,927,545,28,451,556,404,153,94,297,399,332,59,307,545,450,7,544,789,512,179,838,1002,510,333,1002,1047,448,407,1966,959,355,417,883,794,289,298,632,639,394,33,322,611,675,422,107,666,906,655,14,670,981,722,25,703,975,606,594,825,883,301,500,937,703,31,722,908,45
34,13,330,264,197,139,87,62,45,44,59,537,129,179,229,288,338,381,410,426,419,390,347,285,215,136,54,20,84,128,164,177,173,154,122,79,29,23,73,386,159,182,197,193,181,153,119,80,35,6,40,70,95,110,123,131,137,145,153,161,171,183,192,206,214,221,223,218,204,182,153,118,85,51,19,43,23,27,24,8,9,28,45,58,63,57,43,21,10,39,81,119,157,193,224,245,251,247,225,190,142,86,31,112,57,72,69,44,2,55,113,170,214,238,243,228,198,154,108,65,28,3,8,15,2,15,0,2,1,2,14,4,12,6,70,69,61,47,36,24,24,38,69,117,184,259,338,415,481,528,547,541,504,410,372,286,203,132,69,22,6,21,21,11,1,17,25,31,35,25,9,17,53,101,156,225,297,373,447,511,564,440,618,616,592,550,494,434,368,299,236,182,138,101,79,66,69,81,95,122,142,160,173,174,160,127,82,19,55,141,235,325,410,489,556,602,634,1059,648,626,593,543,491,432,371,318,274,240,224,219,227,248,280,311,345,376,404,428,438,437,428,410,374,326,263,223,93,7,111,216,310,391,452,489,502,49
24,50,92,280,285,273,328,433,470,300,81,841,852,816,394,232,692,734,357,173,506,397,61,544,715,430,177,748,950,691,136,400,649,573,312,85,2,17,8,315,356,489,418,148,178,394,411,256,59,62,66,28,111,95,47,264,438,447,268,28,306,493,528,430,217,61,335,504,491,303,30,166,232,150,54,106,118,245,282,156,107,381,497,392,130,151,278,240,132,77,116,190,172,4,252,437,430,203,101,319,337,180,6,32,9,135,132,63,335,466,313,78,446,551,320,54,324,328,139,55,113,42,58,7,7,11,31,6,6,24,42,44,44,13,15,106,128,39,45,20,91,140,9,259,452,343,99,606,813,516,140,752,919,681,74,572,666,389,1,225,204,71,6,45,157,200,92,119,288,292,101,165,320,235,64,401,515,271,243,735,886,150,149,816,1096,830,186,478,836,779,421,8,265,341,288,220,185,169,94,80,313,480,425,107,314,603,526,86,459,748,551,48,698,987,725,25,738,1835,972,344,397,870,893,565,111,205,325,324,320,385,427,294,38,495,807,778,363,242,719,817,491,71,569,705,402,23,703,834,450,267,908,1096,689,57,726,99
87,22,632,470,334,227,152,133,135,168,242,830,446,565,672,745,772,757,681,553,391,189,35,256,466,648,800,897,946,944,888,795,665,538,396,294,207,168,159,257,242,294,363,412,431,426,393,337,263,168,81,29,126,223,295,363,408,444,473,492,508,527,533,540,539,528,520,500,475,435,381,313,237,150,78,175,29,58,54,28,4,51,104,150,191,206,189,157,97,17,71,157,238,290,327,335,310,266,200,123,51,16,50,6,9,71,180,306,416,501,546,545,487,390,255,124,6,83,136,139,114,60,12,25,28,8,12,17,19,1,20,45,63,26,1,52,90,101,69,13,76,169,248,300,295,227,102,80,296,508,701,840,910,1287,849,730,576,409,259,114,24,16,17,24,93,176,254,321,365,374,363,316,224,103,51,237,423,592,744,842,895,401,817,717,584,441,293,143,2,105,194,234,234,205,146,49,36,132,208,262,262,239,157,55,98,257,426,569,683,758,775,757,679,559,402,220,28,336,351,502,615,683,713,685,615,528,410,283,176,81,17,9,9,68,164,275,397,527,642,715,768,782,745,670,553,76,203,22,257,488,706,893,1025,1104,1115,157
91,152,104,75,63,90,149,234,341,457,578,806,800,883,951,970,958,907,812,678,516,331,119,94,295,481,646,767,857,907,898,853,770,658,509,340,169,3,167,1216,427,519,576,595,592,559,494,406,305,191,69,56,166,272,351,416,459,493,505,513,510,492,494,487,478,464,441,413,371,324,265,201,126,47,36,287,186,246,310,360,401,417,428,423,405,379,337,310,278,257,234,226,226,232,248,256,266,268,271,263,242,210,163,222,30,57,149,242,323,395,440,453,435,397,331,249,178,98,37,0,18,15,2,13,34,12,4,17,28,6,63,0,14,18,36,32,18,8,63,137,236,350,470,594,701,790,839,849,816,740,628,502,362,147,94,2,66,96,91,63,18,33,88,126,168,191,191,170,134,76,5,91,196,316,433,558,675,776,859,915,943,421,930,887,827,748,663,572,477,389,308,237,175,148,121,133,166,212,285,365,445,525,608,679,734,769,780,772,732,661,566,446,298,145,17,175,312,1004,526,579,599,594,565,495,421,332,229,119,6,97,200,286,352,381,384,362,298,199,84,43,190,342,484,608,728,113,899,933,965,947,904,834,740,627,504,5
4,58,184,147,67,89,95,442,379,253,837,232,227,912,653,278,857,496,306,575,53,528,383,336,698,178,684,898,171,717,845,159,557,613,164,194,141,18,64,970,241,178,579,486,57,525,463,11,326,267,39,4,141,137,159,450,331,183,605,522,25,458,545,237,183,438,373,81,198,282,171,27,37,80,162,269,158,105,349,333,32,324,420,193,125,270,190,55,38,126,241,273,79,260,431,217,228,477,278,139,342,159,102,276,63,70,163,272,6,386,364,91,459,313,144,384,195,116,205,74,45,22,48,24,0,47,3,9,24,11,6,23,37,2,40,7,86,73,122,274,94,324,470,51,551,606,55,720,625,152,743,552,145,1021,375,93,333,232,49,38,71,109,92,48,202,164,49,195,73,183,253,14,354,331,145,587,465,209,760,567,219,457,592,162,694,527,77,502,405,4,269,235,57,34,59,134,225,120,196,394,172,312,518,146,439,558,2,643,619,143,821,637,265,922,638,291,867,1050,243,716,472,136,490,339,12,212,179,133,154,40,301,522,216,468,801,305,583,899,268,635,846,149,683,735,40,112,597,309,915,513,512,999,417,581,913,54
49,14,199,56,34,133,311,513,655,680,557,296,62,438,752,932,937,772,472,101,235,469,531,413,147,213,582,887,1044,1047,888,624,323,62,103,155,94,33,200,1054,394,371,245,80,124,302,421,463,417,313,181,69,5,7,87,224,386,538,659,724,716,663,545,418,288,160,46,24,73,75,54,20,33,80,101,250,57,17,125,226,313,371,386,364,324,281,253,245,262,300,344,369,385,349,270,150,6,144,267,334,323,243,117,253,95,104,18,131,298,435,481,425,270,65,132,268,319,293,217,124,57,27,34,12,50,19,7,21,6,18,24,19,36,2,10,23,20,16,95,218,359,472,507,438,241,56,388,681,854,867,726,457,162,766,291,357,331,249,164,107,103,134,179,197,187,124,31,79,177,229,231,156,21,172,381,578,717,768,699,514,249,119,377,614,758,789,715,563,386,207,75,6,33,17,14,33,8,61,187,320,445,494,462,308,54,265,577,812,905,838,597,227,193,595,898,1055,1054,1606,650,339,46,187,332,368,314,225,133,107,148,277,444,609,681,645,476,196,152,484,749,898,892,743,468,103,276,76,838,908,803,533,154,259,624,863,949,13
53,0,141,54,69,197,331,430,489,501,448,160,207,37,140,304,420,484,481,408,266,85,134,357,561,725,822,867,836,741,590,418,248,81,38,104,106,63,34,350,307,451,562,637,656,633,554,441,311,173,48,50,109,129,109,53,30,112,198,262,312,324,318,291,249,207,154,108,70,33,0,34,70,99,126,70,155,158,150,143,126,105,95,82,84,91,107,133,155,177,194,204,203,188,157,114,59,2,54,98,125,117,91,162,51,147,239,322,373,391,368,317,230,137,39,45,100,128,129,114,83,60,39,29,64,1,30,16,7,16,3,14,30,32,0,36,94,164,251,330,389,419,412,352,264,126,24,185,324,443,518,559,561,619,482,431,377,339,312,292,287,275,263,232,198,141,70,5,90,168,238,295,323,331,311,267,189,94,18,140,267,38,484,563,610,632,620,592,548,497,444,413,389,382,389,408,422,427,430,402,359,286,195,68,77,228,392,541,663,745,770,741,655,510,346,162,12,431,272,331,353,335,290,240,179,139,117,130,168,241,313,421,528,614,690,730,730,685,591,462,304,123,61,249,418,92,654,706,701,660,559,431,281,126,13,69
185,1,96,152,113,189,413,518,233,379,891,78,227,570,947,640,47,539,490,40,324,223,240,569,398,231,802,818,222,521,840,555,16,367,295,40,53,150,387,1006,97,581,728,379,206,602,556,203,139,210,72,26,78,306,379,155,276,585,545,171,269,508,448,204,65,228,275,230,130,20,75,133,159,181,165,180,66,236,325,264,70,154,294,307,210,43,117,246,292,236,81,138,333,378,219,92,358,394,172,134,274,157,39,181,57,210,131,166,417,357,19,400,462,176,205,359,237,2,141,136,73,38,22,20,1,21,0,35,45,24,12,6,26,26,29,89,49,102,253,224,46,390,504,218,312,680,560,6,578,736,376,203,582,467,199,172,381,366,210,11,230,351,282,43,233,360,227,66,285,258,2,274,325,66,318,530,352,152,636,721,317,59,776,729,239,355,673,584,225,168,409,456,338,98,190,423,468,258,124,465,504,193,279,545,367,139,584,563,47,584,819,421,318,861,793,183,510,1549,591,59,413,571,436,158,110,307,433,428,240,155,572,722,422,198,739,790,302,383,752,551,44,538,558,104,440,133,247,379,766,575,81,716,865,417,265,87
23,102,190,122,36,50,119,170,177,138,71,665,148,265,373,449,485,474,413,295,146,24,207,378,521,607,647,634,572,467,347,226,130,75,66,110,193,306,438,635,664,731,755,743,678,582,457,348,235,140,71,37,36,70,110,166,230,275,308,314,299,256,205,138,70,10,26,55,67,65,62,49,51,59,76,159,146,190,227,261,284,304,310,309,297,280,259,235,215,199,187,184,185,194,206,216,234,236,237,224,219,205,208,411,250,286,343,401,446,480,490,465,414,329,232,123,26,55,117,144,152,135,102,73,45,30,21,10,11,15,13,6,0,26,169,188,191,179,153,109,46,31,121,225,331,438,531,616,687,721,726,712,664,124,498,389,267,143,28,80,180,254,311,343,375,374,368,345,311,262,214,156,85,4,69,154,241,334,431,511,602,341,733,776,796,793,772,736,666,589,504,415,321,242,153,78,3,73,137,203,282,352,405,464,513,538,543,533,501,449,364,273,160,32,106,241,369,1084,576,639,677,688,684,677,671,667,682,718,752,791,820,835,823,776,702,599,477,339,215,90,31,131,219,298,371,226,461,485,473,425,350,247,128,8,105,0
39,21,209,305,385,454,476,493,493,454,411,900,274,204,123,47,8,64,100,115,114,85,48,3,71,150,226,298,360,401,433,426,393,331,244,142,7,129,257,695,480,554,606,627,598,544,453,335,216,65,68,213,333,424,498,529,532,492,411,308,176,28,114,268,405,524,628,687,717,705,652,583,468,328,189,684,127,270,405,503,579,628,630,627,576,513,435,343,248,149,52,24,107,172,216,265,290,311,319,306,296,264,213,5,78,0,89,195,283,374,453,506,557,571,570,544,496,433,361,274,198,120,50,63,7,7,11,5,16,3,2,5,9,19,185,211,232,253,263,291,306,335,375,413,463,523,583,647,709,762,806,835,862,929,853,828,805,753,699,638,581,524,466,414,363,319,286,257,239,231,228,233,254,276,306,336,362,401,428,451,464,146,471,441,430,393,345,303,250,188,141,73,34,14,60,88,119,148,158,189,207,216,253,278,316,363,402,464,526,575,640,688,739,803,828,878,905,1074,950,961,961,956,936,921,890,841,790,727,651,587,499,416,340,261,184,120,59,11,26,49,60,41,23,18,74,249,188,246,292,339,349,344,319,265,200,9
61,20,211,450,567,579,544,504,473,398,239,818,334,608,743,686,475,211,29,142,138,53,15,25,63,226,394,519,537,455,288,99,80,227,364,480,570,613,590,779,278,34,202,390,503,544,542,497,433,348,219,48,162,382,531,592,538,399,229,101,50,47,37,38,211,444,654,738,639,375,18,290,447,450,325,470,170,268,416,496,422,159,215,575,772,742,509,191,83,219,188,61,51,33,134,385,589,619,416,46,327,549,543,98,125,0,28,150,206,94,192,494,652,547,207,203,481,527,344,82,111,165,86,75,11,19,4,23,30,33,7,26,0,16,121,216,229,153,19,125,246,323,324,244,71,176,456,661,686,473,48,444,827,925,739,309,198,587,740,635,361,36,233,357,337,218,65,62,145,186,199,186,115,31,243,476,619,575,309,132,606,684,1036,821,350,236,757,1059,1066,770,305,212,585,761,713,518,252,20,230,390,462,443,315,102,172,427,590,589,386,37,386,745,908,805,425,109,642,1451,1092,880,424,125,626,948,1024,865,526,113,261,555,704,719,627,441,186,77,318,473,514,430,257,18,205,336,325,329,113,395,568,557,333,43,454,774,899,37
14,67,740,631,483,326,206,135,122,151,217,405,316,308,230,104,47,189,274,263,170,12,228,419,529,527,401,174,120,420,658,823,875,837,720,561,396,255,155,191,87,110,147,184,203,194,175,143,107,94,92,128,176,222,258,261,227,152,41,81,200,306,383,454,493,524,535,516,467,388,280,168,76,7,10,403,58,124,186,224,237,211,164,97,22,39,77,89,81,70,49,38,55,96,166,240,328,388,414,377,288,144,13,147,216,201,99,49,172,242,200,68,114,296,406,413,311,151,16,131,167,129,42,36,44,11,13,8,0,0,15,2,26,11,20,5,17,53,111,181,249,304,308,267,180,40,124,283,416,495,527,484,400,66,159,32,76,175,241,291,312,304,270,213,133,54,28,105,161,197,211,200,160,92,1,133,266,395,490,530,505,407,232,31,176,353,480,538,532,466,374,263,152,55,20,81,126,162,196,228,265,295,306,283,204,73,109,303,487,617,662,592,429,187,84,350,552,1179,703,649,518,341,150,22,165,263,323,358,380,396,411,426,431,425,368,284,163,23,124,252,363,429,434,385,265,209,137,368,552,653,640,524,295,8,285,65
216,97,1008,700,423,251,118,81,145,315,516,327,982,1169,1200,1131,981,689,337,15,281,440,466,313,35,346,760,1195,1579,1834,1979,1967,1799,1561,1222,871,547,267,76,796,27,53,154,276,401,472,500,476,402,279,120,41,155,252,273,209,78,98,288,478,635,767,855,868,873,856,820,778,736,700,652,595,512,396,271,834,16,148,247,318,314,302,265,200,105,32,38,126,171,173,157,114,18,59,106,106,21,126,331,541,712,801,777,200,369,61,223,452,563,511,334,62,247,532,716,763,703,539,311,72,103,210,241,64,45,14,82,10,24,53,59,7,77,17,118,114,120,90,47,13,98,220,363,510,664,817,948,1031,1056,1041,961,816,634,269,208,24,215,355,466,540,569,571,570,556,523,455,399,314,209,82,30,163,331,507,663,811,950,1028,1036,959,837,867,377,115,128,379,598,739,818,861,863,794,710,650,605,546,518,528,546,497,458,377,229,32,213,450,733,1008,1198,1308,1343,1281,1076,814,527,201,143,1335,667,887,1010,1059,1036,973,872,741,622,595,583,611,677,732,759,705,622,517,367,208,72,70,231,437,603,773,910,224,806,563,218,224,731,1127,1458,1685,1766,140
27,41,670,932,1169,1276,1401,1416,1364,1215,1050,100,514,234,103,392,686,942,1161,1328,1412,1418,1373,1223,1051,747,476,151,145,456,765,1023,1238,1367,1432,1406,1313,1190,939,1335,356,29,311,602,872,1104,1279,1388,1404,1322,1220,994,752,469,160,145,468,739,995,1151,1262,1304,1259,1191,1020,792,527,231,58,369,628,872,1088,1197,1275,1465,1141,1003,769,538,239,68,384,674,919,1089,1207,1245,1231,1086,905,632,326,1,353,662,945,1149,1275,1294,1184,995,712,873,21,421,755,1019,1211,1246,1173,910,591,215,175,536,817,965,987,850,613,291,73,6,3,5,0,1,1,1,0,4,5,2,79,185,445,616,744,723,613,411,140,166,455,709,897,960,936,812,579,315,4,260,593,814,966,1041,1008,928,759,521,275,4,273,536,767,919,1025,1038,1029,924,768,556,325,48,224,474,706,887,1037,1092,1142,1061,950,771,541,302,6,281,542,778,994,1126,1221,1224,1130,1025,851,620,347,40,257,540,809,1026,1186,1282,1322,1253,1156,993,747,456,166,143,451,751,996,1182,1313,1341,1341,1255,1135,899,634,341,35,267,576,841,1078,1253,1349,1386,1353,1238,1070,827,581,284,39,354,656,565,1133,1285,1372,1389,1369,1243,1057,841,571,7
68,6,274,225,163,94,22,55,125,191,246,182,324,333,323,293,243,177,103,17,80,163,242,305,350,372,367,344,296,238,150,52,51,153,246,327,376,410,397,85,317,234,137,28,82,188,274,341,380,390,372,326,258,172,75,16,103,188,252,296,316,314,291,248,183,119,44,35,105,164,209,239,250,244,225,358,140,88,27,34,94,146,181,219,219,213,191,151,100,40,27,80,148,198,220,234,220,180,118,47,40,117,184,705,236,226,182,113,28,51,144,200,225,214,161,80,16,110,177,196,160,93,7,0,1,3,0,3,1,0,0,4,1,2,68,23,37,91,122,123,93,44,26,84,136,167,173,152,97,38,43,117,176,512,224,205,159,91,14,72,144,211,250,262,247,202,135,59,28,113,189,244,283,296,283,243,182,97,14,79,168,134,300,332,340,318,272,193,115,5,93,195,284,348,389,397,375,322,235,140,26,90,202,299,370,425,436,416,358,278,179,68,48,164,261,339,391,1334,406,369,309,228,132,26,71,163,243,304,342,358,352,322,267,212,145,55,16,92,160,218,265,291,305,291,264,696,194,138,75,3,68,144,198,240,282,7
47,163,540,455,352,231,115,6,108,200,271,169,357,367,355,317,264,199,127,51,15,81,131,175,208,225,226,215,199,172,140,120,100,91,93,105,133,160,193,337,260,285,300,290,274,240,191,130,69,13,90,177,258,341,420,492,551,588,609,602,575,530,462,373,289,199,121,39,28,80,129,165,198,238,272,111,347,386,415,444,457,459,452,427,392,347,297,244,179,127,66,19,29,72,112,135,157,161,164,143,116,87,51,241,3,3,7,50,107,172,253,334,415,471,520,531,530,504,468,417,367,321,281,2,16,9,9,6,26,38,21,22,18,24,111,84,64,54,54,58,73,88,103,95,79,30,37,133,240,364,492,606,704,1162,826,850,846,814,768,706,649,586,523,467,418,379,342,310,294,279,281,283,295,304,312,320,309,291,260,214,153,601,28,39,106,168,226,276,314,350,378,391,407,415,415,419,417,414,405,406,413,418,438,464,485,510,546,582,624,667,690,723,745,763,784,785,786,1340,765,751,734,714,697,673,661,645,637,639,636,648,663,682,716,746,780,807,831,848,852,848,840,823,774,718,648,734,434,305,162,14,142,293,414,515,594,21
54,15,107,361,608,819,1000,1110,1200,1202,1169,697,903,711,453,198,91,376,634,870,1051,1208,1282,1277,1229,1075,894,662,412,119,186,476,740,966,1137,1228,1286,1277,1175,1562,795,541,241,49,326,600,834,1022,1149,1193,1206,1121,991,823,598,354,64,183,444,661,844,967,1058,1087,1058,954,810,619,408,166,55,304,534,716,871,1421,1005,996,927,815,641,433,201,47,288,516,719,863,982,1021,1003,911,747,541,275,6,281,549,783,948,1040,1043,972,1136,565,260,52,370,658,860,995,976,864,668,391,77,235,501,686,757,719,568,330,4,0,3,5,0,0,0,1,2,6,2,107,127,370,541,669,679,592,427,197,77,349,592,780,866,869,781,597,370,101,144,438,655,821,915,926,869,743,554,365,117,121,371,579,744,856,910,919,868,762,593,410,196,35,263,475,661,810,839,979,962,905,781,629,443,209,23,258,486,699,863,979,1035,1034,998,904,741,553,307,49,201,455,686,879,1018,1113,1134,1114,1029,866,676,444,180,98,319,609,812,997,1091,1164,1156,1108,978,817,601,352,102,166,414,656,849,1006,1107,1150,1133,1070,950,791,582,351,101,150,9,621,818,984,1090,1159,1147,1112,1009,856,0
48,11,1110,1185,1136,905,595,202,224,612,949,1571,1241,1164,941,605,176,267,674,1001,1223,1276,1168,926,564,107,344,760,1087,1257,1283,1141,874,468,4,443,844,1143,1273,1531,1060,752,326,118,546,900,1129,1231,1154,923,594,182,243,622,924,1124,1138,1048,798,450,63,338,658,917,1058,1043,910,649,317,48,389,713,928,1017,988,697,534,197,173,509,794,952,998,905,688,356,8,387,712,947,1030,970,757,432,20,367,713,964,1051,970,708,342,90,107,848,1033,1001,791,449,12,445,775,943,898,665,285,142,504,728,759,589,288,84,1,0,2,1,1,7,1,1,4,2,4,433,568,541,343,50,285,578,736,732,554,223,155,514,771,892,805,575,240,151,500,783,923,892,706,389,50,326,628,841,915,866,655,371,37,313,602,808,910,886,714,464,146,191,517,764,912,947,849,625,319,26,366,665,886,985,962,817,541,219,151,511,796,984,1057,975,781,473,101,294,660,936,1089,1095,981,727,361,22,422,776,1028,1142,1135,947,783,289,119,527,843,1063,1164,1115,908,595,209,192,569,882,1081,1155,1087,867,541,180,223,579,884,1094,1139,1080,869,571,604,211,586,889,1091,1159,1099,902,590,215,6
44,50,690,644,583,508,435,383,343,327,344,1154,415,460,505,541,548,522,462,369,244,96,66,226,372,495,590,638,662,641,604,539,473,410,356,317,306,320,352,345,449,507,545,570,570,559,526,474,433,375,318,271,230,190,156,143,129,123,121,110,110,97,90,73,56,47,51,61,73,89,88,84,60,13,39,408,170,226,271,298,311,310,302,288,260,241,219,203,195,200,218,254,296,344,384,425,439,427,400,350,289,218,163,281,116,131,183,261,346,433,502,540,545,506,431,325,216,104,0,69,122,149,165,20,64,32,24,6,8,44,15,11,4,4,170,185,182,157,137,122,131,171,232,309,380,433,433,381,266,91,115,322,516,1004,769,797,767,681,559,415,279,154,58,19,55,79,81,73,65,63,83,113,177,264,375,495,613,713,785,807,781,677,576,402,214,13,180,351,494,596,663,683,670,637,574,505,442,389,359,352,366,402,450,491,499,491,445,350,216,48,141,347,553,744,903,1022,1101,1715,1107,1045,950,843,731,617,529,456,408,374,355,327,302,267,212,149,63,27,119,214,297,377,435,485,528,553,572,361,548,500,429,310,170,6,171,341,491,100
85,56,636,556,504,434,380,338,295,281,266,533,276,271,291,261,245,206,131,59,70,188,325,468,582,705,784,845,867,848,814,730,660,550,459,349,259,197,123,564,65,43,54,35,42,33,17,3,47,82,153,211,271,341,379,430,452,456,453,421,406,354,312,263,209,172,143,120,116,110,134,142,160,167,160,615,122,79,27,35,82,143,176,200,213,202,186,147,120,74,33,5,26,34,46,28,9,28,74,111,160,186,206,142,177,137,74,12,69,138,195,246,267,267,244,218,180,143,105,77,64,59,65,11,53,10,10,49,12,64,19,30,30,3,29,41,46,52,50,51,56,73,106,151,222,291,376,456,529,585,606,608,573,527,432,342,247,146,84,28,2,7,2,38,67,99,130,148,160,133,104,48,21,102,207,306,414,517,602,672,718,439,719,676,603,510,418,308,212,127,61,34,9,26,62,100,164,219,270,310,320,316,274,201,99,27,157,310,452,582,704,777,846,843,826,788,721,1031,573,517,462,424,409,399,421,428,464,494,516,544,537,546,515,483,432,365,298,214,134,35,49,141,242,319,419,45,586,662,733,793,838,872,874,877,853,15
4,39,310,164,31,110,241,348,435,506,563,79,595,570,519,452,354,241,112,17,133,248,353,433,484,509,529,536,515,470,430,387,331,278,226,180,122,84,45,546,50,92,123,152,192,233,256,284,305,329,330,339,336,324,308,284,264,228,182,139,89,26,39,101,158,217,266,296,325,338,340,320,303,275,242,277,158,123,73,26,19,69,118,162,199,233,272,299,318,335,343,349,355,354,345,344,335,312,291,256,215,159,95,377,64,148,237,315,374,420,433,434,408,363,299,236,173,121,75,44,26,21,22,13,22,16,13,13,22,27,5,23,4,3,15,33,58,87,124,163,210,261,313,376,430,479,517,543,551,542,518,488,441,159,343,289,243,202,171,154,135,124,120,126,135,143,146,154,155,142,117,71,30,40,121,220,329,439,558,674,782,564,956,1011,1041,1045,1033,995,934,868,797,727,663,595,538,508,478,468,452,453,459,481,501,511,530,548,571,568,556,538,514,474,422,352,293,230,169,233,92,79,84,121,173,243,321,419,528,631,733,816,881,928,956,948,927,865,784,689,571,445,313,178,33,99,228,415,496,609,706,780,841,871,872,838,780,103
97,3,376,355,354,367,387,407,432,466,486,795,508,502,481,440,392,322,229,132,16,102,225,345,451,547,606,643,644,617,553,468,349,225,83,57,194,321,438,1099,614,661,704,708,697,663,616,549,456,365,262,158,68,28,103,165,220,248,280,299,309,315,326,335,349,348,355,352,340,326,298,261,213,166,102,362,8,64,112,157,193,223,261,286,309,330,342,359,361,362,360,352,338,329,311,300,287,264,241,215,176,129,67,328,77,152,228,293,342,376,388,379,346,296,235,169,107,56,12,13,34,33,28,13,24,37,23,42,15,32,29,37,11,7,11,12,11,15,28,54,91,141,207,276,361,442,529,606,672,723,752,767,755,678,687,630,568,507,438,383,328,288,258,243,233,232,232,240,237,228,197,162,105,28,56,164,284,405,533,659,773,404,952,1010,1053,1066,1053,1022,971,912,834,755,684,622,560,523,500,495,501,524,548,578,599,615,614,598,561,501,423,328,225,103,16,146,258,361,448,805,538,545,510,465,379,282,170,53,73,185,272,352,414,443,449,432,395,337,269,186,98,12,79,177,272,366,456,226,609,655,701,712,718,696,663,617,561,42
47,102,402,355,360,409,473,515,499,401,217,687,315,570,735,792,727,555,331,117,24,62,20,187,387,565,673,683,586,426,256,104,14,3,40,126,203,231,184,516,153,389,605,758,792,735,590,412,254,152,126,171,268,366,442,453,395,279,132,15,122,183,191,168,141,142,190,287,414,544,625,640,587,481,352,35,172,148,162,189,192,169,94,29,174,306,411,460,461,410,343,282,258,282,335,397,438,430,355,217,46,119,230,22,271,224,180,172,219,321,417,477,451,330,135,82,264,367,369,291,166,46,27,9,8,6,27,8,22,20,6,2,1,0,109,98,57,11,97,184,240,269,238,168,43,100,255,402,491,520,466,343,154,518,263,437,541,568,513,391,225,61,100,221,298,330,337,305,261,186,94,14,140,262,366,426,418,322,148,84,350,179,719,761,676,489,226,50,300,488,603,646,624,562,482,401,323,229,124,18,195,399,576,718,760,679,477,185,130,428,623,684,600,393,110,195,455,1533,710,692,579,436,281,149,57,11,81,180,319,501,695,867,968,957,827,579,265,64,348,542,637,599,461,252,18,516,364,448,421,292,92,141,367,534,623,175
153,19,28,69,66,64,77,124,220,364,516,711,726,738,665,506,320,115,61,168,199,147,43,87,194,260,248,187,72,37,129,172,167,131,94,72,91,170,283,402,513,572,570,511,404,279,159,73,25,30,87,164,235,296,295,249,155,45,62,135,167,169,161,164,209,291,419,534,633,666,620,495,330,147,7,432,119,69,20,133,211,247,207,124,5,144,253,315,336,291,231,181,175,212,282,377,438,444,371,224,39,147,288,211,310,213,79,32,76,43,64,199,333,396,373,265,104,70,202,274,267,200,101,52,35,23,6,4,9,47,12,3,35,7,101,18,85,177,243,269,269,246,219,184,138,61,59,231,420,596,711,720,614,172,102,204,460,616,649,562,389,166,38,199,279,279,214,108,1,77,122,139,131,143,189,277,380,492,542,497,343,108,247,576,848,1002,1000,840,579,254,66,312,464,502,450,339,222,134,86,79,94,108,87,11,107,264,400,490,501,412,221,36,303,540,686,727,651,609,213,55,296,464,560,577,522,441,358,303,280,287,271,211,97,76,284,486,647,731,721,624,460,259,57,125,255,165,313,231,83,102,294,446,531,528,450,47
87,3,533,431,317,228,162,121,129,172,248,536,452,555,640,705,704,647,550,417,260,103,29,143,201,218,190,133,45,54,147,235,296,337,336,313,254,170,79,614,104,191,239,289,311,316,312,327,319,320,323,308,298,298,289,289,305,316,335,363,383,393,404,399,382,358,320,268,220,163,94,45,3,28,31,136,55,142,246,356,457,545,601,621,609,557,478,400,304,223,160,116,110,132,186,262,335,405,449,438,389,300,176,70,83,160,182,142,18,138,319,493,608,653,616,503,339,169,8,101,153,152,109,19,16,22,12,37,1,22,11,22,15,14,144,141,114,84,74,75,97,148,200,242,265,235,162,53,101,263,414,543,626,856,634,563,458,342,215,105,29,27,39,27,16,62,111,141,152,134,76,2,98,209,298,357,373,333,249,124,38,237,392,559,678,739,751,702,603,465,313,174,64,5,17,19,92,188,281,361,399,402,335,212,44,153,377,577,736,835,849,783,636,422,178,60,267,903,560,620,617,581,517,436,360,299,256,251,288,353,460,562,665,734,752,724,645,521,368,201,39,115,248,349,424,46,447,396,294,153,8,195,368,520,619,95
151,0,506,415,246,93,45,218,404,523,489,434,205,621,780,550,67,424,582,389,27,222,140,108,324,268,37,392,580,461,138,185,384,409,346,254,119,51,250,234,433,340,144,99,304,414,410,285,131,58,254,387,457,352,160,91,295,371,360,273,175,61,141,360,550,533,257,179,540,598,339,15,205,139,24,55,110,404,545,363,117,604,810,586,81,394,579,432,162,14,4,66,8,211,483,538,255,236,628,615,242,197,378,103,88,150,124,446,443,10,597,827,472,214,713,661,193,293,415,198,81,172,51,23,29,8,4,17,10,4,5,7,23,11,85,33,114,109,81,75,63,17,194,335,294,1,397,601,431,54,548,696,418,440,487,555,285,55,256,267,135,29,18,28,51,100,119,41,86,198,154,50,289,371,173,228,573,603,230,363,787,418,287,373,803,768,302,254,593,567,279,35,229,272,240,196,122,28,234,426,397,88,353,675,598,104,533,892,712,63,665,991,720,6,683,933,648,379,544,764,590,168,244,473,508,367,159,104,379,568,562,252,246,672,798,495,65,598,806,589,93,442,691,531,68,212,607,397,90,525,650,360,165,603,705,20
24,81,60,35,35,7,98,172,194,137,13,559,391,597,716,733,604,366,49,289,556,681,656,456,154,179,476,667,726,641,475,258,54,104,183,191,128,27,59,789,109,34,81,221,333,398,391,321,187,45,98,176,193,128,23,126,292,409,492,519,487,421,318,208,82,51,176,292,367,398,376,296,199,95,16,81,13,88,177,266,320,329,288,217,114,23,24,35,1,79,173,250,267,212,76,114,320,489,574,535,381,153,88,463,309,214,9,243,434,508,422,200,90,344,490,502,375,187,5,113,124,65,35,23,11,10,2,24,4,29,15,16,18,13,84,89,93,86,96,128,186,230,257,229,121,63,294,512,684,747,691,531,317,324,128,283,359,379,374,336,327,308,288,257,211,134,46,34,105,147,143,93,1,142,308,478,613,689,647,503,257,39,391,682,885,970,929,794,588,374,172,29,49,75,85,85,119,178,254,358,428,438,333,131,144,449,709,860,844,660,322,104,546,923,1179,1274,1213,1119,698,347,18,229,399,441,432,369,314,306,357,425,488,496,399,212,57,351,604,766,809,717,519,236,83,410,693,390,957,891,707,400,35,318,599,753,768,61
40,2,30,34,32,13,102,204,308,386,420,191,304,160,31,230,420,572,666,666,601,445,240,22,211,415,567,667,695,668,591,478,347,218,124,46,17,37,88,19,260,334,382,404,384,316,228,127,38,48,108,132,128,87,34,53,139,226,321,393,448,497,531,543,531,511,483,435,391,330,269,199,118,65,24,97,1,46,96,172,240,299,317,318,283,237,179,112,64,37,36,66,130,223,333,448,542,589,584,507,373,189,0,416,262,268,202,37,156,351,495,579,555,455,283,102,47,161,192,174,106,19,49,41,15,48,29,23,14,4,2,27,10,10,71,48,44,62,98,152,219,300,375,434,469,458,406,309,169,3,162,318,447,789,574,575,541,487,438,397,365,339,323,308,291,258,209,155,88,8,65,144,206,258,286,280,231,135,3,168,361,341,723,862,940,978,944,870,768,644,530,420,341,295,278,276,288,299,298,251,173,54,101,288,463,611,704,731,675,530,311,38,253,531,771,948,1059,1822,1057,972,845,701,571,446,366,316,306,329,353,386,397,357,269,133,34,240,436,609,730,802,809,753,643,474,278,176,169,383,581,738,845,877,856,764,627,78
226,40,630,609,585,578,556,543,530,529,514,384,490,462,425,375,314,236,182,157,149,199,269,355,454,537,596,628,626,586,531,473,419,376,354,353,364,397,423,593,487,506,495,477,423,367,310,270,250,266,316,407,492,595,666,717,735,723,685,623,550,494,456,438,450,487,534,578,606,605,555,475,362,239,131,42,19,48,140,273,428,586,711,791,820,789,714,616,501,402,326,291,301,347,422,492,548,559,516,408,246,81,56,54,152,59,105,318,534,700,765,736,597,381,134,99,280,383,406,364,276,177,93,2,42,13,15,15,28,13,8,22,5,22,113,128,136,138,140,136,152,157,158,145,117,45,52,182,324,469,588,675,708,558,597,477,337,196,67,51,133,195,222,244,244,235,219,185,163,123,74,33,15,72,145,231,325,424,517,590,630,446,593,507,382,241,104,39,169,275,365,438,482,507,516,518,503,492,485,463,441,407,364,280,175,44,105,259,387,483,536,527,477,386,280,148,23,427,186,261,330,391,450,508,572,634,714,784,848,892,897,860,781,657,508,340,187,44,41,93,112,110,98,84,73,76,26,36,113,220,332,460,557,628,673,75
81,9,769,516,254,78,22,76,125,92,55,786,573,707,673,437,77,278,476,453,227,109,398,484,314,64,511,878,987,822,446,34,436,627,648,495,275,137,83,472,258,342,301,177,49,318,449,495,423,269,139,96,122,214,309,288,150,89,393,659,768,748,592,307,30,197,371,420,411,351,264,162,122,98,110,323,167,124,40,95,253,370,432,417,329,211,81,16,81,114,146,218,303,376,391,300,120,99,290,382,334,194,21,89,136,32,122,248,262,117,125,368,497,428,195,96,324,399,315,138,37,127,131,32,27,8,22,29,37,13,11,19,52,16,164,150,75,10,87,127,140,140,158,161,122,15,177,399,575,626,494,186,203,610,722,679,445,137,129,285,309,244,159,108,99,99,103,74,13,64,116,119,59,46,151,179,99,102,365,582,671,291,264,139,541,804,867,731,431,80,227,418,486,451,359,271,190,120,37,78,202,327,393,329,145,115,380,519,446,181,214,602,837,840,598,169,303,1143,947,958,743,413,33,302,513,607,610,535,432,302,126,64,266,453,573,567,456,228,47,296,462,477,310,28,282,151,649,526,195,280,749,1030,1048,762,256,75
166,95,383,106,65,89,176,333,380,81,437,341,487,223,790,692,26,595,592,26,478,390,167,567,358,289,733,500,181,686,563,9,416,374,61,133,35,125,54,449,382,157,277,493,268,153,367,197,87,153,55,241,102,267,487,292,201,555,483,84,307,433,285,56,109,204,256,211,36,208,300,162,84,191,84,242,64,95,185,54,205,317,152,161,336,233,26,195,179,58,3,20,13,126,260,182,122,380,290,83,337,223,113,160,42,230,190,139,350,160,240,388,127,243,317,72,167,165,9,66,0,68,4,17,1,33,19,24,29,6,17,20,41,17,2,115,125,11,171,147,87,299,221,152,461,350,162,587,482,103,622,579,37,929,603,216,285,504,347,13,302,358,196,77,286,301,111,172,351,273,48,389,432,78,418,586,208,420,711,340,385,226,515,242,789,686,40,572,703,332,181,477,441,194,92,309,407,320,5,445,644,333,338,829,617,187,893,798,44,864,887,77,800,932,204,685,956,652,434,848,571,54,511,549,289,3,226,416,503,270,269,786,757,78,753,1009,439,475,948,633,153,716,631,16,537,88,17,538,584,41,596,715,190,488,736,72
203,148,134,90,36,11,39,62,60,43,7,582,112,184,257,331,378,413,400,354,261,144,2,145,288,418,500,560,575,552,487,411,317,220,138,57,6,8,11,428,36,62,99,125,141,131,111,54,25,116,236,360,488,602,682,742,744,710,644,557,478,393,330,320,309,341,386,438,486,512,510,491,429,344,230,472,24,152,249,328,366,367,333,270,194,115,39,7,28,17,26,96,179,278,365,438,467,463,413,318,200,69,53,53,190,182,127,32,90,222,342,424,454,442,388,299,197,105,26,33,49,42,5,53,35,43,35,20,29,34,14,0,2,24,191,199,198,183,165,132,98,45,14,87,182,286,392,506,600,670,706,711,673,405,506,384,253,130,12,77,149,201,252,266,270,283,283,292,317,334,373,405,450,483,510,524,519,471,394,294,166,509,115,253,379,471,539,572,586,566,537,496,471,428,399,391,400,425,462,508,553,588,603,590,541,448,322,161,20,217,408,583,735,850,918,929,913,1488,756,660,565,491,419,385,385,416,449,504,548,586,606,601,555,472,363,227,71,78,224,345,433,508,541,540,530,144,455,403,340,252,176,92,6,68,130,11
67,30,136,174,227,292,341,400,468,534,603,376,652,651,629,581,503,378,243,91,58,213,374,517,628,715,775,807,809,772,705,616,504,392,282,181,92,19,38,526,104,136,151,168,183,197,205,219,242,276,320,368,409,466,522,581,609,617,596,556,496,400,282,149,15,103,212,302,357,383,367,334,262,176,99,10,70,141,192,222,235,222,201,161,105,47,0,38,64,65,51,16,45,122,205,282,357,416,460,467,444,384,301,258,78,48,158,246,288,306,285,212,117,3,119,219,292,345,357,336,281,209,132,9,12,24,1,9,32,31,27,13,1,17,6,64,114,153,166,168,158,140,128,136,179,249,336,438,545,650,734,793,822,870,783,722,637,532,420,303,183,90,8,45,76,91,76,50,12,21,50,69,75,63,28,30,109,211,322,434,541,529,721,780,818,822,807,779,732,666,580,494,412,326,259,181,138,131,153,187,239,307,387,465,532,571,593,603,583,522,430,317,199,81,52,183,289,623,425,458,484,473,421,341,261,181,100,6,89,153,188,195,183,160,113,55,20,82,142,192,233,256,274,278,272,489,224,204,185,174,154,143,122,112,112,33
149,30,201,230,181,85,16,17,106,286,515,244,845,823,660,374,71,190,326,345,257,139,39,27,90,225,398,575,652,613,441,208,31,183,218,151,13,113,179,482,104,14,149,271,386,468,520,532,518,479,419,352,265,169,55,105,252,381,442,420,344,258,199,205,258,318,354,322,215,62,77,172,194,115,26,108,208,126,96,383,684,867,885,735,443,90,242,452,508,404,212,31,59,14,163,384,537,533,359,62,238,415,395,8,72,287,332,161,176,559,818,833,583,137,331,651,717,529,198,116,289,283,140,40,17,31,29,7,5,12,10,25,29,5,119,164,140,67,4,32,5,31,40,30,178,356,468,452,267,39,393,667,790,877,493,172,133,347,427,377,251,117,45,33,95,170,207,194,111,33,193,311,328,219,7,251,442,477,339,50,303,310,809,817,643,334,32,358,569,627,558,410,264,171,145,171,201,180,84,94,322,547,720,769,649,354,44,443,718,763,573,213,191,520,687,659,455,451,169,420,568,604,545,438,326,233,169,128,93,20,128,344,593,795,891,843,672,396,87,204,443,563,583,483,283,518,141,261,245,107,137,395,595,667,592,60
44,19,80,124,117,88,56,29,34,65,139,591,374,509,635,709,713,634,481,264,42,138,244,246,135,40,248,431,566,624,591,506,379,257,140,47,10,28,92,515,361,504,610,653,619,520,386,254,149,109,137,199,281,353,390,374,302,200,73,59,162,235,252,240,204,157,120,110,127,162,208,245,261,257,235,267,176,175,209,268,342,425,487,522,532,512,454,385,308,248,199,170,173,183,195,174,127,48,59,159,230,243,189,172,46,162,227,211,114,30,196,346,445,469,418,326,207,100,13,40,68,80,87,47,45,16,28,29,18,15,11,42,24,43,74,89,94,93,107,131,188,249,294,292,228,86,113,336,546,678,719,643,465,63,4,212,359,418,422,378,300,219,156,104,64,49,28,14,14,67,146,249,366,460,514,494,390,201,44,315,556,286,819,790,654,446,186,73,287,444,526,540,508,448,399,372,372,397,423,438,403,313,155,48,296,529,735,878,943,894,758,530,245,46,331,543,669,1593,644,509,347,175,32,83,174,246,307,378,473,574,675,765,837,865,836,758,620,431,221,1,203,373,504,578,599,391,442,266,57,169,375,523,578,554,459,18
12,64,62,294,309,217,126,29,307,569,483,486,707,881,359,493,917,548,229,644,378,175,365,39,361,330,163,590,464,114,581,512,49,297,282,84,4,128,165,81,442,538,149,442,708,425,140,484,407,145,6,21,99,302,433,236,219,596,530,81,381,500,280,1,151,196,231,244,109,144,355,344,123,128,273,123,187,52,116,306,380,222,166,507,499,107,372,525,273,88,268,221,116,59,6,123,246,222,7,257,270,50,137,42,23,0,156,210,31,369,392,20,415,459,60,362,393,56,265,268,42,144,149,50,55,60,27,8,46,15,7,28,5,3,78,76,50,0,100,216,200,78,434,438,44,601,649,30,678,775,146,597,772,45,400,611,295,178,382,235,18,163,152,73,17,102,130,65,102,235,156,130,406,343,138,658,611,82,825,841,71,248,951,278,588,896,436,308,689,494,14,401,447,197,112,316,328,168,132,418,448,99,436,717,412,339,913,722,161,967,922,41,856,969,239,652,913,134,443,787,415,241,585,436,27,313,444,348,67,312,591,535,27,623,894,458,388,971,792,22,795,899,271,509,769,790,313,601,272,338,578,190,408,590,216,25
9,0,544,445,354,270,221,219,259,329,441,712,705,817,905,927,892,781,604,379,128,115,328,486,567,583,530,413,274,104,42,157,224,253,225,161,67,47,155,770,314,350,346,301,220,127,32,48,113,124,97,29,70,192,311,416,489,528,529,492,441,378,329,298,290,309,348,390,429,443,434,406,354,289,233,283,161,160,185,238,304,361,413,447,455,432,380,314,232,165,111,80,80,111,173,255,345,417,469,481,460,399,304,31,105,37,1,20,81,177,285,392,458,480,457,386,285,175,68,9,55,62,33,6,0,12,24,25,4,4,32,31,6,4,17,41,43,14,44,131,238,340,428,476,463,392,264,85,119,323,489,621,690,967,667,599,507,417,339,281,241,220,212,197,180,140,92,26,61,142,234,309,381,428,442,437,381,295,171,20,154,117,510,666,775,836,849,819,756,660,565,469,398,335,303,281,274,272,260,243,196,132,39,90,240,407,578,742,877,948,956,906,768,573,332,75,181,955,587,709,774,776,731,659,576,499,458,428,454,503,573,654,721,763,763,722,642,513,358,175,16,217,403,568,697,107,786,733,617,445,225,0,223,416,551,111
35,121,412,343,288,271,302,373,481,602,722,757,859,830,736,581,366,138,95,302,456,545,562,496,371,205,15,173,329,440,484,456,377,251,116,6,84,103,66,265,179,332,470,561,595,550,446,288,104,77,224,325,353,319,224,91,50,184,287,348,362,337,288,226,176,150,160,193,251,321,381,419,419,387,325,624,156,81,25,8,14,60,128,202,278,338,368,366,347,307,257,218,194,208,243,304,379,448,488,497,453,371,251,158,23,50,63,22,53,180,295,391,436,431,369,266,147,25,73,134,158,154,118,11,6,49,13,5,23,0,2,0,14,33,75,95,85,41,35,137,249,347,410,422,367,267,111,75,253,409,525,589,593,717,495,412,334,264,213,164,122,83,29,33,110,188,274,348,407,444,457,435,382,294,184,44,111,275,430,564,664,200,714,660,560,421,275,124,6,109,166,201,210,213,221,241,298,385,487,605,711,783,802,767,655,476,241,31,300,553,756,893,958,941,855,712,543,320,200,58,39,107,142,168,178,207,261,344,452,590,718,845,952,1005,998,938,820,648,443,231,2,208,393,545,654,18,722,672,569,432,263,70,122,284,404,2
191,9,539,382,234,59,150,336,523,656,664,523,384,102,166,356,450,361,129,133,365,472,339,63,266,596,744,679,493,187,90,227,251,187,71,61,148,293,481,965,483,292,30,210,296,260,110,80,177,164,10,312,612,792,802,572,197,182,492,598,510,376,220,154,205,276,347,326,166,52,287,472,496,384,222,69,28,47,198,365,453,374,139,175,490,682,685,533,290,37,104,125,50,47,80,8,149,322,451,447,309,103,93,1,201,108,29,19,118,305,439,439,270,28,332,504,495,336,89,107,192,169,59,31,33,7,9,40,18,35,25,23,3,14,5,91,155,187,152,55,104,269,399,459,379,181,108,429,672,752,649,367,28,817,643,733,629,395,115,158,342,409,384,259,108,40,150,220,246,217,147,18,161,333,476,517,403,177,150,500,755,524,776,486,96,299,637,821,828,707,466,174,82,318,475,541,541,466,316,122,117,372,552,625,529,256,109,489,757,823,652,310,140,560,825,890,746,349,90,250,504,658,720,705,603,437,204,104,429,735,937,992,808,455,18,486,804,904,785,464,78,262,511,589,489,391,18,332,549,652,612,404,110,187,463,65
78,49,625,620,590,553,484,422,353,290,240,954,156,128,126,126,132,142,152,158,151,132,97,47,16,93,183,269,354,412,448,462,444,411,360,295,230,162,102,289,0,40,66,87,109,124,145,165,198,225,262,303,346,383,403,417,412,390,354,302,244,181,121,76,45,46,66,114,172,232,276,298,298,250,169,506,80,216,354,469,557,615,628,605,544,463,356,247,141,53,12,51,44,3,61,156,269,365,448,502,521,496,422,55,185,55,69,163,205,188,123,23,110,242,351,412,425,379,300,192,79,21,98,19,23,10,22,34,12,6,7,7,3,22,103,129,157,179,197,207,204,190,164,114,47,39,142,258,374,484,588,655,692,862,659,593,502,403,306,204,134,71,27,3,23,44,57,72,93,121,157,202,258,327,396,482,564,639,700,745,754,559,697,630,542,442,338,252,165,92,30,29,74,109,137,164,181,208,227,271,309,360,415,472,532,585,628,666,696,713,704,685,655,589,512,423,328,96,149,71,0,61,109,173,220,256,300,327,358,380,394,420,441,462,472,476,477,460,440,409,377,350,326,313,302,317,267,238,187,105,17,98,206,316,417,149
303,85,790,724,618,515,429,373,350,339,322,524,176,12,181,401,565,648,599,434,193,101,364,526,569,480,299,44,214,454,618,697,692,612,498,382,292,244,245,446,310,314,269,185,71,57,146,178,140,36,78,210,289,301,244,125,35,193,317,414,465,492,522,552,590,621,628,597,510,379,222,74,45,110,106,686,45,142,211,228,180,69,77,230,356,431,450,414,357,297,279,309,380,474,554,585,540,412,202,49,278,431,475,21,231,50,80,110,0,191,414,582,617,513,288,21,216,355,379,297,164,37,44,8,9,8,51,35,13,5,15,0,23,22,191,193,176,141,88,18,76,193,332,462,563,584,507,330,66,236,514,706,779,615,575,352,121,77,219,292,306,294,253,195,135,65,11,97,174,253,315,361,369,337,244,91,123,376,621,808,899,777,697,445,135,171,432,632,739,760,716,596,446,274,99,49,169,256,326,389,443,495,510,472,350,164,90,366,616,802,875,825,652,389,55,287,584,1521,918,918,832,659,444,223,12,168,321,444,539,625,661,688,690,642,564,432,263,54,159,359,512,614,631,568,410,629,77,350,586,723,737,627,395,87,230,95
92,36,211,38,56,112,111,95,96,134,214,710,407,469,456,376,235,54,101,194,197,117,48,237,415,534,569,498,340,130,91,283,396,436,393,315,233,184,175,26,224,232,216,181,132,104,97,108,152,209,267,320,354,334,260,125,45,212,325,389,394,374,359,382,434,483,500,431,300,111,72,205,263,231,115,552,170,253,254,158,0,210,403,548,602,561,445,295,160,70,55,78,133,171,145,56,107,291,467,569,558,431,220,132,183,231,137,68,284,423,412,243,37,314,504,532,415,212,7,127,165,121,44,42,25,17,26,30,13,3,8,9,25,4,42,5,16,26,33,49,84,162,258,356,398,344,174,88,388,648,776,752,565,72,51,317,477,523,465,346,210,91,5,40,62,56,49,42,52,65,65,38,40,164,319,462,552,527,376,123,184,281,725,851,839,696,455,160,131,353,479,496,431,310,189,114,80,92,101,85,21,84,193,298,363,343,255,95,129,378,596,737,731,580,293,43,376,1124,742,728,611,447,278,117,18,108,179,237,278,317,363,411,442,445,393,284,114,82,270,413,489,471,383,213,6,192,379,466,443,298,50,240,515,709,795,4
96,28,546,447,327,195,54,79,192,319,409,73,558,592,602,587,545,483,376,264,129,7,150,296,439,559,660,732,778,782,747,690,599,486,350,202,65,74,203,715,390,448,475,475,449,403,331,236,139,27,77,190,300,404,476,540,581,594,592,565,519,459,374,276,183,85,7,99,161,214,245,252,231,196,145,96,2,78,160,237,301,354,394,422,431,431,419,390,365,336,291,251,216,186,149,125,100,86,71,59,54,47,40,173,33,32,23,15,1,20,33,54,69,81,94,90,90,83,70,50,32,14,3,15,70,64,13,21,43,27,27,37,25,1,42,55,74,101,143,193,249,308,383,445,518,581,633,669,694,700,691,663,630,661,530,473,411,354,309,264,224,199,180,173,173,180,195,219,251,281,324,372,419,468,518,561,605,639,667,672,679,459,659,640,617,582,548,522,482,460,424,411,385,373,354,347,351,357,357,381,405,432,470,482,523,550,570,603,623,645,658,669,672,664,663,651,643,1137,601,575,567,548,532,520,503,481,481,458,440,422,399,373,341,306,279,225,191,142,106,72,56,30,38,66,108,503,231,308,400,495,579,649,710,748,760,25
202,38,62,128,200,215,234,317,437,517,480,460,41,374,614,661,486,181,112,261,205,9,241,366,267,30,424,718,803,619,264,138,418,518,438,307,188,152,198,845,249,147,43,263,425,492,446,326,200,96,63,45,6,100,269,477,630,658,526,269,57,348,554,638,607,478,305,98,85,210,272,264,220,189,195,334,301,304,212,30,191,381,477,485,407,279,147,16,113,242,369,465,492,424,245,10,272,460,503,395,175,56,188,306,59,81,131,36,153,339,399,291,48,217,386,397,273,95,66,150,171,156,122,35,19,19,1,8,21,22,5,7,13,51,17,59,100,130,117,27,134,312,424,374,144,205,526,672,570,249,148,462,585,411,287,42,147,251,274,254,196,122,16,91,185,219,163,42,117,232,264,159,52,305,486,520,346,17,372,649,743,392,250,139,443,590,567,423,224,26,154,294,399,435,384,248,23,221,432,518,443,219,91,382,558,524,281,80,428,637,602,359,19,400,626,641,472,27,114,349,489,522,472,338,140,114,398,629,730,657,393,15,428,728,831,714,415,47,296,520,581,485,258,21,253,52,313,96,208,465,547,412,87,298,603,13
314,366,1044,908,851,847,891,961,1078,1218,1344,708,1507,1515,1444,1294,1039,758,451,151,90,214,219,109,104,376,667,943,1136,1262,1287,1230,1113,947,773,595,456,339,285,285,330,427,536,645,752,785,766,672,524,337,152,10,113,166,140,51,95,260,427,543,616,640,614,534,426,316,227,180,166,193,240,287,322,307,255,654,26,126,270,402,480,526,530,488,421,332,222,104,19,108,179,222,198,156,98,48,17,15,71,155,254,345,400,82,289,139,60,262,416,491,464,348,132,119,382,609,751,808,770,658,492,313,150,28,7,14,33,49,41,0,12,7,74,28,58,57,69,102,168,265,416,577,735,862,933,928,831,629,368,46,278,575,818,1599,1086,1105,1059,961,864,753,660,569,488,401,302,179,61,85,217,342,452,520,567,562,515,437,334,189,32,156,349,247,713,888,1019,1142,1216,1267,1265,1237,1174,1097,982,879,752,630,509,390,298,194,69,62,206,353,523,679,800,911,929,893,790,605,405,165,75,290,486,1484,784,902,991,1051,1100,1133,1159,1148,1150,1131,1106,1078,1047,983,899,775,632,465,281,111,77,217,363,483,594,672,725,313,633,461,214,93,430,776,1057,1263,1355,80
133,80,545,402,175,51,220,327,376,370,285,439,203,470,564,406,58,292,437,301,11,192,160,73,297,331,104,231,465,445,224,56,239,271,202,136,113,111,68,226,188,319,338,235,43,164,300,336,266,163,46,61,178,279,337,301,162,45,231,333,352,300,194,31,179,377,454,357,129,115,248,241,159,121,153,274,154,46,325,530,508,241,154,464,542,373,89,129,203,162,132,170,239,215,38,249,460,435,164,170,344,271,47,42,52,139,245,107,211,466,423,89,326,513,362,5,284,334,173,37,142,116,25,14,45,22,26,27,4,1,30,8,0,26,41,5,73,95,22,110,194,118,98,309,344,127,214,462,430,130,252,470,406,87,197,359,323,147,56,192,253,222,120,30,179,261,229,89,93,235,259,147,61,261,330,202,89,387,485,297,100,80,596,398,19,414,583,467,141,217,442,465,297,53,179,324,361,296,145,73,300,446,402,151,211,490,502,213,217,531,516,176,285,584,539,186,262,1218,575,325,46,368,546,522,318,3,347,593,632,417,6,430,696,653,326,111,465,582,447,146,164,385,404,225,80,43,388,144,229,499,455,99,354,627,567,44
20,98,807,483,37,382,435,344,231,62,227,603,552,195,354,663,489,15,403,377,68,143,39,197,212,129,527,544,60,552,769,419,201,582,518,195,73,156,171,163,343,255,71,462,603,367,90,447,514,336,75,128,279,378,374,176,188,524,598,308,174,551,596,307,102,400,466,309,38,192,316,316,218,68,110,127,409,334,47,343,576,471,51,402,601,417,17,330,431,286,65,125,244,301,248,40,225,393,300,18,225,269,161,279,28,42,216,363,263,124,492,475,39,430,511,163,273,412,205,102,254,185,32,2,43,38,33,32,16,3,12,28,6,73,111,89,41,182,176,34,279,311,48,317,459,220,232,520,399,37,436,481,162,512,458,302,76,363,358,65,254,341,130,185,324,173,139,315,225,66,304,318,85,226,401,315,28,396,514,228,277,508,488,39,550,639,222,343,636,435,73,477,524,202,229,473,373,31,325,452,271,91,409,429,150,260,489,356,76,482,522,142,391,624,348,254,685,670,19,604,768,352,342,776,664,86,533,764,498,74,568,674,353,176,572,597,254,229,548,482,86,364,530,270,215,113,293,220,546,320,297,737,537,196,817,9
78,64,1001,1106,908,587,286,89,32,164,370,1118,907,975,752,251,341,753,828,573,168,139,182,56,426,726,745,382,226,822,1168,1138,769,275,147,361,375,288,220,51,476,683,747,589,233,223,593,798,806,675,493,341,228,130,41,318,647,919,997,853,512,107,272,554,711,755,681,544,355,154,26,179,301,386,483,0,639,641,518,231,171,596,910,1017,883,556,133,235,491,597,577,535,465,371,233,5,256,484,587,533,350,137,0,282,1,12,144,402,653,728,507,39,515,877,881,541,30,392,572,473,199,62,198,30,100,8,26,28,20,15,15,33,15,55,171,268,216,11,253,469,505,315,46,438,711,739,500,59,404,764,852,669,261,999,615,792,688,382,38,417,625,588,331,34,377,546,495,243,106,421,605,589,384,42,350,676,812,724,394,102,618,589,1057,791,244,389,899,1103,941,488,87,588,862,851,597,211,194,515,689,673,477,148,231,580,795,794,543,65,476,925,1084,882,357,324,910,1185,1044,306,154,775,1152,1143,798,220,435,969,1244,1172,781,200,385,857,1111,1084,831,416,71,508,793,891,754,419,47,503,748,626,265,330,840,978,652,14,791,1326,1382,114
17,17,171,377,455,437,378,346,365,419,459,306,271,15,372,695,859,777,490,130,152,262,148,68,261,335,233,29,335,581,698,655,484,268,70,79,130,90,41,309,119,294,487,576,536,395,187,8,143,194,217,205,215,270,364,441,446,371,206,11,128,207,260,311,381,463,501,458,346,179,7,146,248,279,251,371,161,225,382,523,557,425,139,192,484,630,619,492,317,146,51,45,57,43,29,179,377,522,554,450,239,25,227,140,254,132,28,27,164,321,402,335,93,237,503,582,466,206,80,272,315,236,90,39,54,17,45,18,3,14,25,3,30,27,94,99,38,55,157,246,288,257,153,12,229,449,580,561,389,93,262,541,670,436,457,162,156,406,542,536,376,137,66,212,259,203,74,44,151,223,200,119,41,46,142,236,333,443,472,361,118,116,583,822,843,645,264,183,570,786,783,588,273,53,284,389,364,268,163,81,37,4,67,188,322,412,380,171,152,488,714,726,473,55,389,722,860,1091,395,8,369,640,748,695,527,265,52,307,461,539,541,488,421,311,118,135,384,598,718,658,472,197,137,435,569,497,266,107,438,576,459,128,317,694,862,66
21,71,89,102,71,7,86,209,331,448,551,18,662,663,624,538,418,264,96,79,256,414,528,614,664,666,617,546,434,316,190,68,35,110,142,141,97,15,84,495,324,434,522,583,610,596,549,469,369,249,119,0,117,211,276,323,341,337,312,284,244,205,166,143,127,122,129,141,170,205,236,265,286,304,311,128,314,304,288,279,269,255,243,228,220,200,181,156,123,86,43,0,40,76,98,107,108,99,80,63,41,25,15,160,42,70,107,151,191,226,246,256,244,220,176,127,68,18,34,69,92,98,89,21,5,1,51,25,17,6,27,37,37,54,53,95,124,142,139,116,64,1,86,181,286,393,502,599,680,747,794,812,816,728,766,719,666,600,526,452,375,302,228,170,115,61,19,20,55,89,123,160,202,253,312,387,464,542,619,684,743,751,798,789,763,721,650,577,485,394,300,218,149,96,59,47,46,56,79,101,119,129,125,101,50,27,132,257,396,545,676,796,900,966,1001,995,951,1158,783,668,544,426,328,246,201,182,183,202,236,276,323,351,367,373,359,319,258,184,89,22,147,275,401,527,647,70,829,872,883,857,791,695,575,438,296,45
11,75,165,301,317,272,251,310,432,544,563,474,102,288,624,773,678,360,40,355,447,282,55,419,630,587,282,169,600,853,841,590,224,119,331,348,245,108,38,172,245,407,477,393,172,107,321,398,325,154,8,70,1,173,356,477,450,268,16,309,538,623,580,432,240,73,58,134,185,223,258,288,296,265,207,477,52,12,59,100,143,188,227,245,237,200,134,64,6,73,137,193,257,298,300,246,134,25,191,310,343,274,139,88,95,111,58,14,48,14,70,166,200,157,44,87,176,182,119,26,50,77,44,31,65,24,49,8,22,6,7,13,24,1,36,8,85,165,197,153,18,168,343,429,373,182,110,403,600,638,500,220,102,595,579,617,519,324,93,129,288,363,342,254,124,7,89,120,91,22,44,107,145,143,106,24,110,269,416,496,461,329,2,327,615,769,725,506,165,201,487,629,599,443,229,32,99,169,205,235,278,303,275,156,38,256,400,382,191,109,423,602,547,262,168,591,867,1389,663,256,198,562,761,771,626,426,217,47,101,255,410,548,630,602,436,150,196,491,646,621,406,72,277,516,543,129,34,446,729,772,525,77,424,786,920,8
294,105,601,531,436,347,244,155,67,14,88,603,182,204,178,153,115,78,33,17,54,85,94,75,34,0,51,107,161,217,245,274,274,244,189,118,33,53,150,703,330,390,435,449,451,431,400,354,300,237,179,118,67,31,3,21,48,71,96,119,136,164,201,246,290,329,363,383,385,372,336,298,227,156,82,74,45,86,106,118,110,92,65,37,8,12,24,24,14,11,55,113,176,238,299,346,382,395,389,359,309,237,156,179,9,75,118,129,99,43,42,147,253,344,422,463,481,460,407,335,246,161,80,11,43,11,25,12,12,12,12,6,14,38,13,10,1,19,40,69,96,123,152,188,230,268,308,355,400,440,484,525,553,545,592,595,592,575,550,514,470,415,362,304,239,175,124,72,32,17,1,4,6,0,12,27,74,129,206,301,405,362,604,680,755,812,844,852,831,786,729,664,602,547,496,452,416,394,381,388,391,400,397,388,373,353,324,278,214,128,40,68,176,277,375,476,562,1044,698,741,772,785,787,774,756,722,685,651,631,618,613,612,616,618,613,604,593,574,546,499,467,433,386,342,292,324,157,73,36,144,259,367,472,564,628,93
27,99,406,162,523,602,501,380,287,128,159,958,842,803,344,305,807,860,469,69,392,327,1,251,164,231,653,721,322,312,821,896,540,23,363,494,398,267,208,820,120,68,347,573,594,361,17,365,516,477,307,156,56,39,192,381,513,477,247,72,359,522,513,375,170,77,316,469,493,344,83,169,330,354,280,176,159,59,127,381,546,494,227,159,457,543,426,195,45,189,253,261,255,248,162,36,284,476,454,183,180,431,418,245,46,141,91,38,108,253,296,118,220,478,436,123,240,406,276,4,205,216,67,6,20,26,13,1,20,8,2,0,23,35,23,60,71,39,28,104,150,121,10,174,330,331,105,267,562,568,228,289,665,640,322,181,568,634,386,6,350,486,375,121,134,273,269,179,37,98,195,213,107,95,285,323,117,251,550,553,178,23,831,832,331,387,922,971,508,179,733,872,598,114,321,554,551,393,149,136,408,583,509,166,325,686,672,227,397,803,714,149,547,923,753,126,595,1760,856,266,450,915,936,523,71,586,826,748,419,27,472,752,766,496,18,455,743,714,382,85,487,642,433,4,417,145,208,317,684,585,9,689,1038,808,104,42
75,38,103,362,549,510,387,302,222,35,289,779,749,533,24,489,701,500,58,295,313,1,358,430,105,433,828,795,291,379,857,894,525,11,367,483,388,228,126,845,64,26,174,307,343,242,92,39,114,154,203,308,368,309,75,271,586,690,527,157,287,619,713,563,231,164,470,554,436,167,97,215,156,42,1,403,236,339,252,13,333,547,526,288,57,349,486,454,308,115,82,275,430,487,370,68,301,545,505,189,190,380,258,136,247,153,150,386,316,68,471,569,266,219,554,501,161,201,353,252,57,69,68,7,26,6,57,15,22,4,30,22,43,12,8,92,114,35,118,235,190,16,280,409,270,85,451,582,364,89,512,661,456,269,399,590,483,168,182,394,428,270,40,166,280,279,181,21,118,223,213,93,88,235,227,35,242,422,353,27,395,360,574,157,369,721,703,320,196,574,635,398,35,280,419,399,293,144,68,314,507,527,270,182,580,678,394,158,622,680,287,314,740,704,190,456,863,1324,286,362,786,816,498,12,404,624,663,508,193,197,570,780,690,293,252,688,805,543,53,423,639,491,69,354,539,188,148,603,698,322,341,901,975,499,254,21
233,11,143,170,349,424,447,395,172,218,608,572,531,17,499,714,500,58,293,324,71,179,180,119,445,507,185,330,690,640,250,201,455,426,245,105,75,30,107,306,498,419,102,288,514,469,226,7,114,118,134,243,362,373,148,237,575,643,408,16,380,528,445,238,36,118,256,361,385,268,6,265,411,347,166,385,74,106,156,270,353,261,30,380,586,501,156,258,486,466,246,2,159,212,216,212,184,52,155,325,324,139,113,184,189,53,20,26,88,8,199,346,250,83,409,449,155,243,426,270,61,286,238,17,35,36,3,1,27,22,35,15,17,1,60,118,75,48,165,179,58,112,240,245,100,138,349,382,178,174,480,530,254,422,559,597,274,192,529,538,248,146,407,400,181,99,256,233,71,100,191,152,35,135,265,282,111,198,484,564,272,9,756,828,395,332,894,921,398,327,811,793,353,202,534,524,289,17,183,300,329,241,30,284,490,409,19,512,718,404,265,840,854,273,550,1022,837,79,614,966,747,153,409,701,639,355,4,341,581,639,421,38,553,822,643,95,511,788,591,68,448,634,396,71,467,73,170,317,628,497,13,572,797,524,45,10
102,25,482,492,475,453,434,445,487,542,611,609,712,695,633,513,359,187,19,109,188,192,138,2,164,346,516,630,692,679,610,493,370,259,187,152,162,200,250,723,303,296,255,193,115,61,21,19,46,107,171,254,313,348,340,288,197,77,40,147,215,239,225,183,133,101,101,133,186,258,322,354,359,309,239,311,56,7,8,35,121,239,366,477,548,572,542,474,369,250,141,54,14,19,67,151,235,302,323,286,197,70,60,64,201,176,85,26,136,201,188,97,50,218,359,436,431,340,190,29,116,213,245,29,10,11,21,2,12,23,15,7,38,12,22,37,103,162,218,258,278,259,214,132,11,127,292,446,579,668,702,672,593,114,297,119,63,227,361,448,498,496,453,364,264,139,29,68,146,194,222,238,248,255,264,274,256,208,117,22,196,236,632,832,969,1029,1002,880,686,447,188,47,245,378,443,449,424,382,341,313,311,331,360,362,314,219,54,160,392,636,804,897,885,777,571,314,28,731,467,644,738,768,756,707,639,580,544,502,480,454,418,324,192,25,167,362,533,655,712,711,638,518,351,170,25,451,383,511,602,630,596,500,358,174,15,60
245,183,683,570,439,291,133,18,152,287,394,333,538,571,584,578,534,470,406,317,214,98,16,123,238,330,411,475,524,543,539,511,461,411,338,267,203,149,78,346,16,69,115,168,208,246,296,334,361,375,394,390,383,351,328,284,243,203,150,98,38,25,96,173,246,314,369,409,439,439,415,370,312,236,142,363,23,98,161,209,236,245,252,243,222,197,173,157,139,120,117,117,116,126,150,173,209,238,264,294,301,295,275,46,157,72,27,125,238,332,402,453,475,469,430,367,300,216,138,55,3,42,69,28,11,6,47,5,10,16,9,19,16,22,84,95,102,116,129,141,153,170,195,213,236,255,278,301,306,307,302,290,273,27,209,177,147,122,90,67,47,37,16,5,11,21,27,29,29,31,20,13,14,28,49,74,117,182,256,339,414,266,592,666,727,788,830,845,834,817,792,727,656,588,519,439,362,309,277,252,247,259,300,360,408,469,554,637,704,750,808,859,871,876,874,859,828,1084,731,678,611,550,500,456,414,383,368,378,390,397,436,486,532,564,609,653,670,676,668,663,637,583,521,450,365,384,136,11,128,270,407,540,653,735,804,78
133,42,743,576,390,254,156,113,51,45,194,855,612,771,785,639,354,11,325,506,467,282,11,268,386,330,89,225,518,694,713,582,344,88,118,248,284,237,182,331,129,178,270,360,406,396,301,165,3,143,219,240,184,151,120,145,221,304,400,415,386,282,139,34,224,367,493,500,443,327,185,87,44,81,130,498,140,13,158,348,485,531,475,345,186,39,57,94,83,66,69,105,190,303,405,435,373,210,3,223,352,376,287,36,19,29,44,156,257,252,109,117,353,483,466,294,56,161,276,262,157,19,80,1,40,14,5,62,20,12,5,17,5,44,7,60,96,84,6,113,233,314,305,201,8,224,434,565,552,410,147,153,429,726,649,569,371,124,131,339,462,492,406,255,60,111,227,269,243,176,80,13,133,235,331,357,295,135,134,420,677,640,741,499,111,327,726,961,1003,811,467,71,287,508,605,562,462,352,241,143,4,146,338,490,564,486,242,91,477,758,855,717,360,137,633,983,1104,1587,552,48,434,775,933,889,709,460,212,4,173,330,490,646,757,777,664,404,45,346,664,834,811,606,258,135,465,83,635,393,4,441,785,911,777,441,21,11
102,67,578,479,374,253,117,6,119,238,328,89,475,516,527,512,478,424,343,248,131,5,120,250,363,470,553,614,643,643,630,591,542,469,389,316,225,141,59,581,87,159,209,243,275,297,293,273,245,197,136,80,16,53,111,183,243,292,336,372,403,437,452,466,474,466,463,445,428,395,354,305,239,170,82,440,89,178,258,340,404,452,489,500,491,471,415,354,278,194,103,18,67,136,193,229,253,259,238,211,176,127,95,160,30,30,29,62,96,138,204,253,310,352,369,391,371,335,285,212,156,78,18,39,12,12,2,24,13,5,8,6,31,48,109,117,121,109,94,76,48,29,3,22,44,81,106,138,177,205,240,274,304,601,353,378,396,394,407,396,397,396,377,367,349,324,313,280,266,250,232,238,240,268,311,359,429,493,572,644,713,657,816,850,864,852,835,795,743,683,608,538,463,402,342,296,276,266,280,316,364,440,506,588,659,728,798,828,862,870,858,830,772,718,640,554,471,159,274,194,118,70,26,23,42,74,145,203,291,371,450,530,584,628,658,658,664,646,611,597,554,513,470,399,334,687,149,46,84,194,324,438,532,624,667,107
174,23,550,644,427,133,94,218,343,469,472,602,302,738,782,344,293,689,620,191,246,386,177,137,270,78,301,529,372,107,551,669,384,56,362,416,309,189,99,514,162,337,417,327,79,236,454,453,253,28,233,284,222,144,88,56,11,137,285,374,321,88,275,580,638,349,158,587,682,409,26,336,368,218,67,517,124,92,113,380,491,298,100,449,519,303,18,222,240,162,131,156,156,0,282,502,437,55,412,618,413,46,389,46,92,132,96,100,163,36,325,372,73,338,474,211,195,387,233,65,226,147,22,5,24,40,14,16,9,12,29,14,44,47,66,58,139,119,32,60,127,159,108,52,269,378,194,222,584,559,101,479,746,381,90,555,614,285,169,434,391,138,131,254,199,67,41,95,105,100,59,70,217,228,28,292,479,302,180,629,674,249,425,834,710,121,540,848,634,43,506,705,481,47,296,399,321,202,62,144,370,479,277,176,603,642,185,462,820,592,99,758,899,397,404,937,845,42,582,947,703,55,569,817,617,137,349,634,647,404,17,455,738,696,272,333,797,824,387,274,755,758,300,327,712,588,0,578,709,256,452,849,628,57,704,119
87,136,356,122,31,88,73,40,30,84,226,914,618,773,807,714,500,208,92,312,418,366,194,40,261,416,451,353,153,94,325,501,579,569,488,378,273,200,172,351,221,258,255,218,126,1,128,258,338,380,360,323,279,233,210,204,229,265,317,373,398,389,334,208,27,188,403,561,637,609,495,325,162,48,15,404,163,283,357,359,269,103,88,261,373,402,352,245,136,54,51,109,219,324,379,341,201,20,261,456,545,498,330,14,96,200,173,43,142,282,319,221,18,210,380,423,335,159,28,166,205,156,53,25,2,14,26,3,6,13,15,12,2,35,91,35,22,62,88,101,119,153,195,211,175,60,127,345,544,640,604,428,145,587,450,619,644,549,375,164,19,147,209,213,181,142,104,89,88,92,59,18,75,174,257,287,218,42,205,476,684,421,719,485,151,212,525,741,810,737,559,325,102,87,201,254,264,264,288,340,397,435,409,296,62,223,508,726,787,676,391,7,424,766,950,946,744,508,13,404,693,846,855,739,561,366,195,49,72,185,308,451,601,715,763,716,575,343,49,260,533,727,799,708,469,536,268,607,803,798,596,242,186,570,825,37
77,146,409,552,494,355,232,186,159,74,115,941,678,760,539,70,436,732,678,344,63,308,280,25,257,397,289,38,419,672,666,423,51,282,461,456,354,246,182,467,112,2,163,359,486,476,334,109,118,272,317,285,216,150,111,94,75,32,61,198,365,473,484,318,11,353,615,659,478,147,148,300,264,125,14,71,155,310,368,249,14,332,528,517,315,35,175,234,163,61,57,160,306,356,209,109,455,643,532,181,229,470,433,35,115,222,89,157,296,179,128,415,457,214,152,397,383,152,105,208,136,27,138,39,3,12,37,12,16,14,22,6,32,68,80,16,50,95,107,99,59,25,152,275,317,184,104,424,607,517,150,305,632,751,413,4,369,528,449,215,35,211,252,208,121,51,4,49,89,125,129,79,41,193,286,232,4,334,571,557,236,124,703,864,648,141,418,805,852,554,80,367,594,552,334,95,57,108,152,247,358,381,226,117,480,685,564,129,424,820,845,458,176,761,1003,773,204,1130,856,895,577,71,389,659,682,515,249,26,268,456,570,589,481,216,165,560,821,805,491,22,521,799,725,306,226,7,682,356,191,686,854,585,11,591,927,14
295,152,667,499,100,158,211,246,341,317,20,725,736,381,333,804,611,66,585,517,15,351,240,150,337,64,384,533,168,391,660,392,140,494,433,105,138,153,74,44,188,222,18,300,456,285,105,400,391,132,128,211,127,54,80,123,48,180,380,346,24,389,566,335,132,496,472,130,224,313,143,41,35,103,123,241,354,368,30,390,514,234,203,422,300,19,138,127,82,125,182,79,198,417,319,84,445,430,60,311,324,48,159,228,128,121,156,357,164,279,501,229,277,487,225,187,329,140,87,119,13,38,14,50,3,15,2,23,37,24,2,18,1,6,48,63,53,13,65,136,113,60,248,242,49,382,393,2,461,536,116,427,603,90,259,542,383,28,363,389,147,146,285,206,22,136,185,123,11,154,208,80,182,325,163,233,495,300,253,658,492,79,711,683,66,608,773,309,372,699,457,84,466,442,149,129,260,273,217,35,268,473,332,174,623,547,61,670,683,42,666,782,160,633,866,312,517,1638,507,285,800,644,38,500,611,353,15,315,487,475,177,341,748,653,27,701,907,395,428,880,601,133,698,610,15,105,548,40,620,601,35,723,787,138,658,103
62,3,60,101,168,180,201,268,410,567,677,167,504,206,159,486,683,692,505,219,87,286,312,173,84,352,526,540,381,107,179,386,457,402,265,111,36,54,153,643,356,338,209,3,221,384,450,407,295,161,65,45,90,176,244,255,184,45,132,306,433,492,489,413,315,195,87,7,77,134,168,212,258,314,377,89,410,349,219,47,134,278,367,376,336,274,219,206,213,226,202,120,18,201,380,490,504,415,262,93,36,98,97,324,73,126,230,332,391,350,208,6,205,346,371,299,164,27,74,123,125,108,90,23,14,5,12,20,7,30,7,11,3,17,86,3,106,167,147,46,108,264,347,318,173,55,300,471,518,419,194,83,337,837,521,428,252,54,129,267,341,364,327,246,122,26,172,282,327,298,195,44,119,263,345,347,250,76,158,392,561,334,478,215,137,468,686,732,595,336,30,222,370,420,395,345,311,257,189,59,141,364,569,670,605,375,11,388,682,788,657,314,124,531,765,763,523,286,271,574,695,640,470,275,117,10,82,175,331,528,705,788,708,434,31,425,795,993,962,708,312,137,511,722,710,294,122,267,564,650,516,197,205,545,738,11
154,137,59,58,101,116,164,283,450,612,697,252,382,36,337,603,674,529,242,82,309,355,190,90,382,574,584,407,129,150,339,401,345,247,183,198,275,378,419,867,187,71,321,510,570,499,340,157,20,4,69,187,278,274,158,40,257,423,510,501,447,382,327,275,199,76,102,311,486,594,607,518,361,188,45,521,93,85,95,136,212,313,415,451,419,313,162,9,113,172,197,215,241,295,379,417,385,250,31,216,417,498,452,220,132,1,47,29,3,4,59,184,305,353,295,144,48,200,256,212,93,33,120,15,8,49,21,8,11,14,12,27,6,1,70,32,152,243,259,180,11,177,338,421,387,247,42,176,358,462,455,350,170,544,269,419,467,394,230,4,218,366,410,329,151,45,214,298,290,208,87,24,136,238,329,389,390,296,96,178,454,278,677,520,228,114,406,579,576,443,233,9,179,291,339,336,311,266,196,87,73,290,491,623,605,413,66,341,696,867,809,516,70,376,703,818,704,432,32,294,493,539,453,318,181,72,23,130,293,494,673,735,629,326,118,586,932,1070,944,592,108,361,693,818,708,552,3,374,607,631,441,121,245,535,671,47
42,43,30,118,210,305,393,476,549,608,660,600,721,730,715,668,608,514,392,264,119,25,170,302,411,495,553,578,590,557,513,438,346,249,143,39,59,154,223,664,306,315,310,284,249,207,161,111,64,20,22,61,92,122,149,176,188,210,228,251,280,304,336,372,411,447,476,501,511,507,496,465,416,358,280,657,101,3,96,192,280,360,422,468,497,501,488,445,395,327,244,159,75,4,64,118,141,146,134,102,65,14,32,47,91,92,77,40,17,86,157,234,299,346,368,373,349,314,269,221,175,134,104,7,23,8,5,11,39,35,10,18,16,20,16,29,46,72,96,134,171,212,255,297,343,384,424,465,494,533,555,573,585,495,577,555,532,489,446,397,353,308,255,210,162,119,79,43,21,1,0,7,27,50,79,107,126,141,137,117,91,343,13,38,83,136,181,220,251,271,280,280,262,243,207,171,135,98,72,65,58,75,104,143,195,257,333,414,496,589,661,736,798,843,855,848,824,1692,712,639,568,500,455,417,392,390,402,430,473,523,581,651,722,792,850,903,941,959,960,943,905,871,805,739,665,318,512,424,335,244,153,65,7,65,98,135
99,0,580,369,147,95,322,540,725,863,967,1081,975,911,772,599,374,136,110,358,585,780,936,1019,1063,1006,908,755,566,331,50,220,481,716,911,1025,1106,1124,1038,1312,679,434,142,133,411,669,892,1056,1129,1125,1071,926,734,494,213,75,374,630,866,1021,1107,1109,1068,956,757,501,218,63,361,630,855,1027,1134,1152,1099,925,728,471,161,138,458,724,961,1116,1189,1149,1045,855,602,249,103,447,750,1008,1170,1241,1196,1033,776,453,48,347,717,398,1213,1273,1178,955,634,204,237,625,940,1107,1125,957,665,296,106,463,724,845,784,3,1,2,1,2,2,5,6,1,3,1,545,397,156,135,427,640,793,813,718,500,195,149,485,762,953,1012,953,804,530,281,135,453,741,957,1047,1071,957,780,545,249,76,384,661,879,1015,1061,1042,934,750,495,221,73,361,640,839,993,1081,1006,1011,839,636,369,85,198,491,729,941,1055,1131,1103,993,824,577,327,38,255,529,764,961,1085,1130,1107,997,837,621,345,66,223,498,747,936,1068,1114,1221,1028,867,665,400,134,146,415,656,853,987,1069,1080,1019,889,722,504,248,9,262,496,704,866,984,1028,1029,933,818,1020,428,177,62,315,534,727,872,972,1002,0
36,10,457,412,359,301,249,215,183,156,138,779,152,158,181,202,234,254,285,304,318,339,343,353,350,357,352,345,342,323,317,298,298,271,259,239,227,208,175,265,96,52,0,53,109,155,195,236,264,274,279,268,267,243,212,165,122,62,12,93,175,260,339,412,471,517,537,536,514,473,403,327,240,134,33,491,199,303,395,472,533,568,580,570,540,496,430,356,270,187,106,20,65,144,211,252,279,287,284,255,190,125,58,20,48,85,107,98,58,7,54,117,188,256,307,334,343,339,321,288,237,178,122,25,22,46,50,7,22,8,7,32,2,9,9,19,31,47,66,89,114,145,183,228,282,348,407,467,525,575,612,639,646,869,631,619,589,556,522,484,437,394,347,300,246,199,159,123,91,73,63,78,115,158,216,289,376,473,559,634,701,595,815,846,852,852,836,828,798,759,709,661,614,557,487,416,355,305,263,223,199,206,219,253,294,351,428,497,575,642,709,768,804,828,840,852,848,1221,816,798,785,763,730,693,669,635,598,558,527,515,507,504,494,504,512,531,535,531,533,543,558,561,567,582,609,285,647,664,681,697,700,689,677,661,637,46
10,31,516,175,59,135,150,245,392,467,300,673,520,720,515,55,378,508,292,61,245,120,206,430,333,79,537,730,519,34,434,629,522,235,17,161,200,229,285,753,243,49,216,423,459,309,71,139,241,244,204,186,171,122,10,204,371,421,314,101,153,371,479,447,251,48,344,507,451,219,59,236,261,203,147,372,143,56,133,338,434,314,37,250,401,344,155,23,110,97,74,124,233,277,143,148,436,500,264,132,418,402,134,127,198,51,108,90,115,290,238,39,343,407,174,163,347,260,25,146,135,5,81,55,3,21,8,18,0,2,24,0,21,18,72,43,22,31,118,179,129,55,272,361,206,149,485,556,276,211,612,665,335,463,557,607,340,56,356,417,280,55,137,211,183,100,6,71,110,102,50,38,132,142,34,155,314,293,33,352,606,336,84,487,825,708,179,443,805,714,277,219,505,510,319,90,75,199,295,355,285,30,300,520,428,45,410,615,392,148,643,743,325,367,881,893,355,842,935,944,467,198,681,775,530,137,203,407,477,446,288,4,358,614,600,272,244,645,675,308,244,633,606,164,400,169,537,38,646,884,569,127,769,966,625,69
77,52,592,441,319,264,290,341,383,345,198,748,334,598,769,788,662,406,110,142,269,250,83,164,396,548,571,444,214,61,310,485,545,517,436,331,270,241,257,388,294,271,196,102,11,106,169,192,187,169,141,136,145,191,257,322,383,407,393,341,263,158,45,73,185,290,379,434,455,422,342,239,143,80,64,380,150,197,210,147,30,126,275,383,411,364,277,172,99,76,100,156,200,193,96,54,237,403,489,463,337,155,29,157,155,70,50,162,195,133,10,178,310,352,296,156,12,145,210,191,116,19,61,61,11,19,3,16,3,20,33,31,36,5,23,2,29,34,8,61,150,230,252,200,59,133,334,489,537,457,267,17,230,725,508,491,390,241,94,36,129,182,215,227,221,204,179,121,62,1,70,148,195,199,142,14,167,360,512,568,489,213,25,354,631,800,806,654,396,86,202,396,490,474,400,318,250,218,214,187,110,21,211,419,565,603,493,242,102,454,706,778,650,335,80,514,836,1727,926,695,359,10,292,477,543,535,479,439,422,425,423,371,242,35,238,506,723,817,751,541,226,115,398,549,536,56,71,272,564,754,776,632,336,16,359,19
40,70,114,57,12,100,214,328,445,550,653,246,771,799,796,751,673,573,439,294,129,22,168,296,406,484,535,557,540,507,457,391,331,271,211,164,133,118,101,239,90,88,82,73,55,33,3,37,78,128,167,213,247,292,309,338,348,351,343,332,312,286,258,227,193,154,127,96,68,37,11,24,56,87,127,254,208,255,300,341,376,411,421,431,420,388,336,276,204,117,33,44,112,159,199,214,202,172,124,68,6,46,85,64,114,95,52,9,81,160,238,300,344,367,363,339,291,232,160,89,24,32,75,27,24,3,5,11,30,8,26,13,5,7,10,25,44,61,77,79,73,50,14,43,109,191,278,360,437,500,548,570,580,751,530,484,438,384,337,293,260,234,220,217,216,214,215,220,216,209,199,178,158,133,92,40,18,88,168,251,344,119,525,610,682,728,758,762,743,697,637,569,494,422,364,317,294,291,314,350,407,468,542,609,671,711,731,732,709,662,581,482,365,230,92,48,183,611,407,484,529,545,527,483,419,335,246,159,83,24,15,29,24,16,69,136,218,291,360,430,485,526,556,569,567,32,514,463,409,341,257,172,91,8,54,131
107,2,353,205,49,131,349,519,600,506,244,414,454,674,670,449,77,273,439,377,138,99,182,53,200,381,363,147,173,392,449,339,177,57,9,19,86,220,364,601,373,190,55,275,397,405,320,205,103,28,17,102,225,365,443,397,219,24,229,334,336,300,273,254,182,23,224,455,555,458,209,61,250,286,226,221,164,230,270,209,8,262,485,555,426,161,116,293,322,239,157,125,160,178,101,107,360,501,431,154,187,395,366,180,42,97,8,149,158,38,316,475,374,35,334,511,406,105,186,305,223,53,89,68,24,2,2,21,44,2,14,14,9,14,37,121,143,54,130,292,312,140,176,470,567,388,10,433,684,644,330,98,460,708,558,303,34,326,477,455,269,9,254,396,347,155,96,298,356,256,29,225,395,408,221,104,419,605,538,239,188,120,780,665,292,210,636,808,652,251,208,543,645,491,205,97,332,453,457,349,120,178,486,652,568,221,277,718,868,626,90,500,861,837,455,100,565,1473,596,233,172,449,534,447,251,16,230,465,623,620,400,44,570,943,977,613,8,623,977,935,549,27,520,767,665,797,187,524,548,263,151,486,543,328,16,19
67,15,624,150,253,425,400,324,274,192,10,947,605,637,331,195,613,647,298,165,404,261,106,353,268,132,531,637,347,188,628,741,489,32,357,506,395,179,3,558,29,48,172,320,365,216,60,330,440,333,124,59,139,128,114,169,259,299,175,114,456,651,548,158,349,691,686,335,133,433,426,189,40,70,70,467,141,148,460,541,296,146,490,549,323,1,197,207,125,110,204,290,202,120,501,665,418,126,605,672,293,214,445,262,106,256,38,304,397,85,383,592,342,175,531,448,70,269,308,98,108,127,13,53,61,3,23,33,11,1,13,30,14,21,25,37,47,48,4,100,225,263,120,184,463,506,210,297,690,677,229,374,767,474,237,329,648,580,237,165,388,367,187,28,158,173,113,17,67,131,109,15,135,259,236,30,292,517,453,66,474,590,678,132,541,938,818,243,435,831,770,337,162,482,517,362,151,48,225,358,394,231,115,456,552,263,263,673,653,154,514,901,719,55,686,1021,744,283,692,985,716,86,510,783,654,275,130,424,565,549,343,42,464,739,666,240,335,741,730,327,232,635,640,265,279,57,587,113,497,827,610,27,704,973,668,16
4,96,866,760,636,523,398,281,183,103,43,842,1,11,62,119,184,250,304,350,376,379,356,310,243,156,65,36,136,218,298,340,371,376,345,287,216,127,25,512,192,294,396,467,507,537,533,503,445,371,274,168,60,53,164,269,359,439,501,554,592,618,638,633,616,580,538,474,408,333,247,155,70,10,75,214,184,218,238,250,246,238,219,194,179,155,150,147,161,191,234,289,350,420,493,555,601,619,612,569,495,394,266,284,13,148,256,341,375,389,358,299,214,128,32,41,102,135,143,139,113,77,39,10,21,3,31,14,18,20,26,24,11,6,4,30,67,114,168,227,285,338,382,410,409,396,357,295,214,117,24,69,153,764,293,337,358,371,358,345,324,300,278,256,242,229,222,225,233,236,254,275,296,324,354,387,409,431,446,446,434,391,366,299,233,156,78,7,62,114,154,169,169,157,122,76,36,5,49,71,82,70,44,13,87,183,295,421,555,684,798,907,1001,1064,1105,1114,1093,1657,974,896,809,725,643,577,528,501,493,499,536,574,611,663,711,744,775,794,790,770,732,668,592,495,376,242,92,312,230,386,547,691,810,917,995,1045,1067,96
106,35,398,103,82,116,91,154,327,535,601,214,18,489,760,710,388,32,330,387,209,27,150,57,191,427,476,271,111,461,606,485,189,89,216,173,47,22,42,520,350,359,200,73,311,413,347,192,59,13,37,41,39,211,384,463,369,134,129,329,402,366,260,159,76,9,111,219,322,349,280,138,20,131,175,246,185,236,283,259,122,120,360,489,446,257,11,178,251,228,176,154,162,162,88,76,273,386,337,135,108,241,201,8,45,3,152,267,209,59,372,529,390,31,337,501,386,93,180,284,206,35,98,6,36,35,37,29,1,13,17,14,9,20,23,75,136,108,5,162,260,217,24,236,426,426,207,137,442,561,419,100,256,778,503,323,42,232,396,410,270,49,174,306,308,197,27,121,198,197,126,10,112,212,242,156,47,295,464,421,152,0,585,677,457,24,426,670,610,307,82,384,479,394,207,25,109,192,267,319,320,202,62,381,590,540,203,285,663,704,352,197,653,765,480,56,544,1661,616,233,197,497,580,481,271,36,178,328,441,493,429,225,99,462,709,714,435,30,490,729,638,268,171,461,469,196,170,442,458,181,242,613,722,506,60,126
31,46,428,385,357,333,330,340,351,378,415,698,487,525,556,567,573,558,515,456,377,285,183,71,27,125,208,271,313,333,333,305,268,220,156,91,30,39,99,253,198,230,269,278,293,305,310,310,308,299,283,269,237,212,174,129,76,17,55,123,197,272,345,418,476,510,540,542,529,480,419,348,269,185,112,441,17,53,82,91,91,76,64,45,27,13,8,3,16,43,77,129,190,258,334,408,469,515,539,535,502,441,350,64,137,29,66,134,173,181,152,96,24,65,141,208,257,274,265,232,180,116,46,49,16,51,31,26,18,9,5,2,25,4,136,141,146,149,146,143,129,117,94,67,36,5,52,102,155,209,266,321,372,692,445,466,480,465,443,416,371,323,273,233,190,155,132,127,123,131,141,167,189,206,229,238,235,219,190,151,92,318,54,136,218,297,369,425,465,486,490,471,444,402,354,293,252,221,194,197,211,239,290,361,437,520,603,689,753,799,833,836,822,778,717,652,575,744,400,317,248,188,147,121,112,113,139,164,212,261,303,359,394,419,426,426,407,369,331,277,220,143,76,2,81,355,248,332,408,477,528,567,588,585,570,89
111,3,337,267,223,229,252,322,404,479,541,172,551,493,398,284,151,23,88,166,181,158,71,30,143,246,342,425,469,473,454,393,322,249,184,135,97,97,120,143,237,300,336,355,349,319,286,243,207,172,159,155,166,181,212,244,271,297,315,323,319,314,316,313,320,323,334,340,338,313,276,225,156,104,47,306,0,11,47,111,179,250,310,350,378,369,345,291,232,170,114,100,105,147,207,289,369,434,471,455,405,314,208,74,27,7,8,65,162,269,367,433,451,423,350,254,149,44,32,81,97,82,50,15,16,14,48,24,1,25,13,22,13,4,70,63,65,71,75,73,49,7,65,155,263,383,491,576,615,609,548,440,297,170,7,144,241,303,326,323,299,270,242,219,205,192,185,167,142,108,57,3,86,168,265,359,436,492,516,494,426,316,175,13,145,302,417,497,536,538,503,458,394,351,317,296,309,325,340,347,333,301,227,118,24,189,361,513,640,713,722,669,562,404,214,31,147,825,405,485,529,538,510,487,456,450,451,461,477,496,518,520,496,442,348,238,104,34,175,309,425,500,544,546,501,194,306,160,6,174,334,477,577,639,640,55
67,50,329,402,283,99,106,317,426,299,74,553,550,216,258,485,307,41,214,129,37,26,149,239,76,259,445,279,106,422,413,145,133,260,244,181,96,63,263,536,255,44,345,430,256,52,277,332,227,62,112,250,320,237,2,278,397,280,14,227,337,311,165,83,363,471,276,142,469,453,142,182,304,221,116,454,6,175,363,350,41,379,560,325,151,465,415,113,140,197,166,176,174,6,298,470,256,216,532,379,73,378,285,95,121,17,36,110,286,152,252,487,247,267,514,256,189,368,173,105,176,44,65,36,3,3,18,7,31,7,19,4,37,5,52,64,39,17,79,104,9,170,251,59,308,462,146,410,646,261,412,719,369,665,638,426,84,425,397,117,150,257,217,64,106,199,148,13,157,140,31,195,158,95,330,289,80,473,509,60,516,495,285,402,760,485,165,627,563,94,355,491,276,43,277,330,215,25,274,376,203,171,450,357,105,510,444,100,599,526,101,695,648,25,714,779,168,1080,808,396,277,653,533,89,320,488,394,96,271,523,461,38,475,662,320,302,677,478,118,564,483,36,478,422,63,20,426,94,579,536,15,580,662,202,379,27
185,129,115,410,464,318,146,42,109,302,482,209,147,350,702,627,106,427,594,310,148,316,132,185,307,56,332,529,335,149,566,613,277,184,427,375,178,34,9,470,119,264,334,239,5,305,452,338,90,147,219,173,155,166,162,61,169,377,431,288,30,353,552,519,194,250,582,582,240,176,398,322,93,63,37,526,126,50,315,454,268,158,502,515,196,167,310,240,120,94,119,23,211,448,440,79,392,639,430,93,486,454,68,232,222,95,285,81,350,505,143,421,638,281,283,530,299,98,270,156,22,52,26,13,19,1,12,10,7,42,29,17,9,65,19,22,17,25,106,145,27,200,333,181,198,489,413,13,476,592,276,236,577,427,72,327,449,278,4,210,274,208,67,104,215,225,85,130,258,205,36,277,298,81,231,420,314,39,434,571,319,38,607,640,251,305,659,586,148,333,566,452,121,208,393,388,202,35,285,420,343,72,325,539,381,43,489,556,199,297,627,462,77,589,714,267,369,1468,613,74,448,655,500,82,318,529,500,254,106,445,619,503,79,447,751,633,129,446,723,577,87,395,577,371,84,74,396,26,417,522,146,394,731,514,97,89
95,46,329,300,254,209,143,83,6,57,121,364,204,225,231,220,198,161,119,53,8,82,171,259,345,424,491,551,582,589,577,537,471,396,288,178,62,51,164,700,346,397,445,467,466,445,400,347,277,199,118,37,41,109,165,212,229,238,214,180,131,63,12,77,146,211,246,268,268,253,209,151,79,3,84,338,252,323,385,434,464,483,479,454,419,365,295,217,131,42,42,135,217,285,350,392,420,421,407,373,314,241,153,282,49,155,255,346,416,474,508,523,514,485,440,382,314,244,171,102,44,2,39,13,31,0,12,33,6,17,6,23,20,5,85,103,121,144,168,195,226,257,292,329,366,405,442,480,517,543,568,587,593,488,577,558,531,499,461,427,394,366,335,309,290,265,254,238,228,218,224,235,255,287,329,383,437,496,560,618,669,456,745,769,777,776,756,732,695,649,595,533,476,414,347,275,210,146,89,26,19,49,78,98,101,95,80,53,24,12,43,82,119,150,178,203,219,820,228,223,208,174,141,97,40,21,90,164,249,331,412,509,598,676,746,807,841,871,870,857,830,803,753,715,667,368,578,544,511,479,454,427,414,395,382,65
88,40,679,570,454,307,178,36,110,227,347,314,500,542,563,550,526,467,380,284,180,72,57,185,308,419,519,606,650,673,675,638,580,505,406,300,180,73,42,458,213,271,301,314,313,280,228,160,105,26,59,132,207,283,333,379,402,410,405,368,311,252,178,100,24,49,108,159,187,195,191,159,111,50,26,195,187,265,341,405,453,483,505,502,476,442,389,318,250,169,89,10,61,120,167,204,215,208,182,144,81,16,54,182,184,222,244,235,214,171,114,53,16,75,128,168,194,198,185,165,139,105,80,17,5,8,22,30,10,3,26,30,17,10,76,84,96,106,117,132,146,165,193,227,272,314,364,413,451,484,511,532,531,344,511,484,461,437,415,377,359,328,295,264,245,218,190,173,167,169,169,192,216,242,280,326,372,418,468,503,550,420,610,629,645,652,649,630,613,585,556,509,468,427,390,351,318,291,280,286,295,315,341,384,436,486,542,605,661,708,759,793,834,862,881,890,892,1406,872,856,824,779,747,706,654,605,565,521,484,444,413,389,361,338,319,300,287,277,264,256,256,271,298,331,361,159,461,528,595,662,724,790,827,864,877,63
96,96,676,312,30,223,263,269,311,419,466,522,14,423,752,759,409,100,481,536,238,164,394,291,107,535,717,525,46,473,780,731,411,18,264,345,257,140,97,340,248,247,113,114,317,423,389,229,66,53,96,102,141,234,350,417,334,96,223,506,628,567,343,28,277,489,546,425,199,46,183,183,81,9,35,295,373,440,297,22,390,623,622,412,69,229,393,398,297,199,151,114,30,162,395,530,450,144,230,476,444,171,100,13,44,203,290,91,299,604,569,172,344,651,568,188,212,391,298,67,104,113,16,10,34,23,14,16,5,9,16,63,33,16,40,16,79,109,95,27,73,195,261,216,33,225,435,453,241,122,458,599,458,129,272,512,531,337,22,260,410,387,220,10,185,258,201,102,14,99,153,169,121,18,204,347,348,128,236,560,655,432,49,551,827,733,304,249,667,789,562,146,251,473,492,355,165,1,143,273,386,412,261,60,439,665,583,163,407,820,819,378,313,858,966,600,66,1399,966,799,323,235,648,776,644,345,0,309,537,643,622,413,48,378,743,846,629,150,380,743,776,464,45,496,673,435,20,482,757,622,125,497,910,899,467,72
12,62,702,615,432,254,164,177,236,234,96,804,539,840,947,784,393,102,494,647,494,145,239,456,397,74,369,743,894,759,406,19,371,529,501,352,184,107,132,505,367,396,295,81,191,415,521,491,361,204,94,63,111,176,191,108,67,280,481,594,582,471,287,88,103,250,365,419,417,352,260,155,84,61,78,370,67,45,226,422,554,563,447,239,2,181,279,287,252,211,205,240,284,281,196,14,212,402,469,384,185,27,139,198,23,159,171,21,226,455,517,379,77,247,454,458,295,65,120,185,131,24,68,12,19,19,23,13,29,10,1,1,9,19,27,59,68,69,71,57,12,81,209,328,357,250,17,353,617,683,489,99,334,968,738,585,270,73,322,420,377,253,103,33,130,180,190,181,151,81,25,170,323,426,411,237,95,472,763,810,578,264,420,839,994,848,463,4,424,674,700,562,312,58,134,244,276,293,315,351,335,224,16,357,671,809,672,264,290,784,1012,888,435,177,726,1030,991,920,138,372,726,843,747,484,182,69,254,363,451,546,598,590,445,150,243,629,892,938,741,349,118,541,772,758,487,589,395,694,723,451,26,529,875,931,676,33
108,88,563,464,341,201,47,115,274,427,568,50,783,842,874,870,824,735,625,480,321,144,40,224,398,541,674,768,832,856,852,802,727,626,501,362,210,68,75,1053,330,429,497,538,561,552,515,454,376,290,183,77,34,139,228,310,378,424,467,486,505,504,502,487,471,446,423,389,345,292,234,164,87,0,83,329,264,342,408,467,509,522,530,506,463,414,341,255,167,71,27,123,200,273,330,361,378,367,338,290,221,146,69,103,64,104,124,122,99,49,4,73,143,197,240,259,260,243,206,156,104,47,0,39,32,7,17,13,13,11,8,12,72,55,28,14,2,26,50,75,98,115,118,109,83,36,26,101,182,268,355,427,493,1071,570,582,570,549,514,462,408,356,299,241,202,169,141,135,145,166,208,259,325,401,482,565,639,703,762,794,818,634,815,787,757,708,659,602,546,488,435,373,327,290,260,252,247,260,298,356,416,495,576,659,731,794,839,867,871,845,800,734,654,562,457,355,257,48,83,16,29,58,59,51,14,46,112,195,290,388,485,583,668,738,793,832,853,854,836,800,753,690,612,513,414,539,180,50,83,209,338,448,546,623,671,25
173,85,303,253,227,226,244,286,354,427,512,754,672,744,789,806,802,761,692,578,455,300,130,47,214,365,506,611,683,707,702,657,580,479,369,241,116,4,91,720,216,240,243,219,185,143,100,47,8,32,59,77,83,74,65,55,43,33,25,34,45,63,90,117,146,173,187,209,209,199,182,159,138,93,70,25,5,13,29,42,51,47,51,49,47,48,62,74,100,137,173,214,263,306,356,381,400,408,398,371,326,267,193,2,52,11,62,93,107,92,63,19,30,79,125,162,174,181,165,146,112,72,36,49,13,3,29,3,2,17,15,6,25,59,21,51,91,140,202,257,308,353,376,380,353,309,230,136,30,83,195,295,379,969,484,497,488,459,416,366,311,263,226,189,173,163,182,195,225,251,286,308,328,337,336,326,301,264,213,153,82,381,56,125,188,248,298,334,357,370,358,335,302,259,217,168,125,94,80,84,113,173,249,354,476,609,742,867,981,1063,1114,1126,1094,1021,929,808,665,741,393,279,174,109,71,74,94,148,197,268,342,403,459,495,515,514,495,455,404,333,252,152,48,68,195,308,427,195,643,725,788,819,827,810,765,705,628,113
9,37,408,153,68,185,223,247,250,152,85,365,491,330,52,399,457,198,145,266,81,201,250,21,413,539,246,275,630,552,135,283,402,245,40,22,70,126,4,251,425,339,23,293,410,314,105,38,94,142,223,307,266,45,279,503,467,188,169,411,438,305,109,98,286,405,389,169,150,382,390,195,26,102,47,27,126,329,385,151,284,610,590,205,278,551,482,190,83,207,212,204,224,189,0,295,485,364,23,384,422,136,171,53,25,209,73,275,462,205,320,632,421,136,557,495,79,301,355,138,83,132,37,39,33,40,22,16,10,6,11,32,15,16,88,91,1,124,184,97,105,303,332,120,249,532,489,74,461,718,482,102,625,668,322,232,580,530,192,186,376,334,127,81,196,167,47,76,130,76,48,186,236,119,143,421,498,217,309,725,720,237,506,904,731,88,583,851,582,14,473,619,401,42,243,336,286,151,23,213,328,263,28,376,487,193,363,738,564,116,810,973,425,463,1043,912,197,1305,923,668,91,415,612,492,212,94,375,526,464,131,333,674,610,150,427,728,534,11,499,613,294,196,528,449,52,105,577,337,170,587,617,232,313,644,559,22
80,47,213,129,25,96,222,361,489,616,726,436,891,944,961,952,908,837,732,603,454,282,99,66,230,378,493,584,635,641,611,557,465,347,209,76,65,193,314,694,488,542,562,568,538,501,433,359,277,181,84,12,117,195,282,332,391,412,427,412,387,350,303,251,208,153,117,82,59,37,16,3,20,37,64,35,106,128,151,163,185,193,189,183,171,150,108,75,19,33,106,169,246,314,383,439,488,523,530,522,487,425,341,22,103,30,174,298,412,485,537,542,517,460,380,287,193,109,37,13,46,60,60,18,38,0,26,18,29,14,29,18,28,14,102,102,96,86,85,72,74,84,99,134,184,252,323,416,506,590,668,725,764,980,779,754,706,640,563,479,394,309,234,170,120,74,44,39,40,61,97,153,207,276,352,431,496,565,626,670,699,468,718,699,667,629,578,518,453,391,326,273,237,204,187,183,195,215,257,310,356,413,474,531,582,631,667,687,701,691,671,632,582,511,451,387,322,181,202,158,134,109,92,113,135,179,235,309,379,471,548,628,702,745,790,811,825,819,803,782,755,716,675,622,551,273,391,291,196,87,16,115,193,259,299,53
160,0,263,288,273,221,159,101,86,103,171,932,406,539,656,742,759,717,604,433,219,2,203,358,444,453,378,260,98,58,200,292,333,324,277,204,124,57,10,491,3,39,85,140,161,180,172,136,89,10,52,105,143,158,149,119,85,46,11,5,21,16,19,32,57,100,163,231,290,337,346,310,240,135,16,412,172,221,204,142,48,81,199,309,388,425,418,374,296,215,139,81,63,91,160,265,376,482,541,546,478,350,189,154,97,148,111,11,192,391,562,656,659,564,395,193,2,141,216,212,153,74,3,34,6,2,9,0,18,3,10,37,8,54,23,9,51,100,138,163,160,135,79,8,119,249,383,503,601,651,654,594,492,20,185,26,106,216,290,335,365,375,378,371,345,318,264,193,115,26,64,154,242,321,399,467,514,534,515,453,327,378,8,207,397,565,687,763,795,790,751,678,606,510,426,332,258,182,116,56,15,89,188,286,409,513,603,655,649,587,469,292,78,156,373,568,717,1436,863,864,813,744,658,547,458,373,300,238,166,91,16,80,188,304,417,515,605,663,694,698,670,615,528,414,261,474,115,321,511,652,730,740,667,528,352,160
1,61,661,284,136,322,319,291,206,80,499,337,304,421,858,576,197,734,541,99,510,282,240,437,70,468,571,72,552,700,270,335,605,406,6,251,269,196,157,668,98,325,379,154,194,389,293,31,141,150,92,113,179,128,134,408,431,124,316,559,449,69,342,552,461,96,349,581,428,2,371,413,194,35,97,345,122,264,278,0,383,527,262,208,493,392,59,188,229,189,169,129,59,343,460,185,319,588,339,190,485,286,104,117,42,117,29,265,180,226,490,244,307,558,248,278,452,178,181,251,74,74,52,46,11,24,36,7,13,16,4,33,9,11,66,109,34,114,189,93,114,283,227,64,385,414,37,462,599,166,483,732,310,839,754,422,258,660,450,94,473,380,7,282,280,49,163,202,83,86,212,199,10,266,419,223,271,653,508,146,793,764,70,759,950,309,591,946,472,359,787,521,109,520,453,100,198,295,255,127,98,356,415,99,413,644,256,464,838,413,461,970,563,400,1024,724,229,1730,828,15,742,826,265,407,677,451,20,380,501,361,18,393,624,434,152,706,752,162,596,875,419,386,835,538,225,184,549,187,736,558,202,807,635,147,796,56
4,96,154,158,183,213,265,332,409,481,549,724,667,710,741,741,729,688,618,528,419,292,155,19,121,252,364,453,519,557,554,530,473,395,302,191,78,31,134,528,287,341,365,373,357,327,269,195,106,6,102,202,301,395,466,521,561,575,577,571,552,517,475,450,410,371,337,295,252,207,165,113,51,10,71,305,191,243,296,338,357,376,374,354,325,280,232,165,97,25,39,105,167,219,270,301,316,319,301,266,209,146,69,100,78,132,175,192,178,144,97,32,36,101,160,200,222,226,215,188,146,105,58,4,3,1,24,4,9,23,4,6,8,13,58,73,75,84,88,103,127,162,213,278,355,449,549,644,735,810,851,884,881,976,808,742,662,574,485,391,320,255,196,155,127,115,115,128,148,174,209,236,267,280,280,263,232,174,103,32,60,5,237,311,377,432,464,477,475,452,412,366,307,228,156,83,4,52,109,138,155,141,116,60,18,109,214,346,481,599,728,836,923,988,1025,1032,1017,1792,927,855,794,715,647,572,515,465,420,389,372,371,374,397,423,462,505,547,582,619,633,646,656,660,651,650,653,186,641,629,617,590,551,497,440,379,312,64
16,18,337,154,39,2,75,234,458,626,598,440,143,593,827,717,311,177,500,496,201,186,421,353,22,365,614,558,257,139,419,471,336,159,35,27,80,82,28,94,404,462,355,120,123,271,282,200,111,107,191,272,283,149,90,359,540,568,431,203,34,224,352,416,430,377,247,49,162,330,387,328,202,91,42,375,68,15,156,370,523,523,322,11,328,515,509,357,149,3,66,86,120,218,324,361,250,8,264,425,379,169,69,107,114,34,122,24,200,391,388,147,214,476,494,265,49,272,296,159,11,108,87,55,9,54,33,19,19,12,20,25,21,13,0,45,89,113,86,8,149,269,285,122,179,482,601,432,8,464,749,692,332,607,541,658,496,178,158,362,408,307,145,34,163,224,213,149,35,109,235,282,207,3,281,492,514,262,166,596,813,524,231,343,787,912,673,188,320,656,715,529,209,90,280,358,358,328,254,112,123,404,593,549,234,254,679,809,545,21,615,923,797,276,389,875,968,1017,56,495,805,773,486,108,200,377,455,491,483,398,151,227,630,877,816,422,162,677,914,762,322,224,604,688,417,369,490,692,540,109,404,746,761,453,12,31
7,24,14,9,38,83,155,229,311,402,498,130,646,692,709,707,667,593,499,368,227,82,75,214,346,456,536,583,605,602,587,536,481,428,370,310,253,197,155,359,83,61,41,30,23,14,2,11,21,45,67,94,118,153,174,194,202,206,198,175,141,109,62,20,26,52,74,90,93,88,79,57,37,17,2,142,6,22,59,105,140,190,227,260,274,271,236,183,112,21,82,184,297,396,472,523,543,529,481,400,297,178,57,282,143,206,227,209,157,68,36,147,253,338,399,419,406,362,292,207,118,35,30,11,34,30,8,38,9,13,24,47,4,28,50,59,72,91,121,166,226,296,372,450,528,592,644,675,677,659,622,561,483,46,308,220,140,71,12,17,59,77,73,71,65,61,57,58,72,96,137,178,245,321,402,498,577,665,741,802,852,760,903,893,872,830,774,708,633,555,477,401,339,284,238,210,197,215,233,267,303,336,374,393,395,377,331,269,181,68,52,180,303,421,531,617,689,1546,763,762,745,704,678,618,571,523,487,455,437,436,431,461,481,518,546,575,604,621,637,636,651,648,638,620,600,200,545,497,454,393,337,268,207,149,92,79
54,114,621,390,168,31,26,61,144,300,511,674,737,577,201,259,660,838,727,372,77,419,501,307,67,431,624,554,256,124,436,582,533,375,202,90,56,62,67,691,108,264,378,410,351,214,62,52,97,66,9,59,41,50,194,349,444,459,387,260,95,76,256,407,529,580,533,378,155,85,262,331,278,165,61,148,117,258,382,401,278,22,266,494,579,493,294,85,43,68,11,40,19,118,324,501,542,389,94,227,429,420,237,245,153,128,50,253,339,221,68,385,572,515,241,90,339,407,293,94,76,136,77,38,9,8,10,11,28,50,0,18,33,8,52,102,122,94,34,57,156,240,293,270,142,74,338,561,623,488,167,233,562,786,642,394,71,220,393,432,365,246,106,23,120,188,191,151,75,26,136,218,241,189,46,168,401,582,605,432,85,16,717,902,832,525,80,372,700,815,722,463,137,179,390,498,484,409,291,161,2,185,384,528,544,382,57,358,703,842,664,259,274,739,979,918,569,308,417,749,851,723,438,119,177,369,489,548,556,503,361,119,222,553,805,868,700,344,86,480,743,790,631,313,99,81,682,654,384,60,512,795,804,526,81,57
101,99,500,367,273,230,237,301,392,504,606,80,701,662,562,415,219,23,177,333,430,454,405,285,110,97,308,494,633,728,748,701,610,488,355,227,141,97,92,15,210,296,379,429,452,434,381,297,208,115,40,14,26,20,17,64,111,161,208,247,269,297,318,333,352,366,387,385,391,369,344,303,242,189,130,436,35,14,23,61,121,192,267,331,372,377,346,293,207,120,46,7,11,32,110,211,322,420,480,484,434,336,210,118,30,93,94,45,57,195,321,419,467,454,391,285,161,46,44,95,96,59,5,43,33,0,0,46,7,17,4,47,13,68,79,51,29,6,18,47,88,140,202,274,360,439,509,544,535,479,366,217,34,520,330,474,563,601,592,545,463,375,286,209,138,95,62,34,9,16,57,99,170,247,328,401,468,497,487,429,323,272,23,232,438,633,790,884,931,914,849,729,602,461,328,227,156,126,123,140,155,150,107,28,105,271,457,637,773,860,870,791,648,422,176,97,356,1226,747,858,909,891,837,756,670,583,515,473,460,467,492,502,497,467,406,297,153,15,201,378,544,690,794,836,829,479,605,400,159,106,368,599,783,898,927,27
6,29,93,46,77,55,30,53,155,334,550,558,789,700,465,107,259,534,644,564,321,14,259,396,365,177,100,360,542,577,468,281,96,43,91,51,29,86,86,384,121,274,380,432,394,289,152,14,73,84,42,46,148,213,218,144,10,131,270,360,403,412,409,402,387,342,253,116,57,208,313,324,256,134,17,47,3,113,282,419,478,432,293,101,98,244,308,306,248,182,149,169,236,323,380,353,229,10,235,422,479,392,187,202,180,177,23,205,388,441,311,48,235,443,493,389,193,10,137,166,110,23,54,2,43,13,6,13,29,2,3,33,10,40,118,105,78,40,0,47,100,172,252,320,320,233,37,233,508,698,728,573,280,424,395,602,648,563,378,169,4,130,187,205,191,170,145,125,89,23,73,183,288,334,274,102,169,465,704,786,679,370,36,468,810,970,925,711,390,57,214,375,415,382,313,261,243,266,280,236,110,104,357,587,686,608,333,69,492,818,939,812,467,18,496,844,979,1742,624,257,98,361,507,521,451,362,318,318,349,336,240,21,296,627,895,1005,918,642,238,195,562,800,854,725,437,443,306,594,709,630,366,13,400,679,797,71
103,9,667,630,532,408,336,309,345,414,468,184,381,211,13,255,445,536,510,360,139,101,305,401,364,210,38,306,544,682,704,611,454,272,110,8,20,2,52,560,140,145,109,35,35,98,144,148,140,105,73,68,111,194,300,417,498,543,541,491,398,310,203,102,2,96,193,267,324,333,303,238,165,118,81,49,183,294,410,506,553,526,420,270,95,66,180,233,230,174,132,104,130,192,294,384,431,402,304,144,8,128,155,167,40,169,254,229,95,118,346,508,553,472,282,62,125,233,246,180,78,9,64,30,22,7,31,2,2,24,33,58,59,6,87,100,108,107,104,93,57,14,127,276,429,526,541,425,206,97,415,674,812,796,669,431,156,91,281,380,398,351,276,187,112,58,12,25,70,129,189,235,239,187,60,122,340,550,699,757,680,421,166,189,529,798,939,952,834,625,372,121,79,229,308,353,368,371,399,410,407,363,240,56,202,461,681,804,758,550,205,221,628,937,1081,1031,828,710,118,211,493,663,737,710,642,541,454,357,281,188,52,120,357,591,794,918,908,775,518,194,124,417,629,703,674,438,267,32,356,630,809,858,755,530,211,4
5,119,42,209,232,151,60,38,146,361,623,248,830,632,242,216,626,836,801,554,178,159,341,307,98,205,473,589,520,294,12,246,375,372,259,124,40,57,181,516,485,521,422,209,41,284,419,437,349,204,74,16,54,157,291,386,385,294,138,35,188,283,320,341,353,361,371,347,280,166,21,106,194,219,201,381,141,166,250,350,419,422,324,147,66,252,372,382,320,229,164,146,191,250,283,235,97,99,288,404,406,300,147,93,19,34,136,204,179,29,202,413,511,454,256,3,216,317,282,160,18,71,88,19,24,13,21,7,20,20,19,11,1,3,14,39,69,110,147,157,125,35,107,279,419,484,406,185,139,480,724,796,657,69,14,352,560,618,523,345,142,28,140,192,202,195,171,128,64,22,126,223,272,241,110,97,343,543,649,578,344,137,431,776,964,933,699,323,91,444,645,668,551,371,199,87,44,25,18,122,271,417,472,387,147,193,517,715,683,423,14,479,833,966,841,488,24,885,757,883,808,587,292,21,189,304,361,397,436,499,552,542,410,146,203,561,829,917,799,500,112,280,559,662,579,340,10,347,571,603,437,106,289,618,788,57
13,26,551,446,361,286,269,280,334,413,512,684,712,767,779,740,645,500,307,104,107,275,407,481,491,426,308,165,6,136,257,326,347,324,274,181,86,7,79,619,181,186,180,130,83,38,3,25,14,16,82,163,256,351,428,483,510,505,480,444,418,376,362,363,376,393,405,417,398,370,317,257,192,133,86,90,70,101,151,234,317,409,481,535,557,542,487,406,320,233,159,113,115,141,202,286,369,433,462,457,403,306,180,77,50,116,131,92,6,122,257,363,426,448,412,335,238,127,29,44,84,96,85,21,43,55,12,41,23,6,8,14,16,11,99,102,104,113,124,134,142,136,102,32,70,212,370,527,673,775,838,833,771,556,513,346,187,46,70,134,182,187,175,151,130,112,119,130,142,154,166,174,159,125,71,6,116,260,420,585,745,597,997,1052,1042,969,852,695,513,332,181,56,19,48,51,12,25,56,77,63,13,75,201,342,501,640,748,799,787,694,532,309,49,216,471,683,839,1731,940,908,831,721,605,516,435,391,385,405,460,500,557,586,568,523,429,295,133,46,227,399,530,630,694,712,691,245,503,342,157,43,241,426,580,690,756,44
72,45,312,163,87,81,122,159,164,68,81,807,522,706,769,714,531,251,48,288,401,375,190,61,333,546,635,595,429,191,53,251,354,371,313,219,134,83,104,27,282,368,424,419,355,258,154,77,39,54,118,196,256,297,284,207,94,47,185,295,370,414,432,440,436,428,403,362,296,222,111,23,36,59,24,443,127,166,176,100,43,223,403,530,580,541,421,284,152,71,56,95,158,200,177,82,67,236,377,441,400,278,112,80,127,115,6,148,287,352,304,159,52,255,386,414,339,196,39,79,125,104,45,28,25,42,10,11,27,10,4,13,23,45,60,59,41,8,31,90,171,270,354,407,380,270,54,234,528,757,854,793,585,56,54,339,518,584,536,424,286,158,62,10,44,74,98,126,149,160,136,75,44,200,369,514,588,558,406,147,173,372,804,975,991,857,593,274,51,315,486,546,516,439,345,277,234,218,205,160,64,84,268,462,595,618,502,256,97,487,819,1000,996,792,428,6,420,1430,902,915,813,621,417,234,99,7,70,146,243,359,513,664,763,785,689,476,182,151,445,663,752,717,543,279,31,331,553,687,681,535,272,69,399,661,801,100
191,4,315,310,319,322,333,355,359,380,388,805,396,388,381,377,362,367,363,376,381,384,389,404,403,409,411,406,393,360,351,320,293,262,221,165,113,59,8,499,125,179,226,232,255,239,209,168,117,58,13,69,130,178,225,257,291,311,338,354,367,370,372,368,344,317,295,246,192,132,78,16,30,72,103,61,128,127,119,112,89,71,54,26,3,19,37,59,88,110,131,153,169,180,205,228,234,252,266,272,275,262,244,7,141,66,8,106,204,298,384,450,498,512,504,462,414,339,260,175,93,27,33,6,23,6,11,2,26,28,6,22,36,24,20,18,17,17,31,54,68,90,122,138,153,156,149,128,99,63,22,24,59,450,109,111,112,95,76,49,18,2,25,38,58,66,69,74,78,74,77,75,66,49,31,2,33,73,123,153,197,33,269,285,296,292,287,269,244,216,171,120,79,27,40,101,157,224,290,349,405,444,496,517,517,528,523,487,464,423,373,315,268,207,150,111,58,299,2,11,5,9,52,90,150,220,299,385,480,562,659,729,799,862,897,931,946,939,907,886,843,800,745,691,647,147,559,528,507,482,467,449,426,409,385,20
96,27,557,351,29,181,299,381,277,122,585,71,118,605,805,256,505,702,180,420,424,92,419,135,409,512,12,595,605,36,520,564,166,228,325,212,104,45,94,129,350,127,247,443,273,76,287,224,51,23,3,24,154,257,151,151,402,372,39,343,497,297,114,453,469,164,241,464,340,1,266,316,167,12,78,117,211,234,83,226,456,354,64,450,468,142,238,368,257,65,86,218,321,246,80,446,459,43,421,468,79,288,266,59,97,53,99,124,331,141,300,466,112,379,441,36,328,288,13,183,102,31,33,13,63,2,14,12,15,4,7,10,30,4,34,77,70,32,166,167,42,292,277,79,456,404,123,613,521,131,701,593,108,977,581,51,561,490,5,382,358,53,203,226,94,76,154,120,21,167,164,24,273,284,50,448,483,28,630,690,48,408,851,149,710,895,251,576,828,333,372,656,374,135,429,382,105,194,369,312,3,382,497,120,470,668,171,613,838,172,744,942,156,824,969,156,789,1606,177,650,799,244,420,652,368,92,429,499,305,145,597,667,144,608,900,371,543,964,478,437,887,471,361,784,382,324,730,276,485,749,208,584,799,209,554,104
111,74,204,278,292,271,278,339,468,609,687,44,434,105,291,630,826,792,571,222,123,333,350,168,126,430,632,647,495,210,82,302,400,373,276,182,150,184,296,593,443,422,293,101,102,262,336,321,216,79,15,38,29,166,325,453,495,455,309,143,34,174,271,332,371,429,462,462,435,340,199,40,87,173,173,388,74,33,63,147,280,407,481,463,358,183,4,157,242,246,204,171,172,220,312,363,352,240,28,186,343,385,305,19,27,113,91,29,191,277,241,103,117,313,412,372,223,26,135,208,163,59,50,25,21,0,25,13,3,7,9,71,27,31,44,24,10,68,130,181,201,151,31,155,364,521,572,475,237,94,428,683,786,575,491,188,100,336,461,483,414,297,156,40,56,131,164,186,181,129,55,70,198,322,383,348,197,49,345,613,771,416,573,241,174,552,806,899,795,561,264,22,238,348,373,363,338,341,341,302,195,2,254,501,647,641,434,74,348,713,909,865,584,142,328,732,948,1624,711,373,9,312,527,604,592,544,482,431,377,269,78,186,484,753,903,904,708,369,42,421,676,763,647,378,37,258,546,628,529,280,78,422,679,783,715,25
56,32,511,504,457,387,324,289,310,367,476,780,704,782,782,708,562,359,123,89,250,341,337,239,84,121,317,487,612,665,658,576,479,351,240,143,91,81,107,271,216,269,318,330,323,288,242,195,145,127,128,154,193,263,325,377,424,443,440,412,364,316,263,207,153,93,32,34,90,135,162,150,113,51,26,262,170,195,188,135,39,77,204,322,408,447,446,395,320,232,168,135,157,222,319,425,500,532,498,390,245,79,56,85,128,37,104,271,404,471,439,321,139,74,259,377,410,359,246,104,19,105,135,27,16,6,13,16,6,1,19,16,21,16,37,68,106,136,177,204,224,235,207,145,35,102,276,458,616,730,764,720,599,79,204,10,197,336,423,443,433,376,315,239,176,118,69,34,2,48,102,170,253,340,410,459,459,382,241,33,214,213,733,915,1025,1032,939,769,542,296,71,125,266,334,349,322,290,261,265,305,367,446,508,514,463,329,118,141,430,697,909,1028,1033,917,716,438,133,661,423,605,712,727,692,610,535,463,431,412,420,437,429,391,302,150,40,264,486,673,815,891,881,804,655,462,230,550,250,457,624,726,734,673,520,320,100,66
150,100,358,344,324,314,297,280,270,256,243,721,231,226,225,224,238,254,273,296,324,347,374,385,409,417,424,427,415,407,378,356,326,291,248,202,151,102,51,508,69,122,168,203,238,252,260,251,231,198,148,76,11,70,150,227,302,366,422,469,500,514,503,495,464,417,371,310,242,181,120,48,3,70,113,284,204,237,262,285,294,300,294,276,252,213,170,106,40,30,100,175,240,309,356,404,433,443,440,417,378,319,249,37,72,31,130,230,318,398,465,512,533,535,512,463,402,326,242,157,71,7,75,49,52,41,13,8,19,52,22,40,2,4,56,50,59,69,91,120,156,187,220,257,285,313,331,341,345,342,328,304,284,2,224,190,160,129,104,79,57,39,29,20,15,18,24,32,50,60,83,101,121,141,152,158,167,159,155,132,114,162,51,18,12,49,80,98,116,125,123,113,93,68,26,21,75,145,212,290,363,440,507,577,632,670,695,697,689,660,614,564,493,434,367,310,254,27,173,145,134,130,141,164,190,234,280,337,405,458,540,607,670,734,784,820,857,876,869,856,835,811,775,736,702,297,632,599,574,545,525,499,479,459,437,72
11,3,395,324,251,199,167,157,168,208,263,715,431,529,612,689,736,757,732,675,578,456,300,141,21,175,317,430,507,556,570,538,473,407,306,198,83,24,118,785,283,335,376,381,384,355,317,265,198,135,58,4,56,101,125,147,151,135,134,127,128,142,164,199,235,272,311,346,355,372,360,335,302,269,215,239,119,94,66,45,41,32,39,52,53,57,54,43,20,16,53,110,173,239,302,359,409,427,436,415,369,296,201,2,14,62,110,133,116,69,7,97,190,270,326,352,347,304,240,161,78,0,61,2,18,10,37,30,5,10,3,24,0,52,78,83,93,99,115,137,170,200,242,275,307,325,321,302,260,186,105,3,101,647,291,355,402,421,404,378,327,273,207,153,101,69,51,53,77,110,162,223,286,350,405,454,483,496,487,453,392,174,224,119,13,95,180,253,315,348,355,334,308,253,203,131,66,7,41,70,71,39,21,108,224,351,501,646,775,889,981,1036,1045,1029,980,901,809,1081,584,473,365,284,216,178,165,181,219,278,354,437,517,588,644,677,684,668,633,572,502,412,315,211,99,21,141,347,368,478,576,650,703,738,747,730,694,56
127,111,543,427,285,135,15,172,320,459,580,89,730,768,781,759,704,640,535,423,305,157,16,120,232,342,426,491,531,533,501,444,354,258,145,29,98,223,312,399,460,497,526,517,484,428,365,286,206,120,42,35,88,133,157,152,151,120,77,13,59,128,199,268,324,368,394,416,418,399,361,316,263,187,122,514,43,121,188,258,304,330,346,339,322,282,229,160,80,3,78,160,230,299,365,407,445,468,483,466,441,399,336,72,171,72,36,139,238,319,403,461,489,497,479,435,378,310,239,153,86,19,42,6,5,7,59,7,6,4,11,44,61,60,21,11,19,14,26,35,55,77,90,116,159,197,238,289,327,365,388,406,434,795,398,370,345,291,236,186,108,55,11,11,55,50,56,50,33,12,9,16,55,66,86,110,168,189,214,257,268,18,330,355,378,348,312,295,250,209,147,84,28,40,95,161,204,257,312,363,410,456,511,544,582,615,637,659,660,656,643,615,604,566,546,527,498,702,462,450,455,436,453,454,475,477,498,518,538,562,597,625,643,663,682,673,679,664,639,620,595,566,544,531,533,255,560,590,629,663,703,745,762,794,793,23
123,132,460,356,233,105,11,132,243,333,396,161,461,444,409,341,256,149,37,82,201,302,407,478,535,580,613,614,597,577,534,487,432,370,306,248,198,157,127,367,91,84,75,77,70,68,57,50,43,29,18,4,2,18,34,50,58,61,41,21,15,66,131,204,289,355,420,475,500,507,488,452,385,303,201,510,4,105,202,281,350,402,435,452,457,446,423,376,324,276,217,165,123,102,91,105,139,178,228,269,304,317,312,97,207,117,10,106,226,338,415,474,503,490,450,385,309,230,149,84,33,4,24,14,51,19,11,3,47,3,3,27,35,6,7,33,59,92,128,168,208,244,283,309,325,325,313,281,228,162,85,5,66,519,181,201,218,211,193,167,143,120,92,77,58,52,52,60,73,99,136,184,247,316,392,472,545,611,684,738,790,511,862,866,868,858,828,792,742,684,623,566,508,452,415,394,385,392,402,434,467,507,554,592,639,680,719,755,772,776,761,725,662,586,502,407,312,239,168,130,100,102,114,144,184,236,297,370,446,521,606,693,756,802,833,846,834,793,731,659,567,466,359,245,133,533,75,177,278,365,446,520,581,627,647,37
99,34,342,252,195,177,189,217,264,304,320,287,255,161,42,109,245,366,451,483,448,358,217,42,141,328,477,594,662,672,637,571,475,376,284,206,165,157,181,297,276,321,340,343,317,269,203,155,101,80,63,81,116,165,219,277,321,364,396,416,431,435,448,453,475,489,515,519,516,492,436,349,261,163,74,90,10,1,66,162,277,385,477,536,549,520,450,355,266,175,129,127,163,247,352,454,543,585,568,487,357,198,38,136,164,166,101,20,169,316,425,483,479,407,288,144,15,89,154,177,157,104,35,50,6,15,17,18,12,42,28,49,22,31,69,46,16,23,72,133,202,263,333,383,428,445,427,378,281,152,8,176,340,740,594,658,666,631,561,456,343,231,142,57,9,50,85,105,128,160,192,236,289,341,386,417,411,360,265,116,69,2,504,692,844,935,977,935,852,725,572,410,273,149,61,10,6,1,3,5,27,100,218,375,551,707,842,911,896,798,608,364,77,221,484,696,843,1810,925,877,797,688,585,491,427,382,367,356,353,327,286,199,81,67,236,412,579,719,817,876,888,849,784,673,529,586,162,44,254,443,607,732,800,804,766,7
61,61,229,75,226,290,357,429,393,133,319,679,771,404,199,654,688,305,188,433,275,120,395,295,129,554,651,303,243,630,632,303,85,276,238,116,102,214,299,651,74,405,559,429,111,205,360,324,190,91,75,89,29,154,376,469,345,39,291,468,446,289,97,74,239,384,442,334,52,262,443,396,185,27,102,483,31,126,305,384,241,102,454,588,410,40,280,400,317,166,63,25,37,181,358,399,215,136,438,476,237,91,265,18,29,34,82,245,209,81,431,525,247,214,518,444,99,243,334,176,50,158,113,41,20,4,10,5,28,19,31,17,12,12,58,96,84,34,40,128,172,97,88,298,352,148,243,561,550,160,383,724,636,57,382,671,560,179,233,453,424,218,33,208,285,253,128,41,201,276,189,19,253,340,190,149,453,478,167,343,709,407,199,439,854,786,272,366,770,733,333,158,467,518,358,130,83,269,412,434,242,150,541,670,390,202,730,813,342,394,906,829,200,565,962,763,102,1417,884,675,143,382,656,580,305,18,295,472,544,450,130,347,762,848,472,215,830,989,588,125,724,856,470,157,634,106,241,347,715,597,67,548,838,636,74,103
207,42,258,26,208,283,319,372,461,510,451,260,151,547,812,799,510,35,395,601,474,115,287,493,393,57,370,651,665,418,42,284,450,444,324,180,97,72,78,529,73,224,348,372,274,76,122,224,190,44,112,176,95,104,319,449,431,272,32,201,394,483,486,416,272,65,161,354,453,432,291,97,55,123,83,361,81,46,88,276,414,425,282,38,204,368,403,320,212,122,81,47,30,178,352,467,420,196,118,379,448,294,29,137,214,49,188,313,217,63,364,507,397,98,228,406,369,182,38,166,164,73,18,5,4,5,39,70,35,34,33,18,17,34,2,19,45,79,114,111,33,129,315,424,354,70,328,665,746,503,26,474,772,790,406,35,394,538,453,247,19,140,219,231,205,151,53,66,191,274,257,128,103,361,531,506,251,177,620,876,822,551,143,684,969,892,513,2,442,669,649,447,178,62,215,302,329,322,273,154,61,326,552,601,397,33,536,897,909,537,94,722,1075,998,552,85,638,1872,851,504,50,348,575,613,496,316,124,64,261,452,610,653,505,162,293,703,892,778,385,141,594,806,704,338,145,103,725,584,189,300,683,791,568,124,361,125
280,34,355,288,259,251,271,312,380,453,514,62,554,508,405,275,104,66,224,358,425,438,383,272,128,50,218,371,479,548,567,540,481,387,292,190,119,64,29,345,35,57,88,103,104,90,46,3,70,154,240,311,377,411,417,406,360,319,257,197,159,137,130,141,151,174,177,169,156,126,94,63,45,55,79,274,205,298,396,493,570,628,647,633,592,521,427,341,268,218,195,204,246,295,352,393,404,389,326,235,130,27,53,72,92,28,77,213,350,468,542,562,509,401,254,96,53,165,233,252,227,162,85,31,15,17,8,53,31,44,34,3,5,1,58,68,76,81,79,61,25,44,126,237,366,493,601,689,732,719,661,553,410,175,84,56,175,253,282,284,261,225,187,152,139,135,145,160,167,157,131,78,3,107,229,353,491,621,725,804,858,605,835,753,645,514,366,214,76,42,123,184,196,190,168,139,125,120,135,181,258,341,435,512,560,571,521,421,263,66,159,389,601,778,897,960,966,1561,821,701,570,444,339,255,219,204,216,251,276,288,281,218,131,0,162,330,501,654,778,848,870,852,767,640,475,320,76,136,328,493,629,710,742,732,691,34
56,59,637,555,477,387,296,208,140,63,2,739,82,120,116,97,69,23,55,134,216,299,386,461,535,592,640,661,666,651,608,564,515,462,388,326,240,129,21,671,180,260,323,363,387,377,349,287,207,93,20,147,267,360,431,509,551,574,584,572,531,495,439,375,316,247,185,123,69,12,38,79,108,127,137,22,118,97,66,31,9,51,107,149,185,219,246,263,273,279,281,279,273,274,265,265,260,258,260,259,249,230,203,50,108,45,27,104,192,274,349,421,464,481,474,441,396,338,267,191,123,60,0,9,0,4,10,4,21,25,7,7,4,2,91,93,98,110,134,172,219,282,351,424,510,585,662,727,782,807,817,805,774,614,668,610,546,491,440,383,347,323,304,291,280,285,282,281,294,302,304,338,371,398,426,471,505,532,562,589,599,482,606,596,586,578,568,550,522,503,475,444,415,400,389,388,399,420,447,476,523,572,611,663,718,753,790,838,865,878,896,914,915,911,899,884,857,1099,801,766,731,682,633,594,569,552,535,546,558,571,602,633,655,687,707,720,716,722,717,701,707,702,696,701,710,258,737,755,773,790,806,815,808,803,795,23
158,102,225,193,186,196,212,245,298,353,420,609,545,594,627,640,636,610,551,478,372,269,152,12,117,233,343,429,502,528,540,522,480,408,306,201,88,25,131,670,304,359,399,415,396,366,308,238,153,60,38,142,234,321,397,445,508,530,551,550,540,524,492,466,439,398,372,344,295,262,211,155,93,27,47,399,198,274,343,407,459,497,528,538,531,504,464,407,335,256,169,87,9,68,127,160,183,179,157,120,71,17,28,89,85,80,55,4,64,147,229,311,381,432,458,463,445,400,346,287,219,162,115,31,21,0,23,15,6,18,0,14,50,19,13,14,53,85,118,145,160,159,147,116,62,4,75,169,262,355,440,509,562,1003,612,607,581,540,488,435,376,330,276,239,221,200,199,198,207,227,253,285,326,365,411,459,495,534,566,584,580,575,554,517,466,416,351,290,230,181,131,102,75,62,65,74,92,122,152,178,206,238,244,252,240,218,168,105,30,73,177,285,395,504,609,696,757,1542,833,829,809,766,723,655,588,519,447,372,319,277,244,230,235,244,278,326,367,428,481,544,593,643,683,713,727,139,742,735,710,680,644,594,548,485,424,27
13,64,487,422,228,78,24,156,349,474,377,680,457,672,458,36,439,473,158,188,235,36,318,280,103,528,604,236,332,668,566,133,273,379,252,72,31,105,111,154,330,458,321,41,370,456,292,67,71,102,130,244,359,307,18,364,581,492,157,225,446,469,342,118,130,363,484,402,125,216,409,381,192,3,72,390,144,270,369,254,84,468,632,440,8,440,593,427,93,175,299,310,274,197,24,254,471,440,121,293,495,327,18,4,173,19,68,99,271,169,180,482,388,56,471,488,116,294,395,158,139,242,111,32,33,21,31,19,29,54,7,45,6,2,34,44,112,107,14,128,233,177,51,334,446,214,238,598,567,98,471,722,475,585,554,627,301,151,443,420,170,107,256,230,101,26,120,133,66,45,152,160,9,233,376,231,183,581,614,173,469,584,684,38,651,921,606,68,646,778,443,94,470,508,280,2,194,277,271,189,7,283,448,298,139,559,579,95,543,819,445,340,919,828,109,711,1019,899,179,780,814,362,189,510,499,321,96,116,345,527,473,102,439,780,618,26,604,807,454,203,682,636,137,438,658,199,239,653,557,3,582,759,393,247,712,91
52,19,345,316,304,305,310,320,342,362,390,663,434,447,463,460,447,429,384,336,260,189,93,7,95,177,246,303,344,365,366,334,288,222,142,32,55,155,262,716,409,468,498,509,485,449,380,302,209,111,5,88,184,254,323,378,411,434,434,425,417,402,384,374,369,365,366,365,354,334,304,254,197,125,38,519,147,246,336,423,494,556,602,629,630,613,574,510,438,345,244,146,52,26,95,141,156,155,134,89,39,15,74,80,118,113,81,12,86,195,309,420,520,579,603,588,533,447,338,218,103,1,82,12,1,28,22,5,3,15,1,0,24,35,74,77,84,93,114,144,170,199,230,256,268,274,271,249,218,178,126,83,38,404,55,82,107,129,135,134,129,123,94,79,62,45,35,23,27,31,64,100,145,206,275,358,441,524,609,685,735,506,816,816,804,768,720,672,613,552,497,453,397,365,321,301,281,274,293,313,346,392,435,481,508,520,502,472,404,319,209,96,29,148,251,345,423,916,498,505,507,476,443,392,331,256,178,100,21,47,95,130,138,126,99,50,10,86,150,216,286,343,400,439,479,149,543,567,590,609,606,601,586,549,511,137
86,14,523,349,138,24,145,286,454,518,349,617,526,781,633,151,370,622,479,101,211,234,11,244,253,19,393,575,412,20,368,534,420,189,9,97,120,163,278,589,328,130,197,468,536,364,84,160,257,231,195,206,240,179,6,269,458,461,283,21,205,343,395,365,254,42,233,460,502,331,13,240,327,239,104,218,116,165,53,220,477,530,287,128,488,590,394,59,204,296,234,157,145,167,105,117,390,507,299,120,449,451,142,108,229,12,202,128,194,454,349,85,524,572,204,276,488,314,44,262,208,8,159,3,25,18,17,7,11,21,3,1,18,25,66,104,88,16,71,143,164,99,64,257,366,266,55,444,627,430,62,559,736,292,36,487,627,419,41,279,398,313,115,65,177,197,146,60,49,143,172,82,92,251,245,12,319,523,395,62,572,459,558,55,668,913,654,59,519,769,617,211,207,442,459,327,143,55,254,416,426,225,156,524,604,318,234,663,672,212,434,821,673,64,599,900,645,177,582,827,617,141,326,569,553,366,112,173,423,592,557,255,240,701,854,556,63,650,871,600,8,537,710,438,89,306,563,226,284,619,573,153,381,696,629,56
138,28,265,250,260,284,318,371,432,501,577,699,717,767,797,800,775,710,608,474,325,154,14,183,332,457,562,623,651,644,602,548,471,391,321,242,186,142,117,317,95,96,92,96,89,90,74,59,34,3,29,67,109,152,198,239,277,306,329,338,320,297,265,231,194,167,144,129,132,135,141,129,103,57,2,294,168,257,351,434,504,549,572,568,548,496,427,342,245,146,48,28,96,138,146,122,64,5,92,178,242,272,265,125,118,2,145,283,409,495,549,544,506,420,316,195,85,9,76,112,116,97,59,31,1,35,6,10,0,6,25,15,14,11,48,61,69,78,97,127,170,216,275,336,387,430,454,451,425,373,297,203,89,397,114,202,267,307,329,327,302,267,231,189,156,128,122,127,140,174,214,263,315,372,418,462,485,488,477,436,377,312,198,84,24,124,217,296,352,390,400,396,375,345,308,260,216,182,158,147,165,198,259,339,444,552,660,767,847,917,947,951,923,864,784,684,580,620,358,257,168,104,59,37,36,70,116,175,249,312,371,400,418,406,364,305,229,143,52,45,141,226,318,401,471,271,602,641,671,673,660,630,580,522,456,90
188,7,479,425,346,301,284,300,292,209,42,671,441,644,710,608,360,43,249,408,382,206,74,334,469,432,232,85,383,581,645,533,345,148,4,69,51,5,43,479,59,195,337,423,408,322,187,38,32,20,66,167,233,198,65,158,372,531,583,528,397,252,139,45,8,90,177,272,364,394,361,279,167,77,48,360,123,153,135,42,123,303,463,532,502,386,215,50,74,135,135,140,159,217,321,393,398,312,148,62,220,288,242,68,4,53,18,178,338,407,315,91,192,423,501,413,199,41,204,247,172,55,47,40,17,66,3,30,46,25,13,19,33,13,58,66,68,63,39,11,98,209,320,385,347,184,88,390,640,735,632,359,29,788,644,725,616,393,119,113,260,316,302,246,184,113,49,11,87,163,216,209,124,56,279,492,586,521,253,142,551,508,985,851,513,57,363,671,792,734,536,288,56,110,206,253,257,281,320,324,265,117,126,385,602,680,545,211,245,693,977,990,726,245,313,781,1010,1653,742,369,17,320,497,561,535,488,438,363,269,103,119,386,627,772,767,581,255,142,503,737,783,620,298,88,438,30,686,497,165,223,560,747,734,553,240,55
95,4,361,363,266,173,67,112,335,494,420,550,378,653,534,76,410,565,295,144,371,200,187,392,217,206,539,480,66,388,568,385,24,252,298,176,68,52,86,594,134,315,343,138,150,311,252,70,37,0,85,62,118,345,404,197,162,464,523,316,26,299,416,364,204,1,195,345,366,224,24,232,273,182,67,338,71,25,165,398,441,179,246,562,539,213,169,385,353,195,66,8,79,206,321,297,63,270,442,309,31,287,256,18,127,30,170,194,66,388,425,72,375,532,266,165,392,272,8,171,125,23,86,48,40,24,30,4,29,3,26,15,27,40,40,71,47,39,131,157,73,118,315,356,129,287,606,552,68,535,816,521,133,962,723,299,250,558,466,134,187,332,265,103,60,152,171,115,7,119,183,106,111,326,309,17,463,671,374,285,855,592,266,537,980,780,97,584,847,579,31,432,569,393,88,148,274,311,279,111,182,460,458,87,456,712,422,283,860,811,127,696,1050,661,185,886,977,401,344,828,745,241,297,546,499,292,65,190,458,616,468,36,640,906,579,162,801,880,377,335,758,651,118,463,687,238,176,635,607,106,506,757,445,156,618,18
13,52,288,356,359,362,379,396,408,343,186,624,329,547,641,565,338,22,249,387,331,111,172,403,459,321,33,288,524,603,496,294,81,85,150,120,57,28,60,9,286,378,389,311,163,13,99,127,103,51,40,103,226,356,434,435,343,172,1,146,245,294,331,360,386,381,333,215,54,115,248,296,268,187,121,1,177,288,399,400,274,31,266,515,623,572,384,165,10,90,66,22,13,99,255,410,477,395,181,91,293,346,253,76,61,72,51,238,361,329,112,185,437,538,426,170,102,280,309,210,60,55,86,28,33,56,7,12,2,25,32,17,47,18,16,25,32,16,28,104,174,193,127,37,258,458,550,472,205,160,514,733,730,299,178,177,434,531,474,329,152,17,76,123,164,202,214,184,86,59,213,302,283,126,118,386,571,596,431,117,279,190,820,811,586,217,188,512,682,677,526,295,68,101,212,279,319,345,356,310,183,35,302,522,606,487,176,255,641,836,757,414,83,570,870,909,691,229,105,442,624,645,556,391,220,59,96,249,403,546,618,577,383,72,297,615,781,740,488,121,255,525,627,525,282,252,346,530,536,360,58,289,566,680,618,56
3,17,493,392,306,277,292,340,424,519,613,250,675,628,528,389,209,28,151,280,357,373,308,181,35,143,325,482,578,627,609,555,471,361,263,185,147,137,174,181,294,369,421,463,471,436,382,303,233,145,86,51,42,72,108,166,223,263,290,296,296,286,278,283,302,329,375,412,431,442,411,359,282,190,96,341,3,1,45,123,220,328,424,496,529,520,472,391,293,200,130,83,93,142,227,340,451,528,561,533,450,323,178,134,63,101,54,40,178,337,462,541,547,473,343,180,11,127,210,241,209,139,55,23,7,42,13,47,19,34,17,42,13,20,36,67,103,140,167,176,167,133,66,22,138,274,410,536,624,679,687,632,540,150,249,92,60,187,280,345,371,373,355,324,289,253,223,198,175,137,92,33,53,157,279,412,541,653,730,755,724,696,486,302,94,116,309,470,580,640,661,646,604,551,498,452,425,415,419,423,416,370,307,198,36,153,357,562,738,869,934,934,851,704,515,290,61,750,344,491,588,644,658,643,623,595,574,576,600,639,677,710,707,672,591,460,291,91,103,293,465,597,698,741,743,352,579,423,229,9,216,430,600,722,775,22
2,28,512,462,405,349,294,248,198,158,124,651,87,88,96,106,126,151,177,207,223,246,258,268,279,293,301,298,313,305,310,310,299,284,260,231,192,151,112,290,27,2,26,44,53,58,54,56,47,31,34,18,1,20,50,82,125,172,224,275,331,378,433,477,509,530,538,531,519,480,437,374,283,190,78,539,144,264,367,462,539,589,619,619,596,552,484,402,311,198,92,15,123,217,304,370,423,445,449,411,365,293,205,144,16,68,129,179,187,169,128,69,5,90,163,223,267,282,280,249,208,155,99,21,22,3,28,13,16,25,9,5,1,33,33,37,54,67,89,110,134,152,164,171,176,165,147,123,88,45,5,56,110,611,191,215,233,235,218,199,174,141,102,77,49,37,23,26,33,50,83,121,172,230,300,373,455,539,618,695,766,317,867,888,901,897,875,842,798,746,697,638,585,528,476,425,375,330,298,277,267,269,284,320,380,435,504,581,658,734,798,855,900,935,956,964,962,1668,928,899,855,805,759,689,634,573,515,464,424,405,388,401,418,442,468,503,533,545,558,552,555,539,532,526,528,88,539,558,587,609,633,647,659,662,651,150
412,22,475,355,263,218,223,246,255,208,78,679,387,626,798,837,728,492,183,123,346,433,360,174,84,344,524,606,572,433,254,75,65,137,144,125,97,94,121,234,279,363,411,401,347,265,167,92,43,44,97,178,264,323,322,259,153,17,109,209,285,326,370,422,489,540,562,532,436,294,140,4,93,99,42,501,165,225,207,93,93,320,525,658,699,633,492,328,179,90,67,116,185,224,195,72,123,341,521,607,558,398,184,47,105,84,51,229,367,384,252,2,296,530,624,550,349,98,117,222,218,120,0,32,43,44,40,3,15,3,19,19,5,47,40,63,77,102,125,133,111,37,90,255,425,547,577,488,275,18,324,587,732,824,608,394,142,79,231,322,337,308,258,203,162,101,57,10,81,167,242,284,268,185,20,187,430,629,740,740,591,363,17,386,687,875,914,822,620,362,98,121,271,355,383,375,351,345,347,350,321,226,59,158,402,612,737,714,527,215,189,577,867,996,925,688,336,315,385,621,711,692,585,445,316,218,153,93,23,88,255,453,655,799,857,793,613,335,13,302,556,711,739,643,427,392,174,449,623,665,552,326,33,263,489,52
79,73,32,45,84,135,188,257,321,380,427,109,462,435,379,284,162,26,109,225,318,385,412,402,361,302,232,144,59,21,80,114,118,92,46,18,104,181,260,601,350,366,356,328,292,238,192,136,92,57,27,10,9,5,7,1,8,20,24,36,24,11,13,46,77,105,125,127,114,98,66,41,21,22,44,274,146,229,310,399,479,540,581,595,577,535,476,393,307,212,135,72,37,35,54,106,179,259,334,383,402,385,327,48,118,16,138,244,316,347,321,248,142,15,120,227,303,323,306,246,168,79,3,1,34,10,3,58,9,25,28,41,23,37,16,48,84,125,169,215,267,311,344,362,367,344,298,220,116,7,138,278,396,858,567,597,597,575,517,462,403,346,298,260,230,213,201,192,188,182,167,152,115,59,7,102,207,323,453,575,696,457,882,939,957,950,907,850,771,680,590,504,422,350,300,272,261,274,294,332,342,355,339,291,212,100,31,187,353,517,676,815,919,990,1014,993,932,1358,735,629,518,431,361,323,304,310,329,360,407,443,490,516,513,492,436,348,232,109,20,149,260,361,442,504,558,87,626,647,647,624,572,503,407,314,212,47
32,47,597,462,293,160,59,49,220,446,632,365,497,132,313,656,726,503,92,286,438,296,60,409,539,370,30,469,731,696,403,16,303,421,368,237,138,128,181,651,137,34,235,377,398,298,116,20,56,6,68,68,49,252,443,517,410,162,124,353,463,462,387,287,137,28,212,372,451,400,244,48,102,140,87,329,0,98,284,444,471,307,0,327,541,567,409,179,31,126,138,124,153,256,350,337,174,107,372,471,359,96,147,80,134,58,155,76,149,369,404,202,145,436,505,313,6,260,323,190,11,143,129,35,2,34,3,12,3,35,20,45,14,1,7,15,64,121,158,132,20,154,320,385,280,7,368,639,659,391,73,531,773,624,364,78,429,563,477,252,10,162,232,242,197,135,43,73,187,256,219,48,196,409,460,287,74,489,754,727,386,191,646,907,823,443,74,522,743,695,433,86,213,395,444,394,299,161,9,213,415,527,451,181,245,624,752,544,53,517,899,905,520,98,659,961,879,350,51,517,741,700,461,140,137,348,469,524,508,389,126,245,615,830,784,444,75,566,832,776,436,45,479,679,585,499,188,560,692,517,97,392,734,784,518,96
188,58,447,446,406,369,349,367,425,499,567,162,524,375,155,114,379,554,611,529,320,31,255,472,573,523,359,110,157,392,548,595,544,438,309,195,130,122,165,357,285,304,270,196,97,5,58,76,43,28,121,197,232,215,138,23,124,262,360,421,439,423,406,398,401,410,402,372,291,183,55,41,99,97,34,374,158,221,216,145,19,146,307,440,511,526,474,393,286,197,141,127,157,212,244,234,163,23,155,298,385,364,239,83,111,207,180,35,173,374,500,490,353,122,129,321,403,373,252,101,26,94,89,0,0,20,23,1,25,44,9,8,29,8,10,9,34,66,124,181,238,266,245,159,8,197,409,588,693,680,554,333,56,600,452,588,627,576,463,326,191,72,17,93,148,194,222,235,231,194,131,23,114,277,437,561,601,536,359,74,248,99,803,934,932,809,599,333,67,174,352,464,521,515,477,424,371,310,245,146,12,150,325,501,632,687,637,482,233,92,438,744,949,1015,925,694,382,357,286,537,683,726,703,615,509,390,271,155,55,40,170,312,487,651,794,860,826,670,400,77,250,534,724,799,735,426,309,5,308,564,741,789,712,518,263,141
125,218,211,154,335,371,338,297,170,75,393,554,558,134,423,745,565,9,489,579,188,324,546,278,269,644,533,30,502,680,437,30,367,403,214,25,10,40,43,111,258,325,230,17,234,292,182,32,10,44,101,47,154,368,428,236,99,399,498,386,148,85,271,372,388,283,41,239,411,371,138,93,171,97,6,67,150,307,294,36,348,580,487,112,313,532,423,140,102,181,128,101,171,250,185,61,350,456,258,88,335,294,43,147,82,130,232,54,294,481,296,187,546,497,83,337,442,220,95,235,148,13,101,15,24,5,21,29,49,8,11,43,6,24,99,53,32,121,166,110,53,247,327,192,141,473,557,263,269,694,709,270,354,961,671,213,312,574,484,171,149,320,299,153,32,170,211,132,23,182,249,148,90,356,442,242,206,609,710,358,264,448,920,480,267,855,938,514,161,682,775,466,5,371,497,397,164,90,293,383,316,80,257,508,485,114,418,770,633,24,686,990,662,121,844,1037,606,657,767,908,530,68,526,657,490,168,145,381,498,480,256,162,598,781,524,70,658,865,584,33,619,809,490,117,624,355,323,300,728,675,131,503,823,649,101,30
80,0,284,333,332,334,372,430,452,387,190,754,448,707,786,633,289,127,460,578,431,77,306,557,568,340,40,415,648,676,521,272,21,129,170,134,84,86,167,173,384,413,331,155,33,175,231,191,96,11,3,64,208,367,468,451,305,76,169,354,430,433,401,358,326,272,164,7,169,307,358,335,248,161,118,355,198,257,255,166,27,254,460,584,575,446,243,42,110,160,164,138,159,242,361,449,434,280,17,256,430,429,286,30,57,47,84,235,279,125,166,465,608,510,208,143,385,426,289,72,98,149,90,33,46,13,14,5,4,14,34,7,30,1,87,91,71,31,17,82,150,215,227,166,1,241,491,642,597,331,85,511,786,781,597,234,146,415,517,469,321,152,12,79,125,145,155,154,129,59,58,178,266,260,124,121,401,605,634,432,75,184,732,904,828,527,101,318,614,726,646,443,205,4,154,240,287,338,371,370,277,86,197,483,678,662,408,48,534,886,947,694,177,399,842,1025,891,531,46,385,659,731,636,450,244,72,74,211,366,533,643,639,482,169,227,603,842,847,614,210,243,609,765,681,376,493,440,695,721,513,133,289,630,772,698,59
92,129,542,469,420,371,333,304,286,285,293,858,345,380,415,444,472,487,480,448,417,342,271,181,111,22,49,100,142,172,183,172,156,122,83,27,30,99,162,427,290,339,373,375,366,341,279,213,123,23,75,175,269,343,411,456,482,487,471,443,405,367,310,262,211,172,135,102,74,53,33,10,9,16,38,295,82,111,138,176,208,233,259,267,266,256,226,170,106,35,54,141,239,323,404,463,502,518,498,457,392,297,192,183,14,107,165,191,177,139,71,19,110,203,277,329,350,346,308,258,181,106,25,26,46,10,24,10,13,3,0,5,26,15,96,100,102,108,117,127,139,149,159,163,172,168,161,140,110,72,24,37,109,587,228,282,335,358,370,361,346,316,277,236,193,156,138,123,123,141,168,208,263,331,400,475,557,626,701,756,793,625,838,826,807,767,715,653,587,514,437,383,329,280,248,239,242,265,308,361,411,464,518,553,584,582,569,526,463,382,280,170,61,48,147,237,316,1089,429,451,459,451,444,413,361,303,236,175,98,27,32,76,108,114,107,77,38,15,81,136,192,258,318,372,429,221,552,612,667,717,758,783,796,781,761,52
94,22,181,163,165,192,238,301,371,460,544,635,702,758,791,793,759,690,586,452,288,118,59,223,377,497,583,633,652,626,570,494,414,316,231,143,65,6,32,556,69,64,54,28,0,25,45,59,66,57,35,0,41,100,162,215,267,292,301,292,257,203,134,57,22,90,150,191,206,208,195,187,145,123,99,62,80,94,117,149,184,220,255,288,308,317,299,262,214,141,59,36,135,221,304,360,389,391,360,303,223,139,51,20,66,85,67,13,71,171,281,390,475,531,550,529,470,391,292,195,97,15,44,0,22,34,7,28,16,36,34,1,28,25,91,91,81,79,77,84,91,107,121,127,122,96,50,13,96,195,307,405,492,991,621,643,641,608,561,492,423,352,287,228,181,162,148,150,164,174,199,222,240,243,240,219,186,122,52,37,127,15,338,428,513,573,613,632,632,610,573,529,472,416,364,322,286,271,266,275,307,356,424,495,579,670,753,817,876,887,896,856,788,700,599,487,368,45,122,28,54,113,147,159,149,117,70,19,39,98,140,161,168,152,114,60,7,79,159,242,321,396,471,541,600,152,700,726,739,732,703,658,592,514,437,48
80,111,527,438,324,230,203,245,331,427,484,162,333,114,157,421,618,696,622,412,111,193,430,548,492,302,8,282,528,650,648,532,349,162,29,28,4,82,181,590,282,241,140,5,111,185,193,139,45,53,118,127,56,70,241,406,534,594,576,501,399,301,236,214,225,235,203,133,11,127,241,291,269,173,60,271,66,1,138,316,484,595,634,570,437,274,100,37,102,111,52,29,86,83,9,169,369,543,621,565,393,146,80,128,191,51,151,328,390,309,87,197,448,586,573,423,197,29,179,229,188,96,5,28,12,7,24,7,31,31,21,15,18,22,58,47,37,32,15,17,79,171,283,374,409,347,182,76,360,615,778,785,666,203,155,104,309,430,467,445,382,310,234,162,93,15,60,139,204,254,269,236,145,1,191,399,579,684,684,549,319,174,337,641,844,919,872,716,502,256,25,172,336,429,475,473,449,397,338,272,178,67,92,273,472,626,698,664,491,200,144,495,767,907,908,753,500,89,140,414,616,716,744,687,588,469,347,233,131,14,107,252,407,560,686,759,740,629,425,169,126,413,637,736,717,573,283,50,381,638,779,765,606,340,35,97
13,5,12,220,257,227,258,353,405,254,101,692,757,649,229,293,636,610,268,163,401,301,48,385,457,179,280,631,650,327,136,438,475,295,81,1,56,126,83,147,351,465,371,114,168,320,295,164,47,41,117,178,119,78,330,498,460,234,60,300,398,391,321,246,123,69,308,489,503,318,29,205,273,207,110,100,190,287,248,32,285,539,567,361,14,292,432,376,219,72,17,24,5,144,338,459,368,50,336,538,431,107,188,41,49,145,113,154,432,439,92,387,650,497,52,369,507,317,12,176,184,74,14,16,16,61,29,24,2,0,0,19,3,17,21,13,63,84,40,73,215,293,224,20,336,548,485,122,379,724,698,278,297,1005,732,391,90,442,532,387,133,96,232,277,237,115,52,209,279,205,7,235,393,357,99,282,599,654,361,187,709,620,714,132,521,931,905,503,90,578,766,631,272,110,370,444,382,242,77,126,334,473,426,133,281,626,653,284,300,769,832,419,259,847,1008,645,46,1433,998,812,289,286,651,702,492,190,80,273,415,513,488,281,115,567,827,735,283,318,781,870,548,21,538,740,529,420,471,699,506,22,572,832,647,128,430,37
13,70,413,79,132,209,270,377,440,289,127,852,829,587,38,632,808,453,138,504,412,33,395,349,65,506,592,235,303,626,542,161,200,332,235,115,79,128,116,161,290,438,341,19,297,406,272,33,99,52,54,53,123,346,426,229,140,470,557,384,83,185,346,417,395,252,17,327,515,432,149,159,296,227,84,208,110,181,94,165,435,500,266,131,471,546,333,14,220,275,228,186,191,141,59,359,529,382,40,437,510,220,150,9,104,103,88,145,317,177,218,514,418,29,451,511,193,199,344,191,52,152,50,25,4,20,31,40,22,14,8,42,14,18,25,3,70,133,117,6,202,334,256,47,416,560,333,182,643,702,300,323,733,582,205,326,587,485,150,172,337,321,166,34,201,265,179,15,213,283,162,98,329,357,121,260,551,495,71,481,805,475,31,636,936,669,24,609,831,589,69,395,582,459,176,134,342,411,336,101,228,511,543,236,299,710,677,174,506,869,646,33,702,896,499,214,769,1393,370,274,698,699,336,148,488,582,431,142,201,514,649,505,72,481,841,755,228,441,871,789,250,402,789,651,90,219,712,383,245,710,639,91,550,814,547,112
165,47,176,168,172,191,212,245,258,276,296,591,318,323,339,364,392,414,435,455,478,486,472,459,454,437,420,388,364,346,314,270,229,202,170,125,77,44,9,540,76,113,125,130,150,142,117,78,60,35,30,102,145,189,244,300,341,371,401,434,448,446,448,440,420,381,334,284,227,162,105,67,22,20,44,291,94,113,143,160,178,195,198,176,155,124,79,28,31,76,125,192,252,305,365,426,484,515,531,526,498,446,358,52,131,1,143,280,404,510,594,642,654,627,581,498,403,304,207,124,55,12,7,19,18,33,26,12,25,32,20,37,15,4,69,81,90,95,121,146,175,221,262,318,369,411,452,490,502,500,497,479,450,179,379,342,310,276,247,226,208,199,187,177,164,159,151,136,139,130,137,137,154,169,173,180,185,178,153,123,107,330,56,42,30,42,38,34,43,63,71,69,75,111,136,149,182,243,281,314,351,407,434,470,486,520,542,556,560,568,554,538,505,460,412,362,310,357,248,220,207,217,229,242,261,292,325,357,403,464,541,607,662,732,791,826,841,853,857,842,816,801,792,762,730,289,690,655,612,568,527,482,414,358,319,88
34,8,455,349,276,230,208,215,257,310,384,769,558,633,711,748,769,748,688,589,456,284,100,87,269,407,528,605,633,632,581,509,423,323,227,131,54,11,64,613,84,83,59,26,21,45,73,77,66,35,30,90,159,228,290,334,362,377,373,350,324,277,232,187,140,105,68,51,35,25,28,32,25,17,5,397,110,194,281,379,471,541,583,607,596,557,496,416,328,242,166,99,55,36,37,67,118,187,252,312,359,371,339,40,161,23,138,284,407,493,519,497,423,306,167,30,90,172,216,215,182,126,51,18,17,44,2,1,40,17,7,29,3,24,69,77,83,96,117,139,164,178,195,191,162,120,41,58,173,295,413,522,606,947,697,699,673,629,572,514,452,391,346,303,275,255,236,224,214,187,165,136,85,25,58,150,255,375,497,618,738,430,911,955,982,982,956,908,841,769,687,600,532,464,406,367,343,327,336,356,377,407,429,440,425,385,320,219,89,48,206,361,512,652,754,826,879,1790,886,861,811,749,690,621,561,518,483,471,477,496,552,597,662,730,781,822,848,845,816,765,696,607,501,373,234,361,85,248,416,562,689,791,839,853,830,82
12,97,418,285,194,156,188,245,282,259,127,623,377,635,789,785,601,283,70,360,491,436,213,77,344,503,499,349,108,140,328,416,398,307,193,108,82,129,209,469,324,276,150,14,164,253,263,191,80,22,74,45,42,191,340,453,496,464,362,235,102,0,78,132,195,267,343,403,422,389,303,186,84,16,19,381,147,210,215,136,27,227,415,523,540,455,311,158,37,17,16,11,31,12,71,203,358,477,514,435,263,55,113,64,107,33,155,177,68,144,371,516,500,335,79,173,328,351,263,118,15,85,87,25,16,14,33,5,24,38,29,4,13,11,21,26,44,68,88,83,31,70,213,350,431,398,242,19,325,585,732,708,522,92,69,318,447,462,389,284,177,78,0,73,135,189,214,203,157,78,29,143,262,345,367,292,114,147,433,660,761,540,500,181,174,476,685,756,690,520,289,65,113,229,281,300,312,320,330,313,242,103,94,323,513,610,576,391,85,277,599,799,816,647,329,54,409,1446,788,758,617,402,161,52,213,311,379,421,475,523,544,511,370,148,141,430,653,765,736,578,324,11,302,558,682,314,431,96,270,567,717,673,467,167,155,32
3,105,559,528,345,164,73,8,157,389,577,9,232,249,645,711,395,109,478,502,187,236,452,310,82,461,568,336,95,458,562,389,86,150,232,187,124,133,182,704,108,92,291,377,289,83,100,158,85,20,45,80,261,363,279,34,275,461,466,301,68,136,255,306,312,278,181,11,192,349,375,257,70,75,114,322,65,136,275,349,244,39,364,543,469,184,138,308,288,158,66,80,148,133,22,281,453,392,104,237,417,337,95,90,130,6,101,33,174,343,291,7,316,453,301,18,274,310,152,52,147,96,14,1,7,3,21,35,39,0,32,30,30,10,23,5,57,99,80,22,167,253,191,38,331,505,405,44,402,682,607,212,285,869,643,366,37,356,472,383,166,59,208,257,206,94,42,155,185,121,35,214,303,211,41,360,546,465,107,370,720,563,388,162,656,835,630,157,347,648,641,385,37,247,390,395,300,137,65,271,401,371,134,218,510,544,250,240,664,752,419,181,730,906,615,6,598,1580,732,264,284,643,695,486,139,190,414,510,484,324,60,281,571,672,497,72,413,737,695,325,208,617,687,379,126,18,651,362,155,632,757,465,111,640,841,45
12,30,416,344,160,10,88,243,391,345,13,792,672,334,299,702,513,75,537,445,30,401,298,136,432,276,188,512,391,60,424,428,140,139,208,146,104,145,105,375,337,374,111,231,366,195,59,135,2,108,18,220,348,183,174,451,424,123,233,413,363,157,76,270,371,317,69,265,453,331,12,279,271,72,52,408,150,77,223,457,322,123,522,529,144,288,449,279,17,132,129,125,188,207,12,319,484,242,237,517,328,99,313,66,103,61,208,287,36,476,494,0,523,534,49,406,398,33,256,208,12,121,45,64,31,1,10,8,22,28,6,0,36,10,23,51,96,47,66,163,158,13,201,322,182,179,483,421,44,542,622,169,433,730,358,207,543,425,32,308,376,196,62,234,245,111,86,215,186,9,178,237,74,195,356,216,185,539,495,3,598,592,336,409,854,640,55,670,735,257,343,613,411,21,354,391,209,30,216,316,260,26,305,473,248,272,644,454,210,777,687,39,774,891,274,551,905,608,156,691,676,217,325,567,432,69,268,445,398,159,225,553,567,161,441,776,548,125,713,740,181,496,737,352,311,184,435,199,671,525,88,640,640,101,488,10
8,27,281,116,20,0,15,2,69,227,422,573,658,580,329,11,362,587,613,429,116,199,381,381,195,87,361,528,532,389,164,49,195,243,211,148,111,127,187,316,316,288,191,30,119,206,199,118,4,81,68,37,203,362,458,459,361,206,38,113,203,250,277,306,350,393,405,332,184,0,163,250,230,138,26,16,11,140,317,471,511,426,204,60,314,461,469,365,215,99,71,127,221,259,186,3,250,458,551,483,274,21,167,10,102,67,188,162,36,310,531,567,379,52,280,480,479,321,90,105,180,138,13,21,28,43,25,14,37,1,1,74,6,22,101,109,96,83,63,28,37,134,240,315,312,197,15,275,506,620,564,343,14,670,538,601,505,302,68,128,246,296,289,240,179,101,19,65,142,195,212,173,59,115,308,460,485,356,82,272,601,444,821,634,284,125,489,714,753,620,369,111,109,239,294,299,290,282,253,200,83,90,290,462,545,478,248,105,482,760,819,633,239,232,651,872,862,931,277,89,401,572,610,534,405,269,155,43,81,229,409,560,618,555,355,49,286,574,725,709,500,162,222,527,682,127,407,65,290,567,674,586,326,33,363,112
9,28,328,36,160,250,275,265,139,132,435,165,271,249,651,587,65,478,562,148,315,369,16,382,323,105,489,470,76,334,475,304,10,200,244,185,104,51,9,152,239,255,89,149,268,177,12,60,8,53,53,236,293,129,176,403,387,146,156,362,379,234,4,220,360,368,197,103,368,417,193,102,232,145,29,214,215,213,74,459,574,242,299,631,507,68,321,395,218,33,2,16,74,291,396,172,275,555,393,74,420,351,23,45,69,103,42,227,360,104,354,553,245,287,538,303,144,359,214,58,165,61,66,0,0,28,20,42,26,0,22,14,11,22,46,40,13,72,89,35,77,183,198,37,245,431,291,151,572,577,102,478,696,199,207,564,477,96,274,402,268,16,191,250,162,5,133,165,85,56,153,130,46,246,281,42,335,539,328,228,695,556,138,548,841,528,147,675,699,257,277,555,458,116,216,381,340,153,112,336,385,186,187,473,419,0,483,607,213,436,775,487,247,814,736,81,616,1472,417,222,629,590,206,231,482,463,224,110,398,501,344,27,447,643,424,107,590,663,248,327,615,405,99,483,452,418,456,554,171,424,701,407,240,690,594,4
146,73,246,175,79,19,126,240,345,447,524,232,627,647,642,617,563,481,374,250,118,28,168,284,399,478,536,567,572,553,506,455,392,319,241,168,98,29,28,654,119,153,162,160,151,124,95,63,27,5,44,75,96,119,135,147,164,175,196,220,241,284,311,349,383,423,444,456,457,440,403,343,264,161,48,334,192,302,401,486,545,579,586,577,544,502,438,365,289,205,129,51,11,56,84,90,83,52,14,37,81,118,136,6,92,31,71,177,296,407,504,572,606,592,555,482,388,284,179,84,6,50,81,15,57,25,30,12,22,29,58,26,47,68,27,26,32,49,73,110,149,206,264,327,391,452,510,562,599,628,642,641,629,535,569,527,473,415,366,317,273,234,207,181,167,159,146,139,125,113,103,86,65,43,12,26,72,125,190,257,321,165,455,513,554,589,608,620,614,592,564,520,463,403,334,273,215,173,142,132,136,162,190,242,304,380,458,545,633,706,771,823,855,863,858,828,792,1228,693,649,598,561,522,504,488,483,488,488,510,531,559,586,629,664,694,721,743,751,743,734,701,661,620,578,520,347,409,348,278,192,109,8,81,170,239,85
129,70,99,149,185,244,299,345,396,434,474,741,509,522,528,514,509,490,464,450,429,393,381,357,330,311,291,277,258,240,232,220,205,191,170,144,123,81,32,563,54,101,135,163,185,181,164,142,93,43,26,90,157,228,288,351,387,421,443,455,441,425,400,361,308,259,197,129,70,12,34,83,116,136,153,38,130,114,76,43,13,21,61,85,111,136,149,156,167,175,177,175,178,171,173,186,186,185,196,191,189,186,172,11,102,56,10,73,147,218,287,345,386,421,427,411,387,344,287,226,166,102,50,16,20,29,0,9,2,11,4,6,7,45,23,27,35,40,47,65,87,113,151,197,243,300,360,418,472,521,558,584,599,780,575,545,506,456,401,344,293,245,196,160,131,109,100,102,103,124,149,179,221,266,323,384,442,505,559,608,655,263,713,726,728,713,693,666,626,580,535,481,429,375,315,256,199,137,82,31,4,36,59,61,55,33,5,47,100,156,212,266,317,354,374,391,398,1153,380,353,325,290,243,190,136,70,4,77,161,246,335,417,498,564,612,655,684,684,672,659,622,589,534,483,433,385,332,286,233,191,155,116,88,67,52,16
84,49,428,464,297,116,28,47,208,438,534,320,200,678,758,335,294,661,508,2,401,374,35,420,417,7,475,616,326,187,528,501,204,106,222,179,104,114,174,721,5,239,407,357,108,193,339,277,93,29,5,76,74,117,366,457,256,130,459,533,348,48,190,305,329,290,181,18,246,382,330,126,96,196,173,108,104,148,132,31,301,470,370,28,362,524,371,52,196,244,160,123,172,183,26,272,482,384,2,375,459,206,122,37,117,73,81,100,244,144,161,411,344,13,356,412,162,154,268,133,69,131,16,14,39,8,7,9,7,7,31,22,13,1,70,10,82,157,125,12,191,276,156,125,398,435,139,317,619,501,22,501,677,214,129,527,552,239,162,395,365,159,64,212,240,162,21,132,220,173,6,226,325,180,154,471,497,141,396,733,607,192,572,853,600,20,600,798,520,21,475,618,412,48,258,387,343,200,10,246,419,391,88,346,625,479,62,629,795,381,338,857,797,181,541,902,660,366,581,790,513,25,475,609,419,83,222,407,454,355,92,287,615,662,306,294,773,790,297,378,788,670,114,471,687,462,155,582,566,130,427,701,484,64,572,54
94,116,476,356,251,205,218,219,174,17,237,768,735,778,603,240,186,505,598,416,56,286,454,369,48,348,634,715,550,246,72,292,372,321,232,159,158,212,274,714,218,54,137,300,372,330,224,109,63,91,174,270,299,230,75,133,321,466,511,479,408,295,187,82,21,148,284,406,461,423,295,122,20,75,18,438,172,128,35,294,532,651,579,345,42,224,367,364,272,170,136,188,279,330,276,91,177,424,550,495,289,28,151,50,44,127,205,90,182,476,622,512,174,235,530,584,405,123,107,197,138,22,50,2,10,44,0,17,28,5,31,22,32,19,29,51,48,13,51,145,235,291,267,131,109,383,585,629,452,101,316,650,791,550,403,40,282,470,503,420,262,102,44,135,189,218,187,125,21,104,218,280,252,105,129,405,611,663,496,125,336,390,975,916,612,162,284,612,748,705,527,277,13,210,369,436,424,354,239,99,71,261,435,518,463,229,139,537,791,805,517,47,476,859,995,839,474,483,406,681,754,647,399,108,146,328,414,445,432,404,327,187,45,326,585,737,708,469,92,318,624,723,582,247,181,152,782,732,428,42,513,828,873,658,271,40
354,75,531,403,303,274,302,358,388,332,156,869,407,670,794,752,538,210,123,353,415,272,6,320,561,632,530,267,72,361,540,581,498,351,225,152,161,217,279,778,250,129,31,186,288,312,264,165,76,27,51,141,263,382,461,445,354,202,28,130,245,330,366,390,427,452,450,407,294,147,17,136,182,145,50,291,65,5,147,338,513,602,570,434,223,5,163,247,243,197,148,150,228,348,468,517,451,265,2,260,427,437,318,215,48,85,18,222,418,498,391,123,216,496,613,530,307,47,151,234,197,96,12,53,16,33,32,28,49,2,26,5,22,23,67,52,27,0,46,107,186,252,267,203,35,204,461,647,680,544,256,105,438,1024,721,634,430,190,44,215,319,350,328,270,191,105,21,63,139,199,224,191,95,75,280,475,598,580,401,91,304,224,909,979,845,557,178,209,517,692,741,663,516,332,166,29,82,178,274,370,440,458,376,184,102,414,661,767,669,377,46,505,851,1017,962,682,278,638,564,811,889,812,628,398,176,6,137,255,372,495,597,653,609,457,195,123,436,676,782,732,531,208,157,497,714,168,581,250,175,566,812,853,681,358,29,21
33,79,274,272,238,201,188,223,300,413,544,680,718,710,619,460,235,12,239,401,463,418,281,68,157,361,500,559,528,425,283,135,16,68,84,58,1,54,82,633,7,81,182,276,335,349,313,232,124,8,74,115,98,27,85,219,321,392,414,400,370,331,309,315,336,374,401,399,361,279,175,43,63,125,125,554,38,143,234,261,215,112,22,161,270,338,349,327,274,221,170,154,173,230,314,416,481,501,436,300,116,75,210,29,208,74,91,231,289,229,70,145,358,502,530,451,292,110,44,131,147,107,36,17,66,18,38,10,6,12,7,2,12,29,78,101,110,114,99,64,4,74,182,288,379,428,419,332,194,0,207,399,546,780,631,566,451,306,168,49,39,96,136,166,191,214,225,220,189,131,39,63,187,309,408,466,474,412,279,90,131,83,553,689,748,742,658,529,374,213,60,65,172,247,304,344,378,404,418,423,401,346,248,108,80,293,506,682,793,793,695,492,218,89,366,588,735,1488,774,686,552,392,229,80,49,151,229,287,343,414,498,583,656,682,651,536,357,131,113,329,505,618,664,634,543,531,181,61,306,522,676,743,697,558,356,30
252,37,235,70,34,72,81,97,153,281,451,697,710,682,522,250,77,367,529,536,389,133,151,372,461,406,215,54,326,528,602,560,419,256,114,63,88,165,228,589,136,22,194,339,403,381,279,153,35,30,30,48,167,294,384,408,348,228,87,40,132,172,193,212,259,324,398,437,427,352,219,74,52,126,123,465,30,117,139,90,41,207,366,477,503,440,320,185,66,5,8,17,47,33,36,163,308,425,458,383,214,1,164,62,159,0,175,273,234,50,203,437,541,470,253,13,227,326,286,164,34,46,56,26,12,42,3,8,18,31,11,19,2,22,21,12,60,100,127,127,97,29,86,228,357,444,440,320,108,152,404,575,621,530,363,143,63,227,337,394,401,356,271,155,27,95,186,240,253,231,188,111,13,174,357,500,544,462,247,70,396,195,822,829,699,464,167,126,374,543,616,596,506,377,228,91,32,136,243,354,442,493,485,375,159,127,440,686,799,740,509,161,230,571,797,861,775,578,249,71,365,565,665,644,578,456,344,233,120,15,186,382,569,708,761,695,512,231,85,399,639,761,725,548,254,438,398,613,677,584,361,47,272,540,704,4
170,141,455,422,367,312,293,329,406,492,538,4,385,171,110,387,601,696,631,435,166,126,338,424,368,180,64,318,495,576,546,434,307,166,111,103,144,192,220,647,113,0,141,253,324,323,267,174,57,27,81,43,32,170,308,408,455,418,354,236,154,101,78,77,53,14,93,206,331,415,422,378,263,149,40,119,42,114,258,363,448,437,344,194,3,155,283,310,275,196,104,71,86,189,316,430,482,418,266,39,173,321,339,12,68,106,190,161,0,223,430,529,484,313,59,168,317,345,269,136,10,60,63,12,29,31,18,12,22,10,13,12,9,49,61,35,1,56,117,171,205,188,123,9,173,346,488,557,534,400,193,60,293,857,575,581,502,353,186,25,111,208,262,284,274,253,209,150,78,30,129,254,328,363,326,206,15,242,465,670,755,486,592,332,50,273,504,691,745,710,595,408,247,67,45,152,215,271,341,387,458,442,388,235,11,253,536,719,820,736,542,233,140,468,741,865,877,999,516,248,39,259,443,523,556,544,506,472,417,363,244,92,105,340,556,736,823,805,682,469,205,93,367,574,687,368,504,233,91,410,655,757,726,539,287,56
64,58,429,340,249,142,45,61,158,245,320,136,412,424,415,380,323,247,153,48,60,175,276,370,444,507,542,559,547,518,470,409,335,262,182,110,40,13,51,455,104,113,118,115,103,96,91,75,68,67,54,45,28,15,0,26,46,68,100,135,172,209,252,299,335,377,402,424,424,416,381,336,273,187,94,386,108,211,308,395,458,510,537,544,527,491,430,362,282,197,108,23,46,103,147,160,157,128,85,27,31,87,134,96,168,143,94,25,69,166,263,356,421,467,478,457,411,345,262,176,97,25,29,1,10,7,41,1,7,2,16,22,33,4,4,15,28,42,57,66,72,75,68,52,30,8,45,94,139,188,234,273,307,707,351,359,364,352,340,320,292,269,239,211,179,156,133,128,136,153,180,228,281,337,406,467,533,586,624,657,674,500,686,673,662,641,621,595,558,525,490,448,412,372,341,313,302,300,309,332,364,403,442,478,513,543,567,567,562,542,511,464,405,346,278,205,133,183,10,38,76,95,99,90,71,24,17,80,141,204,267,324,376,416,440,458,463,444,421,386,331,270,193,120,27,455,156,249,327,405,483,521,566,595,592,70
64,45,185,180,196,225,258,299,353,404,467,708,565,611,627,649,636,601,553,479,396,278,170,44,79,189,286,364,419,446,453,417,360,275,172,56,42,147,252,442,377,418,426,405,374,333,261,188,110,11,78,167,249,328,383,425,454,453,434,410,373,327,285,250,212,178,163,150,139,129,112,87,61,26,15,264,116,171,227,285,318,359,383,381,381,354,307,245,168,80,20,120,213,309,388,448,484,501,486,440,373,279,171,114,50,135,204,234,224,186,121,29,67,158,231,276,302,291,256,205,137,72,9,21,10,9,1,2,5,19,32,14,19,30,8,15,23,32,46,66,95,132,182,242,302,363,434,493,548,598,630,644,659,730,635,609,576,530,486,438,389,346,303,267,232,210,198,180,177,180,182,185,197,203,205,210,207,185,161,131,80,323,26,83,145,186,216,242,250,245,229,211,190,165,138,101,65,34,1,24,54,74,82,54,29,23,89,173,256,371,470,557,632,709,757,801,841,1544,824,804,770,717,672,614,548,482,451,417,391,370,367,371,389,426,459,488,530,550,594,633,669,679,691,690,678,244,638,605,559,513,461,414,368,315,275,103
222,56,532,420,296,227,238,304,377,423,357,436,105,419,663,775,716,494,182,132,342,402,297,62,224,481,626,625,487,248,7,220,334,342,277,186,119,110,149,232,309,360,349,277,161,29,74,112,94,19,81,151,133,74,57,223,362,436,462,443,383,325,288,254,207,138,28,117,262,378,443,426,347,228,114,20,74,177,317,439,492,419,246,8,221,373,430,387,299,203,161,180,256,354,409,382,243,39,207,419,495,433,259,196,138,168,44,153,361,448,351,120,181,424,534,465,279,56,119,197,159,62,38,5,16,0,20,3,21,8,14,19,13,8,61,63,40,2,53,122,196,264,293,263,138,76,333,565,706,698,538,265,60,823,578,673,648,516,326,112,70,207,291,318,291,238,171,77,14,117,215,299,330,290,175,19,282,542,724,778,677,471,49,335,653,858,908,806,596,329,45,216,396,499,525,494,418,337,253,156,29,132,322,513,638,655,515,238,130,523,837,988,933,671,264,204,610,1825,966,884,672,400,108,144,323,451,524,555,557,549,504,409,263,51,225,519,764,895,870,683,365,5,373,638,771,418,509,176,197,544,774,814,674,397,47,68
211,74,54,249,266,239,212,140,74,389,552,269,111,584,663,267,294,578,391,81,384,263,142,400,245,217,550,448,34,474,563,258,129,328,267,109,30,46,37,73,268,331,169,124,338,309,104,90,104,28,10,134,259,229,34,329,441,271,14,255,332,298,171,0,217,372,366,144,167,375,333,120,97,162,99,20,86,186,181,34,335,473,276,128,447,444,171,127,240,176,94,105,143,41,217,431,347,37,433,479,143,248,341,190,154,120,131,249,29,333,416,80,374,489,161,270,399,172,119,197,88,11,2,27,21,4,18,9,13,25,29,28,18,11,74,33,58,120,109,0,153,259,180,85,385,443,139,355,640,457,112,613,678,2,345,645,467,11,385,453,234,67,256,252,122,43,160,189,94,84,230,213,1,282,390,191,236,573,516,19,566,459,454,239,792,789,264,413,772,621,103,391,593,427,73,247,392,352,155,115,372,436,218,218,560,513,34,540,749,358,359,834,674,13,694,847,387,935,781,655,108,459,668,447,4,351,476,388,170,138,445,588,396,90,602,763,415,223,724,719,213,423,714,467,132,102,567,48,514,655,262,357,692,514,19,95
259,95,435,349,230,127,5,103,191,276,331,420,358,306,251,171,75,30,131,230,322,363,409,413,390,367,299,250,188,136,92,60,47,32,62,97,140,194,230,106,321,349,371,370,364,327,289,216,135,53,62,147,264,341,418,481,502,524,496,470,428,380,334,279,252,203,201,177,168,167,146,140,96,60,15,339,119,205,285,364,442,509,542,562,550,512,456,367,269,158,51,53,149,220,276,281,286,245,191,116,25,45,114,231,163,139,74,15,132,237,358,452,511,539,518,469,390,298,191,102,23,38,64,20,35,4,31,23,25,0,13,30,18,10,51,61,81,103,126,161,199,235,269,287,295,285,256,207,142,65,22,103,191,651,325,372,399,407,404,388,358,331,295,259,238,213,203,198,205,218,251,279,319,363,400,451,478,517,525,510,503,372,417,341,264,177,91,19,51,95,138,135,138,119,100,67,20,5,26,38,38,26,1,59,117,198,294,389,511,613,722,814,903,962,1003,1028,1014,1825,945,891,816,727,669,572,529,465,445,444,454,506,545,622,680,750,793,828,870,854,856,816,767,735,632,570,459,334,235,96,33,173,293,412,499,553,600,70
64,2,330,396,362,320,320,390,480,496,373,597,307,690,915,888,611,184,240,499,499,276,58,339,434,302,1,361,606,671,537,286,26,142,191,154,92,87,167,166,439,495,431,244,1,207,323,312,207,82,7,25,128,260,368,390,309,148,21,179,298,341,370,375,377,341,259,119,66,243,368,388,316,198,86,202,95,190,277,262,127,103,351,529,566,460,260,68,54,81,35,3,49,191,377,522,532,363,63,257,464,476,307,156,114,134,1,190,314,263,38,253,462,500,343,75,169,291,261,135,5,93,101,25,0,31,28,34,16,19,40,71,29,20,66,93,95,60,11,107,219,289,276,158,64,329,553,643,531,241,152,517,724,781,496,161,178,424,508,451,303,134,17,114,182,208,203,174,104,10,151,271,331,267,79,204,493,692,690,474,69,14,770,946,865,551,106,320,632,744,683,484,230,22,202,335,413,453,438,370,202,52,340,581,692,587,291,153,595,889,914,670,187,359,806,1021,938,709,134,333,651,781,714,503,248,11,179,318,428,536,602,590,451,185,175,545,801,859,689,340,91,472,688,675,445,440,319,601,681,530,187,229,576,768,735,103
8,59,486,267,88,5,44,170,374,612,719,119,184,344,788,928,691,199,316,592,525,169,229,450,347,0,399,627,556,234,167,454,513,379,174,38,10,40,35,360,255,428,450,299,48,201,316,261,116,14,41,55,207,303,273,115,128,345,462,439,313,132,45,188,298,361,364,299,154,43,220,305,259,127,22,240,68,183,210,93,136,384,500,430,191,87,289,335,250,134,88,125,175,152,23,292,505,521,290,78,371,426,242,219,162,71,161,321,246,53,396,542,390,30,315,446,322,72,125,180,102,1,27,17,40,7,7,6,5,24,6,37,23,15,46,76,84,52,29,131,225,222,90,157,420,553,437,78,384,723,763,461,31,853,702,617,314,49,329,434,379,226,26,145,248,279,215,90,70,219,309,280,126,133,381,496,398,64,371,711,775,425,17,548,860,844,514,17,428,670,651,425,111,177,346,399,353,256,124,58,273,474,548,414,51,396,727,763,423,139,680,936,768,247,388,858,952,838,146,391,717,752,516,180,132,336,440,464,434,321,100,218,555,767,729,428,60,540,834,828,516,30,447,718,664,523,200,602,694,416,99,592,812,661,229,51
126,22,412,330,211,102,12,126,222,297,347,243,385,364,311,237,149,44,63,174,275,357,419,470,481,477,445,391,321,247,171,107,47,11,2,17,46,94,147,194,279,314,354,367,365,346,305,242,168,80,17,120,216,305,380,442,475,496,485,451,400,342,274,227,166,122,99,84,81,75,76,71,64,45,15,259,78,140,217,289,369,430,479,514,522,501,443,372,273,154,37,80,189,277,335,362,359,322,261,176,88,1,68,14,130,109,49,48,149,272,389,481,544,566,550,490,403,308,200,103,26,25,47,25,40,14,17,42,14,0,8,25,36,38,37,55,78,112,155,200,250,296,349,385,415,434,426,398,363,306,241,166,87,382,46,98,130,153,162,159,157,138,130,119,119,112,121,138,168,200,245,294,350,407,464,517,565,600,627,640,643,572,608,571,523,467,400,334,270,212,159,125,102,94,99,116,138,161,177,198,204,200,176,145,92,32,38,133,231,343,459,580,690,782,862,913,939,1748,907,869,801,731,652,585,522,479,451,443,451,494,538,599,676,736,805,857,893,916,911,906,869,831,769,700,616,372,411,296,168,31,105,231,352,440,495,60
1,82,268,211,197,225,291,373,444,496,503,156,365,220,42,153,327,472,553,564,494,356,152,59,281,469,604,656,648,581,467,346,222,134,87,96,141,219,306,713,448,473,445,378,284,170,69,7,41,26,30,115,218,318,403,465,493,500,467,425,384,347,352,374,420,464,493,497,474,417,342,258,180,116,84,187,131,210,320,430,520,573,578,535,458,351,244,142,89,64,95,159,256,342,415,435,399,305,168,14,136,236,278,51,139,14,161,280,338,314,202,39,149,319,440,491,461,378,266,150,56,0,10,41,12,26,15,30,4,30,5,2,27,18,11,20,61,109,158,206,240,252,242,195,102,25,180,351,505,634,713,737,710,515,517,370,218,74,51,150,220,259,282,283,289,285,278,268,244,210,164,94,12,85,213,349,494,628,728,780,772,381,578,412,220,27,157,331,448,539,577,574,540,488,437,397,375,367,376,376,380,361,316,221,66,133,357,578,774,895,966,949,847,677,462,206,36,885,463,594,688,726,723,693,650,590,549,508,504,512,543,553,557,490,387,232,26,197,413,609,753,843,862,800,694,320,332,115,100,305,479,622,695,710,673,26
313,105,449,382,322,318,353,422,504,546,529,179,241,6,272,518,668,688,572,351,50,217,411,469,392,195,74,337,546,655,645,542,382,234,130,90,126,193,261,720,274,196,72,70,180,260,267,230,150,48,34,80,68,5,122,265,398,477,506,479,420,360,327,327,346,348,308,216,79,77,207,280,288,234,135,502,11,3,63,178,318,441,523,549,505,421,309,201,123,87,115,158,206,218,153,20,164,355,507,567,512,356,158,82,117,90,34,209,360,416,347,165,83,305,458,490,418,279,126,1,71,88,63,51,30,3,15,15,47,25,19,37,6,11,56,19,29,89,144,189,203,175,98,32,208,397,567,669,672,560,349,72,214,786,633,694,649,526,354,186,27,98,176,223,243,244,235,213,172,111,24,81,206,325,397,417,364,225,16,243,498,282,839,861,759,559,289,1,257,456,571,611,585,516,426,331,248,165,71,27,162,316,462,590,664,645,516,286,38,387,693,909,970,866,624,285,70,1136,642,774,812,756,631,458,304,160,39,54,139,228,340,489,627,734,771,717,542,268,46,348,602,754,788,695,501,438,93,395,628,748,741,605,367,75,186,105
30,0,437,367,316,272,242,228,223,230,244,831,295,329,357,389,420,447,470,482,488,475,451,406,357,296,228,166,93,38,5,36,40,18,7,44,97,155,214,109,290,325,314,306,286,240,187,123,50,24,109,180,245,318,364,396,408,410,374,318,253,184,97,2,83,162,228,269,303,303,292,267,222,175,111,193,11,60,113,149,183,201,209,207,197,183,171,153,132,133,134,152,175,217,262,319,361,403,425,428,409,364,286,117,75,46,173,288,382,455,497,512,498,456,393,314,235,163,86,34,2,27,43,21,3,3,5,1,24,32,17,27,31,4,47,53,60,68,85,111,144,186,236,301,367,439,508,572,630,678,716,728,733,735,711,678,648,606,565,514,467,423,373,333,289,267,237,221,215,209,216,222,237,253,264,271,275,271,255,246,219,346,158,128,90,54,25,9,30,48,61,68,61,52,26,8,27,70,108,152,181,209,206,199,179,136,68,11,96,187,275,386,474,559,629,687,733,1509,783,781,762,729,685,639,568,504,438,367,302,249,205,184,165,166,172,196,220,258,296,340,381,427,481,536,587,11,694,741,781,810,823,822,802,767,719,7
102,75,160,102,85,101,161,255,338,427,488,113,486,406,275,105,81,262,412,523,560,538,441,282,91,127,315,487,605,663,653,586,482,364,230,120,40,6,10,360,63,123,200,240,272,277,253,195,112,20,83,173,247,299,331,323,296,248,203,149,124,113,114,145,178,214,246,255,247,219,172,115,64,33,36,370,137,233,339,444,527,584,601,585,533,448,359,271,202,152,145,178,247,332,432,518,566,584,544,462,336,193,47,126,112,104,22,102,254,403,519,576,564,487,356,201,50,72,152,181,165,114,49,0,9,5,1,47,8,12,7,2,6,5,30,18,5,38,80,137,203,268,331,391,435,447,435,373,286,158,16,134,282,738,511,581,619,614,577,527,463,389,312,248,188,139,100,69,29,14,70,131,208,286,363,446,508,555,586,570,527,496,325,172,4,169,331,471,582,651,681,685,648,589,525,460,408,383,387,403,439,462,481,462,403,308,159,15,223,438,639,816,958,1039,1057,1018,924,1056,620,435,263,111,16,93,147,169,162,142,129,144,162,236,336,459,602,728,836,906,933,917,849,745,595,425,220,417,186,386,554,685,779,801,788,720,616,15
147,159,114,116,121,179,248,316,406,516,598,633,766,809,831,838,793,726,624,486,330,175,4,179,316,458,566,627,675,687,639,569,486,367,242,120,9,118,196,712,308,322,323,305,281,245,215,165,119,86,37,2,20,47,61,63,79,85,91,111,141,172,224,279,327,369,419,438,450,449,418,369,304,218,132,299,60,150,233,302,355,375,379,370,332,282,239,192,151,126,113,122,152,200,256,323,381,432,471,471,442,399,314,155,74,60,193,302,389,444,451,434,372,276,177,73,21,94,137,159,154,127,87,18,9,46,50,10,12,18,8,12,8,13,53,67,84,96,130,164,202,250,307,354,408,460,494,520,537,521,500,467,412,2,296,233,171,124,76,47,25,0,20,20,37,40,51,59,80,89,113,144,187,228,292,375,457,549,649,734,806,555,906,928,927,903,864,824,747,685,616,540,475,422,389,369,376,382,419,456,500,533,573,597,613,612,589,552,507,427,334,222,97,29,153,278,372,1147,522,558,573,561,522,481,432,355,285,220,159,110,91,81,97,128,178,246,317,381,455,523,588,643,694,732,762,248,801,791,773,737,692,613,539,456,355,40
28,18,423,346,306,295,324,388,475,574,671,595,785,780,721,616,467,287,91,90,246,369,433,442,408,323,208,88,33,131,198,235,221,185,124,44,49,129,193,615,268,258,241,195,135,75,4,35,65,52,25,43,111,198,277,337,379,390,377,348,309,277,252,248,257,280,316,343,369,374,372,330,281,213,123,494,60,144,214,260,274,255,208,145,72,2,42,71,59,10,65,165,265,357,428,464,451,402,308,191,66,42,127,44,142,75,34,162,287,377,429,436,385,288,168,50,56,130,166,161,127,70,12,9,10,24,31,30,7,5,9,6,12,23,65,61,61,57,53,34,6,57,130,223,332,439,542,626,677,696,676,618,534,117,305,184,79,19,91,134,167,184,192,180,175,177,177,190,205,226,253,274,281,263,237,178,89,20,159,306,450,229,706,801,858,887,878,834,778,703,619,537,467,404,355,331,317,303,297,282,255,208,135,44,90,234,400,565,721,845,933,982,983,924,823,691,538,328,202,48,84,190,268,304,319,304,281,250,235,243,277,345,451,559,681,791,879,923,933,894,837,732,612,473,319,506,11,181,352,505,640,737,799,809,777,32
50,2,553,423,321,283,320,358,380,327,170,833,335,592,767,815,711,474,167,134,360,445,377,182,95,355,542,600,527,355,147,53,184,234,214,155,95,64,90,86,264,352,401,398,324,211,76,27,75,49,35,142,234,279,261,176,58,66,169,230,267,278,300,329,364,411,434,415,346,224,79,48,131,144,96,480,90,127,94,7,163,333,464,518,489,388,253,126,51,41,86,159,200,190,99,67,263,439,533,510,382,187,6,55,151,67,74,199,244,181,16,202,384,476,454,317,131,31,144,163,113,32,48,21,23,30,3,5,41,6,24,40,16,10,32,18,10,54,120,181,234,239,192,68,114,325,522,648,663,550,321,28,270,859,652,674,595,435,247,69,81,188,247,265,265,238,191,129,48,44,152,255,333,353,295,156,56,307,556,730,800,537,542,249,99,424,677,824,847,746,571,359,166,8,128,217,287,352,420,481,495,442,308,58,224,519,750,872,831,621,279,133,527,835,990,979,790,484,129,213,480,642,710,698,630,547,456,359,248,96,89,320,555,756,879,887,759,509,181,181,507,747,849,815,635,589,6,335,612,753,743,571,277,74,389,7
59,217,78,89,143,195,271,356,452,544,633,607,779,834,857,852,827,761,679,565,434,300,140,2,139,261,355,431,475,489,473,422,350,256,149,36,75,173,262,658,394,430,449,444,417,369,309,234,148,46,50,151,251,329,398,449,479,488,479,451,414,365,309,259,216,175,146,117,98,84,75,62,45,24,4,220,71,113,155,187,217,241,252,253,239,220,184,128,69,2,87,170,265,361,439,511,563,592,590,559,495,404,303,102,54,62,161,239,289,298,282,238,171,88,7,68,128,163,173,169,134,93,41,16,17,38,20,29,10,4,2,47,27,16,1,40,76,117,157,204,254,305,359,418,472,521,562,597,617,620,617,594,566,339,475,428,368,322,283,231,195,169,148,124,99,91,77,71,70,66,61,57,40,18,12,58,107,175,245,322,390,92,527,585,623,650,666,660,640,609,565,511,454,390,326,270,210,162,127,102,103,112,139,181,244,317,405,504,602,697,790,869,944,982,1009,1011,995,1762,903,837,766,686,610,550,487,444,412,416,416,441,478,533,593,654,716,776,824,861,881,896,903,894,877,853,816,259,723,672,615,543,475,398,325,256,196,45
41,192,458,368,274,188,149,144,184,263,384,656,630,724,775,761,659,501,289,50,174,357,466,479,420,288,107,92,275,421,500,526,494,410,312,205,116,49,11,488,37,80,136,185,217,230,208,153,85,1,72,148,188,205,185,149,99,39,2,43,61,68,77,72,74,84,102,140,170,210,236,241,212,159,81,412,94,170,206,209,158,82,19,128,220,287,311,290,243,159,82,7,39,35,22,116,242,369,466,518,498,407,270,235,47,153,179,127,0,172,354,501,580,583,505,374,224,79,28,87,92,62,6,28,34,71,28,0,41,54,20,15,25,17,12,12,25,44,79,130,199,275,344,393,415,390,311,197,44,126,302,454,573,843,661,640,575,489,391,294,199,127,68,25,10,43,70,89,122,152,187,223,239,242,216,154,52,83,255,431,619,412,877,926,917,848,739,588,430,272,123,0,86,170,216,238,254,263,274,304,354,418,496,560,599,593,525,381,183,68,337,589,807,956,1042,1030,945,1137,624,422,238,66,69,158,207,221,221,208,211,235,295,371,482,600,712,787,829,817,741,615,435,223,14,251,469,62,765,810,772,660,486,258,25,197,370,56
131,149,450,335,210,90,20,107,181,215,223,390,165,80,4,100,201,308,398,451,471,457,399,310,198,60,67,184,270,337,365,358,323,261,179,84,13,113,204,756,370,422,451,462,454,414,355,276,196,119,38,15,53,70,84,83,80,81,93,120,141,181,228,279,326,367,401,420,422,413,374,334,273,207,135,279,11,24,46,41,14,13,63,113,148,172,170,154,102,41,47,139,240,341,426,488,534,546,521,459,372,262,148,172,47,92,102,60,16,127,244,363,461,516,526,490,415,320,208,103,19,44,75,18,23,6,16,6,2,6,50,8,16,38,51,67,91,120,153,193,231,267,296,312,315,298,259,197,119,19,93,202,305,745,467,502,525,519,494,448,393,346,303,258,224,209,205,207,218,233,248,260,266,251,233,194,133,57,38,144,247,45,457,549,631,687,728,742,742,728,693,646,585,525,462,409,374,352,357,382,423,480,544,614,674,716,738,729,683,622,516,393,257,105,45,192,320,1145,521,580,600,589,566,509,440,380,324,280,260,283,310,374,453,533,624,694,757,802,830,839,840,820,792,736,681,462,484,354,203,38,129,287,422,533,598,67
123,20,121,73,139,173,229,321,362,249,65,713,722,644,229,321,672,618,227,229,411,236,141,393,309,49,425,557,357,30,347,443,314,106,51,79,57,60,135,487,280,170,61,312,425,325,87,129,202,121,14,16,135,272,264,94,162,355,382,285,128,4,127,250,348,370,244,1,266,412,364,179,34,143,125,361,46,135,264,291,141,144,399,475,331,61,167,251,217,161,159,186,146,29,284,468,422,150,226,462,418,148,134,1,110,43,57,107,281,263,6,343,474,287,84,355,354,128,110,180,102,2,13,42,19,29,17,12,10,28,4,29,73,16,38,33,3,76,139,141,33,147,293,304,115,213,487,527,264,194,567,649,375,483,472,577,380,32,286,422,354,149,88,257,293,207,46,113,201,195,99,73,228,280,157,122,420,525,319,134,594,421,514,28,567,800,622,158,347,636,600,314,51,317,414,356,223,56,138,320,423,344,53,327,574,502,100,414,723,611,125,462,808,697,198,393,742,1139,271,232,568,584,334,20,286,393,376,277,143,58,322,557,598,331,154,622,788,557,41,486,723,571,127,380,651,253,82,430,680,500,5,509,690,442,21,88
45,25,429,343,244,148,53,34,92,146,175,515,174,132,82,4,66,148,222,294,350,395,419,411,399,370,325,270,206,146,96,56,29,19,32,58,100,146,192,183,274,293,304,301,282,255,209,155,102,40,28,89,166,227,287,338,371,379,374,353,322,274,221,169,123,86,48,18,9,20,35,39,46,53,55,70,84,110,140,175,216,251,283,299,305,289,242,192,116,34,55,148,235,307,364,407,427,422,392,339,269,184,94,59,59,111,132,120,74,3,79,169,250,316,358,369,354,313,256,187,122,54,3,6,6,8,25,16,9,5,11,35,18,2,19,12,5,8,20,33,57,91,129,177,235,294,365,433,503,562,613,649,672,732,663,637,600,547,496,441,388,342,293,255,225,199,180,170,160,157,165,173,174,170,158,136,92,39,32,111,189,22,349,416,464,504,530,537,538,522,498,456,428,380,340,302,266,236,218,215,227,258,300,364,438,520,599,683,757,816,855,872,868,847,804,746,674,941,526,456,390,336,294,261,260,259,287,319,365,419,488,544,607,649,684,699,699,675,637,587,530,452,374,282,186,369,33,141,255,350,452,537,593,621,632,2
95,6,526,399,301,240,251,308,423,536,623,109,618,477,274,32,211,415,545,572,487,294,52,221,457,624,695,655,541,351,163,16,150,204,195,132,42,60,128,741,133,57,37,147,225,274,270,225,144,38,48,112,156,134,97,18,80,160,241,279,302,306,306,314,337,373,412,438,433,402,353,288,218,156,122,101,133,178,267,353,428,469,466,408,317,205,104,33,8,20,73,142,200,232,207,120,7,174,328,443,471,419,289,125,35,137,152,77,73,258,417,513,513,423,258,70,97,208,244,216,148,68,2,3,2,26,13,23,15,37,1,23,5,9,23,20,4,31,85,153,230,301,348,359,317,215,69,120,319,512,660,741,749,584,549,369,174,15,165,272,329,350,344,310,277,239,208,165,124,61,9,103,217,332,445,514,549,486,345,130,120,14,634,820,937,956,907,777,601,396,198,18,122,220,268,287,296,308,349,390,448,497,513,481,367,201,44,306,580,818,975,1036,962,782,509,193,133,1261,637,773,805,770,682,564,461,369,308,272,257,248,215,134,0,181,395,612,780,882,891,824,671,457,204,65,314,75,697,788,773,658,457,191,75,345,531,21
